ISO-10303-21;
HEADER;
/* Generated by software containing ST-Developer
 * from STEP Tools, Inc. (www.steptools.com) 
 */
/* OPTION: using custom renumber hook */

FILE_DESCRIPTION(
/* description */ ('STEP AP242 Edition 2',
'CAx-IF Rec.Pracs.---Representation and Presentation of Product Manufa
cturing Information (PMI)---4.0---2014-10-13',
'CAx-IF Rec.Pracs.---3D Tessellated Geometry---0.4---2014-09-14','2;1',
'CAx-IF Rec.Pracs.---User Defined Attributes---1.5---2016-08-15'),
/* implementation_level */ '2;1');

FILE_NAME(
/* name */ 'g-babies',
/* time_stamp */ '2026-08-07T03:12:02Z',
/* author */ (''),
/* organization */ (''),
/* preprocessor_version */ 'ST-DEVELOPER v20',
/* originating_system */ 'ONSHAPE BY PTC INC, 1.218',
/* authorisation */ '  ');

FILE_SCHEMA (('AP242_MANAGED_MODEL_BASED_3D_ENGINEERING_MIM_LF { 1 0 10303 442 3 1 4 }'));
ENDSEC;

DATA;
#10=MANIFOLD_SURFACE_SHAPE_REPRESENTATION('',(#80),#235);
#11=PLANE('',#153);
#12=PLANE('',#154);
#13=CIRCLE('',#148,0.00635);
#14=CIRCLE('',#149,0.00635);
#15=CIRCLE('',#151,0.00381);
#16=CIRCLE('',#152,0.00381);
#17=ORIENTED_EDGE('',*,*,#33,.F.);
#18=ORIENTED_EDGE('',*,*,#34,.F.);
#19=ORIENTED_EDGE('',*,*,#35,.F.);
#20=ORIENTED_EDGE('',*,*,#36,.T.);
#21=ORIENTED_EDGE('',*,*,#37,.T.);
#22=ORIENTED_EDGE('',*,*,#38,.T.);
#23=ORIENTED_EDGE('',*,*,#39,.F.);
#24=ORIENTED_EDGE('',*,*,#40,.T.);
#25=ORIENTED_EDGE('',*,*,#39,.T.);
#26=ORIENTED_EDGE('',*,*,#41,.T.);
#27=ORIENTED_EDGE('',*,*,#42,.F.);
#28=ORIENTED_EDGE('',*,*,#36,.F.);
#29=ORIENTED_EDGE('',*,*,#43,.F.);
#30=ORIENTED_EDGE('',*,*,#37,.F.);
#31=ORIENTED_EDGE('',*,*,#34,.T.);
#32=ORIENTED_EDGE('',*,*,#44,.T.);
#33=EDGE_CURVE('',#45,#46,#53,.T.);
#34=EDGE_CURVE('',#47,#45,#13,.T.);
#35=EDGE_CURVE('',#48,#47,#54,.T.);
#36=EDGE_CURVE('',#48,#46,#14,.T.);
#37=EDGE_CURVE('',#49,#50,#15,.T.);
#38=EDGE_CURVE('',#50,#51,#55,.T.);
#39=EDGE_CURVE('',#52,#51,#16,.T.);
#40=EDGE_CURVE('',#52,#49,#56,.T.);
#41=EDGE_CURVE('',#51,#52,#57,.T.);
#42=EDGE_CURVE('',#46,#48,#58,.F.);
#43=EDGE_CURVE('',#50,#49,#59,.F.);
#44=EDGE_CURVE('',#45,#47,#60,.T.);
#45=VERTEX_POINT('',#179);
#46=VERTEX_POINT('',#180);
#47=VERTEX_POINT('',#182);
#48=VERTEX_POINT('',#187);
#49=VERTEX_POINT('',#191);
#50=VERTEX_POINT('',#192);
#51=VERTEX_POINT('',#197);
#52=VERTEX_POINT('',#199);
#53=B_SPLINE_CURVE_WITH_KNOTS('',3,(#175,#176,#177,#178),.UNSPECIFIED.,
 .F.,.F.,(4,4),(0.,0.0254),.UNSPECIFIED.);
#54=B_SPLINE_CURVE_WITH_KNOTS('',3,(#183,#184,#185,#186),.UNSPECIFIED.,
 .F.,.F.,(4,4),(0.,0.0254),.UNSPECIFIED.);
#55=B_SPLINE_CURVE_WITH_KNOTS('',3,(#193,#194,#195,#196),.UNSPECIFIED.,
 .F.,.F.,(4,4),(0.,0.0254),.UNSPECIFIED.);
#56=B_SPLINE_CURVE_WITH_KNOTS('',3,(#200,#201,#202,#203),.UNSPECIFIED.,
 .F.,.F.,(4,4),(0.,0.0254),.UNSPECIFIED.);
#57=B_SPLINE_CURVE_WITH_KNOTS('',3,(#205,#206,#207,#208,#209),
 .UNSPECIFIED.,.F.,.F.,(4,1,4),(0.,0.5,1.),.UNSPECIFIED.);
#58=B_SPLINE_CURVE_WITH_KNOTS('',3,(#210,#211,#212,#213,#214,#215,#216,
#217,#218),.UNSPECIFIED.,.F.,.F.,(4,1,1,1,1,1,4),(0.,0.125,0.25,0.5,0.75,
0.875,1.),.UNSPECIFIED.);
#59=B_SPLINE_CURVE_WITH_KNOTS('',3,(#220,#221,#222,#223,#224),
 .UNSPECIFIED.,.F.,.F.,(4,1,4),(0.,0.5,1.),.UNSPECIFIED.);
#60=B_SPLINE_CURVE_WITH_KNOTS('',3,(#225,#226,#227,#228,#229,#230,#231,
#232,#233),.UNSPECIFIED.,.F.,.F.,(4,1,1,1,1,1,4),(0.,0.125,0.25,0.5,0.75,
0.875,1.),.UNSPECIFIED.);
#61=EDGE_LOOP('',(#17,#18,#19,#20));
#62=EDGE_LOOP('',(#21,#22,#23,#24));
#63=EDGE_LOOP('',(#25,#26));
#64=EDGE_LOOP('',(#27,#28));
#65=EDGE_LOOP('',(#29,#30));
#66=EDGE_LOOP('',(#31,#32));
#67=FACE_BOUND('',#61,.T.);
#68=FACE_BOUND('',#62,.T.);
#69=FACE_BOUND('',#63,.T.);
#70=FACE_BOUND('',#64,.T.);
#71=FACE_BOUND('',#65,.T.);
#72=FACE_BOUND('',#66,.T.);
#73=CYLINDRICAL_SURFACE('',#147,0.00635);
#74=CYLINDRICAL_SURFACE('',#150,0.00381);
#75=ADVANCED_FACE('',(#67),#73,.T.);
#76=ADVANCED_FACE('',(#68),#74,.F.);
#77=ADVANCED_FACE('',(#69,#70),#11,.F.);
#78=ADVANCED_FACE('',(#71,#72),#12,.T.);
#79=OPEN_SHELL('',(#75,#76,#77,#78));
#80=SHELL_BASED_SURFACE_MODEL('Curve',(#79));
#81=SHAPE_REPRESENTATION_RELATIONSHIP('','',#142,#83);
#82=SHAPE_REPRESENTATION_RELATIONSHIP('','',#142,#10);
#83=TESSELLATED_SHAPE_REPRESENTATION('',(#136,#137),#235);
#84=PROPERTY_DEFINITION_REPRESENTATION(#93,#87);
#85=PROPERTY_DEFINITION_REPRESENTATION(#94,#88);
#86=PROPERTY_DEFINITION_REPRESENTATION(#95,#89);
#87=REPRESENTATION('HYBRID_SOURCE_ID',(#90),$);
#88=REPRESENTATION('HYBRID_SOURCE_ID',(#91),$);
#89=REPRESENTATION('HYBRID_SOURCE_ID',(#92),$);
#90=DESCRIPTIVE_REPRESENTATION_ITEM('222','222');
#91=DESCRIPTIVE_REPRESENTATION_ITEM('222','222');
#92=DESCRIPTIVE_REPRESENTATION_ITEM('222','222');
#93=PROPERTY_DEFINITION('HYBRID_SOURCE_ID','HYBRID_SOURCE_ID',$);
#94=PROPERTY_DEFINITION('HYBRID_SOURCE_ID','HYBRID_SOURCE_ID',$);
#95=PROPERTY_DEFINITION('HYBRID_SOURCE_ID','HYBRID_SOURCE_ID',$);
#96=STYLED_ITEM('',(#101),#132);
#97=STYLED_ITEM('',(#102),#136);
#98=STYLED_ITEM('',(#103),#133);
#99=STYLED_ITEM('',(#104),#137);
#100=STYLED_ITEM('',(#105),#80);
#101=PRESENTATION_STYLE_ASSIGNMENT((#106));
#102=PRESENTATION_STYLE_ASSIGNMENT((#107));
#103=PRESENTATION_STYLE_ASSIGNMENT((#108));
#104=PRESENTATION_STYLE_ASSIGNMENT((#109));
#105=PRESENTATION_STYLE_ASSIGNMENT((#110));
#106=SURFACE_STYLE_USAGE(.BOTH.,#111);
#107=SURFACE_STYLE_USAGE(.BOTH.,#112);
#108=SURFACE_STYLE_USAGE(.BOTH.,#113);
#109=SURFACE_STYLE_USAGE(.BOTH.,#114);
#110=SURFACE_STYLE_USAGE(.BOTH.,#115);
#111=SURFACE_SIDE_STYLE('',(#116));
#112=SURFACE_SIDE_STYLE('',(#117));
#113=SURFACE_SIDE_STYLE('',(#118));
#114=SURFACE_SIDE_STYLE('',(#119));
#115=SURFACE_SIDE_STYLE('',(#120));
#116=SURFACE_STYLE_FILL_AREA(#121);
#117=SURFACE_STYLE_FILL_AREA(#122);
#118=SURFACE_STYLE_FILL_AREA(#123);
#119=SURFACE_STYLE_FILL_AREA(#124);
#120=SURFACE_STYLE_FILL_AREA(#125);
#121=FILL_AREA_STYLE('',(#126));
#122=FILL_AREA_STYLE('',(#127));
#123=FILL_AREA_STYLE('',(#128));
#124=FILL_AREA_STYLE('',(#129));
#125=FILL_AREA_STYLE('',(#130));
#126=FILL_AREA_STYLE_COLOUR('',#131);
#127=FILL_AREA_STYLE_COLOUR('',#131);
#128=FILL_AREA_STYLE_COLOUR('',#131);
#129=FILL_AREA_STYLE_COLOUR('',#131);
#130=FILL_AREA_STYLE_COLOUR('',#131);
#131=COLOUR_RGB('',0.972549019607843,0.529411764705882,0.00392156862745098);
#132=COMPLEX_TRIANGULATED_FACE('ConvergentBody',#134,10187,((-0.997704264119506,
0.,-0.0677214984901754),(0.,1.,0.),(-0.997704264119506,0.,-0.0677214984901754),
(0.,-1.,0.),(0.,-1.,0.),(-0.996952225281304,0.,0.0780144890815487),(-0.952249287972468,
0.,-0.3053216231385),(0.,1.,0.),(0.,-1.,0.),(0.79644320390466,0.,0.604713339487463),
(-0.952249287972468,0.,-0.3053216231385),(0.,-1.,0.),(0.,-1.,0.),(0.774295293905277,
0.,0.632824460522933),(-0.996952225281304,0.,0.0780144890815487),(0.,1.,
0.),(0.,1.,0.),(0.79644320390466,0.,0.604713339487463),(0.,1.,0.),(0.774295293905277,
0.,0.632824460522933),(-0.98585516317872,0.,0.167599514420115),(0.,-1.,
0.),(0.,-1.,0.),(0.819991872647838,0.,0.572375164373413),(-0.98585516317872,
0.,0.167599514420115),(0.,1.,0.),(0.,1.,0.),(0.819991872647838,0.,0.572375164373413),
(-0.964733009649735,0.,0.263230355567447),(0.,-1.,0.),(-0.964733009649735,
0.,0.263230355567447),(0.,1.,0.),(-0.933172779240135,0.,0.35942810697724),
(0.,-1.,0.),(0.,-1.,0.),(0.843440111660766,0.,0.537223210631925),(-0.933172779240135,
0.,0.35942810697724),(0.,1.,0.),(0.,1.,0.),(0.843440111660766,0.,0.537223210631925),
(-0.851192237483265,0.,-0.524854050997258),(0.,1.,0.),(-0.851192237483265,
0.,-0.524854050997258),(0.,-1.,0.),(0.,-1.,0.),(0.752990152836322,0.,0.658031784742601),
(0.752990152836322,0.,0.658031784742601),(0.,1.,0.),(-0.895136736521183,
0.,0.445791681091298),(0.,-1.,0.),(-0.895136736521183,0.,0.445791681091298),
(0.,1.,0.),(-0.85479368806699,0.,0.518967967066209),(0.,-1.,0.),(-0.85479368806699,
0.,0.518967967066209),(0.,1.,0.),(-0.815683515496115,0.,0.578498403237122),
(0.,-1.,0.),(0.,-1.,0.),(0.867543770732645,0.,0.497360840701179),(-0.815683515496115,
0.,0.578498403237122),(0.,1.,0.),(0.,1.,0.),(0.867543770732645,0.,0.497360840701179),
(-0.74724605241091,0.,-0.66454746794816),(0.,1.,0.),(-0.74724605241091,
0.,-0.66454746794816),(0.,-1.,0.),(0.,-1.,0.),(0.714784519447626,0.,0.699344758154393),
(0.,-1.,0.),(0.732727255990488,0.,0.680522423090268),(0.,1.,0.),(0.714784519447626,
0.,0.699344758154393),(0.,1.,0.),(0.732727255990488,0.,0.680522423090268),
(-0.780810813369746,0.,0.624767535748199),(0.,-1.,0.),(-0.780810813369746,
0.,0.624767535748199),(0.,1.,0.),(-0.75158914054563,0.,0.659631536400347),
(0.,-1.,0.),(0.,-1.,0.),(0.891670163299105,0.,0.452685674483021),(-0.75158914054563,
0.,0.659631536400347),(0.,1.,0.),(0.,1.,0.),(0.891670163299105,0.,0.452685674483021),
(-0.728316230084008,0.,0.685241175788655),(0.,-1.,0.),(-0.728316230084008,
0.,0.685241175788655),(0.,1.,0.),(0.,1.,0.),(-0.656450851381719,0.,-0.754368795563692),
(-0.656450851381719,0.,-0.754368795563692),(0.,-1.,0.),(0.,-1.,0.),(0.69464957545352,
0.,0.71934829347281),(0.69464957545352,0.,0.71934829347281),(0.,1.,0.),
(-0.709814800790051,0.,0.704388350684038),(0.,-1.,0.),(0.,-1.,0.),(0.914347627509945,
0.,0.404930137266831),(-0.709814800790051,0.,0.704388350684038),(0.,1.,
0.),(0.,1.,0.),(0.914347627509945,0.,0.404930137266831),(-0.696292649571213,
0.,0.717757999713761),(0.,-1.,0.),(0.,-1.,0.),(0.935866871076429,0.,0.352353798931719),
(-0.696292649571213,0.,0.717757999713761),(0.,1.,0.),(0.,1.,0.),(0.935866871076429,
0.,0.352353798931719),(-0.579144483629177,0.,-0.815224918094322),(0.,1.,
0.),(-0.579144483629177,0.,-0.815224918094322),(0.,-1.,0.),(0.,-1.,0.),
(0.634761386786268,0.,0.772708212616621),(0.,-1.,0.),(0.667556069038296,
0.,0.744559530655634),(0.,1.,0.),(0.634761386786268,0.,0.772708212616621),
(0.,1.,0.),(0.667556069038296,0.,0.744559530655634),(-0.683550621648971,
0.,0.729903108394056),(0.,-1.,0.),(-0.683550621648971,0.,0.729903108394056),
(0.,1.,0.),(-0.665034124831235,0.,0.746812970435003),(0.,-1.,0.),(0.,-1.,
0.),(0.955478512190642,0.,0.295060693319116),(-0.665034124831235,0.,0.746812970435003),
(0.,1.,0.),(0.,1.,0.),(0.955478512190642,0.,0.295060693319116),(-0.51360566715896,
0.,-0.858026350797107),(0.,1.,0.),(-0.51360566715896,0.,-0.858026350797107),
(0.,-1.,0.),(0.,-1.,0.),(0.561168243716492,0.,0.827701759237074),(0.,-1.,
0.),(0.597874847951056,0.,0.801589462373041),(0.,1.,0.),(0.561168243716492,
0.,0.827701759237074),(0.,1.,0.),(0.597874847951056,0.,0.801589462373041),
(-0.634742631395911,0.,0.772723619341737),(0.,-1.,0.),(0.,-1.,0.),(0.958828976460766,
0.,0.283984143746089),(-0.634742631395911,0.,0.772723619341737),(0.,1.,
0.),(0.,1.,0.),(0.958828976460766,0.,0.283984143746089),(-0.590566222823238,
0.,0.80698917989047),(0.,-1.,0.),(0.,-1.,0.),(0.934143516642877,0.,0.356897590793323),
(-0.590566222823238,0.,0.80698917989047),(0.,1.,0.),(0.,1.,0.),(0.934143516642877,
0.,0.356897590793323),(-0.455693258632788,0.,-0.890136873765283),(0.,1.,
0.),(-0.455693258632788,0.,-0.890136873765283),(0.,-1.,0.),(0.,-1.,0.),
(0.528099865955155,0.,0.849182272293851),(0.528099865955155,0.,0.849182272293851),
(0.,1.,0.),(-0.531487756589804,0.,0.847065974169154),(0.,-1.,0.),(0.,-1.,
0.),(0.892296957478865,0.,0.451448933628112),(-0.531487756589804,0.,0.847065974169154),
(0.,1.,0.),(0.,1.,0.),(0.892296957478865,0.,0.451448933628112),(-0.460405181599174,
0.,0.887708887393064),(0.,-1.,0.),(0.,-1.,0.),(0.851122921285525,0.,0.524966449273089),
(-0.460405181599174,0.,0.887708887393064),(0.,1.,0.),(0.,1.,0.),(0.851122921285525,
0.,0.524966449273089),(-0.387784084200341,0.,0.921750239512257),(0.,-1.,
0.),(-0.387784084200341,0.,0.921750239512257),(0.,1.,0.),(-0.31903809202811,
0.,0.947741893046342),(0.,-1.,0.),(0.,-1.,0.),(0.811336278342923,0.,0.584579715218254),
(-0.31903809202811,0.,0.947741893046342),(0.,1.,0.),(0.,1.,0.),(0.811336278342923,
0.,0.584579715218254),(-0.403420650899016,0.,-0.915014632903875),(0.,1.,
0.),(-0.403420650899016,0.,-0.915014632903875),(0.,-1.,0.),(0.,-1.,0.),
(0.478146824683225,0.,0.878279917819683),(0.,-1.,0.),(0.499947812980688,
0.,0.86605553187762),(0.,1.,0.),(0.478146824683225,0.,0.878279917819683),
(0.,1.,0.),(0.499947812980688,0.,0.86605553187762),(-0.262519267682285,
0.,0.964926750637351),(0.,-1.,0.),(-0.262519267682285,0.,0.964926750637351),
(0.,1.,0.),(-0.222518790331667,0.,0.974928401447682),(0.,-1.,0.),(-0.222518790331667,
0.,0.974928401447682),(0.,1.,0.),(0.,1.,0.),(-0.3546864480394,0.,-0.93498530661032),
(-0.3546864480394,0.,-0.93498530661032),(0.,-1.,0.),(0.,-1.,0.),(0.461542740102919,
0.,0.887117973585413),(0.461542740102919,0.,0.887117973585413),(0.,1.,0.),
(-0.195337233766068,0.,0.980736134291288),(0.,-1.,0.),(0.,-1.,0.),(0.0849294198952191,
0.,0.996386969824607),(0.,-1.,0.),(0.0422526176654373,0.,0.999106959389443),
(0.,-1.,0.),(-0.022694066782665,0.,0.999742456502105),(-0.195337233766068,
0.,0.980736134291288),(0.,1.,0.),(0.,1.,0.),(0.0849294198952191,0.,0.996386969824607),
(0.,1.,0.),(0.0422526176654373,0.,0.999106959389443),(0.,1.,0.),(-0.022694066782665,
0.,0.999742456502105),(-0.174758719958092,0.,0.984611288681279),(0.,-1.,
0.),(0.,-1.,0.),(0.122408795008408,0.,0.99247976649632),(0.,-1.,0.),(0.109568615132693,
0.,0.99397923448023),(-0.174758719958092,0.,0.984611288681279),(0.,1.,0.),
(0.,1.,0.),(0.122408795008408,0.,0.99247976649632),(0.,1.,0.),(0.109568615132693,
0.,0.99397923448023),(-0.151121712886397,0.,0.988515163209084),(0.,-1.,
0.),(0.,-1.,0.),(0.113179204548428,0.,0.993574590887763),(0.,-1.,0.),(0.123329637862482,
0.,0.992365759397567),(-0.151121712886397,0.,0.988515163209084),(0.,1.,
0.),(0.,1.,0.),(0.113179204548428,0.,0.993574590887763),(0.,1.,0.),(0.123329637862482,
0.,0.992365759397567),(-0.307483471820664,0.,-0.951553421809365),(0.,1.,
0.),(-0.307483471820664,0.,-0.951553421809365),(0.,-1.,0.),(0.,-1.,0.),
(0.449727781800063,0.,0.893165674596374),(0.449727781800063,0.,0.893165674596374),
(0.,1.,0.),(-0.121078479769551,0.,0.992642937685397),(0.,-1.,0.),(0.,-1.,
0.),(0.0971560371168524,0.,0.995269161810889),(-0.121078479769551,0.,0.992642937685397),
(0.,1.,0.),(0.,1.,0.),(0.0971560371168524,0.,0.995269161810889),(-0.090336925916452,
0.,0.995911261014738),(0.,-1.,0.),(0.,-1.,0.),(0.0770341702728783,0.,0.997028453260171),
(-0.090336925916452,0.,0.995911261014738),(0.,1.,0.),(0.,1.,0.),(0.0770341702728783,
0.,0.997028453260171),(-0.0601671169288119,0.,0.998188317924265),(0.,-1.,
0.),(0.,-1.,0.),(0.0549035333904374,0.,0.99849166347108),(-0.0601671169288119,
0.,0.998188317924265),(0.,1.,0.),(0.,1.,0.),(0.0549035333904374,0.,0.99849166347108),
(-0.260744408392307,0.,-0.965407868981886),(0.,1.,0.),(-0.260744408392307,
0.,-0.965407868981886),(0.,-1.,0.),(0.,-1.,0.),(0.4421945160276,0.,0.896919176958056),
(0.4421945160276,0.,0.896919176958056),(0.,1.,0.),(-0.0290109147586439,
0.,0.999579094831853),(0.,-1.,0.),(0.,-1.,0.),(0.0297318474392036,0.,0.999557910902541),
(-0.0290109147586439,0.,0.999579094831853),(0.,1.,0.),(0.,1.,0.),(0.0297318474392036,
0.,0.999557910902541),(0.000858413262320904,0.,0.999999631563268),(0.,-1.,
0.),(0.000858413262320904,0.,0.999999631563268),(0.,1.,0.),(0.,1.,0.),(-0.230904659170635,
0.,-0.972976381200126),(-0.230904659170635,0.,-0.972976381200126),(0.,-1.,
0.),(-0.232016856239978,0.,-0.972711765334684),(0.,1.,0.),(-0.232016856239978,
0.,-0.972711765334684),(0.,-1.,0.),(0.,-1.,0.),(0.438791635992912,0.,0.89858883822506),
(0.438791635992912,0.,0.89858883822506),(0.,1.,0.),(0.,1.,0.),(-0.246946441232368,
0.,-0.969029130193034),(-0.246946441232368,0.,-0.969029130193034),(0.,-1.,
0.),(-0.260862364130118,0.,-0.965376002902727),(0.,1.,0.),(-0.260862364130118,
0.,-0.965376002902727),(0.,-1.,0.),(-0.274584280647809,0.,-0.961563036322178),
(0.,1.,0.),(-0.274584280647809,0.,-0.961563036322178),(0.,-1.,0.),(-0.287001606771611,
0.,-0.95793010063914),(0.,1.,0.),(-0.287001606771611,0.,-0.95793010063914),
(0.,-1.,0.),(-0.299025140247189,0.,-0.954245233417568),(0.,1.,0.),(-0.299025140247189,
0.,-0.954245233417568),(0.,-1.,0.),(-0.312743954106889,0.,-0.949837469870287),
(0.,1.,0.),(-0.312743954106889,0.,-0.949837469870287),(0.,-1.,0.),(0.,-1.,
0.),(0.43869794211895,0.,0.898634584010986),(0.43869794211895,0.,0.898634584010986),
(0.,1.,0.),(0.,1.,0.),(-0.326468622009535,0.,-0.945208039980192),(-0.326468622009535,
0.,-0.945208039980192),(0.,-1.,0.),(-0.342377228142745,0.,-0.93956257569642),
(0.,1.,0.),(-0.342377228142745,0.,-0.93956257569642),(0.,-1.,0.),(0.,-1.,
0.),(-0.110841348403163,0.,0.993838113318346),(0.,-1.,0.),(0.77252204895414,
0.,0.63498793994823),(-0.110841348403163,0.,0.993838113318346),(0.,1.,0.),
(0.77252204895414,0.,0.63498793994823),(0.,1.,0.),(0.,1.,0.),(-0.36338671125484,
0.,-0.931638394487578),(-0.36338671125484,0.,-0.931638394487578),(0.,-1.,
0.),(0.,-1.,0.),(-0.213788577764872,0.,0.976879953739083),(-0.213788577764872,
0.,0.976879953739083),(0.,1.,0.),(0.,1.,0.),(-0.389720985974977,0.,-0.920932979695424),
(-0.389720985974977,0.,-0.920932979695424),(0.,-1.,0.),(0.,-1.,0.),(-0.31240138439976,
0.,0.949950196076149),(-0.31240138439976,0.,0.949950196076149),(0.,1.,0.),
(0.,1.,0.),(-0.410928797284577,0.,-0.911667441319613),(-0.410928797284577,
0.,-0.911667441319613),(0.,-1.,0.),(0.,-1.,0.),(-0.391994458779877,0.,0.919967577844932),
(-0.391994458779877,0.,0.919967577844932),(0.,1.,0.),(0.,1.,0.),(-0.414209160744364,
0.,-0.910181724248213),(-0.414209160744364,0.,-0.910181724248213),(0.,-1.,
0.),(0.,-1.,0.),(0.440052742133795,0.,0.897971928369995),(0.440052742133795,
0.,0.897971928369995),(0.,1.,0.),(-0.445903471996961,0.,0.89508105424093),
(0.,-1.,0.),(-0.445903471996961,0.,0.89508105424093),(0.,1.,0.),(0.,1.,
0.),(-0.40550176042303,0.,-0.914094263352431),(-0.40550176042303,0.,-0.914094263352431),
(0.,-1.,0.),(0.,-1.,0.),(-0.47450258068205,0.,0.880254111564424),(0.,-1.,
0.),(0.731445669839312,0.,0.681899722886966),(-0.47450258068205,0.,0.880254111564424),
(0.,1.,0.),(0.731445669839312,0.,0.681899722886966),(0.,1.,0.),(0.,1.,0.),
(-0.396501403772162,0.,-0.918034115273885),(-0.396501403772162,0.,-0.918034115273885),
(0.,-1.,0.),(0.,-1.,0.),(-0.480154530096998,0.,0.877183918700822),(-0.480154530096998,
0.,0.877183918700822),(0.,1.,0.),(0.,1.,0.),(-0.390455639644418,0.,-0.920621742883508),
(-0.390455639644418,0.,-0.920621742883508),(0.,-1.,0.),(0.,-1.,0.),(-0.466320203965727,
0.,0.884615999953292),(0.,-1.,0.),(0.687161458347455,0.,0.726504735126894),
(-0.466320203965727,0.,0.884615999953292),(0.,1.,0.),(0.687161458347455,
0.,0.726504735126894),(0.,1.,0.),(0.,1.,0.),(-0.385097521734294,0.,-0.922875884804726),
(-0.385097521734294,0.,-0.922875884804726),(0.,-1.,0.),(0.,-1.,0.),(-0.446689811675799,
0.,0.894688891260554),(-0.446689811675799,0.,0.894688891260554),(0.,1.,
0.),(0.,1.,0.),(-0.379039752975734,0.,-0.925380389712304),(-0.379039752975734,
0.,-0.925380389712304),(0.,-1.,0.),(0.,-1.,0.),(0.441739987382915,0.,0.897143123223347),
(0.441739987382915,0.,0.897143123223347),(0.,1.,0.),(-0.429937867708739,
0.,0.902858477232209),(0.,-1.,0.),(0.,-1.,0.),(0.637766805917565,0.,0.770229512073971),
(-0.429937867708739,0.,0.902858477232209),(0.,1.,0.),(0.,1.,0.),(0.637766805917565,
0.,0.770229512073971),(-0.412597505865429,0.,0.910913441636266),(0.,-1.,
0.),(-0.412597505865429,0.,0.910913441636266),(0.,1.,0.),(0.,1.,0.),(-0.373783520895189,
0.,-0.927515972642626),(-0.373783520895189,0.,-0.927515972642626),(0.,-1.,
0.),(0.,-1.,0.),(-0.395427813641228,0.,0.91849705726198),(0.,-1.,0.),(0.577757485611422,
0.,0.816208483060527),(-0.395427813641228,0.,0.91849705726198),(0.,1.,0.),
(0.577757485611422,0.,0.816208483060527),(0.,1.,0.),(0.,1.,0.),(-0.368924808197526,
0.,-0.929459243805999),(-0.368924808197526,0.,-0.929459243805999),(0.,-1.,
0.),(0.,-1.,0.),(-0.379098164991135,0.,0.925356461748852),(-0.379098164991135,
0.,0.925356461748852),(0.,1.,0.),(0.,1.,0.),(-0.362180441994563,0.,-0.932108002023705),
(-0.362180441994563,0.,-0.932108002023705),(0.,-1.,0.),(0.,-1.,0.),(-0.362855690440652,
0.,0.931845345491857),(0.,-1.,0.),(0.50051435745341,0.,0.865728235639222),
(-0.362855690440652,0.,0.931845345491857),(0.,1.,0.),(0.50051435745341,
0.,0.865728235639222),(0.,1.,0.),(0.,1.,0.),(-0.3548229226182,0.,-0.934933523617952),
(-0.3548229226182,0.,-0.934933523617952),(0.,-1.,0.),(0.,-1.,0.),(0.444014248092189,
0.,0.896019724945343),(0.444014248092189,0.,0.896019724945343),(0.,1.,0.),
(-0.342554773576564,0.,0.939497859018268),(0.,-1.,0.),(-0.342554773576564,
0.,0.939497859018268),(0.,1.,0.),(-0.318000975837981,0.,0.948090385652176),
(0.,-1.,0.),(0.,-1.,0.),(0.397218971574176,0.,0.917723862946559),(-0.318000975837981,
0.,0.948090385652176),(0.,1.,0.),(0.,1.,0.),(0.397218971574176,0.,0.917723862946559),
(-0.346261331072459,0.,-0.938138097832046),(0.,1.,0.),(-0.346261331072459,
0.,-0.938138097832046),(0.,-1.,0.),(0.,-1.,0.),(-0.291116368350398,0.,0.956687650217392),
(-0.291116368350398,0.,0.956687650217392),(0.,1.,0.),(0.,1.,0.),(-0.349674875492392,
0.,-0.936871112506614),(-0.349674875492392,0.,-0.936871112506614),(0.,-1.,
0.),(0.,-1.,0.),(-0.256128341960636,0.,0.96664278430271),(0.,-1.,0.),(0.281409111568917,
0.,0.959587886504406),(-0.256128341960636,0.,0.96664278430271),(0.,1.,0.),
(0.281409111568917,0.,0.959587886504406),(0.,1.,0.),(0.,1.,0.),(-0.382067754858729,
0.,-0.924134314208281),(-0.382067754858729,0.,-0.924134314208281),(0.,-1.,
0.),(0.,-1.,0.),(-0.213093079495657,0.,0.977031902995525),(-0.213093079495657,
0.,0.977031902995525),(0.,1.,0.),(-0.168568037845354,0.,0.985690020552591),
(0.,-1.,0.),(0.,-1.,0.),(0.195807705644238,0.,0.980642311146291),(-0.168568037845354,
0.,0.985690020552591),(0.,1.,0.),(0.,1.,0.),(0.195807705644238,0.,0.980642311146291),
(-0.128098022603807,0.,0.991761511959904),(0.,-1.,0.),(0.,-1.,0.),(0.14371540468497,
0.,0.989619059262823),(-0.128098022603807,0.,0.991761511959904),(0.,1.,
0.),(0.,1.,0.),(0.14371540468497,0.,0.989619059262823),(-0.431522403550854,
0.,-0.902102219947215),(0.,1.,0.),(-0.431522403550854,0.,-0.902102219947215),
(0.,-1.,0.),(0.,-1.,0.),(0.446328390562192,0.,0.89486924619084),(0.446328390562192,
0.,0.89486924619084),(0.,1.,0.),(-0.0925662070962479,0.,0.995706531716959),
(0.,-1.,0.),(0.,-1.,0.),(0.102882114592604,0.,0.994693556074912),(-0.0925662070962479,
0.,0.995706531716959),(0.,1.,0.),(0.,1.,0.),(0.102882114592604,0.,0.994693556074912),
(-0.0598502365388593,0.,0.998207367828069),(0.,-1.,0.),(0.,-1.,0.),(0.067793676521368,
0.,0.997699362244818),(-0.0598502365388593,0.,0.998207367828069),(0.,1.,
0.),(0.,1.,0.),(0.067793676521368,0.,0.997699362244818),(-0.484072611215013,
0.,-0.875027832169628),(0.,1.,0.),(-0.484072611215013,0.,-0.875027832169628),
(0.,-1.,0.),(0.,-1.,0.),(-0.0285868724470004,0.,0.999591311848847),(0.,
-1.,0.),(0.0339744804362332,0.,0.999422700702304),(-0.0285868724470004,
0.,0.999591311848847),(0.,1.,0.),(0.0339744804362332,0.,0.999422700702304),
(0.,1.,0.),(0.,1.,0.),(-0.535090687036145,0.,-0.84479462394548),(-0.535090687036145,
0.,-0.84479462394548),(0.,-1.,0.),(0.,-1.,0.),(0.00230938283467556,0.,0.999997333371906),
(0.00230938283467556,0.,0.999997333371906),(0.,1.,0.),(0.,1.,0.),(-0.57919335101241,
0.,-0.815190199979744),(-0.57919335101241,0.,-0.815190199979744),(0.,-1.,
0.),(0.,-1.,0.),(0.44915846851552,0.,0.893452108487518),(0.44915846851552,
0.,0.893452108487518),(0.,1.,0.),(0.,1.,0.),(-0.61484260552668,0.,-0.788649840188384),
(-0.61484260552668,0.,-0.788649840188384),(0.,-1.,0.),(0.,-1.,0.),(0.452683215881534,
0.,0.89167141148472),(0.452683215881534,0.,0.89167141148472),(0.,1.,0.),
(0.,1.,0.),(-0.641632602663942,0.,-0.7670121271523),(-0.641632602663942,
0.,-0.7670121271523),(0.,-1.,0.),(0.,-1.,0.),(0.456875225358354,0.,0.889530791177997),
(0.456875225358354,0.,0.889530791177997),(0.,1.,0.),(0.,1.,0.),(-0.661026298981232,
0.,-0.750362733652982),(-0.661026298981232,0.,-0.750362733652982),(0.,-1.,
0.),(0.,-1.,0.),(0.461793041436447,0.,0.886987703906247),(0.461793041436447,
0.,0.886987703906247),(0.,1.,0.),(0.,1.,0.),(-0.675624645150152,0.,-0.737245779144059),
(-0.675624645150152,0.,-0.737245779144059),(0.,-1.,0.),(0.,-1.,0.),(0.478014707672489,
0.,0.878351831129636),(0.,-1.,0.),(0.468546806652145,0.,0.883438673579597),
(0.,1.,0.),(0.478014707672489,0.,0.878351831129636),(0.,1.,0.),(0.468546806652145,
0.,0.883438673579597),(-0.685441846200091,0.,-0.728127375860715),(0.,1.,
0.),(-0.685441846200091,0.,-0.728127375860715),(0.,-1.,0.),(0.,-1.,0.),
(0.492195222507028,0.,0.870484843602263),(0.,-1.,0.),(0.487039009285662,
0.,0.8733802169926),(0.,1.,0.),(0.492195222507028,0.,0.870484843602263),
(0.,1.,0.),(0.487039009285662,0.,0.8733802169926),(-0.691891573074603,0.,
-0.722001420433749),(0.,1.,0.),(-0.691891573074603,0.,-0.722001420433749),
(0.,-1.,0.),(0.,-1.,0.),(0.492925355626863,0.,0.870071602674246),(0.,-1.,
0.),(0.493131154436906,0.,0.869954978446428),(0.,1.,0.),(0.492925355626863,
0.,0.870071602674246),(0.,1.,0.),(0.493131154436906,0.,0.869954978446428),
(-0.695196025321115,0.,-0.718820204486298),(0.,1.,0.),(-0.695196025321115,
0.,-0.718820204486298),(0.,-1.,0.),(0.,-1.,0.),(0.49313143855072,0.,0.869954817397373),
(0.49313143855072,0.,0.869954817397373),(0.,1.,0.),(0.,1.,0.),(-0.69535793572763,
0.,-0.718663580001525),(-0.69535793572763,0.,-0.718663580001525),(0.,-1.,
0.),(0.,-1.,0.),(0.49372816763984,0.,0.869616292671087),(0.,-1.,0.),(0.493716368724609,
0.,0.86962299144709),(0.,-1.,0.),(0.493858888186676,0.,0.869542062558804),
(0.,1.,0.),(0.49372816763984,0.,0.869616292671087),(0.,1.,0.),(0.493716368724609,
0.,0.86962299144709),(0.,1.,0.),(0.493858888186676,0.,0.869542062558804),
(-0.693716299821054,0.,-0.720248356723281),(0.,1.,0.),(-0.693716299821054,
0.,-0.720248356723281),(0.,-1.,0.),(0.,-1.,0.),(0.496217247025915,0.,0.868198389628789),
(0.,-1.,0.),(0.494220984621239,0.,0.869336309123237),(0.,-1.,0.),(0.494708459374952,
0.,0.869058996974809),(0.,-1.,0.),(0.495135874103892,0.,0.868815553598907),
(0.,1.,0.),(0.496217247025915,0.,0.868198389628789),(0.,1.,0.),(0.494220984621239,
0.,0.869336309123237),(0.,1.,0.),(0.494708459374952,0.,0.869058996974809),
(0.,1.,0.),(0.495135874103892,0.,0.868815553598907),(-0.691243445214308,
0.,-0.722621961642638),(0.,1.,0.),(-0.691243445214308,0.,-0.722621961642638),
(0.,-1.,0.),(0.,-1.,0.),(0.46201099046103,0.,0.886874198910544),(0.,-1.,
0.),(0.49055794752526,0.,0.871408572438787),(0.,-1.,0.),(0.475443508456461,
0.,0.87974625334048),(0.,1.,0.),(0.46201099046103,0.,0.886874198910544),
(0.,1.,0.),(0.49055794752526,0.,0.871408572438787),(0.,1.,0.),(0.475443508456461,
0.,0.87974625334048),(-0.687566272622817,0.,-0.726121629447551),(0.,1.,
0.),(-0.687566272622817,0.,-0.726121629447551),(0.,-1.,0.),(0.,-1.,0.),
(0.454449839736078,0.,0.890772329590369),(0.454449839736078,0.,0.890772329590369),
(0.,1.,0.),(0.,1.,0.),(-0.681830692313816,0.,-0.731510018399518),(-0.681830692313816,
0.,-0.731510018399518),(0.,-1.,0.),(0.,-1.,0.),(0.449421279568055,0.,0.893319939031595),
(0.449421279568055,0.,0.893319939031595),(0.,1.,0.),(0.,1.,0.),(-0.674061271847883,
0.,-0.738675437384251),(-0.674061271847883,0.,-0.738675437384251),(0.,-1.,
0.),(0.,-1.,0.),(0.44535335270545,0.,0.895354896805739),(0.44535335270545,
0.,0.895354896805739),(0.,1.,0.),(0.,1.,0.),(-0.664485958619616,0.,-0.747300749897503),
(-0.664485958619616,0.,-0.747300749897503),(0.,-1.,0.),(0.,-1.,0.),(0.441842259135474,
0.,0.897092758883975),(0.441842259135474,0.,0.897092758883975),(0.,1.,0.),
(0.,1.,0.),(-0.653738294086072,0.,-0.756720716543054),(-0.653738294086072,
0.,-0.756720716543054),(0.,-1.,0.),(0.,-1.,0.),(0.438219755160617,0.,0.898867869148168),
(0.438219755160617,0.,0.898867869148168),(0.,1.,0.),(0.,1.,0.),(-0.642618883390325,
0.,-0.766185989633178),(-0.642618883390325,0.,-0.766185989633178),(0.,-1.,
0.),(0.,-1.,0.),(0.434168337897974,0.,0.900831756970696),(0.434168337897974,
0.,0.900831756970696),(0.,1.,0.),(0.,1.,0.),(-0.631886032884771,0.,-0.775061314635911),
(-0.631886032884771,0.,-0.775061314635911),(0.,-1.,0.),(0.,-1.,0.),(0.428996458727538,
0.,0.903306170907313),(0.428996458727538,0.,0.903306170907313),(0.,1.,0.),
(0.,1.,0.),(-0.623700401490716,0.,-0.781663488452876),(-0.623700401490716,
0.,-0.781663488452876),(0.,-1.,0.),(-0.615229595921258,0.,-0.788347984269996),
(0.,1.,0.),(-0.615229595921258,0.,-0.788347984269996),(0.,-1.,0.),(0.,-1.,
0.),(0.407544833210579,0.,0.913185199684796),(0.,-1.,0.),(0.421567797262698,
0.,0.906796885918272),(0.,1.,0.),(0.407544833210579,0.,0.913185199684796),
(0.,1.,0.),(0.421567797262698,0.,0.906796885918272),(-0.600141498603485,
0.,-0.799893856492199),(0.,1.,0.),(-0.600141498603485,0.,-0.799893856492199),
(0.,-1.,0.),(0.,-1.,0.),(0.38081693512564,0.,0.924650453912999),(0.,-1.,
0.),(0.388099144432833,0.,0.921617629003755),(0.,-1.,0.),(0.379356650954234,
0.,0.925250523575527),(0.,-1.,0.),(0.379938326724782,0.,0.925011820403163),
(0.,1.,0.),(0.38081693512564,0.,0.924650453912999),(0.,1.,0.),(0.388099144432833,
0.,0.921617629003755),(0.,1.,0.),(0.379356650954234,0.,0.925250523575527),
(0.,1.,0.),(0.379938326724782,0.,0.925011820403163),(-0.581515555712607,
0.,-0.813535284092987),(0.,1.,0.),(-0.581515555712607,0.,-0.813535284092987),
(0.,-1.,0.),(0.,-1.,0.),(0.385276452530399,0.,0.922801200218981),(0.,-1.,
0.),(0.382919238652083,0.,0.923781823089256),(0.,-1.,0.),(0.383691389664368,
0.,0.923461378454684),(0.,-1.,0.),(0.383750521101807,0.,0.92343680755864),
(0.,1.,0.),(0.385276452530399,0.,0.922801200218981),(0.,1.,0.),(0.382919238652083,
0.,0.923781823089256),(0.,1.,0.),(0.383691389664368,0.,0.923461378454684),
(0.,1.,0.),(0.383750521101807,0.,0.92343680755864),(-0.563919606964705,
0.,-0.82582968999714),(0.,1.,0.),(-0.563919606964705,0.,-0.82582968999714),
(0.,-1.,0.),(0.,-1.,0.),(0.380726136702787,0.,0.924687843994594),(0.,-1.,
0.),(0.387173430307544,0.,0.922006906082535),(0.,-1.,0.),(0.388570868378944,
0.,0.921418840835824),(0.,-1.,0.),(0.389926613119528,0.,0.920845935203677),
(0.,-1.,0.),(0.391179088449491,0.,0.920314577065813),(0.,-1.,0.),(0.391055108188519,
0.,0.920367264932682),(0.,-1.,0.),(0.38645366585075,0.,0.922308822548346),
(0.,1.,0.),(0.380726136702787,0.,0.924687843994594),(0.,1.,0.),(0.387173430307544,
0.,0.922006906082535),(0.,1.,0.),(0.388570868378944,0.,0.921418840835824),
(0.,1.,0.),(0.389926613119528,0.,0.920845935203677),(0.,1.,0.),(0.391179088449491,
0.,0.920314577065813),(0.,1.,0.),(0.391055108188519,0.,0.920367264932682),
(0.,1.,0.),(0.38645366585075,0.,0.922308822548346),(-0.99983937849537,0.,
-0.0179225335818547),(0.,1.,0.),(-0.99983937849537,0.,-0.0179225335818547),
(0.,-1.,0.),(0.,-1.,0.),(-0.967946714451419,0.,0.251155644934976),(-0.960550811886754,
0.,-0.278104544701626),(0.,1.,0.),(0.,-1.,0.),(0.297531916062212,0.,0.954711872202472),
(-0.960550811886754,0.,-0.278104544701626),(0.,-1.,0.),(0.,-1.,0.),(0.310289296712239,
0.,0.950642178922135),(-0.967946714451419,0.,0.251155644934976),(0.,1.,
0.),(0.,1.,0.),(0.297531916062212,0.,0.954711872202472),(0.,1.,0.),(0.310289296712239,
0.,0.950642178922135),(-0.876865248302725,0.,0.480736244024725),(0.,-1.,
0.),(0.,-1.,0.),(-0.0116125174907601,0.,0.999932572445526),(-0.876865248302725,
0.,0.480736244024725),(0.,1.,0.),(0.,1.,0.),(-0.0116125174907601,0.,0.999932572445526),
(-0.872841101635689,0.,-0.488004519748943),(0.,1.,0.),(-0.872841101635689,
0.,-0.488004519748943),(0.,-1.,0.),(0.,-1.,0.),(-0.758289103601633,0.,0.651918426920908),
(0.,-1.,0.),(0.14293014454884,0.,0.989732778975844),(0.,-1.,0.),(0.138371138030851,
0.,0.9903804461721),(0.,-1.,0.),(0.128652523465974,0.,0.991689733841103),
(0.,-1.,0.),(0.11066285296946,0.,0.993858004431548),(0.,-1.,0.),(0.0775959209261578,
0.,0.996984891086932),(-0.758289103601633,0.,0.651918426920908),(0.,1.,
0.),(0.,1.,0.),(0.14293014454884,0.,0.989732778975844),(0.,1.,0.),(0.138371138030851,
0.,0.9903804461721),(0.,1.,0.),(0.128652523465974,0.,0.991689733841103),
(0.,1.,0.),(0.11066285296946,0.,0.993858004431548),(0.,1.,0.),(0.0775959209261578,
0.,0.996984891086932),(-0.770264826352621,0.,-0.637724154540163),(0.,1.,
0.),(-0.770264826352621,0.,-0.637724154540163),(0.,-1.,0.),(0.,-1.,0.),
(-0.642973139049755,0.,0.765888727205528),(0.,-1.,0.),(0.159776844005029,
0.,0.987153159403237),(0.,-1.,0.),(0.1574535313222,0.,0.98752639735562),
(0.,-1.,0.),(0.153351784155114,0.,0.988171660338649),(0.,-1.,0.),(0.148505167662627,
0.,0.988911631632218),(-0.642973139049755,0.,0.765888727205528),(0.,1.,
0.),(0.,1.,0.),(0.159776844005029,0.,0.987153159403237),(0.,1.,0.),(0.1574535313222,
0.,0.98752639735562),(0.,1.,0.),(0.153351784155114,0.,0.988171660338649),
(0.,1.,0.),(0.148505167662627,0.,0.988911631632218),(-0.670645384373686,
0.,-0.741778112657869),(0.,1.,0.),(-0.670645384373686,0.,-0.741778112657869),
(0.,-1.,0.),(0.,-1.,0.),(0.320727525495378,0.,0.9471715020996),(0.320727525495378,
0.,0.9471715020996),(0.,1.,0.),(-0.534553500201695,0.,0.845134637452587),
(0.,-1.,0.),(0.,-1.,0.),(0.165829001821183,0.,0.986154522453246),(0.,-1.,
0.),(0.165038797355431,0.,0.986287075535046),(0.,-1.,0.),(0.160898784761627,
0.,0.986970911963586),(-0.534553500201695,0.,0.845134637452587),(0.,1.,
0.),(0.,1.,0.),(0.165829001821183,0.,0.986154522453246),(0.,1.,0.),(0.165038797355431,
0.,0.986287075535046),(0.,1.,0.),(0.160898784761627,0.,0.986970911963586),
(-0.582575061533947,0.,-0.812776905232129),(0.,1.,0.),(-0.582575061533947,
0.,-0.812776905232129),(0.,-1.,0.),(-0.547271744637044,0.,-0.836954979387736),
(0.,1.,0.),(-0.547271744637044,0.,-0.836954979387736),(0.,-1.,0.),(0.,-1.,
0.),(0.370464218410362,0.,0.928846738099241),(0.,-1.,0.),(0.376977034664985,
0.,0.926222605713764),(0.,-1.,0.),(0.373979336620406,0.,0.927437036019675),
(0.,-1.,0.),(0.371733995449897,0.,0.928339289606368),(0.,1.,0.),(0.370464218410362,
0.,0.928846738099241),(0.,1.,0.),(0.376977034664985,0.,0.926222605713764),
(0.,1.,0.),(0.373979336620406,0.,0.927437036019675),(0.,1.,0.),(0.371733995449897,
0.,0.928339289606368),(-0.417165099769726,0.,0.90883072105542),(0.,-1.,
0.),(0.,-1.,0.),(0.157500920434593,0.,0.987518840358125),(-0.417165099769726,
0.,0.90883072105542),(0.,1.,0.),(0.,1.,0.),(0.157500920434593,0.,0.987518840358125),
(-0.507483857933203,0.,-0.861661264034326),(0.,1.,0.),(-0.507483857933203,
0.,-0.861661264034326),(0.,-1.,0.),(0.,-1.,0.),(-0.293794602641533,0.,0.955868574365066),
(0.,-1.,0.),(0.141949831587716,0.,0.989873853231925),(-0.293794602641533,
0.,0.955868574365066),(0.,1.,0.),(0.141949831587716,0.,0.989873853231925),
(0.,1.,0.),(-0.179309549059205,0.,0.983792704595935),(0.,-1.,0.),(0.,-1.,
0.),(0.118793116200873,0.,0.992919027687196),(-0.179309549059205,0.,0.983792704595935),
(0.,1.,0.),(0.,1.,0.),(0.118793116200873,0.,0.992919027687196),(-0.443572966509527,
0.,-0.896238262618785),(0.,1.,0.),(-0.443572966509527,0.,-0.896238262618785),
(0.,-1.,0.),(0.,-1.,0.),(0.330404641674703,0.,0.943839378686761),(0.330404641674703,
0.,0.943839378686761),(0.,1.,0.),(-0.0862790470645274,0.,0.996271010336864),
(0.,-1.,0.),(0.,-1.,0.),(0.0884718777116545,0.,0.996078675032336),(-0.0862790470645274,
0.,0.996271010336864),(0.,1.,0.),(0.,1.,0.),(0.0884718777116545,0.,0.996078675032336),
(-0.0106353853880988,0.,0.999943442689459),(0.,-1.,0.),(0.,-1.,0.),(0.0471867825953095,
0.,0.998886083369021),(-0.0106353853880988,0.,0.999943442689459),(0.,1.,
0.),(0.,1.,0.),(0.0471867825953095,0.,0.998886083369021),(-0.392697857585341,
0.,-0.919667544631147),(0.,1.,0.),(-0.392697857585341,0.,-0.919667544631147),
(0.,-1.,0.),(-0.531232465307004,0.,-0.847226101937283),(0.,1.,0.),(-0.531232465307004,
0.,-0.847226101937283),(0.,-1.,0.),(0.,-1.,0.),(0.367962907297132,0.,0.929840469571766),
(0.,-1.,0.),(0.369048470009342,0.,0.929410149925082),(0.,1.,0.),(0.367962907297132,
0.,0.929840469571766),(0.,1.,0.),(0.369048470009342,0.,0.929410149925082),
(-0.359296860682818,0.,-0.933223320488441),(0.,1.,0.),(-0.359296860682818,
0.,-0.933223320488441),(0.,-1.,0.),(-0.997702061191245,0.,-0.0677539452337664),
(0.,1.,0.),(-0.997702061191245,0.,-0.0677539452337664),(0.,-1.,0.),(0.,
-1.,0.),(-0.985317592787838,0.,0.170731489019394),(-0.958187662391647,0.,
-0.286140531278656),(0.,1.,0.),(0.,-1.,0.),(0.423695393760036,0.,0.905804732437697),
(-0.958187662391647,0.,-0.286140531278656),(0.,-1.,0.),(-0.985317592787838,
0.,0.170731489019394),(0.,1.,0.),(0.,1.,0.),(0.423695393760036,0.,0.905804732437697),
(-0.926362927116632,0.,0.376632084751029),(0.,-1.,0.),(0.,-1.,0.),(0.396022974339551,
0.,0.918240602345189),(-0.926362927116632,0.,0.376632084751029),(0.,1.,
0.),(0.,1.,0.),(0.396022974339551,0.,0.918240602345189),(-0.893946806172548,
0.,-0.448173077877176),(0.,1.,0.),(-0.893946806172548,0.,-0.448173077877176),
(0.,-1.,0.),(0.,-1.,0.),(0.434772914178214,0.,0.900540122980083),(0.434772914178214,
0.,0.900540122980083),(0.,1.,0.),(-0.845633657176317,0.,0.533763728489121),
(0.,-1.,0.),(-0.845633657176317,0.,0.533763728489121),(0.,1.,0.),(0.,1.,
0.),(-0.826157075404589,0.,-0.563439869692353),(-0.826157075404589,0.,-0.563439869692353),
(0.,-1.,0.),(0.,-1.,0.),(-0.763565248242504,0.,0.645730680451505),(-0.763565248242504,
0.,0.645730680451505),(0.,1.,0.),(0.,1.,0.),(-0.767284315998172,0.,-0.641307085898182),
(-0.767284315998172,0.,-0.641307085898182),(0.,-1.,0.),(0.,-1.,0.),(-0.657027709945851,
0.,0.753866426075144),(0.,-1.,0.),(0.359425734094858,0.,0.933173693194559),
(-0.657027709945851,0.,0.753866426075144),(0.,1.,0.),(0.359425734094858,
0.,0.933173693194559),(0.,1.,0.),(0.,1.,0.),(-0.340671796642895,0.,-0.940182283906744),
(-0.340671796642895,0.,-0.940182283906744),(0.,-1.,0.),(0.,-1.,0.),(0.340740985536627,
0.,0.94015721067039),(0.340740985536627,0.,0.94015721067039),(0.,1.,0.),
(0.,1.,0.),(-0.720375933636767,0.,-0.693583819186229),(-0.720375933636767,
0.,-0.693583819186229),(0.,-1.,0.),(0.,-1.,0.),(0.42192513259499,0.,0.906630675900998),
(0.42192513259499,0.,0.906630675900998),(0.,1.,0.),(0.,1.,0.),(-0.515458992354607,
0.,-0.856914247285441),(-0.515458992354607,0.,-0.856914247285441),(0.,-1.,
0.),(0.,-1.,0.),(0.365018103550079,0.,0.931000421095879),(0.,-1.,0.),(0.366989725847886,
0.,0.930224994892146),(0.,-1.,0.),(0.365890768868639,0.,0.930657802447665),
(0.,1.,0.),(0.365018103550079,0.,0.931000421095879),(0.,1.,0.),(0.366989725847886,
0.,0.930224994892146),(0.,1.,0.),(0.365890768868639,0.,0.930657802447665),
(-0.504360541612196,0.,0.863493163878356),(0.,-1.,0.),(0.,-1.,0.),(0.307200238984314,
0.,0.951644898671758),(-0.504360541612196,0.,0.863493163878356),(0.,1.,
0.),(0.,1.,0.),(0.307200238984314,0.,0.951644898671758),(-0.687257185852952,
0.,-0.726414179716697),(0.,1.,0.),(-0.687257185852952,0.,-0.726414179716697),
(0.,-1.,0.),(0.,-1.,0.),(-0.325571719078785,0.,0.945517348194143),(0.,-1.,
0.),(0.235355216815038,0.,0.971909420634426),(-0.325571719078785,0.,0.945517348194143),
(0.,1.,0.),(0.235355216815038,0.,0.971909420634426),(0.,1.,0.),(0.,1.,0.),
(-0.663474928832994,0.,-0.748198515642776),(-0.663474928832994,0.,-0.748198515642776),
(0.,-1.,0.),(0.,-1.,0.),(0.395262804241051,0.,0.918568078905152),(0.395262804241051,
0.,0.918568078905152),(0.,1.,0.),(0.,1.,0.),(-0.642112454514424,0.,-0.766610458940825),
(-0.642112454514424,0.,-0.766610458940825),(0.,-1.,0.),(0.,-1.,0.),(0.35623188359638,
0.,0.934397584066534),(0.35623188359638,0.,0.934397584066534),(0.,1.,0.),
(-0.146130008619544,0.,0.98926539441186),(0.,-1.,0.),(0.,-1.,0.),(0.139779336014633,
0.,0.990182678713028),(-0.146130008619544,0.,0.98926539441186),(0.,1.,0.),
(0.,1.,0.),(0.139779336014633,0.,0.990182678713028),(-0.622127683523308,
0.,-0.782915797128863),(0.,1.,0.),(-0.622127683523308,0.,-0.782915797128863),
(0.,-1.,0.),(0.,-1.,0.),(0.198110941165476,0.,0.980179603435273),(0.,-1.,
0.),(0.2974719713863,0.,0.954730551642477),(0.,1.,0.),(0.198110941165476,
0.,0.980179603435273),(0.,1.,0.),(0.2974719713863,0.,0.954730551642477),
(0.0130639547611113,0.,0.99991466290179),(0.,-1.,0.),(0.0130639547611113,
0.,0.99991466290179),(0.,1.,0.),(0.,1.,0.),(-0.605312574509981,0.,-0.795987868714153),
(-0.605312574509981,0.,-0.795987868714153),(0.,-1.,0.),(0.,-1.,0.),(0.784392567029649,
0.,0.620264702194666),(0.,-1.,0.),(-0.0203617895680277,0.,0.999792677271437),
(0.,1.,0.),(0.784392567029649,0.,0.620264702194666),(0.,1.,0.),(-0.0203617895680277,
0.,0.999792677271437),(-0.328079033550201,0.,-0.944650278010209),(0.,1.,
0.),(-0.328079033550201,0.,-0.944650278010209),(0.,-1.,0.),(0.,-1.,0.),
(0.352944046899018,0.,0.935644430196933),(0.352944046899018,0.,0.935644430196933),
(0.,1.,0.),(0.,1.,0.),(-0.590463286746468,0.,-0.807064499903545),(-0.590463286746468,
0.,-0.807064499903545),(0.,-1.,0.),(-0.50000738473309,0.,-0.866021140164821),
(0.,1.,0.),(-0.50000738473309,0.,-0.866021140164821),(0.,-1.,0.),(0.,-1.,
0.),(0.371904073948068,0.,0.92827116716013),(0.,-1.,0.),(0.366188599398935,
0.,0.930540654496216),(0.,1.,0.),(0.371904073948068,0.,0.92827116716013),
(0.,1.,0.),(0.366188599398935,0.,0.930540654496216),(-0.576811476094567,
0.,-0.816877298647481),(0.,1.,0.),(-0.576811476094567,0.,-0.816877298647481),
(0.,-1.,0.),(0.,-1.,0.),(0.854397210122111,0.,0.519620445455674),(0.854397210122111,
0.,0.519620445455674),(0.,1.,0.),(0.,1.,0.),(-0.563753065278211,0.,-0.825943388731589),
(-0.563753065278211,0.,-0.825943388731589),(0.,-1.,0.),(-0.550755933167291,
0.,-0.834666341768389),(0.,1.,0.),(-0.550755933167291,0.,-0.834666341768389),
(0.,-1.,0.),(0.,-1.,0.),(0.936595125491786,0.,0.350413428545518),(0.936595125491786,
0.,0.350413428545518),(0.,1.,0.),(0.,1.,0.),(-0.536423862575876,0.,-0.843948718619311),
(-0.536423862575876,0.,-0.843948718619311),(0.,-1.,0.),(0.,-1.,0.),(0.992010964053858,
0.,-0.126151683290138),(0.970420317082991,0.,0.241421639859702),(0.970420317082991,
0.,0.241421639859702),(0.,1.,0.),(0.992010964053858,0.,-0.126151683290138),
(-0.318082708403453,0.,-0.9480629676423),(0.,1.,0.),(-0.318082708403453,
0.,-0.9480629676423),(0.,-1.,0.),(-0.52186556041519,0.,-0.853027746824533),
(0.,1.,0.),(-0.52186556041519,0.,-0.853027746824533),(0.,-1.,0.),(0.,-1.,
0.),(0.976394695505865,0.,-0.215993978129041),(0.976394695505865,0.,-0.215993978129041),
(0.,1.,0.),(0.,1.,0.),(-0.484606051419903,0.,-0.874732516216935),(-0.484606051419903,
0.,-0.874732516216935),(0.,-1.,0.),(0.,-1.,0.),(0.384003694512197,0.,0.923331556160074),
(0.,-1.,0.),(0.378521186693745,0.,0.9255926270363),(0.,1.,0.),(0.384003694512197,
0.,0.923331556160074),(0.,1.,0.),(0.378521186693745,0.,0.9255926270363),
(-0.505416969604745,0.,-0.862875244073879),(0.,1.,0.),(-0.505416969604745,
0.,-0.862875244073879),(0.,-1.,0.),(0.,-1.,0.),(0.973587011372607,0.,-0.228316296585583),
(0.973587011372607,0.,-0.228316296585583),(0.,1.,0.),(0.,1.,0.),(-0.48601281916989,
0.,-0.873951680359124),(-0.48601281916989,0.,-0.873951680359124),(0.,-1.,
0.),(0.,-1.,0.),(0.982403150899238,0.,0.186772720447202),(0.,-1.,0.),(0.998805521343629,
0.,-0.0488623631590026),(0.,1.,0.),(0.982403150899238,0.,0.186772720447202),
(0.,1.,0.),(0.998805521343629,0.,-0.0488623631590026),(-0.461810380804004,
0.,-0.886978676283518),(0.,1.,0.),(-0.461810380804004,0.,-0.886978676283518),
(0.,-1.,0.),(0.,-1.,0.),(0.72257576689747,0.,0.691291733707653),(0.,-1.,
0.),(0.891114947039695,0.,0.453777645066878),(0.,1.,0.),(0.72257576689747,
0.,0.691291733707653),(0.,1.,0.),(0.891114947039695,0.,0.453777645066878),
(-0.449759975155789,0.,-0.893149463834505),(0.,1.,0.),(-0.449759975155789,
0.,-0.893149463834505),(0.,-1.,0.),(0.,-1.,0.),(0.378467369800268,0.,0.925614633633494),
(0.,-1.,0.),(0.534631388234817,0.,0.845085367707968),(0.,1.,0.),(0.378467369800268,
0.,0.925614633633494),(0.,1.,0.),(0.534631388234817,0.,0.845085367707968),
(-0.476083370249585,0.,-0.879400150427436),(0.,1.,0.),(-0.476083370249585,
0.,-0.879400150427436),(0.,-1.,0.),(0.,-1.,0.),(0.0778122920792077,0.,0.996968027171072),
(0.,-1.,0.),(0.248373869552932,0.,0.968664245713293),(0.,-1.,0.),(0.154063068115177,
0.,0.988061015850204),(0.,-1.,0.),(0.087461570809001,0.,0.996167894298758),
(0.,-1.,0.),(0.0356791811699924,0.,0.999363295319094),(0.,1.,0.),(0.0778122920792077,
0.,0.996968027171072),(0.,1.,0.),(0.248373869552932,0.,0.968664245713293),
(0.,1.,0.),(0.154063068115177,0.,0.988061015850204),(0.,1.,0.),(0.087461570809001,
0.,0.996167894298758),(0.,1.,0.),(0.0356791811699924,0.,0.999363295319094),
(-0.309269962769578,0.,-0.950974284683084),(0.,1.,0.),(-0.309269962769578,
0.,-0.950974284683084),(0.,-1.,0.),(0.,-1.,0.),(0.36953554592127,0.,0.929216594933963),
(0.36953554592127,0.,0.929216594933963),(0.,1.,0.),(0.,1.,0.),(-0.469105060367888,
0.,-0.883142368102244),(-0.469105060367888,0.,-0.883142368102244),(0.,-1.,
0.),(0.,-1.,0.),(0.389526944616898,0.,0.921015070135893),(0.389526944616898,
0.,0.921015070135893),(0.,1.,0.),(0.,1.,0.),(-0.522788585467531,0.,-0.852462371547776),
(-0.522788585467531,0.,-0.852462371547776),(0.,-1.,0.),(0.,-1.,0.),(0.186667163288313,
0.,0.982423213360665),(0.186667163288313,0.,0.982423213360665),(0.,1.,0.),
(0.,1.,0.),(-0.577143685779531,0.,-0.816642618263839),(-0.577143685779531,
0.,-0.816642618263839),(0.,-1.,0.),(0.,-1.,0.),(0.252192911417118,0.,0.967676978867926),
(0.252192911417118,0.,0.967676978867926),(0.,1.,0.),(0.,1.,0.),(-0.640664067907454,
0.,-0.767821302187086),(-0.640664067907454,0.,-0.767821302187086),(0.,-1.,
0.),(0.,-1.,0.),(-0.188208684785937,0.,0.982129060241651),(-0.188208684785937,
0.,0.982129060241651),(0.,1.,0.),(0.,1.,0.),(-0.99963637639405,0.,-0.0269650698084137),
(-0.99963637639405,0.,-0.0269650698084137),(0.,-1.,0.),(0.,-1.,0.),(-0.985424519776478,
0.,0.170113244114904),(-0.96756772275876,0.,-0.252611761158161),(0.,1.,
0.),(0.,-1.,0.),(0.789687669220458,0.,0.613509074978651),(-0.96756772275876,
0.,-0.252611761158161),(0.,-1.,0.),(-0.985424519776478,0.,0.170113244114904),
(0.,1.,0.),(0.,1.,0.),(0.789687669220458,0.,0.613509074978651),(-0.948860513531063,
0.,0.315695622176752),(0.,-1.,0.),(-0.948860513531063,0.,0.315695622176752),
(0.,1.,0.),(0.,1.,0.),(-0.890230951868455,0.,-0.455509442641296),(-0.890230951868455,
0.,-0.455509442641296),(0.,-1.,0.),(0.,-1.,0.),(-0.908132653719275,0.,0.418682556656935),
(-0.908132653719275,0.,0.418682556656935),(0.,1.,0.),(0.,1.,0.),(-0.718416843579934,
0.,-0.695612851276229),(-0.718416843579934,0.,-0.695612851276229),(0.,-1.,
0.),(-0.785077077220414,0.,-0.619398081061809),(0.,1.,0.),(-0.785077077220414,
0.,-0.619398081061809),(0.,-1.,0.),(0.,-1.,0.),(0.773751449405128,0.,0.633489301048931),
(0.773751449405128,0.,0.633489301048931),(0.,1.,0.),(-0.876323038058701,
0.,0.481723917786493),(0.,-1.,0.),(0.,-1.,0.),(0.74534335025682,0.,0.666680800854456),
(-0.876323038058701,0.,0.481723917786493),(0.,1.,0.),(0.,1.,0.),(0.74534335025682,
0.,0.666680800854456),(-0.681825952952927,0.,-0.731514435865645),(0.,1.,
0.),(-0.681825952952927,0.,-0.731514435865645),(0.,-1.,0.),(0.,-1.,0.),
(-0.829982980957561,0.,0.557788715662841),(-0.829982980957561,0.,0.557788715662841),
(0.,1.,0.),(-0.296903964171478,0.,0.954907344227314),(0.,-1.,0.),(-0.632643622902387,
0.,0.774443055621872),(-0.632643622902387,0.,0.774443055621872),(-0.296903964171478,
0.,0.954907344227314),(0.,1.,0.),(0.,1.,0.),(-0.601050038047522,0.,-0.79921139366445),
(-0.601050038047522,0.,-0.79921139366445),(0.,-1.,0.),(-0.817824615466539,
0.,-0.575467547596741),(0.,1.,0.),(-0.817824615466539,0.,-0.575467547596741),
(0.,-1.,0.),(0.,-1.,0.),(0.280538398293778,0.,0.959842803318732),(0.280538398293778,
0.,0.959842803318732),(0.,1.,0.),(-0.734271483032675,0.,0.67885594142277),
(0.,-1.,0.),(0.,-1.,0.),(0.658304075448142,0.,0.752752113413418),(-0.734271483032675,
0.,0.67885594142277),(0.,1.,0.),(0.,1.,0.),(0.658304075448142,0.,0.752752113413418),
(-0.539514824594615,0.,-0.84197610063626),(0.,1.,0.),(-0.539514824594615,
0.,-0.84197610063626),(0.,-1.,0.),(0.,-1.,0.),(-0.632643622902387,0.,0.774443055621872),
(-0.955779008721958,0.,0.294085848837499),(-0.632643622902387,0.,0.774443055621872),
(-0.955779008721958,0.,0.294085848837499),(0.,1.,0.),(0.,1.,0.),(-0.935794855668902,
0.,-0.352545015712347),(-0.935794855668902,0.,-0.352545015712347),(0.,-1.,
0.),(0.,-1.,0.),(-0.955779008721958,0.,0.294085848837499),(-0.980177570658928,
0.,-0.198120998324665),(-0.955779008721958,0.,0.294085848837499),(-0.980177570658928,
0.,-0.198120998324665),(0.,1.,0.),(-0.590213622857222,0.,0.807247099340563),
(0.,-1.,0.),(0.,-1.,0.),(0.552574908993821,0.,0.833463238511736),(-0.590213622857222,
0.,0.807247099340563),(0.,1.,0.),(0.,1.,0.),(0.552574908993821,0.,0.833463238511736),
(-0.516037903985656,0.,-0.856565748585648),(0.,1.,0.),(-0.516037903985656,
0.,-0.856565748585648),(0.,-1.,0.),(-0.534482673341107,0.,-0.845179431776557),
(0.,1.,0.),(-0.534482673341107,0.,-0.845179431776557),(0.,-1.,0.),(0.,-1.,
0.),(-0.419026359352666,0.,0.907974069105308),(0.,-1.,0.),(0.431144150443826,
0.,0.902283060651186),(-0.419026359352666,0.,0.907974069105308),(0.,1.,
0.),(0.431144150443826,0.,0.902283060651186),(0.,1.,0.),(0.,1.,0.),(-0.453514311830096,
0.,-0.891248993808843),(-0.453514311830096,0.,-0.891248993808843),(0.,-1.,
0.),(0.,-1.,0.),(0.399783278308255,0.,0.916609693591064),(0.,-1.,0.),(0.394645852653728,
0.,0.918833309683107),(0.,1.,0.),(0.399783278308255,0.,0.916609693591064),
(0.,1.,0.),(0.394645852653728,0.,0.918833309683107),(-0.561176833000925,
0.,-0.827695935777778),(0.,1.,0.),(-0.561176833000925,0.,-0.827695935777778),
(0.,-1.,0.),(0.,-1.,0.),(0.72668002701196,0.,0.686976082801939),(0.72668002701196,
0.,0.686976082801939),(0.,1.,0.),(0.,1.,0.),(-0.300826820735719,0.,-0.953678784458394),
(-0.300826820735719,0.,-0.953678784458394),(0.,-1.,0.),(0.,-1.,0.),(0.395336082629719,
0.,0.918536543514186),(0.395336082629719,0.,0.918536543514186),(0.,1.,0.),
(-0.234334011219174,0.,0.972156145475577),(0.,-1.,0.),(0.,-1.,0.),(0.292449850984779,
0.,0.956280860761618),(-0.234334011219174,0.,0.972156145475577),(0.,1.,
0.),(0.,1.,0.),(0.292449850984779,0.,0.956280860761618),(-0.579095969684292,
0.,-0.815259380746649),(0.,1.,0.),(-0.579095969684292,0.,-0.815259380746649),
(0.,-1.,0.),(-0.593393333100638,0.,-0.804912636397091),(0.,1.,0.),(-0.593393333100638,
0.,-0.804912636397091),(0.,-1.,0.),(0.,-1.,0.),(-0.0467914219728442,0.,
0.99890468155363),(0.,-1.,0.),(0.132401506864236,0.,0.991196166750094),
(-0.0467914219728442,0.,0.99890468155363),(0.,1.,0.),(0.132401506864236,
0.,0.991196166750094),(0.,1.,0.),(0.,1.,0.),(-0.608354279130149,0.,-0.793665591457786),
(-0.608354279130149,0.,-0.793665591457786),(0.,-1.,0.),(0.,-1.,0.),(0.679002264579317,
0.,0.734136175853063),(0.679002264579317,0.,0.734136175853063),(0.,1.,0.),
(0.,1.,0.),(-0.617548701650341,0.,-0.786532644643551),(-0.617548701650341,
0.,-0.786532644643551),(0.,-1.,0.),(-0.625966803066049,0.,-0.779849704404169),
(0.,1.,0.),(-0.625966803066049,0.,-0.779849704404169),(0.,-1.,0.),(-0.635002355574181,
0.,-0.772510199554182),(0.,1.,0.),(-0.635002355574181,0.,-0.772510199554182),
(0.,-1.,0.),(0.,-1.,0.),(0.630123573044671,0.,0.776494869714809),(0.630123573044671,
0.,0.776494869714809),(0.,1.,0.),(0.,1.,0.),(-0.643789599569545,0.,-0.765202555854386),
(-0.643789599569545,0.,-0.765202555854386),(0.,-1.,0.),(-0.43788328566487,
0.,-0.899031828210402),(0.,1.,0.),(-0.43788328566487,0.,-0.899031828210402),
(0.,-1.,0.),(0.,-1.,0.),(0.410323894285955,0.,0.911939856447786),(0.,-1.,
0.),(0.404917403114609,0.,0.914353266880434),(0.,1.,0.),(0.410323894285955,
0.,0.911939856447786),(0.,1.,0.),(0.404917403114609,0.,0.914353266880434),
(-0.652968011481716,0.,-0.757385487041845),(0.,1.,0.),(-0.652968011481716,
0.,-0.757385487041845),(0.,-1.,0.),(0.,-1.,0.),(0.575961864885965,0.,0.817476562475697),
(0.575961864885965,0.,0.817476562475697),(0.,1.,0.),(0.,1.,0.),(-0.29205086936601,
0.,-0.956402786331448),(-0.29205086936601,0.,-0.956402786331448),(0.,-1.,
0.),(0.,-1.,0.),(0.464323056225608,0.,0.885665907358588),(0.,-1.,0.),(0.431994418609744,
0.,0.901876278815465),(0.,1.,0.),(0.464323056225608,0.,0.885665907358588),
(0.,1.,0.),(0.431994418609744,0.,0.901876278815465),(-0.661516696731543,
0.,-0.74993043673756),(0.,1.,0.),(-0.661516696731543,0.,-0.74993043673756),
(0.,-1.,0.),(-0.679695847842805,0.,-0.733494072522233),(0.,1.,0.),(-0.679695847842805,
0.,-0.733494072522233),(0.,-1.,0.),(0.,-1.,0.),(0.512976047333026,0.,0.858402921047328),
(0.512976047333026,0.,0.858402921047328),(0.,1.,0.),(0.,1.,0.),(-0.722220656394507,
0.,-0.69166272378746),(-0.722220656394507,0.,-0.69166272378746),(0.,-1.,
0.),(0.,-1.,0.),(0.335517709632919,0.,0.942033898818233),(0.,-1.,0.),(0.43693968587641,
0.,0.899490806460091),(0.,1.,0.),(0.335517709632919,0.,0.942033898818233),
(0.,1.,0.),(0.43693968587641,0.,0.899490806460091),(-0.794762742015384,
0.,-0.606920245093363),(0.,1.,0.),(-0.794762742015384,0.,-0.606920245093363),
(0.,-1.,0.),(0.,-1.,0.),(-0.0314119266417458,0.,0.999506523672884),(0.,
-1.,0.),(0.188905262969954,0.,0.981995316497107),(0.,1.,0.),(-0.0314119266417458,
0.,0.999506523672884),(0.,1.,0.),(0.188905262969954,0.,0.981995316497107),
(-0.429170372637991,0.,-0.903223555521981),(0.,1.,0.),(-0.429170372637991,
0.,-0.903223555521981),(0.,-1.,0.),(0.,-1.,0.),(0.41723987831516,0.,0.908796393007559),
(0.41723987831516,0.,0.908796393007559),(0.,1.,0.),(-0.173431973782293,
0.,0.984845851120864),(0.,-1.,0.),(-0.821855834466861,0.,0.56969552161903),
(0.,-1.,0.),(0.727752014481121,0.,0.685840364384213),(-0.173431973782293,
0.,0.984845851120864),(-0.821855834466861,0.,0.56969552161903),(0.,1.,0.),
(0.,1.,0.),(0.727752014481121,0.,0.685840364384213),(-0.916478045513608,
0.,-0.400084981087216),(0.,1.,0.),(-0.916478045513608,0.,-0.400084981087216),
(0.,-1.,0.),(0.,-1.,0.),(0.679894634150734,0.,0.733309816143926),(0.,-1.,
0.),(0.639151683153688,0.,0.769080701826413),(0.,1.,0.),(0.679894634150734,
0.,0.733309816143926),(0.,1.,0.),(0.639151683153688,0.,0.769080701826413),
(-0.821855834466861,0.,0.56969552161903),(0.,-1.,0.),(-0.970899208007845,
0.,-0.239488471308621),(-0.970899208007845,0.,-0.239488471308621),(-0.821855834466861,
0.,0.56969552161903),(0.,1.,0.),(0.,1.,0.),(-0.281811913979932,0.,-0.959469668691495),
(-0.281811913979932,0.,-0.959469668691495),(0.,-1.,0.),(0.,-1.,0.),(0.502028578320848,
0.,0.864851031420526),(0.,-1.,0.),(0.484795926078278,0.,0.874627297800557),
(0.,1.,0.),(0.502028578320848,0.,0.864851031420526),(0.,1.,0.),(0.484795926078278,
0.,0.874627297800557),(-0.435328715601657,0.,-0.900271575344136),(0.,1.,
0.),(-0.435328715601657,0.,-0.900271575344136),(0.,-1.,0.),(0.,-1.,0.),
(0.424962676113627,0.,0.905210872620487),(0.424962676113627,0.,0.905210872620487),
(0.,1.,0.),(0.,1.,0.),(-0.268771122300916,0.,-0.963204071740307),(-0.268771122300916,
0.,-0.963204071740307),(0.,-1.,0.),(0.,-1.,0.),(0.51808406092091,0.,0.855329705914449),
(0.51808406092091,0.,0.855329705914449),(0.,1.,0.),(0.,1.,0.),(-0.447845360201868,
0.,-0.894111029652167),(-0.447845360201868,0.,-0.894111029652167),(0.,-1.,
0.),(0.,-1.,0.),(0.434515596051946,0.,0.900664308600947),(0.434515596051946,
0.,0.900664308600947),(0.,1.,0.),(0.,1.,0.),(-0.459424776225541,0.,-0.888216682454294),
(-0.459424776225541,0.,-0.888216682454294),(0.,-1.,0.),(0.,-1.,0.),(0.442816179645689,
0.,0.896612419635149),(0.442816179645689,0.,0.896612419635149),(0.,1.,0.),
(0.,1.,0.),(-0.470911189068016,0.,-0.882180623234577),(-0.470911189068016,
0.,-0.882180623234577),(0.,-1.,0.),(-0.249607883750353,0.,-0.968346995848942),
(0.,1.,0.),(-0.249607883750353,0.,-0.968346995848942),(0.,-1.,0.),(0.,-1.,
0.),(0.546082519882617,0.,0.837731389813377),(0.,-1.,0.),(0.532737473166749,
0.,0.846280559084224),(0.,1.,0.),(0.546082519882617,0.,0.837731389813377),
(0.,1.,0.),(0.532737473166749,0.,0.846280559084224),(-0.996283938255762,
0.,-0.0861296370222706),(0.,1.,0.),(-0.999986011604197,0.,0.00528929068314409),
(0.,-1.,0.),(-0.999986011604197,0.,0.00528929068314409),(0.,1.,0.),(-0.993750416938008,
0.,0.111624857605892),(0.,-1.,0.),(0.,-1.,0.),(-0.996283938255762,0.,-0.0861296370222706),
(0.,-1.,0.),(0.761081015365052,0.,0.648656833811917),(0.,-1.,0.),(0.766910144643873,
0.,0.641754493589498),(0.,-1.,0.),(0.775740323977686,0.,0.63105225596221),
(0.,1.,0.),(0.761081015365052,0.,0.648656833811917),(-0.993750416938008,
0.,0.111624857605892),(0.,1.,0.),(0.,1.,0.),(0.766910144643873,0.,0.641754493589498),
(0.,1.,0.),(0.775740323977686,0.,0.63105225596221),(-0.985868552882074,
0.,-0.167520734353109),(0.,1.,0.),(-0.985868552882074,0.,-0.167520734353109),
(0.,-1.,0.),(0.,-1.,0.),(0.710907295397507,0.,0.703285729522931),(0.,-1.,
0.),(0.73510381047308,0.,0.677954561772364),(0.,1.,0.),(0.710907295397507,
0.,0.703285729522931),(0.,1.,0.),(0.73510381047308,0.,0.677954561772364),
(-0.970641608756244,0.,0.240530387583546),(0.,-1.,0.),(0.,-1.,0.),(0.726992753377948,
0.,0.686645131444147),(0.,-1.,0.),(0.747550193213542,0.,0.664205321136767),
(-0.970641608756244,0.,0.240530387583546),(0.,1.,0.),(0.,1.,0.),(0.726992753377948,
0.,0.686645131444147),(0.,1.,0.),(0.747550193213542,0.,0.664205321136767),
(-0.970742739255987,0.,-0.240121915246781),(0.,1.,0.),(-0.970742739255987,
0.,-0.240121915246781),(0.,-1.,0.),(0.,-1.,0.),(0.688420876037345,0.,0.725311448576385),
(0.688420876037345,0.,0.725311448576385),(0.,1.,0.),(-0.915751784452235,
0.,0.401744532349287),(0.,-1.,0.),(0.,-1.,0.),(0.705652436579075,0.,0.708558140698429),
(-0.915751784452235,0.,0.401744532349287),(0.,1.,0.),(0.,1.,0.),(0.705652436579075,
0.,0.708558140698429),(-0.803595054333747,0.,0.595176434891656),(0.,-1.,
0.),(0.,-1.,0.),(0.652195722714523,0.,0.758050617883055),(0.,-1.,0.),(0.681172544804795,
0.,0.732122916049047),(-0.803595054333747,0.,0.595176434891656),(0.,1.,
0.),(0.,1.,0.),(0.652195722714523,0.,0.758050617883055),(0.,1.,0.),(0.681172544804795,
0.,0.732122916049047),(-0.951812531728885,0.,-0.306680459833767),(0.,1.,
0.),(-0.951812531728885,0.,-0.306680459833767),(0.,-1.,0.),(0.,-1.,0.),
(0.648026536032597,0.,0.761617757538251),(0.,-1.,0.),(0.668598461207966,
0.,0.743623626352969),(0.,1.,0.),(0.648026536032597,0.,0.761617757538251),
(0.,1.,0.),(0.668598461207966,0.,0.743623626352969),(-0.606330215263897,
0.,0.795212971510171),(0.,-1.,0.),(0.,-1.,0.),(0.573324523968666,0.,0.819328377523995),
(0.,-1.,0.),(0.619097814950735,0.,0.785313883439753),(-0.606330215263897,
0.,0.795212971510171),(0.,1.,0.),(0.,1.,0.),(0.573324523968666,0.,0.819328377523995),
(0.,1.,0.),(0.619097814950735,0.,0.785313883439753),(-0.936725916621517,
0.,-0.350063647255151),(0.,1.,0.),(-0.936725916621517,0.,-0.350063647255151),
(0.,-1.,0.),(0.,-1.,0.),(0.576079675469124,0.,0.817393545063447),(0.,-1.,
0.),(0.625875520301683,0.,0.779922966123641),(0.,-1.,0.),(0.601803598948803,
0.,0.798644118673811),(0.,1.,0.),(0.576079675469124,0.,0.817393545063447),
(0.,1.,0.),(0.625875520301683,0.,0.779922966123641),(0.,1.,0.),(0.601803598948803,
0.,0.798644118673811),(-0.481367069248701,0.,-0.87651910683277),(0.,1.,
0.),(-0.481367069248701,0.,-0.87651910683277),(0.,-1.,0.),(0.,-1.,0.),(0.440095398497693,
0.,0.897951023286435),(0.440095398497693,0.,0.897951023286435),(0.,1.,0.),
(-0.163108600646832,0.,0.98660812098575),(0.,-1.,0.),(-0.527585437375782,
0.,0.849501975435611),(-0.527585437375782,0.,0.849501975435611),(-0.163108600646832,
0.,0.98660812098575),(0.,1.,0.),(-0.320653476531788,0.,0.94719657304494),
(0.,-1.,0.),(0.,-1.,0.),(0.511173411996366,0.,0.859477598816859),(-0.320653476531788,
0.,0.94719657304494),(0.,1.,0.),(0.,1.,0.),(0.511173411996366,0.,0.859477598816859),
(-0.935506080966452,0.,-0.35331058924803),(0.,1.,0.),(-0.935506080966452,
0.,-0.35331058924803),(0.,-1.,0.),(0.,-1.,0.),(0.544813518103493,0.,0.838557231494485),
(0.544813518103493,0.,0.838557231494485),(0.,1.,0.),(0.,1.,0.),(-0.944303372758291,
0.,-0.329076192085232),(-0.944303372758291,0.,-0.329076192085232),(0.,-1.,
0.),(0.,-1.,0.),(0.483175307286829,0.,0.875523627567114),(0.,-1.,0.),(0.506661756156701,
0.,0.862144921024423),(0.,1.,0.),(0.483175307286829,0.,0.875523627567114),
(0.,1.,0.),(0.506661756156701,0.,0.862144921024423),(-0.00238376990809609,
0.,0.999997158816476),(0.,-1.,0.),(0.,-1.,0.),(0.256305728847388,0.,0.96659576522971),
(0.,-1.,0.),(0.417993546651126,0.,0.90844999584898),(-0.00238376990809609,
0.,0.999997158816476),(0.,1.,0.),(0.,1.,0.),(0.256305728847388,0.,0.96659576522971),
(0.,1.,0.),(0.417993546651126,0.,0.90844999584898),(-0.953007217496957,
0.,-0.302947591835136),(0.,1.,0.),(-0.953007217496957,0.,-0.302947591835136),
(0.,-1.,0.),(0.,-1.,0.),(-0.527585437375782,0.,0.849501975435611),(-0.873197702014892,
0.,0.487366159264175),(-0.527585437375782,0.,0.849501975435611),(-0.873197702014892,
0.,0.487366159264175),(0.,1.,0.),(0.,1.,0.),(-0.960541676974486,0.,-0.278136094017015),
(-0.960541676974486,0.,-0.278136094017015),(0.,-1.,0.),(0.,-1.,0.),(0.496920725724743,
0.,0.867795939345878),(0.496920725724743,0.,0.867795939345878),(0.,1.,0.),
(0.,1.,0.),(-0.968921855301746,0.,-0.24736701137909),(-0.968921855301746,
0.,-0.24736701137909),(0.,-1.,0.),(0.,-1.,0.),(0.531582225864798,0.,0.847006692502856),
(0.531582225864798,0.,0.847006692502856),(0.,1.,0.),(0.,1.,0.),(-0.976914977939301,
0.,-0.213628476280327),(-0.976914977939301,0.,-0.213628476280327),(0.,-1.,
0.),(-0.985275993796682,0.,-0.170971389559661),(0.,1.,0.),(-0.985275993796682,
0.,-0.170971389559661),(0.,-1.,0.),(0.,-1.,0.),(0.566067713329553,0.,0.824358747103378),
(0.566067713329553,0.,0.824358747103378),(0.,1.,0.),(-0.942128879139736,
0.,0.335250913631724),(0.,-1.,0.),(0.,-1.,0.),(0.601360501418201,0.,0.7989778140437),
(-0.942128879139736,0.,0.335250913631724),(0.,1.,0.),(0.,1.,0.),(0.601360501418201,
0.,0.7989778140437),(-0.99355788344894,0.,-0.113325779222839),(0.,1.,0.),
(-0.99355788344894,0.,-0.113325779222839),(0.,-1.,0.),(0.,-1.,0.),(-0.995158165644308,
0.,0.0982864454106307),(-0.995158165644308,0.,0.0982864454106307),(0.,1.,
0.),(0.,1.,0.),(-0.999569531902251,0.,-0.0293385564183948),(-0.999569531902251,
0.,-0.0293385564183948),(0.,-1.,0.),(-0.492234757675229,0.,-0.870462488184533),
(0.,1.,0.),(-0.492234757675229,0.,-0.870462488184533),(0.,-1.,0.),(-0.213848357505911,
0.,-0.976866869123948),(0.,1.,0.),(-0.213848357505911,0.,-0.976866869123948),
(0.,-1.,0.),(-0.503661935708693,0.,-0.863900836044376),(0.,1.,0.),(-0.503661935708693,
0.,-0.863900836044376),(0.,-1.,0.),(0.,-1.,0.),(0.42128485225972,0.,0.906928372726593),
(0.42128485225972,0.,0.906928372726593),(0.,1.,0.),(0.,1.,0.),(-0.194588007710956,
0.,-0.980885063223557),(-0.194588007710956,0.,-0.980885063223557),(0.,-1.,
0.),(0.,-1.,0.),(0.5592187522801,0.,0.829020136726659),(0.5592187522801,
0.,0.829020136726659),(0.,1.,0.),(0.,1.,0.),(-0.516292345582485,0.,-0.856412408768659),
(-0.516292345582485,0.,-0.856412408768659),(0.,-1.,0.),(-0.252386871628616,
0.,-0.967626408811541),(0.,1.,0.),(-0.252386871628616,0.,-0.967626408811541),
(0.,-1.,0.),(-0.52989901400522,0.,-0.848060749567091),(0.,1.,0.),(-0.52989901400522,
0.,-0.848060749567091),(0.,-1.,0.),(0.,-1.,0.),(0.383986333166065,0.,0.923338776366334),
(0.383986333166065,0.,0.923338776366334),(0.,1.,0.),(0.,1.,0.),(-0.54786687428945,
0.,-0.836565531238473),(-0.54786687428945,0.,-0.836565531238473),(0.,-1.,
0.),(0.,-1.,0.),(0.322597543776227,0.,0.946536224742374),(0.322597543776227,
0.,0.946536224742374),(0.,1.,0.),(0.,1.,0.),(-0.347165789319678,0.,-0.937803771972604),
(-0.347165789319678,0.,-0.937803771972604),(0.,-1.,0.),(0.,-1.,0.),(0.573192380331548,
0.,0.819420829079817),(0.573192380331548,0.,0.819420829079817),(0.,1.,0.),
(0.,1.,0.),(-0.570797893500742,0.,-0.821090594742819),(-0.570797893500742,
0.,-0.821090594742819),(0.,-1.,0.),(0.,-1.,0.),(-0.0156907423346211,0.,
0.999876892724794),(0.,-1.,0.),(0.231146813701071,0.,0.972918881775784),
(0.,-1.,0.),(0.113149814565701,0.,0.993577938293593),(0.,1.,0.),(-0.0156907423346211,
0.,0.999876892724794),(0.,1.,0.),(0.231146813701071,0.,0.972918881775784),
(0.,1.,0.),(0.113149814565701,0.,0.993577938293593),(-0.424110919670854,
0.,-0.905610251607137),(0.,1.,0.),(-0.424110919670854,0.,-0.905610251607137),
(0.,-1.,0.),(0.,-1.,0.),(0.588628410251436,0.,0.808403732453573),(0.588628410251436,
0.,0.808403732453573),(0.,1.,0.),(0.,1.,0.),(-0.587864592050179,0.,-0.808959344722389),
(-0.587864592050179,0.,-0.808959344722389),(0.,-1.,0.),(-0.589651249438137,
0.,-0.80765797466257),(0.,1.,0.),(-0.589651249438137,0.,-0.80765797466257),
(0.,-1.,0.),(0.,-1.,0.),(0.691510483470991,0.,-0.722366424503324),(0.691510483470991,
0.,-0.722366424503324),(0.,1.,0.),(0.,1.,0.),(-0.484766582466112,0.,-0.874643561986325),
(-0.484766582466112,0.,-0.874643561986325),(0.,-1.,0.),(0.,-1.,0.),(0.606029065720576,
0.,0.795442500437239),(0.606029065720576,0.,0.795442500437239),(0.,1.,0.),
(0.,1.,0.),(-0.580991612137563,0.,-0.813909544498524),(-0.580991612137563,
0.,-0.813909544498524),(0.,-1.,0.),(0.,-1.,0.),(0.673233935251348,0.,-0.739429556094415),
(0.673233935251348,0.,-0.739429556094415),(0.,1.,0.),(0.,1.,0.),(-0.573424412614627,
0.,-0.81925847143473),(-0.573424412614627,0.,-0.81925847143473),(0.,-1.,
0.),(-0.566414207919105,0.,-0.824120710252674),(0.,1.,0.),(-0.566414207919105,
0.,-0.824120710252674),(0.,-1.,0.),(-0.530487137725267,0.,-0.847692984935026),
(0.,1.,0.),(-0.530487137725267,0.,-0.847692984935026),(0.,-1.,0.),(0.,-1.,
0.),(0.640307451679018,0.,0.768118719550775),(0.,-1.,0.),(0.625776052193756,
0.,0.780002777239157),(0.,1.,0.),(0.640307451679018,0.,0.768118719550775),
(0.,1.,0.),(0.625776052193756,0.,0.780002777239157),(-0.559214542339679,
0.,-0.829022976542763),(0.,1.,0.),(-0.559214542339679,0.,-0.829022976542763),
(0.,-1.,0.),(0.,-1.,0.),(0.648077918892604,0.,-0.761574035169157),(0.648077918892604,
0.,-0.761574035169157),(0.,1.,0.),(0.,1.,0.),(-0.553563677146292,0.,-0.832806853564664),
(-0.553563677146292,0.,-0.832806853564664),(0.,-1.,0.),(-0.565156155665838,
0.,-0.824983951185119),(0.,1.,0.),(-0.565156155665838,0.,-0.824983951185119),
(0.,-1.,0.),(0.,-1.,0.),(0.62964337847323,0.,0.776884300230618),(0.,-1.,
0.),(0.639501731436149,0.,0.768789656206539),(0.,1.,0.),(0.62964337847323,
0.,0.776884300230618),(0.,1.,0.),(0.639501731436149,0.,0.768789656206539),
(-0.546949557907876,0.,-0.837165563735381),(0.,1.,0.),(-0.546949557907876,
0.,-0.837165563735381),(0.,-1.,0.),(0.,-1.,0.),(0.615573533519181,0.,-0.788079453374284),
(0.615573533519181,0.,-0.788079453374284),(0.,1.,0.),(0.,1.,0.),(-0.539350496795807,
0.,-0.84208137469375),(-0.539350496795807,0.,-0.84208137469375),(0.,-1.,
0.),(-0.591718060331945,0.,-0.806144985146593),(0.,1.,0.),(-0.591718060331945,
0.,-0.806144985146593),(0.,-1.,0.),(0.,-1.,0.),(0.615487104650321,0.,0.788146955845904),
(0.,-1.,0.),(0.621606099214327,0.,0.783329979906009),(0.,1.,0.),(0.615487104650321,
0.,0.788146955845904),(0.,1.,0.),(0.621606099214327,0.,0.783329979906009),
(-0.532165084166706,0.,-0.84664061040907),(0.,1.,0.),(-0.532165084166706,
0.,-0.84664061040907),(0.,-1.,0.),(-0.523774522193271,0.,-0.85185694215708),
(0.,1.,0.),(-0.523774522193271,0.,-0.85185694215708),(0.,-1.,0.),(0.,-1.,
0.),(0.575511841498648,0.,-0.817793445984275),(0.575511841498648,0.,-0.817793445984275),
(0.,1.,0.),(0.,1.,0.),(-0.514067664880916,0.,-0.857749634755901),(-0.514067664880916,
0.,-0.857749634755901),(0.,-1.,0.),(-0.612322525873275,0.,-0.790608072503799),
(0.,1.,0.),(-0.612322525873275,0.,-0.790608072503799),(0.,-1.,0.),(0.,-1.,
0.),(0.596139667771237,0.,0.802880748623106),(0.,-1.,0.),(0.60908147442537,
0.,0.793107658210295),(0.,-1.,0.),(0.602496593906373,0.,0.798121453371114),
(0.,1.,0.),(0.596139667771237,0.,0.802880748623106),(0.,1.,0.),(0.60908147442537,
0.,0.793107658210295),(0.,1.,0.),(0.602496593906373,0.,0.798121453371114),
(-0.521519686764995,0.,-0.853239249165521),(0.,1.,0.),(-0.521519686764995,
0.,-0.853239249165521),(0.,-1.,0.),(0.,-1.,0.),(0.52871022069724,0.,-0.848802393098815),
(0.52871022069724,0.,-0.848802393098815),(0.,1.,0.),(0.,1.,0.),(-0.555928039114357,
0.,-0.831230422522219),(-0.555928039114357,0.,-0.831230422522219),(0.,-1.,
0.),(-0.591078048930566,0.,-0.806614368873029),(0.,1.,0.),(-0.591078048930566,
0.,-0.806614368873029),(0.,-1.,0.),(0.,-1.,0.),(0.479218519367432,0.,-0.877695625313973),
(0.479218519367432,0.,-0.877695625313973),(0.,1.,0.),(0.,1.,0.),(-0.627990592138175,
0.,-0.7782209301901),(-0.627990592138175,0.,-0.7782209301901),(0.,-1.,0.),
(0.,-1.,0.),(0.577354861103051,0.,0.816493333935236),(0.,-1.,0.),(0.590596775655393,
0.,0.806966820002814),(0.,-1.,0.),(0.58426754244992,0.,0.811561112202606),
(0.,1.,0.),(0.577354861103051,0.,0.816493333935236),(0.,1.,0.),(0.590596775655393,
0.,0.806966820002814),(0.,1.,0.),(0.58426754244992,0.,0.811561112202606),
(-0.612086951020351,0.,-0.790790468070152),(0.,1.,0.),(-0.612086951020351,
0.,-0.790790468070152),(0.,-1.,0.),(0.,-1.,0.),(0.431469612595076,0.,-0.902127470708577),
(0.431469612595076,0.,-0.902127470708577),(0.,1.,0.),(0.,1.,0.),(-0.62707746773932,
0.,-0.778956898328555),(-0.62707746773932,0.,-0.778956898328555),(0.,-1.,
0.),(0.,-1.,0.),(0.389332426616916,0.,-0.921097313851573),(0.389332426616916,
0.,-0.921097313851573),(0.,1.,0.),(0.,1.,0.),(-0.639293402297417,0.,-0.76896290273263),
(-0.639293402297417,0.,-0.76896290273263),(0.,-1.,0.),(0.,-1.,0.),(0.355448135783317,
0.,-0.934696005537717),(0.355448135783317,0.,-0.934696005537717),(0.,1.,
0.),(0.,1.,0.),(-0.639804027972461,0.,-0.768538096511952),(-0.639804027972461,
0.,-0.768538096511952),(0.,-1.,0.),(0.,-1.,0.),(0.582462789063084,0.,0.8128573671665),
(0.,-1.,0.),(0.567906544182119,0.,0.823093042781388),(0.,-1.,0.),(0.563537748251583,
0.,0.826090313643451),(0.,-1.,0.),(0.571598595615744,0.,0.820533390844096),
(0.,1.,0.),(0.582462789063084,0.,0.8128573671665),(0.,1.,0.),(0.567906544182119,
0.,0.823093042781388),(0.,1.,0.),(0.563537748251583,0.,0.826090313643451),
(0.,1.,0.),(0.571598595615744,0.,0.820533390844096),(-0.648501173633147,
0.,-0.761213654499465),(0.,1.,0.),(-0.648501173633147,0.,-0.761213654499465),
(0.,-1.,0.),(0.,-1.,0.),(0.397446990538274,0.,-0.917625135723771),(0.,-1.,
0.),(0.361108811211506,0.,-0.932523686811983),(0.,-1.,0.),(0.342039165157681,
0.,-0.939685697187223),(0.,1.,0.),(0.397446990538274,0.,-0.917625135723771),
(0.,1.,0.),(0.361108811211506,0.,-0.932523686811983),(0.,1.,0.),(0.342039165157681,
0.,-0.939685697187223),(-0.656357600300897,0.,-0.754449932419142),(0.,1.,
0.),(-0.656357600300897,0.,-0.754449932419142),(0.,-1.,0.),(0.,-1.,0.),
(0.474462350475674,0.,-0.880275796543957),(0.,-1.,0.),(0.435365372204063,
0.,-0.900253849025716),(0.,1.,0.),(0.474462350475674,0.,-0.880275796543957),
(0.,1.,0.),(0.435365372204063,0.,-0.900253849025716),(-0.649011557192656,
0.,-0.760778547693325),(0.,1.,0.),(-0.649011557192656,0.,-0.760778547693325),
(0.,-1.,0.),(0.,-1.,0.),(0.607987291441815,0.,0.793946757311373),(0.,-1.,
0.),(0.590229254603954,0.,0.807235670055319),(0.,-1.,0.),(0.596666383996451,
0.,0.80248939320629),(0.,-1.,0.),(0.602628290140986,0.,0.798022019697296),
(0.,1.,0.),(0.607987291441815,0.,0.793946757311373),(0.,1.,0.),(0.590229254603954,
0.,0.807235670055319),(0.,1.,0.),(0.596666383996451,0.,0.80248939320629),
(0.,1.,0.),(0.602628290140986,0.,0.798022019697296),(-0.664327992622301,
0.,-0.747441180440591),(0.,1.,0.),(-0.664327992622301,0.,-0.747441180440591),
(0.,-1.,0.),(0.,-1.,0.),(0.547078163690088,0.,-0.837081526981382),(0.,-1.,
0.),(0.51223261936609,0.,-0.858846752137629),(0.,1.,0.),(0.547078163690088,
0.,-0.837081526981382),(0.,1.,0.),(0.51223261936609,0.,-0.858846752137629),
(-0.671821360030093,0.,-0.740713210498717),(0.,1.,0.),(-0.671821360030093,
0.,-0.740713210498717),(0.,-1.,0.),(0.,-1.,0.),(0.600755883685751,0.,-0.799432528870919),
(0.,-1.,0.),(0.576843316675174,0.,-0.816854814521642),(0.,1.,0.),(0.600755883685751,
0.,-0.799432528870919),(0.,1.,0.),(0.576843316675174,0.,-0.816854814521642),
(-0.651885527412009,0.,-0.758317386818189),(0.,1.,0.),(-0.651885527412009,
0.,-0.758317386818189),(0.,-1.,0.),(0.,-1.,0.),(0.622961979946886,0.,0.782252115075859),
(0.,-1.,0.),(0.613044815779636,0.,0.790048133879013),(0.,-1.,0.),(0.617507930547217,
0.,0.786564654501646),(0.,1.,0.),(0.622961979946886,0.,0.782252115075859),
(0.,1.,0.),(0.613044815779636,0.,0.790048133879013),(0.,1.,0.),(0.617507930547217,
0.,0.786564654501646),(-0.678771233891335,0.,-0.734349788616865),(0.,1.,
0.),(-0.678771233891335,0.,-0.734349788616865),(0.,-1.,0.),(0.,-1.,0.),
(0.620412194365645,0.,-0.784275913873686),(0.620412194365645,0.,-0.784275913873686),
(0.,1.,0.),(0.,1.,0.),(-0.686321248690188,0.,-0.727298524401323),(-0.686321248690188,
0.,-0.727298524401323),(0.,-1.,0.),(0.,-1.,0.),(0.635136317590791,0.,-0.772400063488611),
(0.635136317590791,0.,-0.772400063488611),(0.,1.,0.),(0.,1.,0.),(-0.643837556741262,
0.,-0.765162205371803),(-0.643837556741262,0.,-0.765162205371803),(0.,-1.,
0.),(0.,-1.,0.),(0.634135172315044,0.,0.773222208186605),(0.,-1.,0.),(0.628714966636191,
0.,0.777635834261548),(0.,1.,0.),(0.634135172315044,0.,0.773222208186605),
(0.,1.,0.),(0.628714966636191,0.,0.777635834261548),(-0.690042440082332,
0.,-0.72376890710034),(0.,1.,0.),(-0.690042440082332,0.,-0.72376890710034),
(0.,-1.,0.),(0.,-1.,0.),(0.646316907807052,0.,-0.763069102167511),(0.646316907807052,
0.,-0.763069102167511),(0.,1.,0.),(0.,1.,0.),(-0.62869058673589,0.,-0.777655544665942),
(-0.62869058673589,0.,-0.777655544665942),(0.,-1.,0.),(0.,-1.,0.),(0.637930919958628,
0.,0.770093592598158),(0.637930919958628,0.,0.770093592598158),(0.,1.,0.),
(0.,1.,0.),(-0.68685022179056,0.,-0.726798990661282),(-0.68685022179056,
0.,-0.726798990661282),(0.,-1.,0.),(0.,-1.,0.),(0.647721215131068,0.,-0.761877435988973),
(0.647721215131068,0.,-0.761877435988973),(0.,1.,0.),(0.,1.,0.),(-0.681056821894756,
0.,-0.73223056843498),(-0.681056821894756,0.,-0.73223056843498),(0.,-1.,
0.),(-0.609294848120162,0.,-0.792943748354338),(0.,1.,0.),(-0.609294848120162,
0.,-0.792943748354338),(0.,-1.,0.),(0.,-1.,0.),(0.633249748426336,0.,0.773947515092582),
(0.,-1.,0.),(0.636769659271435,0.,0.771054084374981),(0.,1.,0.),(0.633249748426336,
0.,0.773947515092582),(0.,1.,0.),(0.636769659271435,0.,0.771054084374981),
(-0.675458643554049,0.,-0.737397871469754),(0.,1.,0.),(-0.675458643554049,
0.,-0.737397871469754),(0.,-1.,0.),(0.,-1.,0.),(0.633041822556867,0.,-0.774117595003421),
(0.633041822556867,0.,-0.774117595003421),(0.,1.,0.),(0.,1.,0.),(-0.583982865374688,
0.,-0.811765984104267),(-0.583982865374688,0.,-0.811765984104267),(0.,-1.,
0.),(0.,-1.,0.),(0.623777625176145,0.,0.781601864333503),(0.,-1.,0.),(0.628988749179105,
0.,0.777414402623276),(0.,1.,0.),(0.623777625176145,0.,0.781601864333503),
(0.,1.,0.),(0.628988749179105,0.,0.777414402623276),(-0.670166723558185,
0.,-0.742210591837173),(0.,1.,0.),(-0.670166723558185,0.,-0.742210591837173),
(0.,-1.,0.),(-0.554261258012561,0.,-0.832342752636397),(0.,1.,0.),(-0.554261258012561,
0.,-0.832342752636397),(0.,-1.,0.),(0.,-1.,0.),(0.617978590276871,0.,0.786194926185237),
(0.617978590276871,0.,0.786194926185237),(0.,1.,0.),(0.,1.,0.),(-0.520973768137465,
0.,-0.853572687539058),(-0.520973768137465,0.,-0.853572687539058),(0.,-1.,
0.),(0.,-1.,0.),(0.603832279410237,0.,0.797111396444837),(0.,-1.,0.),(0.611972312312612,
0.,0.79087918733695),(0.,1.,0.),(0.603832279410237,0.,0.797111396444837),
(0.,1.,0.),(0.611972312312612,0.,0.79087918733695),(-0.664371804491409,
0.,-0.747402238019682),(0.,1.,0.),(-0.664371804491409,0.,-0.747402238019682),
(0.,-1.,0.),(0.,-1.,0.),(0.611110532407705,0.,-0.791545271718789),(0.611110532407705,
0.,-0.791545271718789),(0.,1.,0.),(0.,1.,0.),(-0.485819031592049,0.,-0.874059419343424),
(-0.485819031592049,0.,-0.874059419343424),(0.,-1.,0.),(0.,-1.,0.),(-0.882352941176459,
0.,0.470588235294139),(0.1520571842541,0.,0.988371697650593),(0.,-1.,0.),
(0.589225544662807,0.,0.807968599338377),(0.,-1.,0.),(0.567430825809877,
0.,0.823421069636138),(0.,-1.,0.),(0.521764420045419,0.,0.853089614269607),
(0.,-1.,0.),(0.1520571842541,0.,0.988371697650593),(0.488031691323466,0.,
0.872825909482502),(0.,1.,0.),(0.1520571842541,0.,0.988371697650593),(-0.882352941176459,
0.,0.470588235294139),(0.,1.,0.),(0.589225544662807,0.,0.807968599338377),
(0.,1.,0.),(0.567430825809877,0.,0.823421069636138),(0.,1.,0.),(0.521764420045419,
0.,0.853089614269607),(0.,1.,0.),(0.488031691323466,0.,0.872825909482502),
(0.1520571842541,0.,0.988371697650593),(-0.657469217834266,0.,-0.753481404946664),
(0.,1.,0.),(-0.657469217834266,0.,-0.753481404946664),(0.,-1.,0.),(-0.450932041434813,
0.,-0.892558286056116),(0.,1.,0.),(-0.450932041434813,0.,-0.892558286056116),
(0.,-1.,0.),(0.,-1.,0.),(0.904035624658186,0.,-0.427457119894948),(0.904035624658186,
0.,-0.427457119894948),(0.,1.,0.),(0.,1.,0.),(-0.650733159040014,0.,-0.759306496564993),
(-0.650733159040014,0.,-0.759306496564993),(0.,-1.,0.),(0.,-1.,0.),(0.589101657687283,
0.,-0.808058931582404),(0.589101657687283,0.,-0.808058931582404),(0.,1.,
0.),(0.,1.,0.),(-0.416655385059923,0.,-0.909064513717573),(-0.416655385059923,
0.,-0.909064513717573),(0.,-1.,0.),(0.,-1.,0.),(0.970108288161116,0.,-0.242672431975922),
(0.970108288161116,0.,-0.242672431975922),(0.,1.,0.),(0.,1.,0.),(-0.642617413214719,
0.,-0.766187222702926),(-0.642617413214719,0.,-0.766187222702926),(0.,-1.,
0.),(-0.631566848403482,0.,-0.775321427536795),(0.,1.,0.),(-0.631566848403482,
0.,-0.775321427536795),(0.,-1.,0.),(0.,-1.,0.),(0.566270177234213,0.,-0.824219683321827),
(0.566270177234213,0.,-0.824219683321827),(0.,1.,0.),(0.,1.,0.),(-0.387421566731932,
0.,-0.921902668198208),(-0.387421566731932,0.,-0.921902668198208),(0.,-1.,
0.),(0.,-1.,0.),(0.999775770813909,0.,0.0211756485958288),(0.999775770813909,
0.,0.0211756485958288),(0.,1.,0.),(0.,1.,0.),(-0.617542826142231,0.,-0.78653725778266),
(-0.617542826142231,0.,-0.78653725778266),(0.,-1.,0.),(-0.362911977427509,
0.,-0.93182342567659),(0.,1.,0.),(-0.362911977427509,0.,-0.93182342567659),
(0.,-1.,0.),(0.,-1.,0.),(0.992507556682911,0.,0.122183263695637),(0.,-1.,
0.),(0.978155625263723,0.,0.207873934789658),(0.,1.,0.),(0.992507556682911,
0.,0.122183263695637),(0.,1.,0.),(0.978155625263723,0.,0.207873934789658),
(-0.596585051523955,0.,-0.802549859073042),(0.,1.,0.),(-0.596585051523955,
0.,-0.802549859073042),(0.,-1.,0.),(-0.57306012772798,0.,-0.819513325095078),
(0.,1.,0.),(-0.57306012772798,0.,-0.819513325095078),(0.,-1.,0.),(0.,-1.,
0.),(0.542677524726413,0.,-0.839941131363867),(0.542677524726413,0.,-0.839941131363867),
(0.,1.,0.),(0.,1.,0.),(-0.38094865551679,0.,-0.924596193946281),(-0.38094865551679,
0.,-0.924596193946281),(0.,-1.,0.),(0.,-1.,0.),(0.907106192888042,0.,-0.420901835139931),
(0.,-1.,0.),(0.961411727631027,0.,-0.275113594672318),(0.,-1.,0.),(0.995708839705242,
0.,-0.0925413774094647),(0.,1.,0.),(0.907106192888042,0.,-0.420901835139931),
(0.,1.,0.),(0.961411727631027,0.,-0.275113594672318),(0.,1.,0.),(0.995708839705242,
0.,-0.0925413774094647),(-0.560020451942674,0.,-0.828478782713186),(0.,
1.,0.),(-0.560020451942674,0.,-0.828478782713186),(0.,-1.,0.),(-0.459397403836081,
0.,-0.888230840124722),(0.,1.,0.),(-0.459397403836081,0.,-0.888230840124722),
(0.,-1.,0.),(0.,-1.,0.),(0.599386342615315,0.,-0.800459875500475),(0.,-1.,
0.),(0.658375312175719,0.,-0.752689808830652),(0.,-1.,0.),(0.721367113599167,
0.,-0.692552876983127),(0.,-1.,0.),(0.781805894332331,0.,-0.623521887015383),
(0.,-1.,0.),(0.846527763414081,0.,-0.532344574283568),(0.,1.,0.),(0.599386342615315,
0.,-0.800459875500475),(0.,1.,0.),(0.658375312175719,0.,-0.752689808830652),
(0.,1.,0.),(0.721367113599167,0.,-0.692552876983127),(0.,1.,0.),(0.781805894332331,
0.,-0.623521887015383),(0.,1.,0.),(0.846527763414081,0.,-0.532344574283568),
(-0.554804605982324,0.,-0.831980678369875),(0.,1.,0.),(-0.554804605982324,
0.,-0.831980678369875),(0.,-1.,0.),(0.,-1.,0.),(0.517998889608303,0.,-0.85538128946369),
(0.517998889608303,0.,-0.85538128946369),(0.,1.,0.),(0.,1.,0.),(-0.540442982699932,
0.,-0.841380640643936),(-0.540442982699932,0.,-0.841380640643936),(0.,-1.,
0.),(0.,-1.,0.),(0.534551038170468,0.,-0.845136194699337),(0.,-1.,0.),(0.497787933652089,
0.,-0.867298779608494),(0.,-1.,0.),(0.458632889436188,0.,-0.888625833929789),
(0.,-1.,0.),(0.408153032381553,0.,-0.912913523920937),(0.,-1.,0.),(0.345255612581613,
0.,-0.938508690413091),(0.,-1.,0.),(0.260042188483869,0.,-0.965597255696452),
(0.,-1.,0.),(0.138287180532006,0.,-0.990392172677323),(0.,-1.,0.),(-0.0449369122260509,
0.,-0.998989826734781),(0.,-1.,0.),(0.479537507059262,0.,-0.877521383969296),
(0.,-1.,0.),(0.542183095718359,0.,-0.84026037078828),(0.,1.,0.),(0.534551038170468,
0.,-0.845136194699337),(0.,1.,0.),(0.497787933652089,0.,-0.867298779608494),
(0.,1.,0.),(0.458632889436188,0.,-0.888625833929789),(0.,1.,0.),(0.408153032381553,
0.,-0.912913523920937),(0.,1.,0.),(0.345255612581613,0.,-0.938508690413091),
(0.,1.,0.),(0.260042188483869,0.,-0.965597255696452),(0.,1.,0.),(0.138287180532006,
0.,-0.990392172677323),(0.,1.,0.),(-0.0449369122260509,0.,-0.998989826734781),
(0.,1.,0.),(0.479537507059262,0.,-0.877521383969296),(0.,1.,0.),(0.542183095718359,
0.,-0.84026037078828),(-0.549147992881664,0.,-0.835725123419202),(0.,1.,
0.),(-0.549147992881664,0.,-0.835725123419202),(0.,-1.,0.),(0.,-1.,0.),
(0.491237585496695,0.,-0.871025622238162),(0.491237585496695,0.,-0.871025622238162),
(0.,1.,0.),(0.,1.,0.),(-0.597525302170327,0.,-0.801850056598027),(-0.597525302170327,
0.,-0.801850056598027),(0.,-1.,0.),(0.,-1.,0.),(0.70436187662183,0.,-0.709841071481338),
(0.,-1.,0.),(0.664565120287105,0.,-0.747230353303308),(0.,-1.,0.),(0.627508440505347,
0.,-0.778609759182703),(0.,-1.,0.),(0.595275157561726,0.,-0.803521926763584),
(0.,-1.,0.),(0.565621432536722,0.,-0.824665019905117),(0.,1.,0.),(0.70436187662183,
0.,-0.709841071481338),(0.,1.,0.),(0.664565120287105,0.,-0.747230353303308),
(0.,1.,0.),(0.627508440505347,0.,-0.778609759182703),(0.,1.,0.),(0.595275157561726,
0.,-0.803521926763584),(0.,1.,0.),(0.565621432536722,0.,-0.824665019905117),
(-0.542167428699344,0.,-0.840270479820362),(0.,1.,0.),(-0.542167428699344,
0.,-0.840270479820362),(0.,-1.,0.),(-0.640650800064726,0.,-0.76783237257648),
(0.,1.,0.),(-0.640650800064726,0.,-0.76783237257648),(0.,-1.,0.),(0.,-1.,
0.),(0.936913048595072,0.,-0.349562497090704),(0.,-1.,0.),(0.894356348403655,
0.,-0.447355252646127),(0.,-1.,0.),(0.84715009298484,0.,-0.531353667490662),
(0.,-1.,0.),(0.797610616824531,0.,-0.603172698262108),(0.,-1.,0.),(0.747964891502446,
0.,-0.663738292612181),(0.,1.,0.),(0.936913048595072,0.,-0.349562497090704),
(0.,1.,0.),(0.894356348403655,0.,-0.447355252646127),(0.,1.,0.),(0.84715009298484,
0.,-0.531353667490662),(0.,1.,0.),(0.797610616824531,0.,-0.603172698262108),
(0.,1.,0.),(0.747964891502446,0.,-0.663738292612181),(-0.533889643138471,
0.,-0.845554166774356),(0.,1.,0.),(-0.533889643138471,0.,-0.845554166774356),
(0.,-1.,0.),(0.,-1.,0.),(0.462466640848699,0.,-0.886636682132045),(0.462466640848699,
0.,-0.886636682132045),(0.,1.,0.),(0.,1.,0.),(-0.675992094954889,0.,-0.736908873306938),
(-0.675992094954889,0.,-0.736908873306938),(0.,-1.,0.),(0.,-1.,0.),(0.999318350324757,
0.,0.0369165911780283),(0.,-1.,0.),(0.999419754558145,0.,-0.0340610363749743),
(0.,-1.,0.),(0.99013558415927,0.,-0.140112543983691),(0.,-1.,0.),(0.9692713923657,
0.,-0.24599383720219),(0.,1.,0.),(0.999318350324757,0.,0.0369165911780283),
(0.,1.,0.),(0.999419754558145,0.,-0.0340610363749743),(0.,1.,0.),(0.99013558415927,
0.,-0.140112543983691),(0.,1.,0.),(0.9692713923657,0.,-0.24599383720219),
(-0.525105264980716,0.,-0.851037285134754),(0.,1.,0.),(-0.525105264980716,
0.,-0.851037285134754),(0.,-1.,0.),(0.,-1.,0.),(0.430680312222784,0.,-0.902504553264794),
(0.430680312222784,0.,-0.902504553264794),(0.,1.,0.),(0.,1.,0.),(-0.706618221890398,
0.,-0.707595003156786),(-0.706618221890398,0.,-0.707595003156786),(0.,-1.,
0.),(0.,-1.,0.),(0.988099014738855,0.,-0.153819170041005),(0.,-1.,0.),(0.999083759242612,
0.,0.0427976870595858),(0.,-1.,0.),(0.998533571858737,0.,-0.0541359942277952),
(0.,-1.,0.),(0.999969351818833,0.,0.00782913935394649),(0.,1.,0.),(0.988099014738855,
0.,-0.153819170041005),(0.,1.,0.),(0.999083759242612,0.,0.0427976870595858),
(0.,1.,0.),(0.998533571858737,0.,-0.0541359942277952),(0.,1.,0.),(0.999969351818833,
0.,0.00782913935394649),(-0.514852761063338,0.,-0.857278621234344),(0.,
1.,0.),(-0.514852761063338,0.,-0.857278621234344),(0.,-1.,0.),(0.,-1.,0.),
(0.394459894206779,0.,-0.918913157954753),(0.394459894206779,0.,-0.918913157954753),
(0.,1.,0.),(0.,1.,0.),(-0.735108583526727,0.,-0.677949386330078),(-0.735108583526727,
0.,-0.677949386330078),(0.,-1.,0.),(0.,-1.,0.),(0.471484617121031,0.,-0.88187428572231),
(0.,-1.,0.),(0.326944165885644,0.,-0.945043656342574),(0.,-1.,0.),(0.165478274317682,
0.,-0.986213435686638),(0.,-1.,0.),(0.0504437175419148,0.,-0.998726905295212),
(0.,-1.,0.),(0.0490538716480241,0.,-0.998796134191728),(0.,-1.,0.),(0.134882530953676,
0.,-0.990861596209849),(0.,-1.,0.),(0.274445955295982,0.,-0.961602525798303),
(0.,-1.,0.),(0.468541529806524,0.,-0.88344147222471),(0.,-1.,0.),(0.687090867799942,
0.,-0.726571496403432),(0.,-1.,0.),(0.859543236747171,0.,-0.511063033453014),
(0.,-1.,0.),(0.952268786909981,0.,-0.305260802391978),(0.,1.,0.),(0.471484617121031,
0.,-0.88187428572231),(0.,1.,0.),(0.326944165885644,0.,-0.945043656342574),
(0.,1.,0.),(0.165478274317682,0.,-0.986213435686638),(0.,1.,0.),(0.0504437175419148,
0.,-0.998726905295212),(0.,1.,0.),(0.0490538716480241,0.,-0.998796134191728),
(0.,1.,0.),(0.134882530953676,0.,-0.990861596209849),(0.,1.,0.),(0.274445955295982,
0.,-0.961602525798303),(0.,1.,0.),(0.468541529806524,0.,-0.88344147222471),
(0.,1.,0.),(0.687090867799942,0.,-0.726571496403432),(0.,1.,0.),(0.859543236747171,
0.,-0.511063033453014),(0.,1.,0.),(0.952268786909981,0.,-0.305260802391978),
(-0.503468373498223,0.,-0.864013655498022),(0.,1.,0.),(-0.503468373498223,
0.,-0.864013655498022),(0.,-1.,0.),(-0.492201681681934,0.,-0.870481191381799),
(0.,1.,0.),(-0.492201681681934,0.,-0.870481191381799),(0.,-1.,0.),(0.,-1.,
0.),(0.353360774014998,0.,-0.935487126254296),(0.353360774014998,0.,-0.935487126254296),
(0.,1.,0.),(0.,1.,0.),(-0.762950954409063,0.,-0.646456372206431),(-0.762950954409063,
0.,-0.646456372206431),(0.,-1.,0.),(0.,-1.,0.),(0.861570241946174,0.,-0.507638373443942),
(0.,-1.,0.),(0.792170510320372,0.,-0.610299830066142),(0.,-1.,0.),(0.704869765244725,
0.,-0.709336742347277),(0.,-1.,0.),(0.598121104806256,0.,-0.80140572994292),
(0.,1.,0.),(0.861570241946174,0.,-0.507638373443942),(0.,1.,0.),(0.792170510320372,
0.,-0.610299830066142),(0.,1.,0.),(0.704869765244725,0.,-0.709336742347277),
(0.,1.,0.),(0.598121104806256,0.,-0.80140572994292),(-0.479678746283085,
0.,-0.877444186466745),(0.,1.,0.),(-0.479678746283085,0.,-0.877444186466745),
(0.,-1.,0.),(0.,-1.,0.),(0.318345152372545,0.,-0.947974875173863),(0.318345152372545,
0.,-0.947974875173863),(0.,1.,0.),(0.,1.,0.),(-0.791290488255279,0.,-0.611440400363536),
(-0.791290488255279,0.,-0.611440400363536),(0.,-1.,0.),(0.,-1.,0.),(0.979484367898834,
0.,-0.201520155423276),(0.,-1.,0.),(0.952933820514612,0.,-0.303178385970083),
(0.,-1.,0.),(0.914178588554481,0.,-0.405311618669559),(0.,1.,0.),(0.979484367898834,
0.,-0.201520155423276),(0.,1.,0.),(0.952933820514612,0.,-0.303178385970083),
(0.,1.,0.),(0.914178588554481,0.,-0.405311618669559),(-0.466375449143946,
0.,-0.884586875572876),(0.,1.,0.),(-0.466375449143946,0.,-0.884586875572876),
(0.,-1.,0.),(-0.822117130522557,0.,-0.569318385177712),(0.,1.,0.),(-0.822117130522557,
0.,-0.569318385177712),(0.,-1.,0.),(0.,-1.,0.),(0.986824497818481,0.,-0.161794346332937),
(0.,-1.,0.),(0.995451505860622,0.,-0.0952696146723593),(0.,-1.,0.),(0.998999509232459,
0.,-0.0447211421288256),(0.,-1.,0.),(0.99940887438599,0.,-0.0343787986778002),
(0.,-1.,0.),(0.995058829126655,0.,-0.0992870916941859),(0.,1.,0.),(0.986824497818481,
0.,-0.161794346332937),(0.,1.,0.),(0.995451505860622,0.,-0.0952696146723593),
(0.,1.,0.),(0.998999509232459,0.,-0.0447211421288256),(0.,1.,0.),(0.99940887438599,
0.,-0.0343787986778002),(0.,1.,0.),(0.995058829126655,0.,-0.0992870916941859),
(-0.459981836690211,0.,-0.887928324762252),(0.,1.,0.),(-0.459981836690211,
0.,-0.887928324762252),(0.,-1.,0.),(-0.856628860093202,0.,-0.515933131379854),
(0.,1.,0.),(-0.856628860093202,0.,-0.515933131379854),(0.,-1.,0.),(0.,-1.,
0.),(0.594866801915306,0.,-0.80382428924427),(0.,-1.,0.),(0.475148055779488,
0.,-0.879905861492565),(0.,-1.,0.),(0.337159113668845,0.,-0.941447678880796),
(0.,-1.,0.),(0.176529989906333,0.,-0.984295261932958),(0.,-1.,0.),(0.0782209520235061,
0.,-0.996936047429591),(0.,-1.,0.),(0.140186571790662,0.,-0.990125105776831),
(0.,-1.,0.),(0.303144825214871,0.,-0.952944497305822),(0.,-1.,0.),(0.478460366723729,
0.,-0.878109148952791),(0.,-1.,0.),(0.646307722432347,0.,-0.763076882053383),
(0.,-1.,0.),(0.77881491327684,0.,-0.627253800990945),(0.,-1.,0.),(0.872520850918414,
0.,-0.488576876972915),(0.,-1.,0.),(0.933905337320006,0.,-0.357520378335566),
(0.,-1.,0.),(0.968053756585143,0.,-0.250742745381383),(0.,1.,0.),(0.594866801915306,
0.,-0.80382428924427),(0.,1.,0.),(0.475148055779488,0.,-0.879905861492565),
(0.,1.,0.),(0.337159113668845,0.,-0.941447678880796),(0.,1.,0.),(0.176529989906333,
0.,-0.984295261932958),(0.,1.,0.),(0.0782209520235061,0.,-0.996936047429591),
(0.,1.,0.),(0.140186571790662,0.,-0.990125105776831),(0.,1.,0.),(0.303144825214871,
0.,-0.952944497305822),(0.,1.,0.),(0.478460366723729,0.,-0.878109148952791),
(0.,1.,0.),(0.646307722432347,0.,-0.763076882053383),(0.,1.,0.),(0.77881491327684,
0.,-0.627253800990945),(0.,1.,0.),(0.872520850918414,0.,-0.488576876972915),
(0.,1.,0.),(0.933905337320006,0.,-0.357520378335566),(0.,1.,0.),(0.968053756585143,
0.,-0.250742745381383),(-0.465113111232147,0.,-0.885251260241946),(0.,1.,
0.),(-0.465113111232147,0.,-0.885251260241946),(0.,-1.,0.),(0.,-1.,0.),
(0.996456229745997,0.,0.0841129133985519),(0.,-1.,0.),(0.995893206467696,
0.,0.0905357460426091),(0.305322348121055,0.,-0.952249055519534),(0.,1.,
0.),(0.996456229745997,0.,0.0841129133985519),(0.,1.,0.),(0.305322348121055,
0.,-0.952249055519534),(0.995893206467696,0.,0.0905357460426091),(-0.475126806599687,
0.,-0.879917335691475),(0.,1.,0.),(-0.475126806599687,0.,-0.879917335691475),
(0.,-1.,0.),(0.,-1.,0.),(0.996634571382405,0.,0.0819727462356281),(0.996634571382405,
0.,0.0819727462356281),(0.,1.,0.),(0.,1.,0.),(-0.878031928402741,0.,-0.478602060907977),
(-0.878031928402741,0.,-0.478602060907977),(0.,-1.,0.),(0.,-1.,0.),(0.899110117300149,
0.,-0.437722511379655),(0.,-1.,0.),(0.844277170026795,0.,-0.535906764439064),
(0.,-1.,0.),(0.77658663677186,0.,-0.630010472601346),(0.,-1.,0.),(0.695042444737733,
0.,-0.718968705864862),(0.,1.,0.),(0.899110117300149,0.,-0.437722511379655),
(0.,1.,0.),(0.844277170026795,0.,-0.535906764439064),(0.,1.,0.),(0.77658663677186,
0.,-0.630010472601346),(0.,1.,0.),(0.695042444737733,0.,-0.718968705864862),
(-0.486370184951484,0.,-0.873752850175757),(0.,1.,0.),(-0.486370184951484,
0.,-0.873752850175757),(0.,-1.,0.),(0.,-1.,0.),(0.996434733989342,0.,0.084367179042495),
(0.996434733989342,0.,0.084367179042495),(0.,1.,0.),(0.,1.,0.),(-0.87020016814119,
0.,-0.492698353322846),(-0.87020016814119,0.,-0.492698353322846),(0.,-1.,
0.),(0.,-1.,0.),(0.993111642250803,0.,-0.117171950678962),(0.,-1.,0.),(0.973314434002413,
0.,-0.229475516259496),(0.,-1.,0.),(0.94218992893224,0.,-0.335079300791112),
(0.,1.,0.),(0.993111642250803,0.,-0.117171950678962),(0.,1.,0.),(0.973314434002413,
0.,-0.229475516259496),(0.,1.,0.),(0.94218992893224,0.,-0.335079300791112),
(-0.496773984417941,0.,-0.86787995045716),(0.,1.,0.),(-0.496773984417941,
0.,-0.86787995045716),(0.,-1.,0.),(0.,-1.,0.),(0.99650687835395,0.,0.0835107262168458),
(0.99650687835395,0.,0.0835107262168458),(0.,1.,0.),(0.,1.,0.),(-0.846171599999111,
0.,-0.532910520964771),(-0.846171599999111,0.,-0.532910520964771),(0.,-1.,
0.),(0.,-1.,0.),(0.994466579532034,0.,-0.105053425426572),(0.,-1.,0.),(0.998378969768138,
0.,-0.0569160146594218),(0.,1.,0.),(0.994466579532034,0.,-0.105053425426572),
(0.,1.,0.),(0.998378969768138,0.,-0.0569160146594218),(-0.506870012697428,
0.,-0.86202249983867),(0.,1.,0.),(-0.506870012697428,0.,-0.86202249983867),
(0.,-1.,0.),(-0.519992678695072,0.,-0.854170717189207),(0.,1.,0.),(-0.519992678695072,
0.,-0.854170717189207),(0.,-1.,0.),(0.,-1.,0.),(0.996492933195602,0.,0.0836769627270578),
(0.996492933195602,0.,0.0836769627270578),(0.,1.,0.),(0.,1.,0.),(-0.821952381514361,
0.,-0.569556215419401),(-0.821952381514361,0.,-0.569556215419401),(0.,-1.,
0.),(0.,-1.,0.),(0.929547699501899,0.,-0.368701877335507),(0.,-1.,0.),(0.957484205880408,
0.,-0.288485693734655),(0.,-1.,0.),(0.979738776244325,0.,-0.200279630325382),
(0.,1.,0.),(0.929547699501899,0.,-0.368701877335507),(0.,1.,0.),(0.957484205880408,
0.,-0.288485693734655),(0.,1.,0.),(0.979738776244325,0.,-0.200279630325382),
(-0.999287804872464,0.,-0.0377343746890244),(0.,1.,0.),(-0.999961479013829,
0.,0.00877727112921475),(0.,-1.,0.),(-0.999961479013829,0.,0.00877727112921475),
(0.,1.,0.),(-0.998397323848284,0.,0.0565931420985282),(0.,-1.,0.),(0.,-1.,
0.),(-0.999287804872464,0.,-0.0377343746890244),(0.,-1.,0.),(0.97183896420304,
0.,0.23564597950477),(0.,-1.,0.),(0.967810764599345,0.,0.251679009704089),
(0.,1.,0.),(0.97183896420304,0.,0.23564597950477),(-0.998397323848284,0.,
0.0565931420985282),(0.,1.,0.),(0.,1.,0.),(0.967810764599345,0.,0.251679009704089),
(-0.99636940111202,0.,-0.0851352836823507),(0.,1.,0.),(-0.99636940111202,
0.,-0.0851352836823507),(0.,-1.,0.),(0.,-1.,0.),(0.975630053611306,0.,0.219421964466644),
(0.975630053611306,0.,0.219421964466644),(0.,1.,0.),(-0.994340450520097,
0.,0.106240615865542),(0.,-1.,0.),(0.,-1.,0.),(0.963499219990416,0.,0.267711137381059),
(-0.994340450520097,0.,0.106240615865542),(0.,1.,0.),(0.,1.,0.),(0.963499219990416,
0.,0.267711137381059),(-0.990807446514357,0.,-0.135279724762059),(0.,1.,
0.),(-0.990807446514357,0.,-0.135279724762059),(0.,-1.,0.),(0.,-1.,0.),
(-0.986969469020309,0.,0.160907635685103),(-0.986969469020309,0.,0.160907635685103),
(0.,1.,0.),(0.,1.,0.),(-0.53518419030098,0.,-0.844735391973063),(-0.53518419030098,
0.,-0.844735391973063),(0.,-1.,0.),(-0.981655868450641,0.,-0.190661364561407),
(0.,1.,0.),(-0.981655868450641,0.,-0.190661364561407),(0.,-1.,0.),(0.,-1.,
0.),(0.974396438255281,0.,0.224836787727059),(0.,-1.,0.),(0.977110783977924,
0.,0.212731088076111),(0.,1.,0.),(0.974396438255281,0.,0.224836787727059),
(0.,1.,0.),(0.977110783977924,0.,0.212731088076111),(-0.974762455411971,
0.,0.2232446091605),(0.,-1.,0.),(0.,-1.,0.),(0.958959084101486,0.,0.283544485079924),
(-0.974762455411971,0.,0.2232446091605),(0.,1.,0.),(0.,1.,0.),(0.958959084101486,
0.,0.283544485079924),(-0.797016026898689,0.,-0.603958154897032),(0.,1.,
0.),(-0.797016026898689,0.,-0.603958154897032),(0.,-1.,0.),(0.,-1.,0.),
(0.722119182771269,0.,-0.691768664998462),(0.,-1.,0.),(0.794812838564028,
0.,-0.606854637993147),(0.,-1.,0.),(0.850586223737739,0.,-0.525835597870259),
(0.,-1.,0.),(0.895181008475185,0.,-0.445702773230491),(0.,1.,0.),(0.722119182771269,
0.,-0.691768664998462),(0.,1.,0.),(0.794812838564028,0.,-0.606854637993147),
(0.,1.,0.),(0.850586223737739,0.,-0.525835597870259),(0.,1.,0.),(0.895181008475185,
0.,-0.445702773230491),(-0.967218412879215,0.,-0.253945942648062),(0.,1.,
0.),(-0.967218412879215,0.,-0.253945942648062),(0.,-1.,0.),(0.,-1.,0.),
(0.695525485045949,0.,-0.718501426339292),(0.,-1.,0.),(0.684708098764049,
0.,-0.728817411624421),(0.,-1.,0.),(0.670563018624243,0.,-0.741852571643143),
(0.,-1.,0.),(0.653088715167808,0.,-0.757281407483679),(0.,-1.,0.),(0.633519143846449,
0.,-0.7737270154131),(0.,-1.,0.),(0.606083597400533,0.,-0.795400951069351),
(0.,-1.,0.),(0.567127639159456,0.,-0.823629917439515),(0.,-1.,0.),(0.501224634821308,
0.,-0.865317205103566),(0.,-1.,0.),(0.36410658953765,0.,-0.931357284534384),
(0.,-1.,0.),(0.26764386378589,0.,-0.963517909629997),(-0.307002779923007,
0.,-0.951708617760471),(0.,1.,0.),(0.695525485045949,0.,-0.718501426339292),
(0.,1.,0.),(0.684708098764049,0.,-0.728817411624421),(0.,1.,0.),(0.670563018624243,
0.,-0.741852571643143),(0.,1.,0.),(0.653088715167808,0.,-0.757281407483679),
(0.,1.,0.),(0.633519143846449,0.,-0.7737270154131),(0.,1.,0.),(0.606083597400533,
0.,-0.795400951069351),(0.,1.,0.),(0.567127639159456,0.,-0.823629917439515),
(0.,1.,0.),(0.501224634821308,0.,-0.865317205103566),(0.,1.,0.),(0.36410658953765,
0.,-0.931357284534384),(0.,1.,0.),(-0.307002779923007,0.,-0.951708617760471),
(0.26764386378589,0.,-0.963517909629997),(-0.55333427057035,0.,-0.832959293730719),
(0.,1.,0.),(-0.55333427057035,0.,-0.832959293730719),(0.,-1.,0.),(0.,-1.,
0.),(0.996446618956372,0.,0.0842266915556702),(0.996446618956372,0.,0.0842266915556702),
(0.,1.,0.),(-0.955122485428675,0.,0.296211137245968),(0.,-1.,0.),(0.,-1.,
0.),(0.954186914316222,0.,0.299211183861312),(-0.955122485428675,0.,0.296211137245968),
(0.,1.,0.),(0.,1.,0.),(0.954186914316222,0.,0.299211183861312),(-0.946364385271131,
0.,-0.32310130035392),(0.,1.,0.),(-0.946364385271131,0.,-0.32310130035392),
(0.,-1.,0.),(0.,-1.,0.),(0.752307509508807,0.,-0.658812121273324),(0.,-1.,
0.),(0.731497856109202,0.,-0.681843740535646),(0.,-1.,0.),(0.719607814401246,
0.,-0.694380726584964),(0.,-1.,0.),(0.708899256993754,0.,-0.705309749991947),
(0.,1.,0.),(0.752307509508807,0.,-0.658812121273324),(0.,1.,0.),(0.731497856109202,
0.,-0.681843740535646),(0.,1.,0.),(0.719607814401246,0.,-0.694380726584964),
(0.,1.,0.),(0.708899256993754,0.,-0.705309749991947),(-0.57890524444859,
0.,-0.815394823352416),(0.,1.,0.),(-0.57890524444859,0.,-0.815394823352416),
(0.,-1.,0.),(0.,-1.,0.),(-0.924481332521075,0.,0.381227315154697),(-0.924481332521075,
0.,0.381227315154697),(0.,1.,0.),(0.,1.,0.),(-0.614094383738741,0.,-0.789232594271509),
(-0.614094383738741,0.,-0.789232594271509),(0.,-1.,0.),(-0.921048941136971,
0.,-0.389446848787437),(0.,1.,0.),(-0.921048941136971,0.,-0.389446848787437),
(0.,-1.,0.),(0.,-1.,0.),(0.999852557715349,0.,-0.0171715704021074),(0.,
-1.,0.),(0.990467723768295,0.,-0.137745011427828),(0.,-1.,0.),(0.96267181434473,
0.,-0.270671346592551),(0.,-1.,0.),(0.919065656155119,0.,-0.394104452748457),
(0.,-1.,0.),(0.870610870953939,0.,-0.491972266877742),(0.,-1.,0.),(0.823130791884414,
0.,-0.567851828782595),(0.,-1.,0.),(0.782581975506329,0.,-0.622547549680032),
(0.,1.,0.),(0.999852557715349,0.,-0.0171715704021074),(0.,1.,0.),(0.990467723768295,
0.,-0.137745011427828),(0.,1.,0.),(0.96267181434473,0.,-0.270671346592551),
(0.,1.,0.),(0.919065656155119,0.,-0.394104452748457),(0.,1.,0.),(0.870610870953939,
0.,-0.491972266877742),(0.,1.,0.),(0.823130791884414,0.,-0.567851828782595),
(0.,1.,0.),(0.782581975506329,0.,-0.622547549680032),(-0.770507759386509,
0.,-0.637430617969659),(0.,1.,0.),(-0.770507759386509,0.,-0.637430617969659),
(0.,-1.,0.),(0.,-1.,0.),(0.840407178406863,0.,-0.541955509688955),(0.,-1.,
0.),(0.742607000867117,0.,-0.669727438786217),(0.,-1.,0.),(0.670187856076247,
0.,-0.742191510034926),(0.332030557821691,0.,-0.94326863017521),(0.,-1.,
0.),(0.236727359772095,0.,-0.971576120093188),(0.,-1.,0.),(0.264577090954795,
0.,-0.964364538409567),(0.,-1.,0.),(0.472968640695127,0.,-0.88107926142828),
(0.,-1.,0.),(0.618922234524596,0.,-0.78545226946714),(0.,1.,0.),(0.840407178406863,
0.,-0.541955509688955),(0.,1.,0.),(0.742607000867117,0.,-0.669727438786217),
(0.,1.,0.),(0.332030557821691,0.,-0.94326863017521),(0.670187856076247,
0.,-0.742191510034926),(0.,1.,0.),(0.236727359772095,0.,-0.971576120093188),
(0.,1.,0.),(0.264577090954795,0.,-0.964364538409567),(0.,1.,0.),(0.472968640695127,
0.,-0.88107926142828),(0.,1.,0.),(0.618922234524596,0.,-0.78545226946714),
(-0.884600728427877,0.,0.466349173114813),(0.,-1.,0.),(0.,-1.,0.),(0.94902607410158,
0.,0.315197574031498),(-0.884600728427877,0.,0.466349173114813),(0.,1.,
0.),(0.,1.,0.),(0.94902607410158,0.,0.315197574031498),(-0.673196812406094,
0.,-0.739463353903542),(0.,1.,0.),(-0.673196812406094,0.,-0.739463353903542),
(0.,-1.,0.),(0.,-1.,0.),(0.996489475351153,0.,0.0837181313359503),(0.996489475351153,
0.,0.0837181313359503),(0.,1.,0.),(0.,1.,0.),(-0.769861299744601,0.,-0.6382112339622),
(-0.769861299744601,0.,-0.6382112339622),(0.,-1.,0.),(-0.854682756777291,
0.,-0.519150638319524),(0.,1.,0.),(-0.854682756777291,0.,-0.519150638319524),
(0.,-1.,0.),(-0.901683117638299,0.,-0.432397450693315),(0.,1.,0.),(-0.901683117638299,
0.,-0.432397450693315),(0.,-1.,0.),(0.,-1.,0.),(0.996479204262884,0.,0.0838402974208151),
(0.996479204262884,0.,0.0838402974208151),(0.,1.,0.),(0.,1.,0.),(-0.892773488756537,
0.,-0.450505824350232),(-0.892773488756537,0.,-0.450505824350232),(0.,-1.,
0.),(0.,-1.,0.),(0.992360542090666,0.,0.123371611408457),(0.,-1.,0.),(0.996343341706784,
0.,0.0854397181441915),(0.,-1.,0.),(0.9872348522245,0.,0.159271298585998),
(0.,-1.,0.),(0.983350594547666,0.,0.181718486133779),(0.,1.,0.),(0.992360542090666,
0.,0.123371611408457),(0.,1.,0.),(0.996343341706784,0.,0.0854397181441915),
(0.,1.,0.),(0.9872348522245,0.,0.159271298585998),(0.,1.,0.),(0.983350594547666,
0.,0.181718486133779),(-0.928306485009039,0.,-0.371815908602849),(0.,1.,
0.),(-0.928306485009039,0.,-0.371815908602849),(0.,-1.,0.),(-0.742193564964733,
0.,-0.670185580361843),(0.,1.,0.),(-0.742193564964733,0.,-0.670185580361843),
(0.,-1.,0.),(0.,-1.,0.),(0.920356886586679,0.,-0.391079533231382),(0.,-1.,
0.),(0.8896047968453,0.,-0.456731108454232),(0.,1.,0.),(0.920356886586679,
0.,-0.391079533231382),(0.,1.,0.),(0.8896047968453,0.,-0.456731108454232),
(-0.943539792958968,0.,-0.331259202291723),(0.,1.,0.),(-0.943539792958968,
0.,-0.331259202291723),(0.,-1.,0.),(0.,-1.,0.),(0.996486292770023,0.,0.083756004688954),
(0.996486292770023,0.,0.083756004688954),(0.,1.,0.),(0.,1.,0.),(-0.954574578307724,
0.,-0.297972103473849),(-0.954574578307724,0.,-0.297972103473849),(0.,-1.,
0.),(0.,-1.,0.),(0.996225992829405,0.,0.0867972995609112),(0.,-1.,0.),(0.996537637628227,
0.,0.0831428697505286),(0.,1.,0.),(0.996225992829405,0.,0.0867972995609112),
(0.,1.,0.),(0.996537637628227,0.,0.0831428697505286),(-0.962898011354188,
0.,-0.269865558621602),(0.,1.,0.),(-0.962898011354188,0.,-0.269865558621602),
(0.,-1.,0.),(0.,-1.,0.),(0.996442654630755,0.,0.0842735784953607),(0.996442654630755,
0.,0.0842735784953607),(0.,1.,0.),(-0.840081302128245,0.,0.54246051083421),
(0.,-1.,0.),(0.,-1.,0.),(0.943671972747835,0.,0.330882468333107),(-0.840081302128245,
0.,0.54246051083421),(0.,1.,0.),(0.,1.,0.),(0.943671972747835,0.,0.330882468333107),
(-0.968909807352501,0.,-0.247414197685056),(0.,1.,0.),(-0.968909807352501,
0.,-0.247414197685056),(0.,-1.,0.),(-0.974424982512366,0.,-0.224713046919344),
(0.,1.,0.),(-0.974424982512366,0.,-0.224713046919344),(0.,-1.,0.),(0.,-1.,
0.),(0.997395818803205,0.,0.0721219844006255),(0.997395818803205,0.,0.0721219844006255),
(0.,1.,0.),(0.,1.,0.),(-0.978941321895546,0.,-0.204141833746544),(-0.978941321895546,
0.,-0.204141833746544),(0.,-1.,0.),(-0.982965453369126,0.,-0.183790417276931),
(0.,1.,0.),(-0.982965453369126,0.,-0.183790417276931),(0.,-1.,0.),(0.,-1.,
0.),(0.99865615928346,0.,0.0518254331888238),(0.99865615928346,0.,0.0518254331888238),
(0.,1.,0.),(0.,1.,0.),(-0.860762443335282,0.,-0.509006892039268),(-0.860762443335282,
0.,-0.509006892039268),(0.,-1.,0.),(0.,-1.,0.),(0.499993630524252,0.,-0.866029081171745),
(0.,-1.,0.),(0.670244518056751,0.,-0.742140341185462),(0.,-1.,0.),(0.825291824265016,
0.,-0.564706476677328),(0.,-1.,0.),(0.9339416887461,0.,-0.357425407633654),
(0.,-1.,0.),(0.987105042531001,0.,-0.160073842366172),(0.,-1.,0.),(0.999998681172788,
0.,0.00162408518404699),(0.,1.,0.),(0.499993630524252,0.,-0.866029081171745),
(0.,1.,0.),(0.670244518056751,0.,-0.742140341185462),(0.,1.,0.),(0.825291824265016,
0.,-0.564706476677328),(0.,1.,0.),(0.9339416887461,0.,-0.357425407633654),
(0.,1.,0.),(0.987105042531001,0.,-0.160073842366172),(0.,1.,0.),(0.999998681172788,
0.,0.00162408518404699),(-0.986649013932615,0.,-0.162861055215171),(0.,
1.,0.),(-0.986649013932615,0.,-0.162861055215171),(0.,-1.,0.),(0.,-1.,0.),
(0.999809630100816,0.,0.0195116262179798),(0.999809630100816,0.,0.0195116262179798),
(0.,1.,0.),(0.,1.,0.),(-0.98634623856279,0.,-0.164684843483048),(-0.98634623856279,
0.,-0.164684843483048),(0.,-1.,0.),(-0.71115044992455,0.,-0.703039854895944),
(0.,1.,0.),(-0.71115044992455,0.,-0.703039854895944),(0.,-1.,0.),(0.,-1.,
0.),(0.960101733047362,0.,-0.279650964953552),(0.,-1.,0.),(0.942509873686664,
0.,-0.334178302711516),(0.,1.,0.),(0.960101733047362,0.,-0.279650964953552),
(0.,1.,0.),(0.942509873686664,0.,-0.334178302711516),(-0.978040727700091,
0.,-0.208413855009396),(0.,1.,0.),(-0.978040727700091,0.,-0.208413855009396),
(0.,-1.,0.),(0.,-1.,0.),(0.987270918898433,0.,-0.159047579979839),(0.,-1.,
0.),(0.996130112853803,0.,-0.0878908315233679),(0.,-1.,0.),(0.999604646261179,
0.,-0.0281167418642805),(0.,1.,0.),(0.987270918898433,0.,-0.159047579979839),
(0.,1.,0.),(0.996130112853803,0.,-0.0878908315233679),(0.,1.,0.),(0.999604646261179,
0.,-0.0281167418642805),(-0.963311842076453,0.,-0.26838460260468),(0.,1.,
0.),(-0.963311842076453,0.,-0.26838460260468),(0.,-1.,0.),(0.,-1.,0.),(0.935972374141485,
0.,-0.352073450921753),(0.,-1.,0.),(0.954531049161162,0.,-0.298111516361396),
(0.,-1.,0.),(0.972548151340481,0.,-0.232701726087737),(0.,1.,0.),(0.935972374141485,
0.,-0.352073450921753),(0.,1.,0.),(0.954531049161162,0.,-0.298111516361396),
(0.,1.,0.),(0.972548151340481,0.,-0.232701726087737),(-0.94699805619857,
0.,-0.321239290181215),(0.,1.,0.),(-0.94699805619857,0.,-0.321239290181215),
(0.,-1.,0.),(0.,-1.,0.),(0.909468526608837,0.,-0.415772773408687),(0.,-1.,
0.),(0.920768858522075,0.,-0.390108586390961),(0.,1.,0.),(0.909468526608837,
0.,-0.415772773408687),(0.,1.,0.),(0.920768858522075,0.,-0.390108586390961),
(-0.791416375495837,0.,0.611277449769769),(0.,-1.,0.),(0.,-1.,0.),(0.0121612798094225,
0.,0.999926048902316),(-0.791416375495837,0.,0.611277449769769),(0.,1.,
0.),(0.,1.,0.),(0.0121612798094225,0.,0.999926048902316),(-0.825632920359036,
0.,-0.564207657533474),(0.,1.,0.),(-0.825632920359036,0.,-0.564207657533474),
(0.,-1.,0.),(0.,-1.,0.),(0.620873518238596,0.,-0.7839107566235),(0.,-1.,
0.),(0.515516457016526,0.,-0.856879677985847),(0.,-1.,0.),(0.393870827150074,
0.,-0.919165801974876),(0.,-1.,0.),(0.273039528394493,0.,-0.962002814930452),
(0.,-1.,0.),(0.169900389257581,0.,-0.985461241110031),(0.,-1.,0.),(0.0911790173831544,
0.,-0.995834517773431),(0.,-1.,0.),(0.0367382064038439,0.,-0.999324924231468),
(0.,-1.,0.),(0.0193631334587182,0.,-0.999812516956384),(0.,-1.,0.),(0.0536433710033007,
0.,-0.998560157800922),(0.,-1.,0.),(0.125054453973581,0.,-0.992149879575344),
(0.,-1.,0.),(0.219365505207223,0.,-0.975642749742538),(0.,-1.,0.),(0.343862128235063,
0.,-0.939020147156414),(0.,1.,0.),(0.620873518238596,0.,-0.7839107566235),
(0.,1.,0.),(0.515516457016526,0.,-0.856879677985847),(0.,1.,0.),(0.393870827150074,
0.,-0.919165801974876),(0.,1.,0.),(0.273039528394493,0.,-0.962002814930452),
(0.,1.,0.),(0.169900389257581,0.,-0.985461241110031),(0.,1.,0.),(0.0911790173831544,
0.,-0.995834517773431),(0.,1.,0.),(0.0367382064038439,0.,-0.999324924231468),
(0.,1.,0.),(0.0193631334587182,0.,-0.999812516956384),(0.,1.,0.),(0.0536433710033007,
0.,-0.998560157800922),(0.,1.,0.),(0.125054453973581,0.,-0.992149879575344),
(0.,1.,0.),(0.219365505207223,0.,-0.975642749742538),(0.,1.,0.),(0.343862128235063,
0.,-0.939020147156414),(-0.676563767606502,0.,-0.736384049502768),(0.,1.,
0.),(-0.676563767606502,0.,-0.736384049502768),(0.,-1.,0.),(0.,-1.,0.),
(0.989309309894093,0.,-0.14583240160154),(0.,-1.,0.),(0.975758840375162,
0.,-0.218848544499886),(0.,1.,0.),(0.989309309894093,0.,-0.14583240160154),
(0.,1.,0.),(0.975758840375162,0.,-0.218848544499886),(-0.929589060560228,
0.,-0.368597583397873),(0.,1.,0.),(-0.929589060560228,0.,-0.368597583397873),
(0.,-1.,0.),(0.,-1.,0.),(0.911167590660318,0.,-0.412035947133585),(0.,-1.,
0.),(0.90494020276502,0.,-0.425538751959919),(0.,1.,0.),(0.911167590660318,
0.,-0.412035947133585),(0.,1.,0.),(0.90494020276502,0.,-0.425538751959919),
(-0.910403124413297,0.,-0.413722311530943),(0.,1.,0.),(-0.910403124413297,
0.,-0.413722311530943),(0.,-1.,0.),(0.,-1.,0.),(0.953355040384957,0.,-0.301851233180516),
(0.,-1.,0.),(0.928013015846513,0.,-0.372547771996371),(0.,1.,0.),(0.953355040384957,
0.,-0.301851233180516),(0.,1.,0.),(0.928013015846513,0.,-0.372547771996371),
(-0.635876430669497,0.,-0.771790881598779),(0.,1.,0.),(-0.635876430669497,
0.,-0.771790881598779),(0.,-1.,0.),(0.,-1.,0.),(0.970684281191738,0.,0.240358120826569),
(0.,-1.,0.),(0.993069043603449,0.,0.117532440783519),(0.,-1.,0.),(0.998996818372062,
0.,-0.0447812112665185),(0.,1.,0.),(0.970684281191738,0.,0.240358120826569),
(0.,1.,0.),(0.998996818372062,0.,-0.0447812112665185),(0.,1.,0.),(0.993069043603449,
0.,0.117532440783519),(-0.787349608404963,0.,-0.61650676731448),(0.,1.,
0.),(-0.787349608404963,0.,-0.61650676731448),(0.,-1.,0.),(0.,-1.,0.),(0.79560638366256,
0.,-0.605813900695076),(0.,-1.,0.),(0.758625533033759,0.,-0.651526899390382),
(0.,-1.,0.),(0.701843703745226,0.,-0.712330973293443),(0.,1.,0.),(0.79560638366256,
0.,-0.605813900695076),(0.,1.,0.),(0.758625533033759,0.,-0.651526899390382),
(0.,1.,0.),(0.701843703745226,0.,-0.712330973293443),(-0.889147675340744,
0.,-0.457620379174868),(0.,1.,0.),(-0.889147675340744,0.,-0.457620379174868),
(0.,-1.,0.),(0.,-1.,0.),(0.998453774582601,0.,-0.0555883083188996),(0.,
-1.,0.),(0.980720196233579,0.,-0.19541723746786),(0.,1.,0.),(0.998453774582601,
0.,-0.0555883083188996),(0.,1.,0.),(0.980720196233579,0.,-0.19541723746786),
(-0.738939435776839,0.,0.673771853266228),(0.,-1.,0.),(0.,-1.,0.),(0.987864709740674,
0.,0.155316822169958),(0.,-1.,0.),(0.951106340694244,0.,0.308863608557572),
(0.,-1.,0.),(0.889576368520665,0.,0.456786475904865),(0.,-1.,0.),(0.80832923508136,
0.,0.588730708994175),(0.,-1.,0.),(0.710430398696956,0.,0.70376746771024),
(0.,-1.,0.),(0.593280932486238,0.,0.80499548765708),(0.,-1.,0.),(0.463842458142269,
0.,0.885917701609206),(0.,-1.,0.),(0.32406839641147,0.,0.946033653971834),
(0.,-1.,0.),(0.171666230646506,0.,0.985155168110902),(-0.738939435776839,
0.,0.673771853266228),(0.,1.,0.),(0.,1.,0.),(0.987864709740674,0.,0.155316822169958),
(0.,1.,0.),(0.951106340694244,0.,0.308863608557572),(0.,1.,0.),(0.889576368520665,
0.,0.456786475904865),(0.,1.,0.),(0.80832923508136,0.,0.588730708994175),
(0.,1.,0.),(0.710430398696956,0.,0.70376746771024),(0.,1.,0.),(0.593280932486238,
0.,0.80499548765708),(0.,1.,0.),(0.463842458142269,0.,0.885917701609206),
(0.,1.,0.),(0.32406839641147,0.,0.946033653971834),(0.,1.,0.),(0.171666230646506,
0.,0.985155168110902),(-0.587097467327682,0.,-0.809516252991514),(0.,1.,
0.),(-0.587097467327682,0.,-0.809516252991514),(0.,-1.,0.),(0.,-1.,0.),
(0.981395339611042,0.,-0.191997883815752),(0.,-1.,0.),(0.982294918308983,
0.,0.187341115253296),(0.,-1.,0.),(0.996095006239339,0.,-0.0882878165153629),
(0.,-1.,0.),(0.999328620679556,0.,0.0366375202585519),(0.,1.,0.),(0.981395339611042,
0.,-0.191997883815752),(0.,1.,0.),(0.982294918308983,0.,0.187341115253296),
(0.,1.,0.),(0.996095006239339,0.,-0.0882878165153629),(0.,1.,0.),(0.999328620679556,
0.,0.0366375202585519),(-0.865111034731522,0.,-0.501580399921843),(0.,1.,
0.),(-0.865111034731522,0.,-0.501580399921843),(0.,-1.,0.),(0.,-1.,0.),
(0.974598179248108,0.,0.223960686296218),(0.,-1.,0.),(0.99561212647942,
0.,0.0935761380220835),(0.,1.,0.),(0.974598179248108,0.,0.223960686296218),
(0.,1.,0.),(0.99561212647942,0.,0.0935761380220835),(-0.746025556419443,
0.,-0.665917314063135),(0.,1.,0.),(-0.746025556419443,0.,-0.665917314063135),
(0.,-1.,0.),(0.,-1.,0.),(0.81469617987792,0.,-0.579888036169332),(0.,-1.,
0.),(0.818455369166484,0.,-0.574570107717548),(0.,1.,0.),(0.81469617987792,
0.,-0.579888036169332),(0.,1.,0.),(0.818455369166484,0.,-0.574570107717548),
(-0.836455913360103,0.,-0.54803421882663),(0.,1.,0.),(-0.836455913360103,
0.,-0.54803421882663),(0.,-1.,0.),(0.,-1.,0.),(0.920963757556233,0.,0.389648248126311),
(0.,-1.,0.),(0.946033802823752,0.,0.324067961876564),(0.,1.,0.),(0.920963757556233,
0.,0.389648248126311),(0.,1.,0.),(0.946033802823752,0.,0.324067961876564),
(-0.527304873660424,0.,-0.849676156081812),(0.,1.,0.),(-0.527304873660424,
0.,-0.849676156081812),(0.,-1.,0.),(0.,-1.,0.),(0.909341110066884,0.,-0.416051373681577),
(0.,-1.,0.),(0.937518793949181,0.,-0.347934636091427),(0.,-1.,0.),(0.960182358962122,
0.,-0.279374010133254),(0.,1.,0.),(0.909341110066884,0.,-0.416051373681577),
(0.,1.,0.),(0.937518793949181,0.,-0.347934636091427),(0.,1.,0.),(0.960182358962122,
0.,-0.279374010133254),(-0.681765027150567,0.,0.73157121851149),(0.,-1.,
0.),(0.,-1.,0.),(0.840249514818593,0.,-0.542199919630315),(0.,-1.,0.),(0.999996131689568,
0.,-0.0027814754897265),(0.,-1.,0.),(0.987909659195039,0.,-0.155030659126319),
(0.,-1.,0.),(0.963757108268595,0.,-0.266781251705881),(0.,-1.,0.),(0.937651302677386,
0.,-0.347577379280357),(0.,-1.,0.),(0.910998438099492,0.,-0.412409803205849),
(0.,-1.,0.),(0.887116174165933,0.,-0.461546198698675),(0.,-1.,0.),(0.86308320302729,
0.,-0.505061763205406),(-0.681765027150567,0.,0.73157121851149),(0.,1.,
0.),(0.,1.,0.),(0.840249514818593,0.,-0.542199919630315),(0.,1.,0.),(0.987909659195039,
0.,-0.155030659126319),(0.,1.,0.),(0.999996131689568,0.,-0.0027814754897265),
(0.,1.,0.),(0.963757108268595,0.,-0.266781251705881),(0.,1.,0.),(0.937651302677386,
0.,-0.347577379280357),(0.,1.,0.),(0.910998438099492,0.,-0.412409803205849),
(0.,1.,0.),(0.887116174165933,0.,-0.461546198698675),(0.,1.,0.),(0.86308320302729,
0.,-0.505061763205406),(-0.800923641172075,0.,-0.598766499573636),(0.,1.,
0.),(-0.800923641172075,0.,-0.598766499573636),(0.,-1.,0.),(0.,-1.,0.),
(0.903376759845556,0.,0.428847793244811),(0.903376759845556,0.,0.428847793244811),
(0.,1.,0.),(0.,1.,0.),(-0.458836180387197,0.,-0.88852088302284),(-0.458836180387197,
0.,-0.88852088302284),(0.,-1.,0.),(0.,-1.,0.),(0.812377424352664,0.,-0.5831319922643),
(0.,-1.,0.),(0.84793272623722,0.,-0.530103849991599),(0.,-1.,0.),(0.878927000102606,
0.,-0.476956317172373),(0.,1.,0.),(0.812377424352664,0.,-0.5831319922643),
(0.,1.,0.),(0.84793272623722,0.,-0.530103849991599),(0.,1.,0.),(0.878927000102606,
0.,-0.476956317172373),(-0.701793424718884,0.,-0.71238050859168),(0.,1.,
0.),(-0.701793424718884,0.,-0.71238050859168),(0.,-1.,0.),(-0.755922759580309,
0.,-0.65466081412323),(0.,1.,0.),(-0.755922759580309,0.,-0.65466081412323),
(0.,-1.,0.),(0.,-1.,0.),(0.70094887352337,0.,-0.713211523116613),(0.,0.,
-1.),(0.,0.,-1.),(0.,-1.,0.),(0.,0.,-1.),(0.,-1.,0.),(-0.738457527301997,
0.,-0.674299992860018),(0.,1.,0.),(0.,0.,-1.),(0.70094887352337,0.,-0.713211523116613),
(0.,1.,0.),(0.,0.,-1.),(0.,1.,0.),(0.,0.,-1.),(-0.738457527301997,0.,-0.674299992860018),
(-0.402376725573647,0.,-0.915474178072014),(0.,1.,0.),(-0.402376725573647,
0.,-0.915474178072014),(0.,-1.,0.),(0.,-1.,0.),(0.751347244029704,0.,-0.659907053219594),
(0.,-1.,0.),(0.773887446721474,0.,-0.633323155906144),(0.,1.,0.),(0.751347244029704,
0.,-0.659907053219594),(0.,1.,0.),(0.773887446721474,0.,-0.633323155906144),
(-0.618695320656453,0.,0.785631020389221),(0.,-1.,0.),(0.,-1.,0.),(0.771789679530215,
0.,-0.635877889669587),(0.,-1.,0.),(0.81731182946625,0.,-0.576195603432144),
(0.,-1.,0.),(0.793076858451665,0.,-0.609121577838478),(0.,-1.,0.),(0.766808899002115,
0.,-0.641875464877078),(0.,-1.,0.),(0.738855060896946,0.,-0.673864377294846),
(0.,-1.,0.),(0.721618686026436,0.,-0.692290742374531),(0.,-1.,0.),(0.737484731995209,
0.,-0.67536380571804),(-0.618695320656453,0.,0.785631020389221),(0.,1.,
0.),(0.,1.,0.),(0.771789679530215,0.,-0.635877889669587),(0.,1.,0.),(0.81731182946625,
0.,-0.576195603432144),(0.,1.,0.),(0.793076858451665,0.,-0.609121577838478),
(0.,1.,0.),(0.766808899002115,0.,-0.641875464877078),(0.,1.,0.),(0.738855060896946,
0.,-0.673864377294846),(0.,1.,0.),(0.721618686026436,0.,-0.692290742374531),
(0.,1.,0.),(0.737484731995209,0.,-0.67536380571804),(-0.69500341303096,
0.,-0.719006436602146),(0.,1.,0.),(-0.69500341303096,0.,-0.719006436602146),
(0.,-1.,0.),(-0.654758288527024,0.,-0.755838331659068),(0.,1.,0.),(-0.654758288527024,
0.,-0.755838331659068),(0.,-1.,0.),(0.,-1.,0.),(0.766544552619048,0.,-0.642191131089541),
(0.766544552619048,0.,-0.642191131089541),(0.,1.,0.),(0.,1.,0.),(-0.366124805960782,
0.,-0.930565756118384),(-0.366124805960782,0.,-0.930565756118384),(0.,-1.,
0.),(0.,-1.,0.),(0.760625931522354,0.,-0.649190412972767),(0.760625931522354,
0.,-0.649190412972767),(0.,1.,0.),(0.,1.,0.),(-0.640195613595174,0.,-0.768211934516445),
(-0.640195613595174,0.,-0.768211934516445),(0.,-1.,0.),(-0.340521651741095,
0.,-0.940236674830075),(0.,1.,0.),(-0.340521651741095,0.,-0.940236674830075),
(0.,-1.,0.),(0.,-1.,0.),(0.804015631389808,0.,-0.594608160455984),(0.,-1.,
0.),(0.783164436368651,0.,-0.621814655349464),(0.,1.,0.),(0.804015631389808,
0.,-0.594608160455984),(0.,1.,0.),(0.783164436368651,0.,-0.621814655349464),
(-0.633238958855896,0.,-0.773956343075694),(0.,1.,0.),(-0.633238958855896,
0.,-0.773956343075694),(0.,-1.,0.),(0.,-1.,0.),(0.701344722013155,0.,-0.712822264596365),
(0.701344722013155,0.,-0.712822264596365),(0.,1.,0.),(-0.54871517684859,
0.,0.836009362804042),(0.,-1.,0.),(0.,-1.,0.),(0.977972798791672,0.,-0.208732376078997),
(0.,-1.,0.),(0.807202369805703,0.,-0.590274795480933),(0.,-1.,0.),(0.847024140920055,
0.,-0.531554423082569),(0.,-1.,0.),(0.886957218935894,0.,-0.461851590640874),
(0.,-1.,0.),(0.923637296341505,0.,-0.383267719495073),(0.,-1.,0.),(0.95471683483273,
0.,-0.297515991649143),(-0.54871517684859,0.,0.836009362804042),(0.,1.,
0.),(0.,1.,0.),(0.977972798791672,0.,-0.208732376078997),(0.,1.,0.),(0.807202369805703,
0.,-0.590274795480933),(0.,1.,0.),(0.847024140920055,0.,-0.531554423082569),
(0.,1.,0.),(0.886957218935894,0.,-0.461851590640874),(0.,1.,0.),(0.923637296341505,
0.,-0.383267719495073),(0.,1.,0.),(0.95471683483273,0.,-0.297515991649143),
(-0.605165734252186,0.,-0.796099512678543),(0.,1.,0.),(-0.605165734252186,
0.,-0.796099512678543),(0.,-1.,0.),(-0.321103573820835,0.,-0.947044082859656),
(0.,1.,0.),(-0.321103573820835,0.,-0.947044082859656),(0.,-1.,0.),(0.,-1.,
0.),(0.846583922654523,0.,-0.532255260098838),(0.,-1.,0.),(0.825933767950767,
0.,-0.563767160234302),(0.,1.,0.),(0.846583922654523,0.,-0.532255260098838),
(0.,1.,0.),(0.825933767950767,0.,-0.563767160234302),(-0.659340035268761,
0.,-0.751844876215692),(0.,1.,0.),(-0.659340035268761,0.,-0.751844876215692),
(0.,-1.,0.),(-0.692390378613205,0.,-0.72152308598122),(0.,1.,0.),(-0.692390378613205,
0.,-0.72152308598122),(0.,-1.,0.),(-0.303911739628639,0.,-0.952700191306737),
(0.,1.,0.),(-0.303911739628639,0.,-0.952700191306737),(0.,-1.,0.),(0.,-1.,
0.),(0.886852887570284,0.,-0.462051897310518),(0.,-1.,0.),(0.864833559465767,
0.,-0.502058676273771),(0.,1.,0.),(0.886852887570284,0.,-0.462051897310518),
(0.,1.,0.),(0.864833559465767,0.,-0.502058676273771),(-0.730886109712274,
0.,-0.68249944661491),(0.,1.,0.),(-0.730886109712274,0.,-0.68249944661491),
(0.,-1.,0.),(-0.775217649826926,0.,-0.63169422618607),(0.,1.,0.),(-0.775217649826926,
0.,-0.63169422618607),(0.,-1.,0.),(-0.552895143769037,0.,-0.833250838581405),
(0.,1.,0.),(-0.552895143769037,0.,-0.833250838581405),(0.,-1.,0.),(0.,-1.,
0.),(0.685629297858259,0.,-0.727950867791495),(0.685629297858259,0.,-0.727950867791495),
(0.,1.,0.),(-0.469675555433722,0.,0.882839097813426),(0.,-1.,0.),(0.,-1.,
0.),(0.999487052607155,0.,0.0320254847061136),(0.,-1.,0.),(0.992645335192505,
0.,-0.121058822563909),(0.,-1.,0.),(0.998218446780632,0.,0.0596651699642484),
(0.,-1.,0.),(0.999149538289633,0.,-0.0412334831855536),(0.,-1.,0.),(0.999607589003691,
0.,0.0280119261427653),(-0.469675555433722,0.,0.882839097813426),(0.,1.,
0.),(0.,1.,0.),(0.999487052607155,0.,0.0320254847061136),(0.,1.,0.),(0.992645335192505,
0.,-0.121058822563909),(0.,1.,0.),(0.998218446780632,0.,0.0596651699642484),
(0.,1.,0.),(0.999149538289633,0.,-0.0412334831855536),(0.,1.,0.),(0.999607589003691,
0.,0.0280119261427653),(-0.819992441278444,0.,-0.57237434974518),(0.,1.,
0.),(-0.819992441278444,0.,-0.57237434974518),(0.,-1.,0.),(-0.287533495362641,
0.,-0.957770582678619),(0.,1.,0.),(-0.287533495362641,0.,-0.957770582678619),
(0.,-1.,0.),(0.,-1.,0.),(0.934929853025538,0.,-0.354832594221058),(0.,-1.,
0.),(0.909694312059296,0.,-0.415278531358129),(0.,1.,0.),(0.934929853025538,
0.,-0.354832594221058),(0.,1.,0.),(0.909694312059296,0.,-0.415278531358129),
(-0.861033261581491,0.,-0.508548643150623),(0.,1.,0.),(-0.861033261581491,
0.,-0.508548643150623),(0.,-1.,0.),(-0.896253523005734,0.,-0.44354213159497),
(0.,1.,0.),(-0.896253523005734,0.,-0.44354213159497),(0.,-1.,0.),(-0.924604849172167,
0.,-0.380927647837899),(0.,1.,0.),(-0.924604849172167,0.,-0.380927647837899),
(0.,-1.,0.),(0.,-1.,0.),(1.,0.,0.),(0.701740354335717,0.,-0.712432786371306),
(0.701740354335717,0.,-0.712432786371306),(0.,1.,0.),(1.,0.,0.),(-0.945758961743748,
0.,-0.324869183335983),(0.,1.,0.),(-0.945758961743748,0.,-0.324869183335983),
(0.,-1.,0.),(0.,-1.,0.),(-0.89905149280251,0.,0.437842909374559),(0.,-1.,
0.),(0.830339934745564,0.,-0.557257205217422),(-0.89905149280251,0.,0.437842909374559),
(0.,1.,0.),(0.830339934745564,0.,-0.557257205217422),(0.,1.,0.),(-0.915203499100724,
0.,0.40299200393282),(0.,-1.,0.),(-0.915203499100724,0.,0.40299200393282),
(0.,1.,0.),(0.,1.,0.),(-0.9595087125672,0.,-0.281678949351268),(-0.9595087125672,
0.,-0.281678949351268),(0.,-1.,0.),(0.,-1.,0.),(-0.919358318521508,0.,0.39342125281345),
(-0.919358318521508,0.,0.39342125281345),(0.,1.,0.),(-0.923553430874399,
0.,0.383469764544908),(0.,-1.,0.),(-0.923553430874399,0.,0.383469764544908),
(0.,1.,0.),(-0.925891834524285,0.,0.377788711797022),(0.,-1.,0.),(0.,-1.,
0.),(0.75383819753345,0.,-0.657060097661941),(-0.925891834524285,0.,0.377788711797022),
(0.,1.,0.),(0.,1.,0.),(0.75383819753345,0.,-0.657060097661941),(-0.965928804129293,
0.,-0.258807931395764),(0.,1.,0.),(-0.965928804129293,0.,-0.258807931395764),
(0.,-1.,0.),(-0.271149212539342,0.,-0.962537326309632),(0.,1.,0.),(-0.271149212539342,
0.,-0.962537326309632),(0.,-1.,0.),(0.,-1.,0.),(0.986793152235095,0.,-0.16198541509014),
(0.,-1.,0.),(0.962038464095819,0.,-0.272913894113431),(0.,1.,0.),(0.986793152235095,
0.,-0.16198541509014),(0.,1.,0.),(0.962038464095819,0.,-0.272913894113431),
(-0.929354441691937,0.,0.369188734534882),(0.,-1.,0.),(-0.929354441691937,
0.,0.369188734534882),(0.,1.,0.),(-0.930504349731874,0.,0.366280841882377),
(0.,-1.,0.),(-0.930504349731874,0.,0.366280841882377),(0.,1.,0.),(0.,1.,
0.),(-0.965665059372494,0.,-0.259790286783625),(-0.965665059372494,0.,-0.259790286783625),
(0.,-1.,0.),(0.,-1.,0.),(-0.931108072282295,0.,0.364743413553621),(0.,-1.,
0.),(0.67273431358407,0.,-0.739884141826658),(-0.931108072282295,0.,0.364743413553621),
(0.,1.,0.),(0.67273431358407,0.,-0.739884141826658),(0.,1.,0.),(0.,1.,0.),
(-0.963230661300776,0.,-0.268675814188902),(-0.963230661300776,0.,-0.268675814188902),
(0.,-1.,0.),(0.,-1.,0.),(-0.932534949587653,0.,0.3610797249882),(-0.932534949587653,
0.,0.3610797249882),(0.,1.,0.),(0.,1.,0.),(-0.96098906220965,0.,-0.276586374055948),
(-0.96098906220965,0.,-0.276586374055948),(0.,-1.,0.),(0.,-1.,0.),(-0.933262970111269,
0.,0.359193859383888),(0.,-1.,0.),(0.580478558843485,0.,-0.814275532435422),
(-0.933262970111269,0.,0.359193859383888),(0.,1.,0.),(0.580478558843485,
0.,-0.814275532435422),(0.,1.,0.),(0.,1.,0.),(-0.49797267822893,0.,-0.867192718914029),
(-0.49797267822893,0.,-0.867192718914029),(0.,-1.,0.),(0.,-1.,0.),(-0.93382041326054,
0.,0.357742135871517),(-0.93382041326054,0.,0.357742135871517),(0.,1.,0.),
(0.,1.,0.),(-0.958671879141742,0.,-0.284514020995171),(-0.958671879141742,
0.,-0.284514020995171),(0.,-1.,0.),(0.,-1.,0.),(-0.940107491397365,0.,0.340878137489857),
(0.,-1.,0.),(0.463655449736864,0.,-0.886015588987748),(-0.940107491397365,
0.,0.340878137489857),(0.,1.,0.),(0.463655449736864,0.,-0.886015588987748),
(0.,1.,0.),(0.,1.,0.),(-0.956867767257012,0.,-0.290523795900751),(-0.956867767257012,
0.,-0.290523795900751),(0.,-1.,0.),(0.,-1.,0.),(-0.95492971071918,0.,0.296832019138406),
(0.,-1.,0.),(0.299632522459063,0.,-0.954054689986281),(-0.95492971071918,
0.,0.296832019138406),(0.,1.,0.),(0.299632522459063,0.,-0.954054689986281),
(0.,1.,0.),(-0.378725873876022,0.,0.925508893775118),(0.,-1.,0.),(0.,-1.,
0.),(0.951909109409439,0.,-0.306380559799947),(0.,-1.,0.),(0.999776878866574,
0.,-0.0211232687766682),(0.,-1.,0.),(0.996943405313786,0.,-0.0781271182199374),
(0.,-1.,0.),(0.989403678556919,0.,-0.145190774011428),(0.,-1.,0.),(0.974540012306069,
0.,-0.224213657957063),(-0.378725873876022,0.,0.925508893775118),(0.,1.,
0.),(0.,1.,0.),(0.951909109409439,0.,-0.306380559799947),(0.,1.,0.),(0.999776878866574,
0.,-0.0211232687766682),(0.,1.,0.),(0.996943405313786,0.,-0.0781271182199374),
(0.,1.,0.),(0.989403678556919,0.,-0.145190774011428),(0.,1.,0.),(0.974540012306069,
0.,-0.224213657957063),(-0.955215374711502,0.,-0.295911452827979),(0.,1.,
0.),(-0.955215374711502,0.,-0.295911452827979),(0.,-1.,0.),(-0.953248075834546,
0.,-0.302188858030431),(0.,1.,0.),(-0.953248075834546,0.,-0.302188858030431),
(0.,-1.,0.),(-0.251658219596107,0.,-0.967816170824665),(0.,1.,0.),(-0.251658219596107,
0.,-0.967816170824665),(0.,-1.,0.),(0.,-1.,0.),(0.973475840815851,0.,-0.228789832265057),
(0.,-1.,0.),(0.993403809599602,0.,-0.114668526950502),(0.,-1.,0.),(0.997039092352748,
0.,-0.0768963479003242),(0.,1.,0.),(0.973475840815851,0.,-0.228789832265057),
(0.,1.,0.),(0.993403809599602,0.,-0.114668526950502),(0.,1.,0.),(0.997039092352748,
0.,-0.0768963479003242),(-0.951145402829668,0.,-0.308743295758773),(0.,
1.,0.),(-0.951145402829668,0.,-0.308743295758773),(0.,-1.,0.),(0.,-1.,0.),
(-0.969599373801984,0.,0.244697883772624),(0.,-1.,0.),(0.391744010088423,
0.,-0.920074252742593),(0.,-1.,0.),(0.0588897671290662,0.,-0.998264491669159),
(0.,-1.,0.),(0.692114461005114,0.,-0.72178776164992),(0.,-1.,0.),(0.676883552283685,
0.,-0.736090114488586),(0.,-1.,0.),(0.646990166352843,0.,-0.762498344026215),
(0.,-1.,0.),(0.618150700607881,0.,-0.78605961054998),(0.,-1.,0.),(0.593416003627973,
0.,-0.804895922860965),(0.,-1.,0.),(0.567014931672656,0.,-0.823707513174581),
(0.,-1.,0.),(0.540198797810974,0.,-0.84153743757695),(0.,-1.,0.),(0.508764087311956,
0.,-0.860905978293584),(0.,-1.,0.),(0.475983808360116,0.,-0.879454043244444),
(0.,-1.,0.),(0.440442512008135,0.,-0.897780816021352),(-0.969599373801984,
0.,0.244697883772624),(0.,1.,0.),(0.,1.,0.),(0.391744010088423,0.,-0.920074252742593),
(0.,1.,0.),(0.0588897671290662,0.,-0.998264491669159),(0.,1.,0.),(0.692114461005114,
0.,-0.72178776164992),(0.,1.,0.),(0.676883552283685,0.,-0.736090114488586),
(0.,1.,0.),(0.646990166352843,0.,-0.762498344026215),(0.,1.,0.),(0.618150700607881,
0.,-0.78605961054998),(0.,1.,0.),(0.593416003627973,0.,-0.804895922860965),
(0.,1.,0.),(0.567014931672656,0.,-0.823707513174581),(0.,1.,0.),(0.540198797810974,
0.,-0.84153743757695),(0.,1.,0.),(0.508764087311956,0.,-0.860905978293584),
(0.,1.,0.),(0.475983808360116,0.,-0.879454043244444),(0.,1.,0.),(0.440442512008135,
0.,-0.897780816021352),(-0.949239089551505,0.,-0.314555481381948),(0.,1.,
0.),(-0.949239089551505,0.,-0.314555481381948),(0.,-1.,0.),(-0.947308054967343,
0.,-0.320323975053364),(0.,1.,0.),(-0.947308054967343,0.,-0.320323975053364),
(0.,-1.,0.),(-0.945117468988595,0.,-0.326730729825941),(0.,1.,0.),(-0.945117468988595,
0.,-0.326730729825941),(0.,-1.,0.),(0.,-1.,0.),(-0.980631501443185,0.,0.195861834917589),
(0.,-1.,0.),(0.684075320114504,0.,0.729411376666308),(0.,-1.,0.),(0.643938716261848,
0.,0.765077074352018),(0.,-1.,0.),(0.577189018494404,0.,0.816610578506957),
(0.,-1.,0.),(0.481314240916491,0.,0.876548117042631),(0.,-1.,0.),(0.365959266958181,
0.,0.930630869317922),(0.,-1.,0.),(0.250759301866939,0.,0.968049468016591),
(0.,-1.,0.),(0.156513191736153,0.,0.987675868295142),(0.,-1.,0.),(0.0893225973701424,
0.,0.996002747786898),(0.,-1.,0.),(0.0479237626623226,0.,0.998850996381485),
(0.,-1.,0.),(0.158331336480239,0.,0.98738603792457),(0.,-1.,0.),(0.325982535724623,
0.,-0.94537579110243),(0.,-1.,0.),(0.247154261360959,0.,0.968976145780235),
(0.,-1.,0.),(0.314122119875635,0.,-0.949382585581196),(0.,-1.,0.),(0.637567714034369,
0.,0.770394321124571),(0.308504698037428,0.,0.951222818948765),(0.,-1.,
0.),(0.34064877704989,0.,-0.940190624657795),(0.784045824461853,0.,-0.620702944365445),
(0.784045824461853,0.,-0.620702944365445),(0.,-1.,0.),(0.637567714034369,
0.,0.770394321124571),(-0.980631501443185,0.,0.195861834917589),(0.,1.,
0.),(0.,1.,0.),(0.684075320114504,0.,0.729411376666308),(0.,1.,0.),(0.643938716261848,
0.,0.765077074352018),(0.,1.,0.),(0.577189018494404,0.,0.816610578506957),
(0.,1.,0.),(0.481314240916491,0.,0.876548117042631),(0.,1.,0.),(0.365959266958181,
0.,0.930630869317922),(0.,1.,0.),(0.250759301866939,0.,0.968049468016591),
(0.,1.,0.),(0.156513191736153,0.,0.987675868295142),(0.,1.,0.),(0.0893225973701424,
0.,0.996002747786898),(0.,1.,0.),(0.0479237626623226,0.,0.998850996381485),
(0.,1.,0.),(0.158331336480239,0.,0.98738603792457),(0.,1.,0.),(0.325982535724623,
0.,-0.94537579110243),(0.,1.,0.),(0.247154261360959,0.,0.968976145780235),
(0.,1.,0.),(0.314122119875635,0.,-0.949382585581196),(0.,1.,0.),(0.308504698037428,
0.,0.951222818948765),(0.637567714034369,0.,0.770394321124571),(0.,1.,0.),
(0.784045824461853,0.,-0.620702944365445),(0.34064877704989,0.,-0.940190624657795),
(0.,1.,0.),(0.637567714034369,0.,0.770394321124571),(0.784045824461853,
0.,-0.620702944365445),(-0.951125188669436,0.,-0.308805562577053),(0.,1.,
0.),(-0.951125188669436,0.,-0.308805562577053),(0.,-1.,0.),(-0.969619166604187,
0.,-0.244619442714192),(0.,1.,0.),(-0.969619166604187,0.,-0.244619442714192),
(0.,-1.,0.),(-0.226317042572923,0.,-0.974053692688984),(0.,1.,0.),(-0.226317042572923,
0.,-0.974053692688984),(0.,-1.,0.),(0.,-1.,0.),(0.897469586019664,0.,-0.441076345057965),
(0.,-1.,0.),(0.941078963012931,0.,-0.338186908934256),(0.,1.,0.),(0.897469586019664,
0.,-0.441076345057965),(0.,1.,0.),(0.941078963012931,0.,-0.338186908934256),
(-0.988719847205377,0.,0.149776712950229),(0.,-1.,0.),(0.,-1.,0.),(0.714420725896465,
0.,0.69971638998209),(0.,-1.,0.),(0.71407694663961,0.,0.700067221256539),
(0.,-1.,0.),(0.712984265459451,0.,0.701180031951315),(0.,-1.,0.),(0.713816574357681,
0.,0.700332705342444),(0.,-1.,0.),(0.711158735322438,0.,0.70303147381507),
(0.,-1.,0.),(0.70954083311731,0.,0.704664321602275),(0.,-1.,0.),(0.70553232561762,
0.,0.708677738826748),(-0.988719847205377,0.,0.149776712950229),(0.,1.,
0.),(0.,1.,0.),(0.714420725896465,0.,0.69971638998209),(0.,1.,0.),(0.71407694663961,
0.,0.700067221256539),(0.,1.,0.),(0.712984265459451,0.,0.701180031951315),
(0.,1.,0.),(0.713816574357681,0.,0.700332705342444),(0.,1.,0.),(0.711158735322438,
0.,0.70303147381507),(0.,1.,0.),(0.70954083311731,0.,0.704664321602275),
(0.,1.,0.),(0.70553232561762,0.,0.708677738826748),(-0.433427033002309,
0.,-0.901188663412282),(0.,1.,0.),(-0.433427033002309,0.,-0.901188663412282),
(0.,-1.,0.),(-0.986352643367467,0.,-0.164646478620137),(0.,1.,0.),(-0.986352643367467,
0.,-0.164646478620137),(0.,-1.,0.),(0.,-1.,0.),(-0.994481216547204,0.,0.104914774625854),
(0.,-1.,0.),(1.,0.,0.),(0.,-1.,0.),(0.707106781186547,0.,0.707106781186547),
(1.,0.,0.),(0.,-1.,0.),(0.711158735322438,0.,0.70303147381507),(0.,-1.,
0.),(0.715156659289157,0.,0.698964199851732),(0.,-1.,0.),(0.71432597485926,
0.,0.699813119083493),(0.,-1.,0.),(0.713148009894008,0.,0.701013492012968),
(0.,-1.,0.),(0.712600386126643,0.,0.70157016020649),(0.,-1.,0.),(0.713321905002725,
0.,0.700836542885204),(-0.994481216547204,0.,0.104914774625854),(0.,1.,
0.),(0.,1.,0.),(1.,0.,0.),(0.,1.,0.),(1.,0.,0.),(0.707106781186547,0.,0.707106781186547),
(0.,1.,0.),(0.711158735322438,0.,0.70303147381507),(0.,1.,0.),(0.715156659289157,
0.,0.698964199851732),(0.,1.,0.),(0.71432597485926,0.,0.699813119083493),
(0.,1.,0.),(0.713148009894008,0.,0.701013492012968),(0.,1.,0.),(0.712600386126643,
0.,0.70157016020649),(0.,1.,0.),(0.713321905002725,0.,0.700836542885204),
(-0.995222450709356,0.,-0.0976333631709092),(0.,1.,0.),(-0.995222450709356,
0.,-0.0976333631709092),(0.,-1.,0.),(0.,-1.,0.),(-0.99822139528268,0.,0.0596158200472007),
(-0.99822139528268,0.,0.0596158200472007),(0.,1.,0.),(0.,1.,0.),(-0.190182205708927,
0.,-0.981748811372689),(-0.190182205708927,0.,-0.981748811372689),(0.,-1.,
0.),(0.,-1.,0.),(0.674932612201231,0.,-0.737879372924344),(0.,-1.,0.),(0.760103254218473,
0.,-0.649802310650314),(0.,-1.,0.),(0.834068435776591,0.,-0.551660986876172),
(0.,1.,0.),(0.674932612201231,0.,-0.737879372924344),(0.,1.,0.),(0.760103254218473,
0.,-0.649802310650314),(0.,1.,0.),(0.834068435776591,0.,-0.551660986876172),
(-0.273189697576359,0.,0.961960180640622),(0.,-1.,0.),(0.,-1.,0.),(0.53314763987,
0.,-0.846022218444084),(0.,-1.,0.),(0.918429714678726,0.,-0.395584199880574),
(0.,-1.,0.),(0.868176278948049,0.,-0.496255930616371),(0.,-1.,0.),(0.803423843586415,
0.,-0.595407530651765),(0.,-1.,0.),(0.720114949585728,0.,-0.693854782633329),
(0.,-1.,0.),(0.611960668918019,0.,-0.790888196711401),(-0.273189697576359,
0.,0.961960180640622),(0.,1.,0.),(0.,1.,0.),(0.53314763987,0.,-0.846022218444084),
(0.,1.,0.),(0.918429714678726,0.,-0.395584199880574),(0.,1.,0.),(0.868176278948049,
0.,-0.496255930616371),(0.,1.,0.),(0.803423843586415,0.,-0.595407530651765),
(0.,1.,0.),(0.720114949585728,0.,-0.693854782633329),(0.,1.,0.),(0.611960668918019,
0.,-0.790888196711401),(-0.999188179722731,0.,-0.0402862445802013),(0.,
1.,0.),(-0.999188179722731,0.,-0.0402862445802013),(0.,-1.,0.),(0.,-1.,
0.),(-0.999930437108946,0.,0.0117949541377764),(-0.999930437108946,0.,0.0117949541377764),
(0.,1.,0.),(0.,1.,0.),(-0.125352394862037,0.,-0.992112280491655),(-0.125352394862037,
0.,-0.992112280491655),(0.,-1.,0.),(0.,-1.,0.),(0.446187976364825,0.,-0.894939265954658),
(0.,-1.,0.),(0.56726362471566,0.,-0.823536265184752),(0.,1.,0.),(0.446187976364825,
0.,-0.894939265954658),(0.,1.,0.),(0.56726362471566,0.,-0.823536265184752),
(-0.34921252801694,0.,-0.937043547694566),(0.,1.,0.),(-0.34921252801694,
0.,-0.937043547694566),(0.,-1.,0.),(0.00258677559953501,0.,-0.999996654290402),
(0.,1.,0.),(0.00258677559953501,0.,-0.999996654290402),(0.,-1.,0.),(0.,
-1.,0.),(0.161164338827169,0.,-0.986927583914038),(0.,-1.,0.),(0.308319679356654,
0.,-0.951282805122331),(0.,1.,0.),(0.161164338827169,0.,-0.986927583914038),
(0.,1.,0.),(0.308319679356654,0.,-0.951282805122331),(-0.15062630941092,
0.,0.988590772217324),(0.,-1.,0.),(0.,-1.,0.),(0.993824229448606,0.,-0.110965764814574),
(0.,-1.,0.),(0.557111983462933,0.,-0.830437377459611),(0.,-1.,0.),(0.648853622766774,
0.,-0.760913251443574),(0.,-1.,0.),(0.761787571415919,0.,-0.647826902834573),
(0.,-1.,0.),(0.874141761661692,0.,-0.485670856155683),(0.,-1.,0.),(0.954066674731854,
0.,-0.299594359369636),(-0.15062630941092,0.,0.988590772217324),(0.,1.,
0.),(0.,1.,0.),(0.993824229448606,0.,-0.110965764814574),(0.,1.,0.),(0.557111983462933,
0.,-0.830437377459611),(0.,1.,0.),(0.648853622766774,0.,-0.760913251443574),
(0.,1.,0.),(0.761787571415919,0.,-0.647826902834573),(0.,1.,0.),(0.874141761661692,
0.,-0.485670856155683),(0.,1.,0.),(0.954066674731854,0.,-0.299594359369636),
(-0.0483103110206555,0.,0.998832375250766),(0.,-1.,0.),(0.,-1.,0.),(0.970760043119387,
0.,0.240051949966763),(0.,-1.,0.),(0.987068924289913,0.,0.16029640888415),
(0.,-1.,0.),(0.998853937535127,0.,0.047862422322459),(-0.0483103110206555,
0.,0.998832375250766),(0.,1.,0.),(0.,1.,0.),(0.970760043119387,0.,0.240051949966763),
(0.,1.,0.),(0.987068924289913,0.,0.16029640888415),(0.,1.,0.),(0.998853937535127,
0.,0.047862422322459),(-0.0122266245596695,0.,0.999925252032309),(0.,-1.,
0.),(-0.635707252861409,0.,-0.771930235616795),(-0.635707252861409,0.,-0.771930235616795),
(-0.0122266245596695,0.,0.999925252032309),(0.,1.,0.),(0.,1.,0.),(-0.999941871497464,
0.,-0.0107820974837562),(-0.999941871497464,0.,-0.0107820974837562),(0.,
-1.,0.),(0.,-1.,0.),(-0.998199061036412,0.,0.0599886201377078),(-0.991950842576485,
0.,-0.126623559860723),(0.,1.,0.),(0.,-1.,0.),(0.997830052103487,0.,-0.0658421378689471),
(-0.991950842576485,0.,-0.126623559860723),(0.,-1.,0.),(0.,-1.,0.),(0.999525834316192,
0.,0.0307913386282624),(-0.998199061036412,0.,0.0599886201377078),(0.,1.,
0.),(0.,1.,0.),(0.997830052103487,0.,-0.0658421378689471),(0.,1.,0.),(0.999525834316192,
0.,0.0307913386282624),(-0.993239982465223,0.,0.116079012885552),(0.,-1.,
0.),(-0.993239982465223,0.,0.116079012885552),(0.,1.,0.),(0.,1.,0.),(-0.96986100969555,
0.,-0.243658822685182),(-0.96986100969555,0.,-0.243658822685182),(0.,-1.,
0.),(0.,-1.,0.),(-0.985131378692513,0.,0.171802697055045),(-0.985131378692513,
0.,0.171802697055045),(0.,1.,0.),(-0.974772293130158,0.,0.223201649962033),
(0.,-1.,0.),(0.,-1.,0.),(0.987276071042684,0.,-0.159015595293424),(-0.974772293130158,
0.,0.223201649962033),(0.,1.,0.),(0.,1.,0.),(0.987276071042684,0.,-0.159015595293424),
(-0.937029322074743,0.,-0.349250697310895),(0.,1.,0.),(-0.937029322074743,
0.,-0.349250697310895),(0.,-1.,0.),(-0.960000000000062,0.,-0.279999999999787),
(0.,1.,0.),(-0.447213595499958,0.,-0.894427190999916),(-0.960000000000062,
0.,-0.279999999999787),(0.,-1.,0.),(-0.922194381828555,0.,0.386726676250618),
(-0.922194381828555,0.,0.386726676250618),(-0.960000000000062,0.,-0.279999999999787),
(0.,1.,0.),(-0.84499631308947,0.,0.534772129850839),(0.,-1.,0.),(-0.960000000000062,
0.,-0.279999999999787),(-0.447213595499958,0.,-0.894427190999916),(0.,-1.,
0.),(0.,-1.,0.),(0.914377364198405,0.,0.404862984034817),(0.,-1.,0.),(0.958583329200829,
0.,0.284812220556378),(0.,1.,0.),(0.914377364198405,0.,0.404862984034817),
(-0.84499631308947,0.,0.534772129850839),(0.,1.,0.),(0.,1.,0.),(0.958583329200829,
0.,0.284812220556378),(-0.95996038761772,0.,0.280135778159159),(0.,-1.,
0.),(-0.95996038761772,0.,0.280135778159159),(0.,1.,0.),(0.,1.,0.),(-0.293113279976672,
0.,-0.956077719174188),(-0.293113279976672,0.,-0.956077719174188),(0.,-1.,
0.),(0.,-1.,0.),(-0.690047360957041,0.,0.723764215498544),(-0.690047360957041,
0.,0.723764215498544),(0.,1.,0.),(-0.950836810959615,0.,0.309692361746539),
(0.,-1.,0.),(-0.950836810959615,0.,0.309692361746539),(0.,1.,0.),(0.,1.,
0.),(-0.89755620743302,0.,-0.440900050463202),(-0.89755620743302,0.,-0.440900050463202),
(0.,-1.,0.),(0.,-1.,0.),(0.992343952726774,0.,0.123504977578241),(0.992343952726774,
0.,0.123504977578241),(0.,1.,0.),(-0.938507498987412,0.,0.345258851218028),
(0.,-1.,0.),(-0.938507498987412,0.,0.345258851218028),(0.,1.,0.),(0.,1.,
0.),(-0.200925464183915,0.,-0.979606532155885),(-0.200925464183915,0.,-0.979606532155885),
(0.,-1.,0.),(0.,-1.,0.),(-0.924566314446498,0.,0.381021167641405),(0.,-1.,
0.),(0.968864469746579,0.,-0.24759167850047),(-0.924566314446498,0.,0.381021167641405),
(0.,1.,0.),(0.968864469746579,0.,-0.24759167850047),(0.,1.,0.),(-0.598898722598323,
0.,0.800824774885303),(0.,-1.,0.),(-0.598898722598323,0.,0.800824774885303),
(0.,1.,0.),(-0.132370301993282,0.,0.991200334518813),(0.,-1.,0.),(-0.132370301993282,
0.,0.991200334518813),(0.,1.,0.),(0.,1.,0.),(-0.849270396618157,0.,-0.527958136056295),
(-0.849270396618157,0.,-0.527958136056295),(0.,-1.,0.),(0.,-1.,0.),(-0.912121138694628,
0.,0.409920758618559),(-0.912121138694628,0.,0.409920758618559),(0.,1.,
0.),(-0.903043344167267,0.,0.429549436683602),(0.,-1.,0.),(-0.903043344167267,
0.,0.429549436683602),(0.,1.,0.),(0.,1.,0.),(-0.269900486380194,0.,-0.962888221680863),
(-0.665206042148508,0.,-0.746659843227904),(-0.269900486380194,0.,-0.962888221680863),
(-0.665206042148508,0.,-0.746659843227904),(0.,-1.,0.),(-0.803446567226899,
0.,-0.595376866876193),(0.,1.,0.),(-0.803446567226899,0.,-0.595376866876193),
(0.,-1.,0.),(0.,-1.,0.),(-0.544755943583011,0.,0.838594635047818),(-0.544755943583011,
0.,0.838594635047818),(0.,1.,0.),(-0.891345955896063,0.,0.453323710948075),
(0.,-1.,0.),(-0.891345955896063,0.,0.453323710948075),(0.,1.,0.),(-0.894355305660927,
0.,0.447357337300004),(0.,-1.,0.),(0.,-1.,0.),(0.947335247568534,0.,-0.32024354593694),
(-0.894355305660927,0.,0.447357337300004),(0.,1.,0.),(0.,1.,0.),(0.947335247568534,
0.,-0.32024354593694),(-0.766792298110759,0.,-0.641895296413692),(0.,1.,
0.),(-0.766792298110759,0.,-0.641895296413692),(0.,-1.,0.),(0.,-1.,0.),
(0.979306150595425,0.,0.2023844445751),(0.979306150595425,0.,0.2023844445751),
(0.,1.,0.),(-0.926377918254408,0.,0.376595210498793),(0.,-1.,0.),(-0.926377918254408,
0.,0.376595210498793),(0.,1.,0.),(-0.501926818193235,0.,0.864910093118594),
(0.,-1.,0.),(-0.501926818193235,0.,0.864910093118594),(0.,1.,0.),(0.,1.,
0.),(-0.733349086877328,0.,-0.679852275701265),(-0.733349086877328,0.,-0.679852275701265),
(0.,-1.,0.),(-0.774858446262989,0.,-0.632134786461643),(0.,1.,0.),(-0.774858446262989,
0.,-0.632134786461643),(0.,-1.,0.),(-0.703212274219731,0.,-0.710979955685611),
(0.,1.,0.),(-0.703212274219731,0.,-0.710979955685611),(0.,-1.,0.),(0.,-1.,
0.),(0.96416595009954,0.,0.265299869334024),(0.96416595009954,0.,0.265299869334024),
(0.,1.,0.),(-0.464808980696199,0.,0.885410984494862),(0.,-1.,0.),(-0.464808980696199,
0.,0.885410984494862),(0.,1.,0.),(-0.957437744365071,0.,0.288639854602801),
(0.,-1.,0.),(0.,-1.,0.),(0.927652276431337,0.,-0.373445115153162),(-0.957437744365071,
0.,0.288639854602801),(0.,1.,0.),(0.,1.,0.),(0.927652276431337,0.,-0.373445115153162),
(-0.911269501718402,0.,-0.411810508896865),(0.,1.,0.),(-0.911269501718402,
0.,-0.411810508896865),(0.,-1.,0.),(0.,-1.,0.),(0.822483514518369,0.,0.568788948860219),
(0.822483514518369,0.,0.568788948860219),(0.,1.,0.),(0.,1.,0.),(-0.676851577230657,
0.,-0.736119516383292),(-0.676851577230657,0.,-0.736119516383292),(0.,-1.,
0.),(0.,-1.,0.),(-0.44089930578581,0.,0.897556573235131),(0.,-1.,0.),(0.981110927742347,
0.,0.193445980740232),(-0.44089930578581,0.,0.897556573235131),(0.,1.,0.),
(0.981110927742347,0.,0.193445980740232),(0.,1.,0.),(-0.977994774806922,
0.,0.208629385395149),(0.,-1.,0.),(0.,-1.,0.),(0.900209982102758,0.,-0.435456069107495),
(0.,-1.,0.),(0.90967913648294,0.,-0.415311772825731),(-0.977994774806922,
0.,0.208629385395149),(0.,1.,0.),(0.,1.,0.),(0.900209982102758,0.,-0.435456069107495),
(0.,1.,0.),(0.90967913648294,0.,-0.415311772825731),(-0.96852160269204,
0.,-0.248929518375869),(0.,1.,0.),(-0.96852160269204,0.,-0.248929518375869),
(0.,-1.,0.),(0.,-1.,0.),(0.691627429954919,0.,0.722254455253793),(0.,-1.,
0.),(0.707875624632464,0.,0.706337100859922),(0.,1.,0.),(0.691627429954919,
0.,0.722254455253793),(0.,1.,0.),(0.707875624632464,0.,0.706337100859922),
(-0.655665136848099,0.,-0.755051805058411),(0.,1.,0.),(-0.655665136848099,
0.,-0.755051805058411),(0.,-1.,0.),(0.,-1.,0.),(-0.991071152814548,0.,0.133334054385377),
(0.,-1.,0.),(0.904428545427193,0.,-0.42662513547194),(-0.991071152814548,
0.,0.133334054385377),(0.,1.,0.),(0.904428545427193,0.,-0.42662513547194),
(0.,1.,0.),(0.,1.,0.),(-0.9920044032519,0.,-0.126203264335124),(-0.9920044032519,
0.,-0.126203264335124),(0.,-1.,0.),(0.,-1.,0.),(0.856996269573858,0.,0.515322611512915),
(0.,-1.,0.),(0.769467922457388,0.,0.638685459603638),(0.,1.,0.),(0.856996269573858,
0.,0.515322611512915),(0.,1.,0.),(0.769467922457388,0.,0.638685459603638),
(-0.416772446200542,0.,0.909010851468791),(0.,-1.,0.),(-0.416772446200542,
0.,0.909010851468791),(0.,1.,0.),(-0.998501381497842,0.,0.0547265122851838),
(0.,-1.,0.),(0.,-1.,0.),(0.918259691888463,0.,-0.395978709342945),(-0.998501381497842,
0.,0.0547265122851838),(0.,1.,0.),(0.,1.,0.),(0.918259691888463,0.,-0.395978709342945),
(-0.641801283502369,0.,-0.766870988168617),(0.,1.,0.),(-0.641801283502369,
0.,-0.766870988168617),(0.,-1.,0.),(0.,-1.,0.),(0.948599533267703,0.,0.316478949512122),
(0.948599533267703,0.,0.316478949512122),(0.,1.,0.),(0.,1.,0.),(-0.999564995224671,
0.,-0.0294927164144423),(-0.999564995224671,0.,-0.0294927164144423),(0.,
-1.,0.),(0.,-1.,0.),(0.999567234472347,0.,-0.029416726012666),(0.,-1.,0.),
(0.938220250835064,0.,0.346038669693129),(0.,-1.,0.),(0.98863276959516,
0.,0.150350413642943),(0.,1.,0.),(0.999567234472347,0.,-0.029416726012666),
(0.,1.,0.),(0.938220250835064,0.,0.346038669693129),(0.,1.,0.),(0.98863276959516,
0.,0.150350413642943),(0.,-1.,0.),(0.959771213075554,0.,-0.280783223415289),
(0.,-1.,0.),(0.936686447594107,0.,-0.350169243214667),(0.,1.,0.),(0.959771213075554,
0.,-0.280783223415289),(0.,1.,0.),(0.936686447594107,0.,-0.350169243214667),
(0.,-1.,0.),(0.984444302291915,0.,-0.175696942730897),(0.984444302291915,
0.,-0.175696942730897),(0.,1.,0.),(0.,1.,0.),(-0.641933965835094,0.,-0.766759925600724),
(-0.641933965835094,0.,-0.766759925600724),(0.,-1.,0.),(0.,-1.,0.),(-0.441681406900895,
0.,0.897171965008964),(-0.441681406900895,0.,0.897171965008964),(0.,1.,
0.),(0.,1.,0.),(-0.640998417497932,0.,-0.767542199989777),(-0.640998417497932,
0.,-0.767542199989777),(0.,-1.,0.),(-0.636582472785154,0.,-0.771208632824308),
(0.,1.,0.),(-0.636582472785154,0.,-0.771208632824308),(0.,-1.,0.),(0.,-1.,
0.),(-0.219916790410993,0.,0.975518634007228),(-0.219916790410993,0.,0.975518634007228),
(0.,1.,0.),(0.,1.,0.),(-0.639759400787766,0.,-0.768575246221005),(-0.639759400787766,
0.,-0.768575246221005),(0.,-1.,0.),(0.,-1.,0.),(0.940833377660393,0.,0.338869525747206),
(0.940833377660393,0.,0.338869525747206),(0.,1.,0.),(-0.543448681298287,
0.,0.839442392779369),(0.,-1.,0.),(-0.543448681298287,0.,0.839442392779369),
(0.,1.,0.),(0.,1.,0.),(-0.638073444998465,0.,-0.769975505316754),(-0.638073444998465,
0.,-0.769975505316754),(0.,-1.,0.),(-0.639834523448639,0.,-0.768512708159893),
(0.,1.,0.),(-0.639834523448639,0.,-0.768512708159893),(0.,-1.,0.),(-0.63970983743649,
0.,-0.768616499879478),(0.,1.,0.),(-0.63970983743649,0.,-0.768616499879478),
(0.,-1.,0.),(0.,-1.,0.),(0.945350416103958,0.,0.326056115986304),(0.945350416103958,
0.,0.326056115986304),(0.,1.,0.),(-0.65070486118313,0.,0.759330747192976),
(0.,-1.,0.),(0.,-1.,0.),(0.993351325200669,0.,0.115122303321622),(-0.65070486118313,
0.,0.759330747192976),(0.,1.,0.),(0.,1.,0.),(0.993351325200669,0.,0.115122303321622),
(-0.635406374478055,0.,-0.772177919441274),(0.,1.,0.),(-0.635406374478055,
0.,-0.772177919441274),(0.,-1.,0.),(-0.640297180095875,0.,-0.768127281875387),
(0.,1.,0.),(-0.640297180095875,0.,-0.768127281875387),(0.,-1.,0.),(0.,-1.,
0.),(0.956114852971526,0.,0.292992129462956),(0.956114852971526,0.,0.292992129462956),
(0.,1.,0.),(-0.733148087765085,0.,0.680069026942412),(0.,-1.,0.),(-0.733148087765085,
0.,0.680069026942412),(0.,1.,0.),(0.,1.,0.),(-0.64202264749906,0.,-0.766685672292301),
(-0.64202264749906,0.,-0.766685672292301),(0.,-1.,0.),(-0.637140961848009,
0.,-0.770747296288085),(0.,1.,0.),(-0.637140961848009,0.,-0.770747296288085),
(0.,-1.,0.),(0.,-1.,0.),(-0.275503759638578,0.,0.961299993979511),(0.,-1.,
0.),(-0.0205109131832927,0.,0.999789629092234),(-0.275503759638578,0.,0.961299993979511),
(0.,1.,0.),(-0.0205109131832927,0.,0.999789629092234),(0.,1.,0.),(-0.798546602886638,
0.,0.60193298881039),(0.,-1.,0.),(0.,-1.,0.),(0.999104087155352,0.,0.0423204800241132),
(-0.798546602886638,0.,0.60193298881039),(0.,1.,0.),(0.,1.,0.),(0.999104087155352,
0.,0.0423204800241132),(-0.854400752224022,0.,0.519614621232915),(0.,-1.,
0.),(0.,-1.,0.),(0.999417204387815,0.,-0.0341357814271867),(-0.854400752224022,
0.,0.519614621232915),(0.,1.,0.),(0.,1.,0.),(0.999417204387815,0.,-0.0341357814271867),
(-0.980616216270958,0.,-0.195938348432434),(0.,1.,0.),(-0.998224078719655,
0.,0.0595708709378645),(0.,-1.,0.),(-0.998224078719655,0.,0.0595708709378645),
(0.,1.,0.),(-0.965517905380778,0.,0.260336655869115),(0.,-1.,0.),(0.,-1.,
0.),(-0.980616216270958,0.,-0.195938348432434),(0.,-1.,0.),(0.770714804922532,
0.,0.637180264503871),(0.,-1.,0.),(0.739318654016975,0.,0.673355721608221),
(0.,1.,0.),(0.770714804922532,0.,0.637180264503871),(-0.965517905380778,
0.,0.260336655869115),(0.,1.,0.),(0.,1.,0.),(0.739318654016975,0.,0.673355721608221),
(-0.942681905686094,0.,-0.333692709977359),(0.,1.,0.),(-0.764029915846848,
0.,-0.645180817826335),(-0.764029915846848,0.,-0.645180817826335),(-0.942681905686094,
0.,-0.333692709977359),(0.,-1.,0.),(0.,-1.,0.),(0.805483454438214,0.,0.592618262143752),
(0.805483454438214,0.,0.592618262143752),(0.,1.,0.),(-0.90900794223271,
0.,0.416778791396413),(0.,-1.,0.),(0.,-1.,0.),(0.708953711767062,0.,0.705255013857899),
(-0.90900794223271,0.,0.416778791396413),(0.,1.,0.),(0.,1.,0.),(0.708953711767062,
0.,0.705255013857899),(-0.764029915846848,0.,-0.645180817826335),(0.,1.,
0.),(-0.47137727118724,0.,-0.881931668672846),(-0.47137727118724,0.,-0.881931668672846),
(-0.764029915846848,0.,-0.645180817826335),(0.,-1.,0.),(0.,-1.,0.),(0.845368792228722,
0.,0.534183119469112),(0.845368792228722,0.,0.534183119469112),(0.,1.,0.),
(-0.835761152195835,0.,0.549093158289457),(0.,-1.,0.),(0.,-1.,0.),(0.691632892320986,
0.,0.722249224478439),(-0.835761152195835,0.,0.549093158289457),(0.,1.,
0.),(0.,1.,0.),(0.691632892320986,0.,0.722249224478439),(-0.495773043273144,
0.,-0.868452122781496),(0.,1.,0.),(-0.495773043273144,0.,-0.868452122781496),
(0.,-1.,0.),(0.,-1.,0.),(-0.742494383929236,0.,0.66985228956356),(0.,-1.,
0.),(0.703126251865675,0.,0.71106502792454),(-0.742494383929236,0.,0.66985228956356),
(0.,1.,0.),(0.703126251865675,0.,0.71106502792454),(0.,1.,0.),(-0.903628539121545,
0.,0.428317012602889),(0.,-1.,0.),(0.,-1.,0.),(0.992650756110724,0.,-0.121014364406911),
(-0.903628539121545,0.,0.428317012602889),(0.,1.,0.),(0.,1.,0.),(0.992650756110724,
0.,-0.121014364406911),(-0.519783673151661,0.,-0.854297918249229),(0.,1.,
0.),(-0.853281833651981,0.,-0.52145000945394),(-0.853281833651981,0.,-0.52145000945394),
(-0.519783673151661,0.,-0.854297918249229),(0.,-1.,0.),(0.,-1.,0.),(0.889939164412119,
0.,0.456079251496337),(0.889939164412119,0.,0.456079251496337),(0.,1.,0.),
(-0.61953302684284,0.,0.784970590946533),(0.,-1.,0.),(0.,-1.,0.),(0.739756873969915,
0.,0.672874258249088),(-0.61953302684284,0.,0.784970590946533),(0.,1.,0.),
(0.,1.,0.),(0.739756873969915,0.,0.672874258249088),(-0.947891602524433,
0.,0.318593016030895),(0.,-1.,0.),(0.,-1.,0.),(0.973384137842393,0.,-0.229179667939418),
(-0.947891602524433,0.,0.318593016030895),(0.,1.,0.),(0.,1.,0.),(0.973384137842393,
0.,-0.229179667939418),(-0.458221550652467,0.,0.88883801140458),(0.,-1.,
0.),(-0.458221550652467,0.,0.88883801140458),(0.,1.,0.),(-0.304765394845061,
0.,0.952427453460333),(0.,-1.,0.),(0.,-1.,0.),(0.276616045226873,0.,0.960980521926977),
(0.,-1.,0.),(0.238520033199116,0.,0.971137577155108),(0.,-1.,0.),(0.191674650446515,
0.,0.981458520965714),(0.,-1.,0.),(0.137119555183907,0.,0.990554505106189),
(0.,-1.,0.),(0.0679977891678928,0.,0.997685471813777),(-0.304765394845061,
0.,0.952427453460333),(0.,1.,0.),(0.,1.,0.),(0.276616045226873,0.,0.960980521926977),
(0.,1.,0.),(0.238520033199116,0.,0.971137577155108),(0.,1.,0.),(0.191674650446515,
0.,0.981458520965714),(0.,1.,0.),(0.137119555183907,0.,0.990554505106189),
(0.,1.,0.),(0.0679977891678928,0.,0.997685471813777),(-0.853281833651981,
0.,-0.52145000945394),(0.,1.,0.),(-0.985755322635195,0.,-0.168185742250591),
(-0.985755322635195,0.,-0.168185742250591),(-0.853281833651981,0.,-0.52145000945394),
(0.,-1.,0.),(0.,-1.,0.),(0.980387815789078,0.,0.197077981145333),(0.,-1.,
0.),(0.936502856266557,0.,0.350659949530282),(0.,1.,0.),(0.980387815789078,
0.,0.197077981145333),(0.,1.,0.),(0.936502856266557,0.,0.350659949530282),
(-0.985354624453204,0.,0.17051763565299),(0.,-1.,0.),(0.,-1.,0.),(0.925315278613065,
0.,-0.379198675057319),(-0.985354624453204,0.,0.17051763565299),(0.,1.,
0.),(0.,1.,0.),(0.925315278613065,0.,-0.379198675057319),(-0.249193244457749,
0.,0.968453781507729),(0.,-1.,0.),(0.,-1.,0.),(0.789745485959646,0.,0.613434648032178),
(-0.249193244457749,0.,0.968453781507729),(0.,1.,0.),(0.,1.,0.),(0.789745485959646,
0.,0.613434648032178),(-0.999100180585202,0.,-0.042412606081399),(0.,1.,
0.),(-0.999100180585202,0.,-0.042412606081399),(0.,-1.,0.),(0.,-1.,0.),
(0.6595898904088,0.,-0.751625689070369),(0.881479970028769,0.,-0.472221412515443),
(0.,-1.,0.),(0.94730137696945,0.,-0.320343723509269),(0.,-1.,0.),(0.999577079729972,
0.,-0.029080262696562),(0.,1.,0.),(0.881479970028769,0.,-0.472221412515443),
(0.6595898904088,0.,-0.751625689070369),(0.,1.,0.),(0.94730137696945,0.,
-0.320343723509269),(0.,1.,0.),(0.999577079729972,0.,-0.029080262696562),
(0.,-1.,0.),(0.801848588093799,0.,-0.597527272826924),(0.801848588093799,
0.,-0.597527272826924),(0.,1.,0.),(0.,-1.,0.),(0.679473158556379,0.,-0.733700365817967),
(0.679473158556379,0.,-0.733700365817967),(0.,1.,0.),(-0.126924918687926,
0.,0.991912327283043),(0.,-1.,0.),(-0.126924918687926,0.,0.991912327283043),
(0.,1.,0.),(-0.231943397608343,0.,0.972729284182345),(0.,-1.,0.),(-0.231943397608343,
0.,0.972729284182345),(0.,1.,0.),(-0.413222372112381,0.,0.910630150602218),
(0.,-1.,0.),(-0.413222372112381,0.,0.910630150602218),(0.,1.,0.),(-0.546688960127132,
0.,0.837335763523281),(0.,-1.,0.),(0.,-1.,0.),(0.845430671749995,0.,0.53408517978348),
(-0.546688960127132,0.,0.837335763523281),(0.,1.,0.),(0.,1.,0.),(0.845430671749995,
0.,0.53408517978348),(-0.307140141496175,0.,0.951664296630755),(0.,-1.,
0.),(0.,-1.,0.),(0.365651144014182,0.,0.930751976028587),(0.,-1.,0.),(0.337580848539119,
0.,0.941296537069806),(0.,-1.,0.),(0.308993836730542,0.,0.95106404035824),
(-0.307140141496175,0.,0.951664296630755),(0.,1.,0.),(0.,1.,0.),(0.365651144014182,
0.,0.930751976028587),(0.,1.,0.),(0.337580848539119,0.,0.941296537069806),
(0.,1.,0.),(0.308993836730542,0.,0.95106404035824),(-0.64801548617295,0.,
0.761627159232151),(0.,-1.,0.),(0.,-1.,0.),(0.901142376648127,0.,0.433523260055288),
(-0.64801548617295,0.,0.761627159232151),(0.,1.,0.),(0.,1.,0.),(0.901142376648127,
0.,0.433523260055288),(-0.727843799862053,0.,0.685742956946965),(0.,-1.,
0.),(0.,-1.,0.),(0.94908186032762,0.,0.315029557973636),(-0.727843799862053,
0.,0.685742956946965),(0.,1.,0.),(0.,1.,0.),(0.94908186032762,0.,0.315029557973636),
(-0.792826819294893,0.,0.609446990809491),(0.,-1.,0.),(0.,-1.,0.),(0.980756377999975,
0.,0.195235568000222),(-0.792826819294893,0.,0.609446990809491),(0.,1.,
0.),(0.,1.,0.),(0.980756377999975,0.,0.195235568000222),(-0.847535111525165,
0.,0.530739328420295),(0.,-1.,0.),(0.,-1.,0.),(0.995978631533432,0.,0.0895911018393654),
(-0.847535111525165,0.,0.530739328420295),(0.,1.,0.),(0.,1.,0.),(0.995978631533432,
0.,0.0895911018393654),(-0.896584867894599,0.,0.44287196192853),(0.,-1.,
0.),(0.,-1.,0.),(0.998116322342954,0.,-0.0613498742669975),(0.,-1.,0.),
(0.999997630768091,0.,0.00217679999193935),(-0.896584867894599,0.,0.44287196192853),
(0.,1.,0.),(0.,1.,0.),(0.998116322342954,0.,-0.0613498742669975),(0.,1.,
0.),(0.999997630768091,0.,0.00217679999193935),(-0.28093471045785,0.,0.95972688222221),
(0.,-1.,0.),(0.,-1.,0.),(0.360508051252495,0.,0.932756101551809),(0.,-1.,
0.),(0.39725207807673,0.,0.917709532730111),(0.,-1.,0.),(0.392770874669711,
0.,0.919636362923515),(-0.28093471045785,0.,0.95972688222221),(0.,1.,0.),
(0.,1.,0.),(0.360508051252495,0.,0.932756101551809),(0.,1.,0.),(0.39725207807673,
0.,0.917709532730111),(0.,1.,0.),(0.392770874669711,0.,0.919636362923515),
(-0.939333438626429,0.,0.343005380538336),(0.,-1.,0.),(0.,-1.,0.),(0.994658720975831,
0.,-0.10321835489255),(-0.939333438626429,0.,0.343005380538336),(0.,1.,
0.),(0.,1.,0.),(0.994658720975831,0.,-0.10321835489255),(-0.974884345342885,
0.,0.2227117266903),(0.,-1.,0.),(0.,-1.,0.),(0.992652867899198,0.,-0.120997040672477),
(-0.974884345342885,0.,0.2227117266903),(0.,1.,0.),(0.,1.,0.),(0.992652867899198,
0.,-0.120997040672477),(-0.997252818597448,0.,0.0740730436761241),(0.,-1.,
0.),(0.,-1.,0.),(0.99430018797423,0.,-0.106616772575479),(-0.997252818597448,
0.,0.0740730436761241),(0.,1.,0.),(0.,1.,0.),(0.99430018797423,0.,-0.106616772575479),
(-0.999272065451951,0.,-0.0381489083381439),(0.,1.,0.),(-0.999143112542513,
0.,0.0413888953568391),(0.,-1.,0.),(-0.999143112542513,0.,0.0413888953568391),
(0.,1.,0.),(-0.990533015343879,0.,0.137274708208625),(0.,-1.,0.),(0.,-1.,
0.),(-0.999272065451951,0.,-0.0381489083381439),(0.,-1.,0.),(0.994564170310892,
0.,0.104125458624718),(0.,-1.,0.),(0.94696910136577,0.,0.321324635000971),
(0.,-1.,0.),(0.980165075586529,0.,0.198182806016199),(0.,1.,0.),(0.994564170310892,
0.,0.104125458624718),(-0.990533015343879,0.,0.137274708208625),(0.,1.,
0.),(0.,1.,0.),(0.94696910136577,0.,0.321324635000971),(0.,1.,0.),(0.980165075586529,
0.,0.198182806016199),(-0.999200796757368,0.,-0.0399720872539938),(0.,1.,
0.),(-0.999200796757368,0.,-0.0399720872539938),(0.,-1.,0.),(0.,-1.,0.),
(0.999526187124836,0.,-0.0307798838803259),(0.,-1.,0.),(0.999542771339163,
0.,0.0302365385523136),(0.,1.,0.),(0.999526187124836,0.,-0.0307798838803259),
(0.,1.,0.),(0.999542771339163,0.,0.0302365385523136),(-0.969048073079353,
0.,0.246872096562557),(0.,-1.,0.),(0.,-1.,0.),(0.793736028584057,0.,0.608262375071489),
(0.,-1.,0.),(0.886376742104063,0.,0.462964654219938),(-0.969048073079353,
0.,0.246872096562557),(0.,1.,0.),(0.,1.,0.),(0.793736028584057,0.,0.608262375071489),
(0.,1.,0.),(0.886376742104063,0.,0.462964654219938),(0.,-1.,0.),(0.997232099016905,
0.,-0.0743514673045431),(0.997232099016905,0.,-0.0743514673045431),(0.,
1.,0.),(-0.928672896184072,0.,0.370899786860396),(0.,-1.,0.),(0.,-1.,0.),
(0.453777645066871,0.,0.891114947039699),(0.,-1.,0.),(0.512641579710685,
0.,0.858602708330071),(0.,-1.,0.),(0.662777176879314,0.,0.748816675700994),
(-0.928672896184072,0.,0.370899786860396),(0.,1.,0.),(0.,1.,0.),(0.453777645066871,
0.,0.891114947039699),(0.,1.,0.),(0.512641579710685,0.,0.858602708330071),
(0.,1.,0.),(0.662777176879314,0.,0.748816675700994),(-0.861935243772381,
0.,0.507018377914495),(0.,-1.,0.),(0.,-1.,0.),(0.682916767947838,0.,0.730496193046671),
(0.,-1.,0.),(0.550121119741339,0.,0.835084878089967),(-0.861935243772381,
0.,0.507018377914495),(0.,1.,0.),(0.,1.,0.),(0.682916767947838,0.,0.730496193046671),
(0.,1.,0.),(0.550121119741339,0.,0.835084878089967),(-0.76143894638647,
0.,0.648236631891366),(0.,-1.,0.),(0.,-1.,0.),(0.772574407299382,0.,0.634924235784089),
(-0.76143894638647,0.,0.648236631891366),(0.,1.,0.),(0.,1.,0.),(0.772574407299382,
0.,0.634924235784089),(-0.628214185764962,0.,0.77804044676589),(0.,-1.,
0.),(0.,-1.,0.),(0.835463433478655,0.,0.549546041128545),(-0.628214185764962,
0.,0.77804044676589),(0.,1.,0.),(0.,1.,0.),(0.835463433478655,0.,0.549546041128545),
(-0.471775255662175,0.,0.881718837354),(0.,-1.,0.),(-0.471775255662175,
0.,0.881718837354),(0.,1.,0.),(-0.303342766367582,0.,0.952881506847763),
(0.,-1.,0.),(-0.303342766367582,0.,0.952881506847763),(0.,1.,0.),(-0.144818812359688,
0.,0.989458190924068),(0.,-1.,0.),(0.,-1.,0.),(0.882078877980238,0.,0.47110174381032),
(-0.144818812359688,0.,0.989458190924068),(0.,1.,0.),(0.,1.,0.),(0.882078877980238,
0.,0.47110174381032),(-0.0828924508195954,0.,0.996558498833421),(0.,-1.,
0.),(-0.0828924508195954,0.,0.996558498833421),(0.,1.,0.),(-0.183698647116499,
0.,0.982982607703498),(0.,-1.,0.),(-0.183698647116499,0.,0.982982607703498),
(0.,1.,0.),(-0.238255612663399,0.,0.971202483025238),(0.,-1.,0.),(0.,-1.,
0.),(0.298165074397783,0.,0.954514320693705),(-0.238255612663399,0.,0.971202483025238),
(0.,1.,0.),(0.,1.,0.),(0.298165074397783,0.,0.954514320693705),(-0.355429911184758,
0.,0.934702935822497),(0.,-1.,0.),(-0.355429911184758,0.,0.934702935822497),
(0.,1.,0.),(-0.504353032575474,0.,0.863497549812345),(0.,-1.,0.),(-0.504353032575474,
0.,0.863497549812345),(0.,1.,0.),(-0.623931479305234,0.,0.781479052266907),
(0.,-1.,0.),(0.,-1.,0.),(0.919290947014096,0.,0.393578651273068),(-0.623931479305234,
0.,0.781479052266907),(0.,1.,0.),(0.,1.,0.),(0.919290947014096,0.,0.393578651273068),
(-0.720206125060243,0.,0.693760144016438),(0.,-1.,0.),(-0.720206125060243,
0.,0.693760144016438),(0.,1.,0.),(-0.797915230319801,0.,0.602769678420952),
(0.,-1.,0.),(0.,-1.,0.),(0.950104887438777,0.,0.311930605848397),(-0.797915230319801,
0.,0.602769678420952),(0.,1.,0.),(0.,1.,0.),(0.950104887438777,0.,0.311930605848397),
(-0.858334923063998,0.,0.513089816551372),(0.,-1.,0.),(-0.858334923063998,
0.,0.513089816551372),(0.,1.,0.),(-0.904265383226182,0.,0.426970861650775),
(0.,-1.,0.),(0.,-1.,0.),(0.975254711585657,0.,0.221084254369182),(-0.904265383226182,
0.,0.426970861650775),(0.,1.,0.),(0.,1.,0.),(0.975254711585657,0.,0.221084254369182),
(-0.187851171276231,0.,0.982197504298473),(0.,-1.,0.),(0.,-1.,0.),(0.229255896973461,
0.,0.973366186849992),(-0.187851171276231,0.,0.982197504298473),(0.,1.,
0.),(0.,1.,0.),(0.229255896973461,0.,0.973366186849992),(-0.939721590057129,
0.,0.341940540416753),(0.,-1.,0.),(0.,-1.,0.),(0.994244181293351,0.,0.107137798952162),
(-0.939721590057129,0.,0.341940540416753),(0.,1.,0.),(0.,1.,0.),(0.994244181293351,
0.,0.107137798952162),(-0.966318538583887,0.,0.257348949850394),(0.,-1.,
0.),(0.,-1.,0.),(0.999222056339283,0.,-0.0394370653712338),(-0.966318538583887,
0.,0.257348949850394),(0.,1.,0.),(0.,1.,0.),(0.999222056339283,0.,-0.0394370653712338),
(-0.984736852694858,0.,0.174049794440058),(0.,-1.,0.),(0.,-1.,0.),(0.972500839388042,
0.,-0.232899371810133),(-0.984736852694858,0.,0.174049794440058),(0.,1.,
0.),(0.,1.,0.),(0.972500839388042,0.,-0.232899371810133),(-0.992242941977314,
0.,0.124313893415844),(0.,-1.,0.),(0.,-1.,0.),(0.929827795020618,0.,-0.367994934213904),
(0.,-1.,0.),(0.92333222333706,0.,-0.384002090290459),(-0.992242941977314,
0.,0.124313893415844),(0.,1.,0.),(0.,1.,0.),(0.929827795020618,0.,-0.367994934213904),
(0.,1.,0.),(0.92333222333706,0.,-0.384002090290459),(-0.990632932546966,
0.,0.136551795862957),(0.,-1.,0.),(0.,-1.,0.),(0.989106206026293,0.,0.147203645336225),
(0.,-1.,0.),(0.973677703448139,0.,-0.227929221048897),(0.,-1.,0.),(0.998639210978191,
0.,-0.0521509951664882),(-0.990632932546966,0.,0.136551795862957),(0.,1.,
0.),(0.,1.,0.),(0.989106206026293,0.,0.147203645336225),(0.,1.,0.),(0.973677703448139,
0.,-0.227929221048897),(0.,1.,0.),(0.998639210978191,0.,-0.0521509951664882),
(-0.983507118138619,0.,0.180869424090059),(0.,-1.,0.),(0.,-1.,0.),(0.877106662616161,
0.,0.48029564061559),(0.,-1.,0.),(0.941763232756821,0.,0.336276691769475),
(-0.983507118138619,0.,0.180869424090059),(0.,1.,0.),(0.,1.,0.),(0.877106662616161,
0.,0.48029564061559),(0.,1.,0.),(0.941763232756821,0.,0.336276691769475),
(-0.971895545594753,0.,0.235412507002235),(0.,-1.,0.),(0.,-1.,0.),(0.809337877080078,
0.,0.587343341431154),(-0.971895545594753,0.,0.235412507002235),(0.,1.,
0.),(0.,1.,0.),(0.809337877080078,0.,0.587343341431154),(-0.954164978833864,
0.,0.299281127315059),(0.,-1.,0.),(0.,-1.,0.),(0.748379090095299,0.,0.663271239771583),
(-0.954164978833864,0.,0.299281127315059),(0.,1.,0.),(0.,1.,0.),(0.748379090095299,
0.,0.663271239771583),(-0.928209262343589,0.,0.372058550902369),(0.,-1.,
0.),(0.,-1.,0.),(0.701900874424362,0.,0.712274639786028),(-0.928209262343589,
0.,0.372058550902369),(0.,1.,0.),(0.,1.,0.),(0.701900874424362,0.,0.712274639786028),
(-0.887704406471079,0.,0.46041382117811),(0.,-1.,0.),(0.,-1.,0.),(0.667061494686223,
0.,0.745002659261685),(-0.887704406471079,0.,0.46041382117811),(0.,1.,0.),
(0.,1.,0.),(0.667061494686223,0.,0.745002659261685),(-0.828249897948699,
0.,0.560358908689752),(0.,-1.,0.),(0.,-1.,0.),(0.642584841424362,0.,0.766214540172416),
(-0.828249897948699,0.,0.560358908689752),(0.,1.,0.),(0.,1.,0.),(0.642584841424362,
0.,0.766214540172416),(-0.741894253454181,0.,0.670516902614441),(0.,-1.,
0.),(0.,-1.,0.),(0.631725762402492,0.,0.775191951143064),(-0.741894253454181,
0.,0.670516902614441),(0.,1.,0.),(0.,1.,0.),(0.631725762402492,0.,0.775191951143064),
(-0.615987197616198,0.,0.787756163018065),(0.,-1.,0.),(-0.615987197616198,
0.,0.787756163018065),(0.,1.,0.),(-0.452004035323001,0.,0.892015892264103),
(0.,-1.,0.),(-0.452004035323001,0.,0.892015892264103),(0.,1.,0.),(-0.259015607360954,
0.,0.965873136153727),(0.,-1.,0.),(0.,-1.,0.),(0.643664222903916,0.,0.765308021749085),
(-0.259015607360954,0.,0.965873136153727),(0.,1.,0.),(0.,1.,0.),(0.643664222903916,
0.,0.765308021749085),(-0.114205953015989,0.,0.993457095347207),(0.,-1.,
0.),(-0.114205953015989,0.,0.993457095347207),(0.,1.,0.),(-0.11090491609734,
0.,0.993831021645753),(0.,-1.,0.),(-0.11090491609734,0.,0.993831021645753),
(0.,1.,0.),(-0.190157067954367,0.,0.981753680668933),(0.,-1.,0.),(-0.190157067954367,
0.,0.981753680668933),(0.,1.,0.),(-0.130097475495864,0.,0.99150120870809),
(0.,-1.,0.),(0.,-1.,0.),(0.155806170056044,0.,0.987787647914503),(-0.130097475495864,
0.,0.99150120870809),(0.,1.,0.),(0.,1.,0.),(0.155806170056044,0.,0.987787647914503),
(-0.275046777347434,0.,0.961430845287788),(0.,-1.,0.),(-0.275046777347434,
0.,0.961430845287788),(0.,1.,0.),(0.,1.,0.),(-0.159688843913336,0.,-0.987167398737226),
(-0.501718089771799,0.,-0.86503118926183),(-0.159688843913336,0.,-0.987167398737226),
(-0.501718089771799,0.,-0.86503118926183),(0.,-1.,0.),(0.,-1.,0.),(-0.361615131934767,
0.,0.932327461976639),(-0.361615131934767,0.,0.932327461976639),(0.,1.,
0.),(0.,1.,0.),(-0.501718089771799,0.,-0.86503118926183),(-0.845925602595665,
0.,-0.5333009233755),(-0.501718089771799,0.,-0.86503118926183),(-0.845925602595665,
0.,-0.5333009233755),(0.,-1.,0.),(-0.882162843799494,0.,-0.470944494627115),
(0.,1.,0.),(-0.882162843799494,0.,-0.470944494627115),(0.,-1.,0.),(0.,-1.,
0.),(0.425694894241052,0.,-0.904866762024719),(0.425694894241052,0.,-0.904866762024719),
(0.,1.,0.),(0.,1.,0.),(-0.866361157230966,0.,-0.499418006525017),(-0.866361157230966,
0.,-0.499418006525017),(0.,-1.,0.),(0.,-1.,0.),(0.389409662865227,0.,-0.921064663564503),
(0.389409662865227,0.,-0.921064663564503),(0.,1.,0.),(0.,1.,0.),(-0.726174866858147,
0.,-0.687510045558283),(-0.726174866858147,0.,-0.687510045558283),(0.,-1.,
0.),(0.,-1.,0.),(0.350057718950807,0.,-0.93672813206552),(0.350057718950807,
0.,-0.93672813206552),(0.,1.,0.),(0.,1.,0.),(-0.533479929466854,0.,-0.845812724458577),
(-0.533479929466854,0.,-0.845812724458577),(0.,-1.,0.),(0.,-1.,0.),(0.295646102870284,
0.,-0.955297535774909),(0.295646102870284,0.,-0.955297535774909),(0.,1.,
0.),(0.,1.,0.),(-0.321296199946605,0.,-0.946978749444712),(-0.321296199946605,
0.,-0.946978749444712),(0.,-1.,0.),(0.,-1.,0.),(0.227566509258197,0.,-0.973762539772422),
(0.227566509258197,0.,-0.973762539772422),(0.,1.,0.),(-0.44925519623884,
0.,0.89340347472595),(0.,-1.,0.),(0.,-1.,0.),(0.67261365164135,0.,0.73999383485654),
(-0.44925519623884,0.,0.89340347472595),(0.,1.,0.),(0.,1.,0.),(0.67261365164135,
0.,0.73999383485654),(-0.129850282914395,0.,-0.991533612151929),(0.,1.,
0.),(-0.129850282914395,0.,-0.991533612151929),(0.,-1.,0.),(0.,-1.,0.),
(0.143257459269571,0.,-0.989685455265271),(0.143257459269571,0.,-0.989685455265271),
(0.,1.,0.),(0.,1.,0.),(0.0240842565581869,0.,-0.999709932223362),(0.0240842565581869,
0.,-0.999709932223362),(0.,-1.,0.),(0.,-1.,0.),(-0.536498239123555,0.,0.84390143939759),
(-0.536498239123555,0.,0.84390143939759),(0.,1.,0.),(-0.621788578473293,
0.,0.78318514010428),(0.,-1.,0.),(0.,-1.,0.),(0.71368228853373,0.,0.700469550396917),
(-0.621788578473293,0.,0.78318514010428),(0.,1.,0.),(0.,1.,0.),(0.71368228853373,
0.,0.700469550396917),(-0.0649060716686634,0.,0.997891377786451),(0.,-1.,
0.),(0.,-1.,0.),(0.0798536253222891,0.,0.996806600360816),(-0.0649060716686634,
0.,0.997891377786451),(0.,1.,0.),(0.,1.,0.),(0.0798536253222891,0.,0.996806600360816),
(-0.701134815852623,0.,0.713028730135966),(0.,-1.,0.),(0.,-1.,0.),(0.767122024908696,
0.,0.641501207247486),(-0.701134815852623,0.,0.713028730135966),(0.,1.,
0.),(0.,1.,0.),(0.767122024908696,0.,0.641501207247486),(-0.771367634627111,
0.,0.636389795840392),(0.,-1.,0.),(0.,-1.,0.),(0.829163793119099,0.,0.559005728217831),
(-0.771367634627111,0.,0.636389795840392),(0.,1.,0.),(0.,1.,0.),(0.829163793119099,
0.,0.559005728217831),(-0.833116404141413,0.,0.553097692230298),(0.,-1.,
0.),(0.,-1.,0.),(0.892461093148721,0.,0.451124370008749),(-0.833116404141413,
0.,0.553097692230298),(0.,1.,0.),(0.,1.,0.),(0.892461093148721,0.,0.451124370008749),
(-0.884056549508556,0.,0.467379949581737),(0.,-1.,0.),(0.,-1.,0.),(0.945896342051135,
0.,0.32446896630384),(-0.884056549508556,0.,0.467379949581737),(0.,1.,0.),
(0.,1.,0.),(0.945896342051135,0.,0.32446896630384),(0.481237282760268,0.,
-0.876590370516077),(0.,1.,0.),(0.361880580298955,0.,-0.932224460954813),
(0.,-1.,0.),(0.361880580298955,0.,-0.932224460954813),(0.,1.,0.),(0.481237282760268,
0.,-0.876590370516077),(0.,-1.,0.),(0.,-1.,0.),(-0.919211177696196,0.,0.393764918191518),
(0.,-1.,0.),(0.996221748296949,0.,0.0868460029026655),(0.,-1.,0.),(0.980206998848016,
0.,0.197975350509517),(-0.919211177696196,0.,0.393764918191518),(0.,1.,
0.),(0.,1.,0.),(0.996221748296949,0.,0.0868460029026655),(0.,1.,0.),(0.980206998848016,
0.,0.197975350509517),(-0.938893124183143,0.,0.344208804886826),(0.,-1.,
0.),(0.,-1.,0.),(0.999988037313337,0.,-0.00489134237399257),(-0.938893124183143,
0.,0.344208804886826),(0.,1.,0.),(0.,1.,0.),(0.999988037313337,0.,-0.00489134237399257),
(-0.950486828872851,0.,0.310764843795484),(0.,-1.,0.),(0.,-1.,0.),(0.997542803272567,
0.,-0.0700596577147521),(-0.950486828872851,0.,0.310764843795484),(0.,1.,
0.),(0.,1.,0.),(0.997542803272567,0.,-0.0700596577147521),(-0.960762481694972,
0.,0.277372409888437),(0.,-1.,0.),(-0.960762481694972,0.,0.277372409888437),
(0.,1.,0.),(-0.97058635240526,0.,0.24075326067294),(0.,-1.,0.),(0.,-1.,
0.),(0.995226837392574,0.,-0.0975886373179517),(-0.97058635240526,0.,0.24075326067294),
(0.,1.,0.),(0.,1.,0.),(0.995226837392574,0.,-0.0975886373179517),(-0.978995612766512,
0.,0.203881313964574),(0.,-1.,0.),(0.,-1.,0.),(0.996854015184044,0.,-0.0792595256827194),
(-0.978995612766512,0.,0.203881313964574),(0.,1.,0.),(0.,1.,0.),(0.996854015184044,
0.,-0.0792595256827194),(-0.986691513410821,0.,0.162603374390151),(0.,-1.,
0.),(0.,-1.,0.),(0.999334166759582,0.,-0.0364859308080949),(-0.986691513410821,
0.,0.162603374390151),(0.,1.,0.),(0.,1.,0.),(0.999334166759582,0.,-0.0364859308080949),
(-0.988068068636552,0.,-0.154017829295295),(0.,1.,0.),(-0.994160668002994,
0.,0.1079099911771),(0.,-1.,0.),(-0.994160668002994,0.,0.1079099911771),
(0.,1.,0.),(-0.922805272254587,0.,0.385266699182705),(0.,-1.,0.),(0.,-1.,
0.),(-0.988068068636552,0.,-0.154017829295295),(0.,-1.,0.),(0.936788877857768,
0.,0.349895124747378),(0.,-1.,0.),(0.868742200550041,0.,0.495264564635379),
(0.,1.,0.),(0.936788877857768,0.,0.349895124747378),(-0.922805272254587,
0.,0.385266699182705),(0.,1.,0.),(0.,1.,0.),(0.868742200550041,0.,0.495264564635379),
(-0.962139922578837,0.,-0.272555993109653),(0.,1.,0.),(-0.962139922578837,
0.,-0.272555993109653),(0.,-1.,0.),(0.,-1.,0.),(0.968018961514269,0.,0.250877041892709),
(0.968018961514269,0.,0.250877041892709),(0.,1.,0.),(-0.78430298226531,
0.,0.620377975116574),(0.,-1.,0.),(0.,-1.,0.),(0.620235584032695,0.,0.784415591570962),
(0.223376156329313,0.,0.974732318528294),(0.,-1.,0.),(0.725333721323198,
0.,0.688397408995299),(-0.78430298226531,0.,0.620377975116574),(0.,1.,0.),
(0.,1.,0.),(0.223376156329313,0.,0.974732318528294),(0.620235584032695,
0.,0.784415591570962),(0.,1.,0.),(0.725333721323198,0.,0.688397408995299),
(-0.979188564966096,0.,-0.202952591113389),(0.,1.,0.),(-0.979188564966096,
0.,-0.202952591113389),(0.,-1.,0.),(0.,-1.,0.),(-0.992907722912509,0.,0.118887567813862),
(-0.992907722912509,0.,0.118887567813862),(0.,1.,0.),(-0.997872604130043,
0.,0.0651940635850088),(0.,-1.,0.),(0.,-1.,0.),(0.999974136381588,0.,0.007192118456785),
(-0.997872604130043,0.,0.0651940635850088),(0.,1.,0.),(0.,1.,0.),(0.999974136381588,
0.,0.007192118456785),(-0.996654055883694,0.,-0.081735505691114),(0.,1.,
0.),(-0.996654055883694,0.,-0.081735505691114),(0.,-1.,0.),(0.,-1.,0.),
(0.985492717573118,0.,0.169717717432064),(0.985492717573118,0.,0.169717717432064),
(0.,1.,0.),(-0.617090630332832,0.,0.786892085330275),(0.,-1.,0.),(0.,-1.,
0.),(0.366283626785667,0.,0.93050325348638),(0.,-1.,0.),(0.279061114825956,
0.,0.960273343476791),(0.,-1.,0.),(0.165306627910584,0.,0.986242221144903),
(0.,-1.,0.),(0.166194266639031,0.,0.986093030974418),(-0.617090630332832,
0.,0.786892085330275),(0.,1.,0.),(0.,1.,0.),(0.366283626785667,0.,0.93050325348638),
(0.,1.,0.),(0.279061114825956,0.,0.960273343476791),(0.,1.,0.),(0.165306627910584,
0.,0.986242221144903),(0.,1.,0.),(0.166194266639031,0.,0.986093030974418),
(-0.999998348373922,0.,-0.00181748436826037),(0.,-1.,0.),(0.,-1.,0.),(0.998721528915384,
0.,0.05055005124546),(-0.999998348373922,0.,-0.00181748436826037),(0.,1.,
0.),(0.,-1.,0.),(0.994838390666855,0.,0.101472047655412),(0.,1.,0.),(0.998721528915384,
0.,0.05055005124546),(0.,1.,0.),(0.994838390666855,0.,0.101472047655412),
(-0.469484487799627,0.,0.882940720385872),(0.,-1.,0.),(0.,-1.,0.),(0.420007566251977,
0.,0.907520602681334),(-0.469484487799627,0.,0.882940720385872),(0.,1.,
0.),(0.,1.,0.),(0.420007566251977,0.,0.907520602681334),(0.00560827456122606,
0.,0.999984273504562),(0.,-1.,0.),(0.00560827456122606,0.,0.999984273504562),
(0.,1.,0.),(-0.351301357895128,0.,0.936262439672253),(0.,-1.,0.),(0.,-1.,
0.),(0.500140017705616,0.,0.865944549431098),(0.,-1.,0.),(0.462426832144224,
0.,0.886657445078457),(-0.351301357895128,0.,0.936262439672253),(0.,1.,
0.),(0.,1.,0.),(0.500140017705616,0.,0.865944549431098),(0.,1.,0.),(0.462426832144224,
0.,0.886657445078457),(-0.261776520355957,0.,0.965128516514939),(0.,-1.,
0.),(-0.261776520355957,0.,0.965128516514939),(0.,1.,0.),(-0.194494715066979,
0.,0.980903566009939),(0.,-1.,0.),(0.,-1.,0.),(0.536725236768248,0.,0.843757086024211),
(-0.194494715066979,0.,0.980903566009939),(0.,1.,0.),(0.,1.,0.),(0.536725236768248,
0.,0.843757086024211),(-0.140929568757074,0.,0.990019624376176),(0.,-1.,
0.),(0.,-1.,0.),(0.565245918800946,0.,0.824922451675838),(-0.140929568757074,
0.,0.990019624376176),(0.,1.,0.),(0.,1.,0.),(0.565245918800946,0.,0.824922451675838),
(-0.0985981416453023,0.,0.995127331784276),(0.,-1.,0.),(-0.0985981416453023,
0.,0.995127331784276),(0.,1.,0.),(-0.0902286418775724,0.,0.995921077287216),
(0.,-1.,0.),(0.,-1.,0.),(0.591226583215682,0.,0.806505503576454),(-0.0902286418775724,
0.,0.995921077287216),(0.,1.,0.),(0.,1.,0.),(0.591226583215682,0.,0.806505503576454),
(-0.128581993814301,0.,0.991698881146257),(0.,-1.,0.),(-0.128581993814301,
0.,0.991698881146257),(0.,1.,0.),(-0.178599477843922,0.,0.983921859963421),
(0.,-1.,0.),(-0.178599477843922,0.,0.983921859963421),(0.,1.,0.),(0.,1.,
0.),(0.590051810601378,0.,-0.80736538246697),(0.590051810601378,0.,-0.80736538246697),
(0.,-1.,0.),(0.,-1.,0.),(-0.223234798234308,0.,0.974764702303735),(0.,-1.,
0.),(0.618637310008465,0.,0.78567670110898),(-0.223234798234308,0.,0.974764702303735),
(0.,1.,0.),(0.618637310008465,0.,0.78567670110898),(0.,1.,0.),(-0.263362947417929,
0.,0.964696821766995),(0.,-1.,0.),(-0.263362947417929,0.,0.964696821766995),
(0.,1.,0.),(-0.298443538946692,0.,0.954427291133785),(0.,-1.,0.),(0.,-1.,
0.),(0.643780944957254,0.,0.765209837175362),(-0.298443538946692,0.,0.954427291133785),
(0.,1.,0.),(0.,1.,0.),(0.643780944957254,0.,0.765209837175362),(-0.333810461298419,
0.,0.942640215526442),(0.,-1.,0.),(0.,-1.,0.),(0.646305616184995,0.,0.76307866598912),
(-0.333810461298419,0.,0.942640215526442),(0.,1.,0.),(0.,1.,0.),(0.646305616184995,
0.,0.76307866598912),(-0.0838161784978128,0.,-0.996481233251296),(0.,1.,
0.),(-0.458891606151557,0.,-0.88849225871903),(-0.458891606151557,0.,-0.88849225871903),
(-0.0838161784978128,0.,-0.996481233251296),(0.,-1.,0.),(0.,-1.,0.),(0.679793077052988,
0.,-0.733403962622803),(0.679793077052988,0.,-0.733403962622803),(0.,1.,
0.),(-0.369159247009031,0.,0.929366155155074),(0.,-1.,0.),(-0.369159247009031,
0.,0.929366155155074),(0.,1.,0.),(-0.403148008679164,0.,0.915134789579122),
(0.,-1.,0.),(0.,-1.,0.),(0.603316840214069,0.,0.797501592671834),(-0.403148008679164,
0.,0.915134789579122),(0.,1.,0.),(0.,1.,0.),(0.603316840214069,0.,0.797501592671834),
(0.0258232669424239,0.,0.999666523839035),(0.,-1.,0.),(0.,-1.,0.),(0.0869241197855405,
0.,0.996214935342524),(0.,-1.,0.),(0.114137599705626,0.,0.993464950732253),
(0.0258232669424239,0.,0.999666523839035),(0.,1.,0.),(0.,1.,0.),(0.0869241197855405,
0.,0.996214935342524),(0.,1.,0.),(0.114137599705626,0.,0.993464950732253),
(-0.538418297074,0.,-0.842677718570946),(0.,1.,0.),(-0.538418297074,0.,
-0.842677718570946),(0.,-1.,0.),(0.,-1.,0.),(0.642753043266121,0.,-0.766073446460677),
(0.642753043266121,0.,-0.766073446460677),(0.,1.,0.),(-0.439888851429197,
0.,0.898052224755499),(0.,-1.,0.),(0.,-1.,0.),(0.547203048502068,0.,0.836999894689386),
(-0.439888851429197,0.,0.898052224755499),(0.,1.,0.),(0.,1.,0.),(0.547203048502068,
0.,0.836999894689386),(-0.572817226939614,0.,-0.819683124457989),(0.,1.,
0.),(-0.572817226939614,0.,-0.819683124457989),(0.,-1.,0.),(0.,-1.,0.),
(0.585219503406187,0.,-0.810874918118088),(0.585219503406187,0.,-0.810874918118088),
(0.,1.,0.),(-0.483085709607539,0.,0.875573067866401),(0.,-1.,0.),(0.,-1.,
0.),(0.506375100938071,0.,0.862313317275083),(-0.483085709607539,0.,0.875573067866401),
(0.,1.,0.),(0.,1.,0.),(0.506375100938071,0.,0.862313317275083),(-0.476460424736298,
0.,-0.879195918814519),(0.,1.,0.),(-0.476460424736298,0.,-0.879195918814519),
(0.,-1.,0.),(0.,-1.,0.),(0.500894183599425,0.,-0.865508530770359),(0.500894183599425,
0.,-0.865508530770359),(0.,1.,0.),(0.0205258787162627,0.,0.999789321958844),
(0.,-1.,0.),(0.,-1.,0.),(0.0267382564142621,0.,0.999642468907722),(0.,-1.,
0.),(0.0372427093393639,0.,0.999306249655762),(0.,-1.,0.),(0.0501222692430531,
0.,0.998743089150522),(0.,-1.,0.),(0.0669371746077408,0.,0.99775719223443),
(0.0205258787162627,0.,0.999789321958844),(0.,1.,0.),(0.,1.,0.),(0.0267382564142621,
0.,0.999642468907722),(0.,1.,0.),(0.0372427093393639,0.,0.999306249655762),
(0.,1.,0.),(0.0501222692430531,0.,0.998743089150522),(0.,1.,0.),(0.0669371746077408,
0.,0.99775719223443),(-0.341183387709825,0.,-0.939996753159737),(0.,1.,
0.),(-0.341183387709825,0.,-0.939996753159737),(0.,-1.,0.),(0.,-1.,0.),
(0.380260475790422,0.,-0.924879435684263),(0.380260475790422,0.,-0.924879435684263),
(0.,1.,0.),(-0.532945887640191,0.,0.84614932538377),(0.,-1.,0.),(0.,-1.,
0.),(0.467952206132378,0.,0.883753773839659),(-0.532945887640191,0.,0.84614932538377),
(0.,1.,0.),(0.,1.,0.),(0.467952206132378,0.,0.883753773839659),(-0.1624530243572,
0.,-0.98671627881433),(0.,1.,0.),(-0.1624530243572,0.,-0.98671627881433),
(0.,-1.,0.),(0.,-1.,0.),(0.222438421892466,0.,-0.974946741348464),(0.222438421892466,
0.,-0.974946741348464),(0.,1.,0.),(-0.563808346454467,0.,0.82590565349093),
(0.,-1.,0.),(0.,-1.,0.),(0.406646196640394,0.,0.913585721625454),(0.,-1.,
0.),(0.434422560135949,0.,0.900709186832758),(-0.563808346454467,0.,0.82590565349093),
(0.,1.,0.),(0.,1.,0.),(0.406646196640394,0.,0.913585721625454),(0.,1.,0.),
(0.434422560135949,0.,0.900709186832758),(0.0361191946440522,0.,-0.999347489003833),
(0.,1.,0.),(0.0361191946440522,0.,-0.999347489003833),(0.,-1.,0.),(0.,-1.,
0.),(-0.550854576709602,0.,0.834601243300108),(0.,-1.,0.),(0.376756387546096,
0.,0.926312379515256),(-0.550854576709602,0.,0.834601243300108),(0.,1.,
0.),(0.376756387546096,0.,0.926312379515256),(0.,1.,0.),(0.,1.,0.),(-0.999832249970741,
0.,0.0183158925102407),(0.0519555166710197,0.,-0.998649400083657),(-0.999832249970741,
0.,0.0183158925102407),(0.0519555166710197,0.,-0.998649400083657),(0.,-1.,
0.),(0.,-1.,0.),(-0.999827281180857,0.,0.0185851501606782),(0.0519197818363537,
0.,-0.998651258575317),(0.,1.,0.),(0.,-1.,0.),(0.0519197818363537,0.,-0.998651258575317),
(-0.999827281180857,0.,0.0185851501606782),(0.,1.,0.),(-0.999822239879129,
0.,0.0188544064632393),(0.,-1.,0.),(0.,0.,1.),(0.,-1.,0.),(0.999999485701869,
0.,-0.0010141972181606),(0.,-1.,0.),(0.0518840469352078,0.,-0.998653115788273),
(0.996637693484646,0.,-0.0819347784863389),(0.,-1.,0.),(0.,0.,1.),(1.,0.,
0.),(0.,-1.,0.),(0.99657494295896,0.,-0.0826945165433978),(0.,0.,-1.),(0.,
-1.,0.),(0.996606390617728,0.,-0.0823146534944061),(-0.999822239879129,
0.,0.0188544064632393),(0.,0.,1.),(0.,1.,0.),(0.,1.,0.),(0.999999485701869,
0.,-0.0010141972181606),(0.,1.,0.),(0.996637693484646,0.,-0.0819347784863389),
(0.0518840469352078,0.,-0.998653115788273),(0.,1.,0.),(1.,0.,0.),(0.,0.,
1.),(0.,1.,0.),(0.,0.,-1.),(0.99657494295896,0.,-0.0826945165433978),(0.,
1.,0.),(0.996606390617728,0.,-0.0823146534944061),(-0.503851990996349,0.,
0.86379000409186),(0.,-1.,0.),(0.,-1.,0.),(0.349378617298808,0.,0.9369816336377),
(-0.503851990996349,0.,0.86379000409186),(0.,1.,0.),(0.,1.,0.),(0.349378617298808,
0.,0.9369816336377),(0.,0.,1.),(0.,-1.,0.),(0.,-1.,0.),(0.00740408987579227,
0.,0.999972589350884),(0.,-1.,0.),(0.,0.,1.),(0.,-1.,0.),(0.00105932025080627,
0.,0.999999438920146),(0.,-1.,0.),(0.0279327106179716,0.,0.999609805712975),
(0.,-1.,0.),(0.999966315003739,0.,-0.00820785342475147),(0.,-1.,0.),(0.999661357912393,
0.,-0.0260224806033215),(0.,-1.,0.),(0.998417733951904,0.,-0.0562319173632284),
(0.,-1.,0.),(0.993958744443301,0.,-0.109754336336637),(0.,-1.,0.),(0.979079896715887,
0.,-0.20347618004771),(0.,-1.,0.),(0.933805208404598,0.,-0.357781822842421),
(0.,-1.,0.),(0.0709881469627769,0.,0.997477159132374),(0.,-1.,0.),(0.806370046659261,
0.,-0.591411318669791),(0.,-1.,0.),(0.697742347072102,0.,-0.716348809660709),
(0.359630314566755,0.,-0.933094870227362),(0.,-1.,0.),(0.21194244518318,
0.,-0.977282149601523),(0.,-1.,0.),(-0.0373374904023359,0.,-0.999302712800509),
(0.,-1.,0.),(0.151281617525046,0.,0.988490704154068),(0.,-1.,0.),(0.947927913239479,
0.,-0.31848496244163),(0.,-1.,0.),(0.289538736610038,0.,0.957166296942314),
(0.,-1.,0.),(0.487923116077101,0.,0.872886609358634),(0.,-1.,0.),(0.708126018646891,
0.,0.706086072455266),(0.,-1.,0.),(0.87272014809799,0.,0.488220793395592),
(0.,-1.,0.),(0.954098538666692,0.,0.299492868886861),(0.,-1.,0.),(0.983652626019163,
0.,0.180076404133368),(0.,-1.,0.),(0.992627825936505,0.,0.121202306812068),
(0.,-1.,0.),(0.995317783419862,0.,0.0966566604439272),(0.,-1.,0.),(0.997231865808946,
0.,0.0743545951183161),(0.,-1.,0.),(0.99002486488565,0.,-0.14089274966495),
(0.,-1.,0.),(0.999389624594291,0.,0.0349339126535026),(0.,-1.,0.),(0.999443690758724,
0.,-0.0333512968650393),(0.,0.,1.),(0.,1.,0.),(0.,0.,1.),(0.,1.,0.),(0.,
1.,0.),(0.00740408987579227,0.,0.999972589350884),(0.,1.,0.),(0.0279327106179716,
0.,0.999609805712975),(0.,1.,0.),(0.999966315003739,0.,-0.00820785342475147),
(0.,1.,0.),(0.999661357912393,0.,-0.0260224806033215),(0.,1.,0.),(0.998417733951904,
0.,-0.0562319173632284),(0.,1.,0.),(0.993958744443301,0.,-0.109754336336637),
(0.,1.,0.),(0.979079896715887,0.,-0.20347618004771),(0.,1.,0.),(0.933805208404598,
0.,-0.357781822842421),(0.,1.,0.),(0.0709881469627769,0.,0.997477159132374),
(0.,1.,0.),(0.806370046659261,0.,-0.591411318669791),(0.,1.,0.),(0.359630314566755,
0.,-0.933094870227362),(0.697742347072102,0.,-0.716348809660709),(0.,1.,
0.),(0.21194244518318,0.,-0.977282149601523),(0.,1.,0.),(-0.0373374904023359,
0.,-0.999302712800509),(0.,1.,0.),(0.151281617525046,0.,0.988490704154068),
(0.,1.,0.),(0.947927913239479,0.,-0.31848496244163),(0.,1.,0.),(0.289538736610038,
0.,0.957166296942314),(0.,1.,0.),(0.487923116077101,0.,0.872886609358634),
(0.,1.,0.),(0.708126018646891,0.,0.706086072455266),(0.,1.,0.),(0.87272014809799,
0.,0.488220793395592),(0.,1.,0.),(0.954098538666692,0.,0.299492868886861),
(0.,1.,0.),(0.983652626019163,0.,0.180076404133368),(0.,1.,0.),(0.992627825936505,
0.,0.121202306812068),(0.,1.,0.),(0.995317783419862,0.,0.0966566604439272),
(0.,1.,0.),(0.997231865808946,0.,0.0743545951183161),(0.,1.,0.),(0.99002486488565,
0.,-0.14089274966495),(0.,1.,0.),(0.999389624594291,0.,0.0349339126535026),
(0.,1.,0.),(0.999443690758724,0.,-0.0333512968650393),(0.,0.,1.),(0.,-1.,
0.),(0.,0.,1.),(0.,-1.,0.),(0.,1.,0.),(0.,0.,1.),(-0.43785303406029,0.,
0.899046561955608),(0.,-1.,0.),(0.,-1.,0.),(0.292979315113747,0.,0.956118779710701),
(0.,-1.,0.),(0.323142381618523,0.,0.946350358589201),(-0.43785303406029,
0.,0.899046561955608),(0.,1.,0.),(0.,1.,0.),(0.292979315113747,0.,0.956118779710701),
(0.,1.,0.),(0.323142381618523,0.,0.946350358589201),(0.,1.,0.),(0.,0.,1.),
(0.,1.,0.),(0.,0.,1.),(-0.356989298695606,0.,0.934108473688586),(0.,-1.,
0.),(0.,-1.,0.),(0.225287007164249,0.,0.974292442956926),(0.,-1.,0.),(0.258471435611992,
0.,0.966018900939664),(-0.356989298695606,0.,0.934108473688586),(0.,1.,
0.),(0.,1.,0.),(0.225287007164249,0.,0.974292442956926),(0.,1.,0.),(0.258471435611992,
0.,0.966018900939664),(0.,0.,1.),(0.,-1.,0.),(0.,0.,1.),(0.,-1.,0.),(0.,
0.,1.),(0.,-1.,0.),(0.,-1.,0.),(-0.263824995003067,0.,0.964570563521214),
(0.,-1.,0.),(0.194933535840131,0.,0.980816454085505),(-0.263824995003067,
0.,0.964570563521214),(0.,1.,0.),(0.194933535840131,0.,0.980816454085505),
(0.,1.,0.),(0.,1.,0.),(0.,0.,1.),(-0.1612742586263,0.,0.986909627830501),
(0.,-1.,0.),(0.,-1.,0.),(0.154505753772208,0.,0.987991888656623),(-0.1612742586263,
0.,0.986909627830501),(0.,1.,0.),(0.,1.,0.),(0.154505753772208,0.,0.987991888656623),
(0.,1.,0.),(0.,0.,1.),(-0.061748451795141,0.,0.998091743629263),(0.,-1.,
0.),(0.,-1.,0.),(0.0979779101124548,0.,0.995188589730608),(-0.061748451795141,
0.,0.998091743629263),(0.,1.,0.),(0.,1.,0.),(0.0979779101124548,0.,0.995188589730608),
(0.025628811741907,0.,0.99967152805744),(0.,-1.,0.),(0.025628811741907,
0.,0.99967152805744),(0.,1.,0.),(0.,0.,1.),(0.,-1.,0.),(0.,0.,1.),(0.,-1.,
0.),(0.,0.,1.),(0.,-1.,0.),(0.,1.,0.),(0.,0.,1.),(0.,1.,0.),(0.,0.,1.),
(0.,1.,0.),(0.,0.,1.),(0.,1.,0.),(0.,0.,1.),(0.,0.,1.),(0.,-1.,0.),(0.,
1.,0.),(0.00105932025080627,0.,0.999999438920146),(0.,0.,1.),(0.,-1.,0.),
(0.,-1.,0.),(0.,0.,-1.),(0.,-1.,0.),(0.990714942427389,0.,0.135955517913378),
(0.,-1.,0.),(0.,0.,-1.),(-1.,0.,0.),(0.,1.,0.),(0.,0.,-1.),(0.,0.,1.),(0.,
1.,0.),(0.,1.,0.),(0.990714942427389,0.,0.135955517913378),(0.,1.,0.),(-1.,
0.,0.),(0.,0.,-1.),(-0.996583230752724,0.,-0.0825945771976768),(0.,1.,0.),
(-0.995980570288509,0.,0.0895695462072731),(0.,-1.,0.),(-0.995980570288509,
0.,0.0895695462072731),(0.,1.,0.),(-0.945070986440275,0.,0.326865156584189),
(0.,-1.,0.),(0.,-1.,0.),(-0.996583230752724,0.,-0.0825945771976768),(0.,
-1.,0.),(0.99997017840903,0.,-0.00772284226254285),(0.99997017840903,0.,
-0.00772284226254285),(0.,1.,0.),(0.,1.,0.),(-0.945070986440275,0.,0.326865156584189),
(-0.979063981013041,0.,-0.203552747667268),(0.,1.,0.),(-0.979063981013041,
0.,-0.203552747667268),(0.,-1.,0.),(0.,-1.,0.),(-0.809799564451446,0.,0.586706626359587),
(-0.809799564451446,0.,0.586706626359587),(0.,1.,0.),(0.,1.,0.),(-0.949376969203973,
0.,-0.314139093945786),(-0.949376969203973,0.,-0.314139093945786),(0.,-1.,
0.),(-0.178529375216366,0.,-0.983934582268991),(0.,1.,0.),(-0.178529375216366,
0.,-0.983934582268991),(0.,-1.,0.),(-0.902589929371683,0.,-0.430501358182318),
(0.,1.,0.),(-0.902589929371683,0.,-0.430501358182318),(0.,-1.,0.),(0.,-1.,
0.),(-0.609236140359251,0.,0.792988855709942),(-0.609236140359251,0.,0.792988855709942),
(0.,1.,0.),(0.,1.,0.),(-0.837871096630038,0.,-0.545868139235088),(-0.837871096630038,
0.,-0.545868139235088),(0.,-1.,0.),(-0.758890372797518,0.,-0.651218398139399),
(0.,1.,0.),(-0.758890372797518,0.,-0.651218398139399),(0.,-1.,0.),(0.,-1.,
0.),(-0.418347872932004,0.,0.908286880458629),(-0.418347872932004,0.,0.908286880458629),
(0.,1.,0.),(0.,1.,0.),(-0.229199092130804,0.,-0.973379564284362),(-0.229199092130804,
0.,-0.973379564284362),(0.,-1.,0.),(0.,-1.,0.),(0.824679101867811,0.,-0.565600900761748),
(0.824679101867811,0.,-0.565600900761748),(0.,1.,0.),(0.,1.,0.),(-0.667956496934193,
0.,-0.744200321286817),(-0.667956496934193,0.,-0.744200321286817),(0.,-1.,
0.),(0.,-1.,0.),(-0.271745711198405,0.,0.962369091588707),(-0.271745711198405,
0.,0.962369091588707),(0.,1.,0.),(0.,1.,0.),(-0.562845579990931,0.,-0.826562068501013),
(-0.562845579990931,0.,-0.826562068501013),(0.,-1.,0.),(-0.444880637320809,
0.,-0.895589871837009),(0.,1.,0.),(-0.444880637320809,0.,-0.895589871837009),
(0.,-1.,0.),(0.,-1.,0.),(0.999768364221129,0.,-0.0215224975922566),(0.999768364221129,
0.,-0.0215224975922566),(0.,1.,0.),(0.,1.,0.),(-0.198766685366589,0.,-0.980046838058457),
(-0.198766685366589,0.,-0.980046838058457),(0.,-1.,0.),(0.,-1.,0.),(0.422205539219727,
0.,-0.906500128324414),(0.725952683905845,0.,-0.687744647910764),(0.725952683905845,
0.,-0.687744647910764),(0.,1.,0.),(0.422205539219727,0.,-0.906500128324414),
(-0.169563778683128,0.,0.985519215925646),(0.,-1.,0.),(-0.169563778683128,
0.,0.985519215925646),(0.,1.,0.),(0.,1.,0.),(-0.324019193686058,0.,-0.946050507173395),
(-0.324019193686058,0.,-0.946050507173395),(0.,-1.,0.),(-0.203225317290604,
0.,-0.979131998461971),(0.,1.,0.),(-0.203225317290604,0.,-0.979131998461971),
(0.,-1.,0.),(0.,-1.,0.),(-0.111490031887375,0.,-0.993765552225349),(-0.111490031887375,
0.,-0.993765552225349),(0.,1.,0.),(0.,1.,0.),(-0.107913269707598,0.,-0.994160312133317),
(-0.107913269707598,0.,-0.994160312133317),(0.,-1.,0.),(0.,-1.,0.),(0.284885535723394,
0.,-0.958561542904573),(0.284885535723394,0.,-0.958561542904573),(0.,1.,
0.),(-0.103107103036419,0.,0.994670259585274),(0.,-1.,0.),(-0.103107103036419,
0.,0.994670259585274),(0.,1.,0.),(0.,1.,0.),(-0.0778764852812774,0.,-0.99696301488081),
(-0.0778764852812774,0.,-0.99696301488081),(0.,-1.,0.),(0.,-1.,0.),(0.0606299927403529,
0.,-0.998160309760063),(0.0606299927403529,0.,-0.998160309760063),(0.,1.,
0.),(0.,1.,0.),(0.0464448874856459,0.,-0.998920853935108),(0.0464448874856459,
0.,-0.998920853935108),(0.,-1.,0.),(0.0441740139965336,0.,-0.999023851811074),
(0.,1.,0.),(0.0441740139965336,0.,-0.999023851811074),(0.,-1.,0.),(0.,-1.,
0.),(-0.0572928968363314,0.,0.998357412939926),(0.,-1.,0.),(-0.04719760371274,
0.,0.998885572127146),(-0.0572928968363314,0.,0.998357412939926),(0.,1.,
0.),(-0.04719760371274,0.,0.998885572127146),(0.,1.,0.),(-0.0279608305589131,
0.,0.99960901954437),(0.,-1.,0.),(0.,-1.,0.),(-0.0216766193958282,0.,0.999765034481387),
(-0.0279608305589131,0.,0.99960901954437),(0.,1.,0.),(0.,1.,0.),(-0.0216766193958282,
0.,0.999765034481387),(-0.337175005212567,0.,-0.941441987516972),(0.,1.,
0.),(-0.337175005212567,0.,-0.941441987516972),(0.,-1.,0.),(-0.503381333165191,
0.,-0.864064368794845),(0.,1.,0.),(-0.503381333165191,0.,-0.864064368794845),
(0.,-1.,0.),(-0.622311639834518,0.,-0.782769584824598),(0.,1.,0.),(-0.622311639834518,
0.,-0.782769584824598),(0.,-1.,0.),(-0.710755126939972,0.,-0.703439513766851),
(0.,1.,0.),(-0.710755126939972,0.,-0.703439513766851),(0.,-1.,0.),(0.,-1.,
0.),(-0.101754214994598,0.,0.994809569581452),(-0.101754214994598,0.,0.994809569581452),
(0.,1.,0.),(0.,1.,0.),(-0.78030687728859,0.,-0.625396815834658),(-0.78030687728859,
0.,-0.625396815834658),(0.,-1.,0.),(0.,-1.,0.),(-0.1746889535582,0.,0.984623668974467),
(-0.1746889535582,0.,0.984623668974467),(0.,1.,0.),(0.,1.,0.),(-0.836087368562971,
0.,-0.548596310714397),(-0.836087368562971,0.,-0.548596310714397),(0.,-1.,
0.),(-0.88491442092285,0.,-0.465753655533456),(0.,1.,0.),(-0.88491442092285,
0.,-0.465753655533456),(0.,-1.,0.),(0.,-1.,0.),(-0.259332096341938,0.,0.965788208566917),
(-0.259332096341938,0.,0.965788208566917),(0.,1.,0.),(0.,1.,0.),(-0.927391160085319,
0.,-0.374093084934227),(-0.927391160085319,0.,-0.374093084934227),(0.,-1.,
0.),(0.,-1.,0.),(0.999356331917687,0.,-0.0358736930915457),(0.999356331917687,
0.,-0.0358736930915457),(0.,1.,0.),(-0.349276844631739,0.,0.937019575998333),
(0.,-1.,0.),(-0.349276844631739,0.,0.937019575998333),(0.,1.,0.),(0.,1.,
0.),(-0.962090419691777,0.,-0.272730680960723),(-0.962090419691777,0.,-0.272730680960723),
(0.,-1.,0.),(-0.988330069195666,0.,-0.152327523198176),(0.,1.,0.),(-0.988330069195666,
0.,-0.152327523198176),(0.,-1.,0.),(-0.997964429759403,0.,-0.063773011023396),
(0.,1.,0.),(-0.997964429759403,0.,-0.063773011023396),(0.,-1.,0.),(0.,-1.,
0.),(-0.435756730198069,0.,0.900064482182853),(-0.435756730198069,0.,0.900064482182853),
(0.,1.,0.),(0.,1.,0.),(-0.996794358157437,0.,-0.0800062969115756),(-0.996794358157437,
0.,-0.0800062969115756),(0.,-1.,0.),(-0.985969024528199,0.,-0.166928375870947),
(0.,1.,0.),(-0.985969024528199,0.,-0.166928375870947),(0.,-1.,0.),(-0.960916550099224,
0.,-0.276838190547124),(0.,1.,0.),(-0.960916550099224,0.,-0.276838190547124),
(0.,-1.,0.),(0.,-1.,0.),(0.998652700373612,0.,-0.0518920421306813),(0.998652700373612,
0.,-0.0518920421306813),(0.,1.,0.),(0.,1.,0.),(-0.917150622043286,0.,-0.398540758876196),
(-0.917150622043286,0.,-0.398540758876196),(0.,-1.,0.),(-0.852029816882014,
0.,-0.523493257973779),(0.,1.,0.),(-0.852029816882014,0.,-0.523493257973779),
(0.,-1.,0.),(-0.766747040723581,0.,-0.64194935590094),(0.,1.,0.),(-0.766747040723581,
0.,-0.64194935590094),(0.,-1.,0.),(0.,-1.,0.),(0.,0.,1.),(-1.,0.,0.),(0.,
0.,1.),(-1.,0.,0.),(0.,1.,0.),(-0.510124470468876,0.,0.860100589831706),
(0.,-1.,0.),(-0.510124470468876,0.,0.860100589831706),(0.,1.,0.),(0.,1.,
0.),(-0.679486311932879,0.,-0.733688184377979),(-0.679486311932879,0.,-0.733688184377979),
(0.,-1.,0.),(-0.596220338322596,0.,-0.802820844379672),(0.,1.,0.),(-0.596220338322596,
0.,-0.802820844379672),(0.,-1.,0.),(0.,-1.,0.),(-0.569707169614367,0.,0.82184776016607),
(-0.569707169614367,0.,0.82184776016607),(0.,1.,0.),(0.,1.,0.),(-0.523109986672765,
0.,-0.85226518281766),(-0.523109986672765,0.,-0.85226518281766),(0.,-1.,
0.),(-0.739481996589463,0.,-0.673176334046334),(0.,1.,0.),(-0.739481996589463,
0.,-0.673176334046334),(0.,-1.,0.),(0.,-1.,0.),(0.937278903069533,0.,0.348580346348978),
(0.,-1.,0.),(0.892717964783203,0.,0.45061584010478),(0.,-1.,0.),(0.906590943090503,
0.,0.422010499758327),(0.,1.,0.),(0.937278903069533,0.,0.348580346348978),
(0.,1.,0.),(0.892717964783203,0.,0.45061584010478),(0.,1.,0.),(0.906590943090503,
0.,0.422010499758327),(-0.464754304963846,0.,-0.885439685138165),(0.,1.,
0.),(-0.464754304963846,0.,-0.885439685138165),(0.,-1.,0.),(0.,-1.,0.),
(-0.612453522519874,0.,0.790506598804208),(0.,-1.,0.),(0.999974088922819,
0.,0.00719871398083879),(-0.612453522519874,0.,0.790506598804208),(0.,1.,
0.),(0.999974088922819,0.,0.00719871398083879),(0.,1.,0.),(0.,1.,0.),(-0.419882051615544,
0.,-0.907578681289463),(-0.419882051615544,0.,-0.907578681289463),(0.,-1.,
0.),(0.,-1.,0.),(-0.643348030944515,0.,0.765573844302308),(-0.643348030944515,
0.,0.765573844302308),(0.,1.,0.),(0.,1.,0.),(-0.416845850636462,0.,-0.908977192677113),
(-0.416845850636462,0.,-0.908977192677113),(0.,-1.,0.),(0.,-1.,0.),(-0.664051300279473,
0.,0.747687013794637),(-0.664051300279473,0.,0.747687013794637),(0.,1.,
0.),(0.,1.,0.),(-0.479273917902783,0.,-0.877665375651857),(-0.479273917902783,
0.,-0.877665375651857),(0.,-1.,0.),(0.,-1.,0.),(-0.136150716208821,0.,0.990688135830759),
(0.,-1.,0.),(0.703811220804112,0.,-0.710387053281678),(-0.136150716208821,
0.,0.990688135830759),(0.,1.,0.),(0.703811220804112,0.,-0.710387053281678),
(0.,1.,0.),(-0.26488004149548,0.,0.964281371601335),(0.,-1.,0.),(-0.26488004149548,
0.,0.964281371601335),(0.,1.,0.),(-0.675349344605355,0.,0.73749797473696),
(0.,-1.,0.),(-0.675349344605355,0.,0.73749797473696),(0.,1.,0.),(0.,1.,
0.),(-0.575904478779597,0.,-0.817516991457426),(-0.575904478779597,0.,-0.817516991457426),
(0.,-1.,0.),(0.,-1.,0.),(-0.344997082910022,0.,0.938603757068751),(-0.344997082910022,
0.,0.938603757068751),(0.,1.,0.),(-0.37646289532703,0.,0.926431696587498),
(0.,-1.,0.),(-0.37646289532703,0.,0.926431696587498),(0.,1.,0.),(0.,1.,
0.),(-0.672090669611438,0.,-0.740468859454095),(-0.672090669611438,0.,-0.740468859454095),
(0.,-1.,0.),(0.,-1.,0.),(0.997507630230941,0.,-0.0705586821805226),(0.997507630230941,
0.,-0.0705586821805226),(0.,1.,0.),(-0.684593050303121,0.,0.728925480057234),
(0.,-1.,0.),(-0.684593050303121,0.,0.728925480057234),(0.,1.,0.),(-0.392827064741731,
0.,0.919612362469316),(0.,-1.,0.),(-0.392827064741731,0.,0.919612362469316),
(0.,1.,0.),(0.,1.,0.),(-0.763107673187557,0.,-0.646271366472531),(-0.763107673187557,
0.,-0.646271366472531),(0.,-1.,0.),(-0.740504756086256,0.,-0.672051118750378),
(0.,1.,0.),(-1.,0.,0.),(-1.,0.,0.),(-0.740504756086256,0.,-0.672051118750378),
(0.,-1.,0.),(0.,-1.,0.),(0.965389070975553,0.,0.260813998169113),(0.,-1.,
0.),(0.956462377869194,0.,0.29185564877317),(0.,1.,0.),(0.965389070975553,
0.,0.260813998169113),(0.,1.,0.),(0.956462377869194,0.,0.29185564877317),
(-0.402827094620865,0.,0.91527609596193),(0.,-1.,0.),(-0.402827094620865,
0.,0.91527609596193),(0.,1.,0.),(-0.702321749705901,0.,0.711859649010984),
(0.,-1.,0.),(-0.702321749705901,0.,0.711859649010984),(0.,1.,0.),(0.,1.,
0.),(-0.844159818055983,0.,-0.536091598124508),(-0.844159818055983,0.,-0.536091598124508),
(0.,-1.,0.),(-0.909226216045362,0.,-0.416302399771887),(0.,1.,0.),(-0.909226216045362,
0.,-0.416302399771887),(0.,-1.,0.),(0.,-1.,0.),(-0.409939609856282,0.,0.912112666434843),
(-0.409939609856282,0.,0.912112666434843),(0.,1.,0.),(-0.735940371176641,
0.,0.677046357402792),(0.,-1.,0.),(0.,-1.,0.),(0.999715632078987,0.,0.0238464877269462),
(-0.735940371176641,0.,0.677046357402792),(0.,1.,0.),(0.,1.,0.),(0.999715632078987,
0.,0.0238464877269462),(-0.956210042062761,0.,-0.292681320651546),(0.,1.,
0.),(-0.956210042062761,0.,-0.292681320651546),(0.,-1.,0.),(-0.996800262705332,
0.,-0.0799326983817086),(0.,1.,0.),(-0.999599714696782,0.,0.0282915248460069),
(0.,-1.,0.),(-0.999599714696782,0.,0.0282915248460069),(0.,1.,0.),(-0.993337713610921,
0.,0.115239692459797),(0.,-1.,0.),(0.,-1.,0.),(-0.996800262705332,0.,-0.0799326983817086),
(0.,-1.,0.),(0.991455915519947,0.,-0.130442200152037),(0.991455915519947,
0.,-0.130442200152037),(0.,1.,0.),(0.,1.,0.),(-0.993337713610921,0.,0.115239692459797),
(-0.978275727400688,0.,-0.207307986287683),(0.,1.,0.),(-0.978275727400688,
0.,-0.207307986287683),(0.,-1.,0.),(0.,-1.,0.),(0.985646099470107,0.,-0.168824662296018),
(0.985646099470107,0.,-0.168824662296018),(0.,1.,0.),(-0.982256029719578,
0.,0.187544906834419),(0.,-1.,0.),(-0.982256029719578,0.,0.187544906834419),
(0.,1.,0.),(0.,1.,0.),(-0.940020945126077,0.,-0.341116728883642),(-0.940020945126077,
0.,-0.341116728883642),(0.,-1.,0.),(0.,-1.,0.),(-0.977881857307046,0.,0.209158010006127),
(-0.977881857307046,0.,0.209158010006127),(0.,1.,0.),(0.,1.,0.),(-0.878044917808152,
0.,-0.478578230084984),(-0.878044917808152,0.,-0.478578230084984),(0.,-1.,
0.),(0.,-1.,0.),(0.983193630770957,0.,-0.182565835827581),(0.983193630770957,
0.,-0.182565835827581),(0.,1.,0.),(-0.987723683424525,0.,0.156211155818937),
(0.,-1.,0.),(-0.987723683424525,0.,0.156211155818937),(0.,1.,0.),(0.,1.,
0.),(-0.985802645175486,0.,-0.167908143831726),(-0.985802645175486,0.,-0.167908143831726),
(0.,-1.,0.),(0.,-1.,0.),(0.995497246872826,0.,-0.0947904608524747),(0.995497246872826,
0.,-0.0947904608524747),(0.,1.,0.),(0.,1.,0.),(-0.798636183630438,0.,-0.601814129275983),
(-0.798636183630438,0.,-0.601814129275983),(0.,-1.,0.),(0.,-1.,0.),(-0.998302477392924,
0.,0.0582422838764913),(-0.998302477392924,0.,0.0582422838764913),(0.,1.,
0.),(0.,1.,0.),(-0.708546133898267,0.,-0.705664492615165),(-0.708546133898267,
0.,-0.705664492615165),(0.,-1.,0.),(-0.998745357874865,0.,-0.0500770418795737),
(0.,1.,0.),(-0.998745357874865,0.,-0.0500770418795737),(0.,-1.,0.),(0.,
-1.,0.),(-0.78574937550673,0.,0.618545001508203),(-0.78574937550673,0.,
0.618545001508203),(0.,1.,0.),(0.,1.,0.),(-0.619485530509132,0.,-0.78500807479275),
(-0.619485530509132,0.,-0.78500807479275),(0.,-1.,0.),(0.,-1.,0.),(-0.414306167423982,
0.,0.910137571817828),(-0.414306167423982,0.,0.910137571817828),(0.,1.,
0.),(0.,1.,0.),(-0.539734408439894,0.,-0.841835357030125),(-0.539734408439894,
0.,-0.841835357030125),(0.,-1.,0.),(0.,-1.,0.),(0.983667449237039,0.,-0.179995414695754),
(0.983667449237039,0.,-0.179995414695754),(0.,1.,0.),(0.,1.,0.),(-0.479606312239278,
0.,-0.877483780625169),(-0.479606312239278,0.,-0.877483780625169),(0.,-1.,
0.),(0.,-1.,0.),(-0.848142382629079,0.,0.529768344456583),(-0.848142382629079,
0.,0.529768344456583),(0.,1.,0.),(-0.146975594396568,0.,0.989140118816225),
(0.,-1.,0.),(0.,-1.,0.),(0.938018061970263,0.,0.34658637511817),(-0.146975594396568,
0.,0.989140118816225),(0.,1.,0.),(0.,1.,0.),(0.938018061970263,0.,0.34658637511817),
(-0.439601246234878,0.,-0.898193044010441),(0.,1.,0.),(-0.439601246234878,
0.,-0.898193044010441),(0.,-1.,0.),(0.,-1.,0.),(-0.910655635056497,0.,0.413166206676985),
(-0.910655635056497,0.,0.413166206676985),(0.,1.,0.),(0.,1.,0.),(-0.400403826563244,
0.,-0.916338788698542),(-0.400403826563244,0.,-0.916338788698542),(0.,-1.,
0.),(0.,-1.,0.),(-0.305650978585082,0.,0.95214362324703),(-0.305650978585082,
0.,0.95214362324703),(0.,1.,0.),(0.,1.,0.),(-0.358792616046092,0.,-0.933417301463178),
(-0.358792616046092,0.,-0.933417301463178),(0.,-1.,0.),(0.,-1.,0.),(-0.958287292521146,
0.,0.285806691651003),(-0.958287292521146,0.,0.285806691651003),(0.,1.,
0.),(-0.420067969005687,0.,0.907492645378152),(0.,-1.,0.),(-0.420067969005687,
0.,0.907492645378152),(0.,1.,0.),(0.,1.,0.),(-0.314066642551793,0.,-0.949400939559386),
(-0.314066642551793,0.,-0.949400939559386),(0.,-1.,0.),(0.,-1.,0.),(0.355995327591993,
0.,-0.934487734928966),(-0.501036270541676,0.,-0.865426285481143),(-0.501036270541676,
0.,-0.865426285481143),(0.,1.,0.),(0.355995327591993,0.,-0.934487734928966),
(-0.984783004772672,0.,0.173788473469641),(0.,-1.,0.),(-0.984783004772672,
0.,0.173788473469641),(0.,1.,0.),(-0.995756355984577,0.,0.0920286885504543),
(0.,-1.,0.),(0.,-1.,0.),(0.999016068579787,0.,0.0443496868014557),(-0.995756355984577,
0.,0.0920286885504543),(0.,1.,0.),(0.,1.,0.),(0.999016068579787,0.,0.0443496868014557),
(-0.266502555809478,0.,-0.963834211753773),(0.,1.,0.),(-0.266502555809478,
0.,-0.963834211753773),(0.,-1.,0.),(0.,-1.,0.),(0.471142125833994,0.,-0.882057309512611),
(0.471142125833994,0.,-0.882057309512611),(0.,1.,0.),(-0.999222948441837,
0.,0.0394144555614114),(0.,-1.,0.),(-0.999222948441837,0.,0.0394144555614114),
(0.,1.,0.),(-0.999937660252372,0.,0.0111658232572373),(0.,-1.,0.),(-0.999937660252372,
0.,0.0111658232572373),(0.,1.,0.),(-0.45426213670138,0.,0.89086806607909),
(0.,-1.,0.),(-0.45426213670138,0.,0.89086806607909),(0.,1.,0.),(-0.999999535939943,
0.,0.000963389795588276),(0.,-1.,0.),(-0.999999535939943,0.,0.000963389795588276),
(0.,1.,0.),(0.,-1.,0.),(0.997417634614195,0.,0.0718196502402012),(0.,-1.,
0.),(0.994376069071423,0.,0.105906719607704),(-1.,0.,0.),(0.,-1.,0.),(0.,
-1.,0.),(0.98767200065344,0.,0.156537596523106),(-1.,0.,0.),(0.,1.,0.),
(0.,-1.,0.),(0.979990163215203,0.,0.199045924352745),(0.,-1.,0.),(0.982399677583141,
0.,0.186790988766964),(0.,-1.,0.),(0.984968901424036,0.,0.172731766700649),
(0.,-1.,0.),(0.97077524405115,0.,0.239990469680423),(0.,-1.,0.),(0.974511177766535,
0.,0.22433894982388),(0.,-1.,0.),(0.977485528971958,0.,0.211002465981827),
(0.,1.,0.),(0.997417634614195,0.,0.0718196502402012),(0.,1.,0.),(0.994376069071423,
0.,0.105906719607704),(0.,1.,0.),(0.98767200065344,0.,0.156537596523106),
(0.,1.,0.),(0.979990163215203,0.,0.199045924352745),(0.,1.,0.),(0.982399677583141,
0.,0.186790988766964),(0.,1.,0.),(0.984968901424036,0.,0.172731766700649),
(0.,1.,0.),(0.97077524405115,0.,0.239990469680423),(0.,1.,0.),(0.974511177766535,
0.,0.22433894982388),(0.,1.,0.),(0.977485528971958,0.,0.211002465981827),
(-0.210822291470319,0.,-0.977524404513362),(0.,1.,0.),(-0.210822291470319,
0.,-0.977524404513362),(0.,-1.,0.),(0.,-1.,0.),(0.45859631228359,0.,-0.888644710984031),
(0.45859631228359,0.,-0.888644710984031),(0.,1.,0.),(0.,1.,0.),(-0.138615940644896,
0.,-0.990346212694899),(-0.138615940644896,0.,-0.990346212694899),(0.,-1.,
0.),(-0.0491172059477507,0.,-0.998793021641564),(0.,1.,0.),(-0.0491172059477507,
0.,-0.998793021641564),(0.,-1.,0.),(0.,-1.,0.),(0.230191692819767,0.,-0.973145304955416),
(0.230191692819767,0.,-0.973145304955416),(0.,1.,0.),(-0.569812442104601,
0.,0.821774774997865),(0.,-1.,0.),(-0.569812442104601,0.,0.821774774997865),
(0.,1.,0.),(0.,1.,0.),(0.0644107651632421,0.,-0.997923470678531),(0.0644107651632421,
0.,-0.997923470678531),(0.,-1.,0.),(0.,-1.,0.),(-0.423797237223796,0.,0.905757087591081),
(0.,-1.,0.),(0.707489165011916,0.,-0.70672419046665),(-0.423797237223796,
0.,0.905757087591081),(0.,1.,0.),(0.707489165011916,0.,-0.70672419046665),
(0.,1.,0.),(-0.652914981413001,0.,0.757431202847137),(0.,-1.,0.),(-0.652914981413001,
0.,0.757431202847137),(0.,1.,0.),(0.,1.,0.),(-0.501036270541676,0.,-0.865426285481143),
(-0.795080596412251,0.,-0.60650378828886),(-0.501036270541676,0.,-0.865426285481143),
(-0.795080596412251,0.,-0.60650378828886),(0.,-1.,0.),(-0.844824228011227,
0.,-0.535043945639267),(0.,1.,0.),(-0.844824228011227,0.,-0.535043945639267),
(0.,-1.,0.),(0.,-1.,0.),(0.983800672831591,0.,-0.179265825343563),(0.983800672831591,
0.,-0.179265825343563),(0.,1.,0.),(-0.718844947668887,0.,0.695170440403586),
(0.,-1.,0.),(-0.718844947668887,0.,0.695170440403586),(0.,1.,0.),(0.,1.,
0.),(-0.91038028683446,0.,-0.413772562337338),(-0.91038028683446,0.,-0.413772562337338),
(0.,-1.,0.),(0.,-1.,0.),(-0.42710156055544,0.,0.904203659012231),(-0.42710156055544,
0.,0.904203659012231),(0.,1.,0.),(0.,1.,0.),(-0.942102353727873,0.,-0.335325446544698),
(-0.942102353727873,0.,-0.335325446544698),(0.,-1.,0.),(0.,-1.,0.),(0.983931834892148,
0.,-0.178544516257908),(0.983931834892148,0.,-0.178544516257908),(0.,1.,
0.),(-0.774839998115639,0.,0.63215739916587),(0.,-1.,0.),(-0.774839998115639,
0.,0.63215739916587),(0.,1.,0.),(0.,1.,0.),(-0.960919490750341,0.,-0.276827983224428),
(-0.960919490750341,0.,-0.276827983224428),(0.,-1.,0.),(0.,-1.,0.),(0.984292944523915,
0.,-0.176542910818991),(0.984292944523915,0.,-0.176542910818991),(0.,1.,
0.),(0.,1.,0.),(-0.974367520632465,0.,-0.224962073995913),(-0.974367520632465,
0.,-0.224962073995913),(0.,-1.,0.),(0.,-1.,0.),(0.9846135996726,0.,-0.17474569905942),
(0.9846135996726,0.,-0.17474569905942),(0.,1.,0.),(-0.824360337171008,0.,
0.566065397723003),(0.,-1.,0.),(0.,-1.,0.),(0.931895430971166,0.,0.362727040259015),
(-0.824360337171008,0.,0.566065397723003),(0.,1.,0.),(0.,1.,0.),(0.931895430971166,
0.,0.362727040259015),(-0.985273708638026,0.,-0.170984557977235),(0.,1.,
0.),(-0.985273708638026,0.,-0.170984557977235),(0.,-1.,0.),(0.,-1.,0.),
(0.984723095235546,0.,-0.174127613289008),(0.984723095235546,0.,-0.174127613289008),
(0.,1.,0.),(0.,1.,0.),(-0.993633415987519,0.,-0.112661593424621),(-0.999998058463014,
0.,0.00197055073569689),(0.,-1.,0.),(-0.999998058463014,0.,0.00197055073569689),
(0.,1.,0.),(-0.994953478655856,0.,0.100337307670729),(0.,-1.,0.),(0.,-1.,
0.),(-0.993633415987519,0.,-0.112661593424621),(0.,-1.,0.),(0.984737776073688,
0.,-0.174044570077458),(0.,-1.,0.),(0.985350092593598,0.,-0.17054382142367),
(0.,1.,0.),(0.984737776073688,0.,-0.174044570077458),(-0.994953478655856,
0.,0.100337307670729),(0.,1.,0.),(0.,1.,0.),(0.985350092593598,0.,-0.17054382142367),
(-0.971718701802592,0.,-0.236141407989125),(0.,1.,0.),(-0.971718701802592,
0.,-0.236141407989125),(0.,-1.,0.),(0.,-1.,0.),(-0.98344611669043,0.,0.181200815579052),
(-0.98344611669043,0.,0.181200815579052),(0.,1.,0.),(0.,1.,0.),(-0.935243241747821,
0.,-0.354005760920675),(-0.935243241747821,0.,-0.354005760920675),(0.,-1.,
0.),(0.,-1.,0.),(0.982576515909881,0.,-0.185858522490626),(-0.983022892673754,
0.,0.183482948742723),(0.,-1.,0.),(0.,-1.,0.),(0.985143653815274,0.,-0.17173229558674),
(0.,1.,0.),(0.982576515909881,0.,-0.185858522490626),(-0.983022892673754,
0.,0.183482948742723),(0.,1.,0.),(0.,1.,0.),(0.985143653815274,0.,-0.17173229558674),
(-0.994130184227604,0.,-0.108190465419049),(0.,1.,0.),(-0.994130184227604,
0.,-0.108190465419049),(0.,-1.,0.),(0.,-1.,0.),(0.984843720853784,0.,-0.173444070221133),
(0.984843720853784,0.,-0.173444070221133),(0.,1.,0.),(-0.871245632299701,
0.,0.490847275839129),(0.,-1.,0.),(-0.871245632299701,0.,0.490847275839129),
(0.,1.,0.),(-0.996700620813485,0.,0.081165709939693),(0.,-1.,0.),(-0.996700620813485,
0.,0.081165709939693),(0.,1.,0.),(0.,1.,0.),(-0.887660694416539,0.,-0.460498090753858),
(-0.887660694416539,0.,-0.460498090753858),(0.,-1.,0.),(-0.999527996832782,
0.,-0.0307210603242461),(0.,1.,0.),(-0.999527996832782,0.,-0.0307210603242461),
(0.,-1.,0.),(0.,-1.,0.),(-0.430559160420121,0.,0.902562357612104),(-0.430559160420121,
0.,0.902562357612104),(0.,1.,0.),(0.,-1.,0.),(0.984986168703776,0.,-0.172633274493236),
(0.984986168703776,0.,-0.172633274493236),(0.,1.,0.),(0.,1.,0.),(-0.837408031167264,
0.,-0.546578255455307),(-0.837408031167264,0.,-0.546578255455307),(0.,-1.,
0.),(0.,-1.,0.),(-0.917997888208469,0.,0.396585271089069),(-0.917997888208469,
0.,0.396585271089069),(0.,1.,0.),(0.,1.,0.),(-0.788949909851921,0.,-0.614457516631252),
(-0.788949909851921,0.,-0.614457516631252),(0.,-1.,0.),(0.,-1.,0.),(0.979948227833551,
0.,-0.199252279198715),(0.979948227833551,0.,-0.199252279198715),(0.,1.,
0.),(0.,1.,0.),(-0.742143507446976,0.,-0.670241012139888),(-0.742143507446976,
0.,-0.670241012139888),(0.,-1.,0.),(0.,-1.,0.),(-0.963292154224949,0.,0.26845525811326),
(-0.963292154224949,0.,0.26845525811326),(0.,1.,0.),(0.,1.,0.),(-0.998536029435024,
0.,-0.0540906454032285),(-0.998536029435024,0.,-0.0540906454032285),(0.,
-1.,0.),(0.,-1.,0.),(-0.993269284697344,0.,0.1158280107609),(-0.962919497949227,
0.,-0.269788881292779),(0.,1.,0.),(0.,-1.,0.),(0.925463019156914,0.,0.378837960311489),
(-0.962919497949227,0.,-0.269788881292779),(0.,-1.,0.),(-0.993269284697344,
0.,0.1158280107609),(0.,1.,0.),(0.,1.,0.),(0.925463019156914,0.,0.378837960311489),
(-0.971130583625695,0.,0.238548505647838),(0.,-1.,0.),(-0.971130583625695,
0.,0.238548505647838),(0.,1.,0.),(0.,1.,0.),(-0.930799633752166,0.,-0.365529809737639),
(-0.930799633752166,0.,-0.365529809737639),(0.,-1.,0.),(0.,-1.,0.),(-0.944161801111148,
0.,0.32948215933879),(-0.944161801111148,0.,0.32948215933879),(0.,1.,0.),
(0.,1.,0.),(-0.982472620525121,0.,-0.186406947076822),(-0.982472620525121,
0.,-0.186406947076822),(0.,-1.,0.),(0.,-1.,0.),(-0.916858964488986,0.,0.399211271429283),
(-0.916858964488986,0.,0.399211271429283),(0.,1.,0.),(-0.996195899732536,
0.,0.0871420068398907),(0.,-1.,0.),(-0.996195899732536,0.,0.0871420068398907),
(0.,1.,0.),(0.,1.,0.),(-0.706736541956606,0.,-0.707476826661636),(-0.706736541956606,
0.,-0.707476826661636),(0.,-1.,0.),(0.,-1.,0.),(-0.886916325633022,0.,0.461930115196681),
(-0.886916325633022,0.,0.461930115196681),(0.,1.,0.),(-0.85608124755841,
0.,0.516841269229574),(0.,-1.,0.),(-0.85608124755841,0.,0.516841269229574),
(0.,1.,0.),(-0.827319223494445,0.,0.561732055731689),(0.,-1.,0.),(-0.827319223494445,
0.,0.561732055731689),(0.,1.,0.),(0.,1.,0.),(-0.705740801131686,0.,-0.708470127541032),
(-0.705740801131686,0.,-0.708470127541032),(0.,-1.,0.),(0.,-1.,0.),(0.977671779385684,
0.,-0.210137792395443),(0.977671779385684,0.,-0.210137792395443),(0.,1.,
0.),(-0.796126820646197,0.,0.605129808758236),(0.,-1.,0.),(-0.796126820646197,
0.,0.605129808758236),(0.,1.,0.),(-0.433621371919982,0.,0.901095170231332),
(0.,-1.,0.),(0.,-1.,0.),(0.700800698200849,0.,-0.713357120523236),(-0.433621371919982,
0.,0.901095170231332),(0.,1.,0.),(0.,1.,0.),(0.700800698200849,0.,-0.713357120523236),
(-0.762498888357594,0.,0.646989524840575),(0.,-1.,0.),(-0.762498888357594,
0.,0.646989524840575),(0.,1.,0.),(0.,1.,0.),(-0.754556229801284,0.,-0.656235396841767),
(-0.754556229801284,0.,-0.656235396841767),(0.,-1.,0.),(0.,-1.,0.),(-0.745595465881269,
0.,0.666398830474134),(0.,-1.,0.),(0.920393218983674,0.,0.390994018431063),
(-0.745595465881269,0.,0.666398830474134),(0.,1.,0.),(0.920393218983674,
0.,0.390994018431063),(0.,1.,0.),(-0.763670402523887,0.,0.645606316813121),
(0.,-1.,0.),(-0.763670402523887,0.,0.645606316813121),(0.,1.,0.),(0.,1.,
0.),(-0.819217078926676,0.,-0.573483546054151),(-0.819217078926676,0.,-0.573483546054151),
(0.,-1.,0.),(0.,-1.,0.),(0.975958532270302,0.,-0.217956287564268),(0.975958532270302,
0.,-0.217956287564268),(0.,1.,0.),(0.,1.,0.),(-0.999999804617937,0.,0.000625111260662024),
(-0.999999804617937,0.,0.000625111260662024),(0.,-1.,0.),(0.,-1.,0.),(-0.982860021938984,
0.,0.184353403207262),(-0.985238747124255,0.,-0.1711858965132),(0.,1.,0.),
(-0.985238747124255,0.,-0.1711858965132),(0.,-1.,0.),(0.,-1.,0.),(0.968979406412633,
0.,-0.247141477595774),(-0.982860021938984,0.,0.184353403207262),(0.,1.,
0.),(0.,1.,0.),(0.968979406412633,0.,-0.247141477595774),(-0.948882781934514,
0.,-0.315628683975677),(0.,1.,0.),(-0.948882781934514,0.,-0.315628683975677),
(0.,-1.,0.),(0.,-1.,0.),(-0.938131078143257,0.,0.346280349170684),(-0.938131078143257,
0.,0.346280349170684),(0.,1.,0.),(0.,1.,0.),(-0.899291470306785,0.,-0.437349804428286),
(-0.899291470306785,0.,-0.437349804428286),(0.,-1.,0.),(0.,-1.,0.),(-0.877581194927811,
0.,0.479428040803909),(0.,-1.,0.),(0.970329270827122,0.,-0.24178731599508),
(-0.877581194927811,0.,0.479428040803909),(0.,1.,0.),(0.970329270827122,
0.,-0.24178731599508),(0.,1.,0.),(0.,1.,0.),(-0.850628368245143,0.,-0.525767419242202),
(-0.850628368245143,0.,-0.525767419242202),(0.,-1.,0.),(0.,-1.,0.),(-0.814086213534386,
0.,0.580744037363489),(-0.814086213534386,0.,0.580744037363489),(0.,1.,
0.),(-0.800613301977261,0.,0.599181392148544),(0.,-1.,0.),(-0.800613301977261,
0.,0.599181392148544),(0.,1.,0.),(0.,1.,0.),(-0.807597236536564,0.,-0.589734434757295),
(-0.807597236536564,0.,-0.589734434757295),(0.,-1.,0.),(0.,-1.,0.),(-0.757343183948963,
0.,0.65301707613664),(-0.757343183948963,0.,0.65301707613664),(0.,1.,0.),
(0.,1.,0.),(-0.874651255512247,0.,-0.484752701107327),(-0.874651255512247,
0.,-0.484752701107327),(0.,-1.,0.),(-0.789176190550162,0.,-0.614166866794957),
(0.,1.,0.),(-0.789176190550162,0.,-0.614166866794957),(0.,-1.,0.),(0.,-1.,
0.),(-0.749531334845663,0.,0.661968864890547),(-0.749531334845663,0.,0.661968864890547),
(0.,1.,0.),(-0.842777953508418,0.,0.538261387320476),(0.,-1.,0.),(-0.842777953508418,
0.,0.538261387320476),(0.,1.,0.),(0.,1.,0.),(-0.815882461869965,0.,-0.578217786316717),
(-0.815882461869965,0.,-0.578217786316717),(0.,-1.,0.),(0.,-1.,0.),(0.967372693086992,
0.,-0.25335759840514),(0.967372693086992,0.,-0.25335759840514),(0.,1.,0.),
(-0.825860678922091,0.,0.563874222686535),(0.,-1.,0.),(-0.825860678922091,
0.,0.563874222686535),(0.,1.,0.),(-0.431176375380906,0.,0.902267661679939),
(0.,-1.,0.),(-0.431176375380906,0.,0.902267661679939),(0.,1.,0.),(0.,1.,
0.),(-0.856787954054358,0.,-0.515668887744207),(-0.856787954054358,0.,-0.515668887744207),
(0.,-1.,0.),(0.,-1.,0.),(-0.885692985823304,0.,0.464271402159772),(-0.885692985823304,
0.,0.464271402159772),(0.,1.,0.),(0.,1.,0.),(-0.999200958721788,0.,-0.0399680383489159),
(-0.876215908676506,0.,-0.481918749772413),(-0.999200958721788,0.,-0.0399680383489159),
(0.,-1.,0.),(-0.945372981626176,0.,0.325990683319683),(-0.945372981626176,
0.,0.325990683319683),(-0.999200958721788,0.,-0.0399680383489159),(0.,1.,
0.),(-0.897641414480888,0.,0.440726549017359),(0.,-1.,0.),(-0.999200958721788,
0.,-0.0399680383489159),(-0.876215908676506,0.,-0.481918749772413),(0.,
-1.,0.),(0.,-1.,0.),(0.965626702316359,0.,-0.259932821655201),(0.965626702316359,
0.,-0.259932821655201),(0.,1.,0.),(0.,1.,0.),(-0.897641414480888,0.,0.440726549017359),
(-0.876215908676506,0.,-0.481918749772413),(0.,1.,0.),(-0.606043215262698,
0.,-0.795431720032619),(-0.606043215262698,0.,-0.795431720032619),(-0.876215908676506,
0.,-0.481918749772413),(0.,-1.,0.),(-0.921983951331684,0.,-0.387228089744035),
(0.,1.,0.),(-0.921983951331684,0.,-0.387228089744035),(0.,-1.,0.),(0.,-1.,
0.),(0.974493701019681,0.,-0.22441485394903),(0.974493701019681,0.,-0.22441485394903),
(0.,1.,0.),(-0.789162691962956,0.,0.61418421146573),(0.,-1.,0.),(-0.789162691962956,
0.,0.61418421146573),(0.,1.,0.),(0.,1.,0.),(-0.488356314665581,0.,-0.872644320399928),
(-0.488356314665581,0.,-0.872644320399928),(0.,-1.,0.),(0.,-1.,0.),(0.110351705112982,
0.,-0.993892600424542),(0.,-1.,0.),(0.0211592829060868,0.,-0.999776117311721),
(-0.412507553308073,0.,-0.910954180221918),(0.,1.,0.),(0.110351705112982,
0.,-0.993892600424542),(0.,1.,0.),(-0.412507553308073,0.,-0.910954180221918),
(0.0211592829060868,0.,-0.999776117311721),(-0.894822735693991,0.,-0.446421629947656),
(0.,1.,0.),(-0.894822735693991,0.,-0.446421629947656),(0.,-1.,0.),(0.,-1.,
0.),(-0.761290595420194,0.,0.648410849172627),(-0.761290595420194,0.,0.648410849172627),
(0.,1.,0.),(0.,1.,0.),(-0.267974153289243,0.,-0.963426101560941),(-0.267974153289243,
0.,-0.963426101560941),(0.,-1.,0.),(0.,-1.,0.),(0.175408949351585,0.,-0.984495657932209),
(0.175408949351585,0.,-0.984495657932209),(0.,1.,0.),(0.,1.,0.),(-0.930454913620931,
0.,-0.366406405127783),(-0.930454913620931,0.,-0.366406405127783),(0.,-1.,
0.),(-0.0966742767727098,0.,-0.995316072516903),(0.,1.,0.),(-0.0966742767727098,
0.,-0.995316072516903),(0.,-1.,0.),(0.,-1.,0.),(0.101986078194829,0.,-0.994785826122607),
(-0.843867539532418,0.,0.536551559240584),(0.,-1.,0.),(0.,1.,0.),(0.101986078194829,
0.,-0.994785826122607),(-0.843867539532418,0.,0.536551559240584),(0.,1.,
0.),(-0.913394346370048,0.,0.407075875015006),(0.,-1.,0.),(-0.913394346370048,
0.,0.407075875015006),(0.,1.,0.),(-0.923835356987077,0.,0.382790064108984),
(0.,-1.,0.),(-0.923835356987077,0.,0.382790064108984),(0.,1.,0.),(0.,1.,
0.),(-0.959909578387654,0.,-0.280309830936477),(-0.959909578387654,0.,-0.280309830936477),
(0.,-1.,0.),(0.,-1.,0.),(-0.932813428052109,0.,0.360359693147934),(-0.932813428052109,
0.,0.360359693147934),(0.,1.,0.),(0.,1.,0.),(0.0156357397330959,0.,-0.9998777543495),
(0.0156357397330959,0.,-0.9998777543495),(0.,-1.,0.),(-0.98214240551561,
0.,-0.18813903180364),(0.,1.,0.),(-0.98214240551561,0.,-0.18813903180364),
(0.,-1.,0.),(0.,-1.,0.),(-0.981594339580532,0.,0.190977884854396),(-0.981594339580532,
0.,0.190977884854396),(0.,1.,0.),(0.,1.,0.),(-0.991937482281303,0.,-0.126728178576945),
(-0.991937482281303,0.,-0.126728178576945),(0.,-1.,0.),(0.,-1.,0.),(-0.989532695609478,
0.,0.144308850455681),(-0.906444978797764,0.,-0.422323928297131),(0.,1.,
0.),(0.,-1.,0.),(0.964367354803095,0.,-0.264566825188044),(-0.906444978797764,
0.,-0.422323928297131),(0.,-1.,0.),(-0.989532695609478,0.,0.144308850455681),
(0.,1.,0.),(0.,1.,0.),(0.964367354803095,0.,-0.264566825188044),(-0.942589495278908,
0.,0.333953654553823),(0.,-1.,0.),(-0.942589495278908,0.,0.333953654553823),
(0.,1.,0.),(0.,1.,0.),(-0.997004222870517,0.,-0.0773471368465406),(-0.997004222870517,
0.,-0.0773471368465406),(0.,-1.,0.),(0.,-1.,0.),(-0.998854618854006,0.,
0.0478482015755895),(-0.959548383601425,0.,-0.281543779060898),(0.,1.,0.),
(-0.959548383601425,0.,-0.281543779060898),(0.,-1.,0.),(-0.998854618854006,
0.,0.0478482015755895),(0.,1.,0.),(0.,1.,0.),(-0.760424294466837,0.,-0.649426587371208),
(-0.760424294466837,0.,-0.649426587371208),(0.,-1.,0.),(0.,-1.,0.),(-0.897046625541553,
0.,0.441935913458628),(-0.897046625541553,0.,0.441935913458628),(0.,1.,
0.),(-0.95667436435651,0.,0.291160025729955),(0.,-1.,0.),(-0.95667436435651,
0.,0.291160025729955),(0.,1.,0.),(-0.968068520245006,0.,0.250685739743298),
(0.,-1.,0.),(0.,-1.,0.),(0.971668495034369,0.,-0.236347912530752),(-0.968068520245006,
0.,0.250685739743298),(0.,1.,0.),(0.,1.,0.),(0.971668495034369,0.,-0.236347912530752),
(-0.632968486009543,0.,-0.774177560846856),(0.,1.,0.),(-0.632968486009543,
0.,-0.774177560846856),(0.,-1.,0.),(-0.999999981882426,0.,0.000190355319600215),
(0.,1.,0.),(-0.999999981882426,0.,0.000190355319600215),(0.,-1.,0.),(0.,
-1.,0.),(-0.998924085466424,0.,0.0463753326140967),(-0.998761803383265,
0.,-0.0497479658137778),(0.,1.,0.),(-0.998761803383265,0.,-0.0497479658137778),
(0.,-1.,0.),(0.,-1.,0.),(0.918622781708585,0.,0.395135653827873),(-0.998924085466424,
0.,0.0463753326140967),(0.,1.,0.),(0.,1.,0.),(0.918622781708585,0.,0.395135653827873),
(-0.995096183716626,0.,-0.0989120071205064),(0.,1.,0.),(-0.995096183716626,
0.,-0.0989120071205064),(0.,-1.,0.),(0.,-1.,0.),(-0.995169857356046,0.,
0.0981679938164513),(0.,-1.,0.),(0.918885066379379,0.,0.394525328445416),
(-0.863808832774816,0.,0.503819710233939),(0.,-1.,0.),(-0.995169857356046,
0.,0.0981679938164513),(0.,1.,0.),(0.,1.,0.),(0.918885066379379,0.,0.394525328445416),
(-0.863808832774816,0.,0.503819710233939),(0.,1.,0.),(-0.981023208384683,
0.,0.193890341715682),(0.,-1.,0.),(-0.981023208384683,0.,0.193890341715682),
(0.,1.,0.),(-0.987981292589931,0.,0.154573495439321),(0.,-1.,0.),(-0.987981292589931,
0.,0.154573495439321),(0.,1.,0.),(0.,1.,0.),(-0.992050440524178,0.,-0.125840865603284),
(-0.992050440524178,0.,-0.125840865603284),(0.,-1.,0.),(0.,-1.,0.),(0.918687986476501,
0.,0.394984029428726),(0.918687986476501,0.,0.394984029428726),(0.,1.,0.),
(0.,1.,0.),(-0.986196464982545,0.,-0.165579384151322),(-0.986196464982545,
0.,-0.165579384151322),(0.,-1.,0.),(0.,-1.,0.),(0.973055472738487,0.,-0.23057113213427),
(0.973055472738487,0.,-0.23057113213427),(0.,1.,0.),(-0.976762705327841,
0.,0.214323627910309),(0.,-1.,0.),(-0.976762705327841,0.,0.214323627910309),
(0.,1.,0.),(0.,1.,0.),(-0.9943982460098,0.,-0.105698289166072),(-0.9943982460098,
0.,-0.105698289166072),(0.,-1.,0.),(0.,-1.,0.),(-0.994713675503372,0.,0.102687408023435),
(-0.994713675503372,0.,0.102687408023435),(0.,1.,0.),(-0.960602534357289,
0.,0.277925837205457),(0.,-1.,0.),(-0.960602534357289,0.,0.277925837205457),
(0.,1.,0.),(0.,1.,0.),(-0.998859101104631,0.,-0.0477545405217914),(-0.998859101104631,
0.,-0.0477545405217914),(0.,-1.,0.),(0.,-1.,0.),(0.918905084926224,0.,0.394478700181301),
(0.918905084926224,0.,0.394478700181301),(0.,1.,0.),(-0.994894088897431,
0.,0.100924486012814),(0.,-1.,0.),(-0.994894088897431,0.,0.100924486012814),
(0.,1.,0.),(0.,1.,0.),(-0.544653612115185,0.,-0.838661101285782),(-0.544653612115185,
0.,-0.838661101285782),(0.,-1.,0.),(0.,-1.,0.),(-0.999758882016897,0.,0.0219585479557238),
(0.,-1.,0.),(0.918842414571306,0.,0.394624653544064),(-0.999758882016897,
0.,0.0219585479557238),(0.,1.,0.),(0.918842414571306,0.,0.394624653544064),
(0.,1.,0.),(-0.84592289048048,0.,0.533305225327063),(0.,-1.,0.),(-0.84592289048048,
0.,0.533305225327063),(0.,1.,0.),(0.,1.,0.),(-0.999314486380765,0.,-0.037021038742156),
(-0.999314486380765,0.,-0.037021038742156),(0.,-1.,0.),(0.,-1.,0.),(-0.936252014969139,
0.,0.351329139790919),(0.,-1.,0.),(0.918721031530888,0.,0.394907161523846),
(-0.936252014969139,0.,0.351329139790919),(0.,1.,0.),(0.918721031530888,
0.,0.394907161523846),(0.,1.,0.),(-0.900526388622409,0.,0.43480136084732),
(0.,-1.,0.),(-0.900526388622409,0.,0.43480136084732),(0.,1.,0.),(0.,1.,
0.),(-0.495027581781731,0.,-0.868877260190029),(-0.495027581781731,0.,-0.868877260190029),
(0.,-1.,0.),(0.,-1.,0.),(-0.85574211060996,0.,0.517402589990436),(-0.85574211060996,
0.,0.517402589990436),(0.,1.,0.),(-0.846667947843833,0.,0.532121589576961),
(0.,-1.,0.),(-0.846667947843833,0.,0.532121589576961),(0.,1.,0.),(-0.802079093560963,
0.,0.597217822634609),(0.,-1.,0.),(-0.802079093560963,0.,0.597217822634609),
(0.,1.,0.),(-0.810451603113471,0.,0.585805598309546),(0.,-1.,0.),(-0.810451603113471,
0.,0.585805598309546),(0.,1.,0.),(0.,1.,0.),(-0.488715336251878,0.,-0.872443304812533),
(-0.488715336251878,0.,-0.872443304812533),(0.,-1.,0.),(0.,-1.,0.),(-0.898040403832475,
0.,0.439912983536977),(-0.898040403832475,0.,0.439912983536977),(0.,1.,
0.),(-0.416573802786014,0.,0.909101901236819),(0.,-1.,0.),(0.,-1.,0.),(0.690683469824459,
0.,-0.723157205945737),(-0.416573802786014,0.,0.909101901236819),(0.,1.,
0.),(0.,1.,0.),(0.690683469824459,0.,-0.723157205945737),(-0.412507553308073,
0.,-0.910954180221918),(0.,1.,0.),(-0.730526939324951,0.,-0.68288387806458),
(-0.730526939324951,0.,-0.68288387806458),(-0.412507553308073,0.,-0.910954180221918),
(0.,-1.,0.),(0.,-1.,0.),(-0.840449565892486,0.,0.5418897740234),(0.,-1.,
0.),(0.918531218824254,0.,0.395348453955787),(-0.840449565892486,0.,0.5418897740234),
(0.,1.,0.),(0.918531218824254,0.,0.395348453955787),(0.,1.,0.),(-0.865375206499041,
0.,0.501124487504593),(0.,-1.,0.),(-0.865375206499041,0.,0.501124487504593),
(0.,1.,0.),(0.,1.,0.),(-0.819222278026241,0.,-0.573476119106539),(-0.819222278026241,
0.,-0.573476119106539),(0.,-1.,0.),(-0.527974340268923,0.,-0.84926032287962),
(0.,1.,0.),(-0.527974340268923,0.,-0.84926032287962),(0.,-1.,0.),(0.,-1.,
0.),(-0.941736573718889,0.,0.336351342676384),(-0.941736573718889,0.,0.336351342676384),
(0.,1.,0.),(-0.885779311914169,0.,0.464106680176941),(0.,-1.,0.),(-0.885779311914169,
0.,0.464106680176941),(0.,1.,0.),(-0.900133930633136,0.,0.435613253842145),
(0.,-1.,0.),(-0.900133930633136,0.,0.435613253842145),(0.,1.,0.),(0.,1.,
0.),(-0.307002779923007,0.,-0.951708617760471),(-0.861630637691972,0.,-0.507535855078757),
(-0.307002779923007,0.,-0.951708617760471),(-0.861630637691972,0.,-0.507535855078757),
(0.,-1.,0.),(-0.93145844088484,0.,-0.363847733130746),(0.,1.,0.),(-0.93145844088484,
0.,-0.363847733130746),(0.,-1.,0.),(0.,-1.,0.),(-0.97127828290648,0.,0.237946416561039),
(-0.97127828290648,0.,0.237946416561039),(0.,1.,0.),(0.,1.,0.),(-0.872263476993399,
0.,-0.489036222281525),(-0.872263476993399,0.,-0.489036222281525),(0.,-1.,
0.),(-0.598285498002377,0.,-0.801283010477601),(0.,1.,0.),(-0.598285498002377,
0.,-0.801283010477601),(0.,-1.,0.),(0.,-1.,0.),(-0.912033803395502,0.,0.410115034428068),
(-0.912033803395502,0.,0.410115034428068),(0.,1.,0.),(0.,1.,0.),(-0.88530076649406,
0.,-0.465018873643888),(-0.88530076649406,0.,-0.465018873643888),(0.,-1.,
0.),(-0.980085993195644,0.,-0.198573527796902),(0.,1.,0.),(-0.980085993195644,
0.,-0.198573527796902),(0.,-1.,0.),(0.,-1.,0.),(-0.924070557155648,0.,0.382221932125891),
(-0.924070557155648,0.,0.382221932125891),(0.,1.,0.),(-0.989865903868922,
0.,0.14200525468363),(0.,-1.,0.),(-0.989865903868922,0.,0.14200525468363),
(0.,1.,0.),(0.,1.,0.),(-0.685441263999696,0.,-0.728127923929922),(-0.685441263999696,
0.,-0.728127923929922),(0.,-1.,0.),(0.,-1.,0.),(0.918700343244812,0.,0.394955287750227),
(0.963852977532519,0.,-0.266434678113976),(0.963852977532519,0.,-0.266434678113976),
(0.,1.,0.),(0.918700343244812,0.,0.394955287750227),(-0.889111687646278,
0.,-0.457690295823263),(0.,1.,0.),(-0.889111687646278,0.,-0.457690295823263),
(0.,-1.,0.),(0.,-1.,0.),(0.968873896066143,0.,0.24755478892886),(0.968873896066143,
0.,0.24755478892886),(0.,1.,0.),(0.,1.,0.),(-0.997736219270576,0.,-0.0672490650913241),
(-0.997736219270576,0.,-0.0672490650913241),(0.,-1.,0.),(0.,-1.,0.),(-0.934776696077279,
0.,0.355235877229267),(0.,-1.,0.),(0.918622781708585,0.,0.395135653827873),
(-0.934776696077279,0.,0.355235877229267),(0.,1.,0.),(0.918622781708585,
0.,0.395135653827873),(0.,1.,0.),(-0.9990907694394,0.,0.0426337239868586),
(0.,-1.,0.),(-0.9990907694394,0.,0.0426337239868586),(0.,1.,0.),(-0.944237050489312,
0.,0.329266446033063),(0.,-1.,0.),(-0.944237050489312,0.,0.329266446033063),
(0.,1.,0.),(0.,1.,0.),(-0.779578429886104,0.,-0.626304615707338),(-0.779578429886104,
0.,-0.626304615707338),(0.,-1.,0.),(0.,-1.,0.),(0.918842414571306,0.,0.394624653544064),
(0.918842414571306,0.,0.394624653544064),(0.,1.,0.),(0.,1.,0.),(-0.890976486078001,
0.,-0.454049448029724),(-0.890976486078001,0.,-0.454049448029724),(0.,-1.,
0.),(0.,-1.,0.),(-0.953458309061669,0.,0.301524879373599),(-0.953458309061669,
0.,0.301524879373599),(0.,1.,0.),(0.,1.,0.),(-0.866148126476068,0.,-0.499787377793795),
(-0.866148126476068,0.,-0.499787377793795),(0.,-1.,0.),(0.,-1.,0.),(-0.963232653890278,
0.,0.268668670446503),(-0.963232653890278,0.,0.268668670446503),(0.,1.,
0.),(-0.973010480068649,0.,0.230760927534489),(0.,-1.,0.),(0.,-1.,0.),(0.918687986476501,
0.,0.394984029428726),(-0.973010480068649,0.,0.230760927534489),(0.,1.,
0.),(0.,1.,0.),(0.918687986476501,0.,0.394984029428726),(-0.934801862890949,
0.,-0.35516964557182),(0.,1.,0.),(-0.934801862890949,0.,-0.35516964557182),
(0.,-1.,0.),(0.,-1.,0.),(-0.982488872916467,0.,0.186321267157912),(-0.982488872916467,
0.,0.186321267157912),(0.,1.,0.),(0.,1.,0.),(-0.978457993102618,0.,-0.206446011667936),
(-0.978457993102618,0.,-0.206446011667936),(0.,-1.,0.),(0.,-1.,0.),(0.918905084926224,
0.,0.394478700181301),(0.918905084926224,0.,0.394478700181301),(0.,1.,0.),
(0.,1.,0.),(-0.892741884045276,0.,-0.450568450372738),(-0.892741884045276,
0.,-0.450568450372738),(0.,-1.,0.),(0.,-1.,0.),(0.962438898374952,0.,0.271498373650393),
(0.962438898374952,0.,0.271498373650393),(0.,1.,0.),(-0.99241320319407,
0.,0.122947281897915),(0.,-1.,0.),(-0.99241320319407,0.,0.122947281897915),
(0.,1.,0.),(0.,1.,0.),(-0.997506967005465,0.,-0.0705680577567397),(-0.997506967005465,
0.,-0.0705680577567397),(0.,-1.,0.),(0.,-1.,0.),(-0.999257557372324,0.,
0.0385270558737284),(-0.999257557372324,0.,0.0385270558737284),(0.,1.,0.),
(0.,1.,0.),(-0.894052954335843,0.,-0.447961287215034),(-0.894052954335843,
0.,-0.447961287215034),(0.,-1.,0.),(0.,-1.,0.),(0.955498813880627,0.,0.294994943469739),
(0.955498813880627,0.,0.294994943469739),(0.,1.,0.),(0.,1.,0.),(-0.894879682516788,
0.,-0.446307465564551),(-0.894879682516788,0.,-0.446307465564551),(0.,-1.,
0.),(0.,-1.,0.),(0.948096472881477,0.,0.317982826752804),(0.948096472881477,
0.,0.317982826752804),(0.,1.,0.),(0.,1.,0.),(-0.895578122186475,0.,-0.444904289775843),
(-0.895578122186475,0.,-0.444904289775843),(0.,-1.,0.),(-0.896438216956277,
0.,-0.443168729921517),(0.,1.,0.),(-0.896438216956277,0.,-0.443168729921517),
(0.,-1.,0.),(0.,-1.,0.),(0.940364044025888,0.,0.34016975865482),(0.940364044025888,
0.,0.34016975865482),(0.,1.,0.),(-0.395489921902686,0.,0.91847031616346),
(0.,-1.,0.),(0.,-1.,0.),(0.681555790355931,0.,-0.731766154336413),(-0.395489921902686,
0.,0.91847031616346),(0.,1.,0.),(0.,1.,0.),(0.681555790355931,0.,-0.731766154336413),
(-0.897114186926687,0.,-0.441798750128232),(0.,1.,0.),(-0.897114186926687,
0.,-0.441798750128232),(0.,-1.,0.),(0.,-1.,0.),(0.932716371170621,0.,0.360610830328637),
(0.932716371170621,0.,0.360610830328637),(0.,1.,0.),(0.,1.,0.),(-0.897130104852917,
0.,-0.441766425802815),(-0.897130104852917,0.,-0.441766425802815),(0.,-1.,
0.),(0.,-1.,0.),(0.925555910768853,0.,0.378610956049661),(0.925555910768853,
0.,0.378610956049661),(0.,1.,0.),(0.,1.,0.),(-0.898365187006598,0.,-0.439249349202251),
(-0.898365187006598,0.,-0.439249349202251),(0.,-1.,0.),(0.,-1.,0.),(0.918778529334528,
0.,0.394773370472074),(0.918778529334528,0.,0.394773370472074),(0.,1.,0.),
(0.,1.,0.),(-0.901340465203387,0.,-0.433111262595355),(-0.901340465203387,
0.,-0.433111262595355),(0.,-1.,0.),(0.,-1.,0.),(0.912587670271365,0.,0.408881087932278),
(0.912587670271365,0.,0.408881087932278),(0.,1.,0.),(0.,1.,0.),(-0.905831897284225,
0.,-0.423637314058218),(-0.905831897284225,0.,-0.423637314058218),(0.,-1.,
0.),(0.,-1.,0.),(0.907300424817615,0.,0.420482983158386),(0.907300424817615,
0.,0.420482983158386),(0.,1.,0.),(-0.373611058161856,0.,0.927585455480614),
(0.,-1.,0.),(0.,-1.,0.),(0.664826062012949,0.,-0.74699819763394),(0.,-1.,
0.),(0.672949840333088,0.,-0.739688118328036),(-0.373611058161856,0.,0.927585455480614),
(0.,1.,0.),(0.,1.,0.),(0.664826062012949,0.,-0.74699819763394),(0.,1.,0.),
(0.672949840333088,0.,-0.739688118328036),(-0.911573301526727,0.,-0.411137587607438),
(0.,1.,0.),(-0.911573301526727,0.,-0.411137587607438),(0.,-1.,0.),(0.,-1.,
0.),(0.905595367557513,0.,0.424142700347858),(0.905595367557513,0.,0.424142700347858),
(0.,1.,0.),(0.,1.,0.),(-0.917967066860924,0.,-0.39665660735547),(-0.917967066860924,
0.,-0.39665660735547),(0.,-1.,0.),(-0.925914681000554,0.,-0.377732714373064),
(0.,1.,0.),(-0.925914681000554,0.,-0.377732714373064),(0.,-1.,0.),(0.,-1.,
0.),(0.910710309634642,0.,0.413045677770842),(0.910710309634642,0.,0.413045677770842),
(0.,1.,0.),(0.,1.,0.),(-0.93507707382677,0.,-0.354444446992144),(-0.93507707382677,
0.,-0.354444446992144),(0.,-1.,0.),(-0.944604892887455,0.,-0.328209683484629),
(0.,1.,0.),(-0.944604892887455,0.,-0.328209683484629),(0.,-1.,0.),(0.,-1.,
0.),(0.920269457943517,0.,0.391285221770955),(0.920269457943517,0.,0.391285221770955),
(0.,1.,0.),(0.,1.,0.),(-0.954773800164295,0.,-0.297333130545237),(-0.954773800164295,
0.,-0.297333130545237),(0.,-1.,0.),(0.,-1.,0.),(-0.35100952196287,0.,0.936371889524348),
(0.,-1.,0.),(0.65620602726873,0.,-0.754581771431163),(-0.35100952196287,
0.,0.936371889524348),(0.,1.,0.),(0.65620602726873,0.,-0.754581771431163),
(0.,1.,0.),(0.,1.,0.),(-0.964671723746121,0.,-0.263454864074832),(-0.964671723746121,
0.,-0.263454864074832),(0.,-1.,0.),(-0.973956593479069,0.,-0.226734545269678),
(0.,1.,0.),(-0.973956593479069,0.,-0.226734545269678),(0.,-1.,0.),(0.,-1.,
0.),(0.93126618237175,0.,0.364339536107112),(0.93126618237175,0.,0.364339536107112),
(0.,1.,0.),(0.,1.,0.),(-0.982092837214527,0.,-0.188397609039822),(-0.982092837214527,
0.,-0.188397609039822),(0.,-1.,0.),(-0.985800000220032,0.,-0.167923671845826),
(0.,1.,0.),(-0.985800000220032,0.,-0.167923671845826),(0.,-1.,0.),(-0.983248327212294,
0.,-0.182271026315827),(0.,1.,0.),(-0.983248327212294,0.,-0.182271026315827),
(0.,-1.,0.),(0.,-1.,0.),(0.942737432783908,0.,0.333535804416866),(0.942737432783908,
0.,0.333535804416866),(0.,1.,0.),(0.,1.,0.),(-0.976887353453935,0.,-0.213754762898436),
(-0.976887353453935,0.,-0.213754762898436),(0.,-1.,0.),(-0.969720245101817,
0.,-0.244218439597978),(0.,1.,0.),(-0.969720245101817,0.,-0.244218439597978),
(0.,-1.,0.),(0.,-1.,0.),(0.953735651537473,0.,0.300646481746238),(0.953735651537473,
0.,0.300646481746238),(0.,1.,0.),(0.,1.,0.),(-0.961628990041395,0.,-0.274353213052019),
(-0.961628990041395,0.,-0.274353213052019),(0.,-1.,0.),(-0.952893545265193,
0.,-0.303304947852703),(0.,1.,0.),(-0.952893545265193,0.,-0.303304947852703),
(0.,-1.,0.),(0.,-1.,0.),(0.963727949211603,0.,0.266886567493377),(0.963727949211603,
0.,0.266886567493377),(0.,1.,0.),(0.,1.,0.),(-0.943546937297619,0.,-0.331238852063406),
(-0.943546937297619,0.,-0.331238852063406),(0.,-1.,0.),(-0.933179783971366,
0.,-0.359409920268147),(0.,1.,0.),(-0.933179783971366,0.,-0.359409920268147),
(0.,-1.,0.),(0.,-1.,0.),(0.972135080932887,0.,0.234421382172382),(0.972135080932887,
0.,0.234421382172382),(0.,1.,0.),(-0.327787118375162,0.,0.944751610227422),
(0.,-1.,0.),(0.,-1.,0.),(0.647778269127118,0.,-0.761828927021464),(-0.327787118375162,
0.,0.944751610227422),(0.,1.,0.),(0.,1.,0.),(0.647778269127118,0.,-0.761828927021464),
(-0.922161959266138,0.,-0.386803982505917),(0.,1.,0.),(-0.922161959266138,
0.,-0.386803982505917),(0.,-1.,0.),(-0.910512827760993,0.,-0.413480822388028),
(0.,1.,0.),(-0.910512827760993,0.,-0.413480822388028),(0.,-1.,0.),(0.,-1.,
0.),(0.978717620235731,0.,0.205211646453381),(0.978717620235731,0.,0.205211646453381),
(0.,1.,0.),(0.,1.,0.),(-0.898375193404041,0.,-0.439228883244546),(-0.898375193404041,
0.,-0.439228883244546),(0.,-1.,0.),(-0.885836178758199,0.,-0.463998129740921),
(0.,1.,0.),(-0.885836178758199,0.,-0.463998129740921),(0.,-1.,0.),(0.,-1.,
0.),(0.983705371899884,0.,0.179788045473859),(0.983705371899884,0.,0.179788045473859),
(0.,1.,0.),(0.,1.,0.),(-0.877517357238814,0.,-0.479544875631684),(-0.877517357238814,
0.,-0.479544875631684),(0.,-1.,0.),(0.,-1.,0.),(-0.304184253770441,0.,0.952613216241576),
(0.,-1.,0.),(0.626485466588377,0.,-0.779433101782022),(0.,-1.,0.),(0.638080642272887,
0.,-0.769969540927834),(-0.304184253770441,0.,0.952613216241576),(0.,1.,
0.),(0.,1.,0.),(0.626485466588377,0.,-0.779433101782022),(0.,1.,0.),(0.638080642272887,
0.,-0.769969540927834),(-0.879653601793305,0.,-0.475614908147406),(0.,1.,
0.),(-0.879653601793305,0.,-0.475614908147406),(0.,-1.,0.),(-0.88649333237031,
0.,-0.462741365843797),(0.,1.,0.),(-0.88649333237031,0.,-0.462741365843797),
(0.,-1.,0.),(0.,-1.,0.),(0.987343583899056,0.,0.158595861652716),(0.987343583899056,
0.,0.158595861652716),(0.,1.,0.),(0.,1.,0.),(-0.892838064646921,0.,-0.450377830623957),
(-0.892838064646921,0.,-0.450377830623957),(0.,-1.,0.),(-0.899049961851976,
0.,-0.437846052961495),(0.,1.,0.),(-0.899049961851976,0.,-0.437846052961495),
(0.,-1.,0.),(0.,-1.,0.),(0.989820722055311,0.,0.142319844680572),(0.989820722055311,
0.,0.142319844680572),(0.,1.,0.),(-0.28044514205604,0.,0.959870054901791),
(0.,-1.,0.),(0.,-1.,0.),(0.613257530618732,0.,-0.789883030036356),(-0.28044514205604,
0.,0.959870054901791),(0.,1.,0.),(0.,1.,0.),(0.613257530618732,0.,-0.789883030036356),
(-0.904878036614594,0.,-0.425670927892095),(0.,1.,0.),(-0.904878036614594,
0.,-0.425670927892095),(0.,-1.,0.),(-0.999994504048747,0.,-0.0033153992672083),
(0.,1.,0.),(-0.999994504048747,0.,-0.0033153992672083),(0.,-1.,0.),(0.,
-1.,0.),(-0.999350463070743,0.,0.036036813958661),(-0.998890260056782,0.,
-0.0470982840843982),(0.,1.,0.),(0.,-1.,0.),(0.999183998498779,0.,-0.0403898148546371),
(-0.998890260056782,0.,-0.0470982840843982),(0.,-1.,0.),(0.,-1.,0.),(0.997704119491204,
0.,-0.0677236291871695),(-0.999350463070743,0.,0.036036813958661),(0.,1.,
0.),(0.,1.,0.),(0.999183998498779,0.,-0.0403898148546371),(0.,1.,0.),(0.997704119491204,
0.,-0.0677236291871695),(-0.997169111608397,0.,0.0751915078590662),(0.,
-1.,0.),(0.,-1.,0.),(0.999910220615752,0.,-0.0133996532850104),(-0.997169111608397,
0.,0.0751915078590662),(0.,1.,0.),(0.,1.,0.),(0.999910220615752,0.,-0.0133996532850104),
(-0.995497068754394,0.,-0.0947923314483257),(0.,1.,0.),(-0.995497068754394,
0.,-0.0947923314483257),(0.,-1.,0.),(0.,-1.,0.),(0.995352491126963,0.,-0.0962985898512977),
(0.995352491126963,0.,-0.0962985898512977),(0.,1.,0.),(-0.993094201094031,
0.,0.117319681867147),(0.,-1.,0.),(0.,-1.,0.),(0.999894019766141,0.,0.0145584764281346),
(-0.993094201094031,0.,0.117319681867147),(0.,1.,0.),(0.,1.,0.),(0.999894019766141,
0.,0.0145584764281346),(-0.989440222213256,0.,-0.144941528440201),(0.,1.,
0.),(-0.989440222213256,0.,-0.144941528440201),(0.,-1.,0.),(0.,-1.,0.),
(0.991707442592029,0.,-0.128515945732728),(0.991707442592029,0.,-0.128515945732728),
(0.,1.,0.),(-0.98776159701622,0.,0.155971239207637),(0.,-1.,0.),(0.,-1.,
0.),(0.998979917689914,0.,0.0451566612168533),(-0.98776159701622,0.,0.155971239207637),
(0.,1.,0.),(0.,1.,0.),(0.998979917689914,0.,0.0451566612168533),(-0.980470304701162,
0.,-0.196667184856067),(0.,1.,0.),(-0.980470304701162,0.,-0.196667184856067),
(0.,-1.,0.),(0.,-1.,0.),(0.985861429895194,0.,-0.167562648120051),(0.985861429895194,
0.,-0.167562648120051),(0.,1.,0.),(-0.982479679697143,0.,0.186369737302492),
(0.,-1.,0.),(0.,-1.,0.),(0.99670555869464,0.,0.0811050508119282),(-0.982479679697143,
0.,0.186369737302492),(0.,1.,0.),(0.,1.,0.),(0.99670555869464,0.,0.0811050508119282),
(-0.969086365741391,0.,-0.246721737457693),(0.,1.,0.),(-0.969086365741391,
0.,-0.246721737457693),(0.,-1.,0.),(0.,-1.,0.),(0.976408220633074,0.,-0.21593282909311),
(0.976408220633074,0.,-0.21593282909311),(0.,1.,0.),(0.,1.,0.),(-0.910634714549969,
0.,-0.413212314260472),(-0.910634714549969,0.,-0.413212314260472),(0.,-1.,
0.),(0.,-1.,0.),(0.991029524847562,0.,0.13364311011203),(0.991029524847562,
0.,0.13364311011203),(0.,1.,0.),(-0.976909751268147,0.,0.21365237624985),
(0.,-1.,0.),(0.,-1.,0.),(0.992286542819603,0.,0.123965386052396),(-0.976909751268147,
0.,0.21365237624985),(0.,1.,0.),(0.,1.,0.),(0.992286542819603,0.,0.123965386052396),
(-0.955842521409545,0.,-0.293879353247968),(0.,1.,0.),(-0.955842521409545,
0.,-0.293879353247968),(0.,-1.,0.),(0.,-1.,0.),(0.961938222737509,0.,-0.273267004295438),
(0.961938222737509,0.,-0.273267004295438),(0.,1.,0.),(-0.970893644598639,
0.,0.239511024543697),(0.,-1.,0.),(0.,-1.,0.),(0.98107635046391,0.,0.193621265775264),
(-0.970893644598639,0.,0.239511024543697),(0.,1.,0.),(0.,1.,0.),(0.98107635046391,
0.,0.193621265775264),(-0.941269069678945,0.,-0.337657427677423),(0.,1.,
0.),(-0.941269069678945,0.,-0.337657427677423),(0.,-1.,0.),(0.,-1.,0.),
(0.942881670596303,0.,-0.333127836203348),(0.942881670596303,0.,-0.333127836203348),
(0.,1.,0.),(-0.964397942271925,0.,0.264455306132582),(0.,-1.,0.),(0.,-1.,
0.),(0.956557910431806,0.,0.291542387982154),(-0.964397942271925,0.,0.264455306132582),
(0.,1.,0.),(0.,1.,0.),(0.956557910431806,0.,0.291542387982154),(-0.916552140984924,
0.,-0.399915207082641),(0.,1.,0.),(-0.916552140984924,0.,-0.399915207082641),
(0.,-1.,0.),(0.,-1.,0.),(0.989112090583944,0.,0.147164099768454),(0.,-1.,
0.),(0.990703110950535,0.,0.136041706667228),(0.,1.,0.),(0.989112090583944,
0.,0.147164099768454),(0.,1.,0.),(0.990703110950535,0.,0.136041706667228),
(-0.955986743008189,0.,0.293409862125655),(0.,-1.,0.),(0.,-1.,0.),(0.923345293823493,
0.,0.383970660824506),(-0.955986743008189,0.,0.293409862125655),(0.,1.,
0.),(0.,1.,0.),(0.923345293823493,0.,0.383970660824506),(-0.926566156366596,
0.,-0.376131835765111),(0.,1.,0.),(-0.926566156366596,0.,-0.376131835765111),
(0.,-1.,0.),(0.,-1.,0.),(-0.944651038058021,0.,0.328076845107823),(-0.944651038058021,
0.,0.328076845107823),(0.,1.,0.),(-0.256532265806546,0.,0.966535667526119),
(0.,-1.,0.),(0.,-1.,0.),(0.59599688038271,0.,-0.802986748691457),(-0.256532265806546,
0.,0.966535667526119),(0.,1.,0.),(0.,1.,0.),(0.59599688038271,0.,-0.802986748691457),
(-0.912508157985221,0.,-0.409058506341599),(0.,1.,0.),(-0.912508157985221,
0.,-0.409058506341599),(0.,-1.,0.),(0.,-1.,0.),(0.919882888364599,0.,-0.392193156102962),
(0.919882888364599,0.,-0.392193156102962),(0.,1.,0.),(0.,1.,0.),(-0.92264324146648,
0.,-0.385654572092989),(-0.92264324146648,0.,-0.385654572092989),(0.,-1.,
0.),(0.,-1.,0.),(0.986761962089631,0.,0.162175306915145),(0.986761962089631,
0.,0.162175306915145),(0.,1.,0.),(-0.927685320373697,0.,0.373363022222543),
(0.,-1.,0.),(0.,-1.,0.),(0.888103731751478,0.,0.459643080714916),(-0.927685320373697,
0.,0.373363022222543),(0.,1.,0.),(0.,1.,0.),(0.888103731751478,0.,0.459643080714916),
(-0.896192446676982,0.,0.44366552550218),(0.,-1.,0.),(-0.896192446676982,
0.,0.44366552550218),(0.,1.,0.),(0.,1.,0.),(-0.88509597205165,0.,-0.465408551981959),
(-0.88509597205165,0.,-0.465408551981959),(0.,-1.,0.),(0.,-1.,0.),(0.892174135090098,
0.,-0.451691612359845),(0.892174135090098,0.,-0.451691612359845),(0.,1.,
0.),(0.,1.,0.),(-0.929135735289375,0.,-0.369738807008776),(-0.929135735289375,
0.,-0.369738807008776),(0.,-1.,0.),(0.,-1.,0.),(0.983139033956608,0.,0.182859618043097),
(0.983139033956608,0.,0.182859618043097),(0.,1.,0.),(-0.822888442780135,
0.,0.568202966147559),(0.,-1.,0.),(0.,-1.,0.),(0.852387853884374,0.,0.522910075013276),
(-0.822888442780135,0.,0.568202966147559),(0.,1.,0.),(0.,1.,0.),(0.852387853884374,
0.,0.522910075013276),(-0.72277329967707,0.,0.691085202615365),(0.,-1.,
0.),(-0.72277329967707,0.,0.691085202615365),(0.,1.,0.),(0.,1.,0.),(-0.822432699071165,
0.,-0.568862422294282),(-0.822432699071165,0.,-0.568862422294282),(0.,-1.,
0.),(0.,-1.,0.),(0.821699302848944,0.,-0.569921271490686),(0.,-1.,0.),(0.859266648048373,
0.,-0.511527934282884),(0.,1.,0.),(0.821699302848944,0.,-0.569921271490686),
(0.,1.,0.),(0.859266648048373,0.,-0.511527934282884),(-0.936513044232,0.,
-0.350632739462978),(0.,1.,0.),(-0.936513044232,0.,-0.350632739462978),
(0.,-1.,0.),(0.,-1.,0.),(0.969035497639298,0.,0.246921453735713),(0.,-1.,
0.),(0.977457763578086,0.,0.211131050347707),(0.,1.,0.),(0.969035497639298,
0.,0.246921453735713),(0.,1.,0.),(0.977457763578086,0.,0.211131050347707),
(-0.706829864565658,0.,0.707383589404005),(0.,-1.,0.),(-0.706829864565658,
0.,0.707383589404005),(0.,1.,0.),(-0.750088070450412,0.,0.661337951858184),
(0.,-1.,0.),(-0.750088070450412,0.,0.661337951858184),(0.,1.,0.),(-0.774167480456033,
0.,0.632980815036568),(0.,-1.,0.),(-0.774167480456033,0.,0.632980815036568),
(0.,1.,0.),(-0.788920191216413,0.,0.614495672800922),(0.,-1.,0.),(-0.788920191216413,
0.,0.614495672800922),(0.,1.,0.),(-0.801126896431777,0.,0.598494524464166),
(0.,-1.,0.),(0.,-1.,0.),(0.81595470557133,0.,0.57811583480822),(-0.801126896431777,
0.,0.598494524464166),(0.,1.,0.),(0.,1.,0.),(0.81595470557133,0.,0.57811583480822),
(-0.808077161419073,0.,0.589076651373056),(0.,-1.,0.),(-0.808077161419073,
0.,0.589076651373056),(0.,1.,0.),(0.,1.,0.),(-0.944789821020303,0.,-0.327676966075468),
(-0.944789821020303,0.,-0.327676966075468),(0.,-1.,0.),(0.,-1.,0.),(0.941085947820322,
0.,0.338167471550896),(0.,-1.,0.),(0.957105592559139,0.,0.289739339220651),
(0.,1.,0.),(0.941085947820322,0.,0.338167471550896),(0.,1.,0.),(0.957105592559139,
0.,0.289739339220651),(-0.814011456241578,0.,0.580848817772289),(0.,-1.,
0.),(-0.814011456241578,0.,0.580848817772289),(0.,1.,0.),(-0.822130964783212,
0.,0.569298407467143),(0.,-1.,0.),(-0.822130964783212,0.,0.569298407467143),
(0.,1.,0.),(0.,1.,0.),(-0.999823711782021,0.,-0.018776191265056),(-0.999823711782021,
0.,-0.018776191265056),(0.,-1.,0.),(0.,-1.,0.),(-0.999797230139878,0.,0.0201369959186436),
(0.,-1.,0.),(0.860450137591678,0.,-0.509534651145987),(-0.998478454304691,
0.,-0.0551432343022649),(0.,1.,0.),(-0.998478454304691,0.,-0.0551432343022649),
(0.,-1.,0.),(0.,-1.,0.),(0.9062845874195,0.,-0.422668009915427),(0.,-1.,
0.),(0.884711807228645,0.,-0.466138410936307),(-0.999797230139878,0.,0.0201369959186436),
(0.,1.,0.),(-0.997964404124676,0.,0.0637734121721611),(0.,-1.,0.),(0.,-1.,
0.),(0.707526736254253,0.,-0.706686576556683),(0.,-1.,0.),(0.83126497343446,
0.,-0.555876374692257),(0.,-1.,0.),(0.78889899338006,0.,-0.614522886672195),
(0.,1.,0.),(0.860450137591678,0.,-0.509534651145987),(0.,1.,0.),(0.9062845874195,
0.,-0.422668009915427),(0.,1.,0.),(0.884711807228645,0.,-0.466138410936307),
(-0.997964404124676,0.,0.0637734121721611),(0.,1.,0.),(0.,1.,0.),(0.707526736254253,
0.,-0.706686576556683),(0.,1.,0.),(0.83126497343446,0.,-0.555876374692257),
(0.,1.,0.),(0.78889899338006,0.,-0.614522886672195),(-0.995521870577356,
0.,-0.094531503754898),(0.,1.,0.),(-0.995521870577356,0.,-0.094531503754898),
(0.,-1.,0.),(0.,-1.,0.),(0.987205752822234,0.,-0.159451565043078),(0.,-1.,
0.),(0.955841964940696,0.,-0.293881163156655),(0.,-1.,0.),(0.928791133316859,
0.,-0.370603603155697),(0.,1.,0.),(0.987205752822234,0.,-0.159451565043078),
(0.,1.,0.),(0.955841964940696,0.,-0.293881163156655),(0.,1.,0.),(0.928791133316859,
0.,-0.370603603155697),(-0.993006026381539,0.,0.118063675912393),(0.,-1.,
0.),(0.,-1.,0.),(0.54380297055609,0.,-0.839212922454351),(0.,-1.,0.),(0.649119270696593,
0.,-0.760686645347691),(0.347806822958428,0.,-0.937566218409967),(0.,-1.,
0.),(0.244951693823344,0.,-0.969535284398188),(0.,-1.,0.),(0.211275914898983,
0.,-0.977426461573247),(0.,-1.,0.),(0.331911513188343,0.,-0.943310525443782),
(0.,-1.,0.),(0.404886593009868,0.,-0.914366910381638),(0.,-1.,0.),(0.44608224157791,
0.,-0.89499197412537),(0.,-1.,0.),(0.476813991826623,0.,-0.87900421910157),
(0.,-1.,0.),(0.503663670589932,0.,-0.86389982459072),(0.,-1.,0.),(0.524902415584178,
0.,-0.851162413475768),(-0.993006026381539,0.,0.118063675912393),(0.,1.,
0.),(0.,1.,0.),(0.54380297055609,0.,-0.839212922454351),(0.,1.,0.),(0.347806822958428,
0.,-0.937566218409967),(0.649119270696593,0.,-0.760686645347691),(0.,1.,
0.),(0.244951693823344,0.,-0.969535284398188),(0.,1.,0.),(0.211275914898983,
0.,-0.977426461573247),(0.,1.,0.),(0.331911513188343,0.,-0.943310525443782),
(0.,1.,0.),(0.404886593009868,0.,-0.914366910381638),(0.,1.,0.),(0.44608224157791,
0.,-0.89499197412537),(0.,1.,0.),(0.476813991826623,0.,-0.87900421910157),
(0.,1.,0.),(0.503663670589932,0.,-0.86389982459072),(0.,1.,0.),(0.524902415584178,
0.,-0.851162413475768),(-0.828229430409272,0.,0.560389159962907),(0.,-1.,
0.),(-0.828229430409272,0.,0.560389159962907),(0.,1.,0.),(0.,1.,0.),(-0.990116492295033,
0.,-0.140247394576082),(-0.990116492295033,0.,-0.140247394576082),(0.,-1.,
0.),(0.,-1.,0.),(0.0875251533655643,0.,0.996162309831252),(0.,-1.,0.),(0.935286257456321,
0.,0.353892097415791),(0.997458699830741,0.,-0.0712470499878232),(0.,-1.,
0.),(0.631672951162147,0.,0.775234985517362),(0.935286257456321,0.,0.353892097415791),
(0.,-1.,0.),(0.51447421346408,0.,0.857505850522616),(0.,-1.,0.),(0.295579753394335,
0.,0.955318067129134),(0.,1.,0.),(0.0875251533655643,0.,0.996162309831252),
(0.,1.,0.),(0.997458699830741,0.,-0.0712470499878232),(0.935286257456321,
0.,0.353892097415791),(0.935286257456321,0.,0.353892097415791),(0.,1.,0.),
(0.631672951162147,0.,0.775234985517362),(0.,1.,0.),(0.51447421346408,0.,
0.857505850522616),(0.,1.,0.),(0.295579753394335,0.,0.955318067129134),
(-0.981899683043532,0.,0.189401722376043),(0.,-1.,0.),(0.,-1.,0.),(0.562367107001836,
0.,-0.82688768098357),(0.,-1.,0.),(0.560219819006751,0.,-0.828343983132638),
(0.,-1.,0.),(0.575730974932263,0.,-0.817639189681821),(0.,-1.,0.),(0.593593540131809,
0.,-0.804765002416101),(0.,-1.,0.),(0.591749368994547,0.,-0.806122003355916),
(-0.981899683043532,0.,0.189401722376043),(0.,1.,0.),(0.,1.,0.),(0.562367107001836,
0.,-0.82688768098357),(0.,1.,0.),(0.560219819006751,0.,-0.828343983132638),
(0.,1.,0.),(0.575730974932263,0.,-0.817639189681821),(0.,1.,0.),(0.593593540131809,
0.,-0.804765002416101),(0.,1.,0.),(0.591749368994547,0.,-0.806122003355916),
(-0.832493495715891,0.,0.554034818031083),(0.,-1.,0.),(-0.832493495715891,
0.,0.554034818031083),(0.,1.,0.),(0.,1.,0.),(-0.951876943445523,0.,-0.306480479862599),
(-0.951876943445523,0.,-0.306480479862599),(0.,-1.,0.),(0.,-1.,0.),(0.89869795865229,
0.,0.438568100885378),(0.,-1.,0.),(0.920917470602688,0.,0.389757632816534),
(0.,1.,0.),(0.89869795865229,0.,0.438568100885378),(0.,1.,0.),(0.920917470602688,
0.,0.389757632816534),(-0.98018645459628,0.,-0.198077041137973),(0.,1.,
0.),(-0.98018645459628,0.,-0.198077041137973),(0.,-1.,0.),(0.,-1.,0.),(0.692954864037633,
0.,0.720980968130633),(0.692954864037633,0.,0.720980968130633),(0.,1.,0.),
(-0.96650091719783,0.,0.256663158742648),(0.,-1.,0.),(0.,-1.,0.),(0.380228342602217,
0.,-0.924892646463346),(0.,-1.,0.),(0.521098411234762,0.,-0.85349659976394),
(0.,-1.,0.),(0.475734714969284,0.,-0.879588813578876),(0.,-1.,0.),(0.427513418100291,
0.,-0.904009002911036),(-0.96650091719783,0.,0.256663158742648),(0.,1.,
0.),(0.,1.,0.),(0.380228342602217,0.,-0.924892646463346),(0.,1.,0.),(0.521098411234762,
0.,-0.85349659976394),(0.,1.,0.),(0.475734714969284,0.,-0.879588813578876),
(0.,1.,0.),(0.427513418100291,0.,-0.904009002911036),(-0.836487994068022,
0.,0.547985251425671),(0.,-1.,0.),(-0.836487994068022,0.,0.547985251425671),
(0.,1.,0.),(0.,1.,0.),(-0.959188780314695,0.,-0.282766482664421),(-0.959188780314695,
0.,-0.282766482664421),(0.,-1.,0.),(0.,-1.,0.),(0.737542829267663,0.,0.675300359096492),
(0.737542829267663,0.,0.675300359096492),(0.,1.,0.),(-0.96046796051489,
0.,0.278390547297082),(0.,-1.,0.),(0.,-1.,0.),(0.135325324858307,0.,-0.990801219444139),
(0.,-1.,0.),(0.331330542875078,0.,-0.943514743582794),(0.,-1.,0.),(0.282846405053086,
0.,-0.959165215772833),(0.,-1.,0.),(0.237777678506704,0.,-0.971319605281373),
(0.,-1.,0.),(0.192305579273181,0.,-0.981335092708095),(0.,-1.,0.),(0.146984216970484,
0.,-0.989138837555969),(0.,-1.,0.),(0.104576399871196,0.,-0.994516855860161),
(0.,-1.,0.),(0.0937508754374581,0.,-0.99559568769391),(-0.96046796051489,
0.,0.278390547297082),(0.,1.,0.),(0.,1.,0.),(0.135325324858307,0.,-0.990801219444139),
(0.,1.,0.),(0.331330542875078,0.,-0.943514743582794),(0.,1.,0.),(0.282846405053086,
0.,-0.959165215772833),(0.,1.,0.),(0.237777678506704,0.,-0.971319605281373),
(0.,1.,0.),(0.192305579273181,0.,-0.981335092708095),(0.,1.,0.),(0.146984216970484,
0.,-0.989138837555969),(0.,1.,0.),(0.104576399871196,0.,-0.994516855860161),
(0.,1.,0.),(0.0937508754374581,0.,-0.99559568769391),(-0.845289115148585,
0.,0.534309191209848),(0.,-1.,0.),(-0.845289115148585,0.,0.534309191209848),
(0.,1.,0.),(0.,1.,0.),(-0.907836156664274,0.,-0.419325067999803),(-0.907836156664274,
0.,-0.419325067999803),(0.,-1.,0.),(-0.957098020826181,0.,-0.289764349999455),
(0.,1.,0.),(-0.957098020826181,0.,-0.289764349999455),(0.,-1.,0.),(0.,-1.,
0.),(0.86486340256886,0.,0.502007265781098),(0.,-1.,0.),(0.877129979954619,
0.,0.480253056486693),(0.,1.,0.),(0.86486340256886,0.,0.502007265781098),
(0.,1.,0.),(0.877129979954619,0.,0.480253056486693),(-0.860227741422836,
0.,0.509910024304844),(0.,-1.,0.),(-0.860227741422836,0.,0.509910024304844),
(0.,1.,0.),(-0.232693759185251,0.,0.972550057547804),(0.,-1.,0.),(0.,-1.,
0.),(0.585743289568268,0.,-0.810496637084784),(0.,-1.,0.),(0.582556900612144,
0.,-0.81278992215035),(-0.232693759185251,0.,0.972550057547804),(0.,1.,
0.),(0.,1.,0.),(0.585743289568268,0.,-0.810496637084784),(0.,1.,0.),(0.582556900612144,
0.,-0.81278992215035),(-0.83047535828307,0.,-0.557055364649337),(0.,1.,
0.),(-0.83047535828307,0.,-0.557055364649337),(0.,-1.,0.),(0.,-1.,0.),(-0.965295521793647,
0.,0.261160019155175),(0.,-1.,0.),(0.560278464147826,0.,-0.82830431763462),
(0.,-1.,0.),(0.200795323856476,0.,-0.979633216013714),(0.,-1.,0.),(0.26563202170787,
0.,-0.964074493513541),(0.,-1.,0.),(0.33118368995404,0.,-0.943566300536654),
(0.,-1.,0.),(0.401867304508304,0.,-0.915697913925346),(0.,-1.,0.),(0.477302678251007,
0.,-0.87873895630865),(-0.965295521793647,0.,0.261160019155175),(0.,1.,
0.),(0.,1.,0.),(0.560278464147826,0.,-0.82830431763462),(0.,1.,0.),(0.200795323856476,
0.,-0.979633216013714),(0.,1.,0.),(0.26563202170787,0.,-0.964074493513541),
(0.,1.,0.),(0.33118368995404,0.,-0.943566300536654),(0.,1.,0.),(0.401867304508304,
0.,-0.915697913925346),(0.,1.,0.),(0.477302678251007,0.,-0.87873895630865),
(-0.879631852183261,0.,0.475655132028075),(0.,-1.,0.),(0.,-1.,0.),(0.777858810061153,
0.,0.628439075495984),(-0.879631852183261,0.,0.475655132028075),(0.,1.,
0.),(0.,1.,0.),(0.777858810061153,0.,0.628439075495984),(-0.730656472089268,
0.,-0.682745281780889),(0.,1.,0.),(-0.730656472089268,0.,-0.682745281780889),
(0.,-1.,0.),(0.,-1.,0.),(0.735493300897548,0.,-0.677531995063576),(0.,-1.,
0.),(0.780343462278708,0.,-0.625351166049027),(0.,1.,0.),(0.735493300897548,
0.,-0.677531995063576),(0.,1.,0.),(0.780343462278708,0.,-0.625351166049027),
(-0.963663579834624,0.,-0.267118896561658),(0.,1.,0.),(-0.963663579834624,
0.,-0.267118896561658),(0.,-1.,0.),(0.,-1.,0.),(0.867360210006279,0.,0.497680887816544),
(0.867360210006279,0.,0.497680887816544),(0.,1.,0.),(-0.904926902169039,
0.,0.425567035531121),(0.,-1.,0.),(-0.904926902169039,0.,0.425567035531121),
(0.,1.,0.),(0.,1.,0.),(-0.824809521536334,0.,-0.565410694259495),(-0.824809521536334,
0.,-0.565410694259495),(0.,-1.,0.),(0.,-1.,0.),(-0.933791874785341,0.,0.357816621448583),
(-0.933791874785341,0.,0.357816621448583),(0.,1.,0.),(0.,1.,0.),(-0.890112844406822,
0.,-0.455740193774915),(-0.890112844406822,0.,-0.455740193774915),(0.,-1.,
0.),(0.,-1.,0.),(-0.973208865699274,0.,0.229922821234285),(0.,-1.,0.),(0.968729064143683,
0.,-0.24812093882481),(0.,-1.,0.),(0.655238273254661,0.,-0.755422269503785),
(0.,-1.,0.),(0.761421233190134,0.,-0.648257437787809),(0.,-1.,0.),(0.874814488262108,
0.,-0.484458059202968),(-0.973208865699274,0.,0.229922821234285),(0.,1.,
0.),(0.,1.,0.),(0.968729064143683,0.,-0.24812093882481),(0.,1.,0.),(0.655238273254661,
0.,-0.755422269503785),(0.,1.,0.),(0.761421233190134,0.,-0.648257437787809),
(0.,1.,0.),(0.874814488262108,0.,-0.484458059202968),(-0.96513846974392,
0.,0.261739821617507),(0.,-1.,0.),(-0.946286261273453,0.,-0.323330035296924),
(0.,1.,0.),(-0.946286261273453,0.,-0.323330035296924),(0.,-1.,0.),(-0.96513846974392,
0.,0.261739821617507),(0.,1.,0.),(0.,1.,0.),(-0.974331501594242,0.,-0.225118024602896),
(-0.974331501594242,0.,-0.225118024602896),(0.,-1.,0.),(0.,-1.,0.),(0.886776378986267,
0.,0.462198716649024),(0.,-1.,0.),(0.876752813936491,0.,0.48094126798856),
(0.,1.,0.),(0.886776378986267,0.,0.462198716649024),(0.,1.,0.),(0.876752813936491,
0.,0.48094126798856),(-0.985656047184914,0.,-0.168766574438813),(0.,1.,
0.),(-0.985656047184914,0.,-0.168766574438813),(0.,-1.,0.),(0.,-1.,0.),
(-0.990242711119751,0.,0.139353410701735),(-0.990242711119751,0.,0.139353410701735),
(0.,1.,0.),(-0.999997143597707,0.,-0.00239014569160719),(0.,-1.,0.),(-0.999997143597707,
0.,-0.00239014569160719),(0.,1.,0.),(-0.983777612537618,0.,0.179392332806574),
(0.,-1.,0.),(0.,-1.,0.),(0.989694340932977,0.,0.143196059740622),(0.,-1.,
0.),(0.99997621131525,0.,-0.00689759404423163),(-0.983777612537618,0.,0.179392332806574),
(0.,1.,0.),(0.,1.,0.),(0.989694340932977,0.,0.143196059740622),(0.,1.,0.),
(0.99997621131525,0.,-0.00689759404423163),(-0.98711233952932,0.,-0.160028838491544),
(0.,1.,0.),(-0.98711233952932,0.,-0.160028838491544),(0.,-1.,0.),(0.,-1.,
0.),(0.89698133043968,0.,0.442068425521051),(0.89698133043968,0.,0.442068425521051),
(0.,1.,0.),(-0.994241850067759,0.,0.107159430634176),(0.,-1.,0.),(0.,-1.,
0.),(0.960693890628094,0.,0.27760988546854),(0.,-1.,0.),(0.975474974895954,
0.,0.220110366297768),(-0.994241850067759,0.,0.107159430634176),(0.,1.,
0.),(0.,1.,0.),(0.960693890628094,0.,0.27760988546854),(0.,1.,0.),(0.975474974895954,
0.,0.220110366297768),(-0.997144304350619,0.,-0.0755197742390688),(0.,1.,
0.),(-0.997144304350619,0.,-0.0755197742390688),(0.,-1.,0.),(0.,-1.,0.),
(0.908078155135513,0.,0.418800745182818),(0.908078155135513,0.,0.418800745182818),
(0.,1.,0.),(-0.99982200422662,0.,0.0188668986392845),(0.,-1.,0.),(0.,-1.,
0.),(0.932513945383212,0.,0.361133966369595),(0.,-1.,0.),(0.945860613542011,
0.,0.32457310386095),(-0.99982200422662,0.,0.0188668986392845),(0.,1.,0.),
(0.,1.,0.),(0.932513945383212,0.,0.361133966369595),(0.,1.,0.),(0.945860613542011,
0.,0.32457310386095),(0.,-1.,0.),(0.920017109550961,0.,0.391878192980286),
(0.920017109550961,0.,0.391878192980286),(0.,1.,0.),(0.,1.,0.),(-0.628800604250561,
0.,-0.77756658884891),(-0.628800604250561,0.,-0.77756658884891),(0.,-1.,
0.),(0.,-1.,0.),(0.642155215143056,0.,-0.766574640634932),(0.,-1.,0.),(0.688956307086919,
0.,-0.724802874528761),(0.,1.,0.),(0.642155215143056,0.,-0.766574640634932),
(0.,1.,0.),(0.688956307086919,0.,-0.724802874528761),(-0.209108740074801,
0.,0.97789239429721),(0.,-1.,0.),(-0.209108740074801,0.,0.97789239429721),
(0.,1.,0.),(-0.102503050116229,0.,0.994732690081547),(0.,-1.,0.),(-0.102503050116229,
0.,0.994732690081547),(0.,1.,0.),(-0.258164429618096,0.,0.966100992277703),
(0.,-1.,0.),(0.,-1.,0.),(0.642356425061354,0.,0.766406043284105),(-0.258164429618096,
0.,0.966100992277703),(0.,1.,0.),(0.,1.,0.),(0.642356425061354,0.,0.766406043284105),
(-0.397693548272461,0.,0.917518305900465),(0.,-1.,0.),(-0.397693548272461,
0.,0.917518305900465),(0.,1.,0.),(-0.503681021335163,0.,0.86388970867048),
(0.,-1.,0.),(-0.503681021335163,0.,0.86388970867048),(0.,1.,0.),(-0.587970027333312,
0.,0.808882715205155),(0.,-1.,0.),(-0.587970027333312,0.,0.808882715205155),
(0.,1.,0.),(-0.662192389397255,0.,0.749333863791271),(0.,-1.,0.),(-0.662192389397255,
0.,0.749333863791271),(0.,1.,0.),(-0.723703263529271,0.,0.690111285487408),
(0.,-1.,0.),(-0.723703263529271,0.,0.690111285487408),(0.,1.,0.),(-0.773789680433225,
0.,0.633442602336666),(0.,-1.,0.),(-0.773789680433225,0.,0.633442602336666),
(0.,1.,0.),(0.,1.,0.),(-0.520488493850538,0.,-0.853868682977188),(-0.520488493850538,
0.,-0.853868682977188),(0.,-1.,0.),(0.,-1.,0.),(0.549961124660258,0.,-0.835190254590189),
(0.,-1.,0.),(0.595575398721683,0.,-0.803299411450991),(0.,1.,0.),(0.549961124660258,
0.,-0.835190254590189),(0.,1.,0.),(0.595575398721683,0.,-0.803299411450991),
(-0.779438395627107,0.,0.626478880268315),(0.,-1.,0.),(-0.779438395627107,
0.,0.626478880268315),(0.,1.,0.),(-0.723805812451282,0.,0.690003728875243),
(0.,-1.,0.),(-0.723805812451282,0.,0.690003728875243),(0.,1.,0.),(-0.668529345388438,
0.,0.74368576317858),(0.,-1.,0.),(-0.668529345388438,0.,0.74368576317858),
(0.,1.,0.),(-0.638115183396833,0.,0.769940915082727),(0.,-1.,0.),(-0.638115183396833,
0.,0.769940915082727),(0.,1.,0.),(-0.615484598929345,0.,0.788148912630591),
(0.,-1.,0.),(-0.615484598929345,0.,0.788148912630591),(0.,1.,0.),(-0.600306519182156,
0.,0.799770018835042),(0.,-1.,0.),(-0.600306519182156,0.,0.799770018835042),
(0.,1.,0.),(-0.185977261863671,0.,0.982554048421608),(0.,-1.,0.),(0.,-1.,
0.),(0.599538836230943,0.,-0.800345665228998),(-0.185977261863671,0.,0.982554048421608),
(0.,1.,0.),(0.,1.,0.),(0.599538836230943,0.,-0.800345665228998),(-0.587834051263668,
0.,0.808981537598321),(0.,-1.,0.),(-0.587834051263668,0.,0.808981537598321),
(0.,1.,0.),(-0.575724695977167,0.,0.817643610897803),(0.,-1.,0.),(0.,-1.,
0.),(0.582662885397137,0.,0.812713948434923),(-0.575724695977167,0.,0.817643610897803),
(0.,1.,0.),(0.,1.,0.),(0.582662885397137,0.,0.812713948434923),(-0.565721164755819,
0.,0.824596606679484),(0.,-1.,0.),(-0.565721164755819,0.,0.824596606679484),
(0.,1.,0.),(-0.556789880631433,0.,0.830653374655418),(0.,-1.,0.),(-0.556789880631433,
0.,0.830653374655418),(0.,1.,0.),(-0.54848523809868,0.,0.83616023798542),
(0.,-1.,0.),(-0.54848523809868,0.,0.83616023798542),(0.,1.,0.),(-0.540125358664996,
0.,0.841584575029159),(0.,-1.,0.),(-0.540125358664996,0.,0.841584575029159),
(0.,1.,0.),(-0.517009767625206,0.,0.855979497523235),(0.,-1.,0.),(-0.517009767625206,
0.,0.855979497523235),(0.,1.,0.),(0.,1.,0.),(-0.407266518013374,0.,-0.913309357942457),
(-0.407266518013374,0.,-0.913309357942457),(0.,-1.,0.),(0.,-1.,0.),(0.483515227305505,
0.,-0.875335949772261),(0.483515227305505,0.,-0.875335949772261),(0.,1.,
0.),(-0.464374388670063,0.,0.885638993691733),(0.,-1.,0.),(0.,-1.,0.),(0.509202899875411,
0.,0.860646505110241),(-0.464374388670063,0.,0.885638993691733),(0.,1.,
0.),(0.,1.,0.),(0.509202899875411,0.,0.860646505110241),(-0.179903910030128,
0.,0.983684188729224),(0.,-1.,0.),(0.,-1.,0.),(0.613780415658568,0.,-0.789476789623353),
(-0.179903910030128,0.,0.983684188729224),(0.,1.,0.),(0.,1.,0.),(0.613780415658568,
0.,-0.789476789623353),(-0.393336151584386,0.,0.919394731253549),(0.,-1.,
0.),(0.,-1.,0.),(0.42676563315851,0.,0.904362258364874),(-0.393336151584386,
0.,0.919394731253549),(0.,1.,0.),(0.,1.,0.),(0.42676563315851,0.,0.904362258364874),
(-0.289849122689284,0.,-0.957072351536838),(0.,1.,0.),(-0.289849122689284,
0.,-0.957072351536838),(0.,-1.,0.),(0.,-1.,0.),(0.369571071712641,0.,-0.929202466071399),
(0.369571071712641,0.,-0.929202466071399),(0.,1.,0.),(-0.207762279899767,
0.,0.978179347078465),(0.,-1.,0.),(-0.207762279899767,0.,0.978179347078465),
(0.,1.,0.),(-0.31763233137567,0.,0.948213953738742),(0.,-1.,0.),(0.,-1.,
0.),(0.34760092532488,0.,0.937642574072491),(-0.31763233137567,0.,0.948213953738742),
(0.,1.,0.),(0.,1.,0.),(0.34760092532488,0.,0.937642574072491),(-0.25643062474212,
0.,0.96656263878466),(0.,-1.,0.),(-0.25643062474212,0.,0.96656263878466),
(0.,1.,0.),(0.,1.,0.),(-0.167894327689952,0.,-0.985804998328543),(-0.167894327689952,
0.,-0.985804998328543),(0.,-1.,0.),(0.,-1.,0.),(0.229568915365134,0.,-0.97329240883615),
(0.229568915365134,0.,-0.97329240883615),(0.,1.,0.),(-0.237060738908948,
0.,0.971494830695431),(0.,-1.,0.),(0.,-1.,0.),(0.270532188645264,0.,0.962710930085871),
(-0.237060738908948,0.,0.971494830695431),(0.,1.,0.),(0.,1.,0.),(0.270532188645264,
0.,0.962710930085871),(-0.308800529963846,0.,0.951126822613077),(0.,-1.,
0.),(0.,-1.,0.),(0.627153947844555,0.,-0.778895323970422),(-0.308800529963846,
0.,0.951126822613077),(0.,1.,0.),(0.,1.,0.),(0.627153947844555,0.,-0.778895323970422),
(-0.153306231942884,0.,0.988178728392529),(0.,-1.,0.),(0.,-1.,0.),(0.18918970700743,
0.,0.981940555615483),(-0.153306231942884,0.,0.988178728392529),(0.,1.,
0.),(0.,1.,0.),(0.18918970700743,0.,0.981940555615483),(-0.362572823024669,
0.,0.93195544314303),(0.,-1.,0.),(-0.362572823024669,0.,0.93195544314303),
(0.,1.,0.),(0.,1.,0.),(-0.0403984703504815,0.,-0.999183648581852),(-0.0403984703504815,
0.,-0.999183648581852),(0.,-1.,0.),(0.,-1.,0.),(0.0922384075025608,0.,-0.99573695129858),
(0.0922384075025608,0.,-0.99573695129858),(0.,1.,0.),(-0.416784688015509,
0.,0.909005238618466),(0.,-1.,0.),(0.,-1.,0.),(0.639586613167232,0.,-0.768719041169964),
(-0.416784688015509,0.,0.909005238618466),(0.,1.,0.),(0.,1.,0.),(0.639586613167232,
0.,-0.768719041169964),(-0.0676131958557267,0.,0.997711609507565),(0.,-1.,
0.),(0.,-1.,0.),(0.104831372797688,0.,0.994490011652883),(-0.0676131958557267,
0.,0.997711609507565),(0.,1.,0.),(0.,1.,0.),(0.104831372797688,0.,0.994490011652883),
(-0.467532770909483,0.,0.883975739557201),(0.,-1.,0.),(-0.467532770909483,
0.,0.883975739557201),(0.,1.,0.),(0.019129954293691,0.,0.9998170056809),
(0.,-1.,0.),(0.019129954293691,0.,0.9998170056809),(0.,1.,0.),(-0.513035719273632,
0.,0.858367258665769),(0.,-1.,0.),(0.,-1.,0.),(0.65073203729379,0.,-0.759307457911137),
(-0.513035719273632,0.,0.858367258665769),(0.,1.,0.),(0.,1.,0.),(0.65073203729379,
0.,-0.759307457911137),(-0.553502488844862,0.,0.832847521964581),(0.,-1.,
0.),(0.,-1.,0.),(0.659713103096781,0.,-0.751517545771498),(-0.553502488844862,
0.,0.832847521964581),(0.,1.,0.),(0.,1.,0.),(0.659713103096781,0.,-0.751517545771498),
(-0.58800317129948,0.,0.808858622097678),(0.,-1.,0.),(-0.58800317129948,
0.,0.808858622097678),(0.,1.,0.),(-0.616123531743112,0.,0.787649537314912),
(0.,-1.,0.),(0.,-1.,0.),(0.667217686549476,0.,-0.744862778473703),(-0.616123531743112,
0.,0.787649537314912),(0.,1.,0.),(0.,1.,0.),(0.667217686549476,0.,-0.744862778473703),
(-0.638905358779903,0.,0.769285345318837),(0.,-1.,0.),(0.,-1.,0.),(0.673635226123303,
0.,-0.739063990548725),(-0.638905358779903,0.,0.769285345318837),(0.,1.,
0.),(0.,1.,0.),(0.673635226123303,0.,-0.739063990548725),(-0.650596632957349,
0.,0.759423479479375),(0.,-1.,0.),(0.,-1.,0.),(0.678316836207314,0.,-0.734769535104512),
(-0.650596632957349,0.,0.759423479479375),(0.,1.,0.),(0.,1.,0.),(0.678316836207314,
0.,-0.734769535104512),(-0.647062983784896,0.,0.762436551468637),(0.,-1.,
0.),(0.,-1.,0.),(0.681740574230452,0.,-0.731594005885733),(-0.647062983784896,
0.,0.762436551468637),(0.,1.,0.),(0.,1.,0.),(0.681740574230452,0.,-0.731594005885733),
(-0.637022805724091,0.,0.770844955219535),(0.,-1.,0.),(-0.637022805724091,
0.,0.770844955219535),(0.,1.,0.),(-0.626361468850433,0.,0.779532751293702),
(0.,-1.,0.),(0.,-1.,0.),(0.683289811144663,0.,-0.730147268697138),(-0.626361468850433,
0.,0.779532751293702),(0.,1.,0.),(0.,1.,0.),(0.683289811144663,0.,-0.730147268697138),
(-0.614901843688175,0.,0.788603653699932),(0.,-1.,0.),(-0.614901843688175,
0.,0.788603653699932),(0.,1.,0.),(-0.603305992942809,0.,0.797509798610206),
(0.,-1.,0.),(-0.603305992942809,0.,0.797509798610206),(0.,1.,0.),(-0.59028059765909,
0.,0.807198126872967),(0.,-1.,0.),(0.,-1.,0.),(0.680646610951044,0.,-0.732611896573389),
(-0.59028059765909,0.,0.807198126872967),(0.,1.,0.),(0.,1.,0.),(0.680646610951044,
0.,-0.732611896573389),(-0.575860498038338,0.,0.817547972169852),(0.,-1.,
0.),(0.,-1.,0.),(0.674941660124969,0.,-0.737871096755897),(-0.575860498038338,
0.,0.817547972169852),(0.,1.,0.),(0.,1.,0.),(0.674941660124969,0.,-0.737871096755897),
(-0.559932859181678,0.,0.828537985374618),(0.,-1.,0.),(0.,-1.,0.),(0.667977762029931,
0.,-0.744181234265877),(-0.559932859181678,0.,0.828537985374618),(0.,1.,
0.),(0.,1.,0.),(0.667977762029931,0.,-0.744181234265877),(-0.541782855794675,
0.,0.840518493054713),(0.,-1.,0.),(-0.541782855794675,0.,0.840518493054713),
(0.,1.,0.),(-0.521763358138589,0.,0.853090263749354),(0.,-1.,0.),(0.,-1.,
0.),(0.658202820052435,0.,-0.752840652246557),(-0.521763358138589,0.,0.853090263749354),
(0.,1.,0.),(0.,1.,0.),(0.658202820052435,0.,-0.752840652246557),(-0.497623661942644,
0.,0.867393043017289),(0.,-1.,0.),(0.,-1.,0.),(0.644755552885393,0.,-0.764388825810171),
(-0.497623661942644,0.,0.867393043017289),(0.,1.,0.),(0.,1.,0.),(0.644755552885393,
0.,-0.764388825810171),(-0.476947819238568,0.,0.878931611516831),(0.,-1.,
0.),(0.,-1.,0.),(0.627975514863381,0.,-0.778233096656825),(-0.476947819238568,
0.,0.878931611516831),(0.,1.,0.),(0.,1.,0.),(0.627975514863381,0.,-0.778233096656825),
(-0.471230062646571,0.,0.882010333305744),(0.,-1.,0.),(0.,-1.,0.),(0.604809184452055,
0.,-0.79637042285763),(-0.471230062646571,0.,0.882010333305744),(0.,1.,
0.),(0.,1.,0.),(0.604809184452055,0.,-0.79637042285763),(-0.472534473831198,
0.,0.88131218704899),(0.,-1.,0.),(-0.472534473831198,0.,0.88131218704899),
(0.,1.,0.),(-0.473014130822059,0.,0.881054840542093),(0.,-1.,0.),(-0.473014130822059,
0.,0.881054840542093),(0.,1.,0.),(-0.473817415405024,0.,0.880623107157031),
(0.,-1.,0.),(0.,-1.,0.),(0.571752106252273,0.,-0.820426431190567),(-0.473817415405024,
0.,0.880623107157031),(0.,1.,0.),(0.,1.,0.),(0.571752106252273,0.,-0.820426431190567),
(-0.475003831668968,0.,0.879983727065335),(0.,-1.,0.),(0.,-1.,0.),(0.526784521349514,
0.,-0.849998863567807),(-0.475003831668968,0.,0.879983727065335),(0.,1.,
0.),(0.,1.,0.),(0.526784521349514,0.,-0.849998863567807),(-0.475144487955636,
0.,0.879907788103604),(0.,-1.,0.),(-0.475144487955636,0.,0.879907788103604),
(0.,1.,0.),(-0.475176724867945,0.,0.879890379617696),(0.,-1.,0.),(0.,-1.,
0.),(0.463711843999206,0.,-0.885986075361716),(-0.475176724867945,0.,0.879890379617696),
(0.,1.,0.),(0.,1.,0.),(0.463711843999206,0.,-0.885986075361716),(-0.47705960519224,
0.,0.878870942228621),(0.,-1.,0.),(0.,-1.,0.),(0.375114437781791,0.,-0.926978510305202),
(-0.47705960519224,0.,0.878870942228621),(0.,1.,0.),(0.,1.,0.),(0.375114437781791,
0.,-0.926978510305202),(-0.478031620448475,0.,0.878342626684716),(0.,-1.,
0.),(0.,-1.,0.),(0.189771466931373,0.,-0.981828289640666),(0.,-1.,0.),(0.278864174730601,
0.,-0.960330553534469),(0.,-1.,0.),(0.217122987237504,0.,-0.976144255944306),
(-0.478031620448475,0.,0.878342626684716),(0.,1.,0.),(0.,1.,0.),(0.189771466931373,
0.,-0.981828289640666),(0.,1.,0.),(0.278864174730601,0.,-0.960330553534469),
(0.,1.,0.),(0.217122987237504,0.,-0.976144255944306),(-0.477980695696952,
0.,0.878370340198858),(0.,-1.,0.),(0.,-1.,0.),(0.151520867640219,0.,-0.988454058957499),
(0.,-1.,0.),(0.172039559464307,0.,-0.985090041559312),(0.,-1.,0.),(0.159767459535142,
0.,-0.987154678291952),(-0.477980695696952,0.,0.878370340198858),(0.,1.,
0.),(0.,1.,0.),(0.151520867640219,0.,-0.988454058957499),(0.,1.,0.),(0.172039559464307,
0.,-0.985090041559312),(0.,1.,0.),(0.159767459535142,0.,-0.987154678291952),
(-0.4796766732614,0.,0.87744531973729),(0.,-1.,0.),(0.,-1.,0.),(0.137968902587694,
0.,-0.990436561279291),(0.,-1.,0.),(0.144953035826948,0.,-0.989438536446075),
(-0.4796766732614,0.,0.87744531973729),(0.,1.,0.),(0.,1.,0.),(0.137968902587694,
0.,-0.990436561279291),(0.,1.,0.),(0.144953035826948,0.,-0.989438536446075),
(-0.481436532486939,0.,0.876480955404596),(0.,-1.,0.),(0.,-1.,0.),(0.126859505706226,
0.,-0.991920695323962),(0.,-1.,0.),(0.131718142105491,0.,-0.991287209158011),
(-0.481436532486939,0.,0.876480955404596),(0.,1.,0.),(0.,1.,0.),(0.126859505706226,
0.,-0.991920695323962),(0.,1.,0.),(0.131718142105491,0.,-0.991287209158011),
(-0.481094921198418,0.,0.876668510211864),(0.,-1.,0.),(0.,-1.,0.),(0.121576241162505,
0.,-0.992582096143587),(-0.481094921198418,0.,0.876668510211864),(0.,1.,
0.),(0.,1.,0.),(0.121576241162505,0.,-0.992582096143587),(-0.480309578233837,
0.,0.877099030359077),(0.,-1.,0.),(0.,-1.,0.),(0.126021436316412,0.,-0.992027518564253),
(0.,-1.,0.),(0.115602339013536,0.,-0.993295574949672),(0.,-1.,0.),(0.113795987636902,
0.,-0.993504138490496),(0.,-1.,0.),(0.118541855470086,0.,-0.992949056347661),
(-0.480309578233837,0.,0.877099030359077),(0.,1.,0.),(0.,1.,0.),(0.126021436316412,
0.,-0.992027518564253),(0.,1.,0.),(0.115602339013536,0.,-0.993295574949672),
(0.,1.,0.),(0.113795987636902,0.,-0.993504138490496),(0.,1.,0.),(0.118541855470086,
0.,-0.992949056347661),(-0.479740758288511,0.,0.877410283069878),(0.,-1.,
0.),(0.,-1.,0.),(0.15124341660548,0.,-0.988496549783307),(0.,-1.,0.),(0.134157461723132,
0.,-0.990960027177689),(0.,-1.,0.),(0.142580652019232,0.,-0.989783187203021),
(-0.479740758288511,0.,0.877410283069878),(0.,1.,0.),(0.,1.,0.),(0.15124341660548,
0.,-0.988496549783307),(0.,1.,0.),(0.134157461723132,0.,-0.990960027177689),
(0.,1.,0.),(0.142580652019232,0.,-0.989783187203021),(-0.479003895620401,
0.,0.877812775015538),(0.,-1.,0.),(0.,-1.,0.),(0.171570745125138,0.,-0.985171801980347),
(0.,-1.,0.),(0.160698955299727,0.,-0.987003467960258),(-0.479003895620401,
0.,0.877812775015538),(0.,1.,0.),(0.,1.,0.),(0.171570745125138,0.,-0.985171801980347),
(0.,1.,0.),(0.160698955299727,0.,-0.987003467960258),(-0.4782552946131,
0.,0.878220856718022),(0.,-1.,0.),(0.,-1.,0.),(0.201576171542664,0.,-0.979472841413279),
(0.,-1.,0.),(0.184535139141797,0.,-0.982825916641354),(-0.4782552946131,
0.,0.878220856718022),(0.,1.,0.),(0.,1.,0.),(0.201576171542664,0.,-0.979472841413279),
(0.,1.,0.),(0.184535139141797,0.,-0.982825916641354),(-0.477240402910329,
0.,0.878772779408868),(0.,-1.,0.),(0.,-1.,0.),(0.321044418625538,0.,-0.947064137885809),
(0.,-1.,0.),(0.224506977020617,0.,-0.974472481535043),(0.,-1.,0.),(0.256733268240269,
0.,-0.966482296257241),(-0.477240402910329,0.,0.878772779408868),(0.,1.,
0.),(0.,1.,0.),(0.321044418625538,0.,-0.947064137885809),(0.,1.,0.),(0.224506977020617,
0.,-0.974472481535043),(0.,1.,0.),(0.256733268240269,0.,-0.966482296257241),
(-0.47623321276573,0.,0.879319013247656),(0.,-1.,0.),(0.,-1.,0.),(0.590743123836968,
0.,-0.806859691420597),(0.,-1.,0.),(0.437063801613963,0.,-0.899430504996773),
(-0.47623321276573,0.,0.879319013247656),(0.,1.,0.),(0.,1.,0.),(0.590743123836968,
0.,-0.806859691420597),(0.,1.,0.),(0.437063801613963,0.,-0.899430504996773),
(-0.475426958862279,0.,0.87975519707869),(0.,-1.,0.),(0.,-1.,0.),(0.757011399611798,
0.,-0.653401668851394),(-0.475426958862279,0.,0.87975519707869),(0.,1.,
0.),(0.,1.,0.),(0.757011399611798,0.,-0.653401668851394),(-0.473701606383859,
0.,0.880685408139224),(0.,-1.,0.),(0.,-1.,0.),(0.902336044135147,0.,-0.43103325098481),
(-0.473701606383859,0.,0.880685408139224),(0.,1.,0.),(0.,1.,0.),(0.902336044135147,
0.,-0.43103325098481),(-0.472163453882163,0.,0.88151101684441),(0.,-1.,
0.),(0.,-1.,0.),(0.985677169317518,0.,-0.168643167327365),(-0.472163453882163,
0.,0.88151101684441),(0.,1.,0.),(0.,1.,0.),(0.985677169317518,0.,-0.168643167327365),
(-0.471101383332968,0.,0.882079070504319),(0.,-1.,0.),(0.,-1.,0.),(0.99683252045177,
0.,0.0795294044349163),(-0.471101383332968,0.,0.882079070504319),(0.,1.,
0.),(0.,1.,0.),(0.99683252045177,0.,0.0795294044349163),(-0.484115753576405,
0.,0.875003964070535),(0.,-1.,0.),(-0.484115753576405,0.,0.875003964070535),
(0.,1.,0.),(-0.524292446359998,0.,0.85153827317969),(0.,-1.,0.),(0.,-1.,
0.),(0.960610876705546,0.,0.277897001702072),(-0.524292446359998,0.,0.85153827317969),
(0.,1.,0.),(0.,1.,0.),(0.960610876705546,0.,0.277897001702072),(-0.574060921006194,
0.,0.818812590873834),(0.,-1.,0.),(-0.574060921006194,0.,0.818812590873834),
(0.,1.,0.),(-0.617581349627428,0.,0.786507009881263),(0.,-1.,0.),(0.,-1.,
0.),(0.90581682629756,0.,0.42366953772512),(-0.617581349627428,0.,0.786507009881263),
(0.,1.,0.),(0.,1.,0.),(0.90581682629756,0.,0.42366953772512),(-0.655470909294438,
0.,0.75522042283609),(0.,-1.,0.),(0.,-1.,0.),(0.849524246789636,0.,0.527549575032054),
(-0.655470909294438,0.,0.75522042283609),(0.,1.,0.),(0.,1.,0.),(0.849524246789636,
0.,0.527549575032054),(-0.690293774413109,0.,0.72352920121202),(0.,-1.,
0.),(0.,-1.,0.),(0.798547265685132,0.,0.601932109516346),(-0.690293774413109,
0.,0.72352920121202),(0.,1.,0.),(0.,1.,0.),(0.798547265685132,0.,0.601932109516346),
(-0.721970776331762,0.,0.691923549333966),(0.,-1.,0.),(0.,-1.,0.),(0.75411493518782,
0.,0.656742464385142),(-0.721970776331762,0.,0.691923549333966),(0.,1.,
0.),(0.,1.,0.),(0.75411493518782,0.,0.656742464385142),(-0.750897237381363,
0.,0.660419063090276),(0.,-1.,0.),(0.,-1.,0.),(0.71489254531679,0.,0.699234330285979),
(-0.750897237381363,0.,0.660419063090276),(0.,1.,0.),(0.,1.,0.),(0.71489254531679,
0.,0.699234330285979),(-0.778639362649509,0.,0.6274717068783),(0.,-1.,0.),
(0.,-1.,0.),(0.674371742450532,0.,0.738392004956875),(-0.778639362649509,
0.,0.6274717068783),(0.,1.,0.),(0.,1.,0.),(0.674371742450532,0.,0.738392004956875),
(-0.804855062407758,0.,0.593471421819623),(0.,-1.,0.),(0.,-1.,0.),(0.629768740827821,
0.,0.776782680726174),(-0.804855062407758,0.,0.593471421819623),(0.,1.,
0.),(0.,1.,0.),(0.629768740827821,0.,0.776782680726174),(-0.829870342306396,
0.,0.557956284094251),(0.,-1.,0.),(0.,-1.,0.),(0.530726620478361,0.,0.847543069298321),
(0.,-1.,0.),(0.582092326271783,0.,0.813122699040867),(-0.829870342306396,
0.,0.557956284094251),(0.,1.,0.),(0.,1.,0.),(0.530726620478361,0.,0.847543069298321),
(0.,1.,0.),(0.582092326271783,0.,0.813122699040867),(-0.854258278873445,
0.,0.519848817423084),(0.,-1.,0.),(0.,-1.,0.),(0.475935526125042,0.,0.879480173154619),
(-0.854258278873445,0.,0.519848817423084),(0.,1.,0.),(0.,1.,0.),(0.475935526125042,
0.,0.879480173154619),(-0.869613518356818,0.,0.493733054079911),(0.,-1.,
0.),(0.,-1.,0.),(0.36156339441873,0.,0.932347527382577),(0.,-1.,0.),(0.419599329179174,
0.,0.907709426497482),(-0.869613518356818,0.,0.493733054079911),(0.,1.,
0.),(0.,1.,0.),(0.36156339441873,0.,0.932347527382577),(0.,1.,0.),(0.419599329179174,
0.,0.907709426497482),(-0.867343188116449,0.,0.497710552457947),(0.,-1.,
0.),(0.,-1.,0.),(0.181187600503856,0.,0.983448551487903),(0.,-1.,0.),(0.241509021486342,
0.,0.97039857406156),(0.,-1.,0.),(0.301522550634455,0.,0.953459045506881),
(-0.867343188116449,0.,0.497710552457947),(0.,1.,0.),(0.,1.,0.),(0.181187600503856,
0.,0.983448551487903),(0.,1.,0.),(0.241509021486342,0.,0.97039857406156),
(0.,1.,0.),(0.301522550634455,0.,0.953459045506881),(-0.852665548545363,
0.,0.522457139221807),(0.,-1.,0.),(0.,-1.,0.),(0.611075567705098,0.,0.791572264896827),
(0.,-1.,0.),(0.550854834785478,0.,0.834601072964481),(0.,-1.,0.),(0.467171398654424,
0.,0.884166774019059),(0.,-1.,0.),(0.368348484023343,0.,0.929687794002753),
(0.,-1.,0.),(0.271609698390144,0.,0.962407487367183),(0.,-1.,0.),(0.190458424434988,
0.,0.981695262574767),(0.,-1.,0.),(0.129930944182379,0.,0.991523045493082),
(0.,-1.,0.),(0.0915504244327044,0.,0.995800441748341),(0.,-1.,0.),(0.0712233656083239,
0.,0.99746039128951),(0.,-1.,0.),(0.0772404715191641,0.,0.997012492178256),
(0.,-1.,0.),(0.120589311362869,0.,0.992702482108828),(-0.852665548545363,
0.,0.522457139221807),(0.,1.,0.),(0.,1.,0.),(0.611075567705098,0.,0.791572264896827),
(0.,1.,0.),(0.550854834785478,0.,0.834601072964481),(0.,1.,0.),(0.467171398654424,
0.,0.884166774019059),(0.,1.,0.),(0.368348484023343,0.,0.929687794002753),
(0.,1.,0.),(0.271609698390144,0.,0.962407487367183),(0.,1.,0.),(0.190458424434988,
0.,0.981695262574767),(0.,1.,0.),(0.129930944182379,0.,0.991523045493082),
(0.,1.,0.),(0.0915504244327044,0.,0.995800441748341),(0.,1.,0.),(0.0712233656083239,
0.,0.99746039128951),(0.,1.,0.),(0.0772404715191641,0.,0.997012492178256),
(0.,1.,0.),(0.120589311362869,0.,0.992702482108828),(-0.831239886957275,
0.,0.555913887514296),(0.,-1.,0.),(0.,-1.,0.),(0.670546710385113,0.,0.741867312389286),
(0.,-1.,0.),(0.670827988471147,0.,0.741612978502773),(0.,-1.,0.),(0.649445673476573,
0.,0.760407993910217),(-0.831239886957275,0.,0.555913887514296),(0.,1.,
0.),(0.,1.,0.),(0.670546710385113,0.,0.741867312389286),(0.,1.,0.),(0.670827988471147,
0.,0.741612978502773),(0.,1.,0.),(0.649445673476573,0.,0.760407993910217),
(-0.799701258365926,0.,0.600398115726518),(0.,-1.,0.),(0.,-1.,0.),(0.613893236022771,
0.,0.789389064255067),(0.,-1.,0.),(0.646753110378368,0.,0.762699425865725),
(-0.799701258365926,0.,0.600398115726518),(0.,1.,0.),(0.,1.,0.),(0.613893236022771,
0.,0.789389064255067),(0.,1.,0.),(0.646753110378368,0.,0.762699425865725),
(-0.753713315143297,0.,0.657203346442866),(0.,-1.,0.),(0.,-1.,0.),(0.580309543693775,
0.,0.814395993051245),(-0.753713315143297,0.,0.657203346442866),(0.,1.,
0.),(0.,1.,0.),(0.580309543693775,0.,0.814395993051245),(-0.689031083924347,
0.,0.724731788585294),(0.,-1.,0.),(0.,-1.,0.),(0.509613691270094,0.,0.860403327323918),
(0.,-1.,0.),(0.546065290512094,0.,0.837742620676507),(-0.689031083924347,
0.,0.724731788585294),(0.,1.,0.),(0.,1.,0.),(0.509613691270094,0.,0.860403327323918),
(0.,1.,0.),(0.546065290512094,0.,0.837742620676507),(-0.600140432983597,
0.,0.799894656000564),(0.,-1.,0.),(0.,-1.,0.),(0.470323017377377,0.,0.882494339542775),
(-0.600140432983597,0.,0.799894656000564),(0.,1.,0.),(0.,1.,0.),(0.470323017377377,
0.,0.882494339542775),(-0.486102905755508,0.,0.87390157627507),(0.,-1.,
0.),(0.,-1.,0.),(0.42617216076577,0.,0.904642078055313),(-0.486102905755508,
0.,0.87390157627507),(0.,1.,0.),(0.,1.,0.),(0.42617216076577,0.,0.904642078055313),
(-0.353966158262079,0.,0.935258231081226),(0.,-1.,0.),(0.,-1.,0.),(0.314531924596042,
0.,0.949246895391241),(0.,-1.,0.),(0.375357070864803,0.,0.926880288576575),
(-0.353966158262079,0.,0.935258231081226),(0.,1.,0.),(0.,1.,0.),(0.314531924596042,
0.,0.949246895391241),(0.,1.,0.),(0.375357070864803,0.,0.926880288576575),
(-0.218102659387035,0.,0.975925832206681),(0.,-1.,0.),(0.,-1.,0.),(0.237553481065987,
0.,0.971374461077412),(-0.218102659387035,0.,0.975925832206681),(0.,1.,
0.),(0.,1.,0.),(0.237553481065987,0.,0.971374461077412),(-0.0949204877133394,
0.,0.9954848572491),(0.,-1.,0.),(0.,-1.,0.),(0.138036690939539,0.,0.99042711592245),
(-0.0949204877133394,0.,0.9954848572491),(0.,1.,0.),(0.,1.,0.),(0.138036690939539,
0.,0.99042711592245),(0.0215538120714546,0.,0.999767689608535),(0.,-1.,
0.),(0.0215538120714546,0.,0.999767689608535),(0.,1.,0.),(-0.301026207012628,
0.,-0.95361586747054),(0.,1.,0.),(0.,1.,0.),(0.,1.,0.),(0.,1.,0.),(0.,1.,
0.),(0.,1.,0.),(0.,1.,0.),(0.,1.,0.),(0.,1.,0.),(0.,1.,0.),(0.,1.,0.),(0.,
1.,0.),(0.,1.,0.),(0.,1.,0.),(0.,1.,0.),(0.,1.,0.),(0.,1.,0.),(0.,1.,0.),
(0.,1.,0.),(0.,1.,0.),(0.,1.,0.),(0.,1.,0.),(0.,1.,0.),(0.,1.,0.),(0.,1.,
0.),(0.,1.,0.),(0.,1.,0.),(0.,1.,0.),(0.,1.,0.),(0.,1.,0.),(0.,1.,0.),(0.,
1.,0.),(0.,1.,0.),(0.,1.,0.),(0.,1.,0.),(0.,1.,0.),(0.,1.,0.),(0.,1.,0.),
(0.,1.,0.),(0.,1.,0.),(0.,1.,0.),(0.,1.,0.),(0.,1.,0.),(0.,1.,0.),(0.,1.,
0.),(0.,1.,0.),(0.,1.,0.),(0.,1.,0.),(0.,1.,0.),(0.,1.,0.),(0.,1.,0.),(0.,
1.,0.),(0.,1.,0.),(0.,1.,0.),(0.,1.,0.),(0.,1.,0.),(0.,1.,0.),(0.,1.,0.),
(0.,-1.,0.),(0.,-1.,0.),(0.,-1.,0.),(0.,-1.,0.),(0.,-1.,0.),(0.,-1.,0.),
(0.,-1.,0.),(0.,-1.,0.),(0.,-1.,0.),(0.,-1.,0.),(0.,-1.,0.),(0.,-1.,0.),
(0.,-1.,0.),(0.,-1.,0.),(0.,-1.,0.),(0.,-1.,0.),(0.,-1.,0.),(0.,-1.,0.),
(0.,-1.,0.),(0.,-1.,0.),(0.,-1.,0.),(0.,-1.,0.),(0.,-1.,0.),(0.,-1.,0.),
(0.,-1.,0.),(0.,-1.,0.),(0.,-1.,0.),(0.,-1.,0.),(0.,-1.,0.),(0.,-1.,0.),
(0.,-1.,0.),(0.,-1.,0.),(0.,-1.,0.),(0.,-1.,0.),(0.,-1.,0.),(0.,-1.,0.),
(0.,-1.,0.),(0.,-1.,0.),(0.,-1.,0.),(0.,-1.,0.),(0.,-1.,0.),(-0.301026207012628,
0.,-0.95361586747054),(0.,-1.,0.),(0.,-1.,0.),(0.299051502133198,0.,-0.954236972178231),
(0.299051502133198,0.,-0.954236972178231),(0.,1.,0.),(0.299051502133198,
0.,-0.954236972178231),(0.,1.,0.),(-0.301026207012628,0.,-0.95361586747054)),
$,(2,2,1,1,3,3,10,10,281,281,9,9,283,283,4,4,282,282,284,284,5,5,279,279,
6,6,280,280,7,7,8,8,11,11,277,277,12,12,278,278,18,18,17,17,287,287,288,
288,13,13,14,14,15,15,16,16,19,19,275,275,20,20,276,276,26,26,25,25,291,
291,289,289,292,292,290,290,21,21,22,22,23,23,271,271,24,24,272,272,27,
27,28,28,32,32,31,31,295,295,296,296,29,29,269,269,30,30,270,270,33,33,
267,267,34,34,268,268,38,38,37,37,299,299,297,297,300,300,298,298,35,35,
36,36,39,39,265,265,40,40,266,266,44,44,43,43,305,305,303,303,306,306,304,
304,41,41,263,263,42,42,264,264,45,45,261,261,46,46,262,262,54,54,53,53,
309,309,310,310,47,47,257,257,48,48,258,258,49,49,255,255,50,50,256,256,
51,51,52,52,55,55,253,253,56,56,254,254,60,60,59,59,317,317,313,313,318,
318,314,314,57,57,58,58,61,61,62,62,68,68,67,67,321,321,322,322,63,63,115,
115,119,119,123,123,64,64,116,116,120,120,124,124,65,65,105,105,111,111,
66,66,106,106,112,112,69,69,95,95,101,101,70,70,96,96,102,102,76,76,75,
75,325,325,326,326,71,71,91,91,72,72,92,92,73,73,89,89,74,74,90,90,77,77,
87,87,78,78,88,88,86,86,85,85,331,331,332,332,79,79,83,83,80,80,84,84,81,
81,82,82,94,94,93,93,98,98,97,97,337,337,338,338,100,100,99,99,104,104,
103,103,108,108,107,107,110,110,109,109,114,114,113,113,118,118,117,117,
341,341,342,342,122,122,121,121,126,126,125,125,127,127,249,249,128,128,
250,250,130,130,129,129,131,131,132,132,134,134,133,133,135,135,136,136,
138,138,137,137,139,139,140,140,142,142,141,141,373,373,374,374,143,143,
144,144,146,146,145,145,147,147,247,247,148,148,248,248,150,150,149,149,
151,151,152,152,154,154,153,153,155,155,245,245,156,156,246,246,158,158,
157,157,159,159,160,160,164,164,163,163,399,399,400,400,161,161,241,241,
162,162,242,242,165,165,166,166,168,168,167,167,169,169,239,239,170,170,
240,240,172,172,171,171,173,173,174,174,176,176,175,175,177,177,235,235,
178,178,236,236,182,182,181,181,449,449,450,450,179,179,180,180,183,183,
231,231,184,184,232,232,186,186,185,185,187,187,188,188,190,190,189,189,
191,191,229,229,192,192,230,230,198,198,197,197,193,193,194,194,195,195,
225,225,196,196,226,226,199,199,223,223,200,200,224,224,204,204,203,203,
479,479,480,480,201,201,221,221,202,202,222,222,205,205,217,217,206,206,
218,218,208,208,207,207,209,209,215,215,210,210,216,216,214,214,213,213,
211,211,212,212,220,220,219,219,507,507,508,508,228,228,227,227,571,571,
572,572,234,234,233,233,599,599,600,600,238,238,237,237,627,627,628,628,
244,244,243,243,665,665,645,645,666,666,646,646,252,252,251,251,677,677,
669,669,678,678,670,670,260,260,259,259,713,713,687,687,714,714,688,688,
274,274,273,273,767,767,768,768,286,286,285,285,835,835,789,789,813,813,
836,836,790,790,814,814,294,294,293,293,885,885,851,851,863,863,877,877,
886,886,852,852,864,864,878,878,302,302,301,301,945,945,892,892,923,923,
946,946,894,894,924,924,308,308,307,307,957,957,958,958,312,312,311,311,
967,967,968,968,316,316,315,315,979,979,980,980,320,320,319,319,991,991,
992,992,324,324,323,323,1007,1007,1008,1008,328,328,327,327,1019,1019,1020,
1020,330,330,329,329,1033,1033,1034,1034,334,334,333,333,336,336,335,335,
1053,1053,1045,1045,1054,1054,1046,1046,340,340,339,339,1071,1071,1059,
1059,1063,1063,1067,1067,1072,1072,1060,1060,1064,1064,1068,1068,344,344,
343,343,1091,1091,1077,1077,1079,1079,1085,1085,1092,1092,1078,1078,1080,
1080,1086,1086,364,364,363,363,1121,1121,1095,1095,1101,1101,1105,1105,
1109,1109,1113,1113,1117,1117,1122,1122,1096,1096,1102,1102,1106,1106,1110,
1110,1114,1114,1118,1118,346,346,345,345,347,347,350,350,973,973,349,349,
985,985,348,348,974,974,986,986,351,351,525,525,352,352,526,526,354,354,
353,353,355,355,501,501,511,511,515,515,519,519,523,523,356,356,502,502,
513,513,516,516,520,520,524,524,358,358,357,357,359,359,471,471,483,483,
489,489,497,497,360,360,472,472,484,484,490,490,498,498,362,362,361,361,
1001,1001,1002,1002,365,365,445,445,457,457,465,465,366,366,446,446,458,
458,466,466,368,368,367,367,386,386,385,385,1149,1149,1129,1129,1133,1133,
1141,1141,1150,1150,1130,1130,1134,1134,1142,1142,369,369,433,433,370,370,
434,434,376,376,375,375,371,371,421,421,372,372,422,422,377,377,393,393,
378,378,394,394,382,382,381,381,1015,1015,1016,1016,379,379,391,391,380,
380,392,392,383,383,389,389,384,384,390,390,388,388,387,387,418,418,417,
417,1169,1169,1159,1159,1170,1170,1160,1160,414,414,413,413,396,396,395,
395,397,397,402,402,512,512,401,401,398,398,514,514,403,403,493,493,404,
404,494,494,406,406,405,405,535,535,536,536,407,407,408,408,410,410,409,
409,411,411,412,412,416,416,415,415,419,419,485,485,420,420,486,486,442,
442,441,441,1029,1029,1030,1030,424,424,423,423,587,587,588,588,452,452,
451,451,1203,1203,1179,1179,1189,1189,1204,1204,1180,1180,1190,1190,425,
425,469,469,426,426,470,470,428,428,427,427,431,431,461,461,432,432,462,
462,430,430,429,429,605,605,606,606,436,436,435,435,619,619,620,620,437,
437,455,455,438,438,456,456,440,440,439,439,641,641,633,633,642,642,634,
634,443,443,444,444,448,448,447,447,899,899,651,651,900,900,652,652,474,
474,473,473,1047,1047,1048,1048,454,454,453,453,478,478,477,477,1257,1257,
1229,1229,1258,1258,1230,1230,460,460,459,459,901,901,902,902,464,464,463,
463,468,468,467,467,911,911,912,912,476,476,475,475,919,919,919,920,920,
920,504,504,503,503,482,482,481,481,917,917,918,918,506,506,505,505,1317,
1317,1291,1291,1318,1318,1292,1292,488,488,487,487,909,909,910,910,492,
492,491,491,907,907,905,905,908,908,906,906,496,496,495,495,921,921,915,
915,922,922,916,916,500,500,499,499,927,927,925,925,928,928,926,926,510,
510,509,509,939,939,929,929,931,931,935,935,937,937,940,940,930,930,932,
932,936,936,938,938,582,582,581,581,1057,1057,1058,1058,578,578,577,577,
1335,1335,1336,1336,518,518,517,517,947,947,948,948,522,522,521,521,955,
955,956,956,538,538,537,537,547,547,548,548,528,528,527,527,529,529,532,
532,639,639,531,531,530,530,640,640,533,533,534,534,540,540,539,539,541,
541,542,542,552,552,551,551,544,544,543,543,647,647,648,648,545,545,635,
635,546,546,636,636,550,550,549,549,553,553,554,554,557,557,557,558,558,
558,556,556,555,555,560,560,559,559,963,963,964,964,565,565,629,629,566,
566,630,630,568,568,567,567,561,561,561,562,562,562,564,564,563,563,569,
569,569,570,570,570,575,575,621,621,576,576,622,622,574,574,573,573,580,
580,579,579,583,583,615,615,584,584,616,616,614,614,613,613,1367,1367,1349,
1349,1368,1368,1350,1350,586,586,585,585,661,661,662,662,624,624,623,623,
1069,1069,1070,1070,591,591,609,609,592,592,610,610,590,590,589,589,594,
594,593,593,595,595,601,601,596,596,602,602,598,598,597,597,667,667,668,
668,604,604,603,603,608,608,607,607,612,612,611,611,671,671,672,672,618,
618,617,617,650,650,649,649,1395,1395,1381,1381,1396,1396,1382,1382,626,
626,625,625,675,675,676,676,664,664,663,663,1087,1087,1081,1081,1088,1088,
1082,1082,632,632,631,631,638,638,637,637,683,683,684,684,644,644,643,643,
691,691,689,689,692,692,690,690,654,654,653,653,721,721,703,703,722,722,
704,704,674,674,673,673,1411,1411,1412,1412,655,655,655,895,895,656,656,
656,896,896,658,658,657,657,889,889,881,881,890,890,882,882,659,659,659,
660,660,660,680,680,679,679,1099,1099,1093,1093,1100,1100,1094,1094,682,
682,681,681,1427,1427,1428,1428,696,696,695,695,1107,1107,1108,1108,686,
686,685,685,1449,1449,1450,1450,694,694,693,693,1489,1489,1490,1490,720,
720,719,719,762,762,761,761,1119,1119,1115,1115,1120,1120,1116,1116,700,
700,697,697,698,698,701,701,699,699,799,799,791,791,797,797,800,800,702,
702,792,792,798,798,706,706,705,705,807,807,801,801,808,808,802,802,707,
707,785,785,787,787,708,708,786,786,788,788,712,712,711,711,809,809,810,
810,709,709,781,781,710,710,782,782,715,715,775,775,777,777,716,716,776,
776,778,778,718,718,717,717,821,821,815,815,822,822,816,816,723,723,769,
769,771,771,724,724,770,770,772,772,726,726,725,725,833,833,823,823,827,
827,834,834,824,824,828,828,760,760,759,759,1533,1533,1534,1534,733,733,
733,734,734,734,729,729,765,765,730,730,766,766,728,728,727,727,839,839,
840,840,732,732,731,731,847,847,841,841,848,848,842,842,741,741,757,757,
763,763,742,742,758,758,764,764,736,736,735,735,745,745,745,746,746,746,
738,738,737,737,853,853,854,854,740,740,739,739,861,861,862,862,744,744,
743,743,748,748,747,747,867,867,868,868,749,749,873,873,750,750,874,874,
752,752,751,751,753,753,754,754,756,756,755,755,774,774,773,773,780,780,
779,779,784,784,783,783,1555,1555,1556,1556,794,794,793,793,1127,1127,1128,
1128,796,796,795,795,806,806,805,805,804,804,803,803,1593,1593,1594,1594,
812,812,811,811,1615,1615,1616,1616,818,818,817,817,1131,1131,1132,1132,
820,820,819,819,1736,1736,1657,1657,1686,1686,1737,1737,1658,1658,1687,
1687,830,830,829,829,1139,1139,1140,1140,826,826,825,825,832,832,831,831,
4708,4708,4709,4709,846,846,845,845,1143,1143,1144,1144,838,838,837,837,
4700,4700,4701,4701,844,844,843,843,850,850,849,849,858,858,857,857,1153,
1153,1145,1145,1154,1154,1146,1146,856,856,855,855,4696,4696,4697,4697,
860,860,859,859,870,870,869,869,1161,1161,1155,1155,1162,1162,1156,1156,
866,866,865,865,4690,4690,4691,4691,872,872,871,871,884,884,883,883,1171,
1171,1165,1165,1172,1172,1166,1166,876,876,875,875,880,880,879,879,4682,
4682,4683,4683,888,888,887,887,904,904,903,903,1187,1187,1175,1175,1181,
1181,1188,1188,1176,1176,1182,1182,893,893,891,891,4676,4676,4677,4677,
898,898,897,897,914,914,913,913,4672,4672,4673,4673,944,944,943,943,1207,
1207,1193,1193,1199,1199,1208,1208,1194,1194,1200,1200,934,934,933,933,
4666,4666,4667,4667,942,942,941,941,4660,4660,4661,4661,950,950,949,949,
4656,4656,4657,4657,954,954,953,953,1263,1263,1219,1219,1237,1237,1249,
1249,1264,1264,1220,1220,1238,1238,1250,1250,952,952,951,951,4642,4642,
4646,4646,4650,4650,4643,4643,4647,4647,4651,4651,960,960,959,959,4634,
4634,4640,4640,4635,4635,4641,4641,966,966,965,965,1325,1325,1279,1279,
1297,1297,1311,1311,1326,1326,1280,1280,1298,1298,1312,1312,962,962,961,
961,4628,4628,4630,4630,4629,4629,4631,4631,970,970,969,969,4622,4622,4624,
4624,4623,4623,4625,4625,976,976,975,975,1353,1353,1333,1333,1341,1341,
1354,1354,1334,1334,1342,1342,972,972,971,971,4614,4614,4615,4615,978,978,
977,977,4612,4612,4613,4613,982,982,981,981,1369,1369,1361,1361,1370,1370,
1362,1362,984,984,983,983,4606,4606,4607,4607,990,990,989,989,1377,1377,
1378,1378,988,988,987,987,4604,4604,4605,4605,994,994,993,993,996,996,995,
995,1393,1393,1387,1387,1394,1394,1388,1388,998,998,997,997,4594,4594,4595,
4595,1000,1000,999,999,1409,1409,1401,1401,1410,1410,1402,1402,1006,1006,
1005,1005,1004,1004,1003,1003,1415,1415,1416,1416,1010,1010,1009,1009,1431,
1431,1421,1421,1432,1432,1422,1422,1012,1012,1011,1011,4558,4558,4559,4559,
1014,1014,1013,1013,1455,1455,1455,1439,1439,1443,1443,1447,1447,1453,1453,
1453,1456,1456,1456,1440,1440,1444,1444,1448,1448,1454,1454,1454,1018,1018,
1017,1017,1022,1022,1021,1021,2378,2378,2379,2379,1024,1024,1023,1023,4532,
4532,4533,4533,1028,1028,1027,1027,2342,2342,2343,2343,1026,1026,1025,1025,
1032,1032,1031,1031,4492,4492,4493,4493,1036,1036,1035,1035,2336,2336,2337,
2337,1038,1038,1037,1037,1042,1042,1041,1041,2349,2349,2344,2344,2351,2351,
2345,2345,1040,1040,1039,1039,1044,1044,1043,1043,4464,4464,4465,4465,1050,
1050,1049,1049,2338,2338,2346,2346,2348,2348,2339,2339,2347,2347,2350,2350,
1052,1052,1051,1051,1056,1056,1055,1055,2314,2314,2318,2318,2322,2322,2326,
2326,2332,2332,2315,2315,2319,2319,2323,2323,2327,2327,2333,2333,1062,1062,
1061,1061,4436,4436,4437,4437,1066,1066,1065,1065,2184,2184,2188,2188,2194,
2194,2204,2204,2208,2208,2212,2212,2226,2226,2235,2235,2298,2298,2306,2306,
2185,2185,2189,2189,2195,2195,2205,2205,2209,2209,2213,2213,2227,2227,2236,
2236,2299,2299,2307,2307,1074,1074,1073,1073,4388,4388,4389,4389,1076,1076,
1075,1075,2136,2136,2144,2144,2158,2158,2168,2168,2178,2178,2137,2137,2145,
2145,2159,2159,2169,2169,2179,2179,1084,1084,1083,1083,1090,1090,1089,1089,
2114,2114,2118,2118,2120,2120,2126,2126,2132,2132,2115,2115,2119,2119,2121,
2121,2127,2127,2133,2133,1098,1098,1097,1097,4324,4324,4325,4325,1104,1104,
1103,1103,2100,2100,2098,2098,2104,2104,2112,2112,2101,2101,2099,2099,2105,
2105,2113,2113,1112,1112,1111,1111,4306,4306,4307,4307,1124,1124,1123,1123,
2102,2102,2106,2106,2108,2108,2110,2110,2103,2103,2107,2107,2109,2109,2111,
2111,1126,1126,1125,1125,4200,4200,4201,4201,1138,1138,1137,1137,2040,2040,
2048,2048,2054,2054,2064,2064,2070,2070,2074,2074,2080,2080,2082,2082,2088,
2088,2090,2090,2094,2094,2041,2041,2049,2049,2055,2055,2065,2065,2071,2071,
2075,2075,2081,2081,2083,2083,2089,2089,2091,2091,2095,2095,1136,1136,1135,
1135,1148,1148,1147,1147,4154,4154,4155,4155,1152,1152,1151,1151,1996,1996,
2002,2002,2010,2010,2030,2030,1997,1997,2003,2003,2011,2011,2031,2031,1158,
1158,1157,1157,4108,4108,4109,4109,1164,1164,1163,1163,1984,1984,1986,1986,
1990,1990,1985,1985,1987,1987,1991,1991,1168,1168,1167,1167,1174,1174,1173,
1173,1970,1970,1972,1972,1974,1974,1976,1976,1980,1980,1971,1971,1973,1973,
1975,1975,1977,1977,1981,1981,1178,1178,1177,1177,1186,1186,1185,1185,1892,
1892,1908,1908,1930,1930,1938,1938,1944,1944,1946,1946,1948,1948,1954,1954,
1958,1958,1960,1960,1964,1964,1966,1966,1968,1968,1893,1893,1909,1909,1931,
1931,1939,1939,1945,1945,1947,1947,1949,1949,1955,1955,1959,1959,1961,1961,
1965,1965,1967,1967,1969,1969,1184,1184,1183,1183,3940,3940,3938,3938,3938,
3941,3941,3939,3939,3939,1192,1192,1191,1191,3942,3942,3943,3943,1196,1196,
1195,1195,1854,1854,1862,1862,1874,1874,1880,1880,1855,1855,1863,1863,1875,
1875,1881,1881,1198,1198,1197,1197,3944,3944,3945,3945,1202,1202,1201,1201,
1836,1836,1842,1842,1848,1848,1837,1837,1843,1843,1849,1849,1206,1206,1205,
1205,3946,3946,3947,3947,1212,1212,1211,1211,1832,1832,1834,1834,1833,1833,
1835,1835,1210,1210,1209,1209,1226,1226,1225,1225,3950,3950,3951,3951,1234,
1234,1233,1233,1816,1816,1826,1826,1830,1830,1817,1817,1827,1827,1831,1831,
1216,1216,1213,1213,1214,1214,1217,1217,1215,1215,4210,4210,4190,4190,4211,
4211,1218,1218,4191,4191,1222,1222,1221,1221,4240,4240,4241,4241,1223,1223,
4176,4176,1224,1224,4177,4177,1228,1228,1227,1227,1231,1231,1232,1232,1240,
1240,1239,1239,1236,1236,1235,1235,4280,4280,4262,4262,4281,4281,4263,4263,
1241,1241,4166,4166,1242,1242,4167,4167,1256,1256,1255,1255,1756,1756,1772,
1772,1788,1788,1806,1806,1757,1757,1773,1773,1789,1789,1807,1807,1244,1244,
1243,1243,3564,3564,3584,3584,3614,3614,3664,3664,3714,3714,3726,3726,3738,
3738,3744,3744,3754,3754,3758,3758,3758,3565,3565,3585,3585,3615,3615,3668,
3668,3715,3715,3727,3727,3739,3739,3745,3745,3755,3755,3759,3759,3759,1246,
1246,1245,1245,3954,3954,3955,3955,1247,1247,4150,4150,1248,1248,4151,4151,
1254,1254,1253,1253,3500,3500,3528,3528,3540,3540,3548,3548,3501,3501,3529,
3529,3541,3541,3549,3549,1252,1252,1251,1251,1259,1259,1260,1260,1262,1262,
1261,1261,1272,1272,1271,1271,3390,3390,3396,3396,3406,3406,3426,3426,3440,
3440,3454,3454,3482,3482,3391,3391,3398,3398,3407,3407,3427,3427,3441,3441,
3455,3455,3483,3483,1276,1276,1275,1275,1676,1676,1680,1680,1684,1684,1684,
1688,1688,1694,1694,1698,1698,1702,1702,1677,1677,1681,1681,1685,1685,1685,
1689,1689,1695,1695,1699,1699,1703,1703,1285,1285,4136,4136,1286,1286,4137,
4137,1266,1266,1265,1265,3956,3956,3957,3957,1268,1268,1267,1267,1270,1270,
1269,1269,1274,1274,1273,1273,3960,3960,3961,3961,1300,1300,1299,1299,3430,
3430,3394,3394,3402,3402,3420,3420,3431,3431,3395,3395,3403,3403,3421,3421,
1278,1278,1277,1277,1306,1306,1305,1305,1659,1659,1669,1669,1660,1660,1670,
1670,1282,1282,1281,1281,3962,3962,3963,3963,1284,1284,1283,1283,3972,3972,
3966,3966,3973,3973,3967,3967,1288,1288,1287,1287,3975,3975,3977,3977,1315,
1315,4112,4112,1316,1316,4113,4113,1290,1290,1289,1289,1294,1294,1293,1293,
3980,3980,3981,3981,1296,1296,1295,1295,1302,1302,1301,1301,3984,3984,3985,
3985,1320,1320,1319,1319,3294,3294,3348,3348,3378,3378,3422,3422,3432,3432,
3436,3436,3295,3295,3349,3349,3379,3379,3423,3423,3433,3433,3437,3437,1304,
1304,1303,1303,3987,3987,3989,3989,1308,1308,1307,1307,1322,1322,1321,1321,
1651,1651,1655,1655,1652,1652,1656,1656,1310,1310,1309,1309,3978,3978,3982,
3982,3986,3986,3979,3979,3983,3983,3988,3988,1314,1314,1313,1313,3936,3936,
3952,3952,3964,3964,3937,3937,3953,3953,3965,3965,1324,1324,1323,1323,3924,
3924,3926,3926,3925,3925,3927,3927,1339,1339,3172,3172,1340,1340,3173,3173,
1332,1332,1331,1331,2824,2824,2866,2866,2882,2882,2914,2914,2930,2930,2950,
2950,2994,2994,3038,3038,3072,3072,3154,3154,3198,3198,3260,3260,2825,2825,
2867,2867,2883,2883,2915,2915,2931,2931,2951,2951,2995,2995,3039,3039,3073,
3073,3155,3155,3199,3199,3261,3261,1330,1330,1329,1329,1635,1635,1649,1649,
1636,1636,1650,1650,1328,1328,1327,1327,3908,3908,3916,3916,3909,3909,3917,
3917,1338,1338,1337,1337,3892,3892,3900,3900,3893,3893,3901,3901,1344,1344,
1343,1343,1639,1639,1633,1633,1631,1631,1640,1640,1632,1632,1634,1634,1348,
1348,1347,1347,2774,2774,2788,2788,2804,2804,2775,2775,2789,2789,2805,2805,
1346,1346,1345,1345,3880,3880,3884,3884,3881,3881,3885,3885,1357,1357,3010,
3010,3018,3018,3028,3028,3034,3034,3046,3046,3058,3058,3068,3068,3094,3094,
3130,3130,1358,1358,3011,3011,3019,3019,3029,3029,3035,3035,3047,3047,3059,
3059,3069,3069,3095,3095,3131,3131,1356,1356,1355,1355,1641,1641,1643,1643,
1645,1645,1647,1647,1642,1642,1644,1644,1646,1646,1648,1648,1352,1352,1351,
1351,3886,3886,3882,3882,3887,3887,3883,3883,1366,1366,1365,1365,2700,2700,
2732,2732,2701,2701,2733,2733,1360,1360,1359,1359,3904,3904,3894,3894,3905,
3905,3895,3895,1364,1364,1363,1363,1627,1627,1629,1629,1637,1637,1628,1628,
1630,1630,1638,1638,1375,1375,3044,3044,3006,3006,3008,3008,3012,3012,3020,
3020,3026,3026,3030,3030,3036,3036,1376,1376,3045,3045,3009,3009,3007,3007,
3013,3013,3021,3021,3027,3027,3031,3031,3037,3037,1372,1372,1371,1371,3912,
3912,3913,3913,1374,1374,1373,1373,1619,1619,1621,1621,1625,1625,1620,1620,
1622,1622,1626,1626,1384,1384,1383,1383,1380,1380,1379,1379,2424,2424,2424,
2604,2604,2926,2926,2926,2425,2425,2425,2605,2605,2927,2927,2927,1386,1386,
1385,1385,1613,1613,1617,1617,1614,1614,1618,1618,1399,1399,3170,3170,3054,
3054,3060,3060,3066,3066,3076,3076,3104,3104,3134,3134,1400,1400,3171,3171,
3055,3055,3061,3061,3067,3067,3078,3078,3105,3105,3135,3135,1390,1390,1389,
1389,1404,1404,1403,1403,2608,2608,2609,2609,1392,1392,1391,1391,1611,1611,
1612,1612,1398,1398,1397,1397,1406,1406,1405,1405,1607,1607,1609,1609,1608,
1608,1610,1610,1408,1408,1407,1407,2320,2320,2321,2321,1429,1429,3234,3234,
3178,3178,3186,3186,3200,3200,3206,3206,3214,3214,1430,1430,3235,3235,3179,
3179,3187,3187,3201,3201,3207,3207,3216,3216,1426,1426,1425,1425,1418,1418,
1417,1417,1603,1603,1605,1605,1604,1604,1606,1606,1414,1414,1413,1413,1420,
1420,1419,1419,1436,1436,1435,1435,1599,1599,1601,1601,1600,1600,1602,1602,
1424,1424,1423,1423,1434,1434,1433,1433,1488,1488,1487,1487,2536,2536,2537,
2537,1501,1501,3238,3238,3244,3244,3246,3246,3248,3248,3250,3250,1502,1502,
3239,3239,3245,3245,3247,3247,3249,3249,3252,3252,1438,1438,1437,1437,1470,
1470,1469,1469,1595,1595,1597,1597,1596,1596,1598,1598,1442,1442,1441,1441,
1446,1446,1445,1445,1452,1452,1451,1451,2216,2216,2216,2219,2219,2219,1460,
1460,1459,1459,1457,1457,2388,2388,1458,1458,2389,2389,1461,1461,1462,1462,
1468,1468,1467,1467,1463,1463,1464,1464,1465,1465,1466,1466,1471,1471,2396,
2396,1472,1472,2397,2397,1476,1476,1475,1475,1508,1508,1507,1507,1589,1589,
1591,1591,1590,1590,1592,1592,1473,1473,1474,1474,1477,1477,1478,1478,1480,
1480,1479,1479,1481,1481,2404,2404,1482,1482,2405,2405,1484,1484,1483,1483,
1485,1485,1486,1486,1494,1494,1493,1493,1491,1491,2414,2414,1492,1492,2415,
2415,1530,1530,1529,1529,1495,1495,1496,1496,1498,1498,1497,1497,1499,1499,
2428,2428,1500,1500,2429,2429,1504,1504,1503,1503,1511,1511,2436,2436,1512,
1512,2437,2437,1543,1543,3258,3258,3236,3236,3242,3242,3251,3251,3254,3254,
1544,1544,3259,3259,3237,3237,3243,3243,3253,3253,3255,3255,1506,1506,1505,
1505,1510,1510,1509,1509,1526,1526,1525,1525,1583,1583,1585,1585,1587,1587,
1584,1584,1586,1586,1588,1588,1514,1514,1513,1513,1519,1519,2574,2574,2442,
2442,2518,2518,2522,2522,2528,2528,2534,2534,2540,2540,2546,2546,2552,2552,
2556,2556,2564,2564,2568,2568,1520,1520,2575,2575,2443,2443,2519,2519,2523,
2523,2529,2529,2535,2535,2541,2541,2547,2547,2553,2553,2557,2557,2565,2565,
2569,2569,1516,1516,1515,1515,1518,1518,1517,1517,1522,1522,1521,1521,1527,
1527,2382,2382,2392,2392,2400,2400,2406,2406,2412,2412,2422,2422,2432,2432,
2438,2438,2448,2448,2578,2578,2580,2580,2586,2586,2588,2588,2592,2592,2592,
2594,2594,2594,2598,2598,2598,1528,1528,2383,2383,2393,2393,2401,2401,2407,
2407,2413,2413,2423,2423,2433,2433,2439,2439,2449,2449,2579,2579,2581,2581,
2587,2587,2589,2589,2593,2593,2593,2595,2595,2595,2599,2599,2599,1524,1524,
1523,1523,1532,1532,1531,1531,1542,1542,1541,1541,1579,1579,1581,1581,1580,
1580,1582,1582,1535,1535,2282,2282,2288,2288,2295,2295,2300,2300,2304,2304,
2308,2308,2328,2328,1536,1536,2283,2283,2289,2289,2297,2297,2301,2301,2305,
2305,2309,2309,2329,2329,1558,1558,1557,1557,1538,1538,1537,1537,1539,1539,
2215,2215,2214,2214,2214,2223,2223,2232,2232,2241,2241,2258,2258,2264,2264,
2272,2272,1540,1540,2218,2218,2217,2217,2217,2224,2224,2233,2233,2242,2242,
2259,2259,2265,2265,2273,2273,1546,1546,1545,1545,1547,1547,1548,1548,1554,
1554,1553,1553,1573,1573,1575,1575,1577,1577,1574,1574,1576,1576,1578,1578,
1567,1567,3322,3322,3264,3264,3268,3268,3276,3276,3282,3282,3300,3300,1568,
1568,3323,3323,3265,3265,3269,3269,3277,3277,3283,3283,3301,3301,1550,1550,
1549,1549,1551,1551,1552,1552,1560,1560,1559,1559,1569,1569,1571,1571,1570,
1570,1572,1572,1654,1654,1653,1653,1562,1562,1561,1561,1563,1563,1565,1565,
1564,1564,1566,1566,1623,1623,3414,3414,3346,3346,3360,3360,3374,3374,3397,
3397,3408,3408,1624,1624,3415,3415,3347,3347,3361,3361,3375,3375,3399,3399,
3409,3409,1692,1692,3400,3400,3410,3410,3416,3416,1693,1693,3401,3401,3412,
3412,3417,3417,1872,1872,1872,1873,1873,1873,1705,1705,1704,1704,1706,1706,
1710,1710,3304,3304,1708,1708,3302,3302,1707,1707,3305,3305,3303,3303,1709,
1709,1711,1711,1716,1716,1714,1714,1712,1712,1713,1713,1718,1718,3316,3316,
1719,1719,3317,3317,1727,1727,1726,1726,1721,1721,1721,1715,1715,1715,1717,
1717,1717,1722,1722,1720,1720,1720,3338,3338,3326,3326,3339,3339,1723,1723,
3327,3327,1724,1724,1725,1725,1731,1731,1730,1730,1734,1734,1735,1735,1728,
1728,1729,1729,1739,1739,1738,1738,3312,3312,3313,3313,1732,1732,1733,1733,
1745,1745,1744,1744,1740,1740,3320,3320,1741,1741,3321,3321,1748,1748,1749,
1749,1818,1818,1819,1819,1747,1747,1746,1746,1742,1742,1743,1743,1750,1750,
1751,1751,1765,1765,1765,1764,1764,1764,1755,1755,1754,1754,1760,1760,1761,
1761,1752,1752,1753,1753,1758,1758,3334,3334,1759,1759,3335,3335,1763,1763,
1762,1762,3318,3318,3319,3319,1770,1770,1771,1771,1768,1768,1769,1769,1767,
1767,1766,1766,1775,1775,1774,1774,1777,1777,1776,1776,3330,3330,3331,3331,
1780,1780,1781,1781,1782,1782,3344,3344,1783,1783,3345,3345,1785,1785,1784,
1784,3362,3362,3363,3363,1787,1787,1786,1786,1794,1794,3310,3310,1795,1795,
3311,3311,1790,1790,3384,3384,3358,3358,1791,1791,3385,3385,3359,3359,1793,
1793,1792,1792,3428,3428,3404,3404,3429,3429,3405,3405,1799,1799,1798,1798,
1796,1796,3424,3424,1797,1797,3425,3425,1801,1801,1800,1800,3450,3450,3442,
3442,3451,3451,3443,3443,1810,1810,1811,1811,1802,1802,3438,3438,1803,1803,
3439,3439,1809,1809,1808,1808,3336,3336,3337,3337,1805,1805,1804,1804,3462,
3462,3456,3456,3460,3460,3463,3463,3457,3457,3461,3461,3452,3452,3444,3444,
3453,3453,3445,3445,3458,3458,3459,3459,1813,1813,1812,1812,1824,1824,1825,
1825,1815,1815,1814,1814,1823,1823,1822,1822,1866,1866,1867,1867,1829,1829,
1828,1828,3352,3352,3353,3353,1846,1846,1847,1847,1839,1839,1838,1838,1845,
1845,1844,1844,1851,1851,1850,1850,3366,3366,3367,3367,1858,1858,3292,3292,
1859,1859,3293,3293,1857,1857,1856,1856,1861,1861,1860,1860,3382,3382,3383,
3383,1876,1876,1877,1877,1865,1865,1864,1864,1871,1871,1870,1870,1914,1914,
2962,2962,1915,1915,2963,2963,1882,1882,3288,3288,1883,1883,3289,3289,1902,
1902,3284,3284,1903,1903,3285,3285,1887,1887,1884,1884,1885,1885,1888,1888,
1886,1886,3328,3328,3298,3298,3329,3329,1889,1889,3299,3299,1891,1891,1891,
1890,1890,1890,3342,3342,3343,3343,1894,1894,3278,3278,1895,1895,3279,3279,
1897,1897,1897,1896,1896,1896,3356,3356,3357,3357,1900,1900,3262,3262,1901,
1901,3263,3263,1905,1905,1904,1904,1906,1906,3212,3212,1907,1907,3213,3213,
1910,1910,3290,3290,1911,1911,3291,3291,1917,1917,1917,1916,1916,1916,3368,
3368,3369,3369,1912,1912,3196,3196,1913,1913,3197,3197,1920,1920,3306,3306,
1921,1921,3307,3307,1922,1922,1923,1923,1952,1952,2910,2910,2920,2920,2934,
2934,2940,2940,2954,2954,1953,1953,2911,2911,2921,2921,2935,2935,2941,2941,
2955,2955,1925,1925,1925,1924,1924,1924,3388,3388,3380,3380,3389,3389,3381,
3381,1926,1926,3324,3324,1927,1927,3325,3325,1932,1932,3182,3182,1933,1933,
3183,3183,1929,1929,1928,1928,3376,3376,3376,3386,3386,3392,3392,3377,3377,
3377,3387,3387,3393,3393,3340,3340,3341,3341,3364,3364,3365,3365,1936,1936,
1937,1937,1940,1940,1941,1941,1950,1950,1951,1951,1962,1962,3174,3174,1963,
1963,3175,3175,2006,2006,2856,2856,2872,2872,2888,2888,2007,2007,2857,2857,
2873,2873,2889,2889,1982,1982,3164,3164,1983,1983,3165,3165,1988,1988,3148,
3148,1989,1989,3149,3149,1998,1998,3140,3140,1999,1999,3141,3141,2004,2004,
3126,3126,2005,2005,3128,3128,2008,2008,3127,3127,3124,3124,2009,2009,3129,
3129,3125,3125,2062,2062,2702,2702,2794,2794,2814,2814,2063,2063,2703,2703,
2795,2795,2815,2815,2012,2012,3138,3138,2013,2013,3139,3139,2016,2016,3144,
3144,2017,2017,3145,3145,2026,2026,3150,3150,2027,2027,3151,3151,2021,2021,
2018,2018,2019,2019,2022,2022,2020,2020,3158,3158,3146,3146,3152,3152,3159,
3159,2023,2023,3147,3147,3153,3153,2025,2025,2024,2024,3160,3160,3162,3162,
3161,3161,3163,3163,2028,2028,3122,3122,3136,3136,2029,2029,3123,3123,3137,
3137,3156,3156,3157,3157,2032,2032,3080,3080,3098,3098,3112,3112,2033,2033,
3081,3081,3099,3099,3113,3113,2034,2034,3050,3050,3062,3062,2035,2035,3051,
3051,3063,3063,2038,2038,3032,3032,2039,2039,3033,3033,2042,2042,3016,3016,
2043,2043,3017,3017,2046,2046,2047,2047,2050,2050,2051,2051,2056,2056,3002,
3002,2057,2057,3003,3003,2058,2058,2059,2059,2066,2066,2067,2067,2128,2128,
2612,2612,2129,2129,2613,2613,2072,2072,2073,2073,2078,2078,2079,2079,2086,
2086,2996,2996,2087,2087,2997,2997,2092,2092,2093,2093,2116,2116,2980,2980,
2117,2117,2981,2981,2124,2124,2125,2125,2130,2130,2972,2972,2131,2131,2973,
2973,2196,2196,2558,2558,2197,2197,2559,2559,2134,2134,2966,2966,2135,2135,
2967,2967,2140,2140,2964,2964,2141,2141,2965,2965,2142,2142,2968,2968,2143,
2143,2969,2969,2146,2146,2982,2982,2974,2974,2147,2147,2983,2983,2975,2975,
2148,2148,2988,2988,2986,2986,2990,2990,2149,2149,2989,2989,2987,2987,2991,
2991,2150,2150,2976,2976,2984,2984,2151,2151,2977,2977,2985,2985,2154,2154,
2970,2970,2155,2155,2971,2971,2156,2156,2958,2958,2157,2157,2959,2959,2160,
2160,2952,2952,2161,2161,2953,2953,2162,2162,2944,2944,2163,2163,2945,2945,
2164,2164,2936,2936,2165,2165,2937,2937,2170,2170,2922,2922,2171,2171,2923,
2923,2172,2172,2173,2173,2176,2176,2177,2177,2180,2180,2908,2908,2181,2181,
2909,2909,2182,2182,2183,2183,2192,2192,2193,2193,2210,2210,2211,2211,2280,
2280,2504,2504,2281,2281,2505,2505,2237,2237,2238,2238,2240,2240,2240,2239,
2239,2239,2256,2256,2257,2257,2244,2244,2244,2243,2243,2243,2246,2246,2245,
2245,2294,2294,2296,2296,2248,2248,2247,2247,2290,2290,2291,2291,2253,2253,
2252,2252,2284,2284,2285,2285,2255,2255,2254,2254,2278,2278,2279,2279,2261,
2261,2260,2260,2274,2274,2275,2275,2268,2268,2894,2894,2269,2269,2895,2895,
2263,2263,2262,2262,2270,2270,2271,2271,2267,2267,2266,2266,2276,2276,2277,
2277,2286,2286,2878,2878,2287,2287,2879,2879,2384,2384,2452,2452,2385,2385,
2453,2453,2292,2292,2870,2870,2293,2293,2871,2871,2302,2302,2864,2864,2303,
2303,2865,2865,2310,2310,2858,2858,2311,2311,2859,2859,2316,2316,2854,2854,
2317,2317,2855,2855,2419,2419,2312,2312,2313,2313,2418,2418,2324,2324,2832,
2832,2838,2838,2325,2325,2833,2833,2840,2840,2330,2330,2830,2830,2331,2331,
2831,2831,2334,2334,2834,2834,2335,2335,2835,2835,2340,2340,2341,2341,2352,
2352,2842,2842,2353,2353,2843,2843,2354,2354,2846,2846,2355,2355,2847,2847,
2364,2364,2850,2850,2365,2365,2851,2851,2359,2359,2356,2356,2357,2357,2360,
2360,2358,2358,2828,2828,2822,2822,2829,2829,2361,2361,2823,2823,2363,2363,
2362,2362,2836,2836,2837,2837,2370,2370,2816,2816,2816,2820,2820,2371,2371,
2817,2817,2817,2821,2821,2369,2369,2368,2368,2366,2366,2367,2367,2372,2372,
2852,2852,2374,2374,2853,2853,2375,2375,2373,2373,2839,2839,2841,2841,2380,
2380,2802,2802,2806,2806,2810,2810,2812,2812,2381,2381,2803,2803,2807,2807,
2811,2811,2813,2813,2376,2376,2848,2848,2377,2377,2844,2844,2849,2849,2845,
2845,2386,2386,2798,2798,2387,2387,2799,2799,2420,2420,2421,2421,2390,2390,
2790,2790,2792,2792,2391,2391,2791,2791,2793,2793,2394,2394,2395,2395,2398,
2398,2782,2782,2399,2399,2783,2783,2402,2402,2780,2780,2403,2403,2781,2781,
2408,2408,2409,2409,2410,2410,2778,2778,2411,2411,2779,2779,2416,2416,2417,
2417,2426,2426,2427,2427,2463,2463,2462,2462,2430,2430,2772,2772,2431,2431,
2773,2773,2434,2434,2435,2435,2440,2440,2768,2768,2441,2441,2769,2769,2444,
2444,2758,2758,2445,2445,2760,2760,2451,2451,2451,2450,2450,2450,2514,2514,
2515,2515,2446,2446,2447,2447,2454,2454,2740,2740,2455,2455,2741,2741,2464,
2464,2562,2562,2570,2570,2465,2465,2563,2563,2571,2571,2457,2457,2456,2456,
2506,2506,2507,2507,2458,2458,2722,2722,2459,2459,2723,2723,2461,2461,2460,
2460,2498,2498,2499,2499,2468,2468,2712,2712,2469,2469,2713,2713,2467,2467,
2466,2466,2494,2494,2495,2495,2490,2490,2512,2512,2526,2526,2538,2538,2550,
2550,2491,2491,2513,2513,2527,2527,2539,2539,2551,2551,2471,2471,2470,2470,
2486,2486,2487,2487,2472,2472,2696,2696,2473,2473,2698,2698,2475,2475,2474,
2474,2482,2482,2483,2483,2478,2478,2668,2668,2682,2682,2479,2479,2669,2669,
2683,2683,2477,2477,2476,2476,2488,2488,2644,2644,2489,2489,2645,2645,2481,
2481,2481,2480,2480,2480,2484,2484,2591,2591,2590,2590,2485,2485,2492,2492,
2492,2619,2619,2730,2730,2730,2618,2618,2618,2766,2766,2766,2748,2748,2493,
2493,2493,2621,2621,2731,2731,2731,2620,2620,2620,2767,2767,2767,2750,2750,
2500,2500,2638,2638,2501,2501,2639,2639,2496,2496,2610,2610,2596,2596,2600,
2600,2632,2632,2622,2622,2624,2624,2626,2626,2628,2628,2630,2630,2634,2634,
2650,2650,2636,2636,2640,2640,2640,2642,2642,2656,2656,2678,2678,2752,2752,
2692,2692,2707,2707,2720,2720,2728,2728,2734,2734,2742,2742,2746,2746,2749,
2749,2754,2754,2756,2756,2759,2759,2762,2762,2497,2497,2503,2503,2611,2611,
2633,2633,2623,2623,2625,2625,2627,2627,2629,2629,2631,2631,2635,2635,2651,
2651,2637,2637,2641,2641,2641,2643,2643,2657,2657,2679,2679,2753,2753,2693,
2693,2709,2709,2721,2721,2729,2729,2735,2735,2743,2743,2747,2747,2751,2751,
2755,2755,2757,2757,2761,2761,2763,2763,2502,2502,2510,2510,2511,2511,2508,
2508,2614,2614,2616,2616,2509,2509,2615,2615,2617,2617,2521,2521,2531,2531,
2516,2516,2602,2602,2606,2606,2517,2517,2603,2603,2607,2607,2520,2520,2544,
2544,2530,2530,2524,2524,2582,2582,2525,2525,2583,2583,2545,2545,2532,2532,
2572,2572,2533,2533,2573,2573,2555,2555,2542,2542,2560,2560,2543,2543,2561,
2561,2548,2548,2549,2549,2554,2554,2576,2576,2566,2566,2567,2567,2577,2577,
2585,2585,2597,2597,2584,2584,2601,2601,2904,2904,2942,2942,4078,4078,3225,
3225,3225,2943,2943,2905,2905,4079,4079,3230,3230,3230,2649,2649,2646,2646,
2647,2647,2652,2652,2648,2648,4104,4104,4105,4105,2653,2653,2655,2655,2654,
2654,2660,2660,2661,2661,2659,2659,2658,2658,2671,2671,2670,2670,2663,2663,
2662,2662,2666,2666,2667,2667,2665,2665,2664,2664,2673,2673,2672,2672,2674,
2674,2675,2675,2685,2685,2684,2684,2744,2744,2745,2745,2677,2677,2676,2676,
2686,2686,2687,2687,2681,2681,2680,2680,2689,2689,2688,2688,4100,4100,4101,
4101,2695,2695,2694,2694,2736,2736,2736,2737,2737,2737,2697,2697,2699,2699,
2691,2691,2690,2690,2705,2705,2704,2704,2764,2764,2765,2765,2711,2711,2710,
2710,2726,2726,2727,2727,2714,2714,2715,2715,2708,2708,2706,2706,2724,2724,
2725,2725,2717,2717,2716,2716,2719,2719,2718,2718,2738,2738,2800,2800,2739,
2739,2801,2801,2770,2770,2784,2784,2771,2771,2785,2785,2777,2777,2776,2776,
2787,2787,2786,2786,2797,2797,2796,2796,2809,2809,2808,2808,2818,2818,2819,
2819,2827,2827,2826,2826,2862,2862,2863,2863,2861,2861,2860,2860,2869,2869,
2868,2868,2874,2874,2875,2875,2877,2877,2876,2876,4094,4094,4096,4096,2886,
2886,2887,2887,2881,2881,2880,2880,2885,2885,2884,2884,2891,2891,2890,2890,
2906,2906,2907,2907,2893,2893,2892,2892,2897,2897,2896,2896,2899,2899,2898,
2898,4092,4092,4093,4093,2901,2901,2900,2900,2903,2903,2902,2902,2913,2913,
2912,2912,3226,3226,3226,3231,3231,3231,2918,2918,2919,2919,2917,2917,2916,
2916,2925,2925,2924,2924,2932,2932,2933,2933,2929,2929,2928,2928,3043,3043,
3042,3042,3958,3958,3920,3920,3934,3934,3959,3959,3921,3921,3935,3935,2939,
2939,2938,2938,2946,2946,4106,4106,2947,2947,4107,4107,2949,2949,2948,2948,
2956,2956,2957,2957,2961,2961,2960,2960,2992,2992,2993,2993,3000,3000,2998,
2998,2978,2978,4716,4716,2979,2979,4717,4717,2999,2999,3001,3001,3022,3022,
3023,3023,3015,3015,3014,3014,3004,3004,3005,3005,3024,3024,3025,3025,3041,
3041,3040,3040,4084,4084,4085,4085,3052,3052,3053,3053,3048,3048,3049,3049,
3057,3057,3056,3056,3233,3233,3233,3228,3228,3228,4000,4000,3990,3990,4001,
4001,3991,3991,3070,3070,3071,3071,3074,3074,3075,3075,3065,3065,3064,3064,
3079,3079,3077,3077,3132,3132,3133,3133,3118,3118,4102,4102,3119,3119,4103,
4103,3101,3101,3100,3100,3085,3085,3082,3082,3083,3083,3086,3086,3084,3084,
4076,4076,4077,4077,3087,3087,3089,3089,3088,3088,4070,4070,4071,4071,3090,
3090,3091,3091,3093,3093,3092,3092,3096,3096,3097,3097,3103,3103,3102,3102,
4068,4068,4069,4069,3106,3106,3107,3107,3111,3111,3110,3110,4080,4080,4081,
4081,3109,3109,3108,3108,3114,3114,3115,3115,3121,3121,3120,3120,3117,3117,
3116,3116,3168,3168,3169,3169,3143,3143,3142,3142,3194,3194,3195,3195,3167,
3167,3166,3166,4066,4066,4067,4067,3177,3177,3176,3176,3180,3180,3181,3181,
3188,3188,4098,4098,3189,3189,4099,4099,3185,3185,3184,3184,3192,3192,3193,
3193,3191,3191,3190,3190,3220,3220,3221,3221,3203,3203,3202,3202,3204,3204,
3205,3205,3274,3274,3275,3275,3211,3211,3210,3210,3332,3332,3332,3333,3333,
3333,3208,3208,3209,3209,3215,3215,4095,4095,3217,3217,4097,4097,3241,3241,
3240,3240,3308,3308,3309,3309,3218,3218,3219,3219,3222,3222,3223,3223,3270,
3270,3271,3271,3224,3224,3229,3229,4090,4090,4082,4082,3227,3227,4074,4074,
3232,3232,4044,4044,4054,4054,4064,4064,4010,4010,4024,4024,4032,4032,4091,
4091,4083,4083,4075,4075,4045,4045,4055,4055,4065,4065,4011,4011,4025,4025,
4033,4033,3257,3257,3256,3256,3296,3296,3297,3297,3267,3267,3266,3266,3273,
3273,3272,3272,3286,3286,3287,3287,3314,3314,3315,3315,3281,3281,3280,3280,
3372,3372,4726,4726,3373,3373,4727,4727,3354,3354,3355,3355,3351,3351,3351,
3350,3350,3350,3371,3371,3370,3370,4060,4060,4061,4061,3418,3418,3419,3419,
3413,3413,3411,3411,3488,3488,3489,3489,3435,3435,3434,3434,4058,4058,4059,
4059,3448,3448,3449,3449,3447,3447,3446,3446,4056,4056,4057,4057,3465,3465,
3464,3464,4052,4052,4053,4053,3478,3478,4072,4072,3479,3479,4073,4073,3477,
3477,3476,3476,4050,4050,4051,4051,3469,3469,3466,3466,3467,3467,3470,3470,
3468,3468,4034,4034,4036,4036,4035,4035,3471,3471,4037,4037,3474,3474,3472,
3472,3473,3473,3475,3475,3485,3485,3484,3484,4030,4030,3480,3480,4040,4040,
4031,4031,3481,3481,4041,4041,3487,3487,3486,3486,4048,4048,4049,4049,3496,
3496,3497,3497,3490,3490,3491,3491,3495,3495,3494,3494,3493,3493,3492,3492,
3538,3538,3539,3539,4042,4042,4043,4043,3499,3499,3498,3498,3504,3504,3505,
3505,3503,3503,3502,3502,4028,4028,4029,4029,3521,3521,3520,3520,3518,3518,
3519,3519,3507,3507,3506,3506,3508,3508,3511,3511,4046,4046,3510,3510,3509,
3509,4047,4047,3512,3512,3513,3513,3515,3515,3514,3514,3516,3516,3517,3517,
3523,3523,3522,3522,3524,3524,3525,3525,3526,3526,3527,3527,3535,3535,3534,
3534,3530,3530,3531,3531,3532,3532,3533,3533,3536,3536,3537,3537,3545,3545,
3544,3544,4026,4026,4027,4027,3542,3542,3543,3543,3590,3590,4732,4732,3591,
3591,4733,4733,3546,3546,3547,3547,3553,3553,3552,3552,3550,3550,4020,4020,
3551,3551,4021,4021,3570,3570,3571,3571,3577,3577,3576,3576,4022,4022,4023,
4023,3555,3555,3554,3554,3557,3557,3558,3558,3556,3556,3992,3992,3559,3559,
3993,3993,3561,3561,3560,3560,3562,3562,3563,3563,3567,3567,3566,3566,3568,
3568,3996,3996,3569,3569,3997,3997,3573,3573,3572,3572,3574,3574,3575,3575,
3582,3582,3583,3583,3579,3579,3578,3578,3580,3580,3581,3581,3601,3601,3600,
3600,3587,3587,3586,3586,3588,3588,3589,3589,3594,3594,3595,3595,3593,3593,
3592,3592,3974,3974,3976,3976,3620,3620,3621,3621,3734,3734,3735,3735,3607,
3607,3606,3606,3622,3622,3623,3623,3599,3599,3599,3596,3596,3596,3597,3597,
3597,3602,3602,3598,3598,3598,3948,3948,3949,3949,3603,3603,3605,3605,3605,
3604,3604,3604,3643,3643,3641,3641,4014,4014,4015,4015,3608,3608,3609,3609,
3611,3611,3610,3610,3712,3712,3736,3736,3736,3713,3713,3737,3737,3737,3613,
3613,3612,3612,3617,3617,3619,3619,3618,3618,3616,3616,3688,3688,3689,3689,
3625,3625,3624,3624,3629,3629,3628,3628,3662,3662,3626,3626,3663,3663,3627,
3627,3656,3656,3657,3657,3654,3654,3655,3655,3631,3631,3630,3630,3632,3632,
3633,3633,3651,3651,3650,3650,3639,3639,3638,3638,3640,3640,3642,3642,3635,
3635,3634,3634,3636,3636,3649,3649,3930,3930,3648,3648,3637,3637,3931,3931,
3652,3652,3653,3653,3645,3645,3644,3644,3646,3646,3679,3679,3678,3678,3647,
3647,3659,3659,3658,3658,3667,3667,3671,3671,3672,3672,3673,3673,3692,3692,
4002,4002,3693,3693,4003,4003,3695,3695,3694,3694,3661,3661,3660,3660,3666,
3666,3669,3669,3665,3665,3994,3994,3670,3670,3995,3995,3677,3677,3676,3676,
3674,3674,3970,3970,3698,3698,3675,3675,3971,3971,3699,3699,3684,3684,3685,
3685,3680,3680,3681,3681,3683,3683,3682,3682,4004,4004,4005,4005,3705,3705,
3704,3704,4006,4006,4007,4007,3686,3686,3687,3687,3691,3691,3690,3690,3696,
3696,3697,3697,3706,3706,3707,3707,3701,3701,3700,3700,4012,4012,4013,4013,
3708,3708,3709,3709,3719,3719,3718,3718,3702,3702,4018,4018,3703,3703,4019,
4019,3720,3720,3721,3721,3711,3711,3710,3710,3716,3716,3932,3932,3717,3717,
3933,3933,3722,3722,3723,3723,3731,3731,3730,3730,3732,3732,3733,3733,3724,
3724,3725,3725,3728,3728,3729,3729,3740,3740,3741,3741,3749,3749,3748,3748,
3750,3750,3751,3751,3832,3832,4740,4740,3833,3833,4741,4741,3747,3747,3747,
3746,3746,3746,3742,3742,3922,3922,3743,3743,3923,3923,3752,3752,3753,3753,
3761,3761,3760,3760,3767,3767,3766,3766,3762,3762,3763,3763,3756,3756,3757,
3757,3768,3768,3769,3769,3765,3765,3765,3764,3764,3764,3773,3773,3772,3772,
3776,3776,3777,3777,3771,3771,3770,3770,3779,3779,3778,3778,3774,3774,3775,
3775,3781,3781,3780,3780,3783,3783,3782,3782,3784,3784,3785,3785,3786,3786,
3787,3787,3795,3795,3794,3794,3888,3888,3888,3889,3889,3889,3797,3797,3796,
3796,4292,4292,4293,4293,3789,3789,3788,3788,3792,3792,3914,3914,3793,3793,
3915,3915,3790,3790,3791,3791,3798,3798,3799,3799,3801,3801,3800,3800,3890,
3890,3891,3891,3813,3813,3812,3812,3802,3802,3803,3803,3807,3807,3806,3806,
3804,3804,3805,3805,3808,3808,3906,3906,3809,3809,3907,3907,3811,3811,3810,
3810,3814,3814,3815,3815,3817,3817,3816,3816,3898,3898,3899,3899,3825,3825,
3824,3824,4304,4304,4305,4305,3818,3818,3819,3819,3821,3821,3820,3820,3822,
3822,3823,3823,3827,3827,3826,3826,4308,4308,4309,4309,3829,3829,3828,3828,
4310,4310,4311,4311,3831,3831,3830,3830,3835,3835,3834,3834,4312,4312,4313,
4313,3844,3844,4746,4746,3845,3845,4747,4747,3837,3837,3836,3836,4314,4314,
4315,4315,3839,3839,3838,3838,4318,4318,4319,4319,3841,3841,3840,3840,4322,
4322,4323,4323,3843,3843,3842,3842,4326,4326,4327,4327,3847,3847,3846,3846,
4328,4328,4329,4329,3858,3858,4772,4772,4758,4758,3859,3859,4773,4773,4759,
4759,3849,3849,3848,3848,4358,4358,4359,4359,3851,3851,3850,3850,3853,3853,
3852,3852,4394,4394,4395,4395,3855,3855,3854,3854,3857,3857,3856,3856,4414,
4414,4415,4415,3861,3861,3860,3860,3902,3902,4796,4796,3903,3903,4797,4797,
3863,3863,3862,3862,3865,3865,3864,3864,4432,4432,4433,4433,3867,3867,3866,
3866,3869,3869,3868,3868,3871,3871,3870,3870,4448,4448,4449,4449,3873,3873,
3872,3872,3875,3875,3874,3874,4454,4454,4455,4455,3877,3877,3876,3876,3879,
3879,3878,3878,4460,4460,4461,4461,3897,3897,3896,3896,3911,3911,3910,3910,
4468,4468,4469,4469,4008,4008,4802,4802,4009,4009,4803,4803,3919,3919,3918,
3918,3929,3929,3928,3928,4476,4476,4477,4477,3969,3969,3968,3968,3999,3999,
3998,3998,4482,4482,4483,4483,4017,4017,4016,4016,4088,4088,4812,4812,4808,
4808,4089,4089,4813,4813,4809,4809,4039,4039,4038,4038,4063,4063,4062,4062,
4488,4488,4489,4489,4087,4087,4086,4086,4111,4111,4110,4110,4495,4495,4497,
4497,4158,4158,4818,4818,4159,4159,4819,4819,4133,4133,4132,4132,4115,4115,
4114,4114,4116,4116,4119,4119,4788,4788,4118,4118,4784,4784,4117,4117,4789,
4789,4785,4785,4120,4120,4790,4790,4121,4121,4792,4792,4123,4123,4122,4122,
4780,4780,4781,4781,4124,4124,4791,4791,4125,4125,4793,4793,4127,4127,4126,
4126,4776,4776,4777,4777,4128,4128,4786,4786,4129,4129,4787,4787,4131,4131,
4130,4130,4770,4770,4771,4771,4134,4134,4782,4782,4135,4135,4783,4783,4139,
4139,4138,4138,4766,4766,4767,4767,4147,4147,4146,4146,4502,4502,4503,4503,
4140,4140,4778,4778,4141,4141,4779,4779,4143,4143,4142,4142,4762,4762,4763,
4763,4144,4144,4774,4774,4145,4145,4775,4775,4153,4153,4152,4152,4754,4754,
4755,4755,4148,4148,4764,4764,4149,4149,4765,4765,4163,4163,4162,4162,4506,
4506,4504,4504,4507,4507,4505,4505,4156,4156,4756,4756,4157,4157,4757,4757,
4161,4161,4160,4160,4164,4164,4165,4165,4246,4246,4824,4824,4247,4247,4825,
4825,4171,4171,4170,4170,4750,4750,4751,4751,4173,4173,4172,4172,4508,4508,
4509,4509,4168,4168,4748,4748,4169,4169,4749,4749,4174,4174,4175,4175,4181,
4181,4180,4180,4742,4742,4743,4743,4183,4183,4182,4182,4512,4512,4513,4513,
4178,4178,4738,4738,4179,4179,4739,4739,4184,4184,4185,4185,4255,4255,4254,
4254,4728,4728,4734,4734,4729,4729,4735,4735,4199,4199,4198,4198,4518,4518,
4514,4514,4519,4519,4515,4515,4186,4186,4187,4187,4188,4188,4189,4189,4192,
4192,4193,4193,4194,4194,4195,4195,4196,4196,4730,4730,4197,4197,4731,4731,
4202,4202,4203,4203,4225,4225,4224,4224,4526,4526,4522,4522,4527,4527,4523,
4523,4204,4204,4205,4205,4216,4216,4217,4217,4208,4208,4206,4206,4207,4207,
4376,4376,4213,4213,4212,4212,4354,4354,4368,4368,4209,4209,4214,4214,4392,
4392,4380,4380,4386,4386,4377,4377,4355,4355,4369,4369,4215,4215,4393,4393,
4381,4381,4387,4387,4219,4219,4218,4218,4332,4332,4338,4338,4346,4346,4333,
4333,4339,4339,4347,4347,4220,4220,4428,4428,4398,4398,4398,4400,4400,4404,
4404,4406,4406,4410,4410,4412,4412,4418,4418,4420,4420,4424,4424,4221,4221,
4429,4429,4399,4399,4399,4401,4401,4405,4405,4407,4407,4411,4411,4413,4413,
4419,4419,4421,4421,4425,4425,4222,4222,4223,4223,4227,4227,4226,4226,4342,
4342,4330,4330,4330,4334,4334,4334,4336,4336,4340,4340,4343,4343,4331,4331,
4331,4335,4335,4335,4337,4337,4341,4341,4228,4228,4450,4450,4434,4434,4440,
4440,4444,4444,4446,4446,4229,4229,4451,4451,4435,4435,4441,4441,4445,4445,
4447,4447,4230,4230,4231,4231,4243,4243,4242,4242,4534,4534,4528,4528,4535,
4535,4529,4529,4233,4233,4232,4232,4702,4702,4703,4703,4234,4234,4466,4466,
4452,4452,4456,4456,4458,4458,4235,4235,4467,4467,4453,4453,4457,4457,4459,
4459,4236,4236,4237,4237,4239,4239,4238,4238,4712,4712,4713,4713,4250,4250,
4510,4510,4470,4470,4474,4474,4480,4480,4484,4484,4490,4490,4494,4494,4498,
4498,4251,4251,4511,4511,4471,4471,4475,4475,4481,4481,4485,4485,4491,4491,
4496,4496,4499,4499,4244,4244,4245,4245,4249,4249,4248,4248,4257,4257,4256,
4256,4540,4540,4538,4538,4541,4541,4539,4539,4252,4252,4253,4253,4320,4320,
4830,4830,4826,4826,4321,4321,4831,4831,4827,4827,4261,4261,4260,4260,4268,
4268,4562,4562,4524,4524,4536,4536,4542,4542,4548,4548,4556,4556,4269,4269,
4563,4563,4525,4525,4537,4537,4543,4543,4549,4549,4557,4557,4258,4258,4722,
4722,4259,4259,4723,4723,4317,4317,4316,4316,4714,4714,4720,4720,4715,4715,
4721,4721,4275,4275,4274,4274,4544,4544,4545,4545,4264,4264,4265,4265,4267,
4267,4266,4266,4270,4270,4272,4272,4273,4273,4271,4271,4288,4288,4586,4586,
4570,4570,4574,4574,4582,4582,4289,4289,4587,4587,4571,4571,4575,4575,4583,
4583,4278,4278,4277,4277,4276,4276,4279,4279,4291,4291,4290,4290,4554,4554,
4550,4550,4555,4555,4551,4551,4285,4285,4283,4283,4282,4282,4284,4284,4286,
4286,4287,4287,4294,4294,4588,4588,4592,4592,4295,4295,4589,4589,4593,4593,
4297,4297,4296,4296,4560,4560,4561,4561,4298,4298,4580,4580,4584,4584,4299,
4299,4581,4581,4585,4585,4301,4301,4300,4300,4564,4564,4565,4565,4302,4302,
4572,4572,4576,4576,4303,4303,4573,4573,4577,4577,4568,4568,4569,4569,4365,
4365,4364,4364,4698,4698,4706,4706,4699,4699,4707,4707,4384,4384,4385,4385,
4344,4344,4345,4345,4348,4348,4692,4692,4349,4349,4693,4693,4350,4350,4351,
4351,4352,4352,4353,4353,4356,4356,4357,4357,4360,4360,4361,4361,4362,4362,
4363,4363,4366,4366,4367,4367,4431,4431,4430,4430,4680,4680,4688,4688,4681,
4681,4689,4689,4370,4370,4371,4371,4372,4372,4373,4373,4374,4374,4375,4375,
4378,4378,4379,4379,4382,4382,4383,4383,4390,4390,4391,4391,4442,4442,4836,
4836,4443,4443,4837,4837,4396,4396,4397,4397,4402,4402,4684,4684,4403,4403,
4685,4685,4408,4408,4409,4409,4416,4416,4417,4417,4422,4422,4423,4423,4426,
4426,4427,4427,4438,4438,4439,4439,4473,4473,4472,4472,4668,4668,4669,4669,
4462,4462,4674,4674,4463,4463,4675,4675,4478,4478,4840,4840,4479,4479,4841,
4841,4486,4486,4664,4664,4487,4487,4665,4665,4517,4517,4516,4516,4652,4652,
4653,4653,4500,4500,4501,4501,4520,4520,4654,4654,4521,4521,4655,4655,4530,
4530,4531,4531,4567,4567,4566,4566,4636,4636,4637,4637,4546,4546,4644,4644,
4547,4547,4645,4645,4552,4552,4844,4844,4553,4553,4845,4845,4590,4590,4632,
4632,4591,4591,4633,4633,4578,4578,4579,4579,4601,4601,4600,4600,4616,4616,
4617,4617,4596,4596,4850,4850,4597,4597,4851,4851,4598,4598,4620,4620,4599,
4599,4621,4621,4602,4602,4603,4603,4608,4608,4609,4609,4610,4610,4854,4854,
4611,4611,4855,4855,4618,4618,4860,4860,4619,4619,4861,4861,4626,4626,4627,
4627,4638,4638,4868,4868,4639,4639,4869,4869,4648,4648,4874,4874,4649,4649,
4875,4875,4658,4658,4880,4880,4659,4659,4881,4881,4662,4662,4886,4886,4663,
4663,4887,4887,4670,4670,4671,4671,4678,4678,4894,4894,4679,4679,4895,4895,
4686,4686,4687,4687,4694,4694,4695,4695,4704,4704,4900,4900,4705,4705,4901,
4901,4710,4710,4906,4906,4711,4711,4907,4907,4718,4718,4912,4912,4719,4719,
4913,4913,4724,4724,4725,4725,4736,4736,4918,4918,4737,4737,4919,4919,4744,
4744,4924,4924,4745,4745,4925,4925,4752,4752,4928,4928,4753,4753,4929,4929,
4760,4760,4932,4932,4761,4761,4933,4933,4768,4768,4769,4769,4794,4794,4795,
4795,4798,4798,4936,4936,4799,4799,4937,4937,4800,4800,4940,4940,4801,4801,
4941,4941,4804,4804,4805,4805,4806,4806,4944,4944,4807,4807,4945,4945,4810,
4810,4948,4948,4811,4811,4949,4949,4814,4814,4958,4958,4952,4952,4954,4954,
4815,4815,4959,4959,4953,4953,4955,4955,4816,4816,4970,4970,4962,4962,4966,
4966,4817,4817,4971,4971,4963,4963,4967,4967,4820,4820,4978,4978,4974,4974,
4821,4821,4979,4979,4975,4975,4822,4822,4986,4986,4982,4982,4823,4823,4987,
4987,4983,4983,4828,4828,4992,4992,4829,4829,4993,4993,4832,4832,5022,5022,
4998,4998,5006,5006,5014,5014,4833,4833,5023,5023,4999,4999,5007,5007,5015,
5015,4834,4834,5036,5036,5026,5026,5032,5032,4835,4835,5037,5037,5027,5027,
5033,5033,4838,4838,5046,5046,5040,5040,4839,4839,5047,5047,5041,5041,4842,
4842,5054,5054,5050,5050,4843,4843,5055,5055,5051,5051,4846,4846,5066,5066,
5058,5058,5062,5062,4847,4847,5067,5067,5059,5059,5063,5063,4848,4848,5074,
5074,5070,5070,4849,4849,5075,5075,5071,5071,4852,4852,5078,5078,4853,4853,
5079,5079,4856,4856,5082,5082,4857,4857,5083,5083,4858,4858,5086,5086,4859,
4859,5087,5087,4862,4862,5088,5088,4863,4863,5089,5089,4864,4864,4865,4865,
4866,4866,5084,5084,4867,4867,5085,5085,4870,4870,4871,4871,4872,4872,5080,
5080,4873,4873,5081,5081,4876,4876,5076,5076,4877,4877,5077,5077,4878,4878,
5072,5072,4879,4879,5073,5073,4882,4882,5068,5068,4883,4883,5069,5069,4884,
4884,5064,5064,4885,4885,5065,5065,4888,4888,5060,5060,4889,4889,5061,5061,
4890,4890,5056,5056,4891,4891,5057,5057,4892,4892,5048,5048,5052,5052,4893,
4893,5049,5049,5053,5053,4896,4896,5044,5044,4897,4897,5045,5045,4898,4898,
5038,5038,5042,5042,4899,4899,5039,5039,5043,5043,4902,4902,5028,5028,5030,
5030,5034,5034,4903,4903,5029,5029,5031,5031,5035,5035,4904,4904,4996,4996,
5000,5000,5002,5002,5004,5004,5008,5008,5010,5010,5012,5012,5016,5016,5018,
5018,5020,5020,5024,5024,4905,4905,4997,4997,5001,5001,5003,5003,5005,5005,
5009,5009,5011,5011,5013,5013,5017,5017,5019,5019,5021,5021,5025,5025,4908,
4908,4988,4988,4990,4990,4994,4994,4909,4909,4989,4989,4991,4991,4995,4995,
4910,4910,4980,4980,4984,4984,4911,4911,4981,4981,4985,4985,4914,4914,4976,
4976,4915,4915,4977,4977,4916,4916,4968,4968,4972,4972,4917,4917,4969,4969,
4973,4973,4920,4920,4964,4964,4921,4921,4965,4965,4922,4922,4960,4960,4923,
4923,4961,4961,4926,4926,4950,4950,4956,4956,4927,4927,4951,4951,4957,4957,
4930,4930,4946,4946,4931,4931,4947,4947,4934,4934,4942,4942,4935,4935,4943,
4943,4938,4938,4939,4939,1662,1691,1683,1679,1675,1697,1779,1701,1821,1840,
1852,1868,1879,1993,2001,1995,1979,2037,2015,2053,2045,2069,2061,1957,1943,
2085,1919,1899,1935,2077,2207,2220,2175,2167,2153,2187,2123,2096,2139,2191,
2198,2231,2234,2229,2228,2225,2222,2203,2202,2201,2200,2199,1673,1672,1671,
1668,1666,1665,1664,2230,2221,2206,2190,2186,2174,2166,2152,2138,2122,2097,
2084,2076,2068,2060,2052,2044,2036,2014,2000,1994,1992,1978,1956,1942,1934,
1918,1898,1878,1869,1853,1841,1820,1778,1700,1696,1690,1682,1678,1674,1667,
1661,1661,2249,2249,2251,2251,2250,1663,1663),((1,3,6),(7,3,1),(5,4,9),
(7,11,3),(4,12,13),(4,13,9),(1,6,15),(16,17,2),(2,19,8),(2,17,19),(15,6,
21),(22,5,23),(5,9,23),(15,21,25),(26,27,16),(16,27,17),(25,21,29),(30,
22,23),(25,29,31),(32,27,26),(31,29,33),(34,30,35),(30,23,35),(31,33,37),
(38,39,32),(32,39,27),(41,11,7),(41,43,11),(12,44,45),(12,45,13),(8,48,
42),(8,19,48),(37,33,49),(50,34,35),(37,49,51),(52,39,38),(51,49,53),(54,
50,35),(51,53,55),(56,39,52),(55,53,57),(58,54,59),(54,35,59),(55,57,61),
(62,63,56),(56,63,39),(65,43,41),(65,67,43),(44,68,69),(44,71,45),(44,69,
71),(42,73,66),(42,48,75),(42,75,73),(61,57,77),(78,58,59),(61,77,79),(80,
63,62),(79,77,81),(82,78,83),(78,59,83),(79,81,85),(86,87,80),(80,87,63),
(85,81,89),(90,82,83),(85,89,91),(92,87,86),(94,67,65),(94,95,67),(68,96,
97),(68,97,69),(66,100,93),(66,73,100),(91,89,101),(102,90,103),(90,83,
103),(91,101,105),(106,107,92),(92,107,87),(105,101,109),(110,102,111),
(102,103,111),(105,109,113),(114,115,106),(106,115,107),(117,95,94),(117,
119,95),(96,120,121),(96,123,97),(96,121,123),(93,125,118),(93,100,127),
(93,127,125),(113,109,129),(130,110,111),(113,129,131),(132,115,114),(131,
129,133),(134,130,135),(130,111,135),(131,133,137),(138,139,132),(132,139,
115),(141,119,117),(141,143,119),(120,144,145),(120,147,121),(120,145,147),
(118,149,142),(118,125,151),(118,151,149),(137,133,153),(154,134,155),(134,
135,155),(137,153,157),(158,159,138),(138,159,139),(157,153,161),(162,154,
163),(154,155,163),(157,161,165),(166,167,158),(158,167,159),(169,143,141),
(169,171,143),(144,172,173),(144,173,145),(142,176,170),(142,149,176),(165,
161,177),(178,162,179),(162,163,179),(165,177,181),(182,183,166),(166,183,
167),(181,177,185),(186,178,187),(178,179,187),(181,185,189),(190,191,182),
(182,191,183),(189,185,193),(194,186,187),(189,193,195),(196,191,190),(195,
193,197),(198,194,199),(194,187,199),(195,197,201),(202,203,196),(196,203,
191),(205,171,169),(205,207,171),(172,208,209),(172,211,173),(172,209,211),
(170,213,206),(170,176,215),(170,215,213),(201,197,217),(218,198,199),(201,
217,219),(220,203,202),(219,217,221),(222,218,199),(219,221,223),(224,203,
220),(226,207,205),(226,227,207),(208,228,229),(208,229,209),(206,232,225),
(206,213,232),(223,221,233),(234,222,235),(222,237,235),(222,239,237),(222,
199,239),(223,233,241),(242,243,224),(224,243,245),(224,245,247),(224,247,
203),(241,233,249),(250,234,251),(234,253,251),(234,235,253),(241,249,255),
(256,257,242),(242,257,259),(242,259,243),(255,249,261),(262,250,263),(250,
265,263),(250,251,265),(255,261,267),(268,269,256),(256,269,271),(256,271,
257),(273,227,226),(273,275,227),(228,276,277),(228,277,229),(225,280,274),
(225,232,280),(267,261,281),(282,262,283),(262,263,283),(267,281,285),(286,
287,268),(268,287,269),(285,281,289),(290,282,291),(282,283,291),(285,289,
293),(294,295,286),(286,295,287),(293,289,297),(298,290,299),(290,291,299),
(293,297,301),(302,303,294),(294,303,295),(305,275,273),(305,307,275),(276,
308,309),(276,309,277),(274,312,306),(274,280,312),(301,297,313),(314,298,
315),(298,299,315),(301,313,317),(318,319,302),(302,319,303),(317,313,321),
(314,315,322),(317,321,323),(318,324,319),(323,321,316),(323,316,320),(320,
316,300),(320,300,304),(326,307,305),(326,327,307),(308,328,309),(306,312,
325),(304,300,292),(304,292,296),(296,292,284),(296,284,288),(288,284,264),
(288,264,270),(329,327,326),(329,331,327),(328,332,333),(328,333,309),(325,
336,330),(325,312,336),(270,264,266),(270,266,272),(338,331,329),(338,339,
331),(332,340,333),(330,336,337),(341,339,338),(341,343,339),(340,344,333),
(337,336,342),(272,266,252),(272,252,258),(345,343,341),(345,347,343),(344,
348,333),(342,336,346),(258,252,254),(258,254,260),(349,347,345),(349,351,
347),(348,352,333),(346,336,350),(353,351,349),(353,355,351),(352,356,333),
(350,336,354),(260,254,236),(260,236,244),(357,355,353),(357,359,355),(356,
360,361),(356,361,333),(354,364,358),(354,336,364),(244,236,238),(244,238,
246),(366,359,357),(366,367,359),(360,368,361),(358,364,365),(246,238,240),
(246,240,248),(369,367,366),(369,371,367),(368,372,361),(365,364,370),(248,
240,374),(373,239,375),(239,199,375),(248,374,377),(378,380,247),(247,380,
203),(382,371,369),(382,383,371),(372,384,361),(370,364,381),(377,374,386),
(385,373,375),(377,386,387),(388,380,378),(390,383,382),(390,391,383),(384,
392,361),(381,364,389),(387,386,394),(393,385,375),(387,394,395),(396,380,
388),(398,391,390),(398,399,391),(392,400,361),(389,364,397),(395,394,402),
(401,393,375),(395,402,403),(404,380,396),(406,399,398),(406,407,399),(400,
408,409),(400,409,361),(397,412,405),(397,364,412),(403,402,413),(414,401,
375),(403,413,415),(416,380,404),(418,407,406),(418,419,407),(408,420,409),
(405,412,417),(415,413,422),(421,414,423),(414,375,423),(415,422,425),(426,
428,416),(416,428,380),(430,419,418),(430,431,419),(420,432,409),(417,412,
429),(425,422,434),(433,421,423),(425,434,435),(436,428,426),(438,431,430),
(438,439,431),(432,440,409),(429,412,437),(435,434,442),(441,433,443),(433,
423,443),(435,442,445),(446,448,436),(436,448,428),(450,439,438),(450,451,
439),(440,452,409),(437,412,449),(445,442,454),(453,441,443),(445,454,455),
(456,448,446),(458,451,450),(458,459,451),(452,460,461),(452,461,409),(449,
464,457),(449,412,464),(455,454,465),(466,453,467),(453,443,467),(455,465,
469),(470,471,456),(456,471,448),(469,465,473),(474,466,467),(469,473,475),
(476,471,470),(478,459,458),(478,479,459),(460,480,461),(457,464,477),(475,
473,482),(481,474,483),(474,467,483),(475,482,485),(486,488,476),(476,488,
471),(490,479,478),(490,491,479),(480,492,461),(477,464,489),(485,482,494),
(493,481,483),(485,494,495),(496,488,486),(498,491,490),(498,499,491),(492,
500,461),(489,464,497),(495,494,502),(501,493,503),(493,483,503),(495,502,
505),(506,508,496),(496,508,488),(510,499,498),(510,511,499),(500,512,513),
(500,513,461),(497,516,509),(497,464,516),(505,502,517),(518,501,503),(505,
517,519),(520,508,506),(519,517,521),(522,518,523),(518,503,523),(519,521,
525),(526,527,520),(520,527,508),(529,511,510),(529,531,511),(512,532,513),
(509,516,530),(525,521,534),(533,522,523),(525,534,535),(536,527,526),(538,
531,529),(538,539,531),(532,540,513),(530,516,537),(535,534,542),(541,533,
543),(533,523,543),(535,542,545),(546,548,536),(536,548,527),(550,539,538),
(550,551,539),(540,552,513),(537,516,549),(545,542,554),(553,541,543),(545,
554,555),(556,548,546),(555,554,557),(558,553,559),(553,543,559),(555,557,
561),(562,563,556),(556,563,548),(561,557,565),(566,558,567),(558,559,567),
(561,565,569),(570,571,562),(562,571,563),(573,551,550),(573,575,551),(552,
576,577),(552,577,513),(549,580,574),(549,516,580),(569,565,581),(582,566,
583),(566,567,583),(569,581,585),(586,587,570),(570,587,571),(585,581,589),
(590,582,591),(582,583,591),(585,589,593),(594,595,586),(586,595,587),(597,
575,573),(597,599,575),(576,600,577),(574,580,598),(593,589,602),(601,590,
603),(590,591,603),(593,602,605),(606,608,594),(594,608,595),(610,599,597),
(610,611,599),(600,612,577),(598,580,609),(605,602,614),(601,603,613),(605,
614,615),(606,616,608),(615,614,604),(615,604,607),(618,611,610),(618,619,
611),(612,620,621),(612,621,577),(609,624,617),(609,580,624),(607,604,592),
(607,592,596),(596,592,584),(596,584,588),(626,619,618),(626,627,619),(620,
628,629),(620,629,621),(617,632,625),(617,624,632),(588,584,568),(588,568,
572),(572,568,560),(572,560,564),(564,560,544),(564,544,547),(634,627,626),
(634,635,627),(628,636,637),(628,637,629),(625,640,633),(625,632,640),(547,
544,524),(547,524,528),(528,524,504),(528,504,507),(642,635,634),(642,643,
635),(636,644,645),(636,645,637),(633,648,641),(633,640,648),(507,504,484),
(507,484,487),(650,643,642),(650,651,643),(644,652,653),(644,655,645),(644,
653,655),(641,657,649),(641,648,659),(641,659,657),(487,484,468),(487,468,
472),(472,468,444),(472,444,447),(661,651,650),(661,663,651),(652,664,665),
(652,667,653),(652,665,667),(649,669,662),(649,657,671),(649,671,669),(447,
444,424),(447,424,427),(427,424,376),(427,376,379),(379,376,200),(379,200,
204),(673,663,661),(673,675,663),(664,676,677),(664,679,665),(664,677,679),
(662,681,674),(662,669,683),(662,683,681),(204,200,188),(204,188,192),(192,
188,180),(192,180,184),(184,180,164),(184,164,168),(685,675,673),(685,687,
675),(676,688,689),(676,689,677),(674,692,686),(674,681,692),(168,164,156),
(168,156,160),(160,156,136),(160,136,140),(140,136,112),(140,112,116),(116,
112,104),(116,104,108),(108,104,84),(108,84,88),(88,84,60),(88,60,64),(694,
687,685),(694,695,687),(688,696,697),(688,699,689),(688,701,699),(688,697,
701),(686,703,693),(686,692,705),(686,705,707),(686,707,703),(64,60,36),
(64,36,40),(40,36,24),(40,24,28),(28,24,10),(28,10,18),(18,10,14),(18,14,
20),(20,14,46),(20,46,47),(709,695,694),(709,711,695),(696,712,713),(696,
715,697),(696,717,715),(696,719,717),(696,713,719),(693,721,710),(693,703,
723),(693,723,725),(693,725,727),(693,727,721),(47,46,72),(47,72,76),(76,
72,70),(76,70,74),(74,70,98),(74,98,99),(729,711,709),(729,731,711),(712,
732,733),(712,735,713),(712,737,735),(712,733,737),(710,739,730),(710,721,
741),(710,741,743),(710,743,739),(99,98,124),(99,124,128),(128,124,122),
(128,122,126),(126,122,148),(126,148,152),(745,731,729),(745,747,731),(732,
748,749),(732,749,733),(730,752,746),(730,739,752),(152,148,146),(152,146,
150),(150,146,174),(150,174,175),(754,747,745),(754,755,747),(748,756,757),
(748,757,749),(746,760,753),(746,752,760),(175,174,212),(175,212,216),(762,
755,754),(762,763,755),(756,764,765),(756,765,757),(753,768,761),(753,760,
768),(216,212,210),(216,210,214),(770,763,762),(770,771,763),(764,772,773),
(764,773,765),(761,776,769),(761,768,776),(214,210,230),(214,230,231),(778,
771,770),(778,779,771),(772,780,781),(772,781,773),(769,784,777),(769,776,
784),(231,230,278),(231,278,279),(786,779,778),(786,787,779),(780,788,789),
(780,789,781),(777,792,785),(777,784,792),(279,278,310),(279,310,311),(794,
787,786),(794,795,787),(788,796,797),(788,797,789),(785,800,793),(785,792,
800),(802,795,794),(802,803,795),(796,804,797),(793,800,801),(311,310,334),
(311,334,335),(805,803,802),(805,807,803),(804,808,809),(804,811,797),(804,
809,811),(801,813,806),(801,800,815),(801,815,813),(817,807,805),(817,819,
807),(808,820,821),(808,823,809),(808,825,823),(808,827,825),(808,821,827),
(806,829,818),(806,813,831),(806,831,833),(806,833,835),(806,835,829),(335,
334,362),(335,362,363),(837,819,817),(837,839,819),(820,840,841),(820,843,
821),(820,845,843),(820,847,845),(820,841,847),(818,849,838),(818,829,851),
(818,851,853),(818,853,855),(818,855,849),(363,362,410),(363,410,411),(857,
839,837),(857,859,839),(840,860,861),(840,863,841),(840,865,863),(840,867,
865),(840,869,867),(840,871,869),(840,873,871),(840,861,873),(838,875,858),
(838,849,877),(838,877,879),(838,879,881),(838,881,883),(838,883,885),(838,
885,887),(838,887,875),(889,891,894),(895,891,889),(893,892,897),(895,899,
891),(892,900,901),(892,901,897),(889,894,903),(904,905,890),(890,907,896),
(890,905,907),(903,894,909),(910,893,911),(911,893,897),(903,909,913),(914,
915,904),(915,905,904),(917,899,895),(917,919,899),(900,920,901),(896,907,
918),(913,909,922),(921,910,923),(910,925,923),(910,927,925),(910,929,927),
(910,931,929),(910,911,931),(913,922,933),(934,935,914),(914,935,937),(914,
937,939),(914,939,941),(914,941,943),(914,943,915),(945,919,917),(945,947,
919),(920,948,901),(918,907,946),(933,922,950),(949,921,951),(921,953,951),
(921,955,953),(921,957,955),(921,923,957),(933,950,959),(960,961,934),(934,
961,963),(934,963,965),(934,965,967),(934,967,935),(969,947,945),(969,971,
947),(948,972,973),(948,973,901),(946,976,970),(946,907,976),(959,950,977),
(978,949,979),(949,981,979),(949,983,981),(949,951,983),(959,977,985),(986,
987,960),(960,987,989),(960,989,991),(960,991,961),(993,971,969),(993,995,
971),(972,996,973),(970,976,994),(997,859,857),(997,999,859),(860,1000,
1001),(860,1003,861),(860,1005,1003),(860,1007,1005),(860,1001,1007),(858,
1009,998),(858,875,1011),(858,1011,1013),(858,1013,1015),(858,1015,1009),
(985,977,1017),(1018,978,1019),(978,979,1019),(985,1017,1021),(1022,1023,
986),(986,1023,987),(1025,995,993),(1025,1027,995),(996,1028,973),(994,
976,1026),(1021,1017,1030),(1029,1018,1031),(1018,1019,1031),(1021,1030,
1033),(1034,1036,1022),(1022,1036,1023),(1033,1030,1037),(1038,1029,1039),
(1029,1031,1039),(1033,1037,1041),(1042,1043,1034),(1034,1043,1036),(411,
410,462),(411,462,463),(1045,1027,1025),(1045,1047,1027),(1028,1048,1049),
(1028,1049,973),(1026,1052,1046),(1026,976,1052),(1041,1037,1053),(1054,
1038,1055),(1038,1039,1055),(1041,1053,1057),(1058,1059,1042),(1042,1059,
1043),(1057,1053,1061),(1062,1054,1063),(1054,1055,1063),(1057,1061,1065),
(1066,1067,1058),(1058,1067,1059),(1069,1047,1045),(1069,1071,1047),(1048,
1072,1049),(1046,1052,1070),(1065,1061,1064),(1065,1064,1068),(1073,999,
997),(1073,1075,999),(1000,1076,1077),(1000,1079,1001),(1000,1077,1079),
(998,1081,1074),(998,1009,1083),(998,1083,1081),(1085,1071,1069),(1085,
1087,1071),(1072,1088,1049),(1070,1052,1086),(1068,1064,1056),(1068,1056,
1060),(1060,1056,1040),(1060,1040,1044),(1044,1040,1032),(1044,1032,1035),
(1089,1091,1094),(1095,1091,1089),(1093,1092,1097),(1095,1099,1091),(1092,
1100,1097),(1089,1094,1101),(1102,1103,1090),(1090,1103,1096),(1101,1094,
1105),(1106,1093,1107),(1093,1097,1107),(1101,1105,1109),(1110,1111,1102),
(1102,1111,1103),(463,462,514),(463,514,515),(1113,1099,1095),(1113,1115,
1099),(1100,1116,1117),(1100,1117,1097),(1096,1120,1114),(1096,1103,1120),
(1109,1105,1121),(1122,1106,1107),(1109,1121,1123),(1124,1111,1110),(1126,
1115,1113),(1126,1127,1115),(1116,1128,1117),(1114,1120,1125),(1123,1121,
1130),(1129,1122,1107),(1123,1130,1131),(1132,1111,1124),(1134,1127,1126),
(1134,1135,1127),(1128,1136,1117),(1125,1120,1133),(1131,1130,1138),(1137,
1129,1139),(1129,1107,1139),(1131,1138,1141),(1142,1144,1132),(1132,1144,
1111),(1146,1087,1085),(1146,1147,1087),(1088,1148,1149),(1088,1149,1049),
(1086,1152,1145),(1086,1052,1152),(1154,1135,1134),(1154,1155,1135),(1136,
1156,1157),(1136,1157,1117),(1133,1160,1153),(1133,1120,1160),(1162,1075,
1073),(1162,1163,1075),(1076,1164,1165),(1076,1167,1077),(1076,1169,1167),
(1076,1165,1169),(1074,1171,1161),(1074,1081,1173),(1074,1173,1175),(1074,
1175,1171),(1141,1138,1177),(1178,1137,1179),(1137,1139,1179),(1141,1177,
1181),(1182,1183,1142),(1142,1183,1144),(1035,1032,1020),(1035,1020,1024),
(1185,1155,1154),(1185,1187,1155),(1156,1188,1157),(1153,1160,1186),(1181,
1177,1190),(1189,1178,1191),(1178,1179,1191),(1181,1190,1193),(1194,1196,
1182),(1182,1196,1183),(1198,1187,1185),(1198,1199,1187),(1188,1200,1201),
(1188,1201,1157),(1186,1204,1197),(1186,1160,1204),(1206,1199,1198),(1206,
1207,1199),(1200,1208,1209),(1200,1209,1201),(1197,1212,1205),(1197,1204,
1212),(1193,1190,1213),(1214,1189,1215),(1189,1191,1215),(1193,1213,1217),
(1218,1219,1194),(1194,1219,1196),(1024,1020,980),(1024,980,988),(1221,
1207,1206),(1221,1223,1207),(1208,1224,1225),(1208,1227,1209),(1208,1225,
1227),(1205,1229,1222),(1205,1212,1231),(1205,1231,1229),(1217,1213,1233),
(1214,1215,1234),(1217,1233,1235),(1218,1236,1219),(1238,1223,1221),(1238,
1239,1223),(1224,1240,1241),(1224,1243,1225),(1224,1241,1243),(1222,1245,
1237),(1222,1229,1247),(1222,1247,1245),(1249,1147,1146),(1249,1251,1147),
(1148,1252,1253),(1148,1253,1149),(1145,1256,1250),(1145,1152,1256),(1235,
1233,1216),(1235,1216,1220),(988,980,982),(988,982,990),(1258,1239,1238),
(1258,1259,1239),(1240,1260,1241),(1237,1245,1257),(515,514,578),(515,578,
579),(1261,1163,1162),(1261,1263,1163),(1164,1264,1265),(1164,1267,1165),
(1164,1265,1267),(1161,1269,1262),(1161,1171,1271),(1161,1271,1269),(1273,
1259,1258),(1273,1275,1259),(1260,1276,1277),(1260,1277,1241),(1257,1280,
1274),(1257,1245,1280),(1220,1216,1192),(1220,1192,1195),(990,982,984),
(990,984,992),(1282,1275,1273),(1282,1283,1275),(1276,1284,1277),(1274,
1280,1281),(1195,1192,1180),(1195,1180,1184),(1285,1283,1282),(1285,1287,
1283),(1284,1288,1289),(1284,1289,1277),(1281,1292,1286),(1281,1280,1292),
(992,984,952),(992,952,962),(1294,1287,1285),(1294,1295,1287),(1288,1296,
1297),(1288,1297,1289),(1286,1301,1293),(1286,1292,1301),(1184,1180,1140),
(1184,1140,1143),(962,952,954),(962,954,964),(1303,1251,1249),(1303,1305,
1251),(1252,1306,1253),(1250,1256,1304),(1307,1295,1294),(1307,1309,1295),
(1296,1310,1311),(1296,1311,1297),(1293,1314,1308),(1293,1301,1314),(1316,
1263,1261),(1316,1317,1263),(1264,1318,1319),(1264,1321,1265),(1264,1319,
1321),(1262,1323,1315),(1262,1269,1325),(1262,1325,1323),(579,578,622),
(579,622,623),(1327,1309,1307),(1327,1329,1309),(1310,1330,1331),(1310,
1331,1311),(1308,1334,1328),(1308,1314,1334),(964,954,956),(964,956,966),
(1143,1140,1108),(1143,1108,1112),(1336,1329,1327),(1336,1337,1329),(1330,
1338,1339),(1330,1339,1341),(1330,1341,1331),(1328,1343,1335),(1328,1345,
1343),(1328,1334,1345),(966,956,958),(966,958,968),(1347,1337,1336),(1347,
1349,1337),(1338,1350,1351),(1338,1353,1339),(1338,1351,1353),(1335,1355,
1348),(1335,1343,1357),(1335,1357,1355),(1112,1108,1098),(1112,1098,1104),
(1359,1349,1347),(1359,1361,1349),(1350,1362,1363),(1350,1365,1351),(1350,
1363,1365),(1348,1367,1360),(1348,1355,1369),(1348,1369,1367),(968,958,
924),(968,924,936),(1371,1361,1359),(1371,1373,1361),(1362,1374,1375),(1362,
1377,1363),(1362,1379,1377),(1362,1381,1379),(1362,1383,1381),(1362,1375,
1383),(1360,1385,1372),(1360,1367,1387),(1360,1387,1389),(1360,1389,1391),
(1360,1391,1393),(1360,1393,1385),(936,924,926),(936,926,938),(1395,1305,
1303),(1395,1397,1305),(1306,1398,1399),(1306,1399,1253),(1304,1402,1396),
(1304,1256,1402),(1404,1317,1316),(1404,1405,1317),(1318,1406,1407),(1318,
1407,1319),(1315,1410,1403),(1315,1323,1410),(623,622,630),(623,630,631),
(1412,1373,1371),(1412,1413,1373),(1374,1414,1415),(1374,1415,1375),(1372,
1418,1411),(1372,1385,1418),(938,926,928),(1104,1098,1118),(938,928,940),
(1104,1118,1119),(940,928,930),(940,930,942),(1420,1413,1412),(1420,1421,
1413),(1414,1422,1423),(1414,1423,1415),(1411,1426,1419),(1411,1418,1426),
(942,930,932),(942,932,944),(1428,1421,1420),(1428,1429,1421),(1422,1430,
1423),(1419,1426,1427),(944,932,912),(944,912,916),(916,912,1432),(1431,
911,897),(916,1432,1433),(1434,905,915),(1436,1437,1440),(1441,1437,1436),
(1439,1438,1443),(1441,1445,1437),(1438,1446,1443),(1436,1440,1447),(1448,
1449,1435),(1435,1449,1442),(1447,1440,1451),(1452,1439,1443),(1447,1451,
1453),(1454,1449,1448),(1456,1445,1441),(1456,1457,1445),(1446,1458,1443),
(1442,1449,1455),(1453,1451,1460),(1459,1452,1443),(1453,1460,1461),(1462,
1449,1454),(1119,1118,1158),(1119,1158,1159),(1464,1429,1428),(1464,1465,
1429),(1430,1466,1423),(1427,1426,1463),(1467,1457,1456),(1467,1469,1457),
(1458,1470,1471),(1458,1471,1443),(1455,1474,1468),(1455,1449,1474),(1461,
1460,1475),(1476,1459,1477),(1459,1443,1477),(1461,1475,1479),(1480,1481,
1462),(1462,1481,1449),(1483,1469,1467),(1483,1485,1469),(1470,1486,1471),
(1468,1474,1484),(1479,1475,1488),(1487,1476,1477),(1479,1488,1489),(1490,
1481,1480),(1433,1432,1491),(1492,1431,897),(1433,1491,1495),(1496,905,
1434),(1498,1485,1483),(1498,1499,1485),(1486,1500,1471),(1484,1474,1497),
(1501,1465,1464),(1501,1503,1465),(1466,1504,1505),(1466,1505,1423),(1463,
1508,1502),(1463,1426,1508),(1489,1488,1509),(1510,1487,1511),(1487,1477,
1511),(1489,1509,1513),(1514,1515,1490),(1490,1515,1481),(1517,1499,1498),
(1517,1519,1499),(1500,1520,1471),(1497,1474,1518),(1494,1493,1522),(1521,
1492,897),(1494,1522,1524),(1526,905,1496),(1528,1503,1501),(1528,1529,
1503),(1504,1530,1505),(1502,1508,1527),(1525,1523,1532),(1531,1521,1505),
(1521,897,1505),(1525,1532,1534),(1536,1508,1526),(1526,1508,905),(1535,
1529,1528),(1535,1533,1529),(1530,1531,1505),(1527,1508,1536),(1513,1509,
1537),(1538,1510,1539),(1510,1511,1539),(1513,1537,1541),(1542,1543,1514),
(1514,1543,1515),(1545,1519,1517),(1545,1547,1519),(1520,1548,1471),(1518,
1474,1546),(631,630,638),(631,638,639),(1549,1547,1545),(1549,1551,1547),
(1548,1552,1471),(1546,1474,1550),(1541,1537,1554),(1553,1538,1555),(1538,
1539,1555),(1541,1554,1557),(1558,1560,1542),(1542,1560,1543),(1562,1405,
1404),(1562,1563,1405),(1406,1564,1565),(1406,1567,1407),(1406,1565,1567),
(1403,1569,1561),(1403,1410,1571),(1403,1571,1569),(1573,1551,1549),(1573,
1575,1551),(1552,1576,1577),(1552,1577,1471),(1550,1580,1574),(1550,1474,
1580),(1582,1397,1395),(1582,1583,1397),(1398,1584,1585),(1398,1585,1399),
(1396,1588,1581),(1396,1402,1588),(1557,1554,1589),(1590,1553,1591),(1553,
1555,1591),(1557,1589,1593),(1594,1595,1558),(1558,1595,1560),(1597,1575,
1573),(1597,1599,1575),(1576,1600,1577),(1574,1580,1598),(1159,1158,1202),
(1159,1202,1203),(1601,1599,1597),(1601,1603,1599),(1600,1604,1577),(1598,
1580,1602),(1593,1589,1606),(1605,1590,1607),(1590,1591,1607),(1593,1606,
1609),(1610,1612,1594),(1594,1612,1595),(1614,1603,1601),(1614,1615,1603),
(1604,1616,1617),(1604,1617,1577),(1602,1620,1613),(1602,1580,1620),(1609,
1606,1608),(1609,1608,1611),(1622,1615,1614),(1622,1623,1615),(1616,1624,
1617),(1613,1620,1621),(639,638,646),(639,646,647),(1611,1608,1592),(1611,
1592,1596),(1625,1623,1622),(1625,1627,1623),(1624,1628,1617),(1621,1620,
1626),(1203,1202,1210),(1203,1210,1211),(1629,1627,1625),(1629,1631,1627),
(1628,1632,1633),(1628,1633,1617),(1626,1636,1630),(1626,1620,1636),(1596,
1592,1556),(1596,1556,1559),(1638,1631,1629),(1638,1639,1631),(1632,1640,
1633),(1630,1636,1637),(1641,1563,1562),(1641,1643,1563),(1564,1644,1645),
(1564,1647,1565),(1564,1645,1647),(1561,1649,1642),(1561,1569,1651),(1561,
1651,1649),(1559,1556,1540),(1559,1540,1544),(1653,1639,1638),(1653,1655,
1639),(1640,1656,1657),(1640,1657,1633),(1637,1660,1654),(1637,1636,1660),
(1211,1210,1228),(1211,1228,1232),(1544,1540,1512),(1544,1512,1516),(1662,
1583,1582),(1662,1663,1583),(1584,1664,1665),(1584,1667,1585),(1584,1665,
1667),(1581,1669,1661),(1581,1588,1671),(1581,1671,1669),(1673,1655,1653),
(1673,1675,1655),(1656,1676,1657),(1654,1660,1674),(647,646,656),(647,656,
660),(1516,1512,1478),(1516,1478,1482),(1677,1675,1673),(1677,1679,1675),
(1676,1680,1681),(1676,1681,1657),(1674,1684,1678),(1674,1660,1684),(1232,
1228,1226),(1232,1226,1230),(1482,1478,1444),(1482,1444,1450),(1686,1679,
1677),(1686,1687,1679),(1680,1688,1689),(1680,1691,1681),(1680,1689,1691),
(1678,1693,1685),(1678,1684,1695),(1678,1695,1693),(1450,1444,1472),(1450,
1472,1473),(1230,1226,1244),(1230,1244,1248),(1697,1687,1686),(1697,1699,
1687),(1688,1700,1701),(1688,1703,1689),(1688,1701,1703),(1685,1705,1698),
(1685,1693,1707),(1685,1707,1705),(660,656,654),(660,654,658),(1473,1472,
1578),(1473,1578,1579),(1709,1643,1641),(1709,1711,1643),(1644,1712,1713),
(1644,1713,1645),(1642,1716,1710),(1642,1649,1716),(1248,1244,1717),(1718,
1243,1720),(1243,1241,1720),(1248,1717,1722),(1724,1725,1247),(1247,1725,
1245),(1727,1699,1697),(1727,1729,1699),(1700,1730,1731),(1701,1700,1733),
(1700,1731,1733),(1698,1735,1728),(1705,1737,1698),(1698,1737,1735),(1723,
1719,1739),(1740,1718,1720),(1723,1739,1743),(1744,1725,1724),(1742,1729,
1727),(1742,1741,1729),(1730,1740,1720),(1730,1720,1731),(1728,1725,1744),
(1728,1735,1725),(1579,1578,1618),(1579,1618,1619),(1746,1663,1662),(1746,
1747,1663),(1664,1748,1749),(1664,1751,1665),(1664,1749,1751),(1661,1753,
1745),(1661,1669,1755),(1661,1755,1753),(658,654,668),(658,668,672),(1619,
1618,1634),(1619,1634,1635),(672,668,666),(672,666,670),(1635,1634,1658),
(1635,1658,1659),(1757,1711,1709),(1757,1759,1711),(1712,1760,1761),(1712,
1761,1713),(1710,1764,1758),(1710,1716,1764),(1659,1658,1682),(1659,1682,
1683),(670,666,680),(670,680,684),(1766,1747,1746),(1766,1767,1747),(1748,
1768,1769),(1748,1769,1749),(1745,1772,1765),(1745,1753,1772),(1774,1759,
1757),(1774,1775,1759),(1760,1776,1777),(1760,1777,1761),(1758,1780,1773),
(1758,1764,1780),(1683,1682,1692),(1683,1692,1696),(1782,1775,1774),(1782,
1783,1775),(1776,1784,1785),(1776,1785,1777),(1773,1788,1781),(1773,1780,
1788),(684,680,678),(684,678,682),(1696,1692,1690),(1696,1690,1694),(1694,
1690,1704),(1694,1704,1708),(1790,1783,1782),(1790,1791,1783),(1784,1792,
1785),(1781,1788,1789),(1793,1767,1766),(1793,1795,1767),(1768,1796,1797),
(1768,1799,1769),(1768,1797,1799),(1765,1801,1794),(1765,1772,1803),(1765,
1803,1801),(1805,1807,1809),(1809,1807,1811),(1805,1814,1807),(1808,1813,
1815),(1812,1808,1817),(1808,1819,1817),(1808,1815,1819),(1810,1821,1806),
(1809,1811,1823),(1824,1825,1810),(1810,1825,1827),(1810,1827,1821),(1829,
1814,1805),(1829,1831,1814),(1813,1832,1833),(1813,1835,1815),(1813,1833,
1835),(1806,1837,1830),(1806,1821,1839),(1806,1839,1837),(1823,1811,1841),
(1842,1812,1843),(1812,1845,1843),(1812,1817,1845),(1823,1841,1847),(1848,
1849,1824),(1824,1849,1851),(1824,1851,1825),(1708,1704,1702),(1708,1702,
1706),(1853,1831,1829),(1853,1855,1831),(1832,1856,1857),(1832,1857,1833),
(1830,1860,1854),(1830,1837,1860),(1847,1841,1861),(1862,1842,1863),(1842,
1843,1863),(1847,1861,1865),(1866,1867,1848),(1848,1867,1849),(1865,1861,
1869),(1870,1862,1871),(1862,1873,1871),(1862,1863,1873),(1865,1869,1875),
(1876,1877,1866),(1866,1877,1879),(1866,1879,1867),(1881,1855,1853),(1881,
1883,1855),(1856,1884,1885),(1856,1887,1857),(1856,1885,1887),(1854,1889,
1882),(1854,1860,1891),(1854,1891,1889),(682,678,690),(682,690,691),(1875,
1869,1893),(1894,1870,1895),(1870,1897,1895),(1870,1871,1897),(1875,1893,
1899),(1900,1901,1876),(1876,1901,1903),(1876,1903,1877),(1905,1883,1881),
(1905,1907,1883),(1884,1908,1909),(1884,1911,1885),(1884,1913,1911),(1884,
1909,1913),(1882,1915,1906),(1882,1889,1917),(1882,1917,1919),(1882,1919,
1915),(1921,1791,1790),(1921,1923,1791),(1792,1924,1925),(1792,1925,1785),
(1789,1928,1922),(1789,1788,1928),(1706,1702,1929),(1930,1701,1733),(1706,
1929,1933),(1934,1737,1705),(1899,1893,1935),(1936,1894,1937),(1894,1895,
1937),(1899,1935,1939),(1940,1941,1900),(1900,1941,1901),(1943,1907,1905),
(1943,1945,1907),(1908,1946,1947),(1908,1947,1909),(1906,1950,1944),(1906,
1915,1950),(1952,1945,1943),(1952,1953,1945),(1946,1954,1955),(1946,1957,
1947),(1946,1955,1957),(1944,1959,1951),(1944,1950,1961),(1944,1961,1959),
(1939,1935,1963),(1964,1936,1965),(1936,1967,1965),(1936,1937,1967),(1939,
1963,1969),(1970,1971,1940),(1940,1971,1973),(1940,1973,1941),(1975,1953,
1952),(1975,1977,1953),(1954,1978,1955),(1951,1959,1976),(1932,1931,1980),
(1979,1930,1733),(1932,1980,1982),(1984,1737,1934),(1986,1977,1975),(1986,
1987,1977),(1978,1988,1989),(1978,1989,1955),(1976,1992,1985),(1976,1959,
1992),(1994,1987,1986),(1994,1995,1987),(1988,1996,1997),(1988,1997,1989),
(1985,2000,1993),(1985,1992,2000),(2002,1995,1994),(2002,2003,1995),(1996,
2004,1997),(1993,2000,2001),(1969,1963,1966),(1969,1966,1972),(2005,2003,
2002),(2005,2007,2003),(2004,2008,2009),(2004,2009,1997),(2001,2012,2006),
(2001,2000,2012),(1983,1981,2013),(2014,1979,2015),(1979,1733,2015),(1983,
2013,2017),(2018,2019,1984),(1984,2019,1737),(2021,2007,2005),(2021,2023,
2007),(2008,2024,2009),(2006,2012,2022),(2017,2013,2026),(2025,2014,2015),
(2017,2026,2027),(2028,2019,2018),(2030,2023,2021),(2030,2031,2023),(2024,
2032,2009),(2022,2012,2029),(2027,2026,2031),(2032,2025,2015),(2027,2031,
2030),(2029,2019,2028),(2032,2015,2009),(2029,2012,2019),(1972,1966,1968),
(1972,1968,1974),(2033,1923,1921),(2033,2035,1923),(1924,2036,1925),(1922,
1928,2034),(2037,1795,1793),(2037,2039,1795),(1796,2040,1797),(1794,1801,
2038),(1974,1968,1938),(1974,1938,1942),(1942,1938,1896),(1942,1896,1902),
(691,690,700),(691,700,706),(1902,1896,1898),(1902,1898,1904),(1904,1898,
1872),(1904,1872,1878),(2041,2035,2033),(2041,2043,2035),(2036,2044,2045),
(2036,2045,1925),(2034,2048,2042),(2034,1928,2048),(1878,1872,1874),(1878,
1874,1880),(1880,1874,1864),(1880,1864,1868),(2050,2039,2037),(2050,2051,
2039),(2040,2052,2053),(2040,2053,1797),(2038,2056,2049),(2038,1801,2056),
(1868,1864,1844),(1868,1844,1850),(2058,2043,2041),(2058,2059,2043),(2044,
2060,2045),(2042,2048,2057),(1850,1844,1846),(1850,1846,1852),(1852,1846,
1818),(1852,1818,1826),(706,700,702),(706,702,708),(1826,1818,1820),(1826,
1820,1828),(2061,2051,2050),(2061,2063,2051),(2052,2064,2053),(2049,2056,
2062),(2065,2059,2058),(2065,2067,2059),(2060,2068,2069),(2060,2069,2045),
(2057,2072,2066),(2057,2048,2072),(1828,1820,1816),(1828,1816,1822),(1822,
1816,1836),(1822,1836,1840),(1840,1836,1834),(1840,1834,1838),(2074,2067,
2065),(2074,2075,2067),(2068,2076,2077),(2068,2077,2069),(2066,2080,2073),
(2066,2072,2080),(2082,2063,2061),(2082,2083,2063),(2064,2084,2085),(2064,
2085,2053),(2062,2088,2081),(2062,2056,2088),(1838,1834,1858),(1838,1858,
1859),(1859,1858,1888),(1859,1888,1892),(2090,2075,2074),(2090,2091,2075),
(2076,2092,2093),(2076,2095,2077),(2076,2097,2095),(2076,2093,2097),(2073,
2099,2089),(2073,2080,2101),(2073,2101,2103),(2073,2103,2099),(708,702,
698),(708,698,704),(1892,1888,1886),(1892,1886,1890),(2105,2083,2082),(2105,
2107,2083),(2084,2108,2109),(2084,2109,2085),(2081,2112,2106),(2081,2088,
2112),(2114,2091,2090),(2114,2115,2091),(2092,2116,2093),(2089,2099,2113),
(1890,1886,1912),(1890,1912,1918),(1918,1912,1914),(1918,1914,1920),(2117,
2115,2114),(2117,2119,2115),(2116,2120,2121),(2093,2116,2121),(2113,2124,
2118),(2099,2124,2113),(1920,1914,1910),(1920,1910,1916),(2126,2107,2105),
(2126,2127,2107),(2108,2128,2129),(2108,2129,2109),(2106,2132,2125),(2106,
2112,2132),(2134,2119,2117),(2134,2135,2119),(2120,2136,2137),(2120,2137,
2121),(2118,2140,2133),(2118,2124,2140),(1916,1910,1948),(1916,1948,1949),
(704,698,716),(704,716,724),(2142,2135,2134),(2142,2143,2135),(2136,2144,
2137),(2133,2140,2141),(1949,1948,1958),(1949,1958,1962),(1962,1958,1956),
(1962,1956,1960),(2145,2143,2142),(2145,2147,2143),(2144,2148,2137),(2141,
2140,2146),(2149,2127,2126),(2149,2151,2127),(2128,2152,2153),(2128,2155,
2129),(2128,2153,2155),(2125,2157,2150),(2125,2132,2159),(2125,2159,2157),
(1960,1956,1990),(1960,1990,1991),(2161,2147,2145),(2161,2163,2147),(2148,
2164,2165),(2148,2165,2137),(2146,2168,2162),(2146,2140,2168),(724,716,
718),(724,718,726),(1991,1990,1998),(1991,1998,1999),(2170,2163,2161),(2170,
2171,2163),(2164,2172,2165),(2162,2168,2169),(2173,2151,2149),(2173,2175,
2151),(2152,2176,2177),(2152,2179,2153),(2152,2177,2179),(2150,2181,2174),
(2150,2157,2183),(2150,2183,2181),(2185,2171,2170),(2185,2187,2171),(2172,
2188,2189),(2172,2189,2165),(2169,2192,2186),(2169,2168,2192),(1999,1998,
2010),(1999,2010,2011),(726,718,720),(726,720,728),(2194,2187,2185),(2194,
2195,2187),(2188,2196,2189),(2186,2192,2193),(2011,2010,2016),(2011,2016,
2020),(2197,2175,2173),(2197,2199,2175),(2176,2200,2201),(2176,2203,2177),
(2176,2201,2203),(2174,2205,2198),(2174,2181,2207),(2174,2207,2205),(2209,
2195,2194),(2209,2211,2195),(2196,2212,2189),(2193,2192,2210),(2020,2016,
1734),(2020,1734,1738),(2213,2211,2209),(2213,2215,2211),(2212,2216,2217),
(2212,2217,2189),(2210,2220,2214),(2210,2192,2220),(728,720,714),(728,714,
722),(2222,2215,2213),(2222,2223,2215),(2216,2224,2217),(2214,2220,2221),
(1738,1734,1732),(1738,1732,1736),(2225,2199,2197),(2225,2227,2199),(2200,
2228,2229),(2200,2231,2201),(2200,2233,2231),(2200,2229,2233),(2198,2235,
2226),(2198,2205,2237),(2198,2237,2239),(2198,2239,2235),(722,714,736),
(722,736,742),(2241,2223,2222),(2241,2243,2223),(2224,2244,2245),(2224,
2245,2217),(2221,2248,2242),(2221,2220,2248),(1736,1732,1721),(1736,1721,
1726),(2250,2243,2241),(2250,2251,2243),(2244,2252,2245),(742,736,738),
(2242,2248,2249),(742,738,744),(1726,1721,1242),(1726,1242,1246),(2253,
2251,2250),(2253,2255,2251),(2252,2256,2257),(2252,2257,2245),(2249,2260,
2254),(2249,2248,2260),(1246,1242,1278),(1246,1278,1279),(1279,1278,1290),
(1279,1290,1291),(2262,2227,2225),(2262,2263,2227),(2228,2264,2265),(2228,
2267,2229),(2228,2269,2267),(2228,2265,2269),(2226,2271,2261),(2226,2235,
2273),(2226,2273,2275),(2226,2275,2271),(1346,1342,1340),(1333,1342,1346),
(1333,1332,1342),(1346,1340,1344),(1344,1340,1354),(1344,1354,1358),(1313,
1332,1333),(1313,1312,1332),(1291,1290,1299),(1291,1299,1300),(2277,2255,
2253),(2277,2279,2255),(2256,2280,2281),(2256,2281,2257),(2254,2284,2278),
(2254,2260,2284),(1358,1354,1352),(1358,1352,1356),(1302,1312,1313),(1302,
1298,1312),(1356,1352,1366),(1356,1366,1370),(744,738,734),(744,734,740),
(1370,1366,1364),(1370,1364,1368),(1368,1364,1378),(1368,1378,1388),(1388,
1378,1380),(1388,1380,1390),(1390,1380,1382),(1390,1382,1392),(2286,2279,
2277),(2286,2287,2279),(2280,2288,2289),(2280,2289,2281),(2278,2292,2285),
(2278,2284,2292),(1392,1382,1384),(1392,1384,1394),(1394,1384,1376),(1394,
1376,1386),(1386,1376,1416),(1386,1416,1417),(2294,2287,2286),(2294,2295,
2287),(2288,2296,2297),(2288,2297,2289),(2285,2300,2293),(2285,2292,2300),
(2302,2263,2262),(2302,2303,2263),(2264,2304,2305),(2264,2307,2265),(2264,
2309,2307),(2264,2311,2309),(2264,2305,2311),(2261,2313,2301),(2261,2271,
2315),(2261,2315,2317),(2261,2317,2319),(2261,2319,2313),(740,734,750),
(740,750,751),(1417,1416,1424),(1417,1424,1425),(2321,2295,2294),(2321,
2323,2295),(2296,2324,2325),(2296,2325,2327),(2296,2327,2329),(2296,2329,
2297),(2293,2331,2322),(2293,2333,2331),(2293,2335,2333),(2293,2300,2335),
(2337,2323,2321),(2337,2339,2323),(2324,2340,2341),(2324,2341,2343),(2324,
2343,2325),(2322,2345,2338),(2322,2347,2345),(2322,2331,2347),(2349,2303,
2302),(2349,2351,2303),(2304,2352,2353),(2304,2355,2305),(2304,2357,2355),
(2304,2359,2357),(2304,2353,2359),(2301,2361,2350),(2301,2313,2363),(2301,
2363,2365),(2301,2365,2367),(2301,2367,2361),(1425,1424,1506),(1425,1506,
1507),(751,750,758),(751,758,759),(2369,2339,2337),(2369,2371,2339),(2340,
2372,2373),(2340,2373,2375),(2340,2375,2341),(2338,2377,2370),(2338,2379,
2377),(2338,2345,2379),(2381,2371,2369),(2381,2383,2371),(2372,2384,2385),
(2372,2385,2387),(2372,2387,2373),(2370,2389,2382),(2370,2391,2389),(2370,
2377,2391),(1507,1506,898),(1507,898,906),(2393,2351,2349),(2393,2395,2351),
(2352,2396,2397),(2352,2399,2353),(2352,2401,2399),(2352,2397,2401),(2350,
2403,2394),(2350,2361,2405),(2350,2405,2407),(2350,2407,2403),(759,758,
766),(759,766,767),(2409,2383,2381),(2409,2411,2383),(2384,2412,2413),(2384,
2413,2385),(2382,2416,2410),(2382,2389,2416),(2418,2411,2409),(2418,2419,
2411),(2412,2420,2421),(2412,2421,2413),(2410,2424,2417),(2410,2416,2424),
(906,898,902),(906,902,908),(2426,2395,2393),(2426,2427,2395),(2396,2428,
2429),(2396,2431,2397),(2396,2429,2431),(2394,2433,2425),(2394,2403,2435),
(2394,2435,2433),(2437,2419,2418),(2437,2439,2419),(2420,2440,2441),(2420,
2441,2421),(2417,2444,2438),(2417,2424,2444),(767,766,774),(767,774,775),
(2446,2427,2426),(2446,2447,2427),(2428,2448,2449),(2428,2449,2429),(2425,
2452,2445),(2425,2433,2452),(2454,2439,2437),(2454,2455,2439),(2440,2456,
2457),(2440,2457,2441),(2438,2460,2453),(2438,2444,2460),(908,902,974),
(908,974,975),(2462,2455,2454),(2462,2463,2455),(2456,2464,2457),(2453,
2460,2461),(2465,2447,2446),(2465,2467,2447),(2448,2468,2469),(2448,2471,
2449),(2448,2469,2471),(2445,2473,2466),(2445,2452,2475),(2445,2475,2473),
(775,774,782),(775,782,783),(2477,2463,2462),(2477,2479,2463),(2464,2480,
2481),(2464,2481,2457),(2461,2484,2478),(2461,2460,2484),(2486,2467,2465),
(2486,2487,2467),(2468,2488,2489),(2468,2491,2469),(2468,2489,2491),(2466,
2493,2485),(2466,2473,2495),(2466,2495,2493),(2497,2479,2477),(2497,2499,
2479),(2480,2500,2481),(2478,2484,2498),(2501,2487,2486),(2501,2503,2487),
(2488,2504,2505),(2488,2505,2489),(2485,2508,2502),(2485,2493,2508),(975,
974,1050),(975,1050,1051),(2510,2503,2501),(2510,2511,2503),(2504,2512,
2513),(2504,2515,2505),(2504,2513,2515),(2502,2517,2509),(2502,2508,2519),
(2502,2519,2517),(2521,2499,2497),(2521,2523,2499),(2500,2524,2525),(2500,
2525,2481),(2498,2528,2522),(2498,2484,2528),(783,782,790),(783,790,791),
(2530,2511,2510),(2530,2531,2511),(2512,2532,2533),(2512,2536,2513),(2512,
2538,2536),(2512,2540,2538),(2512,2542,2540),(2512,2533,2542),(2509,2545,
2529),(2509,2517,2548),(2509,2548,2550),(2509,2550,2552),(2509,2552,2554),
(2509,2554,2545),(2557,2523,2521),(2557,2559,2523),(2524,2560,2525),(2522,
2528,2558),(2561,2531,2530),(2561,2563,2531),(2532,2564,2565),(2532,2565,
2533),(2529,2568,2562),(2529,2545,2568),(1051,1050,1150),(1051,1150,1151),
(2570,2559,2557),(2570,2571,2559),(2560,2572,2573),(2560,2573,2525),(2558,
2576,2569),(2558,2528,2576),(791,790,798),(791,798,799),(2578,2563,2561),
(2578,2579,2563),(2564,2580,2581),(2564,2581,2565),(2562,2584,2577),(2562,
2568,2584),(2586,2571,2570),(2586,2587,2571),(2572,2588,2573),(2569,2576,
2585),(2589,2587,2586),(2589,2591,2587),(2588,2592,2593),(2588,2593,2573),
(2585,2596,2590),(2585,2576,2596),(2598,2579,2578),(2598,2599,2579),(2580,
2600,2601),(2580,2601,2581),(2577,2604,2597),(2577,2584,2604),(1151,1150,
1254),(1151,1254,1255),(2606,2591,2589),(2606,2607,2591),(2592,2608,2593),
(2590,2596,2605),(799,798,812),(799,812,816),(2609,2599,2598),(2609,2611,
2599),(2600,2612,2613),(2600,2615,2601),(2600,2613,2615),(2597,2617,2610),
(2597,2604,2619),(2597,2619,2617),(2621,2607,2606),(2621,2623,2607),(2608,
2624,2593),(2605,2596,2622),(2625,2623,2621),(2625,2627,2623),(2624,2628,
2629),(2624,2629,2593),(2622,2632,2626),(2622,2596,2632),(2634,2611,2609),
(2634,2635,2611),(2612,2636,2637),(2612,2637,2639),(2612,2639,2641),(2612,
2641,2613),(2610,2643,2633),(2610,2645,2643),(2610,2647,2645),(2610,2617,
2647),(2649,2627,2625),(2649,2651,2627),(2628,2652,2629),(2626,2632,2650),
(816,812,810),(816,810,814),(1255,1254,1400),(1255,1400,1401),(2653,2635,
2634),(2653,2655,2635),(2636,2656,2657),(2636,2657,2659),(2636,2659,2661),
(2636,2661,2663),(2636,2663,2665),(2636,2665,2637),(2633,2667,2654),(2633,
2669,2667),(2633,2671,2669),(2633,2673,2671),(2633,2675,2673),(2633,2643,
2675),(2677,2651,2649),(2677,2679,2651),(2652,2680,2681),(2652,2681,2629),
(2650,2684,2678),(2650,2632,2684),(814,810,824),(814,824,832),(2686,2655,
2653),(2686,2687,2655),(2656,2688,2689),(2656,2689,2691),(2656,2691,2693),
(2656,2693,2695),(2656,2695,2697),(2656,2697,2699),(2656,2699,2701),(2656,
2701,2703),(2656,2703,2705),(2656,2705,2707),(2656,2707,2657),(2654,2709,
2685),(2654,2711,2709),(2654,2713,2711),(2654,2715,2713),(2654,2717,2715),
(2654,2719,2717),(2654,2721,2719),(2654,2723,2721),(2654,2725,2723),(2654,
2727,2725),(2654,2667,2727),(1401,1400,1586),(1401,1586,1587),(832,824,
826),(832,826,834),(2729,2679,2677),(2729,2731,2679),(2680,2732,2733),(2680,
2733,2681),(2678,2736,2730),(2678,2684,2736),(834,826,828),(834,828,836),
(2738,2687,2686),(2738,2739,2687),(2688,2740,2741),(2688,2741,2743),(2688,
2743,2745),(2688,2745,2747),(2688,2747,2749),(2688,2749,2689),(2685,2751,
2737),(2685,2753,2751),(2685,2755,2753),(2685,2757,2755),(2685,2759,2757),
(2685,2709,2759),(836,828,822),(836,822,830),(1587,1586,1668),(1587,1668,
1672),(830,822,844),(830,844,852),(2761,2731,2729),(2761,2763,2731),(2732,
2764,2733),(2730,2736,2762),(2765,2739,2738),(2765,2767,2739),(2740,2768,
2769),(2740,2769,2771),(2740,2771,2773),(2740,2773,2775),(2740,2775,2777),
(2740,2777,2741),(2737,2779,2766),(2737,2781,2779),(2737,2783,2781),(2737,
2785,2783),(2737,2787,2785),(2737,2751,2787),(852,844,846),(852,846,854),
(854,846,848),(854,848,856),(1672,1668,1666),(1672,1666,1670),(2789,2763,
2761),(2789,2791,2763),(2764,2792,2793),(2764,2793,2733),(2762,2796,2790),
(2762,2736,2796),(856,848,842),(856,842,850),(1670,1666,1752),(1670,1752,
1756),(2798,2767,2765),(2798,2799,2767),(2768,2800,2801),(2768,2801,2803),
(2768,2803,2805),(2768,2805,2807),(2768,2807,2769),(2766,2809,2797),(2766,
2811,2809),(2766,2813,2811),(2766,2815,2813),(2766,2779,2815),(850,842,
864),(850,864,878),(1756,1752,1750),(1756,1750,1754),(878,864,866),(878,
866,880),(2817,2791,2789),(2817,2819,2791),(2792,2820,2821),(2792,2821,
2793),(2790,2824,2818),(2790,2796,2824),(1754,1750,1770),(1754,1770,1771),
(880,866,868),(880,868,882),(2826,2799,2798),(2826,2827,2799),(2800,2828,
2829),(2800,2831,2801),(2800,2829,2833),(2800,2835,2831),(2800,2833,2835),
(2797,2837,2825),(2797,2809,2839),(2797,2841,2837),(2797,2839,2843),(2797,
2843,2841),(882,868,870),(882,870,884),(1771,1770,1800),(1771,1800,1804),
(884,870,872),(884,872,886),(2845,2819,2817),(2845,2847,2819),(2820,2848,
2849),(2820,2849,2821),(2818,2852,2846),(2818,2824,2852),(886,872,874),
(886,874,888),(1804,1800,1798),(1804,1798,1802),(888,874,862),(888,862,
876),(1802,1798,2054),(1802,2054,2055),(876,862,1004),(876,1004,1012),(2854,
2827,2826),(2854,2855,2827),(2828,2856,2857),(2828,2857,2859),(2828,2859,
2861),(2828,2861,2863),(2828,2863,2865),(2828,2865,2867),(2828,2867,2869),
(2828,2869,2871),(2828,2871,2873),(2828,2873,2875),(2828,2875,2877),(2828,
2877,2829),(2825,2879,2853),(2825,2881,2879),(2825,2883,2881),(2825,2885,
2883),(2825,2887,2885),(2825,2889,2887),(2825,2891,2889),(2825,2893,2891),
(2825,2895,2893),(2825,2897,2895),(2825,2899,2897),(2825,2837,2899),(2901,
2847,2845),(2901,2903,2847),(2848,2904,2849),(2846,2852,2902),(2055,2054,
2086),(2055,2086,2087),(1012,1004,1006),(1012,1006,1014),(2087,2086,2110),
(2087,2110,2111),(1014,1006,1008),(1014,1008,1016),(2905,2903,2901),(2905,
2907,2903),(2904,2908,2909),(2904,2909,2849),(2902,2912,2906),(2902,2852,
2912),(2914,2855,2854),(2914,2915,2855),(2856,2916,2917),(2856,2917,2919),
(2856,2919,2921),(2856,2921,2923),(2856,2923,2857),(2853,2925,2913),(2853,
2927,2925),(2853,2929,2927),(2853,2931,2929),(2853,2879,2931),(2111,2110,
2130),(2111,2130,2131),(1016,1008,1002),(1016,1002,1010),(2131,2130,2156),
(2131,2156,2160),(2160,2156,2154),(2160,2154,2158),(2933,2907,2905),(2933,
2935,2907),(2908,2936,2937),(2908,2937,2909),(2906,2940,2934),(2906,2912,
2940),(1010,1002,1080),(1010,1080,1084),(2942,2915,2914),(2942,2943,2915),
(2916,2944,2945),(2916,2945,2947),(2916,2947,2949),(2916,2949,2917),(2913,
2951,2941),(2913,2953,2951),(2913,2955,2953),(2913,2925,2955),(2158,2154,
2180),(2158,2180,2184),(2184,2180,2178),(2184,2178,2182),(2957,2935,2933),
(2957,2959,2935),(2936,2960,2937),(2934,2940,2958),(1084,1080,1078),(1084,
1078,1082),(2182,2178,2204),(2182,2204,2208),(2961,2943,2942),(2961,2963,
2943),(2944,2964,2965),(2944,2965,2967),(2944,2967,2969),(2944,2969,2971),
(2944,2971,2973),(2944,2973,2945),(2941,2975,2962),(2941,2977,2975),(2941,
2979,2977),(2941,2981,2979),(2941,2983,2981),(2941,2951,2983),(2208,2204,
2202),(2208,2202,2206),(2985,2959,2957),(2985,2987,2959),(2960,2988,2937),
(2958,2940,2986),(1082,1078,1168),(1082,1168,1174),(2206,2202,2232),(2206,
2232,2238),(2989,2963,2961),(2989,2991,2963),(2964,2992,2993),(2964,2993,
2995),(2964,2995,2997),(2964,2997,2999),(2964,2999,3001),(2964,3001,3003),
(2964,3003,3005),(2964,3005,3007),(2964,3007,3009),(2964,3009,3011),(2964,
3011,3013),(2964,3013,3015),(2964,3015,3017),(2964,3017,2965),(2962,3019,
2990),(2962,3021,3019),(2962,3023,3021),(2962,3025,3023),(2962,3027,3025),
(2962,3029,3027),(2962,3031,3029),(2962,3033,3031),(2962,3035,3033),(2962,
3037,3035),(2962,3039,3037),(2962,3041,3039),(2962,3043,3041),(2962,2975,
3043),(2238,2232,2234),(2238,2234,2240),(3045,2987,2985),(3045,3047,2987),
(2988,3048,3049),(2988,3049,3051),(2988,3051,2937),(2986,3054,3046),(2986,
3056,3054),(2986,2940,3056),(1174,1168,1170),(1174,1170,1176),(2240,2234,
2230),(2240,2230,2236),(3059,3047,3045),(3059,3061,3047),(3048,3062,3063),
(3048,3063,3049),(3046,3066,3060),(3046,3054,3066),(3068,2991,2989),(3068,
3069,2991),(2992,3070,3071),(2992,3071,3073),(2992,3073,3075),(2992,3075,
3077),(2992,3077,2993),(2990,3079,3067),(2990,3081,3079),(2990,3083,3081),
(2990,3085,3083),(2990,3019,3085),(2236,2230,2268),(2236,2268,2274),(1176,
1170,1166),(1176,1166,1172),(3087,3061,3059),(3087,3089,3061),(3062,3090,
3091),(3062,3091,3063),(3060,3094,3088),(3060,3066,3094),(2274,2268,2270),
(2274,2270,2276),(3096,3069,3068),(3096,3097,3069),(3070,3098,3099),(3070,
3099,3101),(3070,3101,3103),(3070,3103,3071),(3067,3105,3095),(3067,3107,
3105),(3067,3109,3107),(3067,3079,3109),(3111,3089,3087),(3111,3113,3089),
(3090,3114,3115),(3090,3115,3091),(3088,3118,3112),(3088,3094,3118),(2276,
2270,2266),(2276,2266,2272),(3120,3097,3096),(3120,3121,3097),(3098,3122,
3123),(3098,3123,3125),(3098,3125,3099),(3095,3127,3119),(3095,3129,3127),
(3095,3105,3129),(1172,1166,1268),(1172,1268,1272),(3131,3113,3111),(3131,
3133,3113),(3114,3134,3115),(3112,3118,3132),(2272,2266,2308),(2272,2308,
2316),(3135,3133,3131),(3135,3137,3133),(3134,3138,3139),(3134,3139,3115),
(3132,3142,3136),(3132,3118,3142),(3144,3121,3120),(3144,3145,3121),(3122,
3146,3147),(3122,3147,3149),(3122,3149,3151),(3122,3151,3123),(3119,3153,
3143),(3119,3155,3153),(3119,3157,3155),(3119,3127,3157),(3159,3161,3163),
(3163,3161,3165),(3159,3168,3161),(3162,3167,3169),(3166,3162,3171),(3162,
3169,3171),(3164,3173,3160),(3163,3165,3175),(3176,3177,3164),(3164,3177,
3173),(3179,3168,3159),(3179,3181,3168),(3167,3182,3183),(3167,3183,3169),
(3160,3186,3180),(3160,3173,3186),(3175,3165,3187),(3188,3166,3189),(3166,
3171,3189),(3175,3187,3191),(3192,3193,3176),(3176,3193,3177),(2316,2308,
2310),(2316,2310,2318),(3195,3181,3179),(3195,3197,3181),(3182,3198,3183),
(3180,3186,3196),(3191,3187,3200),(3199,3188,3189),(3191,3200,3201),(3202,
3193,3192),(3204,3137,3135),(3204,3205,3137),(3138,3206,3139),(3136,3142,
3203),(3207,3197,3195),(3207,3209,3197),(3198,3210,3211),(3198,3213,3183),
(3198,3211,3213),(3196,3215,3208),(3196,3186,3217),(3196,3217,3215),(1272,
1268,1266),(1272,1266,1270),(3201,3200,3219),(3220,3199,3221),(3199,3189,
3221),(3201,3219,3223),(3224,3225,3202),(3202,3225,3193),(3227,3145,3144),
(3227,3229,3145),(3146,3230,3231),(3146,3231,3233),(3146,3233,3235),(3146,
3235,3237),(3146,3237,3147),(3143,3239,3228),(3143,3241,3239),(3143,3243,
3241),(3143,3245,3243),(3143,3153,3245),(3247,3209,3207),(3247,3249,3209),
(3210,3250,3251),(3210,3251,3253),(3210,3253,3255),(3210,3255,3257),(3210,
3257,3259),(3210,3259,3261),(3210,3261,3263),(3210,3263,3265),(3210,3265,
3267),(3210,3267,3269),(3210,3269,3211),(3208,3272,3248),(3208,3274,3272),
(3208,3276,3274),(3208,3278,3276),(3208,3280,3278),(3208,3282,3280),(3208,
3284,3282),(3208,3286,3284),(3208,3288,3286),(3208,3290,3288),(3208,3215,
3290),(2318,2310,2312),(2318,2312,2320),(3293,3205,3204),(3293,3295,3205),
(3206,3296,3297),(3206,3297,3139),(3203,3300,3294),(3203,3142,3300),(3223,
3219,3301),(3302,3220,3303),(3220,3221,3303),(3223,3301,3305),(3306,3307,
3224),(3224,3307,3225),(3309,3249,3247),(3309,3311,3249),(3250,3312,3313),
(3250,3313,3315),(3250,3315,3317),(3250,3317,3319),(3250,3319,3251),(3248,
3321,3310),(3248,3323,3321),(3248,3325,3323),(3248,3327,3325),(3248,3272,
3327),(3329,3295,3293),(3329,3331,3295),(3296,3332,3297),(3294,3300,3330),
(3305,3301,3334),(3333,3302,3303),(3305,3334,3335),(3336,3307,3306),(2320,
2312,2306),(2320,2306,2314),(3338,3331,3329),(3338,3339,3331),(3332,3340,
3297),(3330,3300,3337),(3341,3311,3309),(3341,3343,3311),(3312,3344,3345),
(3312,3345,3347),(3312,3347,3349),(3312,3349,3351),(3312,3351,3353),(3312,
3353,3355),(3312,3355,3357),(3312,3357,3313),(3310,3359,3342),(3310,3361,
3359),(3310,3363,3361),(3310,3365,3363),(3310,3367,3365),(3310,3369,3367),
(3310,3371,3369),(3310,3321,3371),(3373,3229,3227),(3373,3375,3229),(3230,
3376,3377),(3230,3377,3379),(3230,3379,3381),(3230,3381,3384),(3230,3384,
3386),(3230,3386,3388),(3230,3388,3390),(3230,3390,3231),(3228,3392,3374),
(3228,3394,3392),(3228,3396,3394),(3228,3399,3396),(3228,3401,3399),(3228,
3403,3401),(3228,3405,3403),(3228,3239,3405),(1270,1266,1322),(1270,1322,
1326),(3335,3334,3407),(3408,3333,3409),(3333,3303,3409),(3335,3407,3411),
(3412,3413,3336),(3336,3413,3307),(3415,3339,3338),(3415,3417,3339),(3340,
3418,3419),(3340,3419,3297),(3337,3422,3416),(3337,3300,3422),(2314,2306,
2356),(2314,2356,2364),(3424,3417,3415),(3424,3425,3417),(3418,3426,3419),
(3416,3422,3423),(3427,3425,3424),(3427,3429,3425),(3426,3430,3419),(3423,
3422,3428),(3431,3429,3427),(3431,3433,3429),(3430,3434,3435),(3430,3435,
3419),(3428,3438,3432),(3428,3422,3438),(3440,3343,3341),(3440,3441,3343),
(3344,3442,3443),(3344,3445,3345),(3344,3447,3445),(3344,3449,3447),(3344,
3443,3449),(3342,3451,3439),(3342,3359,3453),(3342,3453,3455),(3342,3455,
3457),(3342,3457,3451),(3459,3433,3431),(3459,3461,3433),(3434,3462,3435),
(3432,3438,3460),(3463,3375,3373),(3463,3465,3375),(3376,3466,3467),(3376,
3467,3469),(3376,3469,3377),(3374,3471,3464),(3374,3473,3471),(3374,3392,
3473),(3475,3461,3459),(3475,3477,3461),(3462,3478,3479),(3462,3479,3435),
(3460,3482,3476),(3460,3438,3482),(2364,2356,2358),(2364,2358,2366),(3484,
3477,3475),(3484,3485,3477),(3478,3486,3487),(3478,3489,3479),(3478,3487,
3489),(3476,3491,3483),(3476,3482,3493),(3476,3493,3491),(3495,3485,3484),
(3495,3497,3485),(3486,3498,3499),(3486,3499,3487),(3483,3502,3496),(3483,
3491,3502),(3411,3407,3503),(3504,3408,3505),(3408,3409,3505),(3411,3503,
3507),(3508,3509,3412),(3412,3509,3413),(3511,3497,3495),(3511,3513,3497),
(3498,3514,3499),(3496,3502,3512),(3515,3513,3511),(3515,3517,3513),(3514,
3518,3519),(3514,3519,3499),(3512,3522,3516),(3512,3502,3522),(1326,1322,
1320),(1326,1320,1324),(3524,3517,3515),(3524,3525,3517),(3518,3526,3519),
(3516,3522,3523),(3527,3525,3524),(3527,3529,3525),(3526,3530,3531),(3526,
3531,3519),(3523,3534,3528),(3523,3522,3534),(2366,2358,2360),(2366,2360,
2368),(3536,3441,3440),(3536,3537,3441),(3442,3538,3539),(3442,3539,3541),
(3442,3541,3543),(3442,3543,3545),(3442,3545,3547),(3442,3549,3443),(3442,
3547,3549),(3439,3551,3535),(3439,3553,3551),(3439,3555,3553),(3439,3557,
3555),(3439,3559,3557),(3439,3451,3561),(3439,3561,3559),(3563,3529,3527),
(3563,3565,3529),(3530,3566,3567),(3530,3567,3531),(3528,3570,3564),(3528,
3534,3570),(3572,3565,3563),(3572,3573,3565),(3566,3574,3567),(3564,3570,
3571),(3575,3465,3463),(3575,3577,3465),(3466,3578,3579),(3466,3579,3581),
(3466,3581,3467),(3464,3583,3576),(3464,3585,3583),(3464,3471,3585),(3587,
3573,3572),(3587,3589,3573),(3574,3590,3591),(3574,3591,3593),(3574,3593,
3595),(3574,3595,3567),(3571,3597,3588),(3571,3599,3597),(3571,3601,3599),
(3571,3570,3601),(3603,3589,3587),(3603,3605,3589),(3590,3606,3607),(3590,
3607,3609),(3590,3609,3611),(3590,3611,3591),(3588,3613,3604),(3588,3615,
3613),(3588,3617,3615),(3588,3597,3617),(2368,2360,2354),(2368,2354,2362),
(3619,3605,3603),(3619,3621,3605),(3606,3622,3623),(3606,3623,3625),(3606,
3625,3607),(3604,3627,3620),(3604,3629,3627),(3604,3613,3629),(3507,3503,
3631),(3632,3504,3633),(3504,3505,3633),(3507,3631,3635),(3636,3637,3508),
(3508,3637,3509),(1324,1320,1408),(1324,1408,1409),(3639,3537,3536),(3639,
3641,3537),(3538,3642,3643),(3538,3643,3645),(3538,3645,3647),(3538,3647,
3649),(3538,3649,3651),(3538,3651,3653),(3538,3653,3655),(3538,3655,3657),
(3538,3657,3659),(3538,3659,3661),(3538,3661,3663),(3538,3663,3665),(3538,
3665,3539),(3535,3667,3640),(3535,3669,3667),(3535,3671,3669),(3535,3673,
3671),(3535,3675,3673),(3535,3677,3675),(3535,3679,3677),(3535,3681,3679),
(3535,3683,3681),(3535,3685,3683),(3535,3687,3685),(3535,3689,3687),(3535,
3551,3689),(3691,3577,3575),(3691,3693,3577),(3578,3694,3695),(3578,3695,
3697),(3578,3697,3579),(3576,3699,3692),(3576,3701,3699),(3576,3583,3701),
(3703,3621,3619),(3703,3705,3621),(3622,3706,3707),(3622,3707,3709),(3622,
3709,3623),(3620,3711,3704),(3620,3713,3711),(3620,3627,3713),(2362,2354,
2400),(2362,2400,2406),(3715,3705,3703),(3715,3717,3705),(3706,3718,3719),
(3706,3719,3721),(3706,3721,3707),(3704,3723,3716),(3704,3725,3723),(3704,
3711,3725),(3727,3693,3691),(3727,3729,3693),(3694,3730,3731),(3694,3733,
3735),(3694,3735,3695),(3694,3731,3733),(3692,3737,3728),(3692,3739,3741),
(3692,3699,3739),(3692,3741,3737),(3743,3641,3639),(3743,3745,3641),(3642,
3746,3747),(3642,3747,3749),(3642,3749,3751),(3642,3751,3643),(3640,3753,
3744),(3640,3755,3753),(3640,3757,3755),(3640,3667,3757),(2406,2400,2402),
(2406,2402,2408),(1409,1408,1568),(1409,1568,1572),(3759,3717,3715),(3759,
3761,3717),(3718,3762,3763),(3718,3763,3765),(3718,3765,3719),(3716,3767,
3760),(3716,3769,3767),(3716,3723,3769),(3635,3631,3771),(3772,3632,3773),
(3632,3775,3773),(3632,3777,3775),(3632,3779,3777),(3632,3781,3779),(3632,
3783,3781),(3632,3785,3783),(3632,3787,3785),(3632,3789,3787),(3632,3633,
3789),(3635,3771,3791),(3792,3793,3636),(3636,3793,3795),(3636,3795,3797),
(3636,3797,3799),(3636,3799,3801),(3636,3801,3803),(3636,3803,3805),(3636,
3805,3807),(3636,3807,3809),(3636,3809,3637),(2408,2402,2398),(2408,2398,
2404),(3811,3729,3727),(3811,3813,3729),(3730,3814,3815),(3730,3817,3731),
(3730,3815,3819),(3730,3821,3817),(3730,3819,3821),(3728,3823,3812),(3728,
3737,3825),(3728,3827,3823),(3728,3825,3829),(3728,3829,3827),(3831,3761,
3759),(3831,3833,3761),(3762,3834,3835),(3762,3837,3763),(3762,3835,3837),
(3760,3839,3832),(3760,3767,3841),(3760,3841,3839),(3843,3745,3743),(3843,
3845,3745),(3746,3846,3847),(3746,3847,3849),(3746,3849,3747),(3744,3851,
3844),(3744,3853,3851),(3744,3753,3853),(1572,1568,1566),(1572,1566,1570),
(3855,3833,3831),(3855,3857,3833),(3834,3858,3859),(3834,3861,3835),(3834,
3859,3861),(3832,3863,3856),(3832,3839,3865),(3832,3865,3863),(2404,2398,
2432),(2404,2432,2436),(3867,3813,3811),(3867,3869,3813),(3814,3870,3871),
(3814,3871,3873),(3814,3873,3875),(3814,3875,3815),(3812,3877,3868),(3812,
3879,3877),(3812,3881,3879),(3812,3823,3881),(3791,3771,3883),(3884,3772,
3885),(3772,3887,3889),(3772,3773,3887),(3772,3889,3891),(3772,3891,3893),
(3772,3893,3895),(3772,3895,3897),(3772,3897,3899),(3772,3899,3885),(3791,
3883,3901),(3902,3903,3792),(3792,3905,3907),(3792,3907,3793),(3792,3909,
3905),(3792,3911,3909),(3792,3913,3911),(3792,3915,3913),(3792,3917,3915),
(3792,3903,3917),(3919,3857,3855),(3919,3921,3857),(3858,3922,3923),(3858,
3923,3859),(3856,3926,3920),(3856,3863,3926),(2436,2432,2430),(2436,2430,
2434),(3928,3869,3867),(3928,3929,3869),(3870,3930,3931),(3870,3931,3933),
(3870,3933,3935),(3870,3935,3871),(3868,3937,3927),(3868,3939,3937),(3868,
3941,3939),(3868,3877,3941),(3943,3845,3843),(3943,3945,3845),(3846,3946,
3847),(3844,3851,3944),(1570,1566,1648),(1570,1648,1652),(2434,2430,2450),
(2434,2450,2451),(3947,3921,3919),(3947,3949,3921),(3922,3950,3951),(3922,
3951,3955),(3922,3955,3957),(3922,3957,3923),(3920,3959,3948),(3920,3962,
3959),(3920,3964,3962),(3920,3926,3964),(3967,3929,3928),(3967,3969,3929),
(3930,3970,3971),(3930,3971,3973),(3930,3973,3931),(3927,3975,3968),(3927,
3977,3975),(3927,3937,3977),(3901,3883,3979),(3980,3884,3981),(3884,3885,
3983),(3884,3983,3985),(3884,3985,3987),(3884,3987,3989),(3884,3989,3991),
(3884,3991,3993),(3884,3993,3981),(3901,3979,3995),(3996,3997,3902),(3902,
3999,3903),(3902,4001,3999),(3902,4003,4001),(3902,4005,4003),(3902,4007,
4005),(3902,4009,4007),(3902,3997,4009),(2451,2450,2472),(2451,2472,2476),
(4011,3949,3947),(4011,4013,3949),(3950,4014,3951),(3948,3959,4012),(1652,
1648,1646),(1652,1646,1650),(4015,3945,3943),(4015,4017,3945),(3946,4018,
4019),(3946,4019,3847),(3944,4022,4016),(3944,3851,4022),(4024,3969,3967),
(4024,4025,3969),(3970,4026,4027),(3970,4027,3971),(3968,4030,4023),(3968,
3975,4030),(2476,2472,2470),(2476,2470,2474),(4032,4013,4011),(4032,4033,
4013),(4014,4034,3951),(4012,3959,4031),(4035,4025,4024),(4035,4037,4025),
(4026,4038,4039),(4026,4039,4041),(4026,4041,4027),(4023,4043,4036),(4023,
4045,4043),(4023,4030,4045),(2474,2470,2492),(2474,2492,2496),(1650,1646,
1714),(1650,1714,1715),(4047,4033,4032),(4047,4049,4033),(4034,4050,4051),
(4034,4051,3951),(4031,4054,4048),(4031,3959,4054),(3995,3979,4055),(4056,
3980,4057),(3980,3981,4059),(3980,4059,4061),(3980,4061,4063),(3980,4063,
4065),(3980,4065,4067),(3980,4067,4057),(3995,4055,4069),(4070,4071,3996),
(3996,4073,3997),(3996,4075,4073),(3996,4077,4075),(3996,4079,4077),(3996,
4081,4079),(3996,4071,4081),(2496,2492,2490),(2496,2490,2494),(4083,4017,
4015),(4083,4085,4017),(4018,4086,4019),(4016,4022,4084),(4087,4037,4035),
(4087,4089,4037),(4038,4090,4091),(4038,4091,4093),(4038,4093,4039),(4036,
4095,4088),(4036,4097,4095),(4036,4043,4097),(4099,4049,4047),(4099,4101,
4049),(4050,4102,4051),(4048,4054,4100),(2494,2490,2506),(2494,2506,2507),
(1715,1714,1762),(1715,1762,1763),(4103,4101,4099),(4103,4105,4101),(4102,
4106,4051),(4100,4054,4104),(2507,2506,2516),(2507,2516,2520),(4107,4089,
4087),(4107,4109,4089),(4090,4110,4111),(4090,4111,4113),(4090,4113,4091),
(4088,4115,4108),(4088,4117,4115),(4088,4095,4117),(4119,4105,4103),(4119,
4121,4105),(4106,4122,4051),(4104,4054,4120),(2520,2516,2514),(2520,2514,
2518),(4123,4121,4119),(4123,4125,4121),(4122,4126,4051),(4120,4054,4124),
(4127,4085,4083),(4127,4129,4085),(4086,4130,4131),(4086,4131,4019),(4084,
4134,4128),(4084,4022,4134),(1763,1762,1778),(1763,1778,1779),(4069,4055,
4135),(4136,4056,4137),(4056,4057,4139),(4056,4141,4137),(4056,4139,4143),
(4056,4145,4141),(4056,4143,4145),(4069,4135,4147),(4148,4149,4070),(4070,
4151,4071),(4070,4149,4153),(4070,4155,4151),(4070,4153,4157),(4070,4157,
4155),(2518,2514,2537),(2518,2537,2549),(4159,4125,4123),(4159,4161,4125),
(4126,4162,4051),(4124,4054,4160),(4163,4109,4107),(4163,4165,4109),(4110,
4166,4167),(4110,4167,4169),(4110,4169,4111),(4108,4171,4164),(4108,4173,
4171),(4108,4115,4173),(4175,4161,4159),(4175,4177,4161),(4162,4178,4051),
(4160,4054,4176),(2549,2537,2539),(2549,2539,2551),(4179,4177,4175),(4179,
4181,4177),(4178,4182,4051),(4176,4054,4180),(2551,2539,2541),(2551,2541,
2553),(4183,4181,4179),(4183,4185,4181),(4182,4186,4187),(4182,4187,4051),
(4180,4191,4184),(4180,4054,4191),(2553,2541,2544),(2553,2544,2555),(1779,
1778,1786),(1779,1786,1787),(4193,4185,4183),(4193,4195,4185),(4186,4196,
4187),(4184,4191,4194),(2556,2543,2535),(2556,2535,2546),(2547,2534,4198),
(4197,2533,4199),(2533,2565,4199),(2547,4198,4201),(4202,4204,2545),(2545,
4204,2568),(4201,4198,4205),(4206,4197,4199),(4201,4205,4207),(4208,4204,
4202),(4210,4195,4193),(4210,4211,4195),(4196,4212,4187),(4194,4191,4209),
(4207,4205,4214),(4213,4206,4199),(4207,4214,4215),(4216,4204,4208),(4215,
4214,4217),(4218,4213,4199),(4215,4217,4219),(4220,4204,4216),(4219,4217,
4221),(4222,4218,4223),(4218,4199,4223),(4219,4221,4225),(4226,4227,4220),
(4220,4227,4204),(4229,4211,4210),(4229,4231,4211),(4212,4232,4187),(4209,
4191,4230),(4233,4165,4163),(4233,4235,4165),(4166,4236,4237),(4166,4237,
4239),(4166,4239,4167),(4164,4241,4234),(4164,4243,4241),(4164,4171,4243),
(4225,4221,4245),(4246,4222,4223),(4225,4245,4247),(4248,4227,4226),(4247,
4245,4249),(4250,4246,4223),(4247,4249,4251),(4252,4227,4248),(4254,4231,
4229),(4254,4255,4231),(4232,4256,4187),(4230,4191,4253),(4251,4249,4258),
(4257,4250,4259),(4250,4223,4259),(4251,4258,4261),(4262,4264,4252),(4252,
4264,4227),(4266,4255,4254),(4266,4267,4255),(4256,4268,4187),(4253,4191,
4265),(4261,4258,4270),(4269,4257,4259),(4261,4270,4271),(4272,4264,4262),
(4274,4267,4266),(4274,4275,4267),(4268,4276,4187),(4265,4191,4273),(4271,
4270,4278),(4277,4269,4279),(4269,4259,4279),(4271,4278,4281),(4282,4284,
4272),(4272,4284,4264),(4286,4129,4127),(4286,4287,4129),(1787,1786,1926),
(1787,1926,1927),(4281,4278,4290),(4289,4277,4279),(4281,4290,4291),(4292,
4284,4282),(4294,4275,4274),(4294,4295,4275),(4276,4296,4187),(4273,4191,
4293),(4291,4290,4298),(4297,4289,4299),(4289,4279,4299),(4291,4298,4301),
(4302,4304,4292),(4292,4304,4284),(4306,4295,4294),(4306,4307,4295),(4296,
4308,4187),(4293,4191,4305),(4301,4298,4310),(4309,4297,4311),(4297,4299,
4311),(4301,4310,4313),(4314,4316,4302),(4302,4316,4304),(4147,4135,4317),
(4318,4136,4319),(4136,4137,4321),(4136,4321,4323),(4136,4323,4325),(4136,
4325,4327),(4136,4327,4319),(4147,4317,4329),(4330,4331,4148),(4148,4333,
4149),(4148,4335,4333),(4148,4337,4335),(4148,4339,4337),(4148,4331,4339),
(4341,4307,4306),(4341,4343,4307),(4308,4344,4187),(4305,4191,4342),(4345,
4343,4341),(4345,4347,4343),(4344,4348,4187),(4342,4191,4346),(4349,4235,
4233),(4349,4351,4235),(4236,4352,4353),(4236,4353,4355),(4236,4355,4357),
(4236,4357,4237),(4234,4359,4350),(4234,4361,4359),(4234,4363,4361),(4234,
4241,4363),(4365,4347,4345),(4365,4367,4347),(4348,4368,4187),(4346,4191,
4366),(4313,4310,4370),(4369,4309,4371),(4309,4311,4373),(4309,4373,4375),
(4309,4375,4377),(4309,4377,4379),(4309,4379,4381),(4309,4381,4383),(4309,
4383,4385),(4309,4385,4387),(4309,4387,4389),(4309,4389,4391),(4309,4391,
4393),(4309,4393,4371),(4313,4370,4395),(4396,4397,4314),(4314,4399,4316),
(4314,4401,4399),(4314,4403,4401),(4314,4405,4403),(4314,4407,4405),(4314,
4409,4407),(4314,4411,4409),(4314,4413,4411),(4314,4415,4413),(4314,4417,
4415),(4314,4419,4417),(4314,4397,4419),(4421,4367,4365),(4421,4423,4367),
(4368,4424,4187),(4366,4191,4422),(4425,4423,4421),(4425,4427,4423),(4424,
4428,4187),(4422,4191,4426),(4429,4427,4425),(4429,4431,4427),(4428,4432,
4187),(4426,4191,4430),(4395,4370,4434),(4433,4369,4435),(4369,4437,4435),
(4369,4439,4437),(4369,4441,4439),(4369,4443,4441),(4369,4445,4443),(4369,
4447,4445),(4369,4449,4447),(4369,4451,4449),(4369,4453,4451),(4369,4371,
4455),(4369,4457,4453),(4369,4455,4459),(4369,4461,4457),(4369,4459,4464),
(4369,4468,4461),(4369,4464,4468),(4395,4434,4470),(4471,4472,4396),(4396,
4472,4474),(4396,4474,4476),(4396,4476,4478),(4396,4478,4480),(4396,4480,
4482),(4396,4482,4484),(4396,4484,4486),(4396,4486,4488),(4396,4488,4490),
(4396,4492,4397),(4396,4490,4494),(4396,4496,4492),(4396,4494,4498),(4396,
4501,4496),(4396,4498,4504),(4396,4504,4501),(4507,4431,4429),(4507,4509,
4431),(4432,4510,4187),(4430,4191,4508),(4511,4509,4507),(4511,4513,4509),
(4510,4514,4187),(4508,4191,4512),(4515,4351,4349),(4515,4517,4351),(4352,
4518,4519),(4352,4519,4521),(4352,4521,4353),(4350,4523,4516),(4350,4525,
4523),(4350,4359,4525),(4470,4434,4527),(4528,4433,4529),(4433,4531,4529),
(4433,4533,4531),(4433,4535,4533),(4433,4537,4535),(4433,4539,4537),(4433,
4541,4539),(4433,4435,4541),(4470,4527,4543),(4544,4545,4471),(4471,4545,
4547),(4471,4547,4549),(4471,4549,4551),(4471,4551,4553),(4471,4553,4555),
(4471,4555,4557),(4471,4557,4472),(4559,4287,4286),(4559,4561,4287),(4563,
4513,4511),(4563,4565,4513),(4514,4566,4187),(4512,4191,4564),(1927,1926,
2046),(1927,2046,2047),(4543,4527,4568),(4567,4528,4569),(4528,4571,4569),
(4528,4574,4571),(4528,4576,4574),(4528,4578,4576),(4528,4580,4578),(4528,
4582,4580),(4528,4584,4582),(4528,4529,4584),(4543,4568,4586),(4587,4588,
4544),(4544,4588,4590),(4544,4590,4593),(4544,4593,4595),(4544,4595,4597),
(4544,4597,4599),(4544,4599,4601),(4544,4601,4603),(4544,4603,4545),(4605,
4565,4563),(4605,4607,4565),(4566,4608,4569),(4566,4569,4187),(4564,4588,
4606),(4564,4191,4588),(4586,4568,4610),(4609,4567,4569),(4586,4610,4611),
(4612,4588,4587),(4614,4517,4515),(4614,4615,4517),(4518,4616,4617),(4518,
4617,4619),(4518,4619,4621),(4518,4621,4519),(4516,4623,4613),(4516,4625,
4623),(4516,4627,4625),(4516,4523,4627),(4329,4317,4629),(4630,4318,4631),
(4318,4319,4633),(4318,4633,4635),(4318,4635,4637),(4318,4637,4639),(4318,
4639,4641),(4318,4641,4631),(4329,4629,4643),(4644,4645,4330),(4330,4647,
4331),(4330,4649,4647),(4330,4651,4649),(4330,4653,4651),(4330,4655,4653),
(4330,4645,4655),(4657,4607,4605),(4657,4659,4607),(4608,4660,4569),(4606,
4588,4658),(4611,4610,4662),(4661,4609,4569),(4611,4662,4663),(4664,4588,
4612),(4663,4659,4657),(4663,4662,4659),(4660,4661,4569),(4658,4588,4664),
(4666,4615,4614),(4666,4667,4615),(4616,4668,4669),(4616,4669,4671),(4616,
4671,4617),(4613,4673,4665),(4613,4675,4673),(4613,4623,4675),(2047,2046,
2070),(2047,2070,2071),(4677,4561,4559),(4677,4679,4561),(4681,4667,4666),
(4681,4683,4667),(4668,4684,4685),(4668,4685,4687),(4668,4687,4669),(4665,
4689,4682),(4665,4691,4689),(4665,4673,4691),(4690,4683,4681),(4690,4686,
4683),(4692,4686,4690),(4692,4688,4686),(4674,4688,4692),(4674,4670,4688),
(4643,4629,4693),(4694,4630,4695),(4630,4631,4697),(4630,4697,4699),(4630,
4699,4701),(4630,4701,4703),(4630,4703,4705),(4630,4705,4695),(4643,4693,
4707),(4708,4709,4644),(4644,4711,4645),(4644,4713,4711),(4644,4715,4713),
(4644,4717,4715),(4644,4719,4717),(4644,4709,4719),(4676,4670,4674),(4676,
4672,4670),(4624,4672,4676),(4624,4618,4672),(4626,4618,4624),(4626,4620,
4618),(4628,4620,4626),(4628,4622,4620),(4524,4622,4628),(4524,4520,4622),
(4526,4520,4524),(4526,4522,4520),(4360,4522,4526),(4360,4354,4522),(4362,
4354,4360),(4362,4356,4354),(4364,4356,4362),(4364,4358,4356),(4242,4358,
4364),(4242,4238,4358),(4244,4238,4242),(4244,4240,4238),(4172,4240,4244),
(4172,4168,4240),(2071,2070,2078),(2071,2078,2079),(4174,4168,4172),(4174,
4170,4168),(4116,4170,4174),(4116,4112,4170),(4118,4112,4116),(4118,4114,
4112),(4096,4114,4118),(4096,4092,4114),(4098,4092,4096),(4098,4094,4092),
(4044,4094,4098),(4044,4040,4094),(4046,4040,4044),(4046,4042,4040),(4029,
4042,4046),(4029,4028,4042),(3976,4028,4029),(3976,3972,4028),(3978,3972,
3976),(3978,3974,3972),(2079,2078,2096),(2079,2096,2102),(3938,3974,3978),
(3938,3932,3974),(3940,3932,3938),(3940,3934,3932),(3942,3934,3940),(3942,
3936,3934),(4707,4693,4721),(4722,4694,4723),(4694,4725,4723),(4694,4727,
4725),(4694,4695,4727),(4707,4721,4729),(4730,4731,4708),(4708,4731,4733),
(4708,4733,4735),(4708,4735,4709),(3878,3936,3942),(3878,3872,3936),(3880,
3872,3878),(3880,3874,3872),(3882,3874,3880),(3882,3876,3874),(3740,3736,
3734),(3700,3736,3740),(3700,3696,3736),(3740,3734,3742),(3742,3734,3732),
(3742,3732,3738),(3702,3696,3700),(3702,3698,3696),(3824,3876,3882),(3824,
3816,3876),(3738,3732,3818),(3738,3818,3826),(3828,3816,3824),(3828,3820,
3816),(3826,3818,3822),(3826,3822,3830),(3830,3820,3828),(3830,3822,3820),
(3584,3698,3702),(3584,3580,3698),(3586,3580,3584),(3586,3582,3580),(3472,
3582,3586),(3472,3468,3582),(2102,2096,2098),(2102,2098,2104),(3474,3468,
3472),(3474,3470,3468),(3393,3470,3474),(3393,3378,3470),(3395,3378,3393),
(3395,3380,3378),(3398,3380,3395),(3398,3382,3380),(3400,3383,3397),(3400,
3385,3383),(2104,2098,2094),(2104,2094,2100),(3402,3385,3400),(3402,3387,
3385),(4729,4721,4737),(4738,4722,4723),(4729,4737,4741),(4742,4731,4730),
(3404,3387,3402),(3404,3389,3387),(3406,3389,3404),(3406,3391,3389),(3240,
3391,3406),(3240,3232,3391),(4744,4745,4748),(4749,4745,4744),(4747,4746,
4751),(4749,4753,4745),(4746,4754,4755),(4746,4755,4751),(4744,4748,4757),
(4758,4759,4743),(4743,4761,4750),(4743,4759,4761),(4757,4748,4763),(4764,
4747,4751),(4757,4763,4765),(4766,4759,4758),(4768,4753,4749),(4768,4769,
4753),(4754,4770,4755),(4765,4763,4772),(4771,4764,4751),(4750,4761,4767),
(4765,4772,4773),(4774,4759,4766),(4773,4772,4775),(4776,4771,4777),(4771,
4751,4777),(4773,4775,4779),(4780,4781,4774),(4774,4781,4759),(4783,4769,
4768),(4783,4785,4769),(4770,4786,4755),(4787,4790,4794),(4793,4792,4796),
(4787,4798,4790),(4791,4800,4801),(4797,4791,4803),(4791,4801,4803),(4767,
4761,4784),(4795,4805,4788),(4793,4796,4807),(4808,4809,4795),(4795,4809,
4805),(4779,4775,4811),(4812,4776,4777),(4779,4811,4813),(4814,4781,4780),
(4816,4799,4789),(4816,4817,4799),(4800,4818,4801),(4788,4805,4815),(4807,
4796,4820),(4819,4797,4803),(4807,4820,4821),(4822,4809,4808),(4813,4811,
4823),(4824,4812,4777),(4813,4823,4825),(4826,4781,4814),(4828,4785,4783),
(4828,4829,4785),(4786,4830,4831),(4786,4831,4755),(4784,4834,4827),(4784,
4761,4834),(4825,4823,4835),(4836,4824,4777),(4825,4835,4837),(4838,4781,
4826),(4840,4817,4816),(4840,4841,4817),(4818,4842,4801),(4815,4805,4839),
(4837,4835,4844),(4843,4836,4845),(4836,4777,4845),(4837,4844,4847),(4848,
4850,4838),(4838,4850,4781),(4821,4820,4851),(4852,4819,4803),(4821,4851,
4853),(4854,4809,4822),(2100,2094,4855),(4856,2093,2121),(2100,4855,4857),
(4858,2124,2099),(4860,4829,4828),(4860,4861,4829),(4830,4862,4831),(4827,
4834,4859),(4847,4844,4864),(4863,4843,4845),(4847,4864,4865),(4866,4850,
4848),(4865,4864,4867),(4868,4863,4845),(4865,4867,4869),(4870,4850,4866),
(4872,4841,4840),(4872,4874,4841),(4842,4876,4801),(4839,4805,4871),(4877,
4861,4860),(4877,4879,4861),(4862,4880,4831),(4859,4834,4878),(4853,4851,
4882),(4881,4852,4803),(4853,4882,4883),(4884,4809,4854),(4869,4867,4885),
(4886,4868,4845),(4869,4885,4887),(4888,4850,4870),(4887,4885,4889),(4890,
4886,4891),(4886,4845,4891),(4887,4889,4893),(4894,4895,4888),(4888,4895,
4850),(4897,4879,4877),(4897,4899,4879),(4880,4900,4901),(4880,4901,4831),
(4878,4904,4898),(4878,4834,4904),(3242,3232,3240),(3242,3234,3232),(4893,
4889,4905),(4906,4890,4891),(4893,4905,4907),(4908,4895,4894),(4883,4882,
4909),(4910,4881,4803),(4883,4909,4911),(4912,4809,4884),(4914,4899,4897),
(4914,4915,4899),(4900,4916,4901),(4898,4904,4913),(4917,4875,4873),(4917,
4919,4875),(4876,4920,4801),(4871,4805,4918),(4921,4915,4914),(4921,4923,
4915),(4916,4924,4925),(4916,4925,4901),(4913,4928,4922),(4913,4904,4928),
(4911,4909,4929),(4930,4910,4803),(4911,4929,4931),(4932,4809,4912),(4907,
4905,4933),(4934,4906,4935),(4906,4891,4935),(4907,4933,4937),(4938,4939,
4908),(4908,4939,4895),(3244,3234,3242),(3244,3236,3234),(4941,4919,4917),
(4941,4943,4919),(4920,4944,4945),(4920,4945,4801),(4918,4948,4942),(4918,
4805,4948),(4950,4923,4921),(4950,4951,4923),(4924,4952,4925),(4922,4928,
4949),(4931,4929,4954),(4953,4930,4955),(4930,4803,4955),(4931,4954,4957),
(4958,4960,4932),(4932,4960,4809),(4937,4933,4961),(4962,4934,4963),(4934,
4935,4965),(4934,4965,4963),(4937,4961,4967),(4968,4969,4938),(4938,4971,
4939),(4938,4969,4971),(4973,4943,4941),(4973,4975,4943),(4944,4976,4977),
(4944,4979,4945),(4944,4977,4979),(4942,4981,4974),(4942,4948,4983),(4942,
4983,4981),(4985,4951,4950),(4985,4987,4951),(4952,4988,4925),(4949,4928,
4986),(3246,3236,3244),(3246,3238,3236),(4967,4961,4990),(4989,4962,4991),
(4962,4963,4991),(4967,4990,4993),(4994,4996,4968),(4968,4996,4969),(4998,
4975,4973),(4998,4999,4975),(4976,5000,5001),(4976,5003,4977),(4976,5001,
5003),(4974,5005,4997),(4974,4981,5007),(4974,5007,5005),(4957,4954,5009),
(5010,4953,4955),(4957,5009,5011),(5012,4960,4958),(4993,4990,5013),(5014,
4989,5015),(4989,4991,5015),(4993,5013,5017),(5018,5019,4994),(4994,5019,
4996),(5021,4987,4985),(5021,5023,4987),(4988,5024,5025),(4988,5025,4925),
(4986,5028,5022),(4986,4928,5028),(5030,4999,4998),(5030,5031,4999),(5000,
5032,5033),(5000,5035,5001),(5000,5037,5035),(5000,5033,5037),(4997,5039,
5029),(4997,5005,5041),(4997,5041,5043),(4997,5043,5039),(5017,5013,5031),
(5032,5014,5045),(5014,5015,5047),(5014,5047,5045),(5017,5031,5030),(5029,
5049,5018),(5018,5051,5019),(5018,5049,5051),(5032,5045,5053),(5032,5053,
5033),(5029,5056,5049),(5029,5039,5056),(3154,3238,3246),(3154,3148,3238),
(5058,5023,5021),(5058,5059,5023),(5024,5060,5025),(5022,5028,5057),(5011,
5009,5062),(5061,5010,4955),(5011,5062,5063),(5064,4960,5012),(5066,5059,
5058),(5066,5067,5059),(5060,5068,5025),(5057,5028,5065),(5069,5067,5066),
(5069,5071,5067),(5068,5072,5025),(5065,5028,5070),(3156,3148,3154),(3156,
3150,3148),(4857,4855,5074),(5073,4856,2121),(4857,5074,5075),(5076,2124,
4858),(5078,5071,5069),(5078,5079,5071),(5072,5080,5081),(5072,5081,5025),
(5070,5084,5077),(5070,5028,5084),(5063,5062,5085),(5086,5061,4955),(5063,
5085,5087),(5088,4960,5064),(3158,3150,3156),(3158,3152,3150),(5090,5079,
5078),(5090,5091,5079),(5080,5092,5081),(5077,5084,5089),(3128,3152,3158),
(3128,3124,3152),(3130,3124,3128),(3130,3126,3124),(3106,3126,3130),(3106,
3100,3126),(3108,3100,3106),(3108,3102,3100),(5093,5091,5090),(5093,5095,
5091),(5092,5096,5081),(5089,5084,5094),(3110,3102,3108),(3110,3104,3102),
(5097,5095,5093),(5097,5099,5095),(5096,5100,5101),(5096,5101,5081),(5094,
5104,5098),(5094,5084,5104),(5087,5085,5105),(5106,5086,5107),(5086,4955,
5107),(5087,5105,5109),(5110,5111,5088),(5088,5111,4960),(3080,3104,3110),
(3080,3072,3104),(5113,5099,5097),(5113,5115,5099),(5100,5116,5101),(5098,
5104,5114),(3082,3072,3080),(3082,3074,3072),(5117,5115,5113),(5117,5119,
5115),(5116,5120,5121),(5116,5121,5101),(5114,5124,5118),(5114,5104,5124),
(5109,5105,5125),(5126,5106,5107),(5109,5125,5127),(5128,5111,5110),(5130,
5119,5117),(5130,5131,5119),(5120,5132,5121),(5118,5124,5129),(3084,3074,
3082),(3084,3076,3074),(5133,5131,5130),(5133,5135,5131),(5132,5136,5121),
(5129,5124,5134),(5075,5074,5138),(5137,5073,5139),(5139,5073,2121),(5075,
5138,5141),(5142,5144,5076),(5144,2124,5076),(4740,5135,5133),(4740,4739,
5135),(5136,4738,5121),(5134,5124,4742),(4738,4723,5121),(4742,5124,4731),
(3086,3076,3084),(3086,3078,3076),(5127,5125,5145),(5146,5126,5147),(5126,
5107,5147),(5127,5145,5149),(5150,5151,5128),(5128,5151,5111),(3020,3078,
3086),(3020,2994,3078),(5149,5145,5153),(5154,5146,5155),(5146,5147,5155),
(5149,5153,5157),(5158,5159,5150),(5150,5159,5151),(5161,5163,5165),(5165,
5163,5167),(5161,5170,5163),(5164,5169,5171),(5168,5164,5173),(5164,5171,
5173),(5166,5175,5162),(5165,5167,5177),(5178,5179,5166),(5166,5179,5175),
(5181,5170,5161),(5181,5185,5170),(5169,5186,5187),(5169,5187,5171),(5162,
5190,5182),(5162,5175,5190),(5177,5167,5191),(5192,5168,5193),(5168,5173,
5193),(5177,5191,5195),(5196,5197,5178),(5178,5197,5179),(5199,5184,5183),
(5199,5203,5184),(5186,5204,5205),(5186,5205,5187),(5182,5208,5200),(5182,
5190,5208),(3022,2994,3020),(3022,2996,2994),(5195,5191,5209),(5210,5192,
5211),(5192,5193,5211),(5195,5209,5213),(5214,5215,5196),(5196,5215,5197),
(5217,5202,5201),(5217,5219,5202),(5204,5220,5205),(5200,5208,5218),(5213,
5209,5222),(5221,5210,5223),(5210,5211,5223),(5213,5222,5225),(5226,5228,
5214),(5214,5228,5215),(5157,5153,5229),(5230,5154,5231),(5154,5155,5231),
(5157,5229,5233),(5234,5235,5158),(5158,5235,5159),(5237,5219,5217),(5237,
5241,5219),(5220,5242,5243),(5220,5243,5205),(5218,5246,5238),(5218,5208,
5246),(5225,5222,5247),(5248,5221,5249),(5221,5223,5249),(5225,5247,5251),
(5252,5253,5226),(5226,5253,5228),(3024,2996,3022),(3024,2998,2996),(5233,
5229,5255),(5256,5230,5257),(5230,5231,5257),(5233,5255,5259),(5260,5261,
5234),(5234,5261,5235),(5251,5247,5263),(5264,5248,5249),(5251,5263,5265),
(5266,5253,5252),(5141,5138,5267),(5268,5137,5269),(5137,5271,5269),(5137,
5273,5271),(5137,5275,5273),(5137,5277,5275),(5137,5139,5277),(5141,5267,
5279),(5280,5281,5142),(5142,5281,5283),(5142,5283,5285),(5142,5285,5287),
(5142,5287,5289),(5142,5289,5144),(5291,5240,5239),(5291,5295,5240),(5242,
5296,5297),(5242,5299,5243),(5242,5297,5299),(5238,5301,5292),(5238,5246,
5303),(5238,5303,5301),(5259,5255,5305),(5306,5256,5307),(5256,5257,5307),
(5259,5305,5309),(5310,5311,5260),(5260,5311,5261),(5265,5263,5313),(5314,
5264,5315),(5264,5249,5315),(5265,5313,5317),(5318,5319,5266),(5266,5319,
5253),(5321,5294,5293),(5321,5323,5294),(5296,5324,5325),(5296,5325,5328),
(5296,5328,5330),(5296,5330,5297),(5292,5332,5322),(5292,5335,5332),(5292,
5337,5335),(5292,5301,5337),(5309,5305,5323),(5324,5306,5339),(5306,5307,
5339),(5309,5323,5321),(5322,5342,5310),(5310,5342,5311),(5324,5339,5343),
(5324,5343,5325),(5322,5346,5342),(5322,5332,5346),(3026,2998,3024),(3026,
3000,2998),(5317,5313,5347),(5348,5314,5315),(5317,5347,5349),(5350,5319,
5318),(5349,5347,5351),(5352,5348,5315),(5349,5351,5353),(5354,5319,5350),
(3028,3000,3026),(3028,3002,3000),(5353,5351,5355),(5356,5352,5315),(5353,
5355,5357),(5358,5319,5354),(3030,3002,3028),(3030,3004,3002),(3032,3004,
3030),(3032,3006,3004),(3034,3006,3032),(3034,3008,3006),(5357,5355,5359),
(5360,5356,5361),(5356,5315,5361),(5357,5359,5363),(5364,5365,5358),(5358,
5365,5319),(5279,5267,5367),(5368,5268,5369),(5268,5371,5369),(5268,5373,
5371),(5268,5269,5373),(5279,5367,5375),(5376,5377,5280),(5280,5377,5379),
(5280,5379,5381),(5280,5381,5281),(3036,3008,3034),(3036,3010,3008),(3038,
3010,3036),(3038,3012,3010),(3040,3012,3038),(3040,3014,3012),(5363,5359,
5383),(5384,5360,5385),(5360,5361,5385),(5363,5383,5387),(5388,5389,5364),
(5364,5389,5365),(3042,3014,3040),(3042,3016,3014),(3044,3016,3042),(3044,
3018,3016),(2976,3018,3044),(2976,2966,3018),(2978,2966,2976),(2978,2968,
2966),(2980,2968,2978),(2980,2970,2968),(2982,2970,2980),(2982,2972,2970),
(2984,2972,2982),(2984,2974,2972),(2952,2974,2984),(2952,2946,2974),(5387,
5383,5391),(5392,5384,5393),(5384,5385,5393),(5387,5391,5395),(5396,5397,
5388),(5388,5397,5389),(2954,2946,2952),(2954,2948,2946),(2956,2948,2954),
(2956,2950,2948),(5395,5391,5399),(5400,5392,5401),(5392,5393,5401),(5395,
5399,5403),(5404,5405,5396),(5396,5405,5397),(2926,2950,2956),(2926,2918,
2950),(2928,2918,2926),(2928,2920,2918),(5403,5399,5407),(5408,5400,5409),
(5400,5401,5409),(5403,5407,5411),(5412,5413,5404),(5404,5413,5405),(2930,
2920,2928),(2930,2922,2920),(5411,5407,5415),(5416,5408,5417),(5408,5409,
5419),(5408,5419,5417),(5411,5415,5421),(5422,5423,5412),(5412,5425,5413),
(5412,5423,5425),(5375,5367,5427),(5428,5368,5429),(5368,5431,5429),(5368,
5433,5431),(5368,5369,5433),(5375,5427,5435),(5436,5437,5376),(5376,5437,
5439),(5376,5439,5441),(5376,5441,5377),(5421,5415,5443),(5444,5416,5445),
(5416,5417,5445),(5421,5443,5447),(5448,5449,5422),(5422,5449,5423),(2932,
2922,2930),(2932,2924,2922),(5447,5443,5451),(5452,5444,5453),(5444,5445,
5453),(5447,5451,5455),(5456,5457,5448),(5448,5457,5449),(5455,5451,5459),
(5460,5452,5461),(5452,5453,5461),(5455,5459,5463),(5464,5465,5456),(5456,
5465,5457),(5467,5469,5471),(5471,5469,5473),(5467,5476,5469),(5470,5475,
5477),(5474,5470,5479),(5470,5481,5479),(5470,5477,5481),(5472,5483,5468),
(5471,5473,5485),(5486,5487,5472),(5472,5487,5489),(5472,5489,5483),(5491,
5476,5467),(5491,5493,5476),(5475,5494,5495),(5475,5497,5477),(5475,5495,
5497),(5468,5499,5492),(5468,5483,5501),(5468,5501,5499),(5485,5473,5503),
(5504,5474,5505),(5474,5507,5505),(5474,5479,5507),(5485,5503,5509),(5510,
5511,5486),(5486,5511,5513),(5486,5513,5487),(5463,5493,5491),(5463,5459,
5493),(5494,5460,5515),(5494,5515,5495),(5492,5518,5464),(5492,5499,5518),
(5460,5461,5515),(5464,5518,5465),(5509,5503,5519),(5520,5504,5521),(5504,
5523,5521),(5504,5525,5523),(5504,5505,5525),(5509,5519,5527),(5528,5529,
5510),(5510,5529,5531),(5510,5531,5533),(5510,5533,5511),(2880,2924,2932),
(2880,2858,2924),(5527,5519,5535),(5536,5520,5537),(5520,5539,5537),(5520,
5521,5539),(5527,5535,5541),(5542,5543,5528),(5528,5543,5545),(5528,5545,
5529),(5541,5535,5547),(5548,5536,5549),(5536,5537,5549),(5541,5547,5551),
(5552,5553,5542),(5542,5553,5543),(5551,5547,5555),(5556,5548,5557),(5548,
5549,5557),(5551,5555,5559),(5560,5561,5552),(5552,5561,5553),(2882,2858,
2880),(2882,2860,2858),(5559,5555,5563),(5564,5556,5557),(5559,5563,5565),
(5566,5561,5560),(5565,5563,5567),(5568,5564,5557),(5565,5567,5569),(5570,
5561,5566),(2884,2860,2882),(2884,2862,2860),(5569,5567,5571),(5572,5568,
5573),(5568,5557,5573),(5569,5571,5575),(5576,5577,5570),(5570,5577,5561),
(2886,2862,2884),(2886,2864,2862),(5575,5571,5579),(5580,5572,5573),(5575,
5579,5581),(5582,5577,5576),(5581,5579,5583),(5584,5580,5573),(5581,5583,
5585),(5586,5577,5582),(5435,5427,5587),(5588,5428,5589),(5428,5429,5589),
(5435,5587,5591),(5592,5593,5436),(5436,5593,5437),(2888,2864,2886),(2888,
2866,2864),(5585,5583,5595),(5596,5584,5573),(5585,5595,5597),(5598,5577,
5586),(2890,2866,2888),(2890,2868,2866),(5597,5595,5599),(5600,5596,5573),
(5597,5599,5601),(5602,5577,5598),(2892,2868,2890),(2892,2870,2868),(5601,
5599,5603),(5604,5600,5605),(5600,5573,5605),(5601,5603,5607),(5608,5609,
5602),(5602,5609,5577),(2894,2870,2892),(2894,2872,2870),(2896,2872,2894),
(2896,2874,2872),(5607,5603,5611),(5612,5604,5605),(5607,5611,5613),(5614,
5609,5608),(2898,2874,2896),(2898,2876,2874),(2900,2876,2898),(2900,2878,
2876),(5613,5611,5615),(5616,5612,5617),(5612,5605,5617),(5613,5615,5619),
(5620,5621,5614),(5614,5621,5609),(2838,2878,2900),(2838,2830,2878),(2812,
2804,2802),(2814,2804,2812),(2814,2806,2804),(2812,2802,2810),(2810,2802,
2832),(2810,2832,2840),(2842,2830,2838),(2842,2834,2830),(2816,2806,2814),
(2816,2808,2806),(2840,2832,2836),(2840,2836,2844),(2844,2834,2842),(2844,
2836,2834),(2780,2808,2816),(2780,2770,2808),(2782,2770,2780),(2782,2772,
2770),(5619,5615,5623),(5624,5616,5617),(5619,5623,5625),(5626,5621,5620),
(2784,2772,2782),(2784,2774,2772),(2786,2774,2784),(2786,2776,2774),(5625,
5623,5627),(5628,5624,5629),(5624,5617,5629),(5625,5627,5631),(5632,5633,
5626),(5626,5633,5621),(2788,2776,2786),(2788,2778,2776),(5591,5587,5635),
(5636,5588,5637),(5588,5589,5637),(5591,5635,5639),(5640,5641,5592),(5592,
5641,5593),(5631,5627,5643),(5644,5628,5645),(5628,5629,5645),(5631,5643,
5647),(5648,5649,5632),(5632,5649,5633),(2752,2778,2788),(2752,2742,2778),
(5647,5643,5651),(5652,5644,5653),(5644,5645,5653),(5647,5651,5655),(5656,
5657,5648),(5648,5657,5649),(2754,2742,2752),(2754,2744,2742),(5655,5651,
5659),(5660,5652,5661),(5652,5653,5661),(5655,5659,5663),(5664,5665,5656),
(5656,5665,5657),(5663,5659,5667),(5668,5660,5669),(5660,5661,5671),(5660,
5671,5669),(5663,5667,5673),(5674,5675,5664),(5664,5677,5665),(5664,5675,
5677),(2756,2744,2754),(2756,2746,2744),(5673,5667,5679),(5680,5668,5681),
(5668,5669,5683),(5668,5683,5685),(5668,5685,5681),(5673,5679,5687),(5688,
5689,5674),(5674,5691,5675),(5674,5693,5691),(5674,5689,5693),(5687,5679,
5695),(5696,5680,5697),(5680,5699,5697),(5680,5681,5699),(5687,5695,5701),
(5702,5703,5688),(5688,5703,5705),(5688,5705,5689),(5701,5695,5707),(5708,
5696,5709),(5696,5697,5709),(5701,5707,5711),(5712,5713,5702),(5702,5713,
5703),(5711,5707,5715),(5716,5708,5717),(5708,5709,5717),(5711,5715,5719),
(5720,5721,5712),(5712,5721,5713),(5719,5715,5723),(5724,5716,5725),(5716,
5717,5725),(5719,5723,5727),(5728,5729,5720),(5720,5729,5721),(2758,2746,
2756),(2758,2748,2746),(5727,5723,5731),(5732,5724,5733),(5724,5725,5733),
(5727,5731,5735),(5736,5737,5728),(5728,5737,5729),(5735,5731,5739),(5740,
5732,5741),(5732,5733,5741),(5735,5739,5743),(5744,5745,5736),(5736,5745,
5737),(5743,5739,5747),(5748,5740,5749),(5740,5741,5749),(5743,5747,5751),
(5752,5753,5744),(5744,5753,5745),(2760,2748,2758),(2760,2750,2748),(5751,
5747,5755),(5756,5748,5749),(5751,5755,5757),(5758,5753,5752),(5757,5755,
5759),(5760,5756,5749),(5757,5759,5761),(5762,5753,5758),(5761,5759,5763),
(5764,5760,5765),(5760,5749,5765),(5761,5763,5767),(5768,5769,5762),(5762,
5769,5753),(2710,2750,2760),(2710,2690,2750),(5767,5763,5771),(5772,5764,
5765),(5767,5771,5773),(5774,5769,5768),(5773,5771,5775),(5776,5772,5765),
(5773,5775,5777),(5778,5769,5774),(2712,2690,2710),(2712,2692,2690),(2714,
2692,2712),(2714,2694,2692),(5777,5775,5779),(5780,5776,5765),(5777,5779,
5781),(5782,5769,5778),(2716,2694,2714),(2716,2696,2694),(5639,5635,5783),
(5784,5636,5785),(5636,5637,5785),(5639,5783,5787),(5788,5789,5640),(5640,
5789,5641),(2718,2696,2716),(2718,2698,2696),(2720,2698,2718),(2720,2700,
2698),(5781,5779,5791),(5792,5780,5765),(5781,5791,5793),(5794,5769,5782),
(2722,2700,2720),(2722,2702,2700),(4589,4570,4573),(4589,4573,4591),(4592,
4572,4575),(4192,4188,4570),(4192,4570,4589),(4053,4189,4190),(4053,4052,
4189),(4592,4575,4594),(4594,4575,4577),(4594,4577,4596),(2724,2702,2722),
(2724,2704,2702),(4596,4577,4579),(4596,4579,4598),(5796,2704,2724),(5796,
5798,2704),(2703,5800,2705),(2723,2725,5795),(5793,5791,5802),(5801,5792,
5765),(5793,5802,5803),(5804,5769,5794),(5806,5799,5797),(5806,5808,5799),
(5800,5810,2705),(5795,2725,5805),(4598,4579,4581),(4598,4581,4600),(5811,
5809,5807),(5811,5813,5809),(5810,5814,5815),(5810,5815,2705),(5805,5818,
5812),(5805,2725,5818),(5820,5813,5811),(5820,5821,5813),(5814,5822,5823),
(5814,5823,5815),(5812,5826,5819),(5812,5818,5826),(5828,5821,5820),(5828,
5829,5821),(5822,5830,5831),(5822,5831,5823),(5819,5834,5827),(5819,5826,
5834),(5836,5829,5828),(5836,5837,5829),(5830,5838,5839),(5830,5839,5831),
(5827,5842,5835),(5827,5834,5842),(5844,5837,5836),(5844,5845,5837),(5838,
5846,5847),(5838,5847,5839),(5835,5850,5843),(5835,5842,5850),(5803,5802,
5851),(5852,5801,5853),(5801,5765,5853),(5803,5851,5855),(5856,5857,5804),
(5804,5857,5769),(4600,4581,4583),(4600,4583,4602),(5859,5845,5844),(5859,
5861,5845),(5846,5862,5863),(5846,5863,5847),(5843,5866,5860),(5843,5850,
5866),(5868,5861,5859),(5868,5869,5861),(5862,5870,5863),(5860,5866,5867),
(4602,4583,4585),(4602,4585,4604),(5865,5869,5868),(5865,5864,5869),(5855,
5851,5872),(5871,5852,5853),(5855,5872,5873),(5874,5857,5856),(5849,5864,
5865),(5849,5848,5864),(4604,4585,4530),(4604,4530,4546),(5841,5848,5849),
(5841,5840,5848),(5873,5872,5875),(5876,5871,5877),(5871,5853,5877),(5873,
5875,5879),(5880,5881,5874),(5874,5881,5857),(5833,5840,5841),(5833,5832,
5840),(5787,5783,5883),(5884,5784,5885),(5784,5785,5885),(5787,5883,5887),
(5888,5889,5788),(5788,5889,5789),(4546,4530,4532),(4546,4532,4548),(5825,
5832,5833),(5825,5824,5832),(5879,5875,5891),(5892,5876,5893),(5876,5877,
5893),(5879,5891,5895),(5896,5897,5880),(5880,5897,5881),(4548,4532,4534),
(4548,4534,4550),(5817,5824,5825),(5817,5816,5824),(5895,5891,5899),(5900,
5892,5901),(5892,5893,5901),(5895,5899,5903),(5904,5905,5896),(5896,5905,
5897),(2726,5816,5817),(2726,2706,5816),(4550,4534,4536),(4550,4536,4552),
(2728,2706,2726),(2728,2708,2706),(4552,4536,4538),(4552,4538,4554),(5903,
5899,5907),(5908,5900,5909),(5900,5901,5909),(5903,5907,5911),(5912,5913,
5904),(5904,5913,5905),(4554,4538,4540),(4554,4540,4556),(2668,2708,2728),
(2668,2658,2708),(4556,4540,4542),(4556,4542,4558),(5911,5907,5915),(5916,
5908,5917),(5908,5909,5917),(5911,5915,5919),(5920,5921,5912),(5912,5921,
5913),(5923,5925,5927),(5923,5929,5925),(2670,2658,2668),(2670,2660,2658),
(5919,5915,5932),(5931,5916,5933),(5916,5935,5933),(5916,5917,5935),(5919,
5932,5937),(5938,5939,5920),(5920,5939,5941),(5920,5941,5921),(2672,2660,
2670),(2672,2662,2660),(3961,4052,4053),(3961,3952,4052),(2674,2662,2672),
(2674,2664,2662),(5937,5932,5943),(5944,5931,5945),(5931,5933,5945),(5937,
5943,5947),(5948,5949,5938),(5938,5949,5939),(2676,2664,2674),(2676,2666,
2664),(4558,4542,4436),(4558,4436,4473),(5947,5943,5951),(5952,5944,5953),
(5944,5945,5953),(5947,5951,5955),(5956,5957,5948),(5948,5957,5949),(2644,
2666,2676),(2644,2638,2666),(5955,5951,5959),(5960,5952,5953),(5955,5959,
5961),(5962,5957,5956),(2583,2602,2603),(2603,2602,2616),(2583,2582,2602),
(2603,2616,2620),(2646,2638,2644),(2646,2640,2638),(5961,5959,5963),(5964,
5960,5965),(5960,5953,5965),(5961,5963,5967),(5968,5969,5962),(5962,5969,
5957),(2567,2582,2583),(2567,2566,2582),(2620,2616,2614),(2620,2614,2618),
(2648,2640,2646),(2648,2642,2640),(2618,2614,2642),(2618,2642,2648),(5967,
5963,5971),(5972,5964,5973),(5964,5965,5973),(5967,5971,5975),(5976,5977,
5968),(5968,5977,5969),(5975,5971,5979),(5980,5972,5981),(5972,5973,5981),
(5975,5979,5983),(5984,5985,5976),(5976,5985,5977),(5987,5989,5991),(5991,
5989,5993),(5987,5996,5989),(5990,5995,5997),(5994,5990,5999),(5990,5997,
5999),(5992,6001,5988),(5991,5993,6003),(6004,6005,5992),(5992,6005,6001),
(6007,5996,5987),(6007,6009,5996),(5995,6010,6011),(5995,6011,5997),(5988,
6014,6008),(5988,6001,6014),(6003,5993,6015),(6016,5994,6017),(5994,6020,
6017),(5994,5999,6020),(6003,6015,6022),(6023,6024,6004),(6004,6024,6027),
(6004,6027,6005),(6029,6009,6007),(6029,6031,6009),(6010,6032,6011),(6008,
6014,6030),(5983,5979,6034),(6033,5980,5981),(5983,6034,6035),(6036,5985,
5984),(6035,6034,6037),(6038,6033,6039),(6033,5981,6039),(6035,6037,6041),
(6042,6043,6036),(6036,6043,5985),(6045,6031,6029),(6045,6047,6031),(6032,
6048,6049),(6032,6049,6011),(6030,6052,6046),(6030,6014,6052),(6022,6015,
6053),(6054,6016,6055),(6016,6057,6055),(6016,6059,6057),(6016,6061,6059),
(6016,6017,6061),(6022,6053,6063),(6064,6065,6023),(6023,6065,6067),(6023,
6067,6069),(6023,6069,6071),(6023,6071,6024),(6041,6037,6073),(6074,6038,
6075),(6038,6039,6075),(6077,6047,6045),(6077,6073,6047),(6048,6074,6079),
(6048,6079,6049),(6041,6073,6077),(6078,6081,6042),(6042,6081,6043),(6046,
6083,6078),(6046,6052,6083),(6074,6075,6079),(6078,6083,6081),(4203,2566,
2567),(4203,4200,2566),(6063,6053,6085),(6086,6054,6087),(6054,6055,6087),
(6063,6085,6089),(6090,6091,6064),(6064,6091,6065),(4473,4436,4438),(4473,
4438,4475),(5887,5883,6093),(5884,5885,6094),(5887,6093,6095),(5888,6096,
5889),(6089,6085,6097),(6098,6086,6099),(6086,6101,6099),(6086,6087,6101),
(6089,6097,6103),(6104,6105,6090),(6090,6105,6107),(6090,6107,6091),(4228,
4200,4203),(4228,4224,4200),(6103,6097,6109),(6110,6098,6099),(6103,6109,
6111),(6112,6105,6104),(4475,4438,4440),(4475,4440,4477),(6111,6109,6113),
(6114,6110,6115),(6110,6099,6115),(6111,6113,6117),(6118,6119,6112),(6112,
6119,6105),(4263,4224,4228),(4263,4260,4224),(6117,6113,6121),(6122,6114,
6123),(6114,6115,6123),(6117,6121,6125),(6126,6127,6118),(6118,6127,6119),
(4477,4440,4442),(4477,4442,4479),(6125,6121,6129),(6130,6122,6123),(6125,
6129,6131),(6132,6127,6126),(4283,4260,4263),(4283,4280,4260),(4479,4442,
4444),(4479,4444,4481),(6131,6129,6133),(6134,6130,6135),(6130,6123,6135),
(6131,6133,6137),(6138,6139,6132),(6132,6139,6127),(6137,6133,6141),(6142,
6134,6135),(6137,6141,6143),(6144,6139,6138),(4481,4444,4446),(4481,4446,
4483),(4303,4280,4283),(4303,4300,4280),(6143,6141,6145),(6146,6142,6135),
(6143,6145,6147),(6148,6139,6144),(6150,5929,5923),(6150,6151,5929),(6095,
6093,5886),(6095,5886,5890),(4483,4446,4448),(4483,4448,4485),(3963,3953,
3960),(3963,3954,3953),(6147,6145,6154),(6153,6146,6155),(6146,6135,6155),
(6147,6154,6157),(6158,6160,6148),(6148,6160,6139),(4315,4300,4303),(4315,
4312,4300),(6157,6154,6161),(6162,6153,6155),(6157,6161,6163),(6164,6160,
6158),(4485,4448,4450),(4485,4450,4487),(6163,6161,6165),(6166,6162,6167),
(6162,6155,6167),(6163,6165,6169),(6170,6171,6164),(6164,6171,6160),(4400,
4312,4315),(4400,4374,4312),(4487,4450,4452),(4487,4452,4489),(6169,6165,
6173),(6174,6166,6175),(6166,6167,6175),(6169,6173,6177),(6178,6179,6170),
(6170,6179,6171),(6181,4374,4400),(6181,6185,4374),(4373,6186,6187),(4373,
6187,4375),(4399,6190,6182),(4399,4401,6190),(6177,6173,6191),(6192,6174,
6175),(6177,6191,6193),(6194,6179,6178),(6193,6191,6195),(6196,6192,6197),
(6192,6175,6197),(6193,6195,6199),(6200,6201,6194),(6194,6201,6179),(4489,
4452,6203),(4451,6205,6204),(4451,6207,6205),(4451,4453,6207),(4489,6203,
6209),(4488,6210,6211),(4488,6211,6213),(4488,6213,4490),(6215,6184,6183),
(6215,6217,6184),(6186,6218,6219),(6186,6219,6187),(6182,6222,6216),(6182,
6190,6222),(5890,5886,5786),(5890,5786,5790),(6199,6195,6223),(6224,6196,
6225),(6196,6197,6225),(6199,6223,6227),(6228,6229,6200),(6200,6229,6201),
(6231,6217,6215),(6231,6233,6217),(6218,6234,6235),(6218,6235,6219),(6216,
6238,6232),(6216,6222,6238),(6227,6223,6239),(6240,6224,6241),(6224,6225,
6241),(6227,6239,6243),(6244,6245,6228),(6228,6245,6229),(6247,6233,6231),
(6247,6249,6233),(6234,6250,6251),(6234,6251,6235),(6232,6254,6248),(6232,
6238,6254),(4133,6151,6150),(4133,4132,6151),(6209,6203,6255),(6204,6257,
6256),(6204,6259,6257),(6204,6261,6259),(6204,6263,6261),(6204,6205,6263),
(6209,6255,6265),(6210,6266,6267),(6210,6267,6269),(6210,6269,6271),(6210,
6271,6273),(6210,6273,6211),(6275,6249,6247),(6275,6277,6249),(6250,6278,
6279),(6250,6279,6251),(6248,6282,6276),(6248,6254,6282),(6243,6239,6283),
(6284,6240,6285),(6240,6241,6285),(6243,6283,6287),(6288,6289,6244),(6244,
6289,6245),(6291,6277,6275),(6291,6293,6277),(6278,6294,6295),(6278,6295,
6279),(6276,6298,6292),(6276,6282,6298),(6287,6283,6299),(6300,6284,6301),
(6284,6303,6301),(6284,6285,6303),(6287,6299,6305),(6306,6307,6288),(6288,
6307,6309),(6288,6309,6289),(6311,6293,6291),(6311,6313,6293),(6294,6314,
6295),(6292,6298,6312),(6297,6313,6311),(6297,6296,6313),(6305,6299,6316),
(6315,6300,6317),(6300,6301,6317),(6305,6316,6319),(6320,6322,6306),(6306,
6322,6307),(6324,6326,6330),(6331,6327,6325),(6329,6328,6333),(6331,6334,
6327),(6324,6330,6335),(6336,6332,6323),(6281,6296,6297),(6281,6280,6296),
(6335,6330,6337),(6338,6329,6340),(6329,6333,6342),(6329,6345,6340),(6329,
6348,6345),(6329,6342,6351),(6329,6351,6348),(6335,6337,6353),(6355,6356,
6336),(6336,6358,6332),(6336,6356,6361),(6336,6361,6364),(6336,6367,6358),
(6336,6364,6367),(6253,6280,6281),(6253,6252,6280),(6319,6316,6369),(6370,
6315,6371),(6315,6317,6371),(6319,6369,6373),(6374,6375,6320),(6320,6375,
6322),(6265,6255,6258),(6265,6258,6268),(6354,6339,6377),(6378,6338,6379),
(6381,6379,6383),(6338,6385,6379),(6338,6340,6387),(6338,6387,6389),(6338,
6389,6391),(6338,6391,6393),(6338,6393,6395),(6338,6395,6397),(6338,6399,
6385),(6338,6397,6401),(6338,6401,6403),(6338,6403,6406),(6338,6406,6408),
(6338,6410,6399),(6338,6408,6412),(6338,6414,6410),(6338,6416,6414),(6338,
6418,6416),(6338,6420,6418),(6338,6422,6420),(6338,6424,6422),(6338,6426,
6424),(6338,6428,6426),(6338,6430,6428),(6338,6412,6432),(6338,6434,6430),
(6338,6432,6436),(6338,6436,6434),(6354,6377,6438),(6439,6441,6442),(6355,
6439,6442),(6355,6442,6444),(6355,6446,6356),(6355,6448,6446),(6355,6450,
6448),(6355,6452,6450),(6355,6454,6452),(6355,6456,6454),(6355,6444,6458),
(6355,6460,6456),(6355,6462,6460),(6355,6465,6462),(6355,6467,6465),(6355,
6458,6469),(6355,6471,6467),(6355,6469,6473),(6355,6473,6475),(6355,6475,
6477),(6355,6477,6479),(6355,6479,6481),(6355,6481,6483),(6355,6483,6485),
(6355,6485,6487),(6355,6487,6489),(6355,6491,6471),(6355,6489,6493),(6355,
6495,6491),(6355,6493,6495),(6237,6252,6253),(6237,6236,6252),(6438,6377,
6497),(6500,6498,6379),(6438,6497,6440),(6441,6501,6442),(6221,6236,6237),
(6221,6220,6236),(6373,6369,6503),(6504,6370,6505),(6370,6507,6505),(6370,
6371,6507),(6373,6503,6509),(6510,6511,6374),(6374,6511,6513),(6374,6513,
6375),(6440,6497,6499),(6379,6498,6378),(6440,6499,6502),(6442,6515,6517),
(5790,5786,5638),(5790,5638,5642),(6189,6220,6221),(6189,6188,6220),(6509,
6503,6519),(6520,6504,6521),(6504,6523,6521),(6504,6505,6523),(6509,6519,
6525),(6526,6527,6510),(6510,6527,6529),(6510,6529,6511),(6502,6499,6531),
(6534,6536,6379),(6502,6531,6516),(6501,6515,6442),(6268,6258,6260),(6268,
6260,6270),(4402,6188,6189),(4402,4376,6188),(6525,6519,6538),(6537,6520,
6539),(6520,6521,6539),(6525,6538,6541),(6542,6544,6526),(6526,6544,6527),
(4404,4376,4402),(4404,4378,4376),(6516,6531,6535),(6379,6536,6532),(6516,
6535,6518),(6517,6545,6442),(4406,4378,4404),(4406,4380,4378),(6541,6538,
6547),(6548,6537,6549),(6537,6539,6549),(6541,6547,6551),(6552,6553,6542),
(6542,6553,6544),(6270,6260,6262),(6270,6262,6272),(4408,4380,4406),(4408,
4382,4380),(6518,6535,6533),(6500,6379,6532),(6518,6533,6546),(6545,6555,
6442),(6551,6547,6557),(6558,6548,6559),(6548,6549,6559),(6551,6557,6561),
(6562,6563,6552),(6552,6563,6553),(4410,4382,4408),(4410,4384,4382),(4021,
4132,4133),(4021,4020,4132),(6272,6262,6264),(6272,6264,6274),(4412,4384,
4410),(4412,4386,4384),(6561,6557,6565),(6558,6559,6566),(6561,6565,6567),
(6562,6568,6563),(6546,6533,6569),(6572,6574,6379),(6546,6569,6556),(6555,
6575,6442),(4414,4386,4412),(4414,4388,4386),(6567,6565,6560),(6567,6560,
6564),(6274,6264,6206),(6274,6206,6212),(4416,4388,4414),(4416,4390,4388),
(6556,6569,6573),(6379,6574,6570),(6556,6573,6576),(6575,6577,6442),(4418,
4390,4416),(4418,4392,4390),(5642,5638,5590),(5642,5590,5594),(6564,6560,
6550),(6564,6550,6554),(6212,6206,6208),(6212,6208,6214),(4420,4392,4418),
(4420,4394,4392),(6576,6573,6571),(6534,6379,6570),(6576,6571,6578),(6442,
6579,6581),(4398,4394,4420),(4398,4372,4394),(6214,6208,4454),(6214,4454,
4491),(6554,6550,6540),(6554,6540,6543),(4493,4372,4398),(4493,4456,4372),
(6578,6571,6583),(6381,6584,6379),(6578,6583,6580),(6577,6579,6442),(4491,
4454,4458),(4491,4458,4495),(4497,4456,4493),(4497,4460,4456),(6543,6540,
6522),(6543,6522,6528),(6580,6583,6382),(6379,6584,6572),(6580,6382,6582),
(6581,6585,6442),(4495,4458,4463),(4495,4463,4499),(4503,4460,4497),(4503,
4465,4460),(6360,6334,6331),(6360,6343,6334),(4500,4462,4469),(4500,4469,
4505),(4506,4466,4502),(4506,4467,4466),(6582,6382,6384),(6582,6384,6586),
(6586,6384,6380),(6586,6380,6443),(6528,6522,6524),(6528,6524,6530),(3965,
3954,3963),(3965,3956,3954),(6530,6524,6506),(6530,6506,6512),(3852,4020,
4021),(3852,3848,4020),(6443,6380,6386),(6443,6386,6445),(5594,5590,5430),
(5594,5430,5438),(6512,6506,6508),(6512,6508,6514),(6514,6508,6372),(6514,
6372,6376),(6357,6341,6347),(6357,6347,6362),(6363,6346,6587),(6345,6348,
6589),(6345,6591,6588),(6345,6589,6593),(6345,6593,6591),(6447,6341,6357),
(6447,6388,6341),(6361,6596,6364),(6363,6587,6598),(6361,6599,6600),(6361,
6602,6596),(6361,6600,6602),(6449,6388,6447),(6449,6390,6388),(6451,6390,
6449),(6451,6392,6390),(6453,6392,6451),(6453,6394,6392),(6455,6394,6453),
(6455,6396,6394),(6457,6396,6455),(6457,6398,6396),(6445,6386,6400),(6445,
6400,6459),(6461,6398,6457),(6461,6402,6398),(6464,6402,6461),(6464,6404,
6402),(6376,6372,6318),(6376,6318,6321),(6466,6405,6463),(6466,6407,6405),
(6468,6407,6466),(6468,6409,6407),(6321,6318,6302),(6321,6302,6308),(6605,
6607,6609),(6609,6607,6611),(6605,6614,6607),(6608,6613,6615),(6612,6608,
6615),(6610,6618,6606),(6609,6611,6620),(6619,6618,6610),(6621,6614,6605),
(6621,6623,6614),(6613,6624,6615),(6606,6618,6622),(6459,6400,6411),(6459,
6411,6470),(6620,6611,6626),(6625,6612,6615),(6620,6626,6627),(6628,6618,
6619),(6630,6623,6621),(6630,6631,6623),(6624,6632,6615),(6622,6618,6629),
(6633,6409,6468),(6633,6635,6409),(6408,6636,6412),(6467,6471,6634),(6637,
6631,6630),(6637,6639,6631),(6632,6640,6615),(6629,6618,6638),(6627,6626,
6642),(6641,6625,6615),(6627,6642,6643),(6644,6618,6628),(6646,6639,6637),
(6646,6647,6639),(6640,6648,6615),(6638,6618,6645),(6649,6647,6646),(6649,
6651,6647),(6648,6652,6615),(6645,6618,6650),(6643,6642,6654),(6653,6641,
6615),(6643,6654,6655),(6656,6618,6644),(6308,6302,6304),(6308,6304,6310),
(6658,6635,6633),(6658,6659,6635),(6636,6660,6661),(6636,6661,6412),(6634,
6664,6657),(6634,6471,6664),(6666,6651,6649),(6666,6667,6651),(6652,6668,
6615),(6650,6618,6665),(6655,6654,6670),(6669,6653,6615),(6655,6670,6671),
(6672,6618,6656),(6674,6667,6666),(6674,6675,6667),(6668,6676,6615),(6665,
6618,6673),(6470,6411,6415),(6470,6415,6474),(6677,6675,6674),(6677,6679,
6675),(6676,6680,6681),(6676,6681,6615),(6673,6684,6678),(6673,6618,6684),
(6310,6304,6286),(6310,6286,6290),(6686,6659,6658),(6686,6687,6659),(6660,
6688,6689),(6660,6689,6661),(6657,6693,6685),(6657,6664,6693),(6671,6670,
6695),(6696,6669,6615),(6671,6695,6697),(6698,6618,6672),(6700,6679,6677),
(6700,6701,6679),(6680,6702,6681),(6678,6684,6699),(6703,6701,6700),(6703,
6705,6701),(6702,6706,6707),(6702,6707,6681),(6699,6710,6704),(6699,6684,
6710),(6474,6415,6417),(6474,6417,6476),(6712,6687,6686),(6712,6713,6687),
(6688,6714,6715),(6688,6715,6689),(6685,6718,6711),(6685,6693,6718),(6290,
6286,6242),(6697,6695,6719),(6720,6696,6615),(6290,6242,6246),(6697,6719,
6721),(6722,6618,6698),(3854,3848,3852),(3854,3850,3848),(5438,5430,5432),
(5438,5432,5440),(6724,6705,6703),(6724,6725,6705),(6706,6726,6727),(6706,
6727,6707),(6704,6730,6723),(6704,6710,6730),(6732,6725,6724),(6732,6733,
6725),(6726,6734,6727),(6476,6417,6419),(6723,6730,6731),(6476,6419,6478),
(6735,6713,6712),(6735,6737,6713),(6714,6738,6715),(6711,6718,6736),(6246,
6242,6226),(6246,6226,6230),(6721,6719,6740),(6739,6720,6741),(6741,6720,
6615),(6721,6740,6743),(6744,6746,6722),(6746,6618,6722),(6729,6733,6732),
(6729,6728,6733),(6717,6737,6735),(6717,6716,6737),(6478,6419,6421),(6478,
6421,6480),(6230,6226,6198),(6230,6198,6202),(6709,6728,6729),(6709,6708,
6728),(6694,6716,6717),(6694,6690,6716),(6480,6421,6423),(6480,6423,6482),
(6368,6344,6359),(6368,6352,6344),(3754,3850,3854),(3754,3748,3850),(6482,
6423,6425),(6482,6425,6484),(6663,6691,6692),(6663,6662,6691),(6743,6740,
6747),(6748,6739,6749),(6749,6739,6741),(6743,6747,6751),(6752,6753,6744),
(6753,6746,6744),(6202,6198,6176),(6202,6176,6180),(6484,6425,6427),(6484,
6427,6486),(6472,6662,6663),(6472,6413,6662),(6486,6427,6429),(6486,6429,
6488),(6366,6352,6368),(6366,6349,6352),(6488,6429,6431),(6488,6431,6490),
(6492,6413,6472),(6492,6433,6413),(6490,6431,6435),(6490,6435,6494),(6496,
6433,6492),(6496,6437,6433),(6180,6176,6168),(6494,6435,6437),(6180,6168,
6172),(6494,6437,6496),(6755,6708,6709),(6755,6757,6708),(6707,6758,6681),
(6710,6684,6756),(6597,6350,6365),(6597,6590,6350),(6172,6168,6156),(6172,
6156,6159),(6751,6747,6750),(6751,6750,6754),(6159,6156,6136),(6159,6136,
6140),(3756,3748,3754),(3756,3750,3748),(6759,6757,6755),(6759,6761,6757),
(6758,6762,6681),(6756,6684,6760),(6140,6136,6124),(6140,6124,6128),(6128,
6124,6116),(6128,6116,6120),(6120,6116,6100),(6120,6100,6106),(6754,6750,
6742),(6754,6742,6745),(6763,6761,6759),(6763,6765,6761),(6762,6766,6681),
(6760,6684,6764),(3758,3750,3756),(3758,3752,3750),(6106,6100,6102),(6106,
6102,6108),(6108,6102,6088),(6108,6088,6092),(5440,5432,5434),(5440,5434,
5442),(6767,6765,6763),(6767,6769,6765),(6766,6770,6681),(6764,6684,6768),
(6092,6088,6056),(6092,6056,6066),(6745,6742,6772),(6771,6741,6615),(6745,
6772,6773),(6774,6618,6746),(6066,6056,6058),(6066,6058,6068),(3668,3752,
3758),(3668,3644,3752),(6068,6058,6060),(6068,6060,6070),(6776,6769,6767),
(6776,6777,6769),(6770,6778,6681),(6768,6684,6775),(6070,6060,6062),(6070,
6062,6072),(6072,6062,6019),(6072,6019,6025),(5442,5434,5370),(5442,5370,
5378),(6026,6018,6021),(6026,6021,6028),(6773,6772,6780),(6779,6771,6615),
(6773,6780,6781),(6782,6618,6774),(6028,6021,6000),(6028,6000,6006),(6006,
6000,5998),(6006,5998,6002),(3670,3644,3668),(3670,3646,3644),(6784,6777,
6776),(6784,6785,6777),(6778,6786,6681),(6775,6684,6783),(6002,5998,6012),
(6002,6012,6013),(5950,5946,5934),(5958,5946,5950),(5958,5954,5946),(5950,
5934,5940),(5940,5934,5936),(5940,5936,5942),(5970,5954,5958),(5970,5966,
5954),(6013,6012,6050),(6013,6050,6051),(5942,5936,5918),(6051,6050,6080),
(5942,5918,5922),(6051,6080,6084),(5978,5966,5970),(5978,5974,5966),(6084,
6080,6076),(6084,6076,6082),(5986,5974,5978),(5986,5982,5974),(6082,6076,
6040),(6082,6040,6044),(6044,5982,5986),(6044,6040,5982),(5922,5918,5910),
(5922,5910,5914),(5378,5370,5372),(5378,5372,5380),(5914,5910,5902),(5914,
5902,5906),(6787,6785,6784),(6787,6789,6785),(6786,6790,6681),(6783,6684,
6788),(6781,6780,6792),(6791,6779,6615),(6781,6792,6793),(6794,6618,6782),
(5906,5902,5894),(5906,5894,5898),(3672,3646,3670),(3672,3648,3646),(6796,
6789,6787),(6796,6797,6789),(6790,6798,6799),(6790,6799,6681),(6788,6802,
6795),(6788,6684,6802),(5898,5894,5878),(5898,5878,5882),(5380,5372,5374),
(5380,5374,5382),(6793,6792,6803),(6804,6791,6615),(6793,6803,6805),(6806,
6618,6794),(6808,6797,6796),(6808,6809,6797),(6798,6810,6799),(6795,6802,
6807),(5882,5878,5854),(5882,5854,5858),(6811,6809,6808),(6811,6813,6809),
(6810,6814,6799),(6807,6802,6812),(3674,3648,3672),(3674,3650,3648),(6815,
6813,6811),(6815,6817,6813),(6814,6818,6799),(6812,6802,6816),(6805,6803,
6820),(6819,6804,6615),(6805,6820,6821),(6822,6618,6806),(5382,5374,5270),
(5382,5270,5282),(6824,6817,6815),(6824,6825,6817),(6818,6826,6799),(6816,
6802,6823),(6827,6825,6824),(6827,6829,6825),(6826,6830,6799),(6823,6802,
6828),(5858,5854,5766),(5858,5766,5770),(6831,6829,6827),(6831,6833,6829),
(6830,6834,6835),(6830,6835,6799),(6828,6838,6832),(6828,6802,6838),(6840,
6833,6831),(6840,6841,6833),(6834,6842,6835),(6832,6838,6839),(6843,6841,
6840),(6843,6845,6841),(6842,6846,6835),(6839,6838,6844),(6847,6845,6843),
(6847,6849,6845),(6846,6850,6835),(6844,6838,6848),(6598,6587,6852),(6588,
6591,6851),(6598,6852,6854),(6599,6856,6600),(6821,6820,6857),(6858,6819,
6615),(6821,6857,6859),(6860,6618,6822),(5770,5766,5750),(5770,5750,5754),
(5282,5270,5272),(5282,5272,5284),(6862,6849,6847),(6862,6863,6849),(6850,
6864,6835),(6848,6838,6861),(3676,3650,3674),(3676,3652,3650),(6865,6863,
6862),(6865,6867,6863),(6864,6868,6835),(6861,6838,6866),(6859,6857,6870),
(6869,6858,6615),(6859,6870,6871),(6872,6618,6860),(5284,5272,5274),(5284,
5274,5286),(5754,5750,5742),(5754,5742,5746),(6874,6867,6865),(6874,6875,
6867),(6868,6876,6835),(6866,6838,6873),(6877,3958,3966),(6877,6879,3958),
(3957,6880,6881),(3957,6883,3923),(3957,6885,6883),(3957,6881,6885),(3964,
6887,6878),(3964,3926,6889),(3964,6889,6891),(3964,6891,6887),(6893,6875,
6874),(6893,6895,6875),(6876,6896,6835),(6873,6838,6894),(3678,3652,3676),
(3678,3654,3652),(6871,6870,6898),(6897,6869,6899),(6869,6615,6899),(6871,
6898,6901),(6902,6904,6872),(6872,6904,6618),(5286,5274,5276),(5286,5276,
5288),(5746,5742,5734),(5746,5734,5738),(6906,6895,6893),(6906,6907,6895),
(6896,6908,6835),(6894,6838,6905),(5288,5276,5278),(5288,5278,5290),(6604,
6590,6597),(6604,6594,6590),(5738,5734,5726),(5738,5726,5730),(6901,6898,
6910),(6909,6897,6899),(6901,6910,6911),(6912,6904,6902),(6914,6907,6906),
(6914,6915,6907),(6908,6916,6835),(6905,6838,6913),(3680,3654,3678),(3680,
3656,3654),(5730,5726,5718),(5730,5718,5722),(5290,5278,5140),(5290,5140,
5143),(6911,6910,6918),(6917,6909,6899),(6911,6918,6919),(6920,6904,6912),
(5722,5718,5710),(5722,5710,5714),(6922,6915,6914),(6922,6923,6915),(6916,
6924,6835),(6913,6838,6921),(5143,5140,6926),(6925,5139,6927),(5139,2121,
6927),(5143,6926,6929),(6930,6932,5144),(5144,6932,2124),(5658,5654,5646),
(5666,5654,5658),(5666,5662,5654),(5658,5646,5650),(5650,5646,5630),(5650,
5630,5634),(5678,5662,5666),(5678,5672,5662),(5714,5710,5698),(5714,5698,
5704),(5634,5630,5618),(5634,5618,5622),(5676,5672,5678),(5676,5670,5672),
(5704,5698,5700),(5704,5700,5706),(6929,6926,6933),(6934,6925,6927),(6929,
6933,6935),(6936,6932,6930),(5622,5618,5606),(5622,5606,5610),(5692,5670,
5676),(5692,5684,5670),(5706,5700,5682),(5706,5682,5690),(5694,5684,5692),
(5694,5686,5684),(5690,5682,5686),(5690,5686,5694),(6919,6918,6937),(6938,
6917,6899),(6919,6937,6939),(6940,6904,6920),(3682,3656,3680),(3682,3658,
3656),(5610,5606,5574),(5610,5574,5578),(6942,6923,6922),(6942,6943,6923),
(6924,6944,6835),(6935,6933,6946),(6945,6934,6927),(6921,6838,6941),(6935,
6946,6947),(6948,6932,6936),(5578,5574,5558),(5578,5558,5562),(6947,6946,
6949),(6950,6945,6927),(6947,6949,6951),(6952,6932,6948),(3906,3888,3908),
(3908,3888,3774),(3906,3890,3888),(3908,3774,3794),(3910,3890,3906),(3910,
3892,3890),(3794,3774,3776),(3794,3776,3796),(3912,3892,3910),(3912,3894,
3892),(6954,6943,6942),(6954,6955,6943),(6944,6956,6957),(6944,6957,6835),
(6941,6960,6953),(6941,6838,6960),(5562,5558,5550),(5562,5550,5554),(3796,
3776,3778),(3796,3778,3798),(3914,3894,3912),(3914,3896,3894),(6939,6937,
6961),(6962,6938,6899),(6939,6961,6963),(6964,6904,6940),(6951,6949,6965),
(6966,6950,6927),(6951,6965,6967),(6968,6932,6952),(3916,3896,3914),(3916,
3898,3896),(3798,3778,3780),(3798,3780,3800),(3918,3898,3916),(3918,3900,
3898),(5554,5550,5538),(5554,5538,5544),(3800,3780,3782),(3800,3782,3802),
(3904,3900,3918),(3904,3886,3900),(3684,3658,3682),(3684,3660,3658),(6970,
6955,6954),(6970,6971,6955),(6956,6972,6957),(6953,6960,6969),(6973,6879,
6877),(6973,6977,6879),(6880,6978,6979),(6880,6981,6881),(6880,6979,6981),
(6878,6983,6974),(6878,6887,6985),(6878,6985,6983),(4000,3886,3904),(4000,
3984,3886),(3802,3782,3784),(3802,3784,3804),(6967,6965,6987),(6988,6966,
6927),(6967,6987,6989),(6990,6932,6968),(5544,5538,5540),(5544,5540,5546),
(6963,6961,6991),(6992,6962,6899),(6963,6991,6993),(6994,6904,6964),(4002,
3984,4000),(4002,3986,3984),(6996,6971,6970),(6996,6997,6971),(6972,6998,
6957),(6969,6960,6995),(3804,3784,3786),(3804,3786,3806),(4004,3986,4002),
(4004,3988,3986),(5546,5540,5522),(5546,5522,5530),(6999,6997,6996),(6999,
7001,6997),(6998,7002,6957),(6995,6960,7000),(4006,3988,4004),(4006,3990,
3988),(3806,3786,3788),(3806,3788,3808),(6989,6987,7004),(7003,6988,6927),
(6989,7004,7005),(7006,6932,6990),(3686,3660,3684),(3686,3662,3660),(6993,
6991,7007),(7008,6992,7009),(6992,6899,7009),(6993,7007,7011),(7012,7013,
6994),(6994,7013,6904),(4008,3990,4006),(4008,3992,3990),(7015,7001,6999),
(7015,7017,7001),(7002,7018,6957),(7000,6960,7016),(5530,5522,5524),(5530,
5524,5532),(7019,7021,7023),(7023,7021,7025),(7019,7028,7021),(7022,7027,
7029),(7026,7022,7029),(7024,7032,7020),(7023,7025,7034),(7033,7032,7024),
(7035,7028,7019),(7035,7037,7028),(7027,7038,7039),(7027,7039,7029),(7020,
7042,7036),(7020,7032,7042),(7034,7025,7043),(7044,7026,7029),(7034,7043,
7045),(7046,7032,7033),(7048,7037,7035),(7048,7049,7037),(7038,7050,7039),
(7036,7042,7047),(7045,7043,7052),(7051,7044,7029),(7045,7052,7053),(7054,
7032,7046),(7056,7049,7048),(7056,7057,7049),(7050,7058,7059),(7050,7059,
7039),(7047,7062,7055),(7047,7042,7062),(3808,3788,3790),(3808,3790,3810),
(7053,7052,7063),(7064,7051,7029),(7053,7063,7065),(7066,7032,7054),(5532,
5524,5526),(5532,5526,5534),(7068,7017,7015),(7068,7069,7017),(7018,7070,
7071),(7018,7071,6957),(7016,7074,7067),(7016,6960,7074),(7076,7057,7056),
(7076,7077,7057),(7058,7078,7059),(7055,7062,7075),(4010,3992,4008),(4010,
3994,3992),(7065,7063,7080),(7079,7064,7071),(7064,7029,7071),(7065,7080,
7081),(7082,7074,7066),(7066,7074,7032),(7084,7077,7076),(7084,7085,7077),
(7078,7086,7059),(7075,7062,7083),(7087,7069,7068),(7087,7089,7069),(7070,
7090,7071),(7067,7074,7088),(5534,5526,5506),(5534,5506,5512),(7081,7080,
7089),(7090,7079,7071),(7081,7089,7087),(7088,7074,7082),(7011,7007,7092),
(7091,7008,7009),(7011,7092,7093),(7094,7013,7012),(7096,7085,7084),(7096,
7097,7085),(7086,7098,7059),(7083,7062,7095),(5512,5506,5508),(5512,5508,
5514),(5426,5420,5410),(5424,5420,5426),(5424,5418,5420),(5426,5410,5414),
(5414,5410,5402),(5450,5418,5424),(5450,5446,5418),(5414,5402,5406),(3810,
3790,3634),(3810,3634,3638),(7005,7004,7100),(7099,7003,6927),(7005,7100,
7101),(7102,6932,7006),(3998,3994,4010),(3998,3982,3994),(5514,5508,5480),
(5514,5480,5488),(5458,5446,5450),(5458,5454,5446),(5406,5402,5394),(5406,
5394,5398),(7104,7097,7096),(7104,7105,7097),(7098,7106,7107),(7098,7107,
7059),(7095,7110,7103),(7095,7062,7110),(5466,5454,5458),(5466,5462,5454),
(5488,5480,5482),(5488,5482,5490),(5398,5394,5386),(5398,5386,5390),(5517,
5462,5466),(5517,5516,5462),(5490,5482,5478),(5490,5478,5484),(3688,3662,
3686),(3688,3664,3662),(5500,5516,5517),(5500,5496,5516),(5484,5478,5498),
(5484,5498,5502),(5502,5496,5500),(5502,5498,5496),(5390,5386,5362),(5390,
5362,5366),(7112,7105,7104),(7112,7113,7105),(7106,7114,7107),(7103,7110,
7111),(7093,7092,7116),(7115,7091,7009),(7093,7116,7117),(7118,7013,7094),
(4074,3982,3998),(4074,4060,3982),(3638,3634,7119),(7120,3633,7121),(3633,
3505,7121),(3638,7119,7123),(7124,7125,3637),(3637,7125,3509),(5366,5362,
5316),(5366,5316,5320),(7127,7113,7112),(7127,7129,7113),(7114,7130,7107),
(7111,7110,7128),(4076,4060,4074),(4076,4062,4060),(7117,7116,7132),(7131,
7115,7009),(7117,7132,7133),(7134,7013,7118),(5320,5316,5250),(5320,5250,
5254),(7136,7129,7127),(7136,7137,7129),(7130,7138,7107),(7128,7110,7135),
(4078,4062,4076),(4078,4064,4062),(7123,7119,7140),(7139,7120,7121),(7123,
7140,7141),(7142,7125,7124),(7144,7137,7136),(7144,7145,7137),(7138,7146,
7107),(7135,7110,7143),(7133,7132,7148),(7147,7131,7009),(7133,7148,7149),
(7150,7013,7134),(7101,7100,7151),(7152,7099,6927),(7101,7151,7153),(7154,
6932,7102),(5254,5250,5224),(5254,5224,5227),(3690,3664,3688),(3690,3666,
3664),(4080,4064,4078),(4080,4066,4064),(7156,7145,7144),(7156,7157,7145),
(7146,7158,7159),(7146,7159,7107),(7143,7163,7155),(7143,7110,7163),(7149,
7148,7165),(7166,7147,7009),(7149,7165,7167),(7168,7013,7150),(4082,4066,
4080),(4082,4068,4066),(7167,7165,7169),(7170,7166,7171),(7166,7009,7171),
(7167,7169,7173),(7174,7175,7168),(7168,7175,7013),(7177,7157,7156),(7177,
7179,7157),(7158,7180,7181),(7158,7181,7159),(7155,7184,7178),(7155,7163,
7184),(5227,5224,5212),(5227,5212,5216),(4072,4068,4082),(4072,4058,4068),
(7173,7169,7185),(7186,7170,7171),(7173,7185,7187),(7188,7175,7174),(7187,
7185,7189),(7190,7186,7171),(7187,7189,7191),(7192,7175,7188),(7141,7140,
7193),(7194,7139,7121),(7141,7193,7195),(7196,7125,7142),(7191,7189,7197),
(7198,7190,7171),(7191,7197,7199),(7200,7175,7192),(7199,7197,6595),(6593,
7198,7201),(7198,7171,7201),(7199,6595,6603),(6593,7203,6591),(6593,7201,
7203),(6855,6853,7205),(7206,6851,7207),(6851,6591,7207),(7209,7205,6976),
(6978,7206,7211),(6855,7205,7209),(7206,7213,7211),(7206,7215,7213),(7206,
7207,7215),(7209,6976,6975),(6978,7217,6979),(6978,7219,7217),(6978,7221,
7219),(6978,7211,7221),(6602,7223,7200),(7200,7223,7175),(6602,6600,7225),
(6602,7225,7223),(7210,7227,6856),(6856,7227,6600),(6974,7229,7210),(7210,
7229,7231),(7210,7231,7233),(7210,7233,7227),(6974,6983,7235),(6974,7235,
7237),(6974,7237,7239),(6974,7239,7229),(4152,4058,4072),(4152,4140,4058),
(4334,4322,4138),(4336,4322,4334),(4336,4324,4322),(4334,4138,4150),(4150,
4138,4142),(4150,4142,4154),(7241,7179,7177),(7241,7243,7179),(7180,7244,
7245),(7180,7245,7181),(7178,7248,7242),(7178,7184,7248),(4338,4324,4336),
(4338,4326,4324),(4156,4140,4152),(4156,4144,4140),(4154,4142,4146),(4154,
4146,4158),(4158,4144,4156),(4158,4146,4144),(4340,4326,4338),(4340,4328,
4326),(4332,4328,4340),(4332,4320,4328),(7250,7243,7241),(7250,7251,7243),
(7244,7252,7245),(7242,7248,7249),(4648,4320,4332),(4648,4634,4320),(3552,
3666,3690),(3552,3540,3666),(5216,5212,5194),(5216,5194,5198),(4650,4634,
4648),(4650,4636,4634),(7253,7251,7250),(7253,7255,7251),(7252,7256,7257),
(7252,7257,7245),(7249,7260,7254),(7249,7248,7260),(4652,4636,4650),(4652,
4638,4636),(7195,7193,7261),(7262,7194,7121),(7195,7261,7263),(7264,7125,
7196),(7266,7255,7253),(7266,7267,7255),(7256,7268,7257),(7254,7260,7265),
(7153,7151,7270),(7269,7152,7271),(7152,6927,7271),(7153,7270,7273),(7274,
7276,7154),(7154,7276,6932),(4654,4638,4652),(4654,4640,4638),(5198,5194,
5174),(5198,5174,5180),(7259,7267,7266),(7259,7258,7267),(4656,4640,4654),
(4656,4642,4640),(5160,5156,5148),(5236,5156,5160),(5236,5232,5156),(5160,
5148,5152),(7247,7258,7259),(7247,7246,7258),(5152,5148,5108),(5152,5108,
5112),(5262,5232,5236),(5262,5258,5232),(5112,5108,4956),(5112,4956,4959),
(3554,3540,3552),(3554,3542,3540),(7183,7246,7247),(7183,7182,7246),(5180,
5174,5172),(5180,5172,5176),(4646,4642,4656),(4646,4632,4642),(4760,4756,
4762),(4762,4756,4832),(4760,4752,4756),(4762,4832,4833),(4782,4752,4760),
(4782,4778,4752),(5312,5258,5262),(5312,5308,5258),(7164,7182,7183),(7164,
7160,7182),(4959,4956,4804),(4959,4804,4810),(4833,4832,4902),(4833,4902,
4903),(7263,7261,7277),(7278,7262,7121),(7263,7277,7279),(7280,7125,7264),
(4849,4778,4782),(4849,4846,4778),(4903,4902,4926),(4903,4926,4927),(4896,
4846,4849),(4896,4892,4846),(4712,4632,4646),(4712,4698,4632),(5341,5308,
5312),(5341,5340,5308),(4810,4804,4802),(4810,4802,4806),(5176,5172,5188),
(5176,5188,5189),(4927,4926,5026),(4927,5026,5027),(7282,7161,7162),(7282,
7284,7161),(7159,7286,7107),(7163,7110,7281),(4940,4892,4896),(4940,4936,
4892),(5027,5026,5082),(5027,5082,5083),(4806,4802,4946),(4806,4946,4947),
(5345,5340,5341),(5345,5344,5340),(5189,5188,5206),(5189,5206,5207),(4972,
4936,4940),(4972,4966,4936),(4714,4698,4712),(4714,4700,4698),(3556,3542,
3554),(3556,3544,3542),(7287,7285,7283),(7287,7289,7285),(7286,7290,7291),
(7286,7291,7107),(7281,7294,7288),(7281,7110,7294),(5083,5082,5102),(5083,
5102,5103),(7279,7277,7295),(7296,7278,7121),(7279,7295,7297),(7298,7125,
7280),(5207,5206,5244),(5207,5244,5245),(4970,4966,4972),(4970,4964,4966),
(4716,4700,4714),(4716,4702,4700),(4947,4946,4980),(4947,4980,4984),(5334,
5344,5345),(5334,5326,5344),(5103,5102,5122),(5103,5122,5123),(5245,5244,
5300),(5245,5300,5304),(7300,7289,7287),(7300,7301,7289),(7290,7302,7291),
(7288,7294,7299),(7273,7270,7304),(7303,7269,7271),(7273,7304,7305),(7306,
7276,7274),(4718,4702,4716),(4718,4704,4702),(5336,5327,5333),(5336,5329,
5327),(3558,3544,3556),(3558,3546,3544),(5304,5300,5298),(5304,5298,5302),
(5123,5122,4724),(5123,4724,4732),(4995,4964,4970),(4995,4992,4964),(5338,
5329,5336),(5338,5331,5329),(5302,5298,5331),(5302,5331,5338),(3360,3346,
3446),(3362,3346,3360),(3362,3348,3346),(3360,3446,3454),(3454,3446,3448),
(3454,3448,3456),(3364,3348,3362),(3364,3350,3348),(4720,4704,4718),(4720,
4706,4704),(4732,4724,4726),(4732,4726,4734),(3456,3448,3450),(3456,3450,
3458),(4984,4980,4978),(4984,4978,4982),(3366,3350,3364),(3366,3352,3350),
(4710,4706,4720),(4710,4696,4706),(4734,4726,4728),(7308,7301,7300),(7308,
7309,7301),(7302,7310,7311),(7302,7311,7291),(4734,4728,4736),(7299,7314,
7307),(7299,7294,7314),(4736,4696,4710),(4736,4728,4696),(7297,7295,7315),
(7316,7296,7121),(7297,7315,7317),(7318,7125,7298),(3458,3450,3444),(3458,
3444,3452),(3560,3546,3558),(3560,3548,3546),(5020,4992,4995),(5020,5016,
4992),(3368,3352,3366),(3368,3354,3352),(4982,4978,5004),(4982,5004,5008),
(3452,3444,3550),(3452,3550,3562),(3562,3548,3560),(3562,3550,3548),(7320,
7309,7308),(7320,7321,7309),(7310,7322,7323),(7310,7323,7311),(7307,7326,
7319),(7307,7314,7326),(5052,5016,5020),(5052,5048,5016),(3370,3354,3368),
(3370,3356,3354),(5008,5004,5002),(5008,5002,5006),(5050,5048,5052),(5050,
5046,5048),(7328,7321,7320),(7328,7329,7321),(7322,7330,7331),(7322,7331,
7323),(7319,7334,7327),(7319,7326,7334),(7317,7315,7335),(7336,7316,7337),
(7316,7121,7337),(7317,7335,7339),(7340,7341,7318),(7318,7341,7125),(5006,
5002,5036),(5006,5036,5042),(5055,5046,5050),(5055,5054,5046),(3372,3356,
3370),(3372,3358,3356),(5042,5036,5038),(5042,5038,5044),(5040,5054,5055),
(5040,5034,5054),(5044,5038,5034),(5044,5034,5040),(7343,7329,7328),(7343,
7345,7329),(7330,7346,7347),(7330,7347,7331),(7327,7350,7344),(7327,7334,
7350),(7352,7353,7355),(7355,7353,7357),(7352,7360,7353),(7354,7359,7361),
(7358,7354,7363),(7354,7361,7363),(7356,7365,7351),(7355,7357,7367),(7368,
7369,7356),(7356,7369,7365),(7371,7360,7352),(7371,7373,7360),(7359,7374,
7361),(7351,7365,7372),(7367,7357,7376),(7375,7358,7363),(7367,7376,7377),
(7378,7369,7368),(7380,7373,7371),(7380,7381,7373),(7374,7382,7383),(7374,
7383,7361),(7377,7376,7385),(7386,7375,7387),(7375,7363,7387),(7372,7389,
7379),(7372,7365,7389),(7377,7385,7391),(7392,7393,7378),(7378,7393,7369),
(7395,7345,7343),(7395,7397,7345),(7346,7398,7399),(7346,7399,7347),(7344,
7402,7396),(7344,7350,7402),(7339,7335,7403),(7404,7336,7337),(7339,7403,
7405),(7406,7341,7340),(7391,7385,7407),(7408,7386,7387),(7391,7407,7409),
(7410,7393,7392),(3322,3358,3372),(3322,3314,3358),(7412,7381,7380),(7412,
7413,7381),(7382,7414,7383),(7379,7389,7411),(7415,7397,7395),(7415,7417,
7397),(7398,7418,7399),(7396,7402,7416),(7305,7304,7420),(7419,7303,7271),
(7305,7420,7421),(7422,7276,7306),(7409,7407,7417),(7418,7408,7423),(7408,
7387,7423),(7409,7417,7415),(7416,7426,7410),(7410,7426,7393),(7418,7423,
7399),(7416,7402,7426),(7428,7413,7412),(7428,7429,7413),(7414,7430,7383),
(7411,7389,7427),(7405,7403,7432),(7431,7404,7337),(7405,7432,7433),(7434,
7341,7406),(7436,7429,7428),(7436,7437,7429),(7430,7438,7439),(7430,7439,
7383),(7427,7442,7435),(7427,7389,7442),(3324,3314,3322),(3324,3316,3314),
(7444,7437,7436),(7444,7445,7437),(7438,7446,7439),(7435,7442,7443),(7433,
7432,7448),(7447,7431,7337),(7433,7448,7449),(7450,7341,7434),(7452,7453,
7456),(7457,7453,7452),(7455,7454,7459),(7457,7461,7453),(7454,7462,7459),
(7452,7456,7463),(7464,7465,7451),(7451,7465,7458),(7463,7456,7467),(7468,
7455,7459),(7463,7467,7469),(7470,7465,7464),(7472,7461,7457),(7472,7473,
7461),(7462,7474,7459),(7458,7465,7471),(7469,7467,7476),(7475,7468,7459),
(7469,7476,7477),(7478,7465,7470),(7480,7473,7472),(7480,7481,7473),(7474,
7482,7459),(7471,7465,7479),(7477,7476,7484),(7483,7475,7459),(7477,7484,
7485),(7486,7465,7478),(7449,7448,7487),(7488,7447,7337),(7449,7487,7489),
(7490,7341,7450),(7492,7445,7444),(7492,7493,7445),(7446,7494,7439),(7443,
7442,7491),(7489,7481,7480),(7489,7487,7481),(7482,7488,7337),(7482,7337,
7459),(7479,7341,7490),(7479,7465,7341),(7485,7484,7496),(7495,7483,7459),
(7485,7496,7497),(7498,7465,7486),(3326,3316,3324),(3326,3318,3316),(7497,
7496,7499),(7500,7495,7459),(7497,7499,7501),(7502,7465,7498),(7501,7499,
7503),(7504,7500,7459),(7501,7503,7505),(7506,7465,7502),(7508,7493,7492),
(7508,7509,7493),(7494,7510,7511),(7494,7511,7439),(7491,7514,7507),(7491,
7442,7514),(7505,7503,7515),(7516,7504,7459),(7505,7515,7517),(7518,7465,
7506),(7421,7420,7519),(7520,7419,7521),(7419,7271,7521),(7421,7519,7523),
(7524,7525,7422),(7422,7525,7276),(3328,3318,3326),(3328,3320,3318),(7517,
7515,7527),(7528,7516,7459),(7517,7527,7529),(7530,7465,7518),(7532,7509,
7508),(7532,7533,7509),(7510,7534,7511),(7507,7514,7531),(7529,7527,7536),
(7535,7528,7537),(7528,7459,7537),(7529,7536,7539),(7540,7542,7530),(7530,
7542,7465),(3273,3320,3328),(3273,3252,3320),(7539,7536,7543),(7544,7535,
7537),(7539,7543,7545),(7546,7542,7540),(7548,7533,7532),(7548,7549,7533),
(7534,7550,7551),(7534,7551,7511),(7531,7554,7547),(7531,7514,7554),(7556,
7557,7560),(7561,7557,7556),(7561,7563,7557),(7558,7564,7565),(7559,7558,
7565),(7556,7560,7567),(7555,7569,7562),(7568,7569,7555),(7571,7563,7561),
(7571,7573,7563),(7564,7574,7565),(7567,7560,7576),(7575,7559,7565),(7562,
7569,7572),(7567,7576,7577),(7578,7569,7568),(7580,7573,7571),(7580,7581,
7573),(7574,7582,7565),(7572,7569,7579),(7577,7576,7584),(7583,7575,7585),
(7575,7565,7585),(7577,7584,7587),(7588,7590,7578),(7578,7590,7569),(3275,
3252,3273),(3275,3254,3252),(7592,7581,7580),(7592,7593,7581),(7582,7594,
7565),(7579,7569,7591),(7587,7584,7596),(7595,7583,7585),(7587,7596,7597),
(7598,7590,7588),(7545,7543,7599),(7600,7544,7537),(7545,7599,7601),(7602,
7542,7546),(7604,7593,7592),(7604,7605,7593),(7594,7606,7565),(7591,7569,
7603),(7597,7596,7608),(7607,7595,7585),(7597,7608,7609),(7610,7590,7598),
(7612,7549,7548),(7612,7613,7549),(7550,7614,7551),(7547,7554,7611),(7615,
7605,7604),(7615,7617,7605),(7606,7618,7565),(7603,7569,7616),(7609,7608,
7620),(7619,7607,7585),(7609,7620,7621),(7622,7590,7610),(7601,7599,7623),
(7624,7600,7537),(7601,7623,7625),(7626,7542,7602),(3277,3254,3275),(3277,
3256,3254),(7628,7617,7615),(7628,7629,7617),(7618,7630,7631),(7618,7631,
7565),(7616,7634,7627),(7616,7569,7634),(7621,7620,7635),(7636,7619,7585),
(7621,7635,7637),(7638,7590,7622),(7523,7519,7639),(7640,7520,7521),(7523,
7639,7641),(7642,7525,7524),(7644,7629,7628),(7644,7645,7629),(7630,7646,
7631),(7627,7634,7643),(7625,7623,7648),(7647,7624,7537),(7625,7648,7649),
(7650,7542,7626),(7652,7654,7658),(7657,7656,7660),(7652,7662,7654),(7655,
7664,7665),(7661,7655,7665),(7659,7668,7651),(7657,7660,7670),(7669,7668,
7659),(7671,7663,7653),(7671,7675,7663),(7664,7676,7665),(7651,7668,7672),
(7677,7613,7612),(7677,7679,7613),(7614,7680,7681),(7614,7681,7551),(7611,
7684,7678),(7611,7554,7684),(7670,7660,7685),(7686,7661,7665),(7670,7685,
7687),(7688,7668,7669),(7690,7674,7673),(7690,7691,7674),(7676,7692,7693),
(7676,7693,7695),(7676,7695,7665),(7672,7698,7689),(7672,7700,7698),(7672,
7668,7700),(7703,7645,7644),(7703,7705,7645),(7646,7706,7631),(7643,7634,
7704),(7687,7685,7708),(7707,7686,7665),(7687,7708,7709),(7710,7668,7688),
(7712,7691,7690),(7712,7713,7691),(7692,7714,7715),(7692,7715,7693),(7689,
7718,7711),(7689,7698,7718),(7720,7705,7703),(7720,7721,7705),(7706,7722,
7631),(7704,7634,7719),(3279,3256,3277),(3279,3258,3256),(7723,7713,7712),
(7723,7725,7713),(7714,7726,7727),(7714,7727,7715),(7709,7708,7729),(7730,
7707,7665),(7711,7731,7724),(7711,7718,7731),(7709,7729,7733),(7734,7668,
7710),(7637,7635,7735),(7736,7636,7585),(7637,7735,7737),(7738,7590,7638),
(7649,7648,7739),(7740,7647,7537),(7649,7739,7741),(7742,7542,7650),(7744,
7721,7720),(7744,7745,7721),(7722,7746,7631),(7719,7634,7743),(7733,7729,
7748),(7747,7730,7665),(7733,7748,7749),(7750,7668,7734),(7752,7725,7723),
(7752,7753,7725),(7726,7754,7727),(7724,7731,7751),(7755,7745,7744),(7755,
7757,7745),(7746,7758,7631),(7743,7634,7756),(7749,7748,7760),(7759,7747,
7665),(7749,7760,7761),(7762,7668,7750),(7764,7765,7768),(7769,7765,7764),
(7767,7766,7771),(7769,7773,7765),(7766,7774,7771),(7764,7768,7775),(7776,
7777,7763),(7763,7777,7770),(7775,7768,7779),(7780,7767,7771),(7775,7779,
7781),(7782,7777,7776),(7784,7757,7755),(7784,7785,7757),(7758,7786,7631),
(7756,7634,7783),(7761,7760,7788),(7787,7759,7665),(7789,7679,7677),(7789,
7791,7679),(7680,7792,7681),(7761,7788,7793),(7794,7668,7762),(7678,7684,
7790),(7793,7785,7784),(7793,7788,7785),(7786,7787,7631),(7783,7634,7794),
(7787,7665,7631),(7794,7634,7668),(7796,7773,7769),(7796,7797,7773),(7774,
7798,7771),(7770,7777,7795),(7732,7753,7752),(7732,7728,7753),(7781,7779,
7800),(7799,7780,7771),(7781,7800,7801),(7802,7777,7782),(7741,7739,7803),
(7804,7740,7537),(7741,7803,7805),(7806,7542,7742),(7737,7735,7807),(7808,
7736,7809),(7736,7585,7809),(7737,7807,7811),(7812,7813,7738),(7738,7813,
7590),(7815,7797,7796),(7815,7817,7797),(7798,7818,7771),(7795,7777,7816),
(7819,7821,7824),(7825,7821,7819),(7825,7827,7821),(7822,7828,7829),(7823,
7822,7829),(7819,7824,7831),(7820,7833,7826),(7832,7833,7820),(7717,7728,
7732),(7717,7716,7728),(3281,3258,3279),(3281,3260,3258),(7835,7827,7825),
(7835,7837,7827),(7828,7838,7829),(7831,7824,7840),(7839,7823,7841),(7823,
7829,7841),(7801,7800,7843),(7844,7799,7771),(7826,7833,7836),(7831,7840,
7845),(7846,7847,7832),(7832,7847,7833),(7801,7843,7849),(7850,7777,7802),
(7805,7803,7851),(7852,7804,7537),(7805,7851,7853),(7854,7542,7806),(7845,
7840,7855),(7856,7839,7841),(7845,7855,7857),(7858,7847,7846),(7860,7837,
7835),(7860,7861,7837),(7838,7862,7863),(7838,7863,7829),(7836,7866,7859),
(7836,7833,7866),(7868,7791,7789),(7868,7869,7791),(7792,7870,7871),(7792,
7871,7681),(7790,7874,7867),(7790,7684,7874),(7857,7855,7875),(7876,7856,
7841),(7857,7875,7877),(7878,7847,7858),(7880,7861,7860),(7880,7881,7861),
(7862,7882,7863),(7859,7866,7879),(7853,7851,7884),(7883,7852,7537),(7853,
7884,7885),(7886,7542,7854),(7877,7875,7887),(7888,7876,7841),(7877,7887,
7889),(7890,7847,7878),(7699,7716,7717),(7699,7694,7716),(7892,7881,7880),
(7892,7893,7881),(7882,7894,7895),(7882,7895,7863),(7879,7898,7891),(7879,
7866,7898),(7811,7807,7899),(7900,7808,7809),(7811,7899,7901),(7902,7813,
7812),(7904,7817,7815),(7904,7905,7817),(7818,7906,7771),(7816,7777,7903),
(7885,7884,7908),(7907,7883,7909),(7883,7537,7909),(7885,7908,7911),(7912,
7914,7886),(7886,7914,7542),(7849,7843,7915),(7916,7844,7771),(7849,7915,
7917),(7918,7777,7850),(7911,7893,7892),(7911,7908,7893),(7894,7907,7895),
(7891,7898,7912),(7907,7909,7895),(7912,7898,7914),(7920,7869,7868),(7920,
7921,7869),(7870,7922,7871),(7867,7874,7919),(7889,7887,7924),(7923,7888,
7925),(7888,7841,7925),(7889,7924,7927),(7928,7930,7890),(7890,7930,7847),
(7901,7899,7921),(7922,7900,7871),(7900,7809,7871),(7901,7921,7920),(7919,
7874,7902),(7902,7874,7813),(7702,7694,7699),(7702,7696,7694),(3283,3260,
3281),(3283,3262,3260),(7927,7924,7931),(7932,7923,7925),(7927,7931,7933),
(7934,7930,7928),(7936,7905,7904),(7936,7937,7905),(7906,7938,7771),(7903,
7777,7935),(7917,7915,7940),(7939,7916,7771),(7917,7940,7941),(7942,7777,
7918),(7933,7931,7943),(7944,7932,7925),(7933,7943,7945),(7946,7930,7934),
(7945,7943,7947),(7948,7944,7925),(7945,7947,7949),(7950,7930,7946),(3285,
3262,3283),(3285,3264,3262),(7949,7947,7951),(7952,7948,7925),(7949,7951,
7953),(7954,7930,7950),(7956,7937,7936),(7956,7957,7937),(7938,7958,7771),
(7935,7777,7955),(7941,7940,7960),(7959,7939,7771),(7941,7960,7961),(7962,
7777,7942),(7641,7639,7963),(7964,7640,7965),(7640,7521,7965),(7641,7963,
7967),(7968,7969,7642),(7642,7969,7525),(7971,7697,7701),(7971,7975,7697),
(7695,7976,7665),(7700,7668,7972),(3287,3264,3285),(3287,3266,3264),(7953,
7951,7978),(7977,7952,7979),(7952,7925,7979),(7953,7978,7981),(7982,7984,
7954),(7954,7984,7930),(7981,7978,7985),(7986,7977,7979),(7981,7985,7987),
(7988,7984,7982),(3289,3266,3287),(3289,3268,3266),(7990,7974,7973),(7990,
7991,7974),(7976,7992,7665),(7972,7668,7989),(7993,7957,7956),(7993,7995,
7957),(7958,7996,7771),(7955,7777,7994),(7961,7960,7998),(7997,7959,7771),
(7961,7998,7999),(8000,7777,7962),(7987,7985,8001),(8002,7986,7979),(7987,
8001,8003),(8004,7984,7988),(3292,3268,3289),(3292,3270,3268),(8003,8001,
8005),(8006,8002,7979),(8003,8005,8007),(8008,7984,8004),(8010,3271,3291),
(8010,8012,3271),(3269,8014,3211),(3290,3215,8009),(8015,7991,7990),(8015,
8017,7991),(7992,8018,7771),(7992,7771,7665),(7989,7777,8016),(7989,7668,
7777),(7999,7998,8020),(8019,7997,7771),(7999,8020,8021),(8022,7777,8000),
(8024,8013,8011),(8024,8025,8013),(8014,8026,3211),(8009,3215,8023),(8027,
7995,7993),(8027,8029,7995),(7996,8030,7771),(7994,7777,8028),(8007,8005,
8032),(8031,8006,7979),(8007,8032,8033),(8034,7984,8008),(8036,8025,8024),
(8036,8037,8025),(8026,8038,3211),(8023,3215,8035),(8039,8017,8015),(8039,
8041,8017),(8018,8042,7771),(8016,7777,8040),(8033,8032,8044),(8043,8031,
7979),(8033,8044,8045),(8046,7984,8034),(8021,8020,8047),(8048,8019,7771),
(8021,8047,8049),(8050,7777,8022),(8052,8029,8027),(8052,8053,8029),(8030,
8054,8055),(8030,8055,7771),(8028,8059,8051),(8028,7777,8059),(8061,8037,
8036),(8061,8063,8037),(8038,8064,8065),(8038,8065,3211),(8035,8068,8062),
(8035,3215,8068),(8070,8041,8039),(8070,8071,8041),(8042,8072,7771),(8040,
7777,8069),(8045,8044,8074),(8073,8043,8075),(8043,7979,8075),(8045,8074,
8077),(8078,8080,8046),(8046,8080,7984),(8049,8047,8081),(8082,8048,7771),
(8049,8081,8083),(8084,7777,8050),(8083,8071,8070),(8083,8081,8071),(8072,
8082,7771),(8069,7777,8084),(8077,8074,8085),(8086,8073,8075),(8077,8085,
8087),(8088,8080,8078),(8090,8053,8052),(8090,8091,8053),(8054,8092,8093),
(8054,8093,8055),(8051,8096,8089),(8051,8059,8096),(8098,8063,8061),(8098,
8099,8063),(8064,8100,8065),(8062,8068,8097),(8087,8085,8102),(8101,8086,
8075),(8087,8102,8103),(8104,8080,8088),(8106,8091,8090),(8106,8107,8091),
(8092,8108,8093),(8089,8096,8105),(8103,8102,8110),(8109,8101,8075),(8103,
8110,8111),(8112,8080,8104),(8111,8110,8113),(8114,8109,8115),(8109,8075,
8115),(8111,8113,8117),(8118,8119,8112),(8112,8119,8080),(8121,8107,8106),
(8121,8123,8107),(8108,8124,8093),(8105,8096,8122),(8117,8113,8126),(8125,
8114,8115),(8117,8126,8127),(8128,8119,8118),(8130,8123,8121),(8130,8131,
8123),(8124,8132,8133),(8124,8133,8093),(8122,8136,8129),(8122,8096,8136),
(8138,8099,8098),(8138,8139,8099),(8100,8140,8141),(8100,8141,8065),(8097,
8144,8137),(8097,8068,8144),(8127,8126,8145),(8146,8125,8115),(8127,8145,
8147),(8148,8119,8128),(8150,8131,8130),(8150,8151,8131),(8132,8152,8133),
(8129,8136,8149),(8147,8145,8154),(8153,8146,8133),(8146,8115,8133),(8147,
8154,8155),(8156,8136,8148),(8148,8136,8119),(8155,8151,8150),(8155,8154,
8151),(8152,8153,8133),(8149,8136,8156),(8158,8139,8138),(8158,8159,8139),
(8140,8160,8161),(8140,8161,8141),(8137,8164,8157),(8137,8144,8164),(8166,
8159,8158),(8166,8167,8159),(8160,8168,8169),(8160,8169,8161),(8157,8172,
8165),(8157,8164,8172),(8174,8167,8166),(8174,8175,8167),(8168,8176,8169),
(8165,8172,8173),(8177,8175,8174),(8177,8179,8175),(8176,8180,8181),(8176,
8181,8169),(8173,8184,8178),(8173,8172,8184),(7967,7963,8185),(8186,7964,
8187),(7964,7965,8187),(7967,8185,8189),(8190,8191,7968),(7968,8191,7969),
(8193,8179,8177),(8193,8195,8179),(8180,8196,8197),(8180,8197,8181),(8178,
8200,8194),(8178,8184,8200),(8202,8195,8193),(8202,8203,8195),(8196,8204,
8205),(8196,8205,8197),(8194,8208,8201),(8194,8200,8208),(8210,8203,8202),
(8210,8211,8203),(8204,8212,8213),(8204,8213,8205),(8201,8216,8209),(8201,
8208,8216),(8218,8211,8210),(8218,8219,8211),(8212,8220,8221),(8212,8221,
8213),(8209,8224,8217),(8209,8216,8224),(8226,8219,8218),(8226,8227,8219),
(8220,8228,8229),(8220,8229,8221),(8217,8232,8225),(8217,8224,8232),(8189,
8185,8233),(8234,8186,8235),(8186,8187,8237),(8186,8237,8235),(8189,8233,
8239),(8240,8241,8190),(8190,8243,8191),(8190,8241,8243),(8245,8227,8226),
(8245,8247,8227),(8228,8248,8249),(8228,8249,8229),(8225,8252,8246),(8225,
8232,8252),(8254,8247,8245),(8254,8255,8247),(8248,8256,8249),(8246,8252,
8253),(8257,8255,8254),(8257,8259,8255),(8256,8260,8261),(8256,8261,8249),
(8253,8264,8258),(8253,8252,8264),(8266,8259,8257),(8266,8267,8259),(8260,
8268,8261),(8258,8264,8265),(8269,8267,8266),(8269,8271,8267),(8268,8272,
8273),(8268,8273,8261),(8265,8276,8270),(8265,8264,8276),(8278,8271,8269),
(8278,8279,8271),(8272,8280,8273),(8270,8276,8277),(8239,8233,8282),(8281,
8234,8283),(8234,8235,8283),(8239,8282,8285),(8286,8288,8240),(8240,8288,
8241),(8290,8279,8278),(8290,8291,8279),(8280,8292,8273),(8277,8276,8289),
(8293,8291,8290),(8293,8295,8291),(8292,8296,8297),(8292,8297,8273),(8289,
8300,8294),(8289,8276,8300),(8302,8295,8293),(8302,8303,8295),(8296,8304,
8297),(8294,8300,8301),(8305,8303,8302),(8305,8307,8303),(8304,8308,8297),
(8301,8300,8306),(8309,8307,8305),(8309,8311,8307),(8308,8312,8313),(8308,
8313,8297),(8306,8316,8310),(8306,8300,8316),(8318,8311,8309),(8318,8319,
8311),(8312,8320,8313),(8310,8316,8317),(8321,8319,8318),(8321,8323,8319),
(8320,8324,8325),(8320,8325,8313),(8317,8328,8322),(8317,8316,8328),(8330,
8323,8321),(8330,8331,8323),(8324,8332,8325),(8322,8328,8329),(8333,8331,
8330),(8333,8335,8331),(8332,8336,8337),(8332,8337,8325),(8329,8340,8334),
(8329,8328,8340),(8342,8335,8333),(8342,8343,8335),(8336,8344,8337),(8334,
8340,8341),(3768,3764,3838),(3770,3764,3768),(3770,3766,3764),(3768,3838,
3842),(3842,3838,3836),(3842,3836,3840),(3724,3766,3770),(3724,3720,3766),
(3840,3836,3862),(3840,3862,3866),(8060,8056,8094),(7778,8057,8058),(7778,
7772,8057),(8060,8094,8095),(8095,8094,8134),(8095,8134,8135),(3726,3720,
3724),(3726,3722,3720),(3866,3862,3860),(3866,3860,3864),(8345,8343,8342),
(8345,8347,8343),(8344,8348,8349),(8344,8349,8337),(8341,8352,8346),(8341,
8340,8352),(8135,8134,8116),(8135,8116,8120),(3712,3722,3726),(3712,3708,
3722),(8285,8282,8353),(8354,8281,8355),(8281,8283,8355),(8285,8353,8357),
(8358,8359,8286),(8286,8359,8288),(3864,3860,3924),(3864,3924,3925),(8120,
8116,8076),(8120,8076,8079),(3714,3708,3712),(3714,3710,3708),(8361,8347,
8345),(8361,8363,8347),(8348,8364,8349),(8346,8352,8362),(3925,3924,6884),
(3925,6884,6890),(8079,8076,7980),(8079,7980,7983),(3628,3710,3714),(3628,
3624,3710),(8365,8363,8361),(8365,8367,8363),(8364,8368,8369),(8364,8369,
8349),(8362,8372,8366),(8362,8352,8372),(6890,6884,6886),(6890,6886,6892),
(7983,7980,7926),(7983,7926,7929),(3630,3624,3628),(3630,3626,3624),(3614,
3626,3630),(3614,3608,3626),(8374,8367,8365),(8374,8375,8367),(8368,8376,
8369),(8366,8372,8373),(7667,7772,7778),(7667,7666,7772),(7929,7926,7842),
(7929,7842,7848),(6892,6886,6882),(6892,6882,6888),(3616,3608,3614),(3616,
3610,3608),(3058,3052,3050),(2939,3053,3057),(2939,2938,3053),(3058,3050,
3055),(3055,3050,3064),(3055,3064,3065),(3065,3064,3092),(3065,3092,3093),
(3093,3092,3116),(3093,3116,3117),(3117,3116,3140),(3117,3140,3141),(7633,
7666,7667),(7633,7632,7666),(3141,3140,3298),(3141,3298,3299),(3618,3610,
3616),(3618,3612,3610),(3299,3298,3420),(3299,3420,3421),(3421,3420,3436),
(3421,3436,3437),(6888,6882,6982),(6888,6982,6986),(3437,3436,3480),(3437,
3480,3481),(3481,3480,3490),(3481,3490,3494),(3598,3612,3618),(3598,3592,
3612),(3494,3490,3488),(3494,3488,3492),(8377,8375,8374),(8377,8379,8375),
(8376,8380,8381),(8376,8381,8369),(8373,8384,8378),(8373,8372,8384),(7848,
7842,7830),(7848,7830,7834),(3492,3488,3500),(3492,3500,3501),(7570,7632,
7633),(7570,7566,7632),(3501,3500,3520),(3501,3520,3521),(3600,3592,3598),
(3600,3594,3592),(3521,3520,3532),(3521,3532,3533),(3602,3594,3600),(3602,
3596,3594),(3533,3532,3568),(3533,3568,3569),(3569,3568,3596),(3569,3596,
3602),(6986,6982,6980),(6986,6980,6984),(7589,7566,7570),(7589,7586,7566),
(7834,7830,7864),(7834,7864,7865),(7814,7586,7589),(7814,7810,7586),(8386,
8379,8377),(8386,8387,8379),(8380,8388,8381),(8378,8384,8385),(6984,6980,
7218),(6984,7218,7236),(7873,7810,7814),(7873,7872,7810),(7865,7864,7896),
(7865,7896,7897),(7683,7872,7873),(7683,7682,7872),(8357,8353,8390),(8389,
8354,8391),(8354,8355,8393),(8354,8393,8391),(8357,8390,8395),(8396,8397,
8358),(8358,8399,8359),(8358,8397,8399),(7236,7218,7220),(7236,7220,7238),
(7897,7896,7910),(7897,7910,7913),(7553,7682,7683),(7553,7552,7682),(8401,
8387,8386),(8401,8403,8387),(8388,8404,8381),(8385,8384,8402),(7913,7910,
7538),(7913,7538,7541),(7541,7538,7460),(7541,7460,7466),(7513,7552,7553),
(7513,7512,7552),(7238,7220,7222),(7238,7222,7240),(7441,7512,7513),(7441,
7440,7512),(7390,7440,7441),(7390,7384,7440),(7366,7384,7390),(7366,7362,
7384),(7240,7222,7212),(7240,7212,7230),(7370,7362,7366),(7370,7364,7362),
(7394,7364,7370),(7394,7388,7364),(8405,8403,8401),(8405,8407,8403),(8404,
8408,8409),(8404,8409,8381),(8402,8412,8406),(8402,8384,8412),(7425,7388,
7394),(7425,7424,7388),(7401,7424,7425),(7401,7400,7424),(7230,7212,7214),
(7230,7214,7232),(7466,7460,7338),(7466,7338,7342),(7349,7400,7401),(7349,
7348,7400),(7333,7348,7349),(7333,7332,7348),(7325,7332,7333),(7325,7324,
7332),(7232,7214,7216),(7232,7216,7234),(7313,7324,7325),(7313,7312,7324),
(7293,7312,7313),(7293,7292,7312),(7109,7292,7293),(7109,7108,7292),(8414,
8407,8405),(8414,8415,8407),(8408,8416,8409),(8406,8412,8413),(7234,7216,
7208),(7234,7208,7228),(7061,7108,7109),(7061,7060,7108),(7041,7060,7061),
(7041,7040,7060),(7031,7040,7041),(7031,7030,7040),(7342,7338,7122),(7342,
7122,7126),(7228,7208,6592),(7228,6592,6601),(7073,7030,7031),(7073,7072,
7030),(6601,6592,7204),(6601,7204,7226),(6959,7072,7073),(6959,6958,7072),
(7226,7204,7202),(7226,7202,7224),(6837,6958,6959),(6837,6836,6958),(8417,
8415,8414),(8417,8419,8415),(8416,8420,8421),(8416,8421,8409),(8413,8424,
8418),(8413,8412,8424),(8395,8390,8425),(8426,8389,8427),(8389,8391,8427),
(8395,8425,8429),(8430,8431,8396),(8396,8431,8397),(7224,7202,7172),(7224,
7172,7176),(6801,6836,6837),(6801,6800,6836),(6683,6800,6801),(6683,6682,
6800),(7176,7172,7010),(7176,7010,7014),(7126,7122,3506),(7126,3506,3510),
(6617,6682,6683),(6617,6616,6682),(7014,7010,6900),(7014,6900,6903),(6903,
6616,6617),(6903,6900,6616),(2911,2938,2939),(2911,2910,2938),(8433,8419,
8417),(8433,8435,8419),(8420,8436,8421),(8418,8424,8434),(3510,3506,3410),
(3510,3410,3414),(8437,8439,8442),(8443,8439,8437),(8441,8440,8445),(8443,
8447,8439),(8440,8448,8449),(8440,8449,8445),(8437,8442,8451),(8452,8453,
8438),(8438,8455,8444),(8438,8453,8455),(8451,8442,8457),(8458,8441,8459),
(8441,8445,8459),(8451,8457,8461),(8462,8463,8452),(8452,8463,8453),(8465,
8447,8443),(8465,8467,8447),(8448,8468,8469),(8448,8469,8449),(8444,8472,
8466),(8444,8455,8472),(8461,8457,8473),(8474,8458,8475),(8458,8459,8475),
(8461,8473,8477),(8478,8479,8462),(8462,8479,8463),(8481,8467,8465),(8481,
8483,8467),(8468,8484,8485),(8468,8485,8469),(8466,8488,8482),(8466,8472,
8488),(8477,8473,8489),(8490,8474,8491),(8474,8475,8491),(8477,8489,8493),
(8494,8495,8478),(8478,8495,8479),(8497,8483,8481),(8497,8499,8483),(8484,
8500,8501),(8484,8501,8485),(8482,8504,8498),(8482,8488,8504),(8493,8489,
8505),(8506,8490,8507),(8490,8491,8507),(8493,8505,8509),(8510,8511,8494),
(8494,8511,8495),(8513,8499,8497),(8513,8515,8499),(8500,8516,8517),(8500,
8517,8501),(8498,8520,8514),(8498,8504,8520),(8522,8435,8433),(8522,8523,
8435),(8436,8524,8525),(8436,8525,8421),(8434,8528,8521),(8434,8424,8528),
(8509,8505,8529),(8530,8506,8531),(8506,8507,8531),(8509,8529,8533),(8534,
8535,8510),(8510,8535,8511),(3414,3410,3304),(3414,3304,3308),(8537,8515,
8513),(8537,8539,8515),(8516,8540,8541),(8516,8541,8517),(8514,8544,8538),
(8514,8520,8544),(8533,8529,8545),(8546,8530,8547),(8530,8531,8547),(8533,
8545,8549),(8550,8551,8534),(8534,8551,8535),(8553,8539,8537),(8553,8555,
8539),(8540,8556,8557),(8540,8557,8541),(8538,8560,8554),(8538,8544,8560),
(8549,8545,8561),(8562,8546,8563),(8546,8547,8563),(8549,8561,8565),(8566,
8567,8550),(8550,8567,8551),(8569,8523,8522),(8569,8571,8523),(8524,8572,
8573),(8524,8575,8525),(8524,8573,8575),(8521,8577,8570),(8521,8528,8579),
(8521,8579,8577),(8565,8561,8581),(8582,8562,8583),(8562,8563,8583),(8565,
8581,8585),(8586,8587,8566),(8566,8587,8567),(3308,3304,3222),(3308,3222,
3226),(8589,8555,8553),(8589,8591,8555),(8556,8592,8557),(8554,8560,8590),
(2851,2910,2911),(2851,2850,2910),(8585,8581,8594),(8593,8582,8583),(8585,
8594,8595),(8596,8587,8586),(8429,8425,8597),(8598,8426,8599),(8426,8427,
8599),(8429,8597,8601),(8602,8603,8430),(8430,8603,8431),(8605,8591,8589),
(8605,8607,8591),(8592,8608,8609),(8592,8609,8557),(8590,8612,8606),(8590,
8560,8612),(8614,8571,8569),(8614,8615,8571),(8572,8616,8617),(8572,8617,
8573),(8570,8620,8613),(8570,8577,8620),(8595,8594,8621),(8622,8593,8623),
(8593,8583,8623),(8595,8621,8625),(8626,8627,8596),(8596,8627,8587),(3226,
3222,3190),(3226,3190,3194),(8625,8621,8629),(8630,8622,8623),(8625,8629,
8631),(8632,8627,8626),(8634,8607,8605),(8634,8635,8607),(8608,8636,8637),
(8608,8637,8609),(8606,8640,8633),(8606,8612,8640),(8642,8615,8614),(8642,
8643,8615),(8616,8644,8645),(8616,8645,8617),(8613,8648,8641),(8613,8620,
8648),(8631,8629,8649),(8650,8630,8651),(8630,8623,8651),(8631,8649,8653),
(8654,8655,8632),(8632,8655,8627),(3194,3190,3172),(3194,3172,3178),(8653,
8649,8657),(8658,8650,8651),(8653,8657,8659),(8660,8655,8654),(8662,8635,
8634),(8662,8663,8635),(8636,8664,8665),(8636,8665,8667),(8636,8667,8637),
(8633,8669,8661),(8633,8671,8669),(8633,8640,8671),(8673,8643,8642),(8673,
8675,8643),(8644,8676,8677),(8644,8679,8645),(8644,8677,8679),(8641,8681,
8674),(8641,8648,8683),(8641,8683,8681),(8659,8657,8685),(8686,8658,8651),
(8659,8685,8687),(8688,8655,8660),(8687,8685,8689),(8690,8686,8651),(8687,
8689,8691),(8692,8655,8688),(8691,8689,8693),(8694,8690,8651),(8691,8693,
8695),(8696,8655,8692),(3178,3172,3170),(3178,3170,3174),(8695,8693,8697),
(8698,8694,8651),(8695,8697,8699),(8700,8655,8696),(8699,8697,8701),(8702,
8698,8703),(8698,8651,8703),(8699,8701,8705),(8706,8707,8700),(8700,8707,
8655),(8705,8701,8709),(8710,8702,8703),(8705,8709,8711),(8712,8707,8706),
(8714,8675,8673),(8714,8715,8675),(8676,8716,8717),(8676,8719,8677),(8676,
8717,8719),(8674,8721,8713),(8674,8681,8723),(8674,8723,8721),(2823,2850,
2851),(2823,2822,2850),(8711,8709,8725),(8726,8710,8703),(8711,8725,8727),
(8728,8707,8712),(8727,8725,8729),(8730,8726,8703),(8727,8729,8731),(8732,
8707,8728),(8734,8735,8738),(8737,8736,8739),(8741,8735,8734),(8741,8743,
8735),(8736,8744,8745),(8736,8745,8747),(8736,8747,8739),(8734,8738,8749),
(8749,8738,8751),(8752,8737,8753),(8737,8739,8755),(8737,8755,8757),(8737,
8757,8753),(8750,8759,8733),(8733,8761,8742),(8733,8763,8761),(8733,8759,
8763),(8749,8751,8765),(8766,8767,8750),(8750,8769,8759),(8750,8771,8769),
(8750,8767,8771),(3174,3170,3184),(3174,3184,3185),(8773,8743,8741),(8773,
8775,8743),(8744,8776,8777),(8744,8777,8779),(8744,8779,8781),(8744,8781,
8745),(8742,8783,8774),(8742,8785,8783),(8742,8787,8785),(8742,8761,8787),
(8765,8751,8789),(8790,8752,8791),(8752,8753,8793),(8752,8793,8796),(8752,
8796,8798),(8752,8798,8800),(8752,8800,8802),(8752,8802,8804),(8752,8804,
8806),(8752,8806,8808),(8752,8808,8810),(8752,8810,8791),(8765,8789,8812),
(8813,8814,8766),(8766,8816,8767),(8766,8819,8816),(8766,8821,8819),(8766,
8823,8821),(8766,8825,8823),(8766,8827,8825),(8766,8829,8827),(8766,8831,
8829),(8766,8833,8831),(8766,8814,8833),(8731,8729,8835),(8836,8730,8703),
(8731,8835,8837),(8838,8707,8732),(8840,8775,8773),(8840,8841,8775),(8776,
8842,8843),(8776,8845,8777),(8776,8848,8845),(8776,8851,8848),(8776,8853,
8851),(8776,8843,8853),(8774,8855,8839),(8774,8783,8857),(8774,8857,8861),
(8774,8861,8863),(8774,8863,8865),(8774,8865,8855),(8812,8789,8867),(8868,
8790,8869),(8790,8791,8871),(8790,8871,8873),(8790,8873,8875),(8790,8875,
8877),(8790,8877,8869),(8812,8867,8879),(8880,8881,8813),(8813,8883,8814),
(8813,8885,8883),(8813,8887,8885),(8813,8889,8887),(8813,8881,8889),(8837,
8835,8891),(8892,8836,8703),(8837,8891,8893),(8894,8707,8838),(8896,8715,
8714),(8896,8897,8715),(8716,8898,8899),(8716,8901,8717),(8716,8899,8901),
(8713,8903,8895),(8713,8721,8905),(8713,8905,8903),(8907,8841,8840),(8907,
8909,8841),(8842,8910,8911),(8843,8842,8911),(8839,8914,8908),(8855,8914,
8839),(8879,8867,8915),(8916,8868,8917),(8868,8869,8919),(8868,8919,8921),
(8868,8921,8923),(8868,8923,8917),(8879,8915,8925),(8926,8927,8880),(8880,
8929,8881),(8880,8931,8929),(8880,8933,8931),(8880,8927,8933),(8893,8891,
8935),(8936,8892,8703),(8893,8935,8937),(8938,8707,8894),(8940,8909,8907),
(8940,8941,8909),(8910,8942,8943),(8910,8943,8911),(8908,8946,8939),(8908,
8914,8946),(8925,8915,8947),(8948,8916,8949),(8916,8917,8951),(8916,8951,
8953),(8916,8953,8955),(8916,8955,8957),(8916,8957,8959),(8916,8959,8961),
(8916,8961,8963),(8916,8963,8949),(8925,8947,8965),(8966,8967,8926),(8926,
8969,8927),(8926,8971,8969),(8926,8973,8971),(8926,8975,8973),(8926,8977,
8975),(8926,8979,8977),(8926,8981,8979),(8926,8967,8981),(8937,8935,8983),
(8984,8936,8703),(8937,8983,8985),(8986,8707,8938),(8988,8941,8940),(8988,
8989,8941),(8942,8990,8943),(8939,8946,8987),(3185,3184,3214),(3185,3214,
3218),(8991,8897,8896),(8991,8993,8897),(8898,8994,8995),(8898,8997,8899),
(8898,8995,8997),(8895,8999,8992),(8895,8903,9001),(8895,9001,8999),(8985,
8983,9003),(9004,8984,8703),(8985,9003,9005),(9006,8707,8986),(8601,8597,
9007),(9008,8598,9009),(8598,8599,9011),(8598,9011,9009),(8601,9007,9013),
(9014,9015,8602),(8602,9017,8603),(8602,9015,9017),(9019,8989,8988),(9019,
9021,8989),(8990,9022,8943),(8987,8946,9020),(8965,8947,9024),(9023,8948,
9025),(8948,8949,9027),(8948,9027,9029),(8948,9029,9031),(8948,9031,9033),
(8948,9033,9035),(8948,9035,9025),(8965,9024,9037),(9038,9039,8966),(8966,
9041,8967),(8966,9043,9041),(8966,9045,9043),(8966,9047,9045),(8966,9049,
9047),(8966,9039,9049),(9005,9003,9051),(9052,9004,9053),(9004,8703,9053),
(9005,9051,9055),(9056,9057,9006),(9006,9057,8707),(9059,8663,8662),(9059,
9061,8663),(8664,9062,9063),(8664,9063,9065),(8664,9065,8665),(8661,9067,
9060),(8661,9069,9067),(8661,8669,9069),(9071,8993,8991),(9071,9073,8993),
(8994,9074,9075),(8994,9075,8995),(8992,9078,9072),(8992,8999,9078),(9055,
9051,9079),(9080,9052,9053),(9055,9079,9081),(9082,9057,9056),(9084,9021,
9019),(9084,9085,9021),(9022,9086,8943),(9020,8946,9083),(3218,3214,3212),
(3218,3212,3216),(9081,9079,9088),(9087,9080,9053),(9081,9088,9089),(9090,
9057,9082),(9092,9085,9084),(9092,9093,9085),(9086,9094,8943),(9083,8946,
9091),(9037,9024,9096),(9095,9023,9097),(9023,9025,9099),(9023,9099,9101),
(9023,9101,9103),(9023,9103,9097),(9037,9096,9105),(9106,9107,9038),(9038,
9109,9039),(9038,9111,9109),(9038,9113,9111),(9038,9107,9113),(9089,9088,
9115),(9116,9087,9053),(9117,9093,9092),(9117,9119,9093),(9094,9120,9053),
(9094,9053,8943),(9089,9115,9121),(9122,9057,9090),(9091,9057,9118),(9091,
8946,9057),(9124,9073,9071),(9124,9125,9073),(9074,9126,9127),(9074,9129,
9075),(9074,9127,9129),(9072,9131,9123),(9072,9078,9133),(9072,9133,9131),
(9135,9119,9117),(9135,9137,9119),(9120,9138,9053),(9118,9057,9136),(9121,
9115,9140),(9139,9116,9053),(9121,9140,9141),(9142,9057,9122),(3216,3212,
8066),(3216,8066,8067),(9141,9140,9143),(9144,9139,9053),(9145,9137,9135),
(9145,9143,9137),(9138,9144,9053),(9141,9143,9145),(9146,9057,9142),(9136,
9057,9146),(9105,9096,9147),(9148,9095,9149),(9095,9097,9151),(9095,9151,
9149),(9105,9147,9153),(9154,9155,9106),(9106,9157,9107),(9106,9155,9157),
(9159,9125,9124),(9159,9161,9125),(9126,9162,9163),(9126,9163,9127),(9123,
9166,9160),(9123,9131,9166),(8067,8066,8142),(8067,8142,8143),(9153,9147,
9167),(9168,9148,9169),(9148,9171,9169),(9148,9149,9171),(9153,9167,9173),
(9174,9175,9154),(9154,9175,9177),(9154,9177,9155),(9179,9161,9159),(9179,
9181,9161),(9162,9182,9183),(9162,9183,9163),(9160,9186,9180),(9160,9166,
9186),(9173,9167,9187),(9188,9168,9189),(9168,9191,9189),(9168,9169,9191),
(9173,9187,9193),(9194,9195,9174),(9174,9195,9197),(9174,9197,9175),(9193,
9181,9179),(9193,9187,9181),(9182,9188,9199),(9182,9199,9183),(9180,9202,
9194),(9180,9186,9202),(9188,9189,9199),(9194,9202,9195),(8143,8142,8162),
(8143,8162,8163),(2795,2822,2823),(2795,2794,2822),(8163,8162,8170),(8163,
8170,8171),(8171,8170,8182),(8171,8182,8183),(8183,8182,8198),(8183,8198,
8199),(8199,8198,8206),(8199,8206,8207),(9204,9061,9059),(9204,9205,9061),
(9062,9206,9207),(9062,9207,9209),(9062,9209,9063),(9060,9211,9203),(9060,
9213,9211),(9060,9067,9213),(8207,8206,8214),(8207,8214,8215),(9013,9007,
9215),(9216,9008,9009),(9013,9215,9217),(9218,9015,9014),(8215,8214,8222),
(8215,8222,8223),(2735,2794,2795),(2735,2734,2794),(8223,8222,8230),(8223,
8230,8231),(8231,8230,8250),(8231,8250,8251),(8784,8847,8858),(8859,8846,
8850),(8784,8778,8847),(8859,8850,8860),(8786,8778,8784),(8786,8780,8778),
(8862,8849,8852),(8862,8852,8864),(8864,8852,8854),(8864,8854,8866),(8788,
8780,8786),(8788,8782,8780),(8866,8854,8844),(8866,8844,8856),(8856,8844,
9219),(8843,8911,9220),(8856,9219,9221),(8855,9222,8914),(9221,9219,9223),
(9224,9220,9225),(9220,8911,9225),(9221,9223,9227),(9228,9229,9222),(9222,
9229,8914),(8762,8782,8788),(8762,8746,8782),(9227,9223,9231),(9232,9224,
9225),(9227,9231,9233),(9234,9229,9228),(9233,9231,9235),(9236,9232,9225),
(9233,9235,9237),(9238,9229,9234),(9237,9235,9239),(9240,9236,9225),(9237,
9239,9241),(9242,9229,9238),(8764,8746,8762),(8764,8748,8746),(9241,9239,
9243),(9244,9240,9225),(9241,9243,9245),(9246,9229,9242),(8251,8250,8262),
(8251,8262,8263),(9245,9243,9247),(9248,9244,9225),(9245,9247,9249),(9250,
9229,9246),(9249,9247,9251),(9252,9248,9225),(9249,9251,9253),(9254,9229,
9250),(9256,9205,9204),(9256,9257,9205),(9206,9258,9259),(9206,9259,9261),
(9206,9261,9207),(9203,9263,9255),(9203,9265,9263),(9203,9211,9265),(9253,
9251,9267),(9268,9252,9225),(9253,9267,9269),(9270,9229,9254),(8760,8748,
8764),(8760,8740,8748),(9269,9267,9271),(9272,9268,9225),(9269,9271,9273),
(9274,9229,9270),(9273,9271,9275),(9276,9272,9225),(9273,9275,9277),(9278,
9229,9274),(9277,9275,9279),(9280,9276,9225),(9277,9279,9281),(9282,9229,
9278),(8770,8740,8760),(8770,8756,8740),(9281,9279,9283),(9284,9280,9225),
(9281,9283,9285),(9286,9229,9282),(8772,8756,8770),(8772,8758,8756),(9285,
9283,9287),(9288,9284,9225),(9285,9287,9289),(9290,9229,9286),(9217,9215,
9291),(9292,9216,9293),(9216,9009,9293),(9217,9291,9295),(9296,9297,9218),
(9218,9297,9015),(8768,8758,8772),(8768,8754,8758),(2683,2734,2735),(2683,
2682,2734),(9289,9287,9299),(9300,9288,9225),(9289,9299,9301),(9302,9229,
9290),(8818,8754,8768),(8818,8794,8754),(8263,8262,8274),(8263,8274,8275),
(9301,9299,9303),(9304,9300,9305),(9300,9225,9305),(9301,9303,9307),(9308,
9309,9302),(9302,9309,9229),(8820,8795,8817),(8820,8797,8795),(8822,8797,
8820),(8822,8799,8797),(9307,9303,9311),(9312,9304,9305),(9307,9311,9313),
(9314,9309,9308),(8824,8799,8822),(8824,8801,8799),(8826,8801,8824),(8826,
8803,8801),(9313,9311,9315),(9316,9312,9305),(9313,9315,9317),(9318,9309,
9314),(8828,8803,8826),(8828,8805,8803),(8830,8805,8828),(8830,8807,8805),
(8275,8274,8298),(8275,8298,8299),(9317,9315,9319),(9320,9316,9305),(9317,
9319,9321),(9322,9309,9318),(8832,8807,8830),(8832,8809,8807),(8834,8809,
8832),(8834,8811,8809),(9321,9319,9323),(9324,9320,9305),(9321,9323,9325),
(9326,9309,9322),(8815,8811,8834),(8815,8792,8811),(9325,9323,9327),(9328,
9324,9305),(9325,9327,9329),(9330,9309,9326),(8884,8792,8815),(8884,8872,
8792),(9332,9257,9256),(9332,9333,9257),(9258,9334,9335),(9258,9335,9259),
(9255,9338,9331),(9255,9263,9338),(8299,8298,8314),(8299,8314,8315),(8886,
8872,8884),(8886,8874,8872),(2631,2682,2683),(2631,2630,2682),(9329,9327,
9339),(9340,9328,9341),(9328,9305,9341),(9329,9339,9343),(9344,9345,9330),
(9330,9345,9309),(8888,8874,8886),(8888,8876,8874),(9295,9291,9347),(9348,
9292,9349),(9292,9293,9349),(9295,9347,9351),(9352,9353,9296),(9296,9353,
9297),(8890,8876,8888),(8890,8878,8876),(8882,8878,8890),(8882,8870,8878),
(8315,8314,8326),(8315,8326,8327),(8930,8870,8882),(8930,8920,8870),(8932,
8920,8930),(8932,8922,8920),(8327,8326,8338),(8327,8338,8339),(8934,8922,
8932),(8934,8924,8922),(8928,8924,8934),(8928,8918,8924),(8339,8338,8350),
(8339,8350,8351),(9343,9339,9355),(9356,9340,9357),(9340,9341,9357),(9343,
9355,9359),(9360,9361,9344),(9344,9361,9345),(2595,2630,2631),(2595,2594,
2630),(8970,8918,8928),(8970,8952,8918),(8351,8350,8370),(8351,8370,8371),
(8972,8952,8970),(8972,8954,8952),(9363,9333,9332),(9363,9365,9333),(9334,
9366,9367),(9334,9367,9335),(9331,9370,9364),(9331,9338,9370),(8974,8954,
8972),(8974,8956,8954),(8371,8370,8382),(8371,8382,8383),(9351,9347,9371),
(9372,9348,9349),(9351,9371,9373),(9374,9353,9352),(8976,8956,8974),(8976,
8958,8956),(8383,8382,8410),(8383,8410,8411),(8978,8958,8976),(8978,8960,
8958),(9359,9355,9375),(9376,9356,9377),(9356,9357,9377),(9359,9375,9379),
(9380,9381,9360),(9360,9381,9361),(8411,8410,8422),(8411,8422,8423),(8980,
8960,8978),(8980,8962,8960),(2575,2594,2595),(2575,2574,2594),(8982,8962,
8980),(8982,8964,8962),(8423,8422,8526),(8423,8526,8527),(8968,8964,8982),
(8968,8950,8964),(9373,9371,9383),(9384,9372,9349),(9373,9383,9385),(9386,
9353,9374),(8527,8526,8576),(8527,8576,8580),(8580,8576,8574),(8580,8574,
8578),(8578,8574,8618),(8578,8618,8619),(8619,8618,8646),(8619,8646,8647),
(9042,8950,8968),(9042,9028,8950),(8647,8646,8680),(8647,8680,8684),(8684,
8680,8678),(8684,8678,8682),(9388,9365,9363),(9388,9389,9365),(9366,9390,
9391),(9366,9391,9367),(9364,9394,9387),(9364,9370,9394),(8682,8678,8720),
(8682,8720,8724),(9379,9375,9395),(9396,9376,9397),(9376,9377,9397),(9379,
9395,9399),(9400,9401,9380),(9380,9401,9381),(8724,8720,8718),(8724,8718,
8722),(9044,9028,9042),(9044,9030,9028),(8722,8718,8902),(8722,8902,8906),
(8906,8902,8900),(8906,8900,8904),(9385,9383,9403),(9404,9384,9405),(9384,
9349,9405),(9385,9403,9407),(9408,9409,9386),(9386,9409,9353),(2527,2574,
2575),(2527,2526,2574),(8904,8900,8998),(8904,8998,9002),(9046,9030,9044),
(9046,9032,9030),(9002,8998,8996),(9002,8996,9000),(9000,8996,9076),(9000,
9076,9077),(9048,9032,9046),(9048,9034,9032),(9077,9076,9130),(9077,9130,
9134),(9399,9395,9411),(9412,9396,9413),(9396,9397,9413),(9399,9411,9415),
(9416,9417,9400),(9400,9417,9401),(9050,9034,9048),(9050,9036,9034),(9134,
9130,9128),(9134,9128,9132),(9407,9403,9419),(9420,9404,9405),(9407,9419,
9421),(9422,9409,9408),(9132,9128,9164),(9132,9164,9165),(9040,9036,9050),
(9040,9026,9036),(2483,2526,2527),(2483,2482,2526),(9165,9164,9184),(9165,
9184,9185),(9110,9026,9040),(9110,9100,9026),(9185,9184,9200),(9185,9200,
9201),(9424,9389,9388),(9424,9425,9389),(9390,9426,9427),(9390,9427,9391),
(9387,9430,9423),(9387,9394,9430),(9201,9200,9190),(9201,9190,9196),(9112,
9100,9110),(9112,9102,9100),(9196,9190,9192),(9196,9192,9198),(9114,9102,
9112),(9114,9104,9102),(9198,9192,9170),(9198,9170,9176),(9421,9419,9431),
(9432,9420,9433),(9420,9405,9433),(9421,9431,9435),(9436,9437,9422),(9422,
9437,9409),(9176,9170,9172),(9176,9172,9178),(9108,9104,9114),(9108,9098,
9104),(9178,9172,9150),(9178,9150,9156),(9158,9098,9108),(9158,9152,9098),
(9156,9150,9152),(9156,9152,9158),(9415,9411,9439),(9440,9412,9441),(9412,
9413,9441),(9415,9439,9443),(9444,9445,9416),(9416,9445,9417),(2459,2482,
2483),(2459,2458,2482),(9435,9431,9447),(9448,9432,9433),(9435,9447,9449),
(9450,9437,9436),(9443,9439,9451),(9440,9441,9452),(9443,9451,9453),(9444,
9454,9445),(9429,9425,9424),(9429,9428,9425),(9449,9447,9455),(9456,9448,
9457),(9448,9433,9457),(9449,9455,9459),(9460,9461,9450),(9450,9461,9437),
(2443,2458,2459),(2443,2442,2458),(2423,2442,2443),(2423,2422,2442),(9453,
9451,9442),(9453,9442,9446),(9459,9455,9463),(9464,9456,9465),(9456,9457,
9465),(9459,9463,9467),(9468,9469,9460),(9460,9469,9461),(2415,2422,2423),
(2415,2414,2422),(2390,2414,2415),(2390,2386,2414),(9393,9428,9429),(9393,
9392,9428),(9467,9463,9471),(9472,9464,9465),(9467,9471,9473),(9474,9469,
9468),(9446,9442,9414),(9446,9414,9418),(2392,2386,2390),(2392,2388,2386),
(2378,2388,2392),(2378,2374,2388),(9473,9471,9475),(9476,9472,9477),(9472,
9465,9477),(9473,9475,9479),(9480,9481,9474),(9474,9481,9469),(2380,2374,
2378),(2380,2376,2374),(2346,2376,2380),(2346,2342,2376),(9418,9414,9398),
(9418,9398,9402),(2348,2342,2346),(2348,2344,2342),(9369,9392,9393),(9369,
9368,9392),(9479,9475,9483),(9484,9476,9485),(9476,9477,9485),(9479,9483,
9487),(9488,9489,9480),(9480,9489,9481),(2332,2344,2348),(2332,2326,2344),
(2334,2326,2332),(2334,2328,2326),(9402,9398,9378),(9402,9378,9382),(2336,
2328,2334),(2336,2330,2328),(9487,9483,9491),(9492,9484,9493),(9484,9485,
9493),(9487,9491,9495),(9496,9497,9488),(9488,9497,9489),(2299,2330,2336),
(2299,2298,2330),(9337,9368,9369),(9337,9336,9368),(9382,9378,9358),(9382,
9358,9362),(2291,2298,2299),(2291,2290,2298),(9495,9491,9499),(9500,9492,
9501),(9492,9493,9501),(9495,9499,9503),(9504,9505,9496),(9496,9505,9497),
(2283,2290,2291),(2283,2282,2290),(9503,9499,9507),(9508,9500,9501),(9503,
9507,9509),(9510,9505,9504),(9362,9358,9342),(9362,9342,9346),(2259,2282,
2283),(2259,2258,2282),(9264,9336,9337),(9264,9260,9336),(9509,9507,9511),
(9512,9508,9513),(9508,9501,9513),(9509,9511,9515),(9516,9517,9510),(9510,
9517,9505),(2247,2258,2259),(2247,2246,2258),(9346,9342,9306),(9346,9306,
9310),(2219,2246,2247),(2219,2218,2246),(9515,9511,9519),(9520,9512,9513),
(9515,9519,9521),(9522,9517,9516),(9266,9260,9264),(9266,9262,9260),(2191,
2218,2219),(2191,2190,2218),(9310,9306,9226),(9310,9226,9230),(9521,9519,
9523),(9524,9520,9513),(9521,9523,9525),(9526,9517,9522),(9212,9262,9266),
(9212,9208,9262),(2167,2190,2191),(2167,2166,2190),(9230,9226,8912),(9230,
8912,8913),(9525,9523,9527),(9528,9524,9529),(9524,9513,9529),(9525,9527,
9531),(9532,9533,9526),(9526,9533,9517),(2139,2166,2167),(2139,2138,2166),
(9214,9208,9212),(9214,9210,9208),(2123,2138,2139),(2123,2122,2138),(8913,
8912,8944),(8913,8944,8945),(9531,9527,9535),(9536,9528,9537),(9528,9529,
9537),(9531,9535,9539),(9540,9541,9532),(9532,9541,9533),(9068,9210,9214),
(9068,9064,9210),(6931,2122,2123),(6931,6928,2122),(9539,9535,9543),(9544,
9536,9545),(9536,9537,9545),(9539,9543,9547),(9548,9549,9540),(9540,9549,
9541),(8945,8944,9054),(8945,9054,9058),(9070,9064,9068),(9070,9066,9064),
(7275,6928,6931),(7275,7272,6928),(9547,9543,9551),(9552,9544,9545),(9547,
9551,9553),(9554,9549,9548),(8670,9066,9070),(8670,8666,9066),(9058,9054,
8704),(9058,8704,8708),(9553,9551,9555),(9556,9552,9557),(9552,9545,9557),
(9553,9555,9559),(9560,9561,9554),(9554,9561,9549),(7526,7272,7275),(7526,
7522,7272),(8672,8666,8670),(8672,8668,8666),(8708,8704,8652),(8708,8652,
8656),(7970,7522,7526),(7970,7966,7522),(8639,8668,8672),(8639,8638,8668),
(9559,9555,9563),(9564,9556,9565),(9556,9557,9565),(9559,9563,9567),(9568,
9569,9560),(9560,9569,9561),(8656,8652,8624),(8656,8624,8628),(8192,7966,
7970),(8192,8188,7966),(8611,8638,8639),(8611,8610,8638),(9567,9563,9571),
(9572,9564,9573),(9564,9565,9573),(9567,9571,9575),(9576,9577,9568),(9568,
9577,9569),(8244,8188,8192),(8244,8238,8188),(8628,8624,8584),(8628,8584,
8588),(8559,8610,8611),(8559,8558,8610),(9575,9571,9579),(9580,9572,9581),
(9572,9573,9581),(9575,9579,9583),(9584,9585,9576),(9576,9585,9577),(8543,
8558,8559),(8543,8542,8558),(8588,8584,8564),(8588,8564,8568),(8242,8238,
8244),(8242,8236,8238),(9583,9579,9587),(9588,9580,9581),(9583,9587,9589),
(9590,9585,9584),(8519,8542,8543),(8519,8518,8542),(8568,8564,8548),(8568,
8548,8552),(8503,8518,8519),(8503,8502,8518),(9589,9587,9591),(9592,9588,
9581),(9589,9591,9593),(9594,9585,9590),(8487,8502,8503),(8487,8486,8502),
(8287,8236,8242),(8287,8284,8236),(8552,8548,8532),(8552,8532,8536),(8471,
8486,8487),(8471,8470,8486),(8536,8532,8508),(8536,8508,8512),(8456,8470,
8471),(8456,8450,8470),(8512,8508,8492),(8512,8492,8496),(8454,8450,8456),
(8454,8446,8450),(8496,8492,8476),(8496,8476,8480),(8464,8446,8454),(8464,
8460,8446),(8480,8476,8460),(8480,8460,8464),(9593,9591,9595),(9596,9592,
9597),(9592,9581,9597),(9593,9595,9599),(9600,9601,9594),(9594,9601,9585),
(8360,8284,8287),(8360,8356,8284),(9599,9595,9603),(9604,9596,9605),(9596,
9597,9605),(9599,9603,9607),(9608,9609,9600),(9600,9609,9601),(9607,9603,
9611),(9612,9604,9605),(9607,9611,9613),(9614,9609,9608),(8400,8356,8360),
(8400,8394,8356),(9613,9611,9615),(9616,9612,9617),(9612,9605,9617),(9613,
9615,9619),(9620,9621,9614),(9614,9621,9609),(9619,9615,9623),(9624,9616,
9625),(9616,9617,9625),(9619,9623,9627),(9628,9629,9620),(9620,9629,9621),
(8398,8394,8400),(8398,8392,8394),(9627,9623,9631),(9632,9624,9633),(9624,
9625,9635),(9624,9635,9637),(9624,9637,9633),(9627,9631,9639),(9640,9641,
9628),(9628,9643,9629),(9628,9645,9643),(9628,9641,9645),(8432,8392,8398),
(8432,8428,8392),(9639,9631,9647),(9648,9632,9649),(9632,9633,9651),(9632,
9651,9653),(9632,9653,9649),(9639,9647,9655),(9656,9657,9640),(9640,9659,
9641),(9640,9661,9659),(9640,9657,9661),(9655,9647,9663),(9664,9648,9665),
(9648,9649,9667),(9648,9667,9665),(9655,9663,9669),(9670,9671,9656),(9656,
9673,9657),(9656,9671,9673),(8604,8428,8432),(8604,8600,8428),(9669,9663,
9675),(9676,9664,9677),(9664,9665,9679),(9664,9679,9677),(9669,9675,9681),
(9682,9683,9670),(9670,9685,9671),(9670,9683,9685),(9681,9675,9687),(9688,
9676,9689),(9676,9677,9689),(9681,9687,9691),(9692,9693,9682),(9682,9693,
9683),(9018,8600,8604),(9018,9012,8600),(9016,9012,9018),(9016,9010,9012),
(9691,9687,9695),(9696,9688,9697),(9688,9689,9699),(9688,9699,9701),(9688,
9701,9703),(9688,9703,9697),(9691,9695,9705),(9706,9707,9692),(9692,9709,
9693),(9692,9711,9709),(9692,9713,9711),(9692,9707,9713),(9298,9010,9016),
(9298,9294,9010),(9705,9695,9715),(9716,9696,9717),(9696,9697,9719),(9696,
9719,9721),(9696,9721,9717),(9705,9715,9723),(9724,9725,9706),(9706,9727,
9707),(9706,9729,9727),(9706,9725,9729),(9723,9715,9731),(9732,9716,9733),
(9716,9717,9735),(9716,9735,9733),(9723,9731,9737),(9738,9739,9724),(9724,
9741,9725),(9724,9739,9741),(9354,9294,9298),(9354,9350,9294),(9737,9731,
9743),(9744,9732,9745),(9732,9733,9747),(9732,9747,9745),(9737,9743,9749),
(9750,9751,9738),(9738,9753,9739),(9738,9751,9753),(9410,9350,9354),(9410,
9406,9350),(9749,9743,9755),(9756,9744,9757),(9744,9745,9759),(9744,9759,
9761),(9744,9761,9757),(9749,9755,9763),(9764,9765,9750),(9750,9767,9751),
(9750,9769,9767),(9750,9765,9769),(9438,9406,9410),(9438,9434,9406),(9763,
9755,9771),(9772,9756,9773),(9756,9757,9775),(9756,9775,9773),(9763,9771,
9777),(9778,9779,9764),(9764,9781,9765),(9764,9779,9781),(9777,9771,9783),
(9784,9772,9785),(9772,9773,9785),(9777,9783,9787),(9788,9789,9778),(9778,
9789,9779),(9462,9434,9438),(9462,9458,9434),(9787,9783,9791),(9792,9784,
9793),(9784,9785,9793),(9787,9791,9795),(9796,9797,9788),(9788,9797,9789),
(9470,9458,9462),(9470,9466,9458),(9795,9791,9799),(9800,9792,9801),(9792,
9793,9801),(9795,9799,9803),(9804,9805,9796),(9796,9805,9797),(9803,9799,
9807),(9808,9800,9809),(9800,9801,9809),(9803,9807,9811),(9812,9813,9804),
(9804,9813,9805),(9482,9466,9470),(9482,9478,9466),(9811,9807,9815),(9816,
9808,9809),(9811,9815,9817),(9818,9813,9812),(9817,9815,9819),(9820,9816,
9821),(9816,9809,9821),(9817,9819,9823),(9824,9825,9818),(9818,9825,9813),
(9823,9819,9827),(9828,9820,9821),(9823,9827,9829),(9830,9825,9824),(9490,
9478,9482),(9490,9486,9478),(9829,9827,9831),(9832,9828,9833),(9828,9821,
9833),(9829,9831,9835),(9836,9837,9830),(9830,9837,9825),(9835,9831,9839),
(9840,9832,9841),(9832,9833,9841),(9835,9839,9843),(9844,9845,9836),(9836,
9845,9837),(9498,9486,9490),(9498,9494,9486),(9843,9839,9847),(9848,9840,
9849),(9840,9841,9849),(9843,9847,9851),(9852,9853,9844),(9844,9853,9845),
(9851,9847,9855),(9856,9848,9857),(9848,9849,9857),(9851,9855,9859),(9860,
9861,9852),(9852,9861,9853),(9506,9494,9498),(9506,9502,9494),(9859,9855,
9863),(9864,9856,9865),(9856,9857,9865),(9859,9863,9867),(9868,9869,9860),
(9860,9869,9861),(9867,9863,9871),(9872,9864,9873),(9864,9865,9873),(9867,
9871,9875),(9876,9877,9868),(9868,9877,9869),(9518,9502,9506),(9518,9514,
9502),(9875,9871,9879),(9880,9872,9881),(9872,9873,9881),(9875,9879,9883),
(9884,9885,9876),(9876,9885,9877),(9883,9879,9887),(9888,9880,9889),(9880,
9891,9889),(9880,9881,9891),(9883,9887,9893),(9894,9895,9884),(9884,9895,
9897),(9884,9897,9885),(9893,9887,9899),(9900,9888,9901),(9888,9889,9901),
(9893,9899,9903),(9904,9905,9894),(9894,9905,9895),(9534,9514,9518),(9534,
9530,9514),(9903,9899,9907),(9908,9900,9909),(9900,9911,9909),(9900,9901,
9911),(9903,9907,9913),(9914,9915,9904),(9904,9915,9917),(9904,9917,9905),
(9913,9907,9919),(9920,9908,9921),(9908,9923,9921),(9908,9925,9923),(9908,
9909,9925),(9913,9919,9927),(9928,9929,9914),(9914,9929,9931),(9914,9931,
9933),(9914,9933,9915),(9542,9530,9534),(9542,9538,9530),(9927,9919,9935),
(9936,9920,9937),(9920,9939,9937),(9920,9941,9939),(9920,9943,9941),(9920,
9945,9943),(9920,9947,9945),(9920,9949,9947),(9920,9951,9949),(9920,9953,
9951),(9920,9955,9953),(9920,9957,9955),(9920,9921,9957),(9927,9935,9959),
(9960,9961,9928),(9928,9961,9963),(9928,9963,9965),(9928,9965,9967),(9928,
9967,9969),(9928,9969,9971),(9928,9971,9973),(9928,9973,9975),(9928,9975,
9977),(9928,9977,9979),(9928,9979,9981),(9928,9981,9929),(9959,9935,9983),
(9984,9936,9985),(9936,9987,9985),(9936,9989,9987),(9936,9937,9989),(9959,
9983,9991),(9992,9993,9960),(9960,9993,9995),(9960,9995,9997),(9960,9997,
9961),(9550,9538,9542),(9550,9546,9538),(9991,9983,9999),(10000,9984,10001),
(9984,10003,10001),(9984,9985,10003),(9991,9999,10005),(10006,10007,9992),
(9992,10007,10009),(9992,10009,9993),(10005,9999,10011),(10012,10000,10013),
(10000,10001,10013),(10005,10011,10015),(10016,10017,10006),(10006,10017,
10007),(9562,9546,9550),(9562,9558,9546),(10015,10011,10019),(10020,10012,
10021),(10012,10023,10021),(10012,10013,10023),(10015,10019,10025),(10026,
10027,10016),(10016,10027,10029),(10016,10029,10017),(10025,10019,10031),
(10032,10020,10033),(10020,10021,10033),(10025,10031,10035),(10036,10037,
10026),(10026,10037,10027),(9570,9558,9562),(9570,9566,9558),(10035,10031,
10039),(10040,10032,10041),(10032,10033,10041),(10035,10039,10043),(10044,
10045,10036),(10036,10045,10037),(10043,10039,10047),(10048,10040,10049),
(10040,10051,10049),(10040,10041,10051),(10043,10047,10053),(10054,10055,
10044),(10044,10055,10057),(10044,10057,10045),(9578,9566,9570),(9578,9574,
9566),(10053,10047,10059),(10060,10048,10061),(10048,10049,10061),(10053,
10059,10063),(10064,10065,10054),(10054,10065,10055),(9586,9574,9578),(9586,
9582,9574),(10063,10059,10067),(10068,10060,10069),(10060,10061,10069),
(10063,10067,10071),(10072,10073,10064),(10064,10073,10065),(9602,9582,
9586),(9602,9598,9582),(10071,10067,10075),(10068,10069,10076),(10071,10075,
10077),(10072,10078,10073),(9610,9598,9602),(9610,9606,9598),(10077,10075,
10070),(10077,10070,10074),(9622,9606,9610),(9622,9618,9606),(10074,10070,
10062),(10074,10062,10066),(9630,9618,9622),(9630,9626,9618),(10066,10062,
10050),(10066,10050,10056),(9644,9626,9630),(9644,9636,9626),(10056,10050,
10052),(10056,10052,10058),(9646,9636,9644),(9646,9638,9636),(9642,9638,
9646),(9642,9634,9638),(10058,10052,10042),(10058,10042,10046),(9660,9634,
9642),(9660,9652,9634),(10046,10042,10034),(10046,10034,10038),(9662,9652,
9660),(9662,9654,9652),(10038,10034,10022),(10038,10022,10028),(9658,9654,
9662),(9658,9650,9654),(10028,10022,10024),(10028,10024,10030),(9674,9650,
9658),(9674,9668,9650),(10030,10024,10014),(10030,10014,10018),(9672,9668,
9674),(9672,9666,9668),(10018,10014,10002),(10018,10002,10008),(9686,9666,
9672),(9686,9680,9666),(10008,10002,10004),(10008,10004,10010),(9684,9680,
9686),(9684,9678,9680),(10010,10004,9986),(10010,9986,9994),(9694,9678,
9684),(9694,9690,9678),(9994,9986,9988),(9994,9988,9996),(9996,9988,9990),
(9996,9990,9998),(9710,9690,9694),(9710,9700,9690),(9998,9990,9938),(9998,
9938,9962),(9962,9938,9940),(9962,9940,9964),(9712,9700,9710),(9712,9702,
9700),(9964,9940,9942),(9964,9942,9966),(9966,9942,9944),(9966,9944,9968),
(9968,9944,9946),(9968,9946,9970),(9714,9702,9712),(9714,9704,9702),(9970,
9946,9948),(9970,9948,9972),(9972,9948,9950),(9972,9950,9974),(9974,9950,
9952),(9974,9952,9976),(9708,9704,9714),(9708,9698,9704),(9976,9952,9954),
(9976,9954,9978),(9978,9954,9956),(9978,9956,9980),(9980,9956,9958),(9980,
9958,9982),(9728,9698,9708),(9728,9720,9698),(9982,9958,9922),(9982,9922,
9930),(9730,9720,9728),(9730,9722,9720),(9930,9922,9924),(9930,9924,9932),
(9932,9924,9926),(9932,9926,9934),(9726,9722,9730),(9726,9718,9722),(9934,
9926,9910),(9934,9910,9916),(9742,9718,9726),(9742,9736,9718),(9916,9910,
9912),(9916,9912,9918),(9740,9736,9742),(9740,9734,9736),(9918,9912,9902),
(9918,9902,9906),(9906,9902,9890),(9906,9890,9896),(9754,9734,9740),(9754,
9748,9734),(9896,9890,9892),(9896,9892,9898),(9752,9748,9754),(9752,9746,
9748),(9898,9892,9882),(9898,9882,9886),(9768,9746,9752),(9768,9760,9746),
(9886,9882,9874),(9886,9874,9878),(9770,9760,9768),(9770,9762,9760),(9878,
9874,9866),(9878,9866,9870),(9766,9762,9770),(9766,9758,9762),(9870,9866,
9858),(9870,9858,9862),(9782,9758,9766),(9782,9776,9758),(9862,9858,9850),
(9862,9850,9854),(9780,9776,9782),(9780,9774,9776),(9854,9850,9842),(9854,
9842,9846),(9790,9774,9780),(9790,9786,9774),(9846,9842,9834),(9846,9834,
9838),(9798,9786,9790),(9798,9794,9786),(9838,9834,9822),(9838,9822,9826),
(9806,9794,9798),(9806,9802,9794),(9826,9822,9810),(9826,9810,9814),(9814,
9802,9806),(9814,9810,9802),(10079,4679,4677),(4560,10080,10081),(10082,
10083,4678),(4560,10084,10080),(10081,10082,4560),(10085,10086,4560),(4285,
10087,10085),(4128,10088,10087),(4128,10089,10088),(4128,10090,10089),(4128,
10091,10090),(4128,4134,10092),(4134,10093,10094),(10094,10092,4134),(10092,
10095,4128),(4134,10096,10097),(4134,10098,10099),(4134,10100,10101),(4128,
10102,10103),(10097,10093,4134),(10101,10098,4134),(4134,6149,10104),(4128,
10105,10106),(10103,10107,4128),(10099,10096,4134),(10104,10108,4134),(10107,
10105,4128),(10108,10100,4134),(10095,10102,4128),(10109,5924,5928),(5928,
10110,10109),(6149,10111,10112),(10112,10113,6149),(10111,6149,5924),(5924,
10114,10111),(6149,10115,10116),(10116,10104,6149),(10115,6149,10117),(10113,
10117,6149),(10114,5924,10118),(10118,5924,10119),(10120,5928,10121),(10122,
5928,10120),(10123,5928,10122),(10124,5928,10123),(10125,5928,10124),(10110,
5928,10125),(10109,10126,5924),(10127,5924,10126),(10128,5924,10127),(10129,
5924,10128),(10130,5924,10129),(10119,5924,10130),(10106,10091,4128),(10087,
4285,4128),(4560,4285,10085),(10084,4560,10086),(4678,4560,10082),(10131,
4678,10083),(10132,4678,10131),(10133,4678,10132),(10134,4678,10133),(10135,
4678,10134),(10136,4678,10135),(10137,4678,10136),(10138,5926,10139),(10140,
10139,5926),(5926,5930,10140),(5930,10141,10140),(10141,5930,10142),(10143,
10142,5930),(5930,6152,10143),(10144,10143,6152),(6152,10145,10144),(6152,
10146,10145),(10146,6152,10147),(10148,10147,6152),(6152,10149,10148),(10149,
6152,4131),(4131,10150,10149),(4131,10151,10150),(10152,10151,4131),(10153,
10152,4131),(4131,10154,10153),(10155,10154,4131),(10156,10155,4131),(10157,
10156,4131),(10158,10157,4131),(4131,10159,10158),(10159,4131,4130),(4130,
10160,10159),(10161,10160,4130),(4130,10162,10161),(10163,10162,4130),(4130,
10164,10163),(4130,10165,10164),(4130,10166,10165),(10167,10166,4130),(10168,
10167,4130),(10169,10168,4130),(10170,10169,4130),(4130,4288,10170),(10171,
10170,4288),(10171,4288,4562),(4562,10172,10171),(10172,4562,10173),(10174,
10173,4562),(10175,10174,4562),(4562,10176,10175),(10176,4562,4680),(4680,
10177,10176),(10177,4680,10178),(10179,4679,10079),(10178,4680,10180),(10181,
5926,10138),(10183,5927,10185),(5927,5925,10182),(10185,5927,10182),(10186,
4678,10137),(4677,10187,10079),(10121,5928,10184)),());
#133=COMPLEX_TRIANGULATED_FACE('ConvergentBody',#135,67,((0.,-1.,0.),(0.,
-1.,0.),(0.,-1.,0.),(0.,-1.,0.),(0.,-1.,0.),(0.,-1.,0.),(0.,-1.,0.),(0.,
-1.,0.),(0.,-1.,0.),(0.,-1.,0.),(0.,-1.,0.),(-0.137503774719277,0.,-0.990501242774561),
(0.,-1.,0.),(0.,-1.,0.),(0.,-1.,0.),(0.,1.,0.),(0.,1.,0.),(0.,1.,0.),(0.,
1.,0.),(0.,1.,0.),(0.,1.,0.),(0.,1.,0.),(0.,1.,0.),(0.,1.,0.),(0.,1.,0.),
(0.,1.,0.),(0.,1.,0.),(0.,1.,0.),(0.,1.,0.),(0.,1.,0.),(0.,1.,0.),(0.,1.,
0.),(0.,1.,0.),(0.,1.,0.),(0.,1.,0.),(0.,1.,0.),(0.,1.,0.),(-0.137503774719277,
0.,-0.990501242774561),(0.,1.,0.),(0.,1.,0.),(0.,1.,0.),(-0.017772812543014,
0.,-0.999842051093227),(-0.017772812543014,0.,-0.999842051093227),(0.,-1.,
0.),(-0.195320647165393,0.,-0.980739437766674),(0.,-1.,0.),(0.,-1.,0.),
(0.,-1.,0.),(0.,-1.,0.),(0.,-1.,0.),(0.,-1.,0.),(0.,-1.,0.),(0.,-1.,0.),
(0.,-1.,0.),(0.,-1.,0.),(0.,-1.,0.),(0.,-1.,0.),(0.,-1.,0.),(0.0437357790647121,
0.,-0.99904313301759),(0.,1.,0.),(0.0437357790647121,0.,-0.99904313301759),
(0.0437357790647121,0.,-0.99904313301759),(0.,-1.,0.),(-0.195320647165393,
0.,-0.980739437766674),(0.,1.,0.),(0.,-1.,0.),(-0.195320647165393,0.,-0.980739437766674)),
$,(6,4,48,8,46,10,38,19,17,34,15,15,53,52,55,49,5,7,39,9,12,14,18,35,32,
20,22,24,26,28,30,33,41,44,47,51,54,16,16,56,37,37,36,36,2,50,45,25,23,
31,29,27,21,43,42,40,13,11,59,59,58,57,57,3,3,1,1),((1,2,3),(4,1,5),(6,
4,7),(8,9,10),(11,13,14),(13,11,15),(16,17,18),(19,18,20),(20,21,19),(19,
21,22),(22,23,24),(25,23,26),(26,27,25),(27,28,25),(28,29,30),(28,30,31),
(31,25,28),(25,32,23),(32,24,23),(24,19,22),(19,33,18),(18,33,34),(34,35,
18),(18,35,16),(16,36,17),(36,37,39),(40,39,37),(42,43,12),(45,38,12),(39,
17,36),(41,39,40),(42,12,38),(14,46,2),(2,46,3),(3,5,1),(5,47,4),(48,49,
10),(50,51,52),(10,49,53),(52,10,50),(10,52,48),(10,53,8),(54,55,4),(4,
47,54),(4,55,56),(4,56,7),(57,58,7),(10,9,57),(7,58,6),(57,7,10),(15,11,
44),(43,42,59),(61,43,59),(62,43,61),(44,63,15),(64,38,45),(39,65,17),(14,
66,11),(2,66,14),(12,67,45),(40,60,41)),());
#134=COORDINATES_LIST('',5089,((0.,-0.0127,-0.008372),(0.,0.0127,-0.008372),
(8.E-6,-0.0127,-0.008141),(8.E-6,0.0127,-0.008141),(3.5E-5,-0.0127,-0.00792),
(3.5E-5,0.0127,-0.00792),(8.2E-5,-0.0127,-0.007705),(8.2E-5,0.0127,-0.007705),
(0.000111,-0.0127,-0.009018),(0.000111,0.0127,-0.009018),(0.000152,-0.0127,
-0.007492),(0.000152,0.0127,-0.007492),(0.000247,-0.0127,-0.007278),(0.000247,
0.0127,-0.007278),(0.000369,-0.0127,-0.007058),(0.000369,0.0127,-0.007058),
(0.000434,-0.0127,-0.009686),(0.000434,0.0127,-0.009686),(0.00052,-0.0127,
-0.00683),(0.00052,0.0127,-0.00683),(0.000702,-0.0127,-0.00659),(0.000702,
0.0127,-0.00659),(0.000918,-0.0127,-0.006334),(0.000918,0.0127,-0.006334),
(0.000956,-0.0127,-0.010366),(0.000956,0.0127,-0.010366),(0.001169,-0.0127,
-0.006059),(0.001169,0.0127,-0.006059),(0.001458,-0.0127,-0.005761),(0.001458,
0.0127,-0.005761),(0.00166,-0.0127,-0.011051),(0.00166,0.0127,-0.011051),
(0.001787,-0.0127,-0.005437),(0.001787,0.0127,-0.005437),(0.002305,-0.0127,
-0.004942),(0.002305,0.0127,-0.004942),(0.002534,-0.0127,-0.01173),(0.002534,
0.0127,-0.01173),(0.002767,-0.0127,-0.004518),(0.002767,0.0127,-0.004518),
(0.003186,-0.0127,-0.004156),(0.003186,0.0127,-0.004156),(0.003562,-0.0127,
-0.012396),(0.003562,0.0127,-0.012396),(0.003578,-0.0127,-0.00385),(0.003578,
0.0127,-0.00385),(0.003956,-0.0127,-0.003591),(0.003956,0.0127,-0.003591),
(0.004335,-0.0127,-0.003374),(0.004335,0.0127,-0.003374),(0.004729,-0.0127,
-0.00319),(0.004729,0.0127,-0.00319),(0.00473,-0.0127,-0.01304),(0.00473,
0.0127,-0.01304),(0.005152,-0.0127,-0.003031),(0.005152,0.0127,-0.003031),
(0.005618,-0.0127,-0.002892),(0.005618,0.0127,-0.002892),(0.006024,-0.0127,
-0.013653),(0.006024,0.0127,-0.013653),(0.006142,-0.0127,-0.002763),(0.006142,
0.0127,-0.002763),(0.006736,-0.0127,-0.002638),(0.006736,0.0127,-0.002638),
(0.007417,-0.0127,-0.00251),(0.007417,0.0127,-0.00251),(0.007428,-0.0127,
-0.014227),(0.007428,0.0127,-0.014227),(0.007842,-0.0127,-0.002439),(0.007842,
0.0127,-0.002439),(0.00826,-0.0127,-0.002381),(0.00826,0.0127,-0.002381),
(0.008678,-0.0127,-0.002337),(0.008678,0.0127,-0.002337),(0.008929,-0.0127,
-0.014753),(0.008929,0.0127,-0.014753),(0.009098,-0.0127,-0.002305),(0.009098,
0.0127,-0.002305),(0.009526,-0.0127,-0.002286),(0.009526,0.0127,-0.002286),
(0.009965,-0.0127,-0.00228),(0.009965,0.0127,-0.00228),(0.01042,-0.0127,
-0.002287),(0.01042,0.0127,-0.002287),(0.010512,-0.0127,-0.015222),(0.010512,
0.0127,-0.015222),(0.010896,-0.0127,-0.002308),(0.010896,0.0127,-0.002308),
(0.011397,-0.0127,-0.002341),(0.011397,0.0127,-0.002341),(0.011927,-0.0127,
-0.002388),(0.011927,0.0127,-0.002388),(0.012162,-0.0127,-0.015625),(0.012162,
0.0127,-0.015625),(0.01249,-0.0127,-0.002448),(0.01249,0.0127,-0.002448),
(0.012596,-0.0127,-0.015725),(0.012596,0.0127,-0.015725),(0.013046,-0.0127,
-0.015836),(0.013046,0.0127,-0.015836),(0.013092,-0.0127,-0.002521),(0.013092,
0.0127,-0.002521),(0.013506,-0.0127,-0.015957),(0.013506,0.0127,-0.015957),
(0.013854,-0.0127,-0.002618),(0.013854,0.0127,-0.002618),(0.013971,-0.0127,
-0.016086),(0.013971,0.0127,-0.016086),(0.014434,-0.0127,-0.016222),(0.014434,
0.0127,-0.016222),(0.014499,-0.0127,-0.002695),(0.014499,0.0127,-0.002695),
(0.014889,-0.0127,-0.016361),(0.014889,0.0127,-0.016361),(0.015043,-0.0127,
-0.00275),(0.015043,0.0127,-0.00275),(0.015331,-0.0127,-0.016503),(0.015331,
0.0127,-0.016503),(0.015504,-0.0127,-0.002782),(0.015504,0.0127,-0.002782),
(0.015752,-0.0127,-0.016645),(0.015752,0.0127,-0.016645),(0.015898,-0.0127,
-0.002788),(0.015898,0.0127,-0.002788),(0.016148,-0.0127,-0.016785),(0.016148,
0.0127,-0.016785),(0.016244,-0.0127,-0.002767),(0.016244,0.0127,-0.002767),
(0.016513,-0.0127,-0.016922),(0.016513,0.0127,-0.016922),(0.016557,-0.0127,
-0.002716),(0.016557,0.0127,-0.002716),(0.016839,-0.0127,-0.017054),(0.016839,
0.0127,-0.017054),(0.016854,-0.0127,-0.002634),(0.016854,0.0127,-0.002634),
(0.017122,-0.0127,-0.017179),(0.017122,0.0127,-0.017179),(0.017154,-0.0127,
-0.002519),(0.017154,0.0127,-0.002519),(0.017396,-0.0127,-0.017305),(0.017396,
0.0127,-0.017305),(0.017473,-0.0127,-0.002369),(0.017473,0.0127,-0.002369),
(0.017698,-0.0127,-0.017441),(0.017698,0.0127,-0.017441),(0.017828,-0.0127,
-0.002182),(0.017828,0.0127,-0.002182),(0.018023,-0.0127,-0.017583),(0.018023,
0.0127,-0.017583),(0.018236,-0.0127,-0.001957),(0.018236,0.0127,-0.001957),
(0.018365,-0.0127,-0.017729),(0.018365,0.0127,-0.017729),(0.01849,-0.0127,
-0.001819),(0.01849,0.0127,-0.001819),(0.018721,-0.0127,-0.017879),(0.018721,
0.0127,-0.017879),(0.018758,-0.0127,-0.001682),(0.018758,0.0127,-0.001682),
(0.019037,-0.0127,-0.001546),(0.019037,0.0127,-0.001546),(0.019084,-0.0127,
-0.018029),(0.019084,0.0127,-0.018029),(0.019323,-0.0127,-0.001413),(0.019323,
0.0127,-0.001413),(0.019451,-0.0127,-0.018178),(0.019451,0.0127,-0.018178),
(0.019611,-0.0127,-0.001286),(0.019611,0.0127,-0.001286),(0.019816,-0.0127,
-0.018324),(0.019816,0.0127,-0.018324),(0.019899,-0.0127,-0.001165),(0.019899,
0.0127,-0.001165),(0.020174,-0.0127,-0.018465),(0.020174,0.0127,-0.018465),
(0.020182,-0.0127,-0.001052),(0.020182,0.0127,-0.001052),(0.020456,-0.0127,
-0.000948),(0.020456,0.0127,-0.000948),(0.020521,-0.0127,-0.018598),(0.020521,
0.0127,-0.018598),(0.020719,-0.0127,-0.000856),(0.020719,0.0127,-0.000856),
(0.020851,-0.0127,-0.018722),(0.020851,0.0127,-0.018722),(0.020965,-0.0127,
-0.000777),(0.020965,0.0127,-0.000777),(0.02116,-0.0127,-0.018834),(0.02116,
0.0127,-0.018834),(0.021191,-0.0127,-0.000712),(0.021191,0.0127,-0.000712),
(0.021393,-0.0127,-0.000663),(0.021393,0.0127,-0.000663),(0.021589,-0.0127,
-0.000625),(0.021589,0.0127,-0.000625),(0.0216,-0.0127,-0.019003),(0.0216,
0.0127,-0.019003),(0.021798,-0.0127,-0.000594),(0.021798,0.0127,-0.000594),
(0.022016,-0.0127,-0.00057),(0.022016,0.0127,-0.00057),(0.022024,-0.0127,
-0.019191),(0.022024,0.0127,-0.019191),(0.02224,-0.0127,-0.000553),(0.02224,
0.0127,-0.000553),(0.022444,-0.0127,-0.019407),(0.022444,0.0127,-0.019407),
(0.022467,-0.0127,-0.000543),(0.022467,0.0127,-0.000543),(0.022695,-0.0127,
-0.00054),(0.022695,0.0127,-0.00054),(0.022872,-0.0127,-0.019661),(0.022872,
0.0127,-0.019661),(0.02292,-0.0127,-0.000544),(0.02292,0.0127,-0.000544),
(0.023139,-0.0127,-0.000555),(0.023139,0.0127,-0.000555),(0.023321,-0.0127,
-0.019964),(0.023321,0.0127,-0.019964),(0.023349,-0.0127,-0.000573),(0.023349,
0.0127,-0.000573),(0.023547,-0.0127,-0.000597),(0.023547,0.0127,-0.000597),
(0.02373,-0.0127,-0.000628),(0.02373,0.0127,-0.000628),(0.023804,-0.0127,
-0.020325),(0.023804,0.0127,-0.020325),(0.023895,-0.0127,-0.000666),(0.023895,
0.0127,-0.000666),(0.024227,-0.0127,-0.000785),(0.024227,0.0127,-0.000785),
(0.024333,-0.0127,-0.020755),(0.024333,0.0127,-0.020755),(0.024575,-0.0127,
-0.000963),(0.024575,0.0127,-0.000963),(0.024922,-0.0127,-0.021262),(0.024922,
0.0127,-0.021262),(0.024931,-0.0127,-0.001194),(0.024931,0.0127,-0.001194),
(0.025288,-0.0127,-0.001469),(0.025288,0.0127,-0.001469),(0.025582,-0.0127,
-0.021857),(0.025582,0.0127,-0.021857),(0.02564,-0.0127,-0.001782),(0.02564,
0.0127,-0.001782),(0.02598,-0.0127,-0.002124),(0.02598,0.0127,-0.002124),
(0.026299,-0.0127,-0.002489),(0.026299,0.0127,-0.002489),(0.026327,-0.0127,
-0.022551),(0.026327,0.0127,-0.022551),(0.026591,-0.0127,-0.002867),(0.026591,
0.0127,-0.002867),(0.02685,-0.0127,-0.003253),(0.02685,0.0127,-0.003253),
(0.027067,-0.0127,-0.003637),(0.027067,0.0127,-0.003637),(0.027169,-0.0127,
-0.023352),(0.027169,0.0127,-0.023352),(0.027236,-0.0127,-0.004013),(0.027236,
0.0127,-0.004013),(0.02735,-0.0127,-0.004372),(0.02735,0.0127,-0.004372),
(0.027479,-0.0127,-0.004841),(0.027479,0.0127,-0.004841),(0.027641,-0.0127,
-0.005313),(0.027641,0.0127,-0.005313),(0.027836,-0.0127,-0.005788),(0.027836,
0.0127,-0.005788),(0.028064,-0.0127,-0.006267),(0.028064,0.0127,-0.006267),
(0.028121,-0.0127,-0.024271),(0.028121,0.0127,-0.024271),(0.028326,-0.0127,
-0.006752),(0.028326,0.0127,-0.006752),(0.028623,-0.0127,-0.007241),(0.028623,
0.0127,-0.007241),(0.028954,-0.0127,-0.007737),(0.028954,0.0127,-0.007737),
(0.029321,-0.0127,-0.00824),(0.029321,0.0127,-0.00824),(0.029723,-0.0127,
-0.008749),(0.029723,0.0127,-0.008749),(0.029795,-0.0127,-0.025893),(0.029795,
0.0127,-0.025893),(0.030161,-0.0127,-0.009267),(0.030161,0.0127,-0.009267),
(0.030636,-0.0127,-0.009793),(0.030636,0.0127,-0.009793),(0.031147,-0.0127,
-0.010328),(0.031147,0.0127,-0.010328),(0.031245,-0.0127,-0.027294),(0.031245,
0.0127,-0.027294),(0.0316,-0.0127,-0.01078),(0.0316,0.0127,-0.01078),(0.032043,
-0.0127,-0.011194),(0.032043,0.0127,-0.011194),(0.032493,-0.0127,-0.011581),
(0.032493,0.0127,-0.011581),(0.032499,-0.0127,-0.028498),(0.032499,0.0127,
-0.028498),(0.032966,-0.0127,-0.011952),(0.032966,0.0127,-0.011952),(0.033481,
-0.0127,-0.012317),(0.033481,0.0127,-0.012317),(0.033585,-0.0127,-0.029533),
(0.033585,0.0127,-0.029533),(0.034055,-0.0127,-0.012689),(0.034055,0.0127,
-0.012689),(0.034531,-0.0127,-0.030423),(0.034531,0.0127,-0.030423),(0.034704,
-0.0127,-0.013076),(0.034704,0.0127,-0.013076),(0.035367,-0.0127,-0.031195),
(0.035367,0.0127,-0.031195),(0.035447,-0.0127,-0.013491),(0.035447,0.0127,
-0.013491),(0.03612,-0.0127,-0.031874),(0.03612,0.0127,-0.031874),(0.036301,
-0.0127,-0.013944),(0.036301,0.0127,-0.013944),(0.036818,-0.0127,-0.032486),
(0.036818,0.0127,-0.032486),(0.037283,-0.0127,-0.014445),(0.037283,0.0127,
-0.014445),(0.03749,-0.0127,-0.033058),(0.03749,0.0127,-0.033058),(0.038164,
-0.0127,-0.033615),(0.038164,0.0127,-0.033615),(0.03841,-0.0127,-0.015005),
(0.03841,0.0127,-0.015005),(0.038869,-0.0127,-0.034182),(0.038869,0.0127,
-0.034182),(0.039632,-0.0127,-0.034786),(0.039632,0.0127,-0.034786),(0.0397,
-0.0127,-0.015636),(0.0397,0.0127,-0.015636),(0.040538,-0.0127,-0.035483),
(0.040538,0.0127,-0.035483),(0.041337,-0.0127,-0.016434),(0.041337,0.0127,
-0.016434),(0.041488,-0.0127,-0.036178),(0.041488,0.0127,-0.036178),(0.041987,
-0.0127,-0.086305),(0.041987,0.0127,-0.086305),(0.042009,-0.0127,-0.086122),
(0.042009,0.0127,-0.086122),(0.042016,-0.0127,-0.08649),(0.042016,0.0127,
-0.08649),(0.042083,-0.0127,-0.085941),(0.042083,0.0127,-0.085941),(0.042096,
-0.0127,-0.086675),(0.042096,0.0127,-0.086675),(0.042208,-0.0127,-0.085764),
(0.042208,0.0127,-0.085764),(0.042225,-0.0127,-0.086859),(0.042225,0.0127,
-0.086859),(0.042387,-0.0127,-0.085592),(0.042387,0.0127,-0.085592),(0.042404,
-0.0127,-0.087043),(0.042404,0.0127,-0.087043),(0.042479,-0.0127,-0.03687),
(0.042479,0.0127,-0.03687),(0.042506,-0.0127,-0.085505),(0.042506,0.0127,
-0.085505),(0.042632,-0.0127,-0.087224),(0.042632,0.0127,-0.087224),(0.042637,
-0.0127,-0.085434),(0.042637,0.0127,-0.085434),(0.042784,-0.0127,-0.085378),
(0.042784,0.0127,-0.085378),(0.042867,-0.0127,-0.017182),(0.042867,0.0127,
-0.017182),(0.042908,-0.0127,-0.087402),(0.042908,0.0127,-0.087402),(0.042953,
-0.0127,-0.085338),(0.042953,0.0127,-0.085338),(0.043147,-0.0127,-0.085313),
(0.043147,0.0127,-0.085313),(0.043231,-0.0127,-0.087575),(0.043231,0.0127,
-0.087575),(0.043371,-0.0127,-0.085303),(0.043371,0.0127,-0.085303),(0.043508,
-0.0127,-0.037557),(0.043508,0.0127,-0.037557),(0.043602,-0.0127,-0.087744),
(0.043602,0.0127,-0.087744),(0.043628,-0.0127,-0.085309),(0.043628,0.0127,
-0.085309),(0.043923,-0.0127,-0.08533),(0.043923,0.0127,-0.08533),(0.044261,
-0.0127,-0.085366),(0.044261,0.0127,-0.085366),(0.044275,-0.0127,-0.082048),
(0.044275,0.0127,-0.082048),(0.044281,-0.0127,-0.081945),(0.044281,0.0127,
-0.081945),(0.04429,-0.0127,-0.017881),(0.04429,0.0127,-0.017881),(0.044296,
-0.0127,-0.082155),(0.044296,0.0127,-0.082155),(0.04431,-0.0127,-0.081846),
(0.04431,0.0127,-0.081846),(0.044342,-0.0127,-0.082268),(0.044342,0.0127,
-0.082268),(0.044363,-0.0127,-0.081746),(0.044363,0.0127,-0.081746),(0.044415,
-0.0127,-0.082389),(0.044415,0.0127,-0.082389),(0.044438,-0.0127,-0.081645),
(0.044438,0.0127,-0.081645),(0.044444,-0.0127,-0.08808),(0.044444,0.0127,
-0.08808),(0.044517,-0.0127,-0.082522),(0.044517,0.0127,-0.082522),(0.04457,
-0.0127,-0.038237),(0.04457,0.0127,-0.038237),(0.044608,-0.0127,-0.081468),
(0.044608,0.0127,-0.081468),(0.044645,-0.0127,-0.085417),(0.044645,0.0127,
-0.085417),(0.044648,-0.0127,-0.082666),(0.044648,0.0127,-0.082666),(0.044798,
-0.0127,-0.08133),(0.044798,0.0127,-0.08133),(0.04481,-0.0127,-0.082825),
(0.04481,0.0127,-0.082825),(0.045003,-0.0127,-0.083001),(0.045003,0.0127,
-0.083001),(0.04501,-0.0127,-0.081233),(0.04501,0.0127,-0.081233),(0.04508,
-0.0127,-0.085484),(0.04508,0.0127,-0.085484),(0.045228,-0.0127,-0.083195),
(0.045228,0.0127,-0.083195),(0.045249,-0.0127,-0.081176),(0.045249,0.0127,
-0.081176),(0.045405,-0.0127,-0.083339),(0.045405,0.0127,-0.083339),(0.045468,
-0.0127,-0.08846),(0.045468,0.0127,-0.08846),(0.045519,-0.0127,-0.08116),
(0.045519,0.0127,-0.08116),(0.045571,-0.0127,-0.085565),(0.045571,0.0127,
-0.085565),(0.045597,-0.0127,-0.083488),(0.045597,0.0127,-0.083488),(0.045609,
-0.0127,-0.018532),(0.045609,0.0127,-0.018532),(0.045663,-0.0127,-0.038908),
(0.045663,0.0127,-0.038908),(0.045801,-0.0127,-0.08364),(0.045801,0.0127,
-0.08364),(0.045823,-0.0127,-0.081186),(0.045823,0.0127,-0.081186),(0.045927,
-0.0127,-0.085626),(0.045927,0.0127,-0.085626),(0.046014,-0.0127,-0.083793),
(0.046014,0.0127,-0.083793),(0.046167,-0.0127,-0.081254),(0.046167,0.0127,
-0.081254),(0.046233,-0.0127,-0.083945),(0.046233,0.0127,-0.083945),(0.046276,
-0.0127,-0.085683),(0.046276,0.0127,-0.085683),(0.046455,-0.0127,-0.084094),
(0.046455,0.0127,-0.084094),(0.046553,-0.0127,-0.081365),(0.046553,0.0127,
-0.081365),(0.046614,-0.0127,-0.085738),(0.046614,0.0127,-0.085738),(0.046633,
-0.0127,-0.088872),(0.046633,0.0127,-0.088872),(0.046677,-0.0127,-0.084238),
(0.046677,0.0127,-0.084238),(0.046783,-0.0127,-0.039568),(0.046783,0.0127,
-0.039568),(0.046823,-0.0127,-0.019136),(0.046823,0.0127,-0.019136),(0.046897,
-0.0127,-0.084375),(0.046897,0.0127,-0.084375),(0.046937,-0.0127,-0.08579),
(0.046937,0.0127,-0.08579),(0.046985,-0.0127,-0.08152),(0.046985,0.0127,
-0.08152),(0.04711,-0.0127,-0.084503),(0.04711,0.0127,-0.084503),(0.047241,
-0.0127,-0.085838),(0.047241,0.0127,-0.085838),(0.047315,-0.0127,-0.08462),
(0.047315,0.0127,-0.08462),(0.047468,-0.0127,-0.081719),(0.047468,0.0127,
-0.081719),(0.047507,-0.0127,-0.084724),(0.047507,0.0127,-0.084724),(0.047523,
-0.0127,-0.085881),(0.047523,0.0127,-0.085881),(0.047685,-0.0127,-0.084813),
(0.047685,0.0127,-0.084813),(0.04778,-0.0127,-0.085919),(0.04778,0.0127,
-0.085919),(0.047897,-0.0127,-0.089303),(0.047897,0.0127,-0.089303),(0.047927,
-0.0127,-0.040215),(0.047927,0.0127,-0.040215),(0.047935,-0.0127,-0.019692),
(0.047935,0.0127,-0.019692),(0.047965,-0.0127,-0.084955),(0.047965,0.0127,
-0.084955),(0.048007,-0.0127,-0.085951),(0.048007,-0.0127,-0.081962),(0.048007,
0.0127,-0.085951),(0.048007,0.0127,-0.081962),(0.048202,-0.0127,-0.085978),
(0.048202,0.0127,-0.085978),(0.048213,-0.0127,-0.085098),(0.048213,0.0127,
-0.085098),(0.048359,-0.0127,-0.085997),(0.048359,0.0127,-0.085997),(0.048428,
-0.0127,-0.085238),(0.048428,0.0127,-0.085238),(0.048477,-0.0127,-0.086009),
(0.048477,0.0127,-0.086009),(0.048551,-0.0127,-0.086013),(0.048551,0.0127,
-0.086013),(0.048566,-0.0127,-0.080271),(0.048566,0.0127,-0.080271),(0.048574,
-0.0127,-0.080182),(0.048574,0.0127,-0.080182),(0.048578,-0.0127,-0.080354),
(0.048578,0.0127,-0.080354),(0.048599,-0.0127,-0.080085),(0.048599,0.0127,
-0.080085),(0.048603,-0.0127,-0.082251),(0.048603,0.0127,-0.082251),(0.048607,
-0.0127,-0.085375),(0.048607,0.0127,-0.085375),(0.048608,-0.0127,-0.080432),
(0.048608,0.0127,-0.080432),(0.048643,-0.0127,-0.079978),(0.048643,0.0127,
-0.079978),(0.048657,-0.0127,-0.080507),(0.048657,0.0127,-0.080507),(0.048703,
-0.0127,-0.079861),(0.048703,0.0127,-0.079861),(0.048719,-0.0127,-0.086),
(0.048719,0.0127,-0.086),(0.048726,-0.0127,-0.08058),(0.048726,0.0127,-0.08058),
(0.048749,-0.0127,-0.085504),(0.048749,0.0127,-0.085504),(0.04878,-0.0127,
-0.07973),(0.04878,0.0127,-0.07973),(0.048815,-0.0127,-0.080653),(0.048815,
0.0127,-0.080653),(0.048838,-0.0127,-0.085963),(0.048838,0.0127,-0.085963),
(0.048852,-0.0127,-0.085625),(0.048852,0.0127,-0.085625),(0.048909,-0.0127,
-0.085905),(0.048909,0.0127,-0.085905),(0.048914,-0.0127,-0.085733),(0.048914,
0.0127,-0.085733),(0.048922,-0.0127,-0.079544),(0.048922,0.0127,-0.079544),
(0.048924,-0.0127,-0.080728),(0.048924,0.0127,-0.080728),(0.048933,-0.0127,
-0.085827),(0.048933,0.0127,-0.085827),(0.048944,-0.0127,-0.020202),(0.048944,
0.0127,-0.020202),(0.049055,-0.0127,-0.080806),(0.049055,0.0127,-0.080806),
(0.049085,-0.0127,-0.079398),(0.049085,0.0127,-0.079398),(0.04909,-0.0127,
-0.040846),(0.04909,0.0127,-0.040846),(0.04916,-0.0127,-0.08087),(0.04916,
0.0127,-0.08087),(0.049218,-0.0127,-0.089739),(0.049218,0.0127,-0.089739),
(0.049265,-0.0127,-0.079292),(0.049265,0.0127,-0.079292),(0.049282,-0.0127,
-0.08095),(0.049282,0.0127,-0.08095),(0.049302,-0.0127,-0.082587),(0.049302,
0.0127,-0.082587),(0.049419,-0.0127,-0.081046),(0.049419,0.0127,-0.081046),
(0.049459,-0.0127,-0.079225),(0.049459,0.0127,-0.079225),(0.049569,-0.0127,
-0.081154),(0.049569,0.0127,-0.081154),(0.049664,-0.0127,-0.079196),(0.049664,
0.0127,-0.079196),(0.049728,-0.0127,-0.081274),(0.049728,0.0127,-0.081274),
(0.049852,-0.0127,-0.020665),(0.049852,0.0127,-0.020665),(0.049877,-0.0127,
-0.079206),(0.049877,0.0127,-0.079206),(0.049895,-0.0127,-0.081404),(0.049895,
0.0127,-0.081404),(0.049915,-0.0127,-0.082863),(0.049915,0.0127,-0.082863),
(0.050068,-0.0127,-0.081541),(0.050068,0.0127,-0.081541),(0.050093,-0.0127,
-0.079254),(0.050093,0.0127,-0.079254),(0.050245,-0.0127,-0.081685),(0.050245,
0.0127,-0.081685),(0.050271,-0.0127,-0.04146),(0.050271,0.0127,-0.04146),
(0.050309,-0.0127,-0.079339),(0.050309,0.0127,-0.079339),(0.050422,-0.0127,
-0.081832),(0.050422,0.0127,-0.081832),(0.050441,-0.0127,-0.083079),(0.050441,
0.0127,-0.083079),(0.050522,-0.0127,-0.07946),(0.050522,0.0127,-0.07946),
(0.050557,-0.0127,-0.090168),(0.050557,0.0127,-0.090168),(0.050598,-0.0127,
-0.081982),(0.050598,0.0127,-0.081982),(0.05066,-0.0127,-0.021083),(0.05066,
0.0127,-0.021083),(0.050728,-0.0127,-0.079618),(0.050728,0.0127,-0.079618),
(0.05077,-0.0127,-0.082132),(0.05077,0.0127,-0.082132),(0.050878,-0.0127,
-0.083233),(0.050878,0.0127,-0.083233),(0.050924,-0.0127,-0.079813),(0.050924,
0.0127,-0.079813),(0.050937,-0.0127,-0.082281),(0.050937,0.0127,-0.082281),
(0.051106,-0.0127,-0.080042),(0.051106,0.0127,-0.080042),(0.051224,-0.0127,
-0.083327),(0.051224,0.0127,-0.083327),(0.051282,-0.0127,-0.082613),(0.051282,
0.0127,-0.082613),(0.05137,-0.0127,-0.021455),(0.05137,0.0127,-0.021455),
(0.051431,-0.0127,-0.08047),(0.051431,0.0127,-0.08047),(0.051464,-0.0127,
-0.042054),(0.051464,0.0127,-0.042054),(0.051477,-0.0127,-0.083361),(0.051477,
0.0127,-0.083361),(0.051522,-0.0127,-0.082885),(0.051522,0.0127,-0.082885),
(0.051636,-0.0127,-0.083333),(0.051636,0.0127,-0.083333),(0.05166,-0.0127,
-0.083095),(0.05166,0.0127,-0.083095),(0.051697,-0.0127,-0.083245),(0.051697,
0.0127,-0.083245),(0.051789,-0.0127,-0.080876),(0.051789,0.0127,-0.080876),
(0.051871,-0.0127,-0.090576),(0.051871,0.0127,-0.090576),(0.051981,-0.0127,
-0.021783),(0.051981,0.0127,-0.021783),(0.052171,-0.0127,-0.081253),(0.052171,
0.0127,-0.081253),(0.052494,-0.0127,-0.022066),(0.052494,0.0127,-0.022066),
(0.052568,-0.0127,-0.081597),(0.052568,0.0127,-0.081597),(0.052667,-0.0127,
-0.042627),(0.052667,0.0127,-0.042627),(0.052971,-0.0127,-0.081903),(0.052971,
0.0127,-0.081903),(0.053028,-0.0127,-0.022367),(0.053028,0.0127,-0.022367),
(0.05312,-0.0127,-0.090951),(0.05312,0.0127,-0.090951),(0.053167,-0.0127,
-0.042864),(0.053167,0.0127,-0.042864),(0.053371,-0.0127,-0.082164),(0.053371,
0.0127,-0.082164),(0.05368,-0.0127,-0.043117),(0.05368,0.0127,-0.043117),
(0.053735,-0.0127,-0.022768),(0.053735,0.0127,-0.022768),(0.053758,-0.0127,
-0.082375),(0.053758,0.0127,-0.082375),(0.054124,-0.0127,-0.082532),(0.054124,
0.0127,-0.082532),(0.054201,-0.0127,-0.043382),(0.054201,0.0127,-0.043382),
(0.054262,-0.0127,-0.091279),(0.054262,0.0127,-0.091279),(0.05443,-0.0127,
-0.078977),(0.05443,0.0127,-0.078977),(0.054444,-0.0127,-0.079306),(0.054444,
0.0127,-0.079306),(0.054446,-0.0127,-0.078676),(0.054446,0.0127,-0.078676),
(0.054459,-0.0127,-0.082628),(0.054459,0.0127,-0.082628),(0.05449,-0.0127,
-0.079658),(0.05449,0.0127,-0.079658),(0.054492,-0.0127,-0.078409),(0.054492,
0.0127,-0.078409),(0.054567,-0.0127,-0.078179),(0.054567,0.0127,-0.078179),
(0.054568,-0.0127,-0.08003),(0.054568,0.0127,-0.08003),(0.054577,-0.0127,
-0.023245),(0.054577,0.0127,-0.023245),(0.054672,-0.0127,-0.077992),(0.054672,
0.0127,-0.077992),(0.054678,-0.0127,-0.080415),(0.054678,0.0127,-0.080415),
(0.054722,-0.0127,-0.043656),(0.054722,0.0127,-0.043656),(0.054755,-0.0127,
-0.082658),(0.054755,0.0127,-0.082658),(0.054805,-0.0127,-0.077853),(0.054805,
0.0127,-0.077853),(0.05482,-0.0127,-0.08081),(0.05482,0.0127,-0.08081),
(0.054898,-0.0127,-0.081011),(0.054898,0.0127,-0.081011),(0.054966,-0.0127,
-0.077766),(0.054966,0.0127,-0.077766),(0.05497,-0.0127,-0.081207),(0.05497,
0.0127,-0.081207),(0.055003,-0.0127,-0.082617),(0.055003,0.0127,-0.082617),
(0.055033,-0.0127,-0.081398),(0.055033,0.0127,-0.081398),(0.055089,-0.0127,
-0.081581),(0.055089,0.0127,-0.081581),(0.055136,-0.0127,-0.081753),(0.055136,
0.0127,-0.081753),(0.055155,-0.0127,-0.077736),(0.055155,0.0127,-0.077736),
(0.055174,-0.0127,-0.081913),(0.055174,0.0127,-0.081913),(0.055193,-0.0127,
-0.082499),(0.055193,0.0127,-0.082499),(0.055203,-0.0127,-0.082058),(0.055203,
0.0127,-0.082058),(0.055217,-0.0127,-0.082456),(0.055217,0.0127,-0.082456),
(0.055222,-0.0127,-0.082187),(0.055222,0.0127,-0.082187),(0.055229,-0.0127,
-0.082388),(0.055229,0.0127,-0.082388),(0.055231,-0.0127,-0.082298),(0.055231,
0.0127,-0.082298),(0.055233,-0.0127,-0.077748),(0.055233,0.0127,-0.077748),
(0.055237,-0.0127,-0.043935),(0.055237,0.0127,-0.043935),(0.055255,-0.0127,
-0.091548),(0.055255,0.0127,-0.091548),(0.055327,-0.0127,-0.077784),(0.055327,
0.0127,-0.077784),(0.055434,-0.0127,-0.077842),(0.055434,0.0127,-0.077842),
(0.055516,-0.0127,-0.023777),(0.055516,0.0127,-0.023777),(0.055554,-0.0127,
-0.07792),(0.055554,0.0127,-0.07792),(0.055683,-0.0127,-0.078017),(0.055683,
0.0127,-0.078017),(0.05574,-0.0127,-0.044215),(0.05574,0.0127,-0.044215),
(0.055821,-0.0127,-0.078131),(0.055821,0.0127,-0.078131),(0.055965,-0.0127,
-0.07826),(0.055965,0.0127,-0.07826),(0.05606,-0.0127,-0.091745),(0.05606,
0.0127,-0.091745),(0.056113,-0.0127,-0.078403),(0.056113,0.0127,-0.078403),
(0.056224,-0.0127,-0.044493),(0.056224,0.0127,-0.044493),(0.056264,-0.0127,
-0.078558),(0.056264,0.0127,-0.078558),(0.056416,-0.0127,-0.078724),(0.056416,
0.0127,-0.078724),(0.056514,-0.0127,-0.024343),(0.056514,0.0127,-0.024343),
(0.056566,-0.0127,-0.078898),(0.056566,0.0127,-0.078898),(0.056634,-0.0127,
-0.091856),(0.056634,0.0127,-0.091856),(0.056682,-0.0127,-0.044764),(0.056682,
0.0127,-0.044764),(0.056713,-0.0127,-0.079079),(0.056713,0.0127,-0.079079),
(0.056867,-0.0127,-0.079268),(0.056867,0.0127,-0.079268),(0.057039,-0.0127,
-0.079461),(0.057039,0.0127,-0.079461),(0.057107,-0.0127,-0.045025),(0.057107,
0.0127,-0.045025),(0.057165,-0.0127,-0.091964),(0.057165,0.0127,-0.091964),
(0.057227,-0.0127,-0.079658),(0.057227,0.0127,-0.079658),(0.057428,-0.0127,
-0.079854),(0.057428,0.0127,-0.079854),(0.057494,-0.0127,-0.045271),(0.057494,
0.0127,-0.045271),(0.057531,-0.0127,-0.024921),(0.057531,0.0127,-0.024921),
(0.057638,-0.0127,-0.080048),(0.057638,0.0127,-0.080048),(0.057737,-0.0127,
-0.092147),(0.057737,0.0127,-0.092147),(0.057835,-0.0127,-0.045501),(0.057835,
0.0127,-0.045501),(0.057854,-0.0127,-0.080237),(0.057854,0.0127,-0.080237),
(0.058074,-0.0127,-0.080419),(0.058074,0.0127,-0.080419),(0.058124,-0.0127,
-0.045708),(0.058124,0.0127,-0.045708),(0.058295,-0.0127,-0.080591),(0.058295,
0.0127,-0.080591),(0.05836,-0.0127,-0.09241),(0.05836,0.0127,-0.09241),
(0.058398,-0.0127,-0.04591),(0.058398,0.0127,-0.04591),(0.058513,-0.0127,
-0.08075),(0.058513,0.0127,-0.08075),(0.05853,-0.0127,-0.025488),(0.05853,
0.0127,-0.025488),(0.058694,-0.0127,-0.046124),(0.058694,0.0127,-0.046124),
(0.058726,-0.0127,-0.080895),(0.058726,0.0127,-0.080895),(0.058931,-0.0127,
-0.081022),(0.058931,0.0127,-0.081022),(0.059009,-0.0127,-0.046346),(0.059009,
0.0127,-0.046346),(0.05904,-0.0127,-0.092761),(0.05904,0.0127,-0.092761),
(0.059125,-0.0127,-0.08113),(0.059125,0.0127,-0.08113),(0.059337,-0.0127,
-0.046574),(0.059337,0.0127,-0.046574),(0.059472,-0.0127,-0.026023),(0.059472,
0.0127,-0.026023),(0.059635,-0.0127,-0.081409),(0.059635,0.0127,-0.081409),
(0.059674,-0.0127,-0.046803),(0.059674,0.0127,-0.046803),(0.059788,-0.0127,
-0.093205),(0.059788,0.0127,-0.093205),(0.060016,-0.0127,-0.047032),(0.060016,
0.0127,-0.047032),(0.060121,-0.0127,-0.0817),(0.060121,0.0127,-0.0817),
(0.060319,-0.0127,-0.026505),(0.060319,0.0127,-0.026505),(0.060357,-0.0127,
-0.047257),(0.060357,0.0127,-0.047257),(0.060579,-0.0127,-0.082001),(0.060579,
0.0127,-0.082001),(0.060612,-0.0127,-0.093748),(0.060612,0.0127,-0.093748),
(0.060694,-0.0127,-0.047475),(0.060694,0.0127,-0.047475),(0.061003,-0.0127,
-0.082305),(0.061003,0.0127,-0.082305),(0.061022,-0.0127,-0.047683),(0.061022,
0.0127,-0.047683),(0.061032,-0.0127,-0.026911),(0.061032,0.0127,-0.026911),
(0.061335,-0.0127,-0.047878),(0.061335,0.0127,-0.047878),(0.061388,-0.0127,
-0.082609),(0.061388,0.0127,-0.082609),(0.061521,-0.0127,-0.094395),(0.061521,
0.0127,-0.094395),(0.061572,-0.0127,-0.027219),(0.061572,0.0127,-0.027219),
(0.06163,-0.0127,-0.048057),(0.06163,0.0127,-0.048057),(0.06173,-0.0127,
-0.082908),(0.06173,0.0127,-0.082908),(0.061902,-0.0127,-0.048218),(0.061902,
-0.0127,-0.027408),(0.061902,0.0127,-0.048218),(0.061902,0.0127,-0.027408),
(0.062024,-0.0127,-0.083197),(0.062024,0.0127,-0.083197),(0.0622,-0.0127,
-0.048406),(0.0622,0.0127,-0.048406),(0.062264,-0.0127,-0.083472),(0.062264,
0.0127,-0.083472),(0.062447,-0.0127,-0.083728),(0.062447,0.0127,-0.083728),
(0.062524,-0.0127,-0.095154),(0.062524,0.0127,-0.095154),(0.062552,-0.0127,
-0.084518),(0.062552,0.0127,-0.084518),(0.062556,-0.0127,-0.084592),(0.062556,
0.0127,-0.084592),(0.062565,-0.0127,-0.084433),(0.062565,0.0127,-0.084433),
(0.062566,-0.0127,-0.083961),(0.062566,0.0127,-0.083961),(0.06257,-0.0127,
-0.048668),(0.06257,0.0127,-0.048668),(0.062578,-0.0127,-0.084658),(0.062578,
0.0127,-0.084658),(0.062595,-0.0127,-0.084339),(0.062595,0.0127,-0.084339),
(0.062617,-0.0127,-0.084166),(0.062617,0.0127,-0.084166),(0.062618,-0.0127,
-0.084714),(0.062618,0.0127,-0.084714),(0.062625,-0.0127,-0.027808),(0.062625,
0.0127,-0.027808),(0.062678,-0.0127,-0.084761),(0.062678,0.0127,-0.084761),
(0.062756,-0.0127,-0.0848),(0.062756,0.0127,-0.0848),(0.062855,-0.0127,
-0.084832),(0.062855,0.0127,-0.084832),(0.062975,-0.0127,-0.084855),(0.062975,
0.0127,-0.084855),(0.063004,-0.0127,-0.048997),(0.063004,0.0127,-0.048997),
(0.063116,-0.0127,-0.084872),(0.063116,0.0127,-0.084872),(0.063279,-0.0127,
-0.084881),(0.063279,0.0127,-0.084881),(0.063464,-0.0127,-0.084884),(0.063464,
0.0127,-0.084884),(0.063495,-0.0127,-0.049385),(0.063495,0.0127,-0.049385),
(0.063628,-0.0127,-0.096029),(0.063628,0.0127,-0.096029),(0.063652,-0.0127,
-0.02835),(0.063652,0.0127,-0.02835),(0.064005,-0.0127,-0.08496),(0.064005,
0.0127,-0.08496),(0.064034,-0.0127,-0.049827),(0.064034,0.0127,-0.049827),
(0.064613,-0.0127,-0.050315),(0.064613,0.0127,-0.050315),(0.064844,-0.0127,
-0.097028),(0.064844,0.0127,-0.097028),(0.064895,-0.0127,-0.085174),(0.064895,
0.0127,-0.085174),(0.064922,-0.0127,-0.029003),(0.064922,0.0127,-0.029003),
(0.065225,-0.0127,-0.050842),(0.065225,0.0127,-0.050842),(0.065861,-0.0127,
-0.051401),(0.065861,0.0127,-0.051401),(0.066073,-0.0127,-0.085505),(0.066073,
0.0127,-0.085505),(0.06618,-0.0127,-0.098155),(0.06618,0.0127,-0.098155),
(0.066376,-0.0127,-0.029739),(0.066376,0.0127,-0.029739),(0.066513,-0.0127,
-0.051987),(0.066513,0.0127,-0.051987),(0.067174,-0.0127,-0.052592),(0.067174,
0.0127,-0.052592),(0.067476,-0.0127,-0.085931),(0.067476,0.0127,-0.085931),
(0.067644,-0.0127,-0.099418),(0.067644,0.0127,-0.099418),(0.067835,-0.0127,
-0.053209),(0.067835,0.0127,-0.053209),(0.067952,-0.0127,-0.030527),(0.067952,
0.0127,-0.030527),(0.068432,-0.0127,-0.100093),(0.068432,0.0127,-0.100093),
(0.068487,-0.0127,-0.053831),(0.068487,0.0127,-0.053831),(0.06904,-0.0127,
-0.086431),(0.06904,0.0127,-0.086431),(0.069144,-0.0127,-0.054457),(0.069144,
0.0127,-0.054457),(0.069164,-0.0127,-0.100698),(0.069164,0.0127,-0.100698),
(0.069591,-0.0127,-0.031338),(0.069591,0.0127,-0.031338),(0.069814,-0.0127,
-0.055085),(0.069814,0.0127,-0.055085),(0.069852,-0.0127,-0.101242),(0.069852,
0.0127,-0.101242),(0.070489,-0.0127,-0.055708),(0.070489,0.0127,-0.055708),
(0.070507,-0.0127,-0.101731),(0.070507,0.0127,-0.101731),(0.070703,-0.0127,
-0.086985),(0.070703,0.0127,-0.086985),(0.071142,-0.0127,-0.102171),(0.071142,
0.0127,-0.102171),(0.07116,-0.0127,-0.056318),(0.07116,0.0127,-0.056318),
(0.071231,-0.0127,-0.032142),(0.071231,0.0127,-0.032142),(0.071769,-0.0127,
-0.102572),(0.071769,0.0127,-0.102572),(0.071819,-0.0127,-0.056909),(0.071819,
0.0127,-0.056909),(0.072398,-0.0127,-0.102938),(0.072398,0.0127,-0.102938),
(0.072403,-0.0127,-0.08757),(0.072403,0.0127,-0.08757),(0.072458,-0.0127,
-0.057472),(0.072458,0.0127,-0.057472),(0.072811,-0.0127,-0.032908),(0.072811,
0.0127,-0.032908),(0.073041,-0.0127,-0.103279),(0.073041,0.0127,-0.103279),
(0.073069,-0.0127,-0.058),(0.073069,0.0127,-0.058),(0.073642,-0.0127,-0.058487),
(0.073642,0.0127,-0.058487),(0.073711,-0.0127,-0.103601),(0.073711,0.0127,
-0.103601),(0.074077,-0.0127,-0.088166),(0.074077,0.0127,-0.088166),(0.07417,
-0.0127,-0.058924),(0.07417,0.0127,-0.058924),(0.074272,-0.0127,-0.033608),
(0.074272,0.0127,-0.033608),(0.074419,-0.0127,-0.10391),(0.074419,0.0127,
-0.10391),(0.074644,-0.0127,-0.059304),(0.074644,0.0127,-0.059304),(0.075055,
-0.0127,-0.05962),(0.075055,0.0127,-0.05962),(0.075176,-0.0127,-0.104216),
(0.075176,0.0127,-0.104216),(0.075396,-0.0127,-0.059865),(0.075396,0.0127,
-0.059865),(0.075553,-0.0127,-0.034211),(0.075553,0.0127,-0.034211),(0.075663,
-0.0127,-0.088751),(0.075663,0.0127,-0.088751),(0.075995,-0.0127,-0.104523),
(0.075995,0.0127,-0.104523),(0.076488,-0.0127,-0.060608),(0.076488,0.0127,
-0.060608),(0.076592,-0.0127,-0.034688),(0.076592,0.0127,-0.034688),(0.076808,
-0.0127,-0.104889),(0.076808,0.0127,-0.104889),(0.077097,-0.0127,-0.089304),
(0.077097,0.0127,-0.089304),(0.07733,-0.0127,-0.035008),(0.07733,0.0127,
-0.035008),(0.077514,-0.0127,-0.061297),(0.077514,0.0127,-0.061297),(0.077697,
-0.0127,-0.035158),(0.077697,0.0127,-0.035158),(0.077699,-0.0127,-0.105413),
(0.077699,0.0127,-0.105413),(0.078069,-0.0127,-0.035311),(0.078069,0.0127,
-0.035311),(0.078317,-0.0127,-0.089804),(0.078317,0.0127,-0.089804),(0.078442,
-0.0127,-0.035464),(0.078442,0.0127,-0.035464),(0.078479,-0.0127,-0.061936),
(0.078479,0.0127,-0.061936),(0.078647,-0.0127,-0.106076),(0.078647,0.0127,
-0.106076),(0.078812,-0.0127,-0.035617),(0.078812,0.0127,-0.035617),(0.079173,
-0.0127,-0.035767),(0.079173,0.0127,-0.035767),(0.079261,-0.0127,-0.09023),
(0.079261,0.0127,-0.09023),(0.07939,-0.0127,-0.06253),(0.07939,0.0127,-0.06253),
(0.079522,-0.0127,-0.035912),(0.079522,0.0127,-0.035912),(0.079602,-0.0127,
-0.090403),(0.079602,0.0127,-0.090403),(0.079633,-0.0127,-0.106858),(0.079633,
0.0127,-0.106858),(0.079854,-0.0127,-0.03605),(0.079854,0.0127,-0.03605),
(0.079964,-0.0127,-0.090599),(0.079964,0.0127,-0.090599),(0.080164,-0.0127,
-0.03618),(0.080164,0.0127,-0.03618),(0.080253,-0.0127,-0.063081),(0.080253,
0.0127,-0.063081),(0.080343,-0.0127,-0.090814),(0.080343,0.0127,-0.090814),
(0.080447,-0.0127,-0.036299),(0.080447,0.0127,-0.036299),(0.080636,-0.0127,
-0.107738),(0.080636,0.0127,-0.107738),(0.0807,-0.0127,-0.036406),(0.0807,
0.0127,-0.036406),(0.080732,-0.0127,-0.091045),(0.080732,0.0127,-0.091045),
(0.080917,-0.0127,-0.036498),(0.080917,0.0127,-0.036498),(0.081073,-0.0127,
-0.063593),(0.081073,0.0127,-0.063593),(0.081093,-0.0127,-0.036573),(0.081093,
0.0127,-0.036573),(0.081127,-0.0127,-0.091289),(0.081127,0.0127,-0.091289),
(0.081296,-0.0127,-0.036659),(0.081296,0.0127,-0.036659),(0.081523,-0.0127,
-0.091543),(0.081523,0.0127,-0.091543),(0.081588,-0.0127,-0.03678),(0.081588,
0.0127,-0.03678),(0.081635,-0.0127,-0.108696),(0.081635,0.0127,-0.108696),
(0.081857,-0.0127,-0.064071),(0.081857,0.0127,-0.064071),(0.081914,-0.0127,
-0.091802),(0.081914,0.0127,-0.091802),(0.081962,-0.0127,-0.036933),(0.081962,
0.0127,-0.036933),(0.082294,-0.0127,-0.092063),(0.082294,0.0127,-0.092063),
(0.082409,-0.0127,-0.037114),(0.082409,0.0127,-0.037114),(0.082611,-0.0127,
-0.064517),(0.082611,0.0127,-0.064517),(0.082612,-0.0127,-0.109712),(0.082612,
0.0127,-0.109712),(0.082659,-0.0127,-0.092323),(0.082659,0.0127,-0.092323),
(0.082922,-0.0127,-0.03732),(0.082922,0.0127,-0.03732),(0.083003,-0.0127,
-0.092579),(0.083003,0.0127,-0.092579),(0.083321,-0.0127,-0.092827),(0.083321,
0.0127,-0.092827),(0.083341,-0.0127,-0.064936),(0.083341,0.0127,-0.064936),
(0.083493,-0.0127,-0.037548),(0.083493,0.0127,-0.037548),(0.083545,-0.0127,
-0.110767),(0.083545,0.0127,-0.110767),(0.083607,-0.0127,-0.093063),(0.083607,
0.0127,-0.093063),(0.083892,-0.0127,-0.093303),(0.083892,0.0127,-0.093303),
(0.084052,-0.0127,-0.065332),(0.084052,0.0127,-0.065332),(0.084113,-0.0127,
-0.037795),(0.084113,0.0127,-0.037795),(0.084206,-0.0127,-0.093561),(0.084206,
0.0127,-0.093561),(0.084415,-0.0127,-0.111839),(0.084415,0.0127,-0.111839),
(0.084545,-0.0127,-0.093832),(0.084545,0.0127,-0.093832),(0.084751,-0.0127,
-0.065707),(0.084751,0.0127,-0.065707),(0.084775,-0.0127,-0.038057),(0.084775,
0.0127,-0.038057),(0.084903,-0.0127,-0.094114),(0.084903,0.0127,-0.094114),
(0.085201,-0.0127,-0.112908),(0.085201,0.0127,-0.112908),(0.085275,-0.0127,
-0.094402),(0.085275,0.0127,-0.094402),(0.085444,-0.0127,-0.066066),(0.085444,
0.0127,-0.066066),(0.08547,-0.0127,-0.038332),(0.08547,0.0127,-0.038332),
(0.085657,-0.0127,-0.094693),(0.085657,0.0127,-0.094693),(0.085832,-0.0127,
-0.066267),(0.085832,0.0127,-0.066267),(0.085883,-0.0127,-0.113955),(0.085883,
0.0127,-0.113955),(0.086042,-0.0127,-0.094981),(0.086042,0.0127,-0.094981),
(0.086192,-0.0127,-0.038616),(0.086192,0.0127,-0.038616),(0.086213,-0.0127,
-0.06647),(0.086213,0.0127,-0.06647),(0.086426,-0.0127,-0.095264),(0.086426,
0.0127,-0.095264),(0.086441,-0.0127,-0.11496),(0.086441,0.0127,-0.11496),
(0.086584,-0.0127,-0.066673),(0.086584,0.0127,-0.066673),(0.086803,-0.0127,
-0.095538),(0.086803,0.0127,-0.095538),(0.086861,-0.0127,-0.115745),(0.086861,
0.0127,-0.115745),(0.08693,-0.0127,-0.038906),(0.08693,0.0127,-0.038906),
(0.086939,-0.0127,-0.066874),(0.086939,0.0127,-0.066874),(0.087169,-0.0127,
-0.095799),(0.087169,0.0127,-0.095799),(0.087276,-0.0127,-0.067069),(0.087276,
0.0127,-0.067069),(0.087327,-0.0127,-0.116524),(0.087327,0.0127,-0.116524),
(0.087446,-0.0127,-0.144642),(0.087446,0.0127,-0.144642),(0.087463,-0.0127,
-0.145799),(0.087463,0.0127,-0.145799),(0.087483,-0.0127,-0.143495),(0.087483,
0.0127,-0.143495),(0.087517,-0.0127,-0.096043),(0.087517,0.0127,-0.096043),
(0.087533,-0.0127,-0.146949),(0.087533,0.0127,-0.146949),(0.087574,-0.0127,
-0.142374),(0.087574,0.0127,-0.142374),(0.087589,-0.0127,-0.067256),(0.087589,
0.0127,-0.067256),(0.087657,-0.0127,-0.148075),(0.087657,0.0127,-0.148075),
(0.087679,-0.0127,-0.039199),(0.087679,0.0127,-0.039199),(0.087717,-0.0127,
-0.141296),(0.087717,0.0127,-0.141296),(0.087833,-0.0127,-0.117288),(0.087833,
0.0127,-0.117288),(0.087834,-0.0127,-0.14916),(0.087834,0.0127,-0.14916),
(0.087844,-0.0127,-0.096265),(0.087844,0.0127,-0.096265),(0.087876,-0.0127,
-0.067434),(0.087876,0.0127,-0.067434),(0.087914,-0.0127,-0.140279),(0.087914,
0.0127,-0.140279),(0.088066,-0.0127,-0.150188),(0.088066,0.0127,-0.150188),
(0.088131,-0.0127,-0.067599),(0.088131,0.0127,-0.067599),(0.088163,-0.0127,
-0.139339),(0.088163,0.0127,-0.139339),(0.088181,-0.0127,-0.096496),(0.088181,
0.0127,-0.096496),(0.088351,-0.0127,-0.067749),(0.088351,0.0127,-0.067749),
(0.088352,-0.0127,-0.151141),(0.088352,0.0127,-0.151141),(0.088372,-0.0127,
-0.118032),(0.088372,0.0127,-0.118032),(0.088452,-0.0127,-0.039505),(0.088452,
0.0127,-0.039505),(0.088465,-0.0127,-0.138492),(0.088465,0.0127,-0.138492),
(0.088531,-0.0127,-0.067882),(0.088531,0.0127,-0.067882),(0.088561,-0.0127,
-0.096765),(0.088561,0.0127,-0.096765),(0.088669,-0.0127,-0.067995),(0.088669,
0.0127,-0.067995),(0.088759,-0.0127,-0.068086),(0.088759,0.0127,-0.068086),
(0.088826,-0.0127,-0.068183),(0.088826,0.0127,-0.068183),(0.088854,-0.0127,
-0.152449),(0.088854,0.0127,-0.152449),(0.088897,-0.0127,-0.068317),(0.088897,
0.0127,-0.068317),(0.08894,-0.0127,-0.118749),(0.08894,0.0127,-0.118749),
(0.088969,-0.0127,-0.068484),(0.088969,0.0127,-0.068484),(0.088976,-0.0127,
-0.097066),(0.088976,0.0127,-0.097066),(0.089042,-0.0127,-0.068681),(0.089042,
0.0127,-0.068681),(0.089116,-0.0127,-0.068904),(0.089116,0.0127,-0.068904),
(0.089174,-0.0127,-0.136985),(0.089174,0.0127,-0.136985),(0.089188,-0.0127,
-0.06915),(0.089188,0.0127,-0.06915),(0.089259,-0.0127,-0.069415),(0.089259,
0.0127,-0.069415),(0.089261,-0.0127,-0.039833),(0.089261,0.0127,-0.039833),
(0.089327,-0.0127,-0.069695),(0.089327,0.0127,-0.069695),(0.089391,-0.0127,
-0.069988),(0.089391,0.0127,-0.069988),(0.089421,-0.0127,-0.097394),(0.089421,
0.0127,-0.097394),(0.089442,-0.0127,-0.153719),(0.089442,0.0127,-0.153719),
(0.089451,-0.0127,-0.07029),(0.089451,0.0127,-0.07029),(0.089505,-0.0127,
-0.070598),(0.089505,0.0127,-0.070598),(0.089529,-0.0127,-0.119431),(0.089529,
0.0127,-0.119431),(0.089553,-0.0127,-0.070908),(0.089553,0.0127,-0.070908),
(0.089711,-0.0127,-0.07179),(0.089711,0.0127,-0.07179),(0.089889,-0.0127,
-0.097745),(0.089889,0.0127,-0.097745),(0.089936,-0.0127,-0.072699),(0.089936,
0.0127,-0.072699),(0.09002,-0.0127,-0.135543),(0.09002,0.0127,-0.135543),
(0.090095,-0.0127,-0.040177),(0.090095,0.0127,-0.040177),(0.090114,-0.0127,
-0.154946),(0.090114,0.0127,-0.154946),(0.090135,-0.0127,-0.120073),(0.090135,
0.0127,-0.120073),(0.090222,-0.0127,-0.073621),(0.090222,0.0127,-0.073621),
(0.090373,-0.0127,-0.098113),(0.090373,0.0127,-0.098113),(0.090562,-0.0127,
-0.074543),(0.090562,0.0127,-0.074543),(0.09075,-0.0127,-0.120667),(0.09075,
0.0127,-0.120667),(0.090866,-0.0127,-0.156127),(0.090866,0.0127,-0.156127),
(0.090867,-0.0127,-0.098494),(0.090867,0.0127,-0.098494),(0.090944,-0.0127,
-0.040533),(0.090944,0.0127,-0.040533),(0.090949,-0.0127,-0.075454),(0.090949,
0.0127,-0.075454),(0.090988,-0.0127,-0.134176),(0.090988,0.0127,-0.134176),
(0.091364,-0.0127,-0.098882),(0.091364,0.0127,-0.098882),(0.091368,-0.0127,
-0.121207),(0.091368,0.0127,-0.121207),(0.091378,-0.0127,-0.076339),(0.091378,
0.0127,-0.076339),(0.091694,-0.0127,-0.157258),(0.091694,0.0127,-0.157258),
(0.091795,-0.0127,-0.040896),(0.091795,0.0127,-0.040896),(0.091841,-0.0127,
-0.077188),(0.091841,0.0127,-0.077188),(0.091858,-0.0127,-0.099272),(0.091858,
0.0127,-0.099272),(0.091985,-0.0127,-0.121686),(0.091985,0.0127,-0.121686),
(0.092061,-0.0127,-0.1329),(0.092061,0.0127,-0.1329),(0.092332,-0.0127,
-0.077986),(0.092332,0.0127,-0.077986),(0.092341,-0.0127,-0.09966),(0.092341,
0.0127,-0.09966),(0.092594,-0.0127,-0.122098),(0.092594,0.0127,-0.122098),
(0.092595,-0.0127,-0.158335),(0.092595,0.0127,-0.158335),(0.092639,-0.0127,
-0.041261),(0.092639,0.0127,-0.041261),(0.092808,-0.0127,-0.10004),(0.092808,
0.0127,-0.10004),(0.092844,-0.0127,-0.078721),(0.092844,0.0127,-0.078721),
(0.093188,-0.0127,-0.122435),(0.093188,0.0127,-0.122435),(0.093223,-0.0127,
-0.131724),(0.093223,0.0127,-0.131724),(0.093252,-0.0127,-0.100407),(0.093252,
0.0127,-0.100407),(0.093372,-0.0127,-0.07938),(0.093372,0.0127,-0.07938),
(0.093462,-0.0127,-0.041623),(0.093462,0.0127,-0.041623),(0.093566,-0.0127,
-0.159355),(0.093566,0.0127,-0.159355),(0.093588,-0.0127,-0.122622),(0.093588,
0.0127,-0.122622),(0.093676,-0.0127,-0.100759),(0.093676,0.0127,-0.100759),
(0.093907,-0.0127,-0.079952),(0.093907,0.0127,-0.079952),(0.094083,-0.0127,
-0.122826),(0.094083,0.0127,-0.122826),(0.094085,-0.0127,-0.101095),(0.094085,
0.0127,-0.101095),(0.094256,-0.0127,-0.041977),(0.094256,0.0127,-0.041977),
(0.094445,-0.0127,-0.080422),(0.094445,0.0127,-0.080422),(0.09446,-0.0127,
-0.130663),(0.09446,0.0127,-0.130663),(0.094474,-0.0127,-0.101412),(0.094474,
0.0127,-0.101412),(0.094603,-0.0127,-0.160313),(0.094603,0.0127,-0.160313),
(0.094651,-0.0127,-0.123039),(0.094651,0.0127,-0.123039),(0.094781,-0.0127,
-0.080689),(0.094781,0.0127,-0.080689),(0.09484,-0.0127,-0.101706),(0.09484,
0.0127,-0.101706),(0.095007,-0.0127,-0.042318),(0.095007,0.0127,-0.042318),
(0.095079,-0.0127,-0.08094),(0.095079,0.0127,-0.08094),(0.095178,-0.0127,
-0.101974),(0.095178,0.0127,-0.101974),(0.095272,-0.0127,-0.123256),(0.095272,
0.0127,-0.123256),(0.095343,-0.0127,-0.081181),(0.095343,0.0127,-0.081181),
(0.095486,-0.0127,-0.102214),(0.095486,0.0127,-0.102214),(0.095574,-0.0127,
-0.081414),(0.095574,0.0127,-0.081414),(0.095703,-0.0127,-0.161206),(0.095703,
0.0127,-0.161206),(0.095705,-0.0127,-0.042642),(0.095705,0.0127,-0.042642),
(0.095754,-0.0127,-0.129729),(0.095754,0.0127,-0.129729),(0.095758,-0.0127,
-0.102423),(0.095758,0.0127,-0.102423),(0.095778,-0.0127,-0.081646),(0.095778,
0.0127,-0.081646),(0.095926,-0.0127,-0.123471),(0.095926,0.0127,-0.123471),
(0.095956,-0.0127,-0.081882),(0.095956,0.0127,-0.081882),(0.095991,-0.0127,
-0.102597),(0.095991,0.0127,-0.102597),(0.096112,-0.0127,-0.082124),(0.096112,
0.0127,-0.082124),(0.096182,-0.0127,-0.102733),(0.096182,0.0127,-0.102733),
(0.09625,-0.0127,-0.08238),(0.09625,0.0127,-0.08238),(0.096326,-0.0127,
-0.102829),(0.096326,0.0127,-0.102829),(0.096339,-0.0127,-0.042943),(0.096339,
0.0127,-0.042943),(0.096373,-0.0127,-0.082652),(0.096373,0.0127,-0.082652),
(0.096419,-0.0127,-0.102881),(0.096419,0.0127,-0.102881),(0.096458,-0.0127,
-0.102887),(0.096458,0.0127,-0.102887),(0.096474,-0.0127,-0.102857),(0.096474,
0.0127,-0.102857),(0.096483,-0.0127,-0.082947),(0.096483,0.0127,-0.082947),
(0.096497,-0.0127,-0.102805),(0.096497,0.0127,-0.102805),(0.096529,-0.0127,
-0.102732),(0.096529,0.0127,-0.102732),(0.096567,-0.0127,-0.102641),(0.096567,
0.0127,-0.102641),(0.096584,-0.0127,-0.083268),(0.096584,0.0127,-0.083268),
(0.096592,-0.0127,-0.123677),(0.096592,0.0127,-0.123677),(0.096612,-0.0127,
-0.102532),(0.096612,0.0127,-0.102532),(0.096662,-0.0127,-0.102408),(0.096662,
0.0127,-0.102408),(0.09668,-0.0127,-0.08362),(0.09668,0.0127,-0.08362),
(0.096716,-0.0127,-0.10227),(0.096716,0.0127,-0.10227),(0.09675,-0.0127,
-0.083886),(0.09675,0.0127,-0.083886),(0.096775,-0.0127,-0.102121),(0.096775,
0.0127,-0.102121),(0.09683,-0.0127,-0.084177),(0.09683,0.0127,-0.084177),
(0.096837,-0.0127,-0.101961),(0.096837,0.0127,-0.101961),(0.096862,-0.0127,
-0.16203),(0.096862,0.0127,-0.16203),(0.096898,-0.0127,-0.043217),(0.096898,
0.0127,-0.043217),(0.096902,-0.0127,-0.101793),(0.096902,0.0127,-0.101793),
(0.096918,-0.0127,-0.084488),(0.096918,0.0127,-0.084488),(0.096969,-0.0127,
-0.101618),(0.096969,0.0127,-0.101618),(0.097014,-0.0127,-0.084816),(0.097014,
0.0127,-0.084816),(0.097038,-0.0127,-0.101438),(0.097038,0.0127,-0.101438),
(0.097091,-0.0127,-0.128934),(0.097091,0.0127,-0.128934),(0.097116,-0.0127,
-0.085155),(0.097116,0.0127,-0.085155),(0.097222,-0.0127,-0.085501),(0.097222,
0.0127,-0.085501),(0.097248,-0.0127,-0.123868),(0.097248,0.0127,-0.123868),
(0.097331,-0.0127,-0.085849),(0.097331,0.0127,-0.085849),(0.097427,-0.0127,
-0.100301),(0.097427,0.0127,-0.100301),(0.097442,-0.0127,-0.086195),(0.097442,
0.0127,-0.086195),(0.097553,-0.0127,-0.086533),(0.097553,0.0127,-0.086533),
(0.097662,-0.0127,-0.086859),(0.097662,0.0127,-0.086859),(0.097762,-0.0127,
-0.099105),(0.097762,0.0127,-0.099105),(0.097768,-0.0127,-0.087169),(0.097768,
0.0127,-0.087169),(0.097869,-0.0127,-0.087458),(0.097869,0.0127,-0.087458),
(0.097876,-0.0127,-0.124039),(0.097876,0.0127,-0.124039),(0.098041,-0.0127,
-0.097865),(0.098041,0.0127,-0.097865),(0.098077,-0.0127,-0.162781),(0.098077,
0.0127,-0.162781),(0.098138,-0.0127,-0.088354),(0.098138,0.0127,-0.088354),
(0.09815,-0.0127,-0.04384),(0.09815,0.0127,-0.04384),(0.098262,-0.0127,
-0.0966),(0.098262,0.0127,-0.0966),(0.098343,-0.0127,-0.089352),(0.098343,
0.0127,-0.089352),(0.098426,-0.0127,-0.095323),(0.098426,0.0127,-0.095323),
(0.098453,-0.0127,-0.124182),(0.098453,0.0127,-0.124182),(0.098454,-0.0127,
-0.12829),(0.098454,0.0127,-0.12829),(0.098483,-0.0127,-0.090438),(0.098483,
0.0127,-0.090438),(0.098531,-0.0127,-0.094053),(0.098531,0.0127,-0.094053),
(0.098561,-0.0127,-0.091594),(0.098561,0.0127,-0.091594),(0.098577,-0.0127,
-0.092804),(0.098577,0.0127,-0.092804),(0.09896,-0.0127,-0.124292),(0.09896,
0.0127,-0.124292),(0.099217,-0.0127,-0.044355),(0.099217,0.0127,-0.044355),
(0.099344,-0.0127,-0.163455),(0.099344,0.0127,-0.163455),(0.099376,-0.0127,
-0.124363),(0.099376,0.0127,-0.124363),(0.099679,-0.0127,-0.124388),(0.099679,
0.0127,-0.124388),(0.099736,-0.0127,-0.124383),(0.099736,0.0127,-0.124383),
(0.09979,-0.0127,-0.12437),(0.09979,0.0127,-0.12437),(0.099828,-0.0127,
-0.127811),(0.099828,0.0127,-0.127811),(0.099841,-0.0127,-0.124349),(0.099841,
0.0127,-0.124349),(0.09989,-0.0127,-0.12432),(0.09989,0.0127,-0.12432),
(0.099934,-0.0127,-0.124285),(0.099934,0.0127,-0.124285),(0.099974,-0.0127,
-0.124243),(0.099974,0.0127,-0.124243),(0.10001,-0.0127,-0.124196),(0.10001,
0.0127,-0.124196),(0.10004,-0.0127,-0.124143),(0.10004,0.0127,-0.124143),
(0.100064,-0.0127,-0.124086),(0.100064,0.0127,-0.124086),(0.100082,-0.0127,
-0.124026),(0.100082,0.0127,-0.124026),(0.100093,-0.0127,-0.123962),(0.100093,
0.0127,-0.123962),(0.100097,-0.0127,-0.123895),(0.100097,0.0127,-0.123895),
(0.100104,-0.0127,-0.123821),(0.100104,0.0127,-0.123821),(0.100124,-0.0127,
-0.123736),(0.100124,0.0127,-0.123736),(0.100135,-0.0127,-0.044765),(0.100135,
0.0127,-0.044765),(0.100156,-0.0127,-0.12364),(0.100156,0.0127,-0.12364),
(0.1002,-0.0127,-0.123537),(0.1002,0.0127,-0.123537),(0.100254,-0.0127,
-0.123426),(0.100254,0.0127,-0.123426),(0.100318,-0.0127,-0.123311),(0.100318,
0.0127,-0.123311),(0.10039,-0.0127,-0.123192),(0.10039,0.0127,-0.123192),
(0.100469,-0.0127,-0.123071),(0.100469,0.0127,-0.123071),(0.100556,-0.0127,
-0.122949),(0.100556,0.0127,-0.122949),(0.100648,-0.0127,-0.122829),(0.100648,
0.0127,-0.122829),(0.100745,-0.0127,-0.122711),(0.100745,0.0127,-0.122711),
(0.100846,-0.0127,-0.122597),(0.100846,0.0127,-0.122597),(0.100936,-0.0127,
-0.045074),(0.100936,0.0127,-0.045074),(0.100947,-0.0127,-0.122481),(0.100947,
0.0127,-0.122481),(0.10104,-0.0127,-0.12236),(0.10104,0.0127,-0.12236),
(0.101123,-0.0127,-0.122236),(0.101123,0.0127,-0.122236),(0.101196,-0.0127,
-0.127508),(0.101196,0.0127,-0.127508),(0.101197,-0.0127,-0.122109),(0.101197,
0.0127,-0.122109),(0.101261,-0.0127,-0.121982),(0.101261,0.0127,-0.121982),
(0.101313,-0.0127,-0.121856),(0.101313,0.0127,-0.121856),(0.101322,-0.0127,
-0.120768),(0.101322,0.0127,-0.120768),(0.101326,-0.0127,-0.121012),(0.101326,
0.0127,-0.121012),(0.101352,-0.0127,-0.120486),(0.101352,0.0127,-0.120486),
(0.101354,-0.0127,-0.121732),(0.101354,0.0127,-0.121732),(0.101369,-0.0127,
-0.121205),(0.101369,0.0127,-0.121205),(0.101384,-0.0127,-0.121613),(0.101384,
0.0127,-0.121613),(0.101393,-0.0127,-0.121293),(0.101393,0.0127,-0.121293),
(0.1014,-0.0127,-0.121499),(0.1014,0.0127,-0.121499),(0.101404,-0.0127,
-0.121392),(0.101404,0.0127,-0.121392),(0.10141,-0.0127,-0.120179),(0.10141,
0.0127,-0.120179),(0.101493,-0.0127,-0.11986),(0.101493,0.0127,-0.11986),
(0.101539,-0.0127,-0.164403),(0.101539,0.0127,-0.164403),(0.101596,-0.0127,
-0.119541),(0.101596,0.0127,-0.119541),(0.101653,-0.0127,-0.045287),(0.101653,
0.0127,-0.045287),(0.101714,-0.0127,-0.119236),(0.101714,0.0127,-0.119236),
(0.101788679384093,-0.0127,-0.164481815842444),(0.101788679384093,-0.00977748555025246,
-0.164481815842444),(0.101788679384093,0.0127,-0.164481815842444),(0.101820246277954,
0.0127,-0.164439024954658),(0.101829886883983,0.0127,-0.164425956513632),
(0.101837159287114,0.0127,-0.164416098318915),(0.101842213892005,-0.0127,
-0.164409246487637),(0.101842213892005,0.0127,-0.164409246487637),(0.101843,
-0.0127,-0.118958),(0.101843,0.0127,-0.118958),(0.101844477675578,0.0127,
-0.164406235053451),(0.101845942032725,0.0127,-0.164404287069013),(0.101846685548812,
0.0127,-0.164403297994884),(0.101856887668194,-0.0127,-0.164389726462938),
(0.101856887668194,0.0127,-0.164389726462938),(0.101978,-0.0127,-0.118719),
(0.101978,0.0127,-0.118719),(0.10203792552287,-0.0127,-0.164160982553791),
(0.10203792552287,0.0127,-0.164160982553791),(0.102114,-0.0127,-0.118533),
(0.102114,0.0127,-0.118533),(0.102229277972578,-0.0127,-0.16394079463226),
(0.102229277972578,0.0127,-0.16394079463226),(0.102248,-0.0127,-0.118412),
(0.102248,0.0127,-0.118412),(0.102321,-0.0127,-0.045407),(0.102321,0.0127,
-0.045407),(0.102373,-0.0127,-0.118368),(0.102373,0.0127,-0.118368),(0.102430541178202,
-0.0127,-0.163729627393183),(0.102430541178202,0.0127,-0.163729627393183),
(0.102543,-0.0127,-0.127394),(0.102543,0.0127,-0.127394),(0.102551,-0.0127,
-0.118343),(0.102551,0.0127,-0.118343),(0.102641290384505,-0.0127,-0.163527926493728),
(0.102641290384505,0.0127,-0.163527926493728),(0.102728,-0.0127,-0.118269),
(0.102728,0.0127,-0.118269),(0.102890199237043,-0.0127,-0.163312008095281),
(0.102890199237043,0.0127,-0.163312008095281),(0.102903,-0.0127,-0.118152),
(0.102903,0.0127,-0.118152),(0.102905,-0.0127,-0.125741),(0.102905,0.0127,
-0.125741),(0.102907,-0.0127,-0.1257),(0.102907,0.0127,-0.1257),(0.10291,
-0.0127,-0.125812),(0.10291,-0.0127,-0.125658),(0.10291,0.0127,-0.125812),
(0.10291,0.0127,-0.125658),(0.102917,-0.0127,-0.125615),(0.102917,0.0127,
-0.125615),(0.102923,-0.0127,-0.125882),(0.102923,-0.0127,-0.122446),(0.102923,
0.0127,-0.125882),(0.102923,0.0127,-0.122446),(0.102925,-0.0127,-0.125572),
(0.102925,0.0127,-0.125572),(0.10293,-0.0127,-0.12247),(0.10293,0.0127,
-0.12247),(0.102936,-0.0127,-0.122415),(0.102936,0.0127,-0.122415),(0.102937,
-0.0127,-0.125528),(0.102937,0.0127,-0.125528),(0.102945,-0.0127,-0.125951),
(0.102945,0.0127,-0.125951),(0.102951,-0.0127,-0.125483),(0.102951,0.0127,
-0.125483),(0.10296,-0.0127,-0.122485),(0.10296,0.0127,-0.122485),(0.102967,
-0.0127,-0.125436),(0.102967,0.0127,-0.125436),(0.102971,-0.0127,-0.122376),
(0.102971,0.0127,-0.122376),(0.102973,-0.0127,-0.045439),(0.102973,0.0127,
-0.045439),(0.102975,-0.0127,-0.126021),(0.102975,0.0127,-0.126021),(0.102986,
-0.0127,-0.125388),(0.102986,0.0127,-0.125388),(0.103007,-0.0127,-0.125339),
(0.103007,0.0127,-0.125339),(0.103013,-0.0127,-0.122492),(0.103013,0.0127,
-0.122492),(0.103014,-0.0127,-0.126091),(0.103014,0.0127,-0.126091),(0.103025,
-0.0127,-0.122332),(0.103025,0.0127,-0.122332),(0.103031,-0.0127,-0.125288),
(0.103031,0.0127,-0.125288),(0.103056,-0.0127,-0.125236),(0.103056,0.0127,
-0.125236),(0.103063,-0.0127,-0.126162),(0.103063,0.0127,-0.126162),(0.103072,
-0.0127,-0.117996),(0.103072,0.0127,-0.117996),(0.103085,-0.0127,-0.125182),
(0.103085,0.0127,-0.125182),(0.103098,-0.0127,-0.122282),(0.103098,0.0127,
-0.122282),(0.103121,-0.0127,-0.126235),(0.103121,0.0127,-0.126235),(0.103145,
-0.0127,-0.122529),(0.103145,0.0127,-0.122529),(0.103188,-0.0127,-0.126311),
(0.103188,0.0127,-0.126311),(0.103189,-0.0127,-0.122226),(0.103189,0.0127,
-0.122226),(0.103209,-0.0127,-0.124915),(0.103209,0.0127,-0.124915),(0.103232,
-0.0127,-0.117807),(0.103232,0.0127,-0.117807),(0.103255,-0.0127,-0.122627),
(0.103255,0.0127,-0.122627),(0.103265,-0.0127,-0.12639),(0.103265,0.0127,
-0.12639),(0.103267232191269,-0.0127,-0.163024636637974),(0.103267232191269,
0.0127,-0.163024636637974),(0.103297,-0.0127,-0.122167),(0.103297,0.0127,
-0.122167),(0.103309,-0.0127,-0.12463),(0.103309,0.0127,-0.12463),(0.103342,
-0.0127,-0.122777),(0.103342,0.0127,-0.122777),(0.103351,-0.0127,-0.126472),
(0.103351,0.0127,-0.126472),(0.103381,-0.0127,-0.11759),(0.103381,0.0127,
-0.11759),(0.103384,-0.0127,-0.124334),(0.103384,0.0127,-0.124334),(0.103407,
-0.0127,-0.122971),(0.103407,0.0127,-0.122971),(0.103422,-0.0127,-0.122104),
(0.103422,0.0127,-0.122104),(0.103436,-0.0127,-0.124035),(0.103436,0.0127,
-0.124035),(0.103448,-0.0127,-0.126558),(0.103448,0.0127,-0.126558),(0.103449,
-0.0127,-0.123202),(0.103449,0.0127,-0.123202),(0.103464,-0.0127,-0.123742),
(0.103464,0.0127,-0.123742),(0.103468,-0.0127,-0.123461),(0.103468,0.0127,
-0.123461),(0.103515,-0.0127,-0.117348),(0.103515,0.0127,-0.117348),(0.103555,
-0.0127,-0.126649),(0.103555,0.0127,-0.126649),(0.103562,-0.0127,-0.122037),
(0.103562,0.0127,-0.122037),(0.103572,-0.0127,-0.126663),(0.103572,0.0127,
-0.126663),(0.103619,-0.0127,-0.126703),(0.103619,0.0127,-0.126703),(0.103631,
-0.0127,-0.117087),(0.103631,0.0127,-0.117087),(0.103643,-0.0127,-0.045385),
(0.103643,0.0127,-0.045385),(0.103664653411489,-0.0127,-0.162766194039383),
(0.103664653411489,0.0127,-0.162766194039383),(0.103691,-0.0127,-0.126762),
(0.103691,0.0127,-0.126762),(0.103717,-0.0127,-0.121969),(0.103717,0.0127,
-0.121969),(0.103727,-0.0127,-0.116813),(0.103727,0.0127,-0.116813),(0.10378,
-0.0127,-0.126836),(0.10378,0.0127,-0.126836),(0.103799,-0.0127,-0.116529),
(0.103799,0.0127,-0.116529),(0.103844,-0.0127,-0.116241),(0.103844,0.0127,
-0.116241),(0.10386,-0.0127,-0.115953),(0.10386,0.0127,-0.115953),(0.103879,
-0.0127,-0.115628),(0.103879,0.0127,-0.115628),(0.103882,-0.0127,-0.126921),
(0.103882,0.0127,-0.126921),(0.103897559510103,0.0127,-0.162633416313826),
(0.103897559510105,-0.0127,-0.162633416313826),(0.103935,-0.0127,-0.115314),
(0.103935,0.0127,-0.115314),(0.10399,-0.0127,-0.12701),(0.10399,0.0127,
-0.12701),(0.104007,-0.0127,-0.12181),(0.104007,0.0127,-0.12181),(0.104024,
-0.0127,-0.115012),(0.104024,0.0127,-0.115012),(0.104097,-0.0127,-0.1271),
(0.104097,0.0127,-0.1271),(0.104135862624392,0.0127,-0.162510587974685),
(0.104135862624394,-0.0127,-0.162510587974685),(0.104143,-0.0127,-0.114728),
(0.104143,0.0127,-0.114728),(0.104199,-0.0127,-0.127184),(0.104199,0.0127,
-0.127184),(0.104282,-0.0127,-0.121602),(0.104282,0.0127,-0.121602),(0.104289,
-0.0127,-0.127258),(0.104289,0.0127,-0.127258),(0.104291,-0.0127,-0.114463),
(0.104291,0.0127,-0.114463),(0.10436,-0.0127,-0.127318),(0.10436,0.0127,
-0.127318),(0.104364,-0.0127,-0.04525),(0.104364,0.0127,-0.04525),(0.104379137977169,
0.0127,-0.162397927964444),(0.104379137977169,-0.0127,-0.162397927964445),
(0.104407,-0.0127,-0.127357),(0.104407,0.0127,-0.127357),(0.104424,-0.0127,
-0.127371),(0.104424,0.0127,-0.127371),(0.104463,-0.0127,-0.114223),(0.104463,
0.0127,-0.114223),(0.104537,-0.0127,-0.121355),(0.104537,0.0127,-0.121355),
(0.104626951928193,-0.0127,-0.162295637100466),(0.104626951928193,0.0127,
-0.162295637100466),(0.104658,-0.0127,-0.11401),(0.104658,0.0127,-0.11401),
(0.104766,-0.0127,-0.12108),(0.104766,0.0127,-0.12108),(0.104799,-0.0127,
-0.118806),(0.104799,0.0127,-0.118806),(0.104806,-0.0127,-0.118935),(0.104806,
0.0127,-0.118935),(0.104823,-0.0127,-0.118669),(0.104823,0.0127,-0.118669),
(0.104846,-0.0127,-0.119048),(0.104846,0.0127,-0.119048),(0.104872,-0.0127,
-0.113827),(0.104872,0.0127,-0.113827),(0.104875,-0.0127,-0.118528),(0.104875,
0.0127,-0.118528),(0.104922,-0.0127,-0.119138),(0.104922,0.0127,-0.119138),
(0.104929104796789,-0.0127,-0.162187026867276),(0.104929104796789,0.0127,
-0.162187026867276),(0.104951,-0.0127,-0.118391),(0.104951,0.0127,-0.118391),
(0.104964,-0.0127,-0.120789),(0.104964,0.0127,-0.120789),(0.105038,-0.0127,
-0.1192),(0.105038,0.0127,-0.1192),(0.105048,-0.0127,-0.118265),(0.105048,
0.0127,-0.118265),(0.105103,-0.0127,-0.11368),(0.105103,0.0127,-0.11368),
(0.105125,-0.0127,-0.120491),(0.105125,0.0127,-0.120491),(0.105164,-0.0127,
-0.118155),(0.105164,0.0127,-0.118155),(0.10517,-0.0127,-0.045037),(0.10517,
0.0127,-0.045037),(0.105204,-0.0127,-0.119301),(0.105204,0.0127,-0.119301),
(0.105236361401356,-0.0127,-0.162093828596345),(0.105236361401356,0.0127,
-0.162093828596345),(0.105245,-0.0127,-0.120199),(0.105245,0.0127,-0.120199),
(0.105296,-0.0127,-0.118069),(0.105296,0.0127,-0.118069),(0.105303,-0.0127,
-0.119463),(0.105303,0.0127,-0.119463),(0.105318,-0.0127,-0.119923),(0.105318,
0.0127,-0.119923),(0.105339,-0.0127,-0.119674),(0.105339,0.0127,-0.119674),
(0.105347,-0.0127,-0.11357),(0.105347,0.0127,-0.11357),(0.105441,-0.0127,
-0.118012),(0.105441,0.0127,-0.118012),(0.105547936178909,-0.0127,-0.162016280567699),
(0.105547936178909,0.0127,-0.162016280567699),(0.105595,-0.0127,-0.117992),
(0.105595,0.0127,-0.117992),(0.105602,-0.0127,-0.113501),(0.105602,0.0127,
-0.113501),(0.105833,-0.0127,-0.117962),(0.105833,0.0127,-0.117962),(0.105863032526192,
-0.0127,-0.161954581048388),(0.105863032526192,0.0127,-0.161954581048388),
(0.105866,-0.0127,-0.113477),(0.105866,0.0127,-0.113477),(0.105972,-0.0127,
-0.11347),(0.105972,0.0127,-0.11347),(0.106068,-0.0127,-0.113449),(0.106068,
0.0127,-0.113449),(0.106074,-0.0127,-0.117876),(0.106074,0.0127,-0.117876),
(0.106095,-0.0127,-0.044751),(0.106095,0.0127,-0.044751),(0.106153,-0.0127,
-0.113413),(0.106153,0.0127,-0.113413),(0.10618084483635,-0.0127,-0.161908887785578),
(0.10618084483635,0.0127,-0.161908887785578),(0.106228,-0.0127,-0.113362),
(0.106228,0.0127,-0.113362),(0.106292,-0.0127,-0.113295),(0.106292,0.0127,
-0.113295),(0.106314,-0.0127,-0.117742),(0.106314,0.0127,-0.117742),(0.106348,
-0.0127,-0.113212),(0.106348,0.0127,-0.113212),(0.106394,-0.0127,-0.113111),
(0.106394,0.0127,-0.113111),(0.106431,-0.0127,-0.112993),(0.106431,0.0127,
-0.112993),(0.106459,-0.0127,-0.112857),(0.106459,0.0127,-0.112857),(0.106478,
-0.0127,-0.112702),(0.106478,0.0127,-0.112702),(0.10649,-0.0127,-0.112528),
(0.10649,0.0127,-0.112528),(0.106494,-0.0127,-0.112334),(0.106494,0.0127,
-0.112334),(0.106500560558627,-0.0127,-0.161879317603237),(0.106500560558627,
0.0127,-0.161879317603237),(0.106514,-0.0127,-0.111919),(0.106514,0.0127,
-0.111919),(0.106548,-0.0127,-0.117565),(0.106548,0.0127,-0.117565),(0.106574,
-0.0127,-0.111524),(0.106574,0.0127,-0.111524),(0.106671,-0.0127,-0.111152),
(0.106671,0.0127,-0.111152),(0.10677,-0.0127,-0.117353),(0.10677,0.0127,
-0.117353),(0.106802,-0.0127,-0.110805),(0.106802,0.0127,-0.110805),(0.10682136227581,
-0.0127,-0.161865946103453),(0.10682136227581,0.0127,-0.161865946103453),
(0.106925324854592,-0.0127,-0.161865095005646),(0.106925324854592,0.0127,
-0.161865095005646),(0.106965,-0.0127,-0.110487),(0.106965,0.0127,-0.110487),
(0.106975,-0.0127,-0.117111),(0.106975,0.0127,-0.117111),(0.107142429794127,
-0.0127,-0.161868807473141),(0.107142429794127,0.0127,-0.161868807473141),
(0.107157,-0.0127,-0.110201),(0.107157,0.0127,-0.110201),(0.107158,-0.0127,
-0.116848),(0.107158,0.0127,-0.116848),(0.107171,-0.0127,-0.044395),(0.107171,
0.0127,-0.044395),(0.107315,-0.0127,-0.116568),(0.107315,0.0127,-0.116568),
(0.107377,-0.0127,-0.109951),(0.107377,0.0127,-0.109951),(0.107439,-0.0127,
-0.11628),(0.107439,0.0127,-0.11628),(0.107462942240228,-0.0127,-0.161887894396636),
(0.107462942240228,0.0127,-0.161887894396636),(0.107527,-0.0127,-0.115989),
(0.107527,0.0127,-0.115989),(0.107547,-0.0127,-0.114846),(0.107547,0.0127,
-0.114846),(0.107548,-0.0127,-0.115124),(0.107548,0.0127,-0.115124),(0.107569,
-0.0127,-0.114592),(0.107569,0.0127,-0.114592),(0.10757,-0.0127,-0.115426),
(0.10757,0.0127,-0.115426),(0.107572,-0.0127,-0.115702),(0.107572,0.0127,
-0.115702),(0.107613,-0.0127,-0.114362),(0.107613,0.0127,-0.114362),(0.107621,
-0.0127,-0.109739),(0.107621,0.0127,-0.109739),(0.107678,-0.0127,-0.114159),
(0.107678,0.0127,-0.114159),(0.107764,-0.0127,-0.113981),(0.107764,0.0127,
-0.113981),(0.107782080159919,-0.0127,-0.161923158074398),(0.107782080159919,
0.0127,-0.161923158074398),(0.107871,-0.0127,-0.113829),(0.107871,0.0127,
-0.113829),(0.107888,-0.0127,-0.109569),(0.107888,0.0127,-0.109569),(0.108,
-0.0127,-0.113703),(0.108,0.0127,-0.113703),(0.108099027613258,-0.0127,
-0.161974508347782),(0.108099027613258,0.0127,-0.161974508347782),(0.108148,
-0.0127,-0.113605),(0.108148,0.0127,-0.113605),(0.108174,-0.0127,-0.109443),
(0.108174,0.0127,-0.109443),(0.108317,-0.0127,-0.113534),(0.108317,0.0127,
-0.113534),(0.108412974260666,-0.0127,-0.16204181392954),(0.108412974260666,
0.0127,-0.16204181392954),(0.108478,-0.0127,-0.109365),(0.108478,0.0127,
-0.109365),(0.108506,-0.0127,-0.113492),(0.108506,0.0127,-0.113492),(0.108714,
-0.0127,-0.113477),(0.108714,0.0127,-0.113477),(0.108723117434726,-0.0127,
-0.162124902739484),(0.108723117434726,0.0127,-0.162124902739484),(0.10876,
-0.0127,-0.043895),(0.10876,0.0127,-0.043895),(0.108797,-0.0127,-0.109339),
(0.108797,0.0127,-0.109339),(0.108958,-0.0127,-0.113454),(0.108958,0.0127,
-0.113454),(0.109028664192363,-0.0127,-0.16222356234445),(0.109028664192363,
0.0127,-0.16222356234445),(0.109052,-0.0127,-0.109334),(0.109052,0.0127,
-0.109334),(0.109195,-0.0127,-0.113387),(0.109195,0.0127,-0.113387),(0.109268,
-0.0127,-0.109317),(0.109268,0.0127,-0.109317),(0.109328833342158,-0.0127,
-0.162337540501415),(0.109328833342158,0.0127,-0.162337540501415),(0.109422,
-0.0127,-0.113277),(0.109422,0.0127,-0.113277),(0.109448,-0.0127,-0.109282),
(0.109448,0.0127,-0.109282),(0.109595,-0.0127,-0.109226),(0.109595,0.0127,
-0.109226),(0.109622857441625,-0.0127,-0.162466545802421),(0.109622857441625,
0.0127,-0.162466545802421),(0.109637,-0.0127,-0.113128),(0.109637,0.0127,
-0.113128),(0.109712,-0.0127,-0.109144),(0.109712,0.0127,-0.109144),(0.109801,
-0.0127,-0.109031),(0.109801,0.0127,-0.109031),(0.109839,-0.0127,-0.112943),
(0.109839,0.0127,-0.112943),(0.109865,-0.0127,-0.108882),(0.109865,0.0127,
-0.108882),(0.10989332747887,0.0127,-0.162601409903836),(0.10989332747887,
-0.0127,-0.162601409903836),(0.109897,-0.0127,-0.107284),(0.109897,0.0127,
-0.107284),(0.1099,-0.0127,-0.10745),(0.1099,0.0127,-0.10745),(0.109906,
-0.0127,-0.108694),(0.109906,0.0127,-0.108694),(0.109911,-0.0127,-0.107122),
(0.109911,0.0127,-0.107122),(0.109922,-0.0127,-0.107844),(0.109922,0.0127,
-0.107844),(0.109928,-0.0127,-0.108461),(0.109928,0.0127,-0.108461),(0.109932,
-0.0127,-0.108179),(0.109932,0.0127,-0.108179),(0.109942,-0.0127,-0.106965),
(0.109942,0.0127,-0.106965),(0.10999,-0.0127,-0.106811),(0.10999,0.0127,
-0.106811),(0.110025,-0.0127,-0.112724),(0.110025,0.0127,-0.112724),(0.110056,
-0.0127,-0.10666),(0.110056,0.0127,-0.10666),(0.110141,-0.0127,-0.10651),
(0.110141,0.0127,-0.10651),(0.110157074113929,-0.0127,-0.162748990659334),
(0.110157074113929,0.0127,-0.162748990659334),(0.110193,-0.0127,-0.112473),
(0.110193,0.0127,-0.112473),(0.110244,-0.0127,-0.106361),(0.110244,0.0127,
-0.106361),(0.110269,-0.0127,-0.043486),(0.110269,0.0127,-0.043486),(0.110341,
-0.0127,-0.112194),(0.110341,0.0127,-0.112194),(0.110367,-0.0127,-0.106212),
(0.110367,0.0127,-0.106212),(0.110468,-0.0127,-0.111889),(0.110468,0.0127,
-0.111889),(0.11051,-0.0127,-0.106062),(0.11051,0.0127,-0.106062),(0.11055258188895,
-0.0127,-0.163003041052865),(0.11055258188895,0.0127,-0.163003041052865),
(0.110571,-0.0127,-0.11156),(0.110571,0.0127,-0.11156),(0.110648,-0.0127,
-0.111211),(0.110648,0.0127,-0.111211),(0.110673,-0.0127,-0.105909),(0.110673,
0.0127,-0.105909),(0.110697,-0.0127,-0.110844),(0.110697,0.0127,-0.110844),
(0.110721,-0.0127,-0.110639),(0.110721,0.0127,-0.110639),(0.110751,-0.0127,
-0.11045),(0.110751,0.0127,-0.11045),(0.110779243114722,-0.0127,-0.163168332276505),
(0.110779243114722,0.0127,-0.163168332276505),(0.110787,-0.0127,-0.110278),
(0.110787,0.0127,-0.110278),(0.11083,-0.0127,-0.110122),(0.11083,0.0127,
-0.110122),(0.110857,-0.0127,-0.105754),(0.110857,0.0127,-0.105754),(0.110879,
-0.0127,-0.109983),(0.110879,0.0127,-0.109983),(0.110934,-0.0127,-0.109861),
(0.110934,0.0127,-0.109861),(0.110996,-0.0127,-0.109756),(0.110996,0.0127,
-0.109756),(0.110998382736478,-0.0127,-0.163343473151396),(0.110998382736478,
0.0127,-0.163343473151396),(0.111062,-0.0127,-0.105596),(0.111062,0.0127,
-0.105596),(0.111063,-0.0127,-0.109669),(0.111063,0.0127,-0.109669),(0.111136,
-0.0127,-0.1096),(0.111136,0.0127,-0.1096),(0.111209573064438,-0.0127,-0.163528121859101),
(0.111209573064438,0.0127,-0.163528121859101),(0.111214,-0.0127,-0.10955),
(0.111214,0.0127,-0.10955),(0.111232,-0.0127,-0.105475),(0.111232,0.0127,
-0.105475),(0.111297,-0.0127,-0.109518),(0.111297,0.0127,-0.109518),(0.111386,
-0.0127,-0.109504),(0.111386,0.0127,-0.109504),(0.111397,-0.0127,-0.105366),
(0.111397,0.0127,-0.105366),(0.111412401923274,-0.0127,-0.163721918024966),
(0.111412401923274,0.0127,-0.163721918024966),(0.111554,-0.0127,-0.105271),
(0.111554,0.0127,-0.105271),(0.111657215176106,-0.0127,-0.163980509549528),
(0.111657215176106,0.0127,-0.163980509549528),(0.111701,-0.0127,-0.109481),
(0.111701,0.0127,-0.109481),(0.111703,-0.0127,-0.10519),(0.111703,0.0127,
-0.10519),(0.111706,-0.0127,-0.04317),(0.111706,0.0127,-0.04317),(0.111736799309143,
0.0127,-0.164075405380598),(0.111741513166703,0.0127,-0.164081026167225),
(0.111751494195219,0.0127,-0.164092927509362),(0.11176706077582,0.0127,
-0.16411148904351),(0.111788489931308,0.0127,-0.164137041090653),(0.111789610621278,
0.0127,-0.164138377397301),(0.111842,-0.0127,-0.105122),(0.111842,0.0127,
-0.105122),(0.111919344830256,-0.0127,-0.164293071996704),(0.111919344830256,
0.0127,-0.164293071996704),(0.11197,-0.0127,-0.10507),(0.11197,0.0127,-0.10507),
(0.112,-0.0127,-0.109436),(0.112,0.0127,-0.109436),(0.112085,-0.0127,-0.105032),
(0.112085,0.0127,-0.105032),(0.112138,-0.0127,-0.096705),(0.112138,-0.0127,
-0.089557),(0.112138,-0.0127,-0.082409),(0.112138,0.0127,-0.096705),(0.112138,
0.0127,-0.089557),(0.112138,0.0127,-0.082409),(0.112151522785127,0.0127,
-0.164609104486972),(0.112160864624514,-0.0127,-0.164621820271151),(0.112160864624514,
0.0127,-0.164621820271151),(0.11217,-0.0127,-0.096737),(0.11217,0.0127,
-0.096737),(0.11217288018144,0.0127,-0.164639696232597),(0.112185,-0.0127,
-0.105011),(0.112185,0.0127,-0.105011),(0.112188248902236,0.0127,-0.164662560812418),
(0.112207102136544,0.0127,-0.164690609424039),(0.112229515546061,-0.0127,
-0.164723954631995),(0.112229515546061,0.0127,-0.164723954631995),(0.112256,
-0.0127,-0.096825),(0.112256,0.0127,-0.096825),(0.112260959699285,0.0127,
-0.164775384389361),(0.11227,-0.0127,-0.105005),(0.11227,0.0127,-0.105005),
(0.112282,-0.0127,-0.109369),(0.112282,0.0127,-0.109369),(0.112338,-0.0127,
-0.105016),(0.112338,0.0127,-0.105016),(0.112386,-0.0127,-0.096958),(0.112386,
0.0127,-0.096958),(0.112388,-0.0127,-0.105045),(0.112388,0.0127,-0.105045),
(0.112417,-0.0127,-0.105091),(0.112417,0.0127,-0.105091),(0.112445,-0.0127,
-0.105154),(0.112445,0.0127,-0.105154),(0.112450396082351,-0.0127,-0.165085224732265),
(0.112450396082351,-0.00571606114785166,-0.165085224732265),(0.112450396082351,
0.0127,-0.165085224732265),(0.112482,-0.0127,-0.105205),(0.112482,0.0127,
-0.105205),(0.11253,-0.0127,-0.105244),(0.11253,0.0127,-0.105244),(0.112547,
-0.0127,-0.10928),(0.112547,0.0127,-0.10928),(0.112549,-0.0127,-0.097124),
(0.112549,0.0127,-0.097124),(0.112589,-0.0127,-0.105272),(0.112589,0.0127,
-0.105272),(0.112659,-0.0127,-0.105287),(0.112659,0.0127,-0.105287),(0.112734,
-0.0127,-0.097312),(0.112734,0.0127,-0.097312),(0.11274,-0.0127,-0.105291),
(0.11274,0.0127,-0.105291),(0.112796,-0.0127,-0.10917),(0.112796,0.0127,
-0.10917),(0.112832,-0.0127,-0.105282),(0.112832,0.0127,-0.105282),(0.112931,
-0.0127,-0.097512),(0.112931,0.0127,-0.097512),(0.112936,-0.0127,-0.105262),
(0.112936,0.0127,-0.105262),(0.113027,-0.0127,-0.109039),(0.113027,0.0127,
-0.109039),(0.113052,-0.0127,-0.10523),(0.113052,0.0127,-0.10523),(0.113081,
-0.0127,-0.042946),(0.113081,0.0127,-0.042946),(0.113127,-0.0127,-0.097712),
(0.113127,0.0127,-0.097712),(0.11318,-0.0127,-0.105186),(0.11318,0.0127,
-0.105186),(0.11324,-0.0127,-0.108888),(0.11324,0.0127,-0.108888),(0.113312,
-0.0127,-0.097901),(0.113312,0.0127,-0.097901),(0.113321,-0.0127,-0.105129),
(0.113321,0.0127,-0.105129),(0.113434,-0.0127,-0.108716),(0.113434,0.0127,
-0.108716),(0.113475,-0.0127,-0.105061),(0.113475,-0.0127,-0.098067),(0.113475,
0.0127,-0.105061),(0.113475,0.0127,-0.098067),(0.113599,-0.0127,-0.104999),
(0.113599,0.0127,-0.104999),(0.113606,-0.0127,-0.0982),(0.113606,0.0127,
-0.0982),(0.113611,-0.0127,-0.108523),(0.113611,0.0127,-0.108523),(0.113692,
-0.0127,-0.098288),(0.113692,0.0127,-0.098288),(0.113715,-0.0127,-0.10493),
(0.113715,0.0127,-0.10493),(0.113723,-0.0127,-0.098319),(0.113723,0.0127,
-0.098319),(0.113768,-0.0127,-0.108311),(0.113768,0.0127,-0.108311),(0.11382,
-0.0127,-0.164656),(0.11382,0.0127,-0.164656),(0.113821,-0.0127,-0.104856),
(0.113821,0.0127,-0.104856),(0.113906,-0.0127,-0.108078),(0.113906,0.0127,
-0.108078),(0.113917,-0.0127,-0.104779),(0.113917,0.0127,-0.104779),(0.113937,
-0.0127,-0.080637),(0.113937,0.0127,-0.080637),(0.114002,-0.0127,-0.104698),
(0.114002,0.0127,-0.104698),(0.114024,-0.0127,-0.107826),(0.114024,0.0127,
-0.107826),(0.114074,-0.0127,-0.104616),(0.114074,0.0127,-0.104616),(0.114083,
-0.0127,-0.098684),(0.114083,0.0127,-0.098684),(0.114084,-0.0127,-0.107672),
(0.114084,0.0127,-0.107672),(0.114134,-0.0127,-0.104533),(0.114134,0.0127,
-0.104533),(0.114138,-0.0127,-0.107515),(0.114138,0.0127,-0.107515),(0.114149,
-0.0127,-0.103804),(0.114149,0.0127,-0.103804),(0.114179,-0.0127,-0.10445),
(0.114179,0.0127,-0.10445),(0.114187,-0.0127,-0.107357),(0.114187,0.0127,
-0.107357),(0.114197,-0.0127,-0.103441),(0.114197,0.0127,-0.103441),(0.114208,
-0.0127,-0.10414),(0.114208,0.0127,-0.10414),(0.114211,-0.0127,-0.104368),
(0.114211,0.0127,-0.104368),(0.114226,-0.0127,-0.104288),(0.114226,-0.0127,
-0.104212),(0.114226,0.0127,-0.104288),(0.114226,0.0127,-0.104212),(0.114229,
-0.0127,-0.1072),(0.114229,0.0127,-0.1072),(0.114264,-0.0127,-0.107047),
(0.114264,0.0127,-0.107047),(0.114265,-0.0127,-0.106064),(0.114265,0.0127,
-0.106064),(0.114268,-0.0127,-0.106141),(0.114268,0.0127,-0.106141),(0.114283,
-0.0127,-0.105995),(0.114283,0.0127,-0.105995),(0.114291,-0.0127,-0.106224),
(0.114291,0.0127,-0.106224),(0.114292,-0.0127,-0.106898),(0.114292,0.0127,
-0.106898),(0.114312,-0.0127,-0.106757),(0.114312,0.0127,-0.106757),(0.114313,
-0.0127,-0.1063),(0.114313,0.0127,-0.1063),(0.114321,-0.0127,-0.105931),
(0.114321,0.0127,-0.105931),(0.114325,-0.0127,-0.106624),(0.114325,-0.0127,
-0.106394),(0.114325,0.0127,-0.106624),(0.114325,0.0127,-0.106394),(0.114329,
-0.0127,-0.106503),(0.114329,0.0127,-0.106503),(0.114338,-0.0127,-0.103065),
(0.114338,0.0127,-0.103065),(0.11438,-0.0127,-0.105874),(0.11438,0.0127,
-0.105874),(0.114395,-0.0127,-0.098989),(0.114395,0.0127,-0.098989),(0.114404,
-0.0127,-0.042814),(0.114404,0.0127,-0.042814),(0.114461,-0.0127,-0.105823),
(0.114461,0.0127,-0.105823),(0.114555,-0.0127,-0.10269),(0.114555,0.0127,
-0.10269),(0.114563,-0.0127,-0.105778),(0.114563,0.0127,-0.105778),(0.114674,
-0.0127,-0.09924),(0.114674,0.0127,-0.09924),(0.114688,-0.0127,-0.105739),
(0.114688,0.0127,-0.105739),(0.114833,-0.0127,-0.10233),(0.114833,0.0127,
-0.10233),(0.114835,-0.0127,-0.105705),(0.114835,0.0127,-0.105705),(0.114932,
-0.0127,-0.099443),(0.114932,0.0127,-0.099443),(0.115004,-0.0127,-0.105677),
(0.115004,0.0127,-0.105677),(0.115158,-0.0127,-0.101999),(0.115158,0.0127,
-0.101999),(0.115185,-0.0127,-0.099603),(0.115185,0.0127,-0.099603),(0.115197,
-0.0127,-0.105654),(0.115197,0.0127,-0.105654),(0.115412,-0.0127,-0.105637),
(0.115412,0.0127,-0.105637),(0.115446,-0.0127,-0.099726),(0.115446,0.0127,
-0.099726),(0.115512,-0.0127,-0.101712),(0.115512,0.0127,-0.101712),(0.115598,
-0.0127,-0.105618),(0.115598,0.0127,-0.105618),(0.115621,-0.0127,-0.163815),
(0.115621,0.0127,-0.163815),(0.115684,-0.0127,-0.042775),(0.115684,0.0127,
-0.042775),(0.115728,-0.0127,-0.099816),(0.115728,0.0127,-0.099816),(0.11574,
-0.0127,-0.078865),(0.11574,0.0127,-0.078865),(0.115795,-0.0127,-0.105587),
(0.115795,0.0127,-0.105587),(0.115881,-0.0127,-0.101482),(0.115881,0.0127,
-0.101482),(0.115999,-0.0127,-0.105545),(0.115999,0.0127,-0.105545),(0.116047,
-0.0127,-0.09988),(0.116047,0.0127,-0.09988),(0.116209,-0.0127,-0.105492),
(0.116209,0.0127,-0.105492),(0.11625,-0.0127,-0.101323),(0.11625,0.0127,
-0.101323),(0.116415,-0.0127,-0.099923),(0.116415,0.0127,-0.099923),(0.11642,
-0.0127,-0.10543),(0.11642,0.0127,-0.10543),(0.116602,-0.0127,-0.101251),
(0.116602,0.0127,-0.101251),(0.116631,-0.0127,-0.10536),(0.116631,0.0127,
-0.10536),(0.116838,-0.0127,-0.105282),(0.116838,0.0127,-0.105282),(0.116846,
-0.0127,-0.09995),(0.116846,0.0127,-0.09995),(0.116923,-0.0127,-0.101278),
(0.116923,0.0127,-0.101278),(0.116931,-0.0127,-0.042827),(0.116931,0.0127,
-0.042827),(0.117039,-0.0127,-0.105198),(0.117039,0.0127,-0.105198),(0.117196,
-0.0127,-0.101419),(0.117196,0.0127,-0.101419),(0.117231,-0.0127,-0.105109),
(0.117231,0.0127,-0.105109),(0.117299,-0.0127,-0.101499),(0.117299,0.0127,
-0.101499),(0.117324,-0.0127,-0.16273),(0.117324,0.0127,-0.16273),(0.117356,
-0.0127,-0.099967),(0.117356,0.0127,-0.099967),(0.117398,-0.0127,-0.101561),
(0.117398,0.0127,-0.101561),(0.117411,-0.0127,-0.105016),(0.117411,0.0127,
-0.105016),(0.117493,-0.0127,-0.101605),(0.117493,0.0127,-0.101605),(0.117576,
-0.0127,-0.104919),(0.117576,0.0127,-0.104919),(0.117586,-0.0127,-0.10163),
(0.117586,0.0127,-0.10163),(0.11768,-0.0127,-0.101636),(0.11768,0.0127,
-0.101636),(0.117723,-0.0127,-0.10482),(0.117723,0.0127,-0.10482),(0.117764,
-0.0127,-0.09508),(0.117764,0.0127,-0.09508),(0.117775,-0.0127,-0.101623),
(0.117775,0.0127,-0.101623),(0.117866,-0.0127,-0.089512),(0.117866,0.0127,
-0.089512),(0.117874,-0.0127,-0.101591),(0.117874,0.0127,-0.101591),(0.117921,
-0.0127,-0.104683),(0.117921,0.0127,-0.104683),(0.117956,-0.0127,-0.099978),
(0.117956,0.0127,-0.099978),(0.117971,-0.0127,-0.083944),(0.117971,0.0127,
-0.083944),(0.117977,-0.0127,-0.101539),(0.117977,0.0127,-0.101539),(0.118012,
-0.0127,-0.083944),(0.118012,0.0127,-0.083944),(0.118088,-0.0127,-0.101466),
(0.118088,0.0127,-0.101466),(0.118107,-0.0127,-0.104566),(0.118107,0.0127,
-0.104566),(0.118125,-0.0127,-0.083944),(0.118125,0.0127,-0.083944),(0.118152,
-0.0127,-0.042972),(0.118152,0.0127,-0.042972),(0.118207,-0.0127,-0.101372),
(0.118207,0.0127,-0.101372),(0.118285,-0.0127,-0.10447),(0.118285,0.0127,
-0.10447),(0.118295,-0.0127,-0.083944),(0.118295,0.0127,-0.083944),(0.118308,
-0.0127,-0.099986),(0.118308,0.0127,-0.099986),(0.118335,-0.0127,-0.101258),
(0.118335,0.0127,-0.101258),(0.118459,-0.0127,-0.104394),(0.118459,0.0127,
-0.104394),(0.118476,-0.0127,-0.101122),(0.118476,0.0127,-0.101122),(0.118508,
-0.0127,-0.083944),(0.118508,0.0127,-0.083944),(0.118583,-0.0127,-0.10102),
(0.118583,0.0127,-0.10102),(0.118632,-0.0127,-0.104337),(0.118632,0.0127,
-0.104337),(0.118633,-0.0127,-0.099996),(0.118633,0.0127,-0.099996),(0.118698,
-0.0127,-0.100918),(0.118698,0.0127,-0.100918),(0.11875,-0.0127,-0.083944),
(0.11875,0.0127,-0.083944),(0.11881,-0.0127,-0.104298),(0.11881,0.0127,
-0.104298),(0.11882,-0.0127,-0.100819),(0.11882,0.0127,-0.100819),(0.118918,
-0.0127,-0.161401),(0.118918,0.0127,-0.161401),(0.11893,-0.0127,-0.100009),
(0.11893,0.0127,-0.100009),(0.118946,-0.0127,-0.100723),(0.118946,0.0127,
-0.100723),(0.118994,-0.0127,-0.104278),(0.118994,0.0127,-0.104278),(0.119006,
-0.0127,-0.083944),(0.119006,0.0127,-0.083944),(0.119075,-0.0127,-0.100631),
(0.119075,0.0127,-0.100631),(0.11919,-0.0127,-0.104275),(0.11919,0.0127,
-0.104275),(0.119195,-0.0127,-0.100024),(0.119195,0.0127,-0.100024),(0.119206,
-0.0127,-0.100544),(0.119206,0.0127,-0.100544),(0.119262,-0.0127,-0.083944),
(0.119262,0.0127,-0.083944),(0.119335,-0.0127,-0.100464),(0.119335,0.0127,
-0.100464),(0.119359,-0.0127,-0.04321),(0.119359,0.0127,-0.04321),(0.1194,
-0.0127,-0.104289),(0.1194,0.0127,-0.104289),(0.119427,-0.0127,-0.100042),
(0.119427,0.0127,-0.100042),(0.119463,-0.0127,-0.100392),(0.119463,0.0127,
-0.100392),(0.119504,-0.0127,-0.083944),(0.119504,0.0127,-0.083944),(0.119586,
-0.0127,-0.100328),(0.119586,0.0127,-0.100328),(0.119623,-0.0127,-0.100061),
(0.119623,0.0127,-0.100061),(0.11963,-0.0127,-0.104319),(0.11963,0.0127,
-0.104319),(0.119703,-0.0127,-0.100274),(0.119703,0.0127,-0.100274),(0.119718,
-0.0127,-0.083944),(0.119718,0.0127,-0.083944),(0.119781,-0.0127,-0.100082),
(0.119781,0.0127,-0.100082),(0.119813,-0.0127,-0.100231),(0.119813,0.0127,
-0.100231),(0.119882,-0.0127,-0.104365),(0.119882,0.0127,-0.104365),(0.119888,
-0.0127,-0.083944),(0.119888,0.0127,-0.083944),(0.119898,-0.0127,-0.100104),
(0.119898,0.0127,-0.100104),(0.119913,-0.0127,-0.100201),(0.119913,0.0127,
-0.100201),(0.119936,-0.0127,-0.094967),(0.119936,0.0127,-0.094967),(0.119972,
-0.0127,-0.100128),(0.119972,0.0127,-0.100128),(0.119982,-0.0127,-0.100176),
(0.119982,0.0127,-0.100176),(0.12,-0.0127,-0.083944),(0.12,0.0127,-0.083944),
(0.120001,-0.0127,-0.100152),(0.120001,0.0127,-0.100152),(0.120041,-0.0127,
-0.083944),(0.120041,0.0127,-0.083944),(0.120161,-0.0127,-0.104425),(0.120161,
0.0127,-0.104425),(0.120278,-0.0127,-0.078865),(0.120278,0.0127,-0.078865),
(0.120363,-0.0127,-0.104475),(0.120363,0.0127,-0.104475),(0.120393,-0.0127,
-0.159833),(0.120393,0.0127,-0.159833),(0.120513,-0.0127,-0.083945),(0.120513,
0.0127,-0.083945),(0.120561,-0.0127,-0.04354),(0.120561,0.0127,-0.04354),
(0.120568,-0.0127,-0.104534),(0.120568,0.0127,-0.104534),(0.120774,-0.0127,
-0.104601),(0.120774,0.0127,-0.104601),(0.120794,-0.0127,-0.090528),(0.120794,
-0.0127,-0.088225),(0.120794,0.0127,-0.090528),(0.120794,0.0127,-0.088225),
(0.120795,-0.0127,-0.087732),(0.120795,0.0127,-0.087732),(0.120801,-0.0127,
-0.087315),(0.120801,0.0127,-0.087315),(0.120814,-0.0127,-0.08697),(0.120814,
0.0127,-0.08697),(0.120835,-0.0127,-0.08669),(0.120835,0.0127,-0.08669),
(0.120867,-0.0127,-0.086471),(0.120867,0.0127,-0.086471),(0.120907,-0.0127,
-0.08395),(0.120907,0.0127,-0.08395),(0.120912,-0.0127,-0.086305),(0.120912,
0.0127,-0.086305),(0.120971,-0.0127,-0.086188),(0.120971,0.0127,-0.086188),
(0.120978,-0.0127,-0.104674),(0.120978,0.0127,-0.104674),(0.121048,-0.0127,
-0.086113),(0.121048,0.0127,-0.086113),(0.121144,-0.0127,-0.086076),(0.121144,
0.0127,-0.086076),(0.121179,-0.0127,-0.104752),(0.121179,0.0127,-0.104752),
(0.121228,-0.0127,-0.100353),(0.121228,0.0127,-0.100353),(0.12123,-0.0127,
-0.100464),(0.12123,0.0127,-0.100464),(0.121231,-0.0127,-0.083964),(0.121231,
0.0127,-0.083964),(0.121247,-0.0127,-0.100258),(0.121247,0.0127,-0.100258),
(0.121249,-0.0127,-0.100592),(0.121249,0.0127,-0.100592),(0.121262,-0.0127,
-0.086069),(0.121262,0.0127,-0.086069),(0.121274,-0.0127,-0.100685),(0.121274,
0.0127,-0.100685),(0.121288,-0.0127,-0.100177),(0.121288,0.0127,-0.100177),
(0.121308,-0.0127,-0.100771),(0.121308,0.0127,-0.100771),(0.121352,-0.0127,
-0.100849),(0.121352,0.0127,-0.100849),(0.121355,-0.0127,-0.10011),(0.121355,
0.0127,-0.10011),(0.121374,-0.0127,-0.104835),(0.121374,0.0127,-0.104835),
(0.121403,-0.0127,-0.086088),(0.121403,0.0127,-0.086088),(0.121405,-0.0127,
-0.10092),(0.121405,0.0127,-0.10092),(0.12145,-0.0127,-0.100055),(0.12145,
0.0127,-0.100055),(0.121465,-0.0127,-0.100981),(0.121465,0.0127,-0.100981),
(0.121493,-0.0127,-0.08399),(0.121493,0.0127,-0.08399),(0.121532,-0.0127,
-0.101034),(0.121532,0.0127,-0.101034),(0.121559,-0.0127,-0.104921),(0.121559,
0.0127,-0.104921),(0.121569,-0.0127,-0.086126),(0.121569,0.0127,-0.086126),
(0.121575,-0.0127,-0.100011),(0.121575,0.0127,-0.100011),(0.121606,-0.0127,
-0.101077),(0.121606,0.0127,-0.101077),(0.121685,-0.0127,-0.10111),(0.121685,
0.0127,-0.10111),(0.1217,-0.0127,-0.084033),(0.1217,0.0127,-0.084033),(0.121726,
-0.0127,-0.086164),(0.121726,0.0127,-0.086164),(0.121733,-0.0127,-0.105008),
(0.121733,-0.0127,-0.099977),(0.121733,0.0127,-0.105008),(0.121733,0.0127,
-0.099977),(0.121738,-0.0127,-0.158026),(0.121738,0.0127,-0.158026),(0.121766,
-0.0127,-0.043963),(0.121766,0.0127,-0.043963),(0.12177,-0.0127,-0.101133),
(0.12177,0.0127,-0.101133),(0.121859,-0.0127,-0.101146),(0.121859,-0.0127,
-0.084097),(0.121859,0.0127,-0.101146),(0.121859,0.0127,-0.084097),(0.12186,
-0.0127,-0.086186),(0.12186,0.0127,-0.086186),(0.121892,-0.0127,-0.105097),
(0.121892,0.0127,-0.105097),(0.121926,-0.0127,-0.099952),(0.121926,0.0127,
-0.099952),(0.121951,-0.0127,-0.101147),(0.121951,0.0127,-0.101147),(0.121972,
-0.0127,-0.086192),(0.121972,0.0127,-0.086192),(0.121978,-0.0127,-0.084185),
(0.121978,0.0127,-0.084185),(0.122035,-0.0127,-0.105185),(0.122035,0.0127,
-0.105185),(0.122047,-0.0127,-0.101137),(0.122047,0.0127,-0.101137),(0.122063,
-0.0127,-0.086179),(0.122063,0.0127,-0.086179),(0.122064,-0.0127,-0.084302),
(0.122064,0.0127,-0.084302),(0.122111,-0.0127,-0.094854),(0.122111,0.0127,
-0.094854),(0.122123,-0.0127,-0.15746),(0.122123,0.0127,-0.15746),(0.122125,
-0.0127,-0.084452),(0.122125,0.0127,-0.084452),(0.122136,-0.0127,-0.086145),
(0.122136,0.0127,-0.086145),(0.122157,-0.0127,-0.099934),(0.122157,0.0127,
-0.099934),(0.122159,-0.0127,-0.105271),(0.122159,0.0127,-0.105271),(0.122167,
-0.0127,-0.084638),(0.122167,0.0127,-0.084638),(0.12219,-0.0127,-0.086088),
(0.12219,0.0127,-0.086088),(0.122199,-0.0127,-0.084865),(0.122199,0.0127,
-0.084865),(0.122227,-0.0127,-0.093443),(0.122227,-0.0127,-0.085136),(0.122227,
0.0127,-0.093443),(0.122227,0.0127,-0.085136),(0.122229,-0.0127,-0.086006),
(0.122229,0.0127,-0.086006),(0.122249,-0.0127,-0.085378),(0.122249,0.0127,
-0.085378),(0.122252,-0.0127,-0.085895),(0.122252,0.0127,-0.085895),(0.122261,
-0.0127,-0.105355),(0.122261,-0.0127,-0.085584),(0.122261,0.0127,-0.105355),
(0.122261,0.0127,-0.085584),(0.122263,-0.0127,-0.085755),(0.122263,0.0127,
-0.085755),(0.122275,-0.0127,-0.101133),(0.122275,0.0127,-0.101133),(0.122344,
-0.0127,-0.092033),(0.122344,0.0127,-0.092033),(0.122354,-0.0127,-0.105436),
(0.122354,0.0127,-0.105436),(0.122428,-0.0127,-0.099924),(0.122428,0.0127,
-0.099924),(0.12245,-0.0127,-0.105514),(0.12245,0.0127,-0.105514),(0.122475,
-0.0127,-0.156974),(0.122475,0.0127,-0.156974),(0.122511,-0.0127,-0.101191),
(0.122511,0.0127,-0.101191),(0.122547,-0.0127,-0.105588),(0.122547,0.0127,
-0.105588),(0.122645,-0.0127,-0.105657),(0.122645,0.0127,-0.105657),(0.122741,
-0.0127,-0.105721),(0.122741,0.0127,-0.105721),(0.122743,-0.0127,-0.099918),
(0.122743,0.0127,-0.099918),(0.122751,-0.0127,-0.101306),(0.122751,0.0127,
-0.101306),(0.122803,-0.0127,-0.156564),(0.122803,0.0127,-0.156564),(0.122835,
-0.0127,-0.105778),(0.122835,0.0127,-0.105778),(0.122926,-0.0127,-0.105828),
(0.122926,0.0127,-0.105828),(0.122984,-0.0127,-0.044478),(0.122984,0.0127,
-0.044478),(0.122988,-0.0127,-0.101471),(0.122988,0.0127,-0.101471),(0.123013,
-0.0127,-0.105871),(0.123013,0.0127,-0.105871),(0.123072,-0.0127,-0.09991),
(0.123072,0.0127,-0.09991),(0.123094,-0.0127,-0.105906),(0.123094,0.0127,
-0.105906),(0.123119,-0.0127,-0.156221),(0.123119,0.0127,-0.156221),(0.123167,
-0.0127,-0.105932),(0.123167,0.0127,-0.105932),(0.123218,-0.0127,-0.101679),
(0.123218,0.0127,-0.101679),(0.123233,-0.0127,-0.105947),(0.123233,0.0127,
-0.105947),(0.123288,-0.0127,-0.105953),(0.123288,0.0127,-0.105953),(0.123291,
-0.0127,-0.044614),(0.123291,0.0127,-0.044614),(0.123336,-0.0127,-0.105964),
(0.123336,0.0127,-0.105964),(0.123371,-0.0127,-0.099889),(0.123371,0.0127,
-0.099889),(0.123379,-0.0127,-0.105998),(0.123379,0.0127,-0.105998),(0.123418,
-0.0127,-0.106053),(0.123418,0.0127,-0.106053),(0.123431,-0.0127,-0.155942),
(0.123431,0.0127,-0.155942),(0.123435,-0.0127,-0.101924),(0.123435,0.0127,
-0.101924),(0.123451,-0.0127,-0.106127),(0.123451,0.0127,-0.106127),(0.123468,
-0.0127,-0.107713),(0.123468,0.0127,-0.107713),(0.123475,-0.0127,-0.107922),
(0.123475,0.0127,-0.107922),(0.123478,-0.0127,-0.107482),(0.123478,0.0127,
-0.107482),(0.123479,-0.0127,-0.106219),(0.123479,0.0127,-0.106219),(0.123502,
-0.0127,-0.108113),(0.123502,-0.0127,-0.106326),(0.123502,0.0127,-0.108113),
(0.123502,0.0127,-0.106326),(0.123503,-0.0127,-0.107225),(0.123503,0.0127,
-0.107225),(0.123518,-0.0127,-0.106449),(0.123518,0.0127,-0.106449),(0.12352,
-0.0127,-0.107053),(0.12352,0.0127,-0.107053),(0.123528,-0.0127,-0.106584),
(0.123528,0.0127,-0.106584),(0.12353,-0.0127,-0.106887),(0.12353,0.0127,
-0.106887),(0.123532,-0.0127,-0.106731),(0.123532,0.0127,-0.106731),(0.123549,
-0.0127,-0.108291),(0.123549,0.0127,-0.108291),(0.12359,-0.0127,-0.044737),
(0.12359,0.0127,-0.044737),(0.123621,-0.0127,-0.10846),(0.123621,0.0127,
-0.10846),(0.123634,-0.0127,-0.102199),(0.123634,0.0127,-0.102199),(0.123646,
-0.0127,-0.099852),(0.123646,0.0127,-0.099852),(0.123719,-0.0127,-0.108626),
(0.123719,0.0127,-0.108626),(0.12375,-0.0127,-0.155719),(0.12375,0.0127,
-0.155719),(0.12381,-0.0127,-0.102496),(0.12381,0.0127,-0.102496),(0.123846,
-0.0127,-0.108792),(0.123846,0.0127,-0.108792),(0.123881,-0.0127,-0.044846),
(0.123881,0.0127,-0.044846),(0.123904,-0.0127,-0.099795),(0.123904,0.0127,
-0.099795),(0.123956,-0.0127,-0.102811),(0.123956,0.0127,-0.102811),(0.124003,
-0.0127,-0.108964),(0.124003,0.0127,-0.108964),(0.124068,-0.0127,-0.103135),
(0.124068,0.0127,-0.103135),(0.124086,-0.0127,-0.155547),(0.124086,0.0127,
-0.155547),(0.124141,-0.0127,-0.103462),(0.124141,0.0127,-0.103462),(0.124153,
-0.0127,-0.099716),(0.124153,0.0127,-0.099716),(0.124161,-0.0127,-0.044942),
(0.124161,0.0127,-0.044942),(0.124169,-0.0127,-0.103786),(0.124169,0.0127,
-0.103786),(0.124177,-0.0127,-0.103979),(0.124177,0.0127,-0.103979),(0.124194,
-0.0127,-0.109145),(0.124194,0.0127,-0.109145),(0.124198,-0.0127,-0.104155),
(0.124198,0.0127,-0.104155),(0.124233,-0.0127,-0.104314),(0.124233,0.0127,
-0.104314),(0.124285,-0.0127,-0.104459),(0.124285,0.0127,-0.104459),(0.124354,
-0.0127,-0.104593),(0.124354,0.0127,-0.104593),(0.124369,-0.0127,-0.090528),
(0.124369,0.0127,-0.090528),(0.124397,-0.0127,-0.099611),(0.124397,0.0127,
-0.099611),(0.12442,-0.0127,-0.109342),(0.12442,0.0127,-0.109342),(0.124428,
-0.0127,-0.045024),(0.124428,0.0127,-0.045024),(0.124443,-0.0127,-0.104716),
(0.124443,0.0127,-0.104716),(0.124449,-0.0127,-0.15542),(0.124449,0.0127,
-0.15542),(0.124554,-0.0127,-0.104831),(0.124554,0.0127,-0.104831),(0.124645,
-0.0127,-0.099477),(0.124645,0.0127,-0.099477),(0.124681,-0.0127,-0.045092),
(0.124681,0.0127,-0.045092),(0.124685,-0.0127,-0.109557),(0.124685,0.0127,
-0.109557),(0.124687,-0.0127,-0.104941),(0.124687,0.0127,-0.104941),(0.124816,
-0.0127,-0.078865),(0.124816,0.0127,-0.078865),(0.124845,-0.0127,-0.105046),
(0.124845,0.0127,-0.105046),(0.124849,-0.0127,-0.155332),(0.124849,0.0127,
-0.155332),(0.124901,-0.0127,-0.099311),(0.124901,0.0127,-0.099311),(0.124919,
-0.0127,-0.045145),(0.124919,0.0127,-0.045145),(0.124933,-0.0127,-0.10976),
(0.124933,0.0127,-0.10976),(0.125029,-0.0127,-0.10515),(0.125029,0.0127,
-0.10515),(0.125139,-0.0127,-0.045182),(0.125139,0.0127,-0.045182),(0.125144,
-0.0127,-0.092033),(0.125144,0.0127,-0.092033),(0.125146,-0.0127,-0.109943),
(0.125146,0.0127,-0.109943),(0.125174,-0.0127,-0.099109),(0.125174,0.0127,
-0.099109),(0.125241,-0.0127,-0.105253),(0.125241,0.0127,-0.105253),(0.125295,
-0.0127,-0.155276),(0.125295,0.0127,-0.155276),(0.125325,-0.0127,-0.11011),
(0.125325,0.0127,-0.11011),(0.125341,-0.0127,-0.045204),(0.125341,0.0127,
-0.045204),(0.12547,-0.0127,-0.098869),(0.12547,0.0127,-0.098869),(0.125472,
-0.0127,-0.110263),(0.125472,0.0127,-0.110263),(0.125482,-0.0127,-0.105359),
(0.125482,0.0127,-0.105359),(0.125522,-0.0127,-0.045209),(0.125522,0.0127,
-0.045209),(0.125538,-0.0127,-0.111763),(0.125538,0.0127,-0.111763),(0.12555,
-0.0127,-0.112048),(0.12555,0.0127,-0.112048),(0.125569,-0.0127,-0.111508),
(0.125569,0.0127,-0.111508),(0.125588,-0.0127,-0.110405),(0.125588,0.0127,
-0.110405),(0.125603,-0.0127,-0.112352),(0.125603,0.0127,-0.112352),(0.125648,
-0.0127,-0.111291),(0.125648,0.0127,-0.111291),(0.125674,-0.0127,-0.110539),
(0.125674,0.0127,-0.110539),(0.125682,-0.0127,-0.045198),(0.125682,0.0127,
-0.045198),(0.125691,-0.0127,-0.112666),(0.125691,0.0127,-0.112666),(0.12571,
-0.0127,-0.111159),(0.12571,0.0127,-0.111159),(0.125732,-0.0127,-0.110665),
(0.125732,0.0127,-0.110665),(0.125751,-0.0127,-0.111033),(0.125751,0.0127,
-0.111033),(0.125764,-0.0127,-0.110788),(0.125764,0.0127,-0.110788),(0.125769,
-0.0127,-0.11091),(0.125769,0.0127,-0.11091),(0.125795,-0.0127,-0.098586),
(0.125795,0.0127,-0.098586),(0.125797,-0.0127,-0.155247),(0.125797,0.0127,
-0.155247),(0.12581,-0.0127,-0.112981),(0.12581,0.0127,-0.112981),(0.125817,
-0.0127,-0.105519),(0.125817,-0.0127,-0.04517),(0.125817,0.0127,-0.105519),
(0.125817,0.0127,-0.04517),(0.125957,-0.0127,-0.113287),(0.125957,0.0127,
-0.113287),(0.125968,-0.0127,-0.045118),(0.125968,0.0127,-0.045118),(0.126062,
-0.0127,-0.133729),(0.126062,0.0127,-0.133729),(0.126071,-0.0127,-0.133622),
(0.126071,0.0127,-0.133622),(0.126081,-0.0127,-0.133971),(0.126081,0.0127,
-0.133971),(0.126099,-0.0127,-0.133501),(0.126099,0.0127,-0.133501),(0.126116,
-0.0127,-0.105704),(0.126116,0.0127,-0.105704),(0.126127,-0.0127,-0.113575),
(0.126127,0.0127,-0.113575),(0.126135,-0.0127,-0.134198),(0.126135,0.0127,
-0.134198),(0.126142,-0.0127,-0.133368),(0.126142,0.0127,-0.133368),(0.126156,
-0.0127,-0.098259),(0.126156,0.0127,-0.098259),(0.126193,-0.0127,-0.04503),
(0.126193,0.0127,-0.04503),(0.126202,-0.0127,-0.133225),(0.126202,0.0127,
-0.133225),(0.126222,-0.0127,-0.134407),(0.126222,0.0127,-0.134407),(0.126275,
-0.0127,-0.133075),(0.126275,0.0127,-0.133075),(0.126316,-0.0127,-0.113834),
(0.126316,0.0127,-0.113834),(0.126339,-0.0127,-0.134596),(0.126339,0.0127,
-0.134596),(0.126361,-0.0127,-0.13292),(0.126361,0.0127,-0.13292),(0.126367,
-0.0127,-0.155238),(0.126367,0.0127,-0.155238),(0.126378,-0.0127,-0.105913),
(0.126378,0.0127,-0.105913),(0.126382,-0.0127,-0.08058),(0.126382,0.0127,
-0.08058),(0.126459,-0.0127,-0.132761),(0.126459,0.0127,-0.132761),(0.126481,
-0.0127,-0.134763),(0.126481,0.0127,-0.134763),(0.126487,-0.0127,-0.044906),
(0.126487,0.0127,-0.044906),(0.12652,-0.0127,-0.114055),(0.12652,0.0127,
-0.114055),(0.12656,-0.0127,-0.097885),(0.12656,0.0127,-0.097885),(0.126567,
-0.0127,-0.132601),(0.126567,0.0127,-0.132601),(0.126603,-0.0127,-0.106145),
(0.126603,0.0127,-0.106145),(0.126646,-0.0127,-0.134906),(0.126646,0.0127,
-0.134906),(0.126684,-0.0127,-0.132442),(0.126684,0.0127,-0.132442),(0.126736,
-0.0127,-0.114229),(0.126736,0.0127,-0.114229),(0.126791,-0.0127,-0.1064),
(0.126791,0.0127,-0.1064),(0.126809,-0.0127,-0.132286),(0.126809,0.0127,
-0.132286),(0.126831,-0.0127,-0.135021),(0.126831,0.0127,-0.135021),(0.126843,
-0.0127,-0.044752),(0.126843,0.0127,-0.044752),(0.12689,-0.0127,-0.155226),
(0.12689,0.0127,-0.155226),(0.126899,-0.0127,-0.097562),(0.126899,0.0127,
-0.097562),(0.126941,-0.0127,-0.132135),(0.126941,-0.0127,-0.106677),(0.126941,
0.0127,-0.132135),(0.126941,0.0127,-0.106677),(0.126957,-0.0127,-0.114346),
(0.126957,0.0127,-0.114346),(0.12697,-0.0127,-0.10921),(0.12697,0.0127,
-0.10921),(0.126972,-0.0127,-0.109337),(0.126972,0.0127,-0.109337),(0.12698,
-0.0127,-0.109072),(0.12698,0.0127,-0.109072),(0.126989,-0.0127,-0.109454),
(0.126989,0.0127,-0.109454),(0.127004,-0.0127,-0.108922),(0.127004,0.0127,
-0.108922),(0.127019,-0.0127,-0.109561),(0.127019,0.0127,-0.109561),(0.127032,
-0.0127,-0.135108),(0.127032,0.0127,-0.135108),(0.12704,-0.0127,-0.10876),
(0.12704,0.0127,-0.10876),(0.127051,-0.0127,-0.114392),(0.127051,0.0127,
-0.114392),(0.127054,-0.0127,-0.106975),(0.127054,0.0127,-0.106975),(0.127064,
-0.0127,-0.109661),(0.127064,0.0127,-0.109661),(0.127078,-0.0127,-0.131991),
(0.127078,0.0127,-0.131991),(0.127121,-0.0127,-0.108366),(0.127121,0.0127,
-0.108366),(0.127123,-0.0127,-0.109752),(0.127123,0.0127,-0.109752),(0.127129,
-0.0127,-0.107293),(0.127129,0.0127,-0.107293),(0.127132,-0.0127,-0.11445),
(0.127132,0.0127,-0.11445),(0.127163,-0.0127,-0.107989),(0.127163,0.0127,
-0.107989),(0.127165,-0.0127,-0.107632),(0.127165,0.0127,-0.107632),(0.127177,
-0.0127,-0.097278),(0.127177,0.0127,-0.097278),(0.127197,-0.0127,-0.109837),
(0.127197,0.0127,-0.109837),(0.1272,-0.0127,-0.114524),(0.1272,0.0127,-0.114524),
(0.127231,-0.0127,-0.116874),(0.127231,0.0127,-0.116874),(0.12724,-0.0127,
-0.117089),(0.12724,-0.0127,-0.116634),(0.12724,0.0127,-0.117089),(0.12724,
0.0127,-0.116634),(0.127246,-0.0127,-0.135163),(0.127246,0.0127,-0.135163),
(0.127254,-0.0127,-0.044568),(0.127254,0.0127,-0.044568),(0.127256,-0.0127,
-0.131807),(0.127256,0.0127,-0.131807),(0.127257,-0.0127,-0.114614),(0.127257,
0.0127,-0.114614),(0.127263,-0.0127,-0.116365),(0.127263,0.0127,-0.116365),
(0.127267,-0.0127,-0.117284),(0.127267,0.0127,-0.117284),(0.127287,-0.0127,
-0.109916),(0.127287,0.0127,-0.109916),(0.1273,-0.0127,-0.116062),(0.1273,
0.0127,-0.116062),(0.127302,-0.0127,-0.114721),(0.127302,0.0127,-0.114721),
(0.127314,-0.0127,-0.117464),(0.127314,0.0127,-0.117464),(0.127332,-0.0127,
-0.115799),(0.127332,0.0127,-0.115799),(0.127335,-0.0127,-0.114847),(0.127335,
0.0127,-0.114847),(0.127351,-0.0127,-0.155187),(0.127351,0.0127,-0.155187),
(0.127354,-0.0127,-0.115562),(0.127354,0.0127,-0.115562),(0.127356,-0.0127,
-0.114993),(0.127356,0.0127,-0.114993),(0.127366,-0.0127,-0.115349),(0.127366,
0.0127,-0.115349),(0.127367,-0.0127,-0.11516),(0.127367,0.0127,-0.11516),
(0.127383,-0.0127,-0.117634),(0.127383,0.0127,-0.117634),(0.127393,-0.0127,
-0.109991),(0.127393,0.0127,-0.109991),(0.1274,-0.0127,-0.09702),(0.1274,
0.0127,-0.09702),(0.127412,-0.0127,-0.131627),(0.127412,0.0127,-0.131627),
(0.12747,-0.0127,-0.135184),(0.12747,0.0127,-0.135184),(0.127475,-0.0127,
-0.117798),(0.127475,0.0127,-0.117798),(0.127514,-0.0127,-0.110061),(0.127514,
0.0127,-0.110061),(0.127549,-0.0127,-0.131452),(0.127549,0.0127,-0.131452),
(0.127576,-0.0127,-0.096774),(0.127576,0.0127,-0.096774),(0.127591,-0.0127,
-0.117962),(0.127591,0.0127,-0.117962),(0.127611,-0.0127,-0.110111),(0.127611,
0.0127,-0.110111),(0.127667,-0.0127,-0.131279),(0.127667,0.0127,-0.131279),
(0.127701,-0.0127,-0.135168),(0.127701,0.0127,-0.135168),(0.127708,-0.0127,
-0.110156),(0.127708,0.0127,-0.110156),(0.127709,-0.0127,-0.096528),(0.127709,
0.0127,-0.096528),(0.127715,-0.0127,-0.04436),(0.127715,0.0127,-0.04436),
(0.127734,-0.0127,-0.11813),(0.127734,0.0127,-0.11813),(0.12775,-0.0127,
-0.15512),(0.12775,0.0127,-0.15512),(0.127766,-0.0127,-0.131107),(0.127766,
0.0127,-0.131107),(0.127803,-0.0127,-0.110195),(0.127803,0.0127,-0.110195),
(0.127805,-0.0127,-0.09627),(0.127805,0.0127,-0.09627),(0.127847,-0.0127,
-0.130934),(0.127847,0.0127,-0.130934),(0.12787,-0.0127,-0.095984),(0.12787,
0.0127,-0.095984),(0.127895,-0.0127,-0.110228),(0.127895,0.0127,-0.110228),
(0.127905,-0.0127,-0.118306),(0.127905,0.0127,-0.118306),(0.127911,-0.0127,
-0.130758),(0.127911,-0.0127,-0.09566),(0.127911,0.0127,-0.130758),(0.127911,
0.0127,-0.09566),(0.127933,-0.0127,-0.095284),(0.127933,0.0127,-0.095284),
(0.127936,-0.0127,-0.135114),(0.127936,0.0127,-0.135114),(0.127942,-0.0127,
-0.094843),(0.127942,0.0127,-0.094843),(0.127943,-0.0127,-0.094324),(0.127943,
-0.0127,-0.092033),(0.127943,-0.0127,-0.090528),(0.127943,-0.0127,-0.086412),
(0.127943,-0.0127,-0.0823),(0.127943,0.0127,-0.094324),(0.127943,0.0127,
-0.092033),(0.127943,0.0127,-0.090528),(0.127943,0.0127,-0.086412),(0.127943,
0.0127,-0.0823),(0.127958,-0.0127,-0.130578),(0.127958,0.0127,-0.130578),
(0.12798,-0.0127,-0.129417),(0.12798,0.0127,-0.129417),(0.127981,-0.0127,
-0.129595),(0.127981,0.0127,-0.129595),(0.127984,-0.0127,-0.110255),(0.127984,
0.0127,-0.110255),(0.127988,-0.0127,-0.12925),(0.127988,0.0127,-0.12925),
(0.127989,-0.0127,-0.130392),(0.127989,0.0127,-0.130392),(0.127992,-0.0127,
-0.129783),(0.127992,0.0127,-0.129783),(0.128004,-0.0127,-0.130199),(0.128004,
0.0127,-0.130199),(0.128005,-0.0127,-0.129996),(0.128005,-0.0127,-0.129094),
(0.128005,0.0127,-0.129996),(0.128005,0.0127,-0.129094),(0.128032,-0.0127,
-0.128948),(0.128032,0.0127,-0.128948),(0.128068,-0.0127,-0.110276),(0.128068,
0.0127,-0.110276),(0.128069,-0.0127,-0.128814),(0.128069,0.0127,-0.128814),
(0.128089,-0.0127,-0.155024),(0.128089,0.0127,-0.155024),(0.128105,-0.0127,
-0.118496),(0.128105,0.0127,-0.118496),(0.128114,-0.0127,-0.128692),(0.128114,
0.0127,-0.128692),(0.128145,-0.0127,-0.11029),(0.128145,0.0127,-0.11029),
(0.128169,-0.0127,-0.128581),(0.128169,0.0127,-0.128581),(0.128178,-0.0127,
-0.135013),(0.128178,0.0127,-0.135013),(0.128216,-0.0127,-0.110297),(0.128216,
0.0127,-0.110297),(0.128218,-0.0127,-0.044129),(0.128218,0.0127,-0.044129),
(0.128233,-0.0127,-0.128483),(0.128233,0.0127,-0.128483),(0.128249,-0.0127,
-0.118635),(0.128249,0.0127,-0.118635),(0.128278,-0.0127,-0.110297),(0.128278,
0.0127,-0.110297),(0.128305,-0.0127,-0.128397),(0.128305,0.0127,-0.128397),
(0.128331,-0.0127,-0.120866),(0.128331,0.0127,-0.120866),(0.128332,-0.0127,
-0.11029),(0.128332,0.0127,-0.11029),(0.128333,-0.0127,-0.121206),(0.128333,
0.0127,-0.121206),(0.128355,-0.0127,-0.120543),(0.128355,0.0127,-0.120543),
(0.12836,-0.0127,-0.121548),(0.12836,0.0127,-0.121548),(0.128371,-0.0127,
-0.154896),(0.128371,0.0127,-0.154896),(0.128375,-0.0127,-0.110275),(0.128375,
0.0127,-0.110275),(0.128377,-0.0127,-0.118769),(0.128377,0.0127,-0.118769),
(0.128387,-0.0127,-0.128323),(0.128387,0.0127,-0.128323),(0.128401,-0.0127,
-0.125809),(0.128401,0.0127,-0.125809),(0.128404,-0.0127,-0.125636),(0.128404,
0.0127,-0.125636),(0.128405,-0.0127,-0.120249),(0.128405,0.0127,-0.120249),
(0.128406,-0.0127,-0.110253),(0.128406,0.0127,-0.110253),(0.128411,-0.0127,
-0.121881),(0.128411,0.0127,-0.121881),(0.128415,-0.0127,-0.125986),(0.128415,
0.0127,-0.125986),(0.128419,-0.0127,-0.134866),(0.128419,0.0127,-0.134866),
(0.128424,-0.0127,-0.125462),(0.128424,0.0127,-0.125462),(0.128446,-0.0127,
-0.126168),(0.128446,0.0127,-0.126168),(0.128461,-0.0127,-0.125284),(0.128461,
0.0127,-0.125284),(0.128478,-0.0127,-0.128263),(0.128478,0.0127,-0.128263),
(0.128481,-0.0127,-0.119998),(0.128481,0.0127,-0.119998),(0.128486,-0.0127,
-0.122191),(0.128486,0.0127,-0.122191),(0.128489,-0.0127,-0.118898),(0.128489,
0.0127,-0.118898),(0.128493,-0.0127,-0.126361),(0.128493,0.0127,-0.126361),
(0.128511,-0.0127,-0.110213),(0.128511,0.0127,-0.110213),(0.128517,-0.0127,
-0.1251),(0.128517,0.0127,-0.1251),(0.128556,-0.0127,-0.126566),(0.128556,
0.0127,-0.126566),(0.128583,-0.0127,-0.122465),(0.128583,0.0127,-0.122465),
(0.128584,-0.0127,-0.119802),(0.128584,0.0127,-0.119802),(0.128585,-0.0127,
-0.11902),(0.128585,0.0127,-0.11902),(0.12859,-0.0127,-0.124904),(0.12859,
0.0127,-0.124904),(0.128591,-0.0127,-0.128195),(0.128591,0.0127,-0.128195),
(0.128596,-0.0127,-0.154735),(0.128596,0.0127,-0.154735),(0.128625,-0.0127,
-0.110279),(0.128625,0.0127,-0.110279),(0.128636,-0.0127,-0.126788),(0.128636,
0.0127,-0.126788),(0.128655,-0.0127,-0.134681),(0.128655,0.0127,-0.134681),
(0.128664,-0.0127,-0.119135),(0.128664,0.0127,-0.119135),(0.128681,-0.0127,
-0.124694),(0.128681,0.0127,-0.124694),(0.128685,-0.0127,-0.128125),(0.128685,
0.0127,-0.128125),(0.128704,-0.0127,-0.12269),(0.128704,0.0127,-0.12269),
(0.128715,-0.0127,-0.119674),(0.128715,0.0127,-0.119674),(0.128717,-0.0127,
-0.127013),(0.128717,0.0127,-0.127013),(0.128726,-0.0127,-0.119242),(0.128726,
0.0127,-0.119242),(0.128744,-0.0127,-0.110435),(0.128744,0.0127,-0.110435),
(0.128756,-0.0127,-0.043878),(0.128756,0.0127,-0.043878),(0.128761,-0.0127,
-0.128051),(0.128761,0.0127,-0.128051),(0.128764,-0.0127,-0.119631),(0.128764,
0.0127,-0.119631),(0.128768,-0.0127,-0.15454),(0.128768,0.0127,-0.15454),
(0.12877,-0.0127,-0.11934),(0.12877,0.0127,-0.11934),(0.128782,-0.0127,
-0.12721),(0.128782,0.0127,-0.12721),(0.12879,-0.0127,-0.124467),(0.12879,
0.0127,-0.124467),(0.128794,-0.0127,-0.119575),(0.128794,0.0127,-0.119575),
(0.128797,-0.0127,-0.119429),(0.128797,0.0127,-0.119429),(0.128803,-0.0127,
-0.152339),(0.128803,0.0127,-0.152339),(0.128805,-0.0127,-0.119507),(0.128805,
0.0127,-0.119507),(0.128811,-0.0127,-0.152537),(0.128811,0.0127,-0.152537),
(0.128817,-0.0127,-0.152152),(0.128817,-0.0127,-0.127971),(0.128817,0.0127,
-0.152152),(0.128817,0.0127,-0.127971),(0.128831,-0.0127,-0.127383),(0.128831,
0.0127,-0.127383),(0.128839,-0.0127,-0.15275),(0.128839,0.0127,-0.15275),
(0.128846,-0.0127,-0.122853),(0.128846,0.0127,-0.122853),(0.128854,-0.0127,
-0.151971),(0.128854,0.0127,-0.151971),(0.128855,-0.0127,-0.127882),(0.128855,
0.0127,-0.127882),(0.128863,-0.0127,-0.127534),(0.128863,-0.0127,-0.110665),
(0.128863,0.0127,-0.127534),(0.128863,0.0127,-0.110665),(0.128876,-0.0127,
-0.127781),(0.128876,0.0127,-0.127781),(0.128878,-0.0127,-0.127666),(0.128878,
0.0127,-0.127666),(0.12888,-0.0127,-0.134468),(0.12888,0.0127,-0.134468),
(0.128884,-0.0127,-0.152985),(0.128884,0.0127,-0.152985),(0.128888,-0.0127,
-0.154308),(0.128888,0.0127,-0.154308),(0.128905,-0.0127,-0.124231),(0.128905,
0.0127,-0.124231),(0.128919,-0.0127,-0.151791),(0.128919,0.0127,-0.151791),
(0.12895,-0.0127,-0.122944),(0.12895,0.0127,-0.122944),(0.128954,-0.0127,
-0.153378),(0.128954,0.0127,-0.153378),(0.128958,-0.0127,-0.154038),(0.128958,
0.0127,-0.154038),(0.128977,-0.0127,-0.110954),(0.128977,0.0127,-0.110954),
(0.128979,-0.0127,-0.153729),(0.128979,0.0127,-0.153729),(0.128999,-0.0127,
-0.124025),(0.128999,0.0127,-0.124025),(0.129011,-0.0127,-0.151607),(0.129011,
0.0127,-0.151607),(0.129034,-0.0127,-0.123032),(0.129034,0.0127,-0.123032),
(0.129073,-0.0127,-0.123843),(0.129073,0.0127,-0.123843),(0.129083,-0.0127,
-0.111287),(0.129083,0.0127,-0.111287),(0.129088,-0.0127,-0.134233),(0.129088,
0.0127,-0.134233),(0.129098,-0.0127,-0.123121),(0.129098,0.0127,-0.123121),
(0.129127,-0.0127,-0.123685),(0.129127,0.0127,-0.123685),(0.129134,-0.0127,
-0.151413),(0.129134,0.0127,-0.151413),(0.129144,-0.0127,-0.123214),(0.129144,
0.0127,-0.123214),(0.129161,-0.0127,-0.123546),(0.129161,0.0127,-0.123546),
(0.129169,-0.0127,-0.123313),(0.129169,0.0127,-0.123313),(0.129175,-0.0127,
-0.123423),(0.129175,0.0127,-0.123423),(0.129176,-0.0127,-0.111647),(0.129176,
0.0127,-0.111647),(0.129212,-0.0127,-0.113835),(0.129212,0.0127,-0.113835),
(0.12922,-0.0127,-0.113989),(0.12922,0.0127,-0.113989),(0.129221,-0.0127,
-0.113674),(0.129221,0.0127,-0.113674),(0.129246,-0.0127,-0.114137),(0.129246,
-0.0127,-0.113503),(0.129246,0.0127,-0.114137),(0.129246,0.0127,-0.113503),
(0.129252,-0.0127,-0.11202),(0.129252,0.0127,-0.11202),(0.129275,-0.0127,
-0.133984),(0.129275,0.0127,-0.133984),(0.129287,-0.0127,-0.113319),(0.129287,
0.0127,-0.113319),(0.129289,-0.0127,-0.151206),(0.129289,0.0127,-0.151206),
(0.129291,-0.0127,-0.114281),(0.129291,0.0127,-0.114281),(0.129305,-0.0127,
-0.112389),(0.129305,0.0127,-0.112389),(0.129325,-0.0127,-0.043611),(0.129325,
0.0127,-0.043611),(0.129327,-0.0127,-0.113054),(0.129327,0.0127,-0.113054),
(0.129331,-0.0127,-0.112739),(0.129331,0.0127,-0.112739),(0.129355,-0.0127,
-0.114424),(0.129355,0.0127,-0.114424),(0.129434,-0.0127,-0.13373),(0.129434,
0.0127,-0.13373),(0.12944,-0.0127,-0.114567),(0.12944,0.0127,-0.114567),
(0.129479,-0.0127,-0.150981),(0.129479,0.0127,-0.150981),(0.129545,-0.0127,
-0.114714),(0.129545,0.0127,-0.114714),(0.129561,-0.0127,-0.133478),(0.129561,
0.0127,-0.133478),(0.12959,-0.0127,-0.132511),(0.12959,0.0127,-0.132511),
(0.129594,-0.0127,-0.132421),(0.129594,0.0127,-0.132421),(0.129602,-0.0127,
-0.132589),(0.129602,0.0127,-0.132589),(0.129613,-0.0127,-0.132321),(0.129613,
0.0127,-0.132321),(0.129629,-0.0127,-0.132654),(0.129629,0.0127,-0.132654),
(0.129646,-0.0127,-0.132212),(0.129646,0.0127,-0.132212),(0.129649,-0.0127,
-0.133236),(0.129649,0.0127,-0.133236),(0.129673,-0.0127,-0.114865),(0.129673,
0.0127,-0.114865),(0.129689,-0.0127,-0.132816),(0.129689,0.0127,-0.132816),
(0.129692,-0.0127,-0.132096),(0.129692,0.0127,-0.132096),(0.129693,-0.0127,
-0.133013),(0.129693,0.0127,-0.133013),(0.129706,-0.0127,-0.150731),(0.129706,
0.0127,-0.150731),(0.12975,-0.0127,-0.131974),(0.12975,0.0127,-0.131974),
(0.129821,-0.0127,-0.131849),(0.129821,0.0127,-0.131849),(0.129824,-0.0127,
-0.115022),(0.129824,0.0127,-0.115022),(0.129903,-0.0127,-0.131721),(0.129903,
0.0127,-0.131721),(0.129916,-0.0127,-0.04333),(0.129916,0.0127,-0.04333),
(0.129972,-0.0127,-0.150453),(0.129972,0.0127,-0.150453),(0.129995,-0.0127,
-0.131593),(0.129995,0.0127,-0.131593),(0.129998,-0.0127,-0.115189),(0.129998,
0.0127,-0.115189),(0.130097,-0.0127,-0.131466),(0.130097,0.0127,-0.131466),
(0.130153,-0.0127,-0.150267),(0.130153,0.0127,-0.150267),(0.130209,-0.0127,
-0.131341),(0.130209,0.0127,-0.131341),(0.130234,-0.0127,-0.115433),(0.130234,
0.0127,-0.115433),(0.130271,-0.0127,-0.118732),(0.130271,0.0127,-0.118732),
(0.130278,-0.0127,-0.118807),(0.130278,-0.0127,-0.118658),(0.130278,0.0127,
-0.118807),(0.130278,0.0127,-0.118658),(0.130298,-0.0127,-0.118885),(0.130298,
0.0127,-0.118885),(0.130299,-0.0127,-0.118584),(0.130299,0.0127,-0.118584),
(0.13033,-0.0127,-0.150093),(0.13033,0.0127,-0.150093),(0.130331,-0.0127,
-0.118965),(0.130331,0.0127,-0.118965),(0.130333,-0.0127,-0.11851),(0.130333,
0.0127,-0.11851),(0.130357,-0.0127,-0.131175),(0.130357,0.0127,-0.131175),
(0.130379,-0.0127,-0.11905),(0.130379,0.0127,-0.11905),(0.130381,-0.0127,
-0.118435),(0.130381,0.0127,-0.118435),(0.130437,-0.0127,-0.115693),(0.130437,
0.0127,-0.115693),(0.130439,-0.0127,-0.119139),(0.130439,0.0127,-0.119139),
(0.130442,-0.0127,-0.118358),(0.130442,0.0127,-0.118358),(0.130486,-0.0127,
-0.131014),(0.130486,0.0127,-0.131014),(0.130501,-0.0127,-0.14993),(0.130501,
0.0127,-0.14993),(0.130514,-0.0127,-0.119234),(0.130514,0.0127,-0.119234),
(0.130517,-0.0127,-0.118278),(0.130517,0.0127,-0.118278),(0.130524,-0.0127,
-0.043039),(0.130524,0.0127,-0.043039),(0.13057,-0.0127,-0.119307),(0.13057,
0.0127,-0.119307),(0.130597,-0.0127,-0.130855),(0.130597,0.0127,-0.130855),
(0.130604,-0.0127,-0.120132),(0.130604,0.0127,-0.120132),(0.130605,-0.0127,
-0.120157),(0.130605,0.0127,-0.120157),(0.130607,-0.0127,-0.115965),(0.130607,
0.0127,-0.115965),(0.130614,-0.0127,-0.120103),(0.130614,0.0127,-0.120103),
(0.130616,-0.0127,-0.120177),(0.130616,0.0127,-0.120177),(0.130619,-0.0127,
-0.119382),(0.130619,0.0127,-0.119382),(0.130635,-0.0127,-0.120071),(0.130635,
0.0127,-0.120071),(0.130637,-0.0127,-0.120193),(0.130637,0.0127,-0.120193),
(0.130661,-0.0127,-0.119458),(0.130661,0.0127,-0.119458),(0.130663,-0.0127,
-0.14978),(0.130663,0.0127,-0.14978),(0.130668,-0.0127,-0.120205),(0.130668,
-0.0127,-0.120035),(0.130668,0.0127,-0.120205),(0.130668,0.0127,-0.120035),
(0.13068,-0.0127,-0.118082),(0.13068,0.0127,-0.118082),(0.130689,-0.0127,
-0.130697),(0.130689,0.0127,-0.130697),(0.130695,-0.0127,-0.119534),(0.130695,
0.0127,-0.119534),(0.130702,-0.0127,-0.119992),(0.130702,0.0127,-0.119992),
(0.130708,-0.0127,-0.120212),(0.130708,0.0127,-0.120212),(0.130721,-0.0127,
-0.11961),(0.130721,0.0127,-0.11961),(0.130727,-0.0127,-0.119942),(0.130727,
0.0127,-0.119942),(0.130728,-0.0127,-0.123883),(0.130728,0.0127,-0.123883),
(0.13073,-0.0127,-0.123788),(0.13073,0.0127,-0.123788),(0.130739,-0.0127,
-0.119684),(0.130739,0.0127,-0.119684),(0.130743,-0.0127,-0.119885),(0.130743,
-0.0127,-0.116244),(0.130743,0.0127,-0.119885),(0.130743,0.0127,-0.116244),
(0.130749,-0.0127,-0.119755),(0.130749,0.0127,-0.119755),(0.13075,-0.0127,
-0.119822),(0.13075,0.0127,-0.119822),(0.130752,-0.0127,-0.123968),(0.130752,
0.0127,-0.123968),(0.130757,-0.0127,-0.120213),(0.130757,0.0127,-0.120213),
(0.13076,-0.0127,-0.123679),(0.13076,0.0127,-0.123679),(0.130764,-0.0127,
-0.130537),(0.130764,0.0127,-0.130537),(0.130802,-0.0127,-0.117861),(0.130802,
0.0127,-0.117861),(0.130805,-0.0127,-0.124046),(0.130805,0.0127,-0.124046),
(0.130812,-0.0127,-0.128666),(0.130812,0.0127,-0.128666),(0.130815,-0.0127,
-0.12021),(0.130815,0.0127,-0.12021),(0.130816,-0.0127,-0.149645),(0.130816,
-0.0127,-0.128845),(0.130816,-0.0127,-0.12849),(0.130816,-0.0127,-0.123551),
(0.130816,0.0127,-0.149645),(0.130816,0.0127,-0.128845),(0.130816,0.0127,
-0.12849),(0.130816,0.0127,-0.123551),(0.130823,-0.0127,-0.130374),(0.130823,
0.0127,-0.130374),(0.130828,-0.0127,-0.128319),(0.130828,0.0127,-0.128319),
(0.13083,-0.0127,-0.129026),(0.13083,0.0127,-0.129026),(0.130844,-0.0127,
-0.116528),(0.130844,0.0127,-0.116528),(0.130849,-0.0127,-0.128154),(0.130849,
0.0127,-0.128154),(0.130852,-0.0127,-0.129207),(0.130852,0.0127,-0.129207),
(0.130865,-0.0127,-0.130205),(0.130865,0.0127,-0.130205),(0.130878,-0.0127,
-0.127998),(0.130878,0.0127,-0.127998),(0.13088,-0.0127,-0.1202),(0.13088,
0.0127,-0.1202),(0.130882,-0.0127,-0.129434),(0.130882,0.0127,-0.129434),
(0.130886,-0.0127,-0.117619),(0.130886,0.0127,-0.117619),(0.130887,-0.0127,
-0.124123),(0.130887,0.0127,-0.124123),(0.130891,-0.0127,-0.130029),(0.130891,
0.0127,-0.130029),(0.130898,-0.0127,-0.123402),(0.130898,0.0127,-0.123402),
(0.130899,-0.0127,-0.129645),(0.130899,0.0127,-0.129645),(0.130902,-0.0127,
-0.129843),(0.130902,0.0127,-0.129843),(0.13091,-0.0127,-0.116811),(0.13091,
0.0127,-0.116811),(0.130915,-0.0127,-0.127852),(0.130915,0.0127,-0.127852),
(0.130931,-0.0127,-0.117361),(0.130931,0.0127,-0.117361),(0.130939,-0.0127,
-0.11709),(0.130939,0.0127,-0.11709),(0.130954,-0.0127,-0.120185),(0.130954,
0.0127,-0.120185),(0.130956,-0.0127,-0.149527),(0.130956,0.0127,-0.149527),
(0.130959,-0.0127,-0.127717),(0.130959,0.0127,-0.127717),(0.130997,-0.0127,
-0.124201),(0.130997,0.0127,-0.124201),(0.131006,-0.0127,-0.123227),(0.131006,
0.0127,-0.123227),(0.131011,-0.0127,-0.127595),(0.131011,0.0127,-0.127595),
(0.131069,-0.0127,-0.127488),(0.131069,0.0127,-0.127488),(0.131083,-0.0127,
-0.149426),(0.131083,0.0127,-0.149426),(0.131134,-0.0127,-0.127398),(0.131134,
0.0127,-0.127398),(0.131137,-0.0127,-0.124284),(0.131137,0.0127,-0.124284),
(0.131138,-0.0127,-0.123022),(0.131138,0.0127,-0.123022),(0.131142,-0.0127,
-0.04274),(0.131142,0.0127,-0.04274),(0.131143,-0.0127,-0.120181),(0.131143,
0.0127,-0.120181),(0.131194,-0.0127,-0.149345),(0.131194,0.0127,-0.149345),
(0.1312,-0.0127,-0.127312),(0.1312,0.0127,-0.127312),(0.131268,-0.0127,
-0.127212),(0.131268,0.0127,-0.127212),(0.131288,-0.0127,-0.149284),(0.131288,
0.0127,-0.149284),(0.131302,-0.0127,-0.120253),(0.131302,0.0127,-0.120253),
(0.131307,-0.0127,-0.124377),(0.131307,0.0127,-0.124377),(0.131308,-0.0127,
-0.122722),(0.131308,0.0127,-0.122722),(0.131337,-0.0127,-0.127099),(0.131337,
0.0127,-0.127099),(0.131362,-0.0127,-0.149246),(0.131362,0.0127,-0.149246),
(0.131405,-0.0127,-0.126975),(0.131405,0.0127,-0.126975),(0.131416,-0.0127,
-0.149231),(0.131416,0.0127,-0.149231),(0.131431,-0.0127,-0.120391),(0.131431,
0.0127,-0.120391),(0.131442,-0.0127,-0.122401),(0.131442,0.0127,-0.122401),
(0.131447,-0.0127,-0.149241),(0.131447,0.0127,-0.149241),(0.13145,-0.0127,
-0.124459),(0.13145,0.0127,-0.124459),(0.131472,-0.0127,-0.126841),(0.131472,
0.0127,-0.126841),(0.13149,-0.0127,-0.149314),(0.13149,0.0127,-0.149314),
(0.13153,-0.0127,-0.120586),(0.13153,0.0127,-0.120586),(0.131538,-0.0127,
-0.1267),(0.131538,0.0127,-0.1267),(0.131541,-0.0127,-0.12207),(0.131541,
0.0127,-0.12207),(0.131572,-0.0127,-0.124541),(0.131572,0.0127,-0.124541),
(0.131579,-0.0127,-0.149481),(0.131579,0.0127,-0.149481),(0.131598,-0.0127,
-0.120827),(0.131598,0.0127,-0.120827),(0.131601,-0.0127,-0.126554),(0.131601,
0.0127,-0.126554),(0.131605,-0.0127,-0.121737),(0.131605,0.0127,-0.121737),
(0.131633,-0.0127,-0.121106),(0.131633,0.0127,-0.121106),(0.131636,-0.0127,
-0.121412),(0.131636,0.0127,-0.121412),(0.13166,-0.0127,-0.126405),(0.13166,
0.0127,-0.126405),(0.131676,-0.0127,-0.124627),(0.131676,0.0127,-0.124627),
(0.131711,-0.0127,-0.149736),(0.131711,0.0127,-0.149736),(0.131715,-0.0127,
-0.126254),(0.131715,0.0127,-0.126254),(0.131761,-0.0127,-0.124718),(0.131761,
0.0127,-0.124718),(0.131765,-0.0127,-0.126104),(0.131765,0.0127,-0.126104),
(0.131809,-0.0127,-0.125957),(0.131809,0.0127,-0.125957),(0.131827,-0.0127,
-0.124814),(0.131827,0.0127,-0.124814),(0.131846,-0.0127,-0.125814),(0.131846,
0.0127,-0.125814),(0.131877,-0.0127,-0.124919),(0.131877,0.0127,-0.124919),
(0.131883,-0.0127,-0.150072),(0.131883,0.0127,-0.150072),(0.131887,-0.0127,
-0.125624),(0.131887,0.0127,-0.125624),(0.13191,-0.0127,-0.125033),(0.13191,
0.0127,-0.125033),(0.131915,-0.0127,-0.125453),(0.131915,0.0127,-0.125453),
(0.131927,-0.0127,-0.125159),(0.131927,0.0127,-0.125159),(0.131928,-0.0127,
-0.125299),(0.131928,0.0127,-0.125299),(0.132091,-0.0127,-0.150482),(0.132091,
0.0127,-0.150482),(0.132331,-0.0127,-0.15096),(0.132331,0.0127,-0.15096),
(0.1326,-0.0127,-0.151498),(0.1326,0.0127,-0.151498),(0.132895,-0.0127,
-0.152091),(0.132895,0.0127,-0.152091),(0.133015,-0.0127,-0.041856),(0.133015,
0.0127,-0.041856),(0.133212,-0.0127,-0.15273),(0.133212,0.0127,-0.15273),
(0.133547,-0.0127,-0.15341),(0.133547,0.0127,-0.15341),(0.133898,-0.0127,
-0.154123),(0.133898,0.0127,-0.154123),(0.134262,-0.0127,-0.154862),(0.134262,
0.0127,-0.154862),(0.134742,-0.0127,-0.155851),(0.134742,0.0127,-0.155851),
(0.134884,-0.0127,-0.041025),(0.134884,0.0127,-0.041025),(0.135173,-0.0127,
-0.156757),(0.135173,0.0127,-0.156757),(0.135555,-0.0127,-0.157588),(0.135555,
0.0127,-0.157588),(0.135893,-0.0127,-0.158352),(0.135893,0.0127,-0.158352),
(0.13619,-0.0127,-0.159056),(0.13619,0.0127,-0.159056),(0.136447,-0.0127,
-0.159708),(0.136447,0.0127,-0.159708),(0.136668,-0.0127,-0.160315),(0.136668,
0.0127,-0.160315),(0.136751,-0.0127,-0.040247),(0.136751,0.0127,-0.040247),
(0.136857,-0.0127,-0.160886),(0.136857,0.0127,-0.160886),(0.137015,-0.0127,
-0.161427),(0.137015,0.0127,-0.161427),(0.137147,-0.0127,-0.161946),(0.137147,
0.0127,-0.161946),(0.137254,-0.0127,-0.162452),(0.137254,0.0127,-0.162452),
(0.13734,-0.0127,-0.162951),(0.13734,0.0127,-0.162951),(0.137474,-0.0127,
-0.163747),(0.137474,0.0127,-0.163747),(0.137635,-0.0127,-0.164542),(0.137635,
0.0127,-0.164542),(0.137822,-0.0127,-0.165337),(0.137822,0.0127,-0.165337),
(0.138035,-0.0127,-0.16613),(0.138035,0.0127,-0.16613),(0.138274,-0.0127,
-0.166921),(0.138274,0.0127,-0.166921),(0.138296,-0.0127,-0.076121),(0.138296,
0.0127,-0.076121),(0.138304,-0.0127,-0.076487),(0.138304,0.0127,-0.076487),
(0.138345,-0.0127,-0.075755),(0.138345,0.0127,-0.075755),(0.138368,-0.0127,
-0.07687),(0.138368,0.0127,-0.07687),(0.138393,-0.0127,-0.124606),(0.138393,
0.0127,-0.124606),(0.138439,-0.0127,-0.124713),(0.138439,0.0127,-0.124713),
(0.138447,-0.0127,-0.075372),(0.138447,0.0127,-0.075372),(0.138491,-0.0127,
-0.077288),(0.138491,0.0127,-0.077288),(0.138538,-0.0127,-0.16771),(0.138538,
0.0127,-0.16771),(0.138566,-0.0127,-0.125009),(0.138566,0.0127,-0.125009),
(0.138601,-0.0127,-0.074954),(0.138601,0.0127,-0.074954),(0.13862,-0.0127,
-0.03952),(0.13862,0.0127,-0.03952),(0.138675,-0.0127,-0.077757),(0.138675,
0.0127,-0.077757),(0.138758,-0.0127,-0.125456),(0.138758,0.0127,-0.125456),
(0.138806,-0.0127,-0.074483),(0.138806,0.0127,-0.074483),(0.138827,-0.0127,
-0.168496),(0.138827,0.0127,-0.168496),(0.13892,-0.0127,-0.078296),(0.13892,
0.0127,-0.078296),(0.138999,-0.0127,-0.126016),(0.138999,0.0127,-0.126016),
(0.139059,-0.0127,-0.073944),(0.139059,0.0127,-0.073944),(0.139142,-0.0127,
-0.169278),(0.139142,0.0127,-0.169278),(0.13923,-0.0127,-0.078922),(0.13923,
0.0127,-0.078922),(0.139272,-0.0127,-0.126651),(0.139272,0.0127,-0.126651),
(0.139279,-0.0127,-0.073477),(0.139279,0.0127,-0.073477),(0.139463,-0.0127,
-0.073062),(0.139463,0.0127,-0.073062),(0.139481,-0.0127,-0.170055),(0.139481,
0.0127,-0.170055),(0.139541,-0.0127,-0.120453),(0.139541,0.0127,-0.120453),
(0.139562,-0.0127,-0.127324),(0.139562,0.0127,-0.127324),(0.139605,-0.0127,
-0.079651),(0.139605,0.0127,-0.079651),(0.139615,-0.0127,-0.072686),(0.139615,
0.0127,-0.072686),(0.139624,-0.0127,-0.066126),(0.139624,0.0127,-0.066126),
(0.139629,-0.0127,-0.066181),(0.139629,0.0127,-0.066181),(0.139641,-0.0127,
-0.066335),(0.139641,0.0127,-0.066335),(0.139661,-0.0127,-0.066566),(0.139661,
0.0127,-0.066566),(0.139685,-0.0127,-0.066856),(0.139685,0.0127,-0.066856),
(0.1397,-0.0127,-0.119869),(0.1397,0.0127,-0.119869),(0.139713,-0.0127,
-0.067186),(0.139713,0.0127,-0.067186),(0.139737,-0.0127,-0.072336),(0.139737,
0.0127,-0.072336),(0.139742,-0.0127,-0.067535),(0.139742,0.0127,-0.067535),
(0.139772,-0.0127,-0.067884),(0.139772,0.0127,-0.067884),(0.139792,-0.0127,
-0.080098),(0.139792,0.0127,-0.080098),(0.139799,-0.0127,-0.068213),(0.139799,
0.0127,-0.068213),(0.139824,-0.0127,-0.068503),(0.139824,0.0127,-0.068503),
(0.13983,-0.0127,-0.072),(0.13983,0.0127,-0.072),(0.139843,-0.0127,-0.068735),
(0.139843,0.0127,-0.068735),(0.139846,-0.0127,-0.170828),(0.139846,0.0127,
-0.170828),(0.139851,-0.0127,-0.127998),(0.139851,0.0127,-0.127998),(0.139856,
-0.0127,-0.068888),(0.139856,0.0127,-0.068888),(0.139861,-0.0127,-0.119264),
(0.139861,-0.0127,-0.068944),(0.139861,0.0127,-0.119264),(0.139861,0.0127,
-0.068944),(0.139898,-0.0127,-0.071664),(0.139898,0.0127,-0.071664),(0.139909,
-0.0127,-0.069545),(0.139909,0.0127,-0.069545),(0.13994,-0.0127,-0.071315),
(0.13994,0.0127,-0.071315),(0.139943,-0.0127,-0.07007),(0.139943,0.0127,
-0.07007),(0.139961,-0.0127,-0.070942),(0.139961,-0.0127,-0.070531),(0.139961,
0.0127,-0.070942),(0.139961,0.0127,-0.070531),(0.14001,-0.0127,-0.080765),
(0.14001,0.0127,-0.080765),(0.14002,-0.0127,-0.118647),(0.14002,0.0127,
-0.118647),(0.140124,-0.0127,-0.128633),(0.140124,0.0127,-0.128633),(0.140177,
-0.0127,-0.118025),(0.140177,0.0127,-0.118025),(0.140234,-0.0127,-0.171595),
(0.140234,0.0127,-0.171595),(0.140252,-0.0127,-0.081618),(0.140252,0.0127,
-0.081618),(0.140329,-0.0127,-0.117407),(0.140329,0.0127,-0.117407),(0.140365,
-0.0127,-0.129193),(0.140365,0.0127,-0.129193),(0.140475,-0.0127,-0.1168),
(0.140475,0.0127,-0.1168),(0.140496,-0.0127,-0.038843),(0.140496,0.0127,
-0.038843),(0.14051,-0.0127,-0.082623),(0.14051,0.0127,-0.082623),(0.140557,
-0.0127,-0.12964),(0.140557,0.0127,-0.12964),(0.140612,-0.0127,-0.116213),
(0.140612,0.0127,-0.116213),(0.140647,-0.0127,-0.172357),(0.140647,0.0127,
-0.172357),(0.140684,-0.0127,-0.129936),(0.140684,0.0127,-0.129936),(0.14073,
-0.0127,-0.130043),(0.14073,0.0127,-0.130043),(0.140739,-0.0127,-0.115654),
(0.140739,0.0127,-0.115654),(0.140777,-0.0127,-0.083746),(0.140777,0.0127,
-0.083746),(0.140854,-0.0127,-0.11513),(0.140854,0.0127,-0.11513),(0.140955,
-0.0127,-0.11465),(0.140955,0.0127,-0.11465),(0.141039,-0.0127,-0.114222),
(0.141039,0.0127,-0.114222),(0.141046,-0.0127,-0.084954),(0.141046,0.0127,
-0.084954),(0.141106,-0.0127,-0.113854),(0.141106,0.0127,-0.113854),(0.141166,
-0.0127,-0.113504),(0.141166,0.0127,-0.113504),(0.141209,-0.0127,-0.173377),
(0.141209,0.0127,-0.173377),(0.141231,-0.0127,-0.113132),(0.141231,0.0127,
-0.113132),(0.141299,-0.0127,-0.112741),(0.141299,0.0127,-0.112741),(0.141309,
-0.0127,-0.086212),(0.141309,0.0127,-0.086212),(0.141334,-0.0127,-0.131482),
(0.141334,0.0127,-0.131482),(0.14137,-0.0127,-0.112339),(0.14137,0.0127,
-0.112339),(0.141442,-0.0127,-0.111929),(0.141442,0.0127,-0.111929),(0.141515,
-0.0127,-0.111519),(0.141515,0.0127,-0.111519),(0.14156,-0.0127,-0.087485),
(0.14156,0.0127,-0.087485),(0.141587,-0.0127,-0.111112),(0.141587,0.0127,
-0.111112),(0.141659,-0.0127,-0.110716),(0.141659,0.0127,-0.110716),(0.141728,
-0.0127,-0.110335),(0.141728,0.0127,-0.110335),(0.141766,-0.0127,-0.174427),
(0.141766,0.0127,-0.174427),(0.14179,-0.0127,-0.088741),(0.14179,0.0127,
-0.088741),(0.141794,-0.0127,-0.109975),(0.141794,0.0127,-0.109975),(0.141855,
-0.0127,-0.109641),(0.141855,0.0127,-0.109641),(0.141912,-0.0127,-0.109339),
(0.141912,0.0127,-0.109339),(0.141915,-0.0127,-0.132938),(0.141915,0.0127,
-0.132938),(0.141992,-0.0127,-0.089946),(0.141992,0.0127,-0.089946),(0.142061,
-0.0127,-0.108371),(0.142061,0.0127,-0.108371),(0.142159,-0.0127,-0.091064),
(0.142159,0.0127,-0.091064),(0.142191,-0.0127,-0.107182),(0.142191,0.0127,
-0.107182),(0.142284,-0.0127,-0.092063),(0.142284,0.0127,-0.092063),(0.142302,
-0.0127,-0.105814),(0.142302,0.0127,-0.105814),(0.142315,-0.0127,-0.175496),
(0.142315,0.0127,-0.175496),(0.142381,-0.0127,-0.038215),(0.142381,0.0127,
-0.038215),(0.142387,-0.0127,-0.093234),(0.142387,0.0127,-0.093234),(0.142393,
-0.0127,-0.104306),(0.142393,0.0127,-0.104306),(0.142463,-0.0127,-0.1027),
(0.142463,-0.0127,-0.094589),(0.142463,0.0127,-0.1027),(0.142463,0.0127,
-0.094589),(0.142474,-0.0127,-0.134411),(0.142474,0.0127,-0.134411),(0.14251,
-0.0127,-0.101034),(0.14251,0.0127,-0.101034),(0.142512,-0.0127,-0.096087),
(0.142512,0.0127,-0.096087),(0.142535,-0.0127,-0.09935),(0.142535,0.0127,
-0.09935),(0.142536,-0.0127,-0.097687),(0.142536,0.0127,-0.097687),(0.142721,
-0.0127,-0.065133),(0.142721,0.0127,-0.065133),(0.14285,-0.0127,-0.176576),
(0.14285,0.0127,-0.176576),(0.143009,-0.0127,-0.135899),(0.143009,0.0127,
-0.135899),(0.143044,-0.0127,-0.210623),(0.143044,0.0127,-0.210623),(0.143059,
-0.0127,-0.209754),(0.143059,0.0127,-0.209754),(0.143064,-0.0127,-0.21146),
(0.143064,0.0127,-0.21146),(0.143109,-0.0127,-0.208843),(0.143109,0.0127,
-0.208843),(0.143121,-0.0127,-0.212269),(0.143121,0.0127,-0.212269),(0.143176,
-0.0127,-0.208145),(0.143176,0.0127,-0.208145),(0.143216,-0.0127,-0.21306),
(0.143216,0.0127,-0.21306),(0.143282,-0.0127,-0.20739),(0.143282,0.0127,
-0.20739),(0.143351,-0.0127,-0.21384),(0.143351,0.0127,-0.21384),(0.143367,
-0.0127,-0.177656),(0.143367,0.0127,-0.177656),(0.143421,-0.0127,-0.206598),
(0.143421,0.0127,-0.206598),(0.143522,-0.0127,-0.1374),(0.143522,0.0127,
-0.1374),(0.143528,-0.0127,-0.214615),(0.143528,0.0127,-0.214615),(0.143586,
-0.0127,-0.205789),(0.143586,0.0127,-0.205789),(0.143747,-0.0127,-0.215394),
(0.143747,0.0127,-0.215394),(0.143774,-0.0127,-0.204984),(0.143774,0.0127,
-0.204984),(0.143862,-0.0127,-0.178727),(0.143862,0.0127,-0.178727),(0.143977,
-0.0127,-0.204203),(0.143977,0.0127,-0.204203),(0.14401,-0.0127,-0.138913),
(0.14401,0.0127,-0.138913),(0.144011,-0.0127,-0.216184),(0.144011,0.0127,
-0.216184),(0.144125,-0.0127,-0.06464),(0.144125,0.0127,-0.06464),(0.14419,
-0.0127,-0.203465),(0.14419,0.0127,-0.203465),(0.144279,-0.0127,-0.037635),
(0.144279,0.0127,-0.037635),(0.144321,-0.0127,-0.216992),(0.144321,0.0127,
-0.216992),(0.144331,-0.0127,-0.17978),(0.144331,0.0127,-0.17978),(0.144409,
-0.0127,-0.202792),(0.144409,0.0127,-0.202792),(0.144474,-0.0127,-0.140436),
(0.144474,0.0127,-0.140436),(0.144627,-0.0127,-0.202202),(0.144627,0.0127,
-0.202202),(0.144678,-0.0127,-0.217825),(0.144678,0.0127,-0.217825),(0.144769,
-0.0127,-0.180805),(0.144769,0.0127,-0.180805),(0.144839,-0.0127,-0.201716),
(0.144839,0.0127,-0.201716),(0.144913,-0.0127,-0.141967),(0.144913,0.0127,
-0.141967),(0.14504,-0.0127,-0.201355),(0.14504,0.0127,-0.201355),(0.145084,
-0.0127,-0.218692),(0.145084,0.0127,-0.218692),(0.145172,-0.0127,-0.181791),
(0.145172,0.0127,-0.181791),(0.145223,-0.0127,-0.201138),(0.145223,0.0127,
-0.201138),(0.145262,-0.0127,-0.201102),(0.145262,0.0127,-0.201102),(0.145311,
-0.0127,-0.201049),(0.145311,0.0127,-0.201049),(0.145327,-0.0127,-0.143506),
(0.145327,0.0127,-0.143506),(0.145369,-0.0127,-0.20098),(0.145369,0.0127,
-0.20098),(0.145435,-0.0127,-0.200897),(0.145435,0.0127,-0.200897),(0.145509,
-0.0127,-0.2008),(0.145509,0.0127,-0.2008),(0.145536,-0.0127,-0.182731),
(0.145536,0.0127,-0.182731),(0.145585,-0.0127,-0.064049),(0.145585,0.0127,
-0.064049),(0.145588,-0.0127,-0.200692),(0.145588,0.0127,-0.200692),(0.145673,
-0.0127,-0.200575),(0.145673,0.0127,-0.200575),(0.14571,-0.0127,-0.194581),
(0.14571,-0.0127,-0.19389),(0.14571,0.0127,-0.194581),(0.14571,0.0127,-0.19389),
(0.145715,-0.0127,-0.145051),(0.145715,0.0127,-0.145051),(0.145736,-0.0127,
-0.195273),(0.145736,0.0127,-0.195273),(0.145737,-0.0127,-0.19322),(0.145737,
0.0127,-0.19322),(0.145762,-0.0127,-0.200448),(0.145762,0.0127,-0.200448),
(0.145785,-0.0127,-0.195945),(0.145785,0.0127,-0.195945),(0.145792,-0.0127,
-0.192592),(0.145792,0.0127,-0.192592),(0.145853,-0.0127,-0.200315),(0.145853,
0.0127,-0.200315),(0.145855,-0.0127,-0.183613),(0.145855,0.0127,-0.183613),
(0.145859,-0.0127,-0.196577),(0.145859,0.0127,-0.196577),(0.145877,-0.0127,
-0.192027),(0.145877,0.0127,-0.192027),(0.145946,-0.0127,-0.200176),(0.145946,
0.0127,-0.200176),(0.145954,-0.0127,-0.197148),(0.145954,0.0127,-0.197148),
(0.145991,-0.0127,-0.191544),(0.145991,0.0127,-0.191544),(0.14604,-0.0127,
-0.200034),(0.14604,0.0127,-0.200034),(0.146071,-0.0127,-0.197639),(0.146071,
0.0127,-0.197639),(0.146077,-0.0127,-0.146599),(0.146077,0.0127,-0.146599),
(0.146126,-0.0127,-0.184429),(0.146126,0.0127,-0.184429),(0.146134,-0.0127,
-0.199889),(0.146134,0.0127,-0.199889),(0.146194,-0.0127,-0.037101),(0.146194,
0.0127,-0.037101),(0.146208,-0.0127,-0.198027),(0.146208,0.0127,-0.198027),
(0.146249,-0.0127,-0.190671),(0.146249,0.0127,-0.190671),(0.146256,-0.0127,
-0.199691),(0.146256,0.0127,-0.199691),(0.146328,-0.0127,-0.220814),(0.146328,
0.0127,-0.220814),(0.146354,-0.0127,-0.18516),(0.146354,0.0127,-0.18516),
(0.146358,-0.0127,-0.199512),(0.146358,0.0127,-0.199512),(0.146363,-0.0127,
-0.198294),(0.146363,0.0127,-0.198294),(0.146412,-0.0127,-0.14815),(0.146412,
0.0127,-0.14815),(0.146441,-0.0127,-0.19935),(0.146441,0.0127,-0.19935),
(0.146443,-0.0127,-0.198398),(0.146443,0.0127,-0.198398),(0.146461,-0.0127,
-0.189925),(0.146461,0.0127,-0.189925),(0.146505,-0.0127,-0.199201),(0.146505,
-0.0127,-0.1985),(0.146505,0.0127,-0.199201),(0.146505,0.0127,-0.1985),
(0.146539,-0.0127,-0.18579),(0.146539,0.0127,-0.18579),(0.146549,-0.0127,
-0.198604),(0.146549,0.0127,-0.198604),(0.146551,-0.0127,-0.199065),(0.146551,
0.0127,-0.199065),(0.146561,-0.0127,-0.148829),(0.146561,0.0127,-0.148829),
(0.146577,-0.0127,-0.198939),(0.146577,-0.0127,-0.19871),(0.146577,0.0127,
-0.198939),(0.146577,0.0127,-0.19871),(0.146586,-0.0127,-0.198821),(0.146586,
0.0127,-0.198821),(0.146626,-0.0127,-0.189283),(0.146626,0.0127,-0.189283),
(0.146683,-0.0127,-0.186342),(0.146683,0.0127,-0.186342),(0.146722,-0.0127,
-0.149494),(0.146722,0.0127,-0.149494),(0.146747,-0.0127,-0.188722),(0.146747,
0.0127,-0.188722),(0.146783,-0.0127,-0.186838),(0.146783,0.0127,-0.186838),
(0.146822,-0.0127,-0.18822),(0.146822,0.0127,-0.18822),(0.14684,-0.0127,
-0.187301),(0.14684,0.0127,-0.187301),(0.146853,-0.0127,-0.187754),(0.146853,
0.0127,-0.187754),(0.146899,-0.0127,-0.150152),(0.146899,0.0127,-0.150152),
(0.147091,-0.0127,-0.063365),(0.147091,0.0127,-0.063365),(0.147093,-0.0127,
-0.150809),(0.147093,0.0127,-0.150809),(0.147307,-0.0127,-0.151473),(0.147307,
0.0127,-0.151473),(0.147543,-0.0127,-0.15215),(0.147543,0.0127,-0.15215),
(0.147804,-0.0127,-0.152846),(0.147804,0.0127,-0.152846),(0.147858,-0.0127,
-0.222706),(0.147858,0.0127,-0.222706),(0.148092,-0.0127,-0.153569),(0.148092,
0.0127,-0.153569),(0.14813,-0.0127,-0.036613),(0.14813,0.0127,-0.036613),
(0.148409,-0.0127,-0.154324),(0.148409,0.0127,-0.154324),(0.148635,-0.0127,
-0.062592),(0.148635,0.0127,-0.062592),(0.148758,-0.0127,-0.155118),(0.148758,
0.0127,-0.155118),(0.149142,-0.0127,-0.155959),(0.149142,0.0127,-0.155959),
(0.149208,-0.0127,-0.196117),(0.149208,0.0127,-0.196117),(0.149221,-0.0127,
-0.195935),(0.149221,0.0127,-0.195935),(0.14925,-0.0127,-0.196228),(0.14925,
0.0127,-0.196228),(0.149277,-0.0127,-0.19625),(0.149277,0.0127,-0.19625),
(0.149281,-0.0127,-0.195699),(0.149281,0.0127,-0.195699),(0.149308,-0.0127,
-0.196263),(0.149308,0.0127,-0.196263),(0.149342,-0.0127,-0.19627),(0.149342,
0.0127,-0.19627),(0.149378,-0.0127,-0.196269),(0.149378,0.0127,-0.196269),
(0.149381,-0.0127,-0.195423),(0.149381,0.0127,-0.195423),(0.149417,-0.0127,
-0.196262),(0.149417,0.0127,-0.196262),(0.149456,-0.0127,-0.196248),(0.149456,
0.0127,-0.196248),(0.149497,-0.0127,-0.196227),(0.149497,0.0127,-0.196227),
(0.149512,-0.0127,-0.195123),(0.149512,0.0127,-0.195123),(0.149538,-0.0127,
-0.1962),(0.149538,0.0127,-0.1962),(0.149562,-0.0127,-0.156852),(0.149562,
0.0127,-0.156852),(0.149578,-0.0127,-0.196168),(0.149578,0.0127,-0.196168),
(0.149618,-0.0127,-0.196129),(0.149618,0.0127,-0.196129),(0.149636,-0.0127,
-0.224355),(0.149636,0.0127,-0.224355),(0.149657,-0.0127,-0.196085),(0.149657,
0.0127,-0.196085),(0.149666,-0.0127,-0.194813),(0.149666,0.0127,-0.194813),
(0.149694,-0.0127,-0.196036),(0.149694,0.0127,-0.196036),(0.149747,-0.0127,
-0.195974),(0.149747,0.0127,-0.195974),(0.149832,-0.0127,-0.195894),(0.149832,
0.0127,-0.195894),(0.149835,-0.0127,-0.19451),(0.149835,0.0127,-0.19451),
(0.149945,-0.0127,-0.195797),(0.149945,0.0127,-0.195797),(0.150012,-0.0127,
-0.194228),(0.150012,0.0127,-0.194228),(0.150085,-0.0127,-0.195685),(0.150085,
0.0127,-0.195685),(0.15009,-0.0127,-0.036169),(0.15009,0.0127,-0.036169),
(0.150187,-0.0127,-0.193982),(0.150187,0.0127,-0.193982),(0.150208,-0.0127,
-0.061738),(0.150208,0.0127,-0.061738),(0.150249,-0.0127,-0.19556),(0.150249,
0.0127,-0.19556),(0.150353,-0.0127,-0.193787),(0.150353,0.0127,-0.193787),
(0.15036,-0.0127,-0.158563),(0.15036,0.0127,-0.158563),(0.150433,-0.0127,
-0.195424),(0.150433,0.0127,-0.195424),(0.150503,-0.0127,-0.193659),(0.150503,
0.0127,-0.193659),(0.150627,-0.0127,-0.193613),(0.150627,0.0127,-0.193613),
(0.150636,-0.0127,-0.195279),(0.150636,0.0127,-0.195279),(0.150691,-0.0127,
-0.193604),(0.150691,0.0127,-0.193604),(0.150776,-0.0127,-0.193579),(0.150776,
0.0127,-0.193579),(0.150855,-0.0127,-0.195127),(0.150855,0.0127,-0.195127),
(0.150878,-0.0127,-0.193537),(0.150878,0.0127,-0.193537),(0.150996,-0.0127,
-0.193481),(0.150996,0.0127,-0.193481),(0.151075,-0.0127,-0.160185),(0.151075,
0.0127,-0.160185),(0.151088,-0.0127,-0.194969),(0.151088,0.0127,-0.194969),
(0.151128,-0.0127,-0.193412),(0.151128,0.0127,-0.193412),(0.151272,-0.0127,
-0.193331),(0.151272,0.0127,-0.193331),(0.151331,-0.0127,-0.194808),(0.151331,
0.0127,-0.194808),(0.151426,-0.0127,-0.193238),(0.151426,0.0127,-0.193238),
(0.151582,-0.0127,-0.194645),(0.151582,0.0127,-0.194645),(0.151588,-0.0127,
-0.193136),(0.151588,0.0127,-0.193136),(0.151621,-0.0127,-0.225749),(0.151621,
0.0127,-0.225749),(0.151715,-0.0127,-0.161747),(0.151715,0.0127,-0.161747),
(0.151756,-0.0127,-0.193024),(0.151756,0.0127,-0.193024),(0.1518,-0.0127,
-0.060806),(0.1518,0.0127,-0.060806),(0.151839,-0.0127,-0.194482),(0.151839,
0.0127,-0.194482),(0.151928,-0.0127,-0.192906),(0.151928,0.0127,-0.192906),
(0.152078,-0.0127,-0.035769),(0.152078,0.0127,-0.035769),(0.152101,-0.0127,
-0.192781),(0.152101,0.0127,-0.192781),(0.152275,-0.0127,-0.19265),(0.152275,
0.0127,-0.19265),(0.152286,-0.0127,-0.163278),(0.152286,0.0127,-0.163278),
(0.152493,-0.0127,-0.192494),(0.152493,0.0127,-0.192494),(0.152716,-0.0127,
-0.19235),(0.152716,0.0127,-0.19235),(0.152798,-0.0127,-0.164807),(0.152798,
0.0127,-0.164807),(0.152945,-0.0127,-0.192218),(0.152945,0.0127,-0.192218),
(0.153182,-0.0127,-0.192098),(0.153182,0.0127,-0.192098),(0.153258,-0.0127,
-0.166362),(0.153258,0.0127,-0.166362),(0.153261,-0.0127,-0.193665),(0.153261,
0.0127,-0.193665),(0.153402,-0.0127,-0.059803),(0.153402,0.0127,-0.059803),
(0.153425,-0.0127,-0.191991),(0.153425,0.0127,-0.191991),(0.153674,-0.0127,
-0.167973),(0.153674,0.0127,-0.167973),(0.153676,-0.0127,-0.191895),(0.153676,
0.0127,-0.191895),(0.153774,-0.0127,-0.226877),(0.153774,0.0127,-0.226877),
(0.153935,-0.0127,-0.191812),(0.153935,0.0127,-0.191812),(0.154054,-0.0127,
-0.169668),(0.154054,0.0127,-0.169668),(0.154096,-0.0127,-0.035411),(0.154096,
0.0127,-0.035411),(0.154202,-0.0127,-0.19174),(0.154202,0.0127,-0.19174),
(0.154407,-0.0127,-0.171476),(0.154407,0.0127,-0.171476),(0.154479,-0.0127,
-0.191679),(0.154479,0.0127,-0.191679),(0.154706,-0.0127,-0.192977),(0.154706,
0.0127,-0.192977),(0.154739,-0.0127,-0.173425),(0.154739,0.0127,-0.173425),
(0.154764,-0.0127,-0.19163),(0.154764,0.0127,-0.19163),(0.155006,-0.0127,
-0.058734),(0.155006,0.0127,-0.058734),(0.155059,-0.0127,-0.191593),(0.155059,
-0.0127,-0.175545),(0.155059,0.0127,-0.191593),(0.155059,0.0127,-0.175545),
(0.155365,-0.0127,-0.191567),(0.155365,0.0127,-0.191567),(0.15537,-0.0127,
-0.035171),(0.15537,0.0127,-0.035171),(0.155376,-0.0127,-0.177865),(0.155376,
0.0127,-0.177865),(0.15551,-0.0127,-0.178872),(0.15551,0.0127,-0.178872),
(0.155636,-0.0127,-0.179762),(0.155636,0.0127,-0.179762),(0.155758,-0.0127,
-0.180544),(0.155758,0.0127,-0.180544),(0.155868,-0.0127,-0.191515),(0.155868,
0.0127,-0.191515),(0.155877,-0.0127,-0.181233),(0.155877,0.0127,-0.181233),
(0.155998,-0.0127,-0.18184),(0.155998,0.0127,-0.18184),(0.156055,-0.0127,
-0.227726),(0.156055,0.0127,-0.227726),(0.156123,-0.0127,-0.182377),(0.156123,
0.0127,-0.182377),(0.15617,-0.0127,-0.192419),(0.15617,0.0127,-0.192419),
(0.156256,-0.0127,-0.182857),(0.156256,0.0127,-0.182857),(0.156356,-0.0127,
-0.191432),(0.156356,0.0127,-0.191432),(0.156399,-0.0127,-0.183292),(0.156399,
0.0127,-0.183292),(0.156556,-0.0127,-0.183694),(0.156556,0.0127,-0.183694),
(0.156587,-0.0127,-0.034883),(0.156587,0.0127,-0.034883),(0.156602,-0.0127,
-0.057604),(0.156602,0.0127,-0.057604),(0.15673,-0.0127,-0.184075),(0.15673,
0.0127,-0.184075),(0.156822,-0.0127,-0.19132),(0.156822,0.0127,-0.19132),
(0.156924,-0.0127,-0.184448),(0.156924,0.0127,-0.184448),(0.157141,-0.0127,
-0.184825),(0.157141,0.0127,-0.184825),(0.157262,-0.0127,-0.191183),(0.157262,
0.0127,-0.191183),(0.157436,-0.0127,-0.185329),(0.157436,0.0127,-0.185329),
(0.157649,-0.0127,-0.19199),(0.157649,0.0127,-0.19199),(0.157668,-0.0127,
-0.191024),(0.157668,0.0127,-0.191024),(0.157711,-0.0127,-0.185818),(0.157711,
0.0127,-0.185818),(0.157759,-0.0127,-0.034538),(0.157759,0.0127,-0.034538),
(0.157964,-0.0127,-0.186291),(0.157964,0.0127,-0.186291),(0.158037,-0.0127,
-0.190844),(0.158037,0.0127,-0.190844),(0.158181,-0.0127,-0.056419),(0.158181,
0.0127,-0.056419),(0.158195,-0.0127,-0.186746),(0.158195,0.0127,-0.186746),
(0.158363,-0.0127,-0.190648),(0.158363,0.0127,-0.190648),(0.158403,-0.0127,
-0.187181),(0.158403,0.0127,-0.187181),(0.158423,-0.0127,-0.228285),(0.158423,
0.0127,-0.228285),(0.158587,-0.0127,-0.187595),(0.158587,0.0127,-0.187595),
(0.158639,-0.0127,-0.190439),(0.158639,0.0127,-0.190439),(0.158746,-0.0127,
-0.187985),(0.158746,0.0127,-0.187985),(0.158861,-0.0127,-0.190219),(0.158861,
0.0127,-0.190219),(0.15888,-0.0127,-0.18835),(0.15888,0.0127,-0.18835),
(0.158901,-0.0127,-0.034132),(0.158901,0.0127,-0.034132),(0.158988,-0.0127,
-0.188688),(0.158988,0.0127,-0.188688),(0.159024,-0.0127,-0.189991),(0.159024,
0.0127,-0.189991),(0.159068,-0.0127,-0.188997),(0.159068,0.0127,-0.188997),
(0.15912,-0.0127,-0.189758),(0.15912,0.0127,-0.189758),(0.159122,-0.0127,
-0.189277),(0.159122,0.0127,-0.189277),(0.159142,-0.0127,-0.191693),(0.159142,
0.0127,-0.191693),(0.159146,-0.0127,-0.189524),(0.159146,0.0127,-0.189524),
(0.159735,-0.0127,-0.055185),(0.159735,0.0127,-0.055185),(0.160023,-0.0127,
-0.033657),(0.160023,0.0127,-0.033657),(0.160643,-0.0127,-0.191525),(0.160643,
0.0127,-0.191525),(0.160839,-0.0127,-0.228541),(0.160839,0.0127,-0.228541),
(0.161139,-0.0127,-0.033105),(0.161139,0.0127,-0.033105),(0.161254,-0.0127,
-0.053906),(0.161254,0.0127,-0.053906),(0.161939,-0.0127,-0.053318),(0.161939,
0.0127,-0.053318),(0.162151,-0.0127,-0.191489),(0.162151,0.0127,-0.191489),
(0.162261,-0.0127,-0.032472),(0.162261,0.0127,-0.032472),(0.162566,-0.0127,
-0.052794),(0.162566,0.0127,-0.052794),(0.163142,-0.0127,-0.052328),(0.163142,
0.0127,-0.052328),(0.163263,-0.0127,-0.228481),(0.163263,0.0127,-0.228481),
(0.163403,-0.0127,-0.03175),(0.163403,0.0127,-0.03175),(0.163662,-0.0127,
-0.191583),(0.163662,0.0127,-0.191583),(0.163676,-0.0127,-0.051915),(0.163676,
0.0127,-0.051915),(0.164176,-0.0127,-0.05155),(0.164176,0.0127,-0.05155),
(0.164575,-0.0127,-0.030932),(0.164575,0.0127,-0.030932),(0.164649,-0.0127,
-0.051227),(0.164649,0.0127,-0.051227),(0.165105,-0.0127,-0.050942),(0.165105,
0.0127,-0.050942),(0.165172,-0.0127,-0.191808),(0.165172,0.0127,-0.191808),
(0.16555,-0.0127,-0.050689),(0.16555,0.0127,-0.050689),(0.165655,-0.0127,
-0.228095),(0.165655,0.0127,-0.228095),(0.165792,-0.0127,-0.030011),(0.165792,
0.0127,-0.030011),(0.165993,-0.0127,-0.050463),(0.165993,0.0127,-0.050463),
(0.166441,-0.0127,-0.050258),(0.166441,0.0127,-0.050258),(0.166678,-0.0127,
-0.192165),(0.166678,0.0127,-0.192165),(0.166903,-0.0127,-0.050069),(0.166903,
0.0127,-0.050069),(0.167065,-0.0127,-0.028982),(0.167065,0.0127,-0.028982),
(0.167387,-0.0127,-0.049892),(0.167387,0.0127,-0.049892),(0.167975,-0.0127,
-0.227369),(0.167975,0.0127,-0.227369),(0.168178,-0.0127,-0.192654),(0.168178,
0.0127,-0.192654),(0.168262,-0.0127,-0.049575),(0.168262,0.0127,-0.049575),
(0.168407,-0.0127,-0.027837),(0.168407,0.0127,-0.027837),(0.16906,-0.0127,
-0.049257),(0.16906,0.0127,-0.049257),(0.169387,-0.0127,-0.026994),(0.169387,
0.0127,-0.026994),(0.169668,-0.0127,-0.193275),(0.169668,0.0127,-0.193275),
(0.1698,-0.0127,-0.048926),(0.1698,0.0127,-0.048926),(0.170183,-0.0127,
-0.226292),(0.170183,0.0127,-0.226292),(0.170358,-0.0127,-0.026181),(0.170358,
0.0127,-0.026181),(0.170498,-0.0127,-0.04857),(0.170498,0.0127,-0.04857),
(0.170788,-0.0127,-0.193868),(0.170788,0.0127,-0.193868),(0.171172,-0.0127,
-0.048177),(0.171172,0.0127,-0.048177),(0.171318,-0.0127,-0.025398),(0.171318,
0.0127,-0.025398),(0.171351,-0.0127,-0.225567),(0.171351,0.0127,-0.225567),
(0.171839,-0.0127,-0.047734),(0.171839,0.0127,-0.047734),(0.171906,-0.0127,
-0.194603),(0.171906,0.0127,-0.194603),(0.172263,-0.0127,-0.02465),(0.172263,
0.0127,-0.02465),(0.172439,-0.0127,-0.224808),(0.172439,0.0127,-0.224808),
(0.172517,-0.0127,-0.047229),(0.172517,0.0127,-0.047229),(0.173006,-0.0127,
-0.195461),(0.173006,0.0127,-0.195461),(0.17319,-0.0127,-0.023938),(0.17319,
0.0127,-0.023938),(0.173223,-0.0127,-0.046651),(0.173223,0.0127,-0.046651),
(0.173449,-0.0127,-0.224013),(0.173449,0.0127,-0.224013),(0.173975,-0.0127,
-0.045986),(0.173975,0.0127,-0.045986),(0.174074,-0.0127,-0.196422),(0.174074,
0.0127,-0.196422),(0.174096,-0.0127,-0.023263),(0.174096,0.0127,-0.023263),
(0.174384,-0.0127,-0.22318),(0.174384,0.0127,-0.22318),(0.174789,-0.0127,
-0.045223),(0.174789,0.0127,-0.045223),(0.174978,-0.0127,-0.02263),(0.174978,
0.0127,-0.02263),(0.175095,-0.0127,-0.19747),(0.175095,0.0127,-0.19747),
(0.175244,-0.0127,-0.222308),(0.175244,0.0127,-0.222308),(0.175683,-0.0127,
-0.044349),(0.175683,0.0127,-0.044349),(0.175833,-0.0127,-0.022039),(0.175833,
0.0127,-0.022039),(0.176031,-0.0127,-0.221393),(0.176031,0.0127,-0.221393),
(0.176055,-0.0127,-0.198586),(0.176055,0.0127,-0.198586),(0.176658,-0.0127,
-0.021494),(0.176658,0.0127,-0.021494),(0.176675,-0.0127,-0.043353),(0.176675,
0.0127,-0.043353),(0.176747,-0.0127,-0.220433),(0.176747,0.0127,-0.220433),
(0.176939,-0.0127,-0.199752),(0.176939,0.0127,-0.199752),(0.177213,-0.0127,
-0.042816),(0.177213,0.0127,-0.042816),(0.177394,-0.0127,-0.219428),(0.177394,
0.0127,-0.219428),(0.17745,-0.0127,-0.020996),(0.17745,0.0127,-0.020996),
(0.177731,-0.0127,-0.20095),(0.177731,0.0127,-0.20095),(0.177787,-0.0127,
-0.042261),(0.177787,0.0127,-0.042261),(0.177973,-0.0127,-0.218373),(0.177973,
0.0127,-0.218373),(0.178205,-0.0127,-0.020547),(0.178205,0.0127,-0.020547),
(0.178388,-0.0127,-0.041694),(0.178388,0.0127,-0.041694),(0.178418,-0.0127,
-0.20216),(0.178418,0.0127,-0.20216),(0.178487,-0.0127,-0.217268),(0.178487,
0.0127,-0.217268),(0.178921,-0.0127,-0.020151),(0.178921,0.0127,-0.020151),
(0.178937,-0.0127,-0.21611),(0.178937,0.0127,-0.21611),(0.178984,-0.0127,
-0.203366),(0.178984,0.0127,-0.203366),(0.179009,-0.0127,-0.041123),(0.179009,
0.0127,-0.041123),(0.179246,-0.0127,-0.019978),(0.179246,0.0127,-0.019978),
(0.179324,-0.0127,-0.214896),(0.179324,0.0127,-0.214896),(0.179415,-0.0127,
-0.204549),(0.179415,0.0127,-0.204549),(0.179474,-0.0127,-0.214296),(0.179474,
0.0127,-0.214296),(0.179591,-0.0127,-0.019793),(0.179591,0.0127,-0.019793),
(0.179605,-0.0127,-0.213616),(0.179605,0.0127,-0.213616),(0.17964,-0.0127,
-0.040555),(0.17964,0.0127,-0.040555),(0.179697,-0.0127,-0.20569),(0.179697,
0.0127,-0.20569),(0.179715,-0.0127,-0.21287),(0.179715,0.0127,-0.21287),
(0.179795,-0.0127,-0.20635),(0.179795,0.0127,-0.20635),(0.179804,-0.0127,
-0.212074),(0.179804,0.0127,-0.212074),(0.179869,-0.0127,-0.207079),(0.179869,
0.0127,-0.207079),(0.179872,-0.0127,-0.211242),(0.179872,0.0127,-0.211242),
(0.179917,-0.0127,-0.207862),(0.179917,0.0127,-0.207862),(0.179918,-0.0127,
-0.210391),(0.179918,0.0127,-0.210391),(0.179941,-0.0127,-0.209533),(0.179941,
-0.0127,-0.208686),(0.179941,0.0127,-0.209533),(0.179941,0.0127,-0.208686),
(0.179951,-0.0127,-0.0196),(0.179951,0.0127,-0.0196),(0.180273,-0.0127,
-0.039998),(0.180273,0.0127,-0.039998),(0.180323,-0.0127,-0.0194),(0.180323,
0.0127,-0.0194),(0.1807,-0.0127,-0.019197),(0.1807,0.0127,-0.019197),(0.180899,
-0.0127,-0.03946),(0.180899,0.0127,-0.03946),(0.181077,-0.0127,-0.018993),
(0.181077,0.0127,-0.018993),(0.18145,-0.0127,-0.018792),(0.18145,0.0127,
-0.018792),(0.18151,-0.0127,-0.038946),(0.18151,0.0127,-0.038946),(0.181814,
-0.0127,-0.018595),(0.181814,0.0127,-0.018595),(0.182098,-0.0127,-0.038466),
(0.182098,0.0127,-0.038466),(0.182163,-0.0127,-0.018405),(0.182163,0.0127,
-0.018405),(0.182492,-0.0127,-0.018226),(0.182492,0.0127,-0.018226),(0.182654,
-0.0127,-0.038026),(0.182654,0.0127,-0.038026),(0.182797,-0.0127,-0.01806),
(0.182797,0.0127,-0.01806),(0.183072,-0.0127,-0.017909),(0.183072,0.0127,
-0.017909),(0.18317,-0.0127,-0.037633),(0.18317,0.0127,-0.037633),(0.183636,
-0.0127,-0.037296),(0.183636,0.0127,-0.037296),(0.183931,-0.0127,-0.017437),
(0.183931,0.0127,-0.017437),(0.184613,-0.0127,-0.036602),(0.184613,0.0127,
-0.036602),(0.184763,-0.0127,-0.016981),(0.184763,0.0127,-0.016981),(0.185569,
-0.0127,-0.01654),(0.185569,0.0127,-0.01654),(0.185576,-0.0127,-0.035894),
(0.185576,0.0127,-0.035894),(0.186345,-0.0127,-0.016116),(0.186345,0.0127,
-0.016116),(0.186543,-0.0127,-0.035156),(0.186543,0.0127,-0.035156),(0.18709,
-0.0127,-0.01571),(0.18709,0.0127,-0.01571),(0.187533,-0.0127,-0.034372),
(0.187533,0.0127,-0.034372),(0.187803,-0.0127,-0.015322),(0.187803,0.0127,
-0.015322),(0.188482,-0.0127,-0.014954),(0.188482,0.0127,-0.014954),(0.188564,
-0.0127,-0.033528),(0.188564,0.0127,-0.033528),(0.189125,-0.0127,-0.014606),
(0.189125,0.0127,-0.014606),(0.189652,-0.0127,-0.032608),(0.189652,0.0127,
-0.032608),(0.189731,-0.0127,-0.014279),(0.189731,0.0127,-0.014279),(0.190298,
-0.0127,-0.013975),(0.190298,0.0127,-0.013975),(0.190816,-0.0127,-0.031597),
(0.190816,0.0127,-0.031597),(0.190825,-0.0127,-0.013693),(0.190825,0.0127,
-0.013693),(0.191309,-0.0127,-0.013435),(0.191309,0.0127,-0.013435),(0.19202,
-0.0127,-0.013027),(0.19202,0.0127,-0.013027),(0.192075,-0.0127,-0.03048),
(0.192075,0.0127,-0.03048),(0.192733,-0.0127,-0.012557),(0.192733,0.0127,
-0.012557),(0.193442,-0.0127,-0.012029),(0.193442,0.0127,-0.012029),(0.193445,
-0.0127,-0.029241),(0.193445,0.0127,-0.029241),(0.194143,-0.0127,-0.011449),
(0.194143,0.0127,-0.011449),(0.194833,-0.0127,-0.010821),(0.194833,0.0127,
-0.010821),(0.194944,-0.0127,-0.027864),(0.194944,0.0127,-0.027864),(0.195506,
-0.0127,-0.010148),(0.195506,0.0127,-0.010148),(0.196159,-0.0127,-0.009437),
(0.196159,0.0127,-0.009437),(0.196591,-0.0127,-0.026336),(0.196591,0.0127,
-0.026336),(0.196788,-0.0127,-0.00869),(0.196788,0.0127,-0.00869),(0.197387,
-0.0127,-0.007913),(0.197387,0.0127,-0.007913),(0.197953,-0.0127,-0.00711),
(0.197953,0.0127,-0.00711),(0.198403,-0.0127,-0.02464),(0.198403,0.0127,
-0.02464),(0.198481,-0.0127,-0.006286),(0.198481,0.0127,-0.006286),(0.198967,
-0.0127,-0.005444),(0.198967,0.0127,-0.005444),(0.19946,-0.0127,-0.023651),
(0.19946,0.0127,-0.023651),(0.199512,-0.0127,-0.004468),(0.199512,0.0127,
-0.004468),(0.200016,-0.0127,-0.003613),(0.200016,0.0127,-0.003613),(0.200415,
-0.0127,-0.02277),(0.200415,0.0127,-0.02277),(0.200487,-0.0127,-0.002873),
(0.200487,0.0127,-0.002873),(0.20093,-0.0127,-0.002242),(0.20093,0.0127,
-0.002242),(0.201275,-0.0127,-0.02199),(0.201275,0.0127,-0.02199),(0.201355,
-0.0127,-0.001712),(0.201355,0.0127,-0.001712),(0.201768,-0.0127,-0.001276),
(0.201768,0.0127,-0.001276),(0.202045,-0.0127,-0.021306),(0.202045,0.0127,
-0.021306),(0.202177,-0.0127,-0.000926),(0.202177,0.0127,-0.000926),(0.202588,
-0.0127,-0.000657),(0.202588,0.0127,-0.000657),(0.202733,-0.0127,-0.020714),
(0.202733,0.0127,-0.020714),(0.203009,-0.0127,-0.000461),(0.203009,0.0127,
-0.000461),(0.203345,-0.0127,-0.020208),(0.203345,0.0127,-0.020208),(0.203448,
-0.0127,-0.000331),(0.203448,0.0127,-0.000331),(0.203886,-0.0127,-0.019782),
(0.203886,0.0127,-0.019782),(0.203912,-0.0127,-0.00026),(0.203912,0.0127,
-0.00026),(0.204364,-0.0127,-0.019432),(0.204364,0.0127,-0.019432),(0.204408,
-0.0127,-0.000241),(0.204408,0.0127,-0.000241),(0.204785,-0.0127,-0.019153),
(0.204785,0.0127,-0.019153),(0.204788,-0.0127,-0.000272),(0.204788,0.0127,
-0.000272),(0.205155,-0.0127,-0.018939),(0.205155,0.0127,-0.018939),(0.205207,
-0.0127,-0.000355),(0.205207,0.0127,-0.000355),(0.20548,-0.0127,-0.018786),
(0.20548,0.0127,-0.018786),(0.205659,-0.0127,-0.000487),(0.205659,0.0127,
-0.000487),(0.205767,-0.0127,-0.018688),(0.205767,0.0127,-0.018688),(0.206008,
-0.0127,-0.01863),(0.206008,0.0127,-0.01863),(0.206138,-0.0127,-0.000665),
(0.206138,0.0127,-0.000665),(0.206331,-0.0127,-0.018564),(0.206331,0.0127,
-0.018564),(0.206639,-0.0127,-0.000885),(0.206639,0.0127,-0.000885),(0.206726,
-0.0127,-0.018492),(0.206726,0.0127,-0.018492),(0.207155,-0.0127,-0.001145),
(0.207155,0.0127,-0.001145),(0.207187,-0.0127,-0.018415),(0.207187,0.0127,
-0.018415),(0.207681,-0.0127,-0.001441),(0.207681,0.0127,-0.001441),(0.207704,
-0.0127,-0.018334),(0.207704,0.0127,-0.018334),(0.208211,-0.0127,-0.001771),
(0.208211,0.0127,-0.001771),(0.208271,-0.0127,-0.018249),(0.208271,0.0127,
-0.018249),(0.208739,-0.0127,-0.002131),(0.208739,0.0127,-0.002131),(0.208879,
-0.0127,-0.018162),(0.208879,0.0127,-0.018162),(0.209259,-0.0127,-0.002518),
(0.209259,0.0127,-0.002518),(0.209521,-0.0127,-0.018075),(0.209521,0.0127,
-0.018075),(0.209765,-0.0127,-0.002929),(0.209765,0.0127,-0.002929),(0.210189,
-0.0127,-0.017988),(0.210189,0.0127,-0.017988),(0.210252,-0.0127,-0.00336),
(0.210252,0.0127,-0.00336),(0.210655,-0.0127,-0.003732),(0.210655,0.0127,
-0.003732),(0.210874,-0.0127,-0.017902),(0.210874,0.0127,-0.017902),(0.211007,
-0.0127,-0.004044),(0.211007,0.0127,-0.004044),(0.211323,-0.0127,-0.004304),
(0.211323,0.0127,-0.004304),(0.211569,-0.0127,-0.017819),(0.211569,0.0127,
-0.017819),(0.211616,-0.0127,-0.004516),(0.211616,0.0127,-0.004516),(0.211901,
-0.0127,-0.004687),(0.211901,0.0127,-0.004687),(0.212194,-0.0127,-0.004822),
(0.212194,0.0127,-0.004822),(0.212266,-0.0127,-0.01774),(0.212266,0.0127,
-0.01774),(0.212508,-0.0127,-0.004927),(0.212508,0.0127,-0.004927),(0.212858,
-0.0127,-0.005008),(0.212858,0.0127,-0.005008),(0.213259,-0.0127,-0.005071),
(0.213259,0.0127,-0.005071),(0.213683,-0.0127,-0.017576),(0.213683,0.0127,
-0.017576),(0.213725,-0.0127,-0.00512),(0.213725,0.0127,-0.00512),(0.214271,
-0.0127,-0.005163),(0.214271,0.0127,-0.005163),(0.214911,-0.0127,-0.005204),
(0.214911,0.0127,-0.005204),(0.215081,-0.0127,-0.017404),(0.215081,0.0127,
-0.017404),(0.215857,-0.0127,-0.00529),(0.215857,0.0127,-0.00529),(0.216447,
-0.0127,-0.017225),(0.216447,0.0127,-0.017225),(0.216783,-0.0127,-0.005431),
(0.216783,0.0127,-0.005431),(0.217688,-0.0127,-0.005627),(0.217688,0.0127,
-0.005627),(0.217771,-0.0127,-0.01704),(0.217771,0.0127,-0.01704),(0.218572,
-0.0127,-0.005876),(0.218572,0.0127,-0.005876),(0.219038,-0.0127,-0.016852),
(0.219038,0.0127,-0.016852),(0.219434,-0.0127,-0.006179),(0.219434,0.0127,
-0.006179),(0.220237,-0.0127,-0.016663),(0.220237,0.0127,-0.016663),(0.220274,
-0.0127,-0.006536),(0.220274,0.0127,-0.006536),(0.221091,-0.0127,-0.006945),
(0.221091,0.0127,-0.006945),(0.221356,-0.0127,-0.016475),(0.221356,0.0127,
-0.016475),(0.221885,-0.0127,-0.007408),(0.221885,0.0127,-0.007408),(0.222382,
-0.0127,-0.01629),(0.222382,0.0127,-0.01629),(0.222654,-0.0127,-0.007924),
(0.222654,0.0127,-0.007924),(0.223304,-0.0127,-0.01611),(0.223304,0.0127,
-0.01611),(0.2234,-0.0127,-0.008493),(0.2234,0.0127,-0.008493),(0.224108,
-0.0127,-0.015936),(0.224108,0.0127,-0.015936),(0.22412,-0.0127,-0.009113),
(0.22412,0.0127,-0.009113),(0.224783,-0.0127,-0.015771),(0.224783,0.0127,
-0.015771),(0.224815,-0.0127,-0.009786),(0.224815,0.0127,-0.009786),(0.225316,
-0.0127,-0.015618),(0.225316,0.0127,-0.015618),(0.225494,-0.0127,-0.010519),
(0.225494,0.0127,-0.010519),(0.225912,-0.0127,-0.015384),(0.225912,0.0127,
-0.015384),(0.226057,-0.0127,-0.011207),(0.226057,0.0127,-0.011207),(0.226391,
-0.0127,-0.015103),(0.226391,0.0127,-0.015103),(0.226504,-0.0127,-0.011852),
(0.226504,0.0127,-0.011852),(0.226755,-0.0127,-0.014775),(0.226755,0.0127,
-0.014775),(0.226836,-0.0127,-0.012452),(0.226836,0.0127,-0.012452),(0.227003,
-0.0127,-0.014402),(0.227003,0.0127,-0.014402),(0.227051,-0.0127,-0.013007),
(0.227051,0.0127,-0.013007),(0.227135,-0.0127,-0.013982),(0.227135,0.0127,
-0.013982),(0.227151,-0.0127,-0.013517),(0.227151,0.0127,-0.013517)));
#135=COORDINATES_LIST('',59,((0.10453072560075,-0.0127,-0.165251652005772),
(0.10453072560075,-0.00291938600794545,-0.165251652005772),(0.10453072560075,
0.0127,-0.165251652005772),(0.104720755432416,-0.0127,-0.165107688745948),
(0.104720755432416,0.0127,-0.165107688745948),(0.104818514270247,-0.0127,
-0.16504059517706),(0.104818514270247,0.0127,-0.16504059517706),(0.104843845014111,
-0.0127,-0.165025405322439),(0.105117408720634,0.0127,-0.164861359886026),
(0.105117408720634,-0.0127,-0.164861359886026),(0.10543143087381,-0.0127,
-0.164710186907823),(0.10543143087381,0.0127,-0.164710186907823),(0.105757953155568,
-0.0127,-0.164588341179382),(0.105757953155568,0.0127,-0.164588341179382),
(0.105843,-0.0127,-0.165513),(0.105843,0.0127,-0.165513),(0.106094243397121,
-0.0127,-0.164496842242445),(0.106094243397121,0.0127,-0.164496842242445),
(0.106319168139257,-0.0127,-0.164453622682678),(0.106319168139257,0.0127,
-0.164453622682678),(0.106546283443427,-0.0127,-0.164423996535727),(0.106546283443427,
0.0127,-0.164423996535727),(0.10677476854802,-0.0127,-0.16440807086617),
(0.10677476854802,0.0127,-0.16440807086617),(0.107003797741163,-0.0127,
-0.164405903227057),(0.107003797741163,0.0127,-0.164405903227057),(0.107232543344731,
-0.0127,-0.164417501451918),(0.107232543344731,0.0127,-0.164417501451918),
(0.107460178705446,-0.0127,-0.16444282362646),(0.107460178705446,0.0127,
-0.16444282362646),(0.107685881182288,-0.0127,-0.164481778240034),(0.107685881182288,
0.0127,-0.164481778240034),(0.107696112985623,0.0127,-0.164483877287921),
(0.107908835119398,-0.0127,-0.164534224516343),(0.107908835119398,0.0127,
-0.164534224516343),(0.107932,-0.0127,-0.165679),(0.107932,0.0127,-0.165679),
(0.108127267934381,-0.0127,-0.164599651349198),(0.108127267934381,0.0127,
-0.164599651349198),(0.108341395646354,-0.0127,-0.164678027927865),(0.108341395646354,
0.0127,-0.164678027927865),(0.108435024765939,-0.0127,-0.164716966051808),
(0.108550451295657,-0.0127,-0.164769073524205),(0.108550451295657,0.0127,
-0.164769073524205),(0.108642469426825,-0.0127,-0.164815884491546),(0.108753686089673,
-0.0127,-0.164872462032367),(0.108753686089673,0.0127,-0.164872462032367),
(0.109007688505758,-0.0127,-0.165024505463836),(0.109007688505758,0.0127,
-0.165024505463836),(0.109249119586795,-0.0127,-0.165195810646301),(0.109249119586795,
0.0127,-0.165195810646301),(0.109314039741421,-0.0127,-0.165249291459405),
(0.109443888005091,-0.0127,-0.165356259638412),(0.109443888005091,0.0127,
-0.165356259638412),(0.109681618670676,-0.0127,-0.16558470636527),(0.109681618670676,
0.0127,-0.16558470636527),(0.109697736693391,-0.0127,-0.165601700164431),
(0.109697736693391,0.00936085194890721,-0.165601700164431),(0.109697736693391,
0.0127,-0.165601700164431)));
#136=TESSELLATED_SHELL('Curve',(#132),$);
#137=TESSELLATED_SHELL('ConvergentBody',(#133),$);
#138=SHAPE_DEFINITION_REPRESENTATION(#240,#142);
#139=SHAPE_DEFINITION_REPRESENTATION(#93,#143);
#140=SHAPE_DEFINITION_REPRESENTATION(#94,#144);
#141=SHAPE_DEFINITION_REPRESENTATION(#95,#145);
#142=SHAPE_REPRESENTATION('Curve',(#146),#235);
#143=SHAPE_REPRESENTATION($,(#136),$);
#144=SHAPE_REPRESENTATION($,(#137),$);
#145=SHAPE_REPRESENTATION($,(#80),$);
#146=AXIS2_PLACEMENT_3D('',#173,#155,#156);
#147=AXIS2_PLACEMENT_3D('',#174,#157,#158);
#148=AXIS2_PLACEMENT_3D('',#181,#159,#160);
#149=AXIS2_PLACEMENT_3D('',#188,#161,#162);
#150=AXIS2_PLACEMENT_3D('',#189,#163,#164);
#151=AXIS2_PLACEMENT_3D('',#190,#165,#166);
#152=AXIS2_PLACEMENT_3D('',#198,#167,#168);
#153=AXIS2_PLACEMENT_3D('',#204,#169,#170);
#154=AXIS2_PLACEMENT_3D('',#219,#171,#172);
#155=DIRECTION('',(0.,0.,1.));
#156=DIRECTION('',(1.,0.,0.));
#157=DIRECTION('',(0.,1.,0.));
#158=DIRECTION('',(0.,0.,1.));
#159=DIRECTION('',(0.,-1.,0.));
#160=DIRECTION('',(0.,0.,-1.));
#161=DIRECTION('',(0.,-1.,0.));
#162=DIRECTION('',(0.,0.,-1.));
#163=DIRECTION('',(0.,1.,0.));
#164=DIRECTION('',(0.,0.,1.));
#165=DIRECTION('',(0.,-1.,0.));
#166=DIRECTION('',(0.,0.,-1.));
#167=DIRECTION('',(0.,-1.,0.));
#168=DIRECTION('',(0.,0.,-1.));
#169=DIRECTION('',(0.,-1.,0.));
#170=DIRECTION('',(1.,0.,0.));
#171=DIRECTION('',(0.,-1.,0.));
#172=DIRECTION('',(1.,0.,0.));
#173=CARTESIAN_POINT('',(0.,0.,0.));
#174=CARTESIAN_POINT('',(0.106925324854592,-0.0127,-0.168215095005646));
#175=CARTESIAN_POINT('',(0.112450396082351,-0.0127,-0.165085224732265));
#176=CARTESIAN_POINT('',(0.112450396082351,-0.00423333333333333,-0.165085224732265));
#177=CARTESIAN_POINT('',(0.112450396082351,0.00423333333333334,-0.165085224732265));
#178=CARTESIAN_POINT('',(0.112450396082351,0.0127,-0.165085224732265));
#179=CARTESIAN_POINT('',(0.112450396082351,-0.0127,-0.165085224732265));
#180=CARTESIAN_POINT('',(0.112450396082351,0.0127,-0.165085224732265));
#181=CARTESIAN_POINT('',(0.106925324854592,-0.0127,-0.168215095005646));
#182=CARTESIAN_POINT('',(0.101788679384093,-0.0127,-0.164481815842444));
#183=CARTESIAN_POINT('',(0.101788679384093,0.0127,-0.164481815842444));
#184=CARTESIAN_POINT('',(0.101788679384093,0.00423333333333333,-0.164481815842444));
#185=CARTESIAN_POINT('',(0.101788679384093,-0.00423333333333333,-0.164481815842444));
#186=CARTESIAN_POINT('',(0.101788679384093,-0.0127,-0.164481815842444));
#187=CARTESIAN_POINT('',(0.101788679384093,0.0127,-0.164481815842444));
#188=CARTESIAN_POINT('',(0.106925324854592,0.0127,-0.168215095005646));
#189=CARTESIAN_POINT('',(0.106925324854592,-0.0127,-0.168215095005646));
#190=CARTESIAN_POINT('',(0.106925324854592,-0.0127,-0.168215095005646));
#191=CARTESIAN_POINT('',(0.10453072560075,-0.0127,-0.165251652005772));
#192=CARTESIAN_POINT('',(0.109697736693391,-0.0127,-0.165601700164431));
#193=CARTESIAN_POINT('',(0.109697736693391,-0.0127,-0.165601700164431));
#194=CARTESIAN_POINT('',(0.109697736693391,-0.00423333333333333,-0.165601700164431));
#195=CARTESIAN_POINT('',(0.109697736693391,0.00423333333333334,-0.165601700164431));
#196=CARTESIAN_POINT('',(0.109697736693391,0.0127,-0.165601700164431));
#197=CARTESIAN_POINT('',(0.109697736693391,0.0127,-0.165601700164431));
#198=CARTESIAN_POINT('',(0.106925324854592,0.0127,-0.168215095005646));
#199=CARTESIAN_POINT('',(0.10453072560075,0.0127,-0.165251652005772));
#200=CARTESIAN_POINT('',(0.10453072560075,0.0127,-0.165251652005773));
#201=CARTESIAN_POINT('',(0.10453072560075,0.00423333333333333,-0.165251652005773));
#202=CARTESIAN_POINT('',(0.10453072560075,-0.00423333333333333,-0.165251652005773));
#203=CARTESIAN_POINT('',(0.10453072560075,-0.0127,-0.165251652005773));
#204=CARTESIAN_POINT('',(0.106925324854592,0.0127,-0.168215095005646));
#205=CARTESIAN_POINT('',(0.109697736692486,0.0127,-0.165601700163472));
#206=CARTESIAN_POINT('',(0.109039439939493,0.0127,-0.164903348088464));
#207=CARTESIAN_POINT('',(0.107206977940626,0.0127,-0.164052033739784));
#208=CARTESIAN_POINT('',(0.105278002758269,0.0127,-0.16464781744049));
#209=CARTESIAN_POINT('',(0.10453072560742,0.0127,-0.165251652000382));
#210=CARTESIAN_POINT('',(0.101788679382861,0.0127,-0.164481815844138));
#211=CARTESIAN_POINT('',(0.102105974005546,0.0127,-0.164045247905789));
#212=CARTESIAN_POINT('',(0.10282150916763,0.0127,-0.163277329706211));
#213=CARTESIAN_POINT('',(0.104628162330364,0.0127,-0.162130455649746));
#214=CARTESIAN_POINT('',(0.107299326265201,0.0127,-0.161605652029245));
#215=CARTESIAN_POINT('',(0.109894530342263,0.0127,-0.162428790512638));
#216=CARTESIAN_POINT('',(0.111559765628107,0.0127,-0.16377137418532));
#217=CARTESIAN_POINT('',(0.112184254464542,0.0127,-0.164615412482355));
#218=CARTESIAN_POINT('',(0.112450396082351,0.0127,-0.165085224732265));
#219=CARTESIAN_POINT('',(0.106925324854592,-0.0127,-0.168215095005646));
#220=CARTESIAN_POINT('',(0.10453072560742,-0.0127,-0.165251652000382));
#221=CARTESIAN_POINT('',(0.105277197161015,-0.0127,-0.164648468400395));
#222=CARTESIAN_POINT('',(0.107207735958444,-0.0127,-0.164052085093012));
#223=CARTESIAN_POINT('',(0.109038729501111,-0.0127,-0.164902594422104));
#224=CARTESIAN_POINT('',(0.109697736692486,-0.0127,-0.165601700163472));
#225=CARTESIAN_POINT('',(0.112450396082351,-0.0127,-0.165085224732265));
#226=CARTESIAN_POINT('',(0.112184385702605,-0.0127,-0.164615644153186));
#227=CARTESIAN_POINT('',(0.111560064183949,-0.0127,-0.16377189562977));
#228=CARTESIAN_POINT('',(0.109894349943686,-0.0127,-0.162428499998701));
#229=CARTESIAN_POINT('',(0.107299457073184,-0.0127,-0.161605659432433));
#230=CARTESIAN_POINT('',(0.104627950304992,-0.0127,-0.162130723954117));
#231=CARTESIAN_POINT('',(0.102821864651703,-0.0127,-0.163276845277705));
#232=CARTESIAN_POINT('',(0.102106130545046,-0.0127,-0.164045032521973));
#233=CARTESIAN_POINT('',(0.101788679382861,-0.0127,-0.164481815844138));
#234=MECHANICAL_DESIGN_GEOMETRIC_PRESENTATION_REPRESENTATION('',(#96,#97,
#98,#99,#100),#235);
#235=(
GEOMETRIC_REPRESENTATION_CONTEXT(3)
GLOBAL_UNCERTAINTY_ASSIGNED_CONTEXT((#236))
GLOBAL_UNIT_ASSIGNED_CONTEXT((#239,#238,#237))
REPRESENTATION_CONTEXT('Curve','TOP_LEVEL_ASSEMBLY_PART')
);
#236=UNCERTAINTY_MEASURE_WITH_UNIT(LENGTH_MEASURE(2.E-5),#239,
'DISTANCE_ACCURACY_VALUE','Maximum Tolerance applied to model');
#237=(
NAMED_UNIT(*)
SI_UNIT($,.STERADIAN.)
SOLID_ANGLE_UNIT()
);
#238=(
NAMED_UNIT(*)
PLANE_ANGLE_UNIT()
SI_UNIT($,.RADIAN.)
);
#239=(
LENGTH_UNIT()
NAMED_UNIT(*)
SI_UNIT($,.METRE.)
);
#240=PRODUCT_DEFINITION_SHAPE('','',#241);
#241=PRODUCT_DEFINITION('','',#243,#242);
#242=PRODUCT_DEFINITION_CONTEXT('',#249,'design');
#243=PRODUCT_DEFINITION_FORMATION_WITH_SPECIFIED_SOURCE('','',#245,
 .NOT_KNOWN.);
#244=PRODUCT_RELATED_PRODUCT_CATEGORY('','',(#245));
#245=PRODUCT('Curve','Curve','Curve',(#247));
#246=PRODUCT_CATEGORY('','');
#247=PRODUCT_CONTEXT('',#249,'mechanical');
#248=APPLICATION_PROTOCOL_DEFINITION('international standard',
'ap242_managed_model_based_3d_engineering',2020,#249);
#249=APPLICATION_CONTEXT('managed model based 3d engineering');
ENDSEC;
END-ISO-10303-21;
