ISO-10303-21;
HEADER;
/* Generated by software containing ST-Developer
 * from STEP Tools, Inc. (www.steptools.com) 
 */
/* OPTION: using custom renumber hook */

FILE_DESCRIPTION(
/* description */ ('STEP AP242 Edition 2',
'CAx-IF Rec.Pracs.---Representation and Presentation of Product Manufa
cturing Information (PMI)---4.0---2014-10-13',
'CAx-IF Rec.Pracs.---3D Tessellated Geometry---0.4---2014-09-14','2;1',
'CAx-IF Rec.Pracs.---User Defined Attributes---1.5---2016-08-15'),
/* implementation_level */ '2;1');

FILE_NAME(
/* name */ '6a74f1f010077e304cb0cb12',
/* time_stamp */ '2026-08-06T20:43:29Z',
/* author */ (''),
/* organization */ (''),
/* preprocessor_version */ 'ST-DEVELOPER v20',
/* originating_system */ 'ONSHAPE BY PTC INC, 1.218',
/* authorisation */ '  ');

FILE_SCHEMA (('AP242_MANAGED_MODEL_BASED_3D_ENGINEERING_MIM_LF { 1 0 10303 442 3 1 4 }'));
ENDSEC;

DATA;
#10=B_SPLINE_CURVE_WITH_KNOTS('',3,(#4573,#4574,#4575,#4576,#4577),
 .UNSPECIFIED.,.F.,.F.,(4,1,4),(0.,0.0010037319765662,0.00200746395313239),
 .UNSPECIFIED.);
#11=B_SPLINE_CURVE_WITH_KNOTS('',3,(#4581,#4582,#4583,#4584,#4585),
 .UNSPECIFIED.,.F.,.F.,(4,1,4),(0.,0.00100389954773996,0.00200779909547992),
 .UNSPECIFIED.);
#12=B_SPLINE_CURVE_WITH_KNOTS('',3,(#4586,#4587,#4588,#4589,#4590),
 .UNSPECIFIED.,.F.,.F.,(4,1,4),(0.,0.000951068352922766,0.00190213670584553),
 .UNSPECIFIED.);
#13=B_SPLINE_CURVE_WITH_KNOTS('',3,(#4594,#4595,#4596,#4597,#4598),
 .UNSPECIFIED.,.F.,.F.,(4,1,4),(0.,0.00095115665147925,0.0019023133029585),
 .UNSPECIFIED.);
#14=VERTEX_LOOP('',#1438);
#15=CONICAL_SURFACE('',#2965,0.0024892,1.02974425867665);
#16=CONICAL_SURFACE('',#3169,0.000889,0.785398163397448);
#17=LINE('',#4045,#149);
#18=LINE('',#4048,#150);
#19=LINE('',#4050,#151);
#20=LINE('',#4052,#152);
#21=LINE('',#4086,#153);
#22=LINE('',#4089,#154);
#23=LINE('',#4091,#155);
#24=LINE('',#4093,#156);
#25=LINE('',#4095,#157);
#26=LINE('',#4098,#158);
#27=LINE('',#4099,#159);
#28=LINE('',#4101,#160);
#29=LINE('',#4103,#161);
#30=LINE('',#4105,#162);
#31=LINE('',#4107,#163);
#32=LINE('',#4141,#164);
#33=LINE('',#4159,#165);
#34=LINE('',#4162,#166);
#35=LINE('',#4164,#167);
#36=LINE('',#4166,#168);
#37=LINE('',#4168,#169);
#38=LINE('',#4170,#170);
#39=LINE('',#4172,#171);
#40=LINE('',#4174,#172);
#41=LINE('',#4175,#173);
#42=LINE('',#4177,#174);
#43=LINE('',#4179,#175);
#44=LINE('',#4181,#176);
#45=LINE('',#4183,#177);
#46=LINE('',#4185,#178);
#47=LINE('',#4186,#179);
#48=LINE('',#4188,#180);
#49=LINE('',#4189,#181);
#50=LINE('',#4191,#182);
#51=LINE('',#4196,#183);
#52=LINE('',#4201,#184);
#53=LINE('',#4214,#185);
#54=LINE('',#4217,#186);
#55=LINE('',#4219,#187);
#56=LINE('',#4221,#188);
#57=LINE('',#4223,#189);
#58=LINE('',#4225,#190);
#59=LINE('',#4227,#191);
#60=LINE('',#4229,#192);
#61=LINE('',#4231,#193);
#62=LINE('',#4233,#194);
#63=LINE('',#4235,#195);
#64=LINE('',#4237,#196);
#65=LINE('',#4239,#197);
#66=LINE('',#4241,#198);
#67=LINE('',#4243,#199);
#68=LINE('',#4245,#200);
#69=LINE('',#4247,#201);
#70=LINE('',#4249,#202);
#71=LINE('',#4251,#203);
#72=LINE('',#4253,#204);
#73=LINE('',#4254,#205);
#74=LINE('',#4280,#206);
#75=LINE('',#4284,#207);
#76=LINE('',#4286,#208);
#77=LINE('',#4288,#209);
#78=LINE('',#4290,#210);
#79=LINE('',#4294,#211);
#80=LINE('',#4298,#212);
#81=LINE('',#4300,#213);
#82=LINE('',#4302,#214);
#83=LINE('',#4306,#215);
#84=LINE('',#4310,#216);
#85=LINE('',#4312,#217);
#86=LINE('',#4314,#218);
#87=LINE('',#4318,#219);
#88=LINE('',#4322,#220);
#89=LINE('',#4323,#221);
#90=LINE('',#4518,#222);
#91=LINE('',#4521,#223);
#92=LINE('',#4523,#224);
#93=LINE('',#4525,#225);
#94=LINE('',#4532,#226);
#95=LINE('',#4534,#227);
#96=LINE('',#4536,#228);
#97=LINE('',#4538,#229);
#98=LINE('',#4540,#230);
#99=LINE('',#4542,#231);
#100=LINE('',#4544,#232);
#101=LINE('',#4546,#233);
#102=LINE('',#4548,#234);
#103=LINE('',#4550,#235);
#104=LINE('',#4552,#236);
#105=LINE('',#4554,#237);
#106=LINE('',#4556,#238);
#107=LINE('',#4563,#239);
#108=LINE('',#4564,#240);
#109=LINE('',#4566,#241);
#110=LINE('',#4569,#242);
#111=LINE('',#4571,#243);
#112=LINE('',#4612,#244);
#113=LINE('',#4613,#245);
#114=LINE('',#4618,#246);
#115=LINE('',#4619,#247);
#116=LINE('',#4623,#248);
#117=LINE('',#4641,#249);
#118=LINE('',#4642,#250);
#119=LINE('',#4652,#251);
#120=LINE('',#4655,#252);
#121=LINE('',#4657,#253);
#122=LINE('',#4659,#254);
#123=LINE('',#4661,#255);
#124=LINE('',#4663,#256);
#125=LINE('',#4665,#257);
#126=LINE('',#4667,#258);
#127=LINE('',#4669,#259);
#128=LINE('',#4671,#260);
#129=LINE('',#4673,#261);
#130=LINE('',#4675,#262);
#131=LINE('',#4677,#263);
#132=LINE('',#4679,#264);
#133=LINE('',#4681,#265);
#134=LINE('',#4683,#266);
#135=LINE('',#4685,#267);
#136=LINE('',#4686,#268);
#137=LINE('',#4700,#269);
#138=LINE('',#4703,#270);
#139=LINE('',#4705,#271);
#140=LINE('',#4707,#272);
#141=LINE('',#4709,#273);
#142=LINE('',#4711,#274);
#143=LINE('',#4713,#275);
#144=LINE('',#4715,#276);
#145=LINE('',#4717,#277);
#146=LINE('',#4719,#278);
#147=LINE('',#4721,#279);
#148=LINE('',#4722,#280);
#149=VECTOR('',#3247,1.);
#150=VECTOR('',#3248,1.);
#151=VECTOR('',#3249,1.);
#152=VECTOR('',#3250,1.);
#153=VECTOR('',#3285,1.);
#154=VECTOR('',#3286,1.);
#155=VECTOR('',#3287,1.);
#156=VECTOR('',#3288,1.);
#157=VECTOR('',#3291,1.);
#158=VECTOR('',#3292,1.);
#159=VECTOR('',#3293,1.);
#160=VECTOR('',#3296,1.);
#161=VECTOR('',#3297,1.);
#162=VECTOR('',#3300,1.);
#163=VECTOR('',#3301,1.);
#164=VECTOR('',#3336,1.);
#165=VECTOR('',#3371,1.);
#166=VECTOR('',#3372,1.);
#167=VECTOR('',#3373,1.);
#168=VECTOR('',#3374,1.);
#169=VECTOR('',#3377,1.);
#170=VECTOR('',#3378,1.);
#171=VECTOR('',#3379,1.);
#172=VECTOR('',#3380,1.);
#173=VECTOR('',#3381,1.);
#174=VECTOR('',#3382,1.);
#175=VECTOR('',#3385,1.);
#176=VECTOR('',#3386,1.);
#177=VECTOR('',#3387,1.);
#178=VECTOR('',#3390,1.);
#179=VECTOR('',#3391,1.);
#180=VECTOR('',#3392,1.);
#181=VECTOR('',#3393,1.);
#182=VECTOR('',#3394,1.);
#183=VECTOR('',#3401,1.);
#184=VECTOR('',#3408,1.);
#185=VECTOR('',#3427,1.);
#186=VECTOR('',#3428,1.);
#187=VECTOR('',#3429,1.);
#188=VECTOR('',#3430,1.);
#189=VECTOR('',#3433,1.);
#190=VECTOR('',#3434,1.);
#191=VECTOR('',#3435,1.);
#192=VECTOR('',#3438,1.);
#193=VECTOR('',#3439,1.);
#194=VECTOR('',#3440,1.);
#195=VECTOR('',#3443,1.);
#196=VECTOR('',#3444,1.);
#197=VECTOR('',#3445,1.);
#198=VECTOR('',#3448,1.);
#199=VECTOR('',#3449,1.);
#200=VECTOR('',#3450,1.);
#201=VECTOR('',#3453,1.);
#202=VECTOR('',#3454,1.);
#203=VECTOR('',#3455,1.);
#204=VECTOR('',#3458,1.);
#205=VECTOR('',#3459,1.);
#206=VECTOR('',#3494,1.);
#207=VECTOR('',#3497,1.);
#208=VECTOR('',#3500,1.);
#209=VECTOR('',#3501,1.);
#210=VECTOR('',#3502,1.);
#211=VECTOR('',#3507,1.);
#212=VECTOR('',#3512,1.);
#213=VECTOR('',#3513,1.);
#214=VECTOR('',#3514,1.);
#215=VECTOR('',#3519,1.);
#216=VECTOR('',#3524,1.);
#217=VECTOR('',#3525,1.);
#218=VECTOR('',#3526,1.);
#219=VECTOR('',#3531,1.);
#220=VECTOR('',#3536,1.);
#221=VECTOR('',#3537,1.);
#222=VECTOR('',#3774,1.);
#223=VECTOR('',#3775,1.);
#224=VECTOR('',#3776,1.);
#225=VECTOR('',#3779,1.);
#226=VECTOR('',#3784,1.);
#227=VECTOR('',#3785,1.);
#228=VECTOR('',#3788,1.);
#229=VECTOR('',#3789,1.);
#230=VECTOR('',#3790,1.);
#231=VECTOR('',#3791,1.);
#232=VECTOR('',#3794,1.);
#233=VECTOR('',#3795,1.);
#234=VECTOR('',#3796,1.);
#235=VECTOR('',#3799,1.);
#236=VECTOR('',#3800,1.);
#237=VECTOR('',#3801,1.);
#238=VECTOR('',#3802,1.);
#239=VECTOR('',#3809,1.);
#240=VECTOR('',#3810,1.);
#241=VECTOR('',#3813,1.);
#242=VECTOR('',#3814,1.);
#243=VECTOR('',#3815,1.);
#244=VECTOR('',#3836,1.);
#245=VECTOR('',#3837,1.);
#246=VECTOR('',#3842,1.);
#247=VECTOR('',#3843,1.);
#248=VECTOR('',#3846,1.);
#249=VECTOR('',#3873,1.);
#250=VECTOR('',#3874,1.);
#251=VECTOR('',#3893,1.);
#252=VECTOR('',#3894,1.);
#253=VECTOR('',#3895,1.);
#254=VECTOR('',#3896,1.);
#255=VECTOR('',#3899,1.);
#256=VECTOR('',#3900,1.);
#257=VECTOR('',#3901,1.);
#258=VECTOR('',#3904,1.);
#259=VECTOR('',#3905,1.);
#260=VECTOR('',#3906,1.);
#261=VECTOR('',#3909,1.);
#262=VECTOR('',#3910,1.);
#263=VECTOR('',#3911,1.);
#264=VECTOR('',#3914,1.);
#265=VECTOR('',#3915,1.);
#266=VECTOR('',#3916,1.);
#267=VECTOR('',#3919,1.);
#268=VECTOR('',#3920,1.);
#269=VECTOR('',#3941,1.);
#270=VECTOR('',#3942,1.);
#271=VECTOR('',#3943,1.);
#272=VECTOR('',#3944,1.);
#273=VECTOR('',#3947,1.);
#274=VECTOR('',#3948,1.);
#275=VECTOR('',#3949,1.);
#276=VECTOR('',#3952,1.);
#277=VECTOR('',#3953,1.);
#278=VECTOR('',#3954,1.);
#279=VECTOR('',#3957,1.);
#280=VECTOR('',#3958,1.);
#281=CONTEXT_DEPENDENT_SHAPE_REPRESENTATION(#301,#4791);
#282=CONTEXT_DEPENDENT_SHAPE_REPRESENTATION(#302,#4793);
#283=CONTEXT_DEPENDENT_SHAPE_REPRESENTATION(#303,#4795);
#284=CONTEXT_DEPENDENT_SHAPE_REPRESENTATION(#304,#4797);
#285=CONTEXT_DEPENDENT_SHAPE_REPRESENTATION(#305,#4799);
#286=CONTEXT_DEPENDENT_SHAPE_REPRESENTATION(#306,#4801);
#287=CONTEXT_DEPENDENT_SHAPE_REPRESENTATION(#307,#4802);
#288=CONTEXT_DEPENDENT_SHAPE_REPRESENTATION(#308,#4804);
#289=CONTEXT_DEPENDENT_SHAPE_REPRESENTATION(#309,#4806);
#290=CONTEXT_DEPENDENT_SHAPE_REPRESENTATION(#310,#4807);
#291=NEXT_ASSEMBLY_USAGE_OCCURRENCE('NAUO1','Simulation Pole',
'Simulation Pole',#4808,#4809,'');
#292=NEXT_ASSEMBLY_USAGE_OCCURRENCE('NAUO2','Part 1','Part 1',#4808,#4810,
'');
#293=NEXT_ASSEMBLY_USAGE_OCCURRENCE('NAUO3','Long Screw','Long Screw',#4808,
#4811,'');
#294=NEXT_ASSEMBLY_USAGE_OCCURRENCE('NAUO4','Part 2','Part 2',#4808,#4812,
'');
#295=NEXT_ASSEMBLY_USAGE_OCCURRENCE('NAUO5','Part 1','Part 1',#4808,#4813,
'');
#296=NEXT_ASSEMBLY_USAGE_OCCURRENCE('NAUO6','Card','Card',#4808,#4814,
'');
#297=NEXT_ASSEMBLY_USAGE_OCCURRENCE('NAUO7','Card','Card',#4808,#4814,
'');
#298=NEXT_ASSEMBLY_USAGE_OCCURRENCE('NAUO8','Nut','Nut',#4808,#4815,'');
#299=NEXT_ASSEMBLY_USAGE_OCCURRENCE('NAUO9','Back','Back',#4808,#4816,
'');
#300=NEXT_ASSEMBLY_USAGE_OCCURRENCE('NAUO10','Simulation Pole',
'Simulation Pole',#4808,#4809,'');
#301=(
REPRESENTATION_RELATIONSHIP(' ',' ',#2855,#2854)
REPRESENTATION_RELATIONSHIP_WITH_TRANSFORMATION(#311)
SHAPE_REPRESENTATION_RELATIONSHIP()
);
#302=(
REPRESENTATION_RELATIONSHIP(' ',' ',#2856,#2854)
REPRESENTATION_RELATIONSHIP_WITH_TRANSFORMATION(#312)
SHAPE_REPRESENTATION_RELATIONSHIP()
);
#303=(
REPRESENTATION_RELATIONSHIP(' ',' ',#2857,#2854)
REPRESENTATION_RELATIONSHIP_WITH_TRANSFORMATION(#313)
SHAPE_REPRESENTATION_RELATIONSHIP()
);
#304=(
REPRESENTATION_RELATIONSHIP(' ',' ',#2858,#2854)
REPRESENTATION_RELATIONSHIP_WITH_TRANSFORMATION(#314)
SHAPE_REPRESENTATION_RELATIONSHIP()
);
#305=(
REPRESENTATION_RELATIONSHIP(' ',' ',#2859,#2854)
REPRESENTATION_RELATIONSHIP_WITH_TRANSFORMATION(#315)
SHAPE_REPRESENTATION_RELATIONSHIP()
);
#306=(
REPRESENTATION_RELATIONSHIP(' ',' ',#2860,#2854)
REPRESENTATION_RELATIONSHIP_WITH_TRANSFORMATION(#316)
SHAPE_REPRESENTATION_RELATIONSHIP()
);
#307=(
REPRESENTATION_RELATIONSHIP(' ',' ',#2860,#2854)
REPRESENTATION_RELATIONSHIP_WITH_TRANSFORMATION(#317)
SHAPE_REPRESENTATION_RELATIONSHIP()
);
#308=(
REPRESENTATION_RELATIONSHIP(' ',' ',#2861,#2854)
REPRESENTATION_RELATIONSHIP_WITH_TRANSFORMATION(#318)
SHAPE_REPRESENTATION_RELATIONSHIP()
);
#309=(
REPRESENTATION_RELATIONSHIP(' ',' ',#2862,#2854)
REPRESENTATION_RELATIONSHIP_WITH_TRANSFORMATION(#319)
SHAPE_REPRESENTATION_RELATIONSHIP()
);
#310=(
REPRESENTATION_RELATIONSHIP(' ',' ',#2855,#2854)
REPRESENTATION_RELATIONSHIP_WITH_TRANSFORMATION(#320)
SHAPE_REPRESENTATION_RELATIONSHIP()
);
#311=ITEM_DEFINED_TRANSFORMATION(' ',' ',#2863,#2883);
#312=ITEM_DEFINED_TRANSFORMATION(' ',' ',#2863,#2950);
#313=ITEM_DEFINED_TRANSFORMATION(' ',' ',#2863,#2968);
#314=ITEM_DEFINED_TRANSFORMATION(' ',' ',#2863,#2977);
#315=ITEM_DEFINED_TRANSFORMATION(' ',' ',#2863,#3110);
#316=ITEM_DEFINED_TRANSFORMATION(' ',' ',#2863,#3154);
#317=ITEM_DEFINED_TRANSFORMATION(' ',' ',#2863,#3155);
#318=ITEM_DEFINED_TRANSFORMATION(' ',' ',#2863,#3170);
#319=ITEM_DEFINED_TRANSFORMATION(' ',' ',#2863,#3201);
#320=ITEM_DEFINED_TRANSFORMATION(' ',' ',#2863,#3202);
#321=SHAPE_REPRESENTATION_RELATIONSHIP('','',#2855,#329);
#322=SHAPE_REPRESENTATION_RELATIONSHIP('','',#2856,#330);
#323=SHAPE_REPRESENTATION_RELATIONSHIP('','',#2857,#331);
#324=SHAPE_REPRESENTATION_RELATIONSHIP('','',#2858,#332);
#325=SHAPE_REPRESENTATION_RELATIONSHIP('','',#2859,#333);
#326=SHAPE_REPRESENTATION_RELATIONSHIP('','',#2860,#334);
#327=SHAPE_REPRESENTATION_RELATIONSHIP('','',#2861,#335);
#328=SHAPE_REPRESENTATION_RELATIONSHIP('','',#2862,#336);
#329=ADVANCED_BREP_SHAPE_REPRESENTATION('',(#2837),#4769);
#330=ADVANCED_BREP_SHAPE_REPRESENTATION('',(#2838),#4770);
#331=ADVANCED_BREP_SHAPE_REPRESENTATION('',(#2839),#4771);
#332=ADVANCED_BREP_SHAPE_REPRESENTATION('',(#2840),#4772);
#333=ADVANCED_BREP_SHAPE_REPRESENTATION('',(#2841),#4773);
#334=ADVANCED_BREP_SHAPE_REPRESENTATION('',(#2842),#4774);
#335=ADVANCED_BREP_SHAPE_REPRESENTATION('',(#2843),#4775);
#336=ADVANCED_BREP_SHAPE_REPRESENTATION('',(#2844),#4776);
#337=PLANE('',#2868);
#338=PLANE('',#2869);
#339=PLANE('',#2874);
#340=PLANE('',#2880);
#341=PLANE('',#2884);
#342=PLANE('',#2885);
#343=PLANE('',#2902);
#344=PLANE('',#2903);
#345=PLANE('',#2904);
#346=PLANE('',#2905);
#347=PLANE('',#2938);
#348=PLANE('',#2939);
#349=PLANE('',#2940);
#350=PLANE('',#2941);
#351=PLANE('',#2942);
#352=PLANE('',#2943);
#353=PLANE('',#2945);
#354=PLANE('',#2946);
#355=PLANE('',#2948);
#356=PLANE('',#2954);
#357=PLANE('',#2956);
#358=PLANE('',#2957);
#359=PLANE('',#2958);
#360=PLANE('',#2959);
#361=PLANE('',#2960);
#362=PLANE('',#2961);
#363=PLANE('',#2962);
#364=PLANE('',#2963);
#365=PLANE('',#2964);
#366=PLANE('',#2975);
#367=PLANE('',#2976);
#368=PLANE('',#2981);
#369=PLANE('',#2985);
#370=PLANE('',#2989);
#371=PLANE('',#2993);
#372=PLANE('',#2994);
#373=PLANE('',#3033);
#374=PLANE('',#3111);
#375=PLANE('',#3112);
#376=PLANE('',#3115);
#377=PLANE('',#3116);
#378=PLANE('',#3117);
#379=PLANE('',#3118);
#380=PLANE('',#3121);
#381=PLANE('',#3125);
#382=PLANE('',#3132);
#383=PLANE('',#3147);
#384=PLANE('',#3156);
#385=PLANE('',#3157);
#386=PLANE('',#3158);
#387=PLANE('',#3159);
#388=PLANE('',#3160);
#389=PLANE('',#3161);
#390=PLANE('',#3162);
#391=PLANE('',#3164);
#392=PLANE('',#3167);
#393=PLANE('',#3171);
#394=PLANE('',#3172);
#395=PLANE('',#3173);
#396=PLANE('',#3174);
#397=PLANE('',#3175);
#398=PLANE('',#3184);
#399=ELLIPSE('',#2866,0.0179605122421383,0.0127);
#400=ELLIPSE('',#2867,0.0179605122421383,0.0127);
#401=ELLIPSE('',#2873,0.0179605122421383,0.0127);
#402=ELLIPSE('',#2877,0.0179605122421383,0.0127);
#403=ELLIPSE('',#3113,0.00179605122421383,0.00127);
#404=ELLIPSE('',#3114,0.00180280785400389,0.00127);
#405=ELLIPSE('',#3119,0.00180280785400389,0.00127);
#406=ELLIPSE('',#3120,0.00179605122421383,0.00127);
#407=ELLIPSE('',#3124,0.00383861243499822,0.00381);
#408=ELLIPSE('',#3136,0.00328841131931513,0.0032639);
#409=ELLIPSE('',#3138,0.00328841131931513,0.0032639);
#410=ELLIPSE('',#3140,0.00328841131931513,0.0032639);
#411=ELLIPSE('',#3142,0.00328841131931513,0.0032639);
#412=ELLIPSE('',#3144,0.00328841131931513,0.0032639);
#413=ELLIPSE('',#3146,0.00328841131931513,0.0032639);
#414=ELLIPSE('',#3149,0.0293378563433967,0.00127);
#415=ELLIPSE('',#3152,0.0293378563433971,0.00127);
#416=ORIENTED_EDGE('',*,*,#1042,.F.);
#417=ORIENTED_EDGE('',*,*,#1043,.F.);
#418=ORIENTED_EDGE('',*,*,#1044,.F.);
#419=ORIENTED_EDGE('',*,*,#1042,.T.);
#420=ORIENTED_EDGE('',*,*,#1045,.F.);
#421=ORIENTED_EDGE('',*,*,#1046,.F.);
#422=ORIENTED_EDGE('',*,*,#1046,.T.);
#423=ORIENTED_EDGE('',*,*,#1047,.T.);
#424=ORIENTED_EDGE('',*,*,#1043,.T.);
#425=ORIENTED_EDGE('',*,*,#1048,.F.);
#426=ORIENTED_EDGE('',*,*,#1048,.T.);
#427=ORIENTED_EDGE('',*,*,#1049,.F.);
#428=ORIENTED_EDGE('',*,*,#1047,.F.);
#429=ORIENTED_EDGE('',*,*,#1050,.F.);
#430=ORIENTED_EDGE('',*,*,#1044,.T.);
#431=ORIENTED_EDGE('',*,*,#1049,.T.);
#432=ORIENTED_EDGE('',*,*,#1051,.T.);
#433=ORIENTED_EDGE('',*,*,#1050,.T.);
#434=ORIENTED_EDGE('',*,*,#1045,.T.);
#435=ORIENTED_EDGE('',*,*,#1051,.F.);
#436=ORIENTED_EDGE('',*,*,#1052,.F.);
#437=ORIENTED_EDGE('',*,*,#1053,.T.);
#438=ORIENTED_EDGE('',*,*,#1054,.T.);
#439=ORIENTED_EDGE('',*,*,#1055,.T.);
#440=ORIENTED_EDGE('',*,*,#1056,.F.);
#441=ORIENTED_EDGE('',*,*,#1057,.F.);
#442=ORIENTED_EDGE('',*,*,#1058,.F.);
#443=ORIENTED_EDGE('',*,*,#1059,.F.);
#444=ORIENTED_EDGE('',*,*,#1060,.F.);
#445=ORIENTED_EDGE('',*,*,#1061,.F.);
#446=ORIENTED_EDGE('',*,*,#1062,.F.);
#447=ORIENTED_EDGE('',*,*,#1063,.F.);
#448=ORIENTED_EDGE('',*,*,#1064,.F.);
#449=ORIENTED_EDGE('',*,*,#1065,.F.);
#450=ORIENTED_EDGE('',*,*,#1066,.F.);
#451=ORIENTED_EDGE('',*,*,#1067,.F.);
#452=ORIENTED_EDGE('',*,*,#1068,.F.);
#453=ORIENTED_EDGE('',*,*,#1069,.F.);
#454=ORIENTED_EDGE('',*,*,#1070,.F.);
#455=ORIENTED_EDGE('',*,*,#1071,.F.);
#456=ORIENTED_EDGE('',*,*,#1072,.F.);
#457=ORIENTED_EDGE('',*,*,#1073,.T.);
#458=ORIENTED_EDGE('',*,*,#1074,.F.);
#459=ORIENTED_EDGE('',*,*,#1075,.T.);
#460=ORIENTED_EDGE('',*,*,#1076,.F.);
#461=ORIENTED_EDGE('',*,*,#1077,.F.);
#462=ORIENTED_EDGE('',*,*,#1074,.T.);
#463=ORIENTED_EDGE('',*,*,#1078,.T.);
#464=ORIENTED_EDGE('',*,*,#1079,.T.);
#465=ORIENTED_EDGE('',*,*,#1080,.F.);
#466=ORIENTED_EDGE('',*,*,#1075,.F.);
#467=ORIENTED_EDGE('',*,*,#1077,.T.);
#468=ORIENTED_EDGE('',*,*,#1081,.F.);
#469=ORIENTED_EDGE('',*,*,#1082,.F.);
#470=ORIENTED_EDGE('',*,*,#1072,.T.);
#471=ORIENTED_EDGE('',*,*,#1080,.T.);
#472=ORIENTED_EDGE('',*,*,#1083,.T.);
#473=ORIENTED_EDGE('',*,*,#1084,.T.);
#474=ORIENTED_EDGE('',*,*,#1085,.T.);
#475=ORIENTED_EDGE('',*,*,#1086,.T.);
#476=ORIENTED_EDGE('',*,*,#1087,.T.);
#477=ORIENTED_EDGE('',*,*,#1088,.T.);
#478=ORIENTED_EDGE('',*,*,#1089,.T.);
#479=ORIENTED_EDGE('',*,*,#1090,.T.);
#480=ORIENTED_EDGE('',*,*,#1091,.T.);
#481=ORIENTED_EDGE('',*,*,#1092,.T.);
#482=ORIENTED_EDGE('',*,*,#1093,.T.);
#483=ORIENTED_EDGE('',*,*,#1094,.T.);
#484=ORIENTED_EDGE('',*,*,#1095,.T.);
#485=ORIENTED_EDGE('',*,*,#1096,.T.);
#486=ORIENTED_EDGE('',*,*,#1097,.T.);
#487=ORIENTED_EDGE('',*,*,#1098,.T.);
#488=ORIENTED_EDGE('',*,*,#1076,.T.);
#489=ORIENTED_EDGE('',*,*,#1099,.T.);
#490=ORIENTED_EDGE('',*,*,#1081,.T.);
#491=ORIENTED_EDGE('',*,*,#1079,.F.);
#492=ORIENTED_EDGE('',*,*,#1071,.T.);
#493=ORIENTED_EDGE('',*,*,#1098,.F.);
#494=ORIENTED_EDGE('',*,*,#1070,.T.);
#495=ORIENTED_EDGE('',*,*,#1097,.F.);
#496=ORIENTED_EDGE('',*,*,#1069,.T.);
#497=ORIENTED_EDGE('',*,*,#1096,.F.);
#498=ORIENTED_EDGE('',*,*,#1068,.T.);
#499=ORIENTED_EDGE('',*,*,#1095,.F.);
#500=ORIENTED_EDGE('',*,*,#1067,.T.);
#501=ORIENTED_EDGE('',*,*,#1094,.F.);
#502=ORIENTED_EDGE('',*,*,#1066,.T.);
#503=ORIENTED_EDGE('',*,*,#1093,.F.);
#504=ORIENTED_EDGE('',*,*,#1065,.T.);
#505=ORIENTED_EDGE('',*,*,#1092,.F.);
#506=ORIENTED_EDGE('',*,*,#1064,.T.);
#507=ORIENTED_EDGE('',*,*,#1091,.F.);
#508=ORIENTED_EDGE('',*,*,#1063,.T.);
#509=ORIENTED_EDGE('',*,*,#1090,.F.);
#510=ORIENTED_EDGE('',*,*,#1062,.T.);
#511=ORIENTED_EDGE('',*,*,#1089,.F.);
#512=ORIENTED_EDGE('',*,*,#1061,.T.);
#513=ORIENTED_EDGE('',*,*,#1088,.F.);
#514=ORIENTED_EDGE('',*,*,#1060,.T.);
#515=ORIENTED_EDGE('',*,*,#1087,.F.);
#516=ORIENTED_EDGE('',*,*,#1059,.T.);
#517=ORIENTED_EDGE('',*,*,#1086,.F.);
#518=ORIENTED_EDGE('',*,*,#1058,.T.);
#519=ORIENTED_EDGE('',*,*,#1085,.F.);
#520=ORIENTED_EDGE('',*,*,#1057,.T.);
#521=ORIENTED_EDGE('',*,*,#1084,.F.);
#522=ORIENTED_EDGE('',*,*,#1056,.T.);
#523=ORIENTED_EDGE('',*,*,#1083,.F.);
#524=ORIENTED_EDGE('',*,*,#1100,.T.);
#525=ORIENTED_EDGE('',*,*,#1101,.F.);
#526=ORIENTED_EDGE('',*,*,#1102,.F.);
#527=ORIENTED_EDGE('',*,*,#1103,.T.);
#528=ORIENTED_EDGE('',*,*,#1104,.T.);
#529=ORIENTED_EDGE('',*,*,#1105,.F.);
#530=ORIENTED_EDGE('',*,*,#1106,.F.);
#531=ORIENTED_EDGE('',*,*,#1107,.T.);
#532=ORIENTED_EDGE('',*,*,#1053,.F.);
#533=ORIENTED_EDGE('',*,*,#1108,.F.);
#534=ORIENTED_EDGE('',*,*,#1109,.F.);
#535=ORIENTED_EDGE('',*,*,#1101,.T.);
#536=ORIENTED_EDGE('',*,*,#1110,.T.);
#537=ORIENTED_EDGE('',*,*,#1111,.F.);
#538=ORIENTED_EDGE('',*,*,#1112,.F.);
#539=ORIENTED_EDGE('',*,*,#1105,.T.);
#540=ORIENTED_EDGE('',*,*,#1113,.T.);
#541=ORIENTED_EDGE('',*,*,#1103,.F.);
#542=ORIENTED_EDGE('',*,*,#1114,.F.);
#543=ORIENTED_EDGE('',*,*,#1115,.T.);
#544=ORIENTED_EDGE('',*,*,#1055,.F.);
#545=ORIENTED_EDGE('',*,*,#1116,.F.);
#546=ORIENTED_EDGE('',*,*,#1117,.F.);
#547=ORIENTED_EDGE('',*,*,#1111,.T.);
#548=ORIENTED_EDGE('',*,*,#1078,.F.);
#549=ORIENTED_EDGE('',*,*,#1073,.F.);
#550=ORIENTED_EDGE('',*,*,#1082,.T.);
#551=ORIENTED_EDGE('',*,*,#1099,.F.);
#552=ORIENTED_EDGE('',*,*,#1100,.F.);
#553=ORIENTED_EDGE('',*,*,#1113,.F.);
#554=ORIENTED_EDGE('',*,*,#1110,.F.);
#555=ORIENTED_EDGE('',*,*,#1104,.F.);
#556=ORIENTED_EDGE('',*,*,#1118,.F.);
#557=ORIENTED_EDGE('',*,*,#1054,.F.);
#558=ORIENTED_EDGE('',*,*,#1107,.F.);
#559=ORIENTED_EDGE('',*,*,#1119,.T.);
#560=ORIENTED_EDGE('',*,*,#1116,.T.);
#561=ORIENTED_EDGE('',*,*,#1119,.F.);
#562=ORIENTED_EDGE('',*,*,#1106,.T.);
#563=ORIENTED_EDGE('',*,*,#1112,.T.);
#564=ORIENTED_EDGE('',*,*,#1117,.T.);
#565=ORIENTED_EDGE('',*,*,#1120,.F.);
#566=ORIENTED_EDGE('',*,*,#1052,.T.);
#567=ORIENTED_EDGE('',*,*,#1115,.F.);
#568=ORIENTED_EDGE('',*,*,#1121,.F.);
#569=ORIENTED_EDGE('',*,*,#1108,.T.);
#570=ORIENTED_EDGE('',*,*,#1109,.T.);
#571=ORIENTED_EDGE('',*,*,#1121,.T.);
#572=ORIENTED_EDGE('',*,*,#1114,.T.);
#573=ORIENTED_EDGE('',*,*,#1102,.T.);
#574=ORIENTED_EDGE('',*,*,#1118,.T.);
#575=ORIENTED_EDGE('',*,*,#1120,.T.);
#576=ORIENTED_EDGE('',*,*,#1122,.T.);
#577=ORIENTED_EDGE('',*,*,#1123,.F.);
#578=ORIENTED_EDGE('',*,*,#1124,.T.);
#579=ORIENTED_EDGE('',*,*,#1123,.T.);
#580=ORIENTED_EDGE('',*,*,#1125,.T.);
#581=ORIENTED_EDGE('',*,*,#1126,.F.);
#582=ORIENTED_EDGE('',*,*,#1127,.F.);
#583=ORIENTED_EDGE('',*,*,#1128,.T.);
#584=ORIENTED_EDGE('',*,*,#1129,.T.);
#585=ORIENTED_EDGE('',*,*,#1130,.F.);
#586=ORIENTED_EDGE('',*,*,#1131,.F.);
#587=ORIENTED_EDGE('',*,*,#1126,.T.);
#588=ORIENTED_EDGE('',*,*,#1132,.T.);
#589=ORIENTED_EDGE('',*,*,#1133,.F.);
#590=ORIENTED_EDGE('',*,*,#1134,.F.);
#591=ORIENTED_EDGE('',*,*,#1130,.T.);
#592=ORIENTED_EDGE('',*,*,#1135,.T.);
#593=ORIENTED_EDGE('',*,*,#1136,.F.);
#594=ORIENTED_EDGE('',*,*,#1137,.F.);
#595=ORIENTED_EDGE('',*,*,#1133,.T.);
#596=ORIENTED_EDGE('',*,*,#1138,.T.);
#597=ORIENTED_EDGE('',*,*,#1139,.F.);
#598=ORIENTED_EDGE('',*,*,#1140,.F.);
#599=ORIENTED_EDGE('',*,*,#1136,.T.);
#600=ORIENTED_EDGE('',*,*,#1141,.T.);
#601=ORIENTED_EDGE('',*,*,#1142,.F.);
#602=ORIENTED_EDGE('',*,*,#1143,.F.);
#603=ORIENTED_EDGE('',*,*,#1139,.T.);
#604=ORIENTED_EDGE('',*,*,#1144,.T.);
#605=ORIENTED_EDGE('',*,*,#1128,.F.);
#606=ORIENTED_EDGE('',*,*,#1145,.F.);
#607=ORIENTED_EDGE('',*,*,#1142,.T.);
#608=ORIENTED_EDGE('',*,*,#1122,.F.);
#609=ORIENTED_EDGE('',*,*,#1127,.T.);
#610=ORIENTED_EDGE('',*,*,#1131,.T.);
#611=ORIENTED_EDGE('',*,*,#1134,.T.);
#612=ORIENTED_EDGE('',*,*,#1137,.T.);
#613=ORIENTED_EDGE('',*,*,#1140,.T.);
#614=ORIENTED_EDGE('',*,*,#1143,.T.);
#615=ORIENTED_EDGE('',*,*,#1145,.T.);
#616=ORIENTED_EDGE('',*,*,#1125,.F.);
#617=ORIENTED_EDGE('',*,*,#1144,.F.);
#618=ORIENTED_EDGE('',*,*,#1141,.F.);
#619=ORIENTED_EDGE('',*,*,#1138,.F.);
#620=ORIENTED_EDGE('',*,*,#1135,.F.);
#621=ORIENTED_EDGE('',*,*,#1132,.F.);
#622=ORIENTED_EDGE('',*,*,#1129,.F.);
#623=ORIENTED_EDGE('',*,*,#1146,.F.);
#624=ORIENTED_EDGE('',*,*,#1146,.T.);
#625=ORIENTED_EDGE('',*,*,#1124,.F.);
#626=ORIENTED_EDGE('',*,*,#1147,.F.);
#627=ORIENTED_EDGE('',*,*,#1148,.T.);
#628=ORIENTED_EDGE('',*,*,#1149,.T.);
#629=ORIENTED_EDGE('',*,*,#1150,.F.);
#630=ORIENTED_EDGE('',*,*,#1147,.T.);
#631=ORIENTED_EDGE('',*,*,#1149,.F.);
#632=ORIENTED_EDGE('',*,*,#1148,.F.);
#633=ORIENTED_EDGE('',*,*,#1150,.T.);
#634=ORIENTED_EDGE('',*,*,#1151,.T.);
#635=ORIENTED_EDGE('',*,*,#1152,.F.);
#636=ORIENTED_EDGE('',*,*,#1153,.F.);
#637=ORIENTED_EDGE('',*,*,#1154,.T.);
#638=ORIENTED_EDGE('',*,*,#1155,.T.);
#639=ORIENTED_EDGE('',*,*,#1156,.F.);
#640=ORIENTED_EDGE('',*,*,#1157,.F.);
#641=ORIENTED_EDGE('',*,*,#1152,.T.);
#642=ORIENTED_EDGE('',*,*,#1158,.T.);
#643=ORIENTED_EDGE('',*,*,#1159,.F.);
#644=ORIENTED_EDGE('',*,*,#1160,.F.);
#645=ORIENTED_EDGE('',*,*,#1156,.T.);
#646=ORIENTED_EDGE('',*,*,#1161,.T.);
#647=ORIENTED_EDGE('',*,*,#1162,.F.);
#648=ORIENTED_EDGE('',*,*,#1163,.F.);
#649=ORIENTED_EDGE('',*,*,#1159,.T.);
#650=ORIENTED_EDGE('',*,*,#1164,.T.);
#651=ORIENTED_EDGE('',*,*,#1165,.F.);
#652=ORIENTED_EDGE('',*,*,#1166,.F.);
#653=ORIENTED_EDGE('',*,*,#1162,.T.);
#654=ORIENTED_EDGE('',*,*,#1167,.F.);
#655=ORIENTED_EDGE('',*,*,#1168,.F.);
#656=ORIENTED_EDGE('',*,*,#1169,.T.);
#657=ORIENTED_EDGE('',*,*,#1165,.T.);
#658=ORIENTED_EDGE('',*,*,#1170,.T.);
#659=ORIENTED_EDGE('',*,*,#1171,.F.);
#660=ORIENTED_EDGE('',*,*,#1172,.F.);
#661=ORIENTED_EDGE('',*,*,#1168,.T.);
#662=ORIENTED_EDGE('',*,*,#1173,.F.);
#663=ORIENTED_EDGE('',*,*,#1154,.F.);
#664=ORIENTED_EDGE('',*,*,#1174,.T.);
#665=ORIENTED_EDGE('',*,*,#1171,.T.);
#666=ORIENTED_EDGE('',*,*,#1175,.F.);
#667=ORIENTED_EDGE('',*,*,#1176,.F.);
#668=ORIENTED_EDGE('',*,*,#1177,.F.);
#669=ORIENTED_EDGE('',*,*,#1178,.F.);
#670=ORIENTED_EDGE('',*,*,#1179,.F.);
#671=ORIENTED_EDGE('',*,*,#1180,.F.);
#672=ORIENTED_EDGE('',*,*,#1181,.F.);
#673=ORIENTED_EDGE('',*,*,#1182,.F.);
#674=ORIENTED_EDGE('',*,*,#1183,.F.);
#675=ORIENTED_EDGE('',*,*,#1184,.F.);
#676=ORIENTED_EDGE('',*,*,#1185,.F.);
#677=ORIENTED_EDGE('',*,*,#1186,.F.);
#678=ORIENTED_EDGE('',*,*,#1187,.F.);
#679=ORIENTED_EDGE('',*,*,#1188,.F.);
#680=ORIENTED_EDGE('',*,*,#1189,.F.);
#681=ORIENTED_EDGE('',*,*,#1190,.F.);
#682=ORIENTED_EDGE('',*,*,#1191,.F.);
#683=ORIENTED_EDGE('',*,*,#1192,.F.);
#684=ORIENTED_EDGE('',*,*,#1193,.F.);
#685=ORIENTED_EDGE('',*,*,#1194,.F.);
#686=ORIENTED_EDGE('',*,*,#1195,.F.);
#687=ORIENTED_EDGE('',*,*,#1196,.F.);
#688=ORIENTED_EDGE('',*,*,#1197,.F.);
#689=ORIENTED_EDGE('',*,*,#1198,.F.);
#690=ORIENTED_EDGE('',*,*,#1199,.F.);
#691=ORIENTED_EDGE('',*,*,#1200,.F.);
#692=ORIENTED_EDGE('',*,*,#1201,.F.);
#693=ORIENTED_EDGE('',*,*,#1202,.F.);
#694=ORIENTED_EDGE('',*,*,#1203,.F.);
#695=ORIENTED_EDGE('',*,*,#1204,.F.);
#696=ORIENTED_EDGE('',*,*,#1205,.F.);
#697=ORIENTED_EDGE('',*,*,#1206,.F.);
#698=ORIENTED_EDGE('',*,*,#1207,.F.);
#699=ORIENTED_EDGE('',*,*,#1208,.F.);
#700=ORIENTED_EDGE('',*,*,#1209,.F.);
#701=ORIENTED_EDGE('',*,*,#1210,.F.);
#702=ORIENTED_EDGE('',*,*,#1211,.F.);
#703=ORIENTED_EDGE('',*,*,#1212,.F.);
#704=ORIENTED_EDGE('',*,*,#1153,.T.);
#705=ORIENTED_EDGE('',*,*,#1157,.T.);
#706=ORIENTED_EDGE('',*,*,#1160,.T.);
#707=ORIENTED_EDGE('',*,*,#1163,.T.);
#708=ORIENTED_EDGE('',*,*,#1166,.T.);
#709=ORIENTED_EDGE('',*,*,#1169,.F.);
#710=ORIENTED_EDGE('',*,*,#1172,.T.);
#711=ORIENTED_EDGE('',*,*,#1174,.F.);
#712=ORIENTED_EDGE('',*,*,#1213,.T.);
#713=ORIENTED_EDGE('',*,*,#1214,.T.);
#714=ORIENTED_EDGE('',*,*,#1215,.T.);
#715=ORIENTED_EDGE('',*,*,#1216,.T.);
#716=ORIENTED_EDGE('',*,*,#1217,.T.);
#717=ORIENTED_EDGE('',*,*,#1218,.T.);
#718=ORIENTED_EDGE('',*,*,#1219,.T.);
#719=ORIENTED_EDGE('',*,*,#1220,.T.);
#720=ORIENTED_EDGE('',*,*,#1221,.T.);
#721=ORIENTED_EDGE('',*,*,#1222,.T.);
#722=ORIENTED_EDGE('',*,*,#1223,.T.);
#723=ORIENTED_EDGE('',*,*,#1224,.T.);
#724=ORIENTED_EDGE('',*,*,#1225,.T.);
#725=ORIENTED_EDGE('',*,*,#1226,.T.);
#726=ORIENTED_EDGE('',*,*,#1227,.T.);
#727=ORIENTED_EDGE('',*,*,#1228,.T.);
#728=ORIENTED_EDGE('',*,*,#1229,.T.);
#729=ORIENTED_EDGE('',*,*,#1230,.T.);
#730=ORIENTED_EDGE('',*,*,#1231,.T.);
#731=ORIENTED_EDGE('',*,*,#1232,.T.);
#732=ORIENTED_EDGE('',*,*,#1233,.T.);
#733=ORIENTED_EDGE('',*,*,#1234,.T.);
#734=ORIENTED_EDGE('',*,*,#1235,.T.);
#735=ORIENTED_EDGE('',*,*,#1236,.T.);
#736=ORIENTED_EDGE('',*,*,#1237,.T.);
#737=ORIENTED_EDGE('',*,*,#1238,.T.);
#738=ORIENTED_EDGE('',*,*,#1239,.T.);
#739=ORIENTED_EDGE('',*,*,#1240,.T.);
#740=ORIENTED_EDGE('',*,*,#1241,.T.);
#741=ORIENTED_EDGE('',*,*,#1242,.T.);
#742=ORIENTED_EDGE('',*,*,#1243,.T.);
#743=ORIENTED_EDGE('',*,*,#1244,.T.);
#744=ORIENTED_EDGE('',*,*,#1245,.T.);
#745=ORIENTED_EDGE('',*,*,#1246,.T.);
#746=ORIENTED_EDGE('',*,*,#1247,.T.);
#747=ORIENTED_EDGE('',*,*,#1248,.T.);
#748=ORIENTED_EDGE('',*,*,#1249,.T.);
#749=ORIENTED_EDGE('',*,*,#1250,.T.);
#750=ORIENTED_EDGE('',*,*,#1151,.F.);
#751=ORIENTED_EDGE('',*,*,#1173,.T.);
#752=ORIENTED_EDGE('',*,*,#1170,.F.);
#753=ORIENTED_EDGE('',*,*,#1167,.T.);
#754=ORIENTED_EDGE('',*,*,#1164,.F.);
#755=ORIENTED_EDGE('',*,*,#1161,.F.);
#756=ORIENTED_EDGE('',*,*,#1158,.F.);
#757=ORIENTED_EDGE('',*,*,#1155,.F.);
#758=ORIENTED_EDGE('',*,*,#1212,.T.);
#759=ORIENTED_EDGE('',*,*,#1250,.F.);
#760=ORIENTED_EDGE('',*,*,#1211,.T.);
#761=ORIENTED_EDGE('',*,*,#1249,.F.);
#762=ORIENTED_EDGE('',*,*,#1210,.T.);
#763=ORIENTED_EDGE('',*,*,#1248,.F.);
#764=ORIENTED_EDGE('',*,*,#1209,.T.);
#765=ORIENTED_EDGE('',*,*,#1247,.F.);
#766=ORIENTED_EDGE('',*,*,#1208,.T.);
#767=ORIENTED_EDGE('',*,*,#1246,.F.);
#768=ORIENTED_EDGE('',*,*,#1207,.T.);
#769=ORIENTED_EDGE('',*,*,#1245,.F.);
#770=ORIENTED_EDGE('',*,*,#1206,.T.);
#771=ORIENTED_EDGE('',*,*,#1244,.F.);
#772=ORIENTED_EDGE('',*,*,#1205,.T.);
#773=ORIENTED_EDGE('',*,*,#1243,.F.);
#774=ORIENTED_EDGE('',*,*,#1204,.T.);
#775=ORIENTED_EDGE('',*,*,#1242,.F.);
#776=ORIENTED_EDGE('',*,*,#1203,.T.);
#777=ORIENTED_EDGE('',*,*,#1241,.F.);
#778=ORIENTED_EDGE('',*,*,#1202,.T.);
#779=ORIENTED_EDGE('',*,*,#1240,.F.);
#780=ORIENTED_EDGE('',*,*,#1201,.T.);
#781=ORIENTED_EDGE('',*,*,#1239,.F.);
#782=ORIENTED_EDGE('',*,*,#1200,.T.);
#783=ORIENTED_EDGE('',*,*,#1238,.F.);
#784=ORIENTED_EDGE('',*,*,#1199,.T.);
#785=ORIENTED_EDGE('',*,*,#1237,.F.);
#786=ORIENTED_EDGE('',*,*,#1198,.T.);
#787=ORIENTED_EDGE('',*,*,#1236,.F.);
#788=ORIENTED_EDGE('',*,*,#1197,.T.);
#789=ORIENTED_EDGE('',*,*,#1235,.F.);
#790=ORIENTED_EDGE('',*,*,#1196,.T.);
#791=ORIENTED_EDGE('',*,*,#1234,.F.);
#792=ORIENTED_EDGE('',*,*,#1195,.T.);
#793=ORIENTED_EDGE('',*,*,#1233,.F.);
#794=ORIENTED_EDGE('',*,*,#1194,.T.);
#795=ORIENTED_EDGE('',*,*,#1232,.F.);
#796=ORIENTED_EDGE('',*,*,#1193,.T.);
#797=ORIENTED_EDGE('',*,*,#1231,.F.);
#798=ORIENTED_EDGE('',*,*,#1192,.T.);
#799=ORIENTED_EDGE('',*,*,#1230,.F.);
#800=ORIENTED_EDGE('',*,*,#1191,.T.);
#801=ORIENTED_EDGE('',*,*,#1229,.F.);
#802=ORIENTED_EDGE('',*,*,#1190,.T.);
#803=ORIENTED_EDGE('',*,*,#1228,.F.);
#804=ORIENTED_EDGE('',*,*,#1189,.T.);
#805=ORIENTED_EDGE('',*,*,#1227,.F.);
#806=ORIENTED_EDGE('',*,*,#1188,.T.);
#807=ORIENTED_EDGE('',*,*,#1226,.F.);
#808=ORIENTED_EDGE('',*,*,#1187,.T.);
#809=ORIENTED_EDGE('',*,*,#1225,.F.);
#810=ORIENTED_EDGE('',*,*,#1186,.T.);
#811=ORIENTED_EDGE('',*,*,#1224,.F.);
#812=ORIENTED_EDGE('',*,*,#1185,.T.);
#813=ORIENTED_EDGE('',*,*,#1223,.F.);
#814=ORIENTED_EDGE('',*,*,#1184,.T.);
#815=ORIENTED_EDGE('',*,*,#1222,.F.);
#816=ORIENTED_EDGE('',*,*,#1183,.T.);
#817=ORIENTED_EDGE('',*,*,#1221,.F.);
#818=ORIENTED_EDGE('',*,*,#1182,.T.);
#819=ORIENTED_EDGE('',*,*,#1220,.F.);
#820=ORIENTED_EDGE('',*,*,#1181,.T.);
#821=ORIENTED_EDGE('',*,*,#1219,.F.);
#822=ORIENTED_EDGE('',*,*,#1180,.T.);
#823=ORIENTED_EDGE('',*,*,#1218,.F.);
#824=ORIENTED_EDGE('',*,*,#1179,.T.);
#825=ORIENTED_EDGE('',*,*,#1217,.F.);
#826=ORIENTED_EDGE('',*,*,#1178,.T.);
#827=ORIENTED_EDGE('',*,*,#1216,.F.);
#828=ORIENTED_EDGE('',*,*,#1177,.T.);
#829=ORIENTED_EDGE('',*,*,#1215,.F.);
#830=ORIENTED_EDGE('',*,*,#1176,.T.);
#831=ORIENTED_EDGE('',*,*,#1214,.F.);
#832=ORIENTED_EDGE('',*,*,#1175,.T.);
#833=ORIENTED_EDGE('',*,*,#1213,.F.);
#834=ORIENTED_EDGE('',*,*,#1251,.T.);
#835=ORIENTED_EDGE('',*,*,#1252,.T.);
#836=ORIENTED_EDGE('',*,*,#1253,.T.);
#837=ORIENTED_EDGE('',*,*,#1254,.T.);
#838=ORIENTED_EDGE('',*,*,#1255,.T.);
#839=ORIENTED_EDGE('',*,*,#1256,.T.);
#840=ORIENTED_EDGE('',*,*,#1257,.T.);
#841=ORIENTED_EDGE('',*,*,#1258,.F.);
#842=ORIENTED_EDGE('',*,*,#1258,.T.);
#843=ORIENTED_EDGE('',*,*,#1259,.T.);
#844=ORIENTED_EDGE('',*,*,#1260,.F.);
#845=ORIENTED_EDGE('',*,*,#1261,.F.);
#846=ORIENTED_EDGE('',*,*,#1262,.T.);
#847=ORIENTED_EDGE('',*,*,#1263,.F.);
#848=ORIENTED_EDGE('',*,*,#1264,.F.);
#849=ORIENTED_EDGE('',*,*,#1265,.T.);
#850=ORIENTED_EDGE('',*,*,#1261,.T.);
#851=ORIENTED_EDGE('',*,*,#1266,.T.);
#852=ORIENTED_EDGE('',*,*,#1267,.T.);
#853=ORIENTED_EDGE('',*,*,#1268,.F.);
#854=ORIENTED_EDGE('',*,*,#1269,.F.);
#855=ORIENTED_EDGE('',*,*,#1264,.T.);
#856=ORIENTED_EDGE('',*,*,#1270,.T.);
#857=ORIENTED_EDGE('',*,*,#1271,.T.);
#858=ORIENTED_EDGE('',*,*,#1272,.T.);
#859=ORIENTED_EDGE('',*,*,#1268,.T.);
#860=ORIENTED_EDGE('',*,*,#1273,.T.);
#861=ORIENTED_EDGE('',*,*,#1274,.F.);
#862=ORIENTED_EDGE('',*,*,#1275,.T.);
#863=ORIENTED_EDGE('',*,*,#1276,.T.);
#864=ORIENTED_EDGE('',*,*,#1253,.F.);
#865=ORIENTED_EDGE('',*,*,#1277,.T.);
#866=ORIENTED_EDGE('',*,*,#1278,.T.);
#867=ORIENTED_EDGE('',*,*,#1279,.T.);
#868=ORIENTED_EDGE('',*,*,#1274,.T.);
#869=ORIENTED_EDGE('',*,*,#1280,.T.);
#870=ORIENTED_EDGE('',*,*,#1281,.T.);
#871=ORIENTED_EDGE('',*,*,#1282,.T.);
#872=ORIENTED_EDGE('',*,*,#1283,.T.);
#873=ORIENTED_EDGE('',*,*,#1284,.T.);
#874=ORIENTED_EDGE('',*,*,#1285,.T.);
#875=ORIENTED_EDGE('',*,*,#1286,.T.);
#876=ORIENTED_EDGE('',*,*,#1287,.T.);
#877=ORIENTED_EDGE('',*,*,#1288,.T.);
#878=ORIENTED_EDGE('',*,*,#1278,.F.);
#879=ORIENTED_EDGE('',*,*,#1289,.T.);
#880=ORIENTED_EDGE('',*,*,#1254,.F.);
#881=ORIENTED_EDGE('',*,*,#1262,.F.);
#882=ORIENTED_EDGE('',*,*,#1265,.F.);
#883=ORIENTED_EDGE('',*,*,#1269,.T.);
#884=ORIENTED_EDGE('',*,*,#1272,.F.);
#885=ORIENTED_EDGE('',*,*,#1290,.T.);
#886=ORIENTED_EDGE('',*,*,#1291,.F.);
#887=ORIENTED_EDGE('',*,*,#1292,.T.);
#888=ORIENTED_EDGE('',*,*,#1266,.F.);
#889=ORIENTED_EDGE('',*,*,#1263,.T.);
#890=ORIENTED_EDGE('',*,*,#1260,.T.);
#891=ORIENTED_EDGE('',*,*,#1293,.T.);
#892=ORIENTED_EDGE('',*,*,#1294,.F.);
#893=ORIENTED_EDGE('',*,*,#1295,.T.);
#894=ORIENTED_EDGE('',*,*,#1294,.T.);
#895=ORIENTED_EDGE('',*,*,#1296,.T.);
#896=ORIENTED_EDGE('',*,*,#1288,.F.);
#897=ORIENTED_EDGE('',*,*,#1297,.T.);
#898=ORIENTED_EDGE('',*,*,#1287,.F.);
#899=ORIENTED_EDGE('',*,*,#1291,.T.);
#900=ORIENTED_EDGE('',*,*,#1298,.T.);
#901=ORIENTED_EDGE('',*,*,#1286,.F.);
#902=ORIENTED_EDGE('',*,*,#1299,.T.);
#903=ORIENTED_EDGE('',*,*,#1285,.F.);
#904=ORIENTED_EDGE('',*,*,#1300,.T.);
#905=ORIENTED_EDGE('',*,*,#1284,.F.);
#906=ORIENTED_EDGE('',*,*,#1301,.T.);
#907=ORIENTED_EDGE('',*,*,#1283,.F.);
#908=ORIENTED_EDGE('',*,*,#1281,.F.);
#909=ORIENTED_EDGE('',*,*,#1302,.T.);
#910=ORIENTED_EDGE('',*,*,#1273,.F.);
#911=ORIENTED_EDGE('',*,*,#1267,.F.);
#912=ORIENTED_EDGE('',*,*,#1292,.F.);
#913=ORIENTED_EDGE('',*,*,#1298,.F.);
#914=ORIENTED_EDGE('',*,*,#1295,.F.);
#915=ORIENTED_EDGE('',*,*,#1296,.F.);
#916=ORIENTED_EDGE('',*,*,#1293,.F.);
#917=ORIENTED_EDGE('',*,*,#1259,.F.);
#918=ORIENTED_EDGE('',*,*,#1257,.F.);
#919=ORIENTED_EDGE('',*,*,#1303,.T.);
#920=ORIENTED_EDGE('',*,*,#1297,.F.);
#921=ORIENTED_EDGE('',*,*,#1299,.F.);
#922=ORIENTED_EDGE('',*,*,#1300,.F.);
#923=ORIENTED_EDGE('',*,*,#1301,.F.);
#924=ORIENTED_EDGE('',*,*,#1303,.F.);
#925=ORIENTED_EDGE('',*,*,#1256,.F.);
#926=ORIENTED_EDGE('',*,*,#1304,.F.);
#927=ORIENTED_EDGE('',*,*,#1251,.F.);
#928=ORIENTED_EDGE('',*,*,#1282,.F.);
#929=ORIENTED_EDGE('',*,*,#1255,.F.);
#930=ORIENTED_EDGE('',*,*,#1289,.F.);
#931=ORIENTED_EDGE('',*,*,#1277,.F.);
#932=ORIENTED_EDGE('',*,*,#1252,.F.);
#933=ORIENTED_EDGE('',*,*,#1304,.T.);
#934=ORIENTED_EDGE('',*,*,#1280,.F.);
#935=ORIENTED_EDGE('',*,*,#1276,.F.);
#936=ORIENTED_EDGE('',*,*,#1305,.F.);
#937=ORIENTED_EDGE('',*,*,#1270,.F.);
#938=ORIENTED_EDGE('',*,*,#1302,.F.);
#939=ORIENTED_EDGE('',*,*,#1279,.F.);
#940=ORIENTED_EDGE('',*,*,#1290,.F.);
#941=ORIENTED_EDGE('',*,*,#1271,.F.);
#942=ORIENTED_EDGE('',*,*,#1305,.T.);
#943=ORIENTED_EDGE('',*,*,#1275,.F.);
#944=ORIENTED_EDGE('',*,*,#1306,.T.);
#945=ORIENTED_EDGE('',*,*,#1307,.F.);
#946=ORIENTED_EDGE('',*,*,#1308,.F.);
#947=ORIENTED_EDGE('',*,*,#1309,.T.);
#948=ORIENTED_EDGE('',*,*,#1310,.T.);
#949=ORIENTED_EDGE('',*,*,#1311,.F.);
#950=ORIENTED_EDGE('',*,*,#1312,.F.);
#951=ORIENTED_EDGE('',*,*,#1307,.T.);
#952=ORIENTED_EDGE('',*,*,#1313,.T.);
#953=ORIENTED_EDGE('',*,*,#1314,.F.);
#954=ORIENTED_EDGE('',*,*,#1315,.F.);
#955=ORIENTED_EDGE('',*,*,#1311,.T.);
#956=ORIENTED_EDGE('',*,*,#1316,.T.);
#957=ORIENTED_EDGE('',*,*,#1317,.F.);
#958=ORIENTED_EDGE('',*,*,#1318,.F.);
#959=ORIENTED_EDGE('',*,*,#1314,.T.);
#960=ORIENTED_EDGE('',*,*,#1319,.T.);
#961=ORIENTED_EDGE('',*,*,#1320,.F.);
#962=ORIENTED_EDGE('',*,*,#1321,.F.);
#963=ORIENTED_EDGE('',*,*,#1317,.T.);
#964=ORIENTED_EDGE('',*,*,#1322,.T.);
#965=ORIENTED_EDGE('',*,*,#1309,.F.);
#966=ORIENTED_EDGE('',*,*,#1323,.F.);
#967=ORIENTED_EDGE('',*,*,#1320,.T.);
#968=ORIENTED_EDGE('',*,*,#1324,.F.);
#969=ORIENTED_EDGE('',*,*,#1308,.T.);
#970=ORIENTED_EDGE('',*,*,#1312,.T.);
#971=ORIENTED_EDGE('',*,*,#1315,.T.);
#972=ORIENTED_EDGE('',*,*,#1318,.T.);
#973=ORIENTED_EDGE('',*,*,#1321,.T.);
#974=ORIENTED_EDGE('',*,*,#1323,.T.);
#975=ORIENTED_EDGE('',*,*,#1306,.F.);
#976=ORIENTED_EDGE('',*,*,#1322,.F.);
#977=ORIENTED_EDGE('',*,*,#1319,.F.);
#978=ORIENTED_EDGE('',*,*,#1316,.F.);
#979=ORIENTED_EDGE('',*,*,#1313,.F.);
#980=ORIENTED_EDGE('',*,*,#1310,.F.);
#981=ORIENTED_EDGE('',*,*,#1325,.T.);
#982=ORIENTED_EDGE('',*,*,#1324,.T.);
#983=ORIENTED_EDGE('',*,*,#1326,.T.);
#984=ORIENTED_EDGE('',*,*,#1325,.F.);
#985=ORIENTED_EDGE('',*,*,#1326,.F.);
#986=ORIENTED_EDGE('',*,*,#1327,.F.);
#987=ORIENTED_EDGE('',*,*,#1328,.F.);
#988=ORIENTED_EDGE('',*,*,#1329,.T.);
#989=ORIENTED_EDGE('',*,*,#1330,.T.);
#990=ORIENTED_EDGE('',*,*,#1331,.F.);
#991=ORIENTED_EDGE('',*,*,#1332,.F.);
#992=ORIENTED_EDGE('',*,*,#1333,.T.);
#993=ORIENTED_EDGE('',*,*,#1328,.T.);
#994=ORIENTED_EDGE('',*,*,#1334,.T.);
#995=ORIENTED_EDGE('',*,*,#1335,.F.);
#996=ORIENTED_EDGE('',*,*,#1336,.F.);
#997=ORIENTED_EDGE('',*,*,#1332,.T.);
#998=ORIENTED_EDGE('',*,*,#1337,.T.);
#999=ORIENTED_EDGE('',*,*,#1330,.F.);
#1000=ORIENTED_EDGE('',*,*,#1338,.F.);
#1001=ORIENTED_EDGE('',*,*,#1335,.T.);
#1002=ORIENTED_EDGE('',*,*,#1339,.F.);
#1003=ORIENTED_EDGE('',*,*,#1340,.F.);
#1004=ORIENTED_EDGE('',*,*,#1341,.F.);
#1005=ORIENTED_EDGE('',*,*,#1342,.F.);
#1006=ORIENTED_EDGE('',*,*,#1343,.F.);
#1007=ORIENTED_EDGE('',*,*,#1344,.F.);
#1008=ORIENTED_EDGE('',*,*,#1345,.F.);
#1009=ORIENTED_EDGE('',*,*,#1346,.F.);
#1010=ORIENTED_EDGE('',*,*,#1329,.F.);
#1011=ORIENTED_EDGE('',*,*,#1333,.F.);
#1012=ORIENTED_EDGE('',*,*,#1336,.T.);
#1013=ORIENTED_EDGE('',*,*,#1338,.T.);
#1014=ORIENTED_EDGE('',*,*,#1347,.T.);
#1015=ORIENTED_EDGE('',*,*,#1348,.T.);
#1016=ORIENTED_EDGE('',*,*,#1349,.T.);
#1017=ORIENTED_EDGE('',*,*,#1350,.T.);
#1018=ORIENTED_EDGE('',*,*,#1351,.T.);
#1019=ORIENTED_EDGE('',*,*,#1352,.T.);
#1020=ORIENTED_EDGE('',*,*,#1353,.T.);
#1021=ORIENTED_EDGE('',*,*,#1354,.T.);
#1022=ORIENTED_EDGE('',*,*,#1327,.T.);
#1023=ORIENTED_EDGE('',*,*,#1337,.F.);
#1024=ORIENTED_EDGE('',*,*,#1334,.F.);
#1025=ORIENTED_EDGE('',*,*,#1331,.T.);
#1026=ORIENTED_EDGE('',*,*,#1346,.T.);
#1027=ORIENTED_EDGE('',*,*,#1354,.F.);
#1028=ORIENTED_EDGE('',*,*,#1345,.T.);
#1029=ORIENTED_EDGE('',*,*,#1353,.F.);
#1030=ORIENTED_EDGE('',*,*,#1344,.T.);
#1031=ORIENTED_EDGE('',*,*,#1352,.F.);
#1032=ORIENTED_EDGE('',*,*,#1343,.T.);
#1033=ORIENTED_EDGE('',*,*,#1351,.F.);
#1034=ORIENTED_EDGE('',*,*,#1342,.T.);
#1035=ORIENTED_EDGE('',*,*,#1350,.F.);
#1036=ORIENTED_EDGE('',*,*,#1341,.T.);
#1037=ORIENTED_EDGE('',*,*,#1349,.F.);
#1038=ORIENTED_EDGE('',*,*,#1340,.T.);
#1039=ORIENTED_EDGE('',*,*,#1348,.F.);
#1040=ORIENTED_EDGE('',*,*,#1339,.T.);
#1041=ORIENTED_EDGE('',*,*,#1347,.F.);
#1042=EDGE_CURVE('',#1355,#1355,#1615,.T.);
#1043=EDGE_CURVE('',#1356,#1357,#399,.T.);
#1044=EDGE_CURVE('',#1357,#1356,#400,.T.);
#1045=EDGE_CURVE('',#1358,#1358,#1616,.T.);
#1046=EDGE_CURVE('',#1359,#1359,#1617,.T.);
#1047=EDGE_CURVE('',#1357,#1356,#401,.F.);
#1048=EDGE_CURVE('',#1360,#1360,#1618,.T.);
#1049=EDGE_CURVE('',#1356,#1357,#402,.F.);
#1050=EDGE_CURVE('',#1361,#1361,#1619,.T.);
#1051=EDGE_CURVE('',#1362,#1362,#1620,.T.);
#1052=EDGE_CURVE('',#1363,#1364,#17,.T.);
#1053=EDGE_CURVE('',#1363,#1365,#18,.T.);
#1054=EDGE_CURVE('',#1365,#1366,#19,.T.);
#1055=EDGE_CURVE('',#1366,#1364,#20,.T.);
#1056=EDGE_CURVE('',#1367,#1367,#1621,.T.);
#1057=EDGE_CURVE('',#1368,#1368,#1622,.T.);
#1058=EDGE_CURVE('',#1369,#1369,#1623,.T.);
#1059=EDGE_CURVE('',#1370,#1370,#1624,.T.);
#1060=EDGE_CURVE('',#1371,#1371,#1625,.T.);
#1061=EDGE_CURVE('',#1372,#1372,#1626,.T.);
#1062=EDGE_CURVE('',#1373,#1373,#1627,.T.);
#1063=EDGE_CURVE('',#1374,#1374,#1628,.T.);
#1064=EDGE_CURVE('',#1375,#1375,#1629,.T.);
#1065=EDGE_CURVE('',#1376,#1376,#1630,.T.);
#1066=EDGE_CURVE('',#1377,#1377,#1631,.T.);
#1067=EDGE_CURVE('',#1378,#1378,#1632,.T.);
#1068=EDGE_CURVE('',#1379,#1379,#1633,.T.);
#1069=EDGE_CURVE('',#1380,#1380,#1634,.T.);
#1070=EDGE_CURVE('',#1381,#1381,#1635,.T.);
#1071=EDGE_CURVE('',#1382,#1382,#1636,.T.);
#1072=EDGE_CURVE('',#1383,#1384,#21,.T.);
#1073=EDGE_CURVE('',#1383,#1385,#22,.T.);
#1074=EDGE_CURVE('',#1386,#1385,#23,.T.);
#1075=EDGE_CURVE('',#1386,#1384,#24,.T.);
#1076=EDGE_CURVE('',#1387,#1388,#25,.T.);
#1077=EDGE_CURVE('',#1386,#1387,#26,.T.);
#1078=EDGE_CURVE('',#1385,#1388,#27,.T.);
#1079=EDGE_CURVE('',#1387,#1389,#28,.T.);
#1080=EDGE_CURVE('',#1384,#1389,#29,.T.);
#1081=EDGE_CURVE('',#1390,#1389,#30,.T.);
#1082=EDGE_CURVE('',#1383,#1390,#31,.T.);
#1083=EDGE_CURVE('',#1391,#1391,#1637,.T.);
#1084=EDGE_CURVE('',#1392,#1392,#1638,.T.);
#1085=EDGE_CURVE('',#1393,#1393,#1639,.T.);
#1086=EDGE_CURVE('',#1394,#1394,#1640,.T.);
#1087=EDGE_CURVE('',#1395,#1395,#1641,.T.);
#1088=EDGE_CURVE('',#1396,#1396,#1642,.T.);
#1089=EDGE_CURVE('',#1397,#1397,#1643,.T.);
#1090=EDGE_CURVE('',#1398,#1398,#1644,.T.);
#1091=EDGE_CURVE('',#1399,#1399,#1645,.T.);
#1092=EDGE_CURVE('',#1400,#1400,#1646,.T.);
#1093=EDGE_CURVE('',#1401,#1401,#1647,.T.);
#1094=EDGE_CURVE('',#1402,#1402,#1648,.T.);
#1095=EDGE_CURVE('',#1403,#1403,#1649,.T.);
#1096=EDGE_CURVE('',#1404,#1404,#1650,.T.);
#1097=EDGE_CURVE('',#1405,#1405,#1651,.T.);
#1098=EDGE_CURVE('',#1406,#1406,#1652,.T.);
#1099=EDGE_CURVE('',#1388,#1390,#32,.T.);
#1100=EDGE_CURVE('',#1407,#1408,#33,.T.);
#1101=EDGE_CURVE('',#1409,#1408,#34,.T.);
#1102=EDGE_CURVE('',#1410,#1409,#35,.T.);
#1103=EDGE_CURVE('',#1410,#1407,#36,.T.);
#1104=EDGE_CURVE('',#1408,#1411,#37,.T.);
#1105=EDGE_CURVE('',#1412,#1411,#38,.T.);
#1106=EDGE_CURVE('',#1413,#1412,#39,.T.);
#1107=EDGE_CURVE('',#1413,#1365,#40,.T.);
#1108=EDGE_CURVE('',#1414,#1363,#41,.T.);
#1109=EDGE_CURVE('',#1409,#1414,#42,.T.);
#1110=EDGE_CURVE('',#1411,#1415,#43,.T.);
#1111=EDGE_CURVE('',#1416,#1415,#44,.T.);
#1112=EDGE_CURVE('',#1412,#1416,#45,.T.);
#1113=EDGE_CURVE('',#1415,#1407,#46,.T.);
#1114=EDGE_CURVE('',#1417,#1410,#47,.T.);
#1115=EDGE_CURVE('',#1417,#1364,#48,.T.);
#1116=EDGE_CURVE('',#1418,#1366,#49,.T.);
#1117=EDGE_CURVE('',#1416,#1418,#50,.T.);
#1118=EDGE_CURVE('',#1419,#1419,#1653,.T.);
#1119=EDGE_CURVE('',#1413,#1418,#51,.T.);
#1120=EDGE_CURVE('',#1420,#1420,#1654,.F.);
#1121=EDGE_CURVE('',#1414,#1417,#52,.T.);
#1122=EDGE_CURVE('',#1421,#1421,#1655,.T.);
#1123=EDGE_CURVE('',#1422,#1422,#1656,.T.);
#1124=EDGE_CURVE('',#1423,#1423,#1657,.T.);
#1125=EDGE_CURVE('',#1424,#1425,#53,.T.);
#1126=EDGE_CURVE('',#1426,#1425,#54,.T.);
#1127=EDGE_CURVE('',#1427,#1426,#55,.T.);
#1128=EDGE_CURVE('',#1427,#1424,#56,.T.);
#1129=EDGE_CURVE('',#1425,#1428,#57,.T.);
#1130=EDGE_CURVE('',#1429,#1428,#58,.T.);
#1131=EDGE_CURVE('',#1426,#1429,#59,.T.);
#1132=EDGE_CURVE('',#1428,#1430,#60,.T.);
#1133=EDGE_CURVE('',#1431,#1430,#61,.T.);
#1134=EDGE_CURVE('',#1429,#1431,#62,.T.);
#1135=EDGE_CURVE('',#1430,#1432,#63,.T.);
#1136=EDGE_CURVE('',#1433,#1432,#64,.T.);
#1137=EDGE_CURVE('',#1431,#1433,#65,.T.);
#1138=EDGE_CURVE('',#1432,#1434,#66,.T.);
#1139=EDGE_CURVE('',#1435,#1434,#67,.T.);
#1140=EDGE_CURVE('',#1433,#1435,#68,.T.);
#1141=EDGE_CURVE('',#1434,#1436,#69,.T.);
#1142=EDGE_CURVE('',#1437,#1436,#70,.T.);
#1143=EDGE_CURVE('',#1435,#1437,#71,.T.);
#1144=EDGE_CURVE('',#1436,#1424,#72,.T.);
#1145=EDGE_CURVE('',#1437,#1427,#73,.T.);
#1146=EDGE_CURVE('',#1439,#1439,#1658,.T.);
#1147=EDGE_CURVE('',#1440,#1440,#1659,.T.);
#1148=EDGE_CURVE('',#1441,#1441,#1660,.T.);
#1149=EDGE_CURVE('',#1442,#1442,#1661,.T.);
#1150=EDGE_CURVE('',#1443,#1443,#1662,.T.);
#1151=EDGE_CURVE('',#1444,#1445,#1663,.T.);
#1152=EDGE_CURVE('',#1446,#1445,#74,.T.);
#1153=EDGE_CURVE('',#1447,#1446,#1664,.T.);
#1154=EDGE_CURVE('',#1447,#1444,#75,.T.);
#1155=EDGE_CURVE('',#1445,#1448,#76,.T.);
#1156=EDGE_CURVE('',#1449,#1448,#77,.T.);
#1157=EDGE_CURVE('',#1446,#1449,#78,.T.);
#1158=EDGE_CURVE('',#1448,#1450,#1665,.T.);
#1159=EDGE_CURVE('',#1451,#1450,#79,.T.);
#1160=EDGE_CURVE('',#1449,#1451,#1666,.T.);
#1161=EDGE_CURVE('',#1450,#1452,#80,.T.);
#1162=EDGE_CURVE('',#1453,#1452,#81,.T.);
#1163=EDGE_CURVE('',#1451,#1453,#82,.T.);
#1164=EDGE_CURVE('',#1452,#1454,#1667,.T.);
#1165=EDGE_CURVE('',#1455,#1454,#83,.T.);
#1166=EDGE_CURVE('',#1453,#1455,#1668,.T.);
#1167=EDGE_CURVE('',#1456,#1454,#84,.T.);
#1168=EDGE_CURVE('',#1457,#1456,#85,.T.);
#1169=EDGE_CURVE('',#1457,#1455,#86,.T.);
#1170=EDGE_CURVE('',#1456,#1458,#1669,.T.);
#1171=EDGE_CURVE('',#1459,#1458,#87,.T.);
#1172=EDGE_CURVE('',#1457,#1459,#1670,.T.);
#1173=EDGE_CURVE('',#1444,#1458,#88,.T.);
#1174=EDGE_CURVE('',#1447,#1459,#89,.T.);
#1175=EDGE_CURVE('',#1460,#1460,#1671,.T.);
#1176=EDGE_CURVE('',#1461,#1461,#1672,.T.);
#1177=EDGE_CURVE('',#1462,#1462,#1673,.T.);
#1178=EDGE_CURVE('',#1463,#1463,#1674,.T.);
#1179=EDGE_CURVE('',#1464,#1464,#1675,.T.);
#1180=EDGE_CURVE('',#1465,#1465,#1676,.T.);
#1181=EDGE_CURVE('',#1466,#1466,#1677,.T.);
#1182=EDGE_CURVE('',#1467,#1467,#1678,.T.);
#1183=EDGE_CURVE('',#1468,#1468,#1679,.T.);
#1184=EDGE_CURVE('',#1469,#1469,#1680,.T.);
#1185=EDGE_CURVE('',#1470,#1470,#1681,.T.);
#1186=EDGE_CURVE('',#1471,#1471,#1682,.T.);
#1187=EDGE_CURVE('',#1472,#1472,#1683,.T.);
#1188=EDGE_CURVE('',#1473,#1473,#1684,.T.);
#1189=EDGE_CURVE('',#1474,#1474,#1685,.T.);
#1190=EDGE_CURVE('',#1475,#1475,#1686,.T.);
#1191=EDGE_CURVE('',#1476,#1476,#1687,.T.);
#1192=EDGE_CURVE('',#1477,#1477,#1688,.T.);
#1193=EDGE_CURVE('',#1478,#1478,#1689,.T.);
#1194=EDGE_CURVE('',#1479,#1479,#1690,.T.);
#1195=EDGE_CURVE('',#1480,#1480,#1691,.T.);
#1196=EDGE_CURVE('',#1481,#1481,#1692,.T.);
#1197=EDGE_CURVE('',#1482,#1482,#1693,.T.);
#1198=EDGE_CURVE('',#1483,#1483,#1694,.T.);
#1199=EDGE_CURVE('',#1484,#1484,#1695,.T.);
#1200=EDGE_CURVE('',#1485,#1485,#1696,.T.);
#1201=EDGE_CURVE('',#1486,#1486,#1697,.T.);
#1202=EDGE_CURVE('',#1487,#1487,#1698,.T.);
#1203=EDGE_CURVE('',#1488,#1488,#1699,.T.);
#1204=EDGE_CURVE('',#1489,#1489,#1700,.T.);
#1205=EDGE_CURVE('',#1490,#1490,#1701,.T.);
#1206=EDGE_CURVE('',#1491,#1491,#1702,.T.);
#1207=EDGE_CURVE('',#1492,#1492,#1703,.T.);
#1208=EDGE_CURVE('',#1493,#1493,#1704,.T.);
#1209=EDGE_CURVE('',#1494,#1494,#1705,.T.);
#1210=EDGE_CURVE('',#1495,#1495,#1706,.T.);
#1211=EDGE_CURVE('',#1496,#1496,#1707,.T.);
#1212=EDGE_CURVE('',#1497,#1497,#1708,.T.);
#1213=EDGE_CURVE('',#1498,#1498,#1709,.T.);
#1214=EDGE_CURVE('',#1499,#1499,#1710,.T.);
#1215=EDGE_CURVE('',#1500,#1500,#1711,.T.);
#1216=EDGE_CURVE('',#1501,#1501,#1712,.T.);
#1217=EDGE_CURVE('',#1502,#1502,#1713,.T.);
#1218=EDGE_CURVE('',#1503,#1503,#1714,.T.);
#1219=EDGE_CURVE('',#1504,#1504,#1715,.T.);
#1220=EDGE_CURVE('',#1505,#1505,#1716,.T.);
#1221=EDGE_CURVE('',#1506,#1506,#1717,.T.);
#1222=EDGE_CURVE('',#1507,#1507,#1718,.T.);
#1223=EDGE_CURVE('',#1508,#1508,#1719,.T.);
#1224=EDGE_CURVE('',#1509,#1509,#1720,.T.);
#1225=EDGE_CURVE('',#1510,#1510,#1721,.T.);
#1226=EDGE_CURVE('',#1511,#1511,#1722,.T.);
#1227=EDGE_CURVE('',#1512,#1512,#1723,.T.);
#1228=EDGE_CURVE('',#1513,#1513,#1724,.T.);
#1229=EDGE_CURVE('',#1514,#1514,#1725,.T.);
#1230=EDGE_CURVE('',#1515,#1515,#1726,.T.);
#1231=EDGE_CURVE('',#1516,#1516,#1727,.T.);
#1232=EDGE_CURVE('',#1517,#1517,#1728,.T.);
#1233=EDGE_CURVE('',#1518,#1518,#1729,.T.);
#1234=EDGE_CURVE('',#1519,#1519,#1730,.T.);
#1235=EDGE_CURVE('',#1520,#1520,#1731,.T.);
#1236=EDGE_CURVE('',#1521,#1521,#1732,.T.);
#1237=EDGE_CURVE('',#1522,#1522,#1733,.T.);
#1238=EDGE_CURVE('',#1523,#1523,#1734,.T.);
#1239=EDGE_CURVE('',#1524,#1524,#1735,.T.);
#1240=EDGE_CURVE('',#1525,#1525,#1736,.T.);
#1241=EDGE_CURVE('',#1526,#1526,#1737,.T.);
#1242=EDGE_CURVE('',#1527,#1527,#1738,.T.);
#1243=EDGE_CURVE('',#1528,#1528,#1739,.T.);
#1244=EDGE_CURVE('',#1529,#1529,#1740,.T.);
#1245=EDGE_CURVE('',#1530,#1530,#1741,.T.);
#1246=EDGE_CURVE('',#1531,#1531,#1742,.T.);
#1247=EDGE_CURVE('',#1532,#1532,#1743,.T.);
#1248=EDGE_CURVE('',#1533,#1533,#1744,.T.);
#1249=EDGE_CURVE('',#1534,#1534,#1745,.T.);
#1250=EDGE_CURVE('',#1535,#1535,#1746,.T.);
#1251=EDGE_CURVE('',#1536,#1537,#90,.T.);
#1252=EDGE_CURVE('',#1537,#1538,#91,.T.);
#1253=EDGE_CURVE('',#1538,#1536,#92,.T.);
#1254=EDGE_CURVE('',#1539,#1540,#93,.T.);
#1255=EDGE_CURVE('',#1540,#1541,#403,.T.);
#1256=EDGE_CURVE('',#1541,#1542,#404,.T.);
#1257=EDGE_CURVE('',#1542,#1543,#94,.T.);
#1258=EDGE_CURVE('',#1539,#1543,#95,.T.);
#1259=EDGE_CURVE('',#1543,#1544,#96,.T.);
#1260=EDGE_CURVE('',#1545,#1544,#97,.T.);
#1261=EDGE_CURVE('',#1546,#1545,#98,.T.);
#1262=EDGE_CURVE('',#1546,#1539,#99,.T.);
#1263=EDGE_CURVE('',#1547,#1545,#100,.T.);
#1264=EDGE_CURVE('',#1548,#1547,#101,.T.);
#1265=EDGE_CURVE('',#1548,#1546,#102,.T.);
#1266=EDGE_CURVE('',#1547,#1549,#103,.T.);
#1267=EDGE_CURVE('',#1549,#1550,#104,.T.);
#1268=EDGE_CURVE('',#1551,#1550,#105,.T.);
#1269=EDGE_CURVE('',#1548,#1551,#106,.T.);
#1270=EDGE_CURVE('',#1552,#1553,#405,.T.);
#1271=EDGE_CURVE('',#1553,#1554,#406,.T.);
#1272=EDGE_CURVE('',#1554,#1551,#107,.T.);
#1273=EDGE_CURVE('',#1550,#1552,#108,.T.);
#1274=EDGE_CURVE('',#1555,#1556,#109,.T.);
#1275=EDGE_CURVE('',#1555,#1557,#110,.T.);
#1276=EDGE_CURVE('',#1557,#1556,#111,.T.);
#1277=EDGE_CURVE('',#1538,#1558,#10,.T.);
#1278=EDGE_CURVE('',#1558,#1559,#1747,.T.);
#1279=EDGE_CURVE('',#1559,#1555,#11,.T.);
#1280=EDGE_CURVE('',#1556,#1560,#12,.T.);
#1281=EDGE_CURVE('',#1560,#1561,#407,.T.);
#1282=EDGE_CURVE('',#1561,#1536,#13,.T.);
#1283=EDGE_CURVE('',#1562,#1562,#1748,.T.);
#1284=EDGE_CURVE('',#1563,#1563,#1749,.T.);
#1285=EDGE_CURVE('',#1564,#1564,#1750,.T.);
#1286=EDGE_CURVE('',#1565,#1565,#1751,.T.);
#1287=EDGE_CURVE('',#1566,#1566,#1752,.T.);
#1288=EDGE_CURVE('',#1567,#1567,#1753,.T.);
#1289=EDGE_CURVE('',#1558,#1540,#112,.F.);
#1290=EDGE_CURVE('',#1554,#1559,#113,.F.);
#1291=EDGE_CURVE('',#1568,#1569,#1754,.T.);
#1292=EDGE_CURVE('',#1568,#1549,#114,.T.);
#1293=EDGE_CURVE('',#1544,#1570,#115,.T.);
#1294=EDGE_CURVE('',#1571,#1570,#1755,.T.);
#1295=EDGE_CURVE('',#1571,#1569,#116,.T.);
#1296=EDGE_CURVE('',#1570,#1571,#408,.T.);
#1297=EDGE_CURVE('',#1572,#1572,#409,.T.);
#1298=EDGE_CURVE('',#1569,#1568,#410,.T.);
#1299=EDGE_CURVE('',#1573,#1573,#411,.T.);
#1300=EDGE_CURVE('',#1574,#1574,#412,.T.);
#1301=EDGE_CURVE('',#1575,#1575,#413,.T.);
#1302=EDGE_CURVE('',#1560,#1552,#117,.F.);
#1303=EDGE_CURVE('',#1542,#1561,#118,.F.);
#1304=EDGE_CURVE('',#1537,#1541,#414,.T.);
#1305=EDGE_CURVE('',#1553,#1557,#415,.F.);
#1306=EDGE_CURVE('',#1576,#1577,#119,.T.);
#1307=EDGE_CURVE('',#1578,#1577,#120,.T.);
#1308=EDGE_CURVE('',#1579,#1578,#121,.T.);
#1309=EDGE_CURVE('',#1579,#1576,#122,.T.);
#1310=EDGE_CURVE('',#1577,#1580,#123,.T.);
#1311=EDGE_CURVE('',#1581,#1580,#124,.T.);
#1312=EDGE_CURVE('',#1578,#1581,#125,.T.);
#1313=EDGE_CURVE('',#1580,#1582,#126,.T.);
#1314=EDGE_CURVE('',#1583,#1582,#127,.T.);
#1315=EDGE_CURVE('',#1581,#1583,#128,.T.);
#1316=EDGE_CURVE('',#1582,#1584,#129,.T.);
#1317=EDGE_CURVE('',#1585,#1584,#130,.T.);
#1318=EDGE_CURVE('',#1583,#1585,#131,.T.);
#1319=EDGE_CURVE('',#1584,#1586,#132,.T.);
#1320=EDGE_CURVE('',#1587,#1586,#133,.T.);
#1321=EDGE_CURVE('',#1585,#1587,#134,.T.);
#1322=EDGE_CURVE('',#1586,#1576,#135,.T.);
#1323=EDGE_CURVE('',#1587,#1579,#136,.T.);
#1324=EDGE_CURVE('',#1588,#1588,#1756,.T.);
#1325=EDGE_CURVE('',#1589,#1589,#1757,.F.);
#1326=EDGE_CURVE('',#1590,#1590,#1758,.T.);
#1327=EDGE_CURVE('',#1591,#1592,#137,.T.);
#1328=EDGE_CURVE('',#1593,#1591,#138,.T.);
#1329=EDGE_CURVE('',#1593,#1594,#139,.T.);
#1330=EDGE_CURVE('',#1594,#1592,#140,.T.);
#1331=EDGE_CURVE('',#1595,#1591,#141,.T.);
#1332=EDGE_CURVE('',#1596,#1595,#142,.T.);
#1333=EDGE_CURVE('',#1596,#1593,#143,.T.);
#1334=EDGE_CURVE('',#1595,#1597,#144,.T.);
#1335=EDGE_CURVE('',#1598,#1597,#145,.T.);
#1336=EDGE_CURVE('',#1596,#1598,#146,.T.);
#1337=EDGE_CURVE('',#1597,#1592,#147,.T.);
#1338=EDGE_CURVE('',#1598,#1594,#148,.T.);
#1339=EDGE_CURVE('',#1599,#1599,#1759,.T.);
#1340=EDGE_CURVE('',#1600,#1600,#1760,.T.);
#1341=EDGE_CURVE('',#1601,#1601,#1761,.T.);
#1342=EDGE_CURVE('',#1602,#1602,#1762,.T.);
#1343=EDGE_CURVE('',#1603,#1603,#1763,.T.);
#1344=EDGE_CURVE('',#1604,#1604,#1764,.T.);
#1345=EDGE_CURVE('',#1605,#1605,#1765,.T.);
#1346=EDGE_CURVE('',#1606,#1606,#1766,.T.);
#1347=EDGE_CURVE('',#1607,#1607,#1767,.T.);
#1348=EDGE_CURVE('',#1608,#1608,#1768,.T.);
#1349=EDGE_CURVE('',#1609,#1609,#1769,.T.);
#1350=EDGE_CURVE('',#1610,#1610,#1770,.T.);
#1351=EDGE_CURVE('',#1611,#1611,#1771,.T.);
#1352=EDGE_CURVE('',#1612,#1612,#1772,.T.);
#1353=EDGE_CURVE('',#1613,#1613,#1773,.T.);
#1354=EDGE_CURVE('',#1614,#1614,#1774,.T.);
#1355=VERTEX_POINT('',#4018);
#1356=VERTEX_POINT('',#4020);
#1357=VERTEX_POINT('',#4021);
#1358=VERTEX_POINT('',#4026);
#1359=VERTEX_POINT('',#4028);
#1360=VERTEX_POINT('',#4033);
#1361=VERTEX_POINT('',#4038);
#1362=VERTEX_POINT('',#4041);
#1363=VERTEX_POINT('',#4046);
#1364=VERTEX_POINT('',#4047);
#1365=VERTEX_POINT('',#4049);
#1366=VERTEX_POINT('',#4051);
#1367=VERTEX_POINT('',#4055);
#1368=VERTEX_POINT('',#4057);
#1369=VERTEX_POINT('',#4059);
#1370=VERTEX_POINT('',#4061);
#1371=VERTEX_POINT('',#4063);
#1372=VERTEX_POINT('',#4065);
#1373=VERTEX_POINT('',#4067);
#1374=VERTEX_POINT('',#4069);
#1375=VERTEX_POINT('',#4071);
#1376=VERTEX_POINT('',#4073);
#1377=VERTEX_POINT('',#4075);
#1378=VERTEX_POINT('',#4077);
#1379=VERTEX_POINT('',#4079);
#1380=VERTEX_POINT('',#4081);
#1381=VERTEX_POINT('',#4083);
#1382=VERTEX_POINT('',#4085);
#1383=VERTEX_POINT('',#4087);
#1384=VERTEX_POINT('',#4088);
#1385=VERTEX_POINT('',#4090);
#1386=VERTEX_POINT('',#4092);
#1387=VERTEX_POINT('',#4096);
#1388=VERTEX_POINT('',#4097);
#1389=VERTEX_POINT('',#4102);
#1390=VERTEX_POINT('',#4106);
#1391=VERTEX_POINT('',#4110);
#1392=VERTEX_POINT('',#4112);
#1393=VERTEX_POINT('',#4114);
#1394=VERTEX_POINT('',#4116);
#1395=VERTEX_POINT('',#4118);
#1396=VERTEX_POINT('',#4120);
#1397=VERTEX_POINT('',#4122);
#1398=VERTEX_POINT('',#4124);
#1399=VERTEX_POINT('',#4126);
#1400=VERTEX_POINT('',#4128);
#1401=VERTEX_POINT('',#4130);
#1402=VERTEX_POINT('',#4132);
#1403=VERTEX_POINT('',#4134);
#1404=VERTEX_POINT('',#4136);
#1405=VERTEX_POINT('',#4138);
#1406=VERTEX_POINT('',#4140);
#1407=VERTEX_POINT('',#4160);
#1408=VERTEX_POINT('',#4161);
#1409=VERTEX_POINT('',#4163);
#1410=VERTEX_POINT('',#4165);
#1411=VERTEX_POINT('',#4169);
#1412=VERTEX_POINT('',#4171);
#1413=VERTEX_POINT('',#4173);
#1414=VERTEX_POINT('',#4176);
#1415=VERTEX_POINT('',#4180);
#1416=VERTEX_POINT('',#4182);
#1417=VERTEX_POINT('',#4187);
#1418=VERTEX_POINT('',#4190);
#1419=VERTEX_POINT('',#4195);
#1420=VERTEX_POINT('',#4200);
#1421=VERTEX_POINT('',#4207);
#1422=VERTEX_POINT('',#4209);
#1423=VERTEX_POINT('',#4212);
#1424=VERTEX_POINT('',#4215);
#1425=VERTEX_POINT('',#4216);
#1426=VERTEX_POINT('',#4218);
#1427=VERTEX_POINT('',#4220);
#1428=VERTEX_POINT('',#4224);
#1429=VERTEX_POINT('',#4226);
#1430=VERTEX_POINT('',#4230);
#1431=VERTEX_POINT('',#4232);
#1432=VERTEX_POINT('',#4236);
#1433=VERTEX_POINT('',#4238);
#1434=VERTEX_POINT('',#4242);
#1435=VERTEX_POINT('',#4244);
#1436=VERTEX_POINT('',#4248);
#1437=VERTEX_POINT('',#4250);
#1438=VERTEX_POINT('',#4258);
#1439=VERTEX_POINT('',#4260);
#1440=VERTEX_POINT('',#4265);
#1441=VERTEX_POINT('',#4267);
#1442=VERTEX_POINT('',#4270);
#1443=VERTEX_POINT('',#4272);
#1444=VERTEX_POINT('',#4278);
#1445=VERTEX_POINT('',#4279);
#1446=VERTEX_POINT('',#4281);
#1447=VERTEX_POINT('',#4283);
#1448=VERTEX_POINT('',#4287);
#1449=VERTEX_POINT('',#4289);
#1450=VERTEX_POINT('',#4293);
#1451=VERTEX_POINT('',#4295);
#1452=VERTEX_POINT('',#4299);
#1453=VERTEX_POINT('',#4301);
#1454=VERTEX_POINT('',#4305);
#1455=VERTEX_POINT('',#4307);
#1456=VERTEX_POINT('',#4311);
#1457=VERTEX_POINT('',#4313);
#1458=VERTEX_POINT('',#4317);
#1459=VERTEX_POINT('',#4319);
#1460=VERTEX_POINT('',#4326);
#1461=VERTEX_POINT('',#4328);
#1462=VERTEX_POINT('',#4330);
#1463=VERTEX_POINT('',#4332);
#1464=VERTEX_POINT('',#4334);
#1465=VERTEX_POINT('',#4336);
#1466=VERTEX_POINT('',#4338);
#1467=VERTEX_POINT('',#4340);
#1468=VERTEX_POINT('',#4342);
#1469=VERTEX_POINT('',#4344);
#1470=VERTEX_POINT('',#4346);
#1471=VERTEX_POINT('',#4348);
#1472=VERTEX_POINT('',#4350);
#1473=VERTEX_POINT('',#4352);
#1474=VERTEX_POINT('',#4354);
#1475=VERTEX_POINT('',#4356);
#1476=VERTEX_POINT('',#4358);
#1477=VERTEX_POINT('',#4360);
#1478=VERTEX_POINT('',#4362);
#1479=VERTEX_POINT('',#4364);
#1480=VERTEX_POINT('',#4366);
#1481=VERTEX_POINT('',#4368);
#1482=VERTEX_POINT('',#4370);
#1483=VERTEX_POINT('',#4372);
#1484=VERTEX_POINT('',#4374);
#1485=VERTEX_POINT('',#4376);
#1486=VERTEX_POINT('',#4378);
#1487=VERTEX_POINT('',#4380);
#1488=VERTEX_POINT('',#4382);
#1489=VERTEX_POINT('',#4384);
#1490=VERTEX_POINT('',#4386);
#1491=VERTEX_POINT('',#4388);
#1492=VERTEX_POINT('',#4390);
#1493=VERTEX_POINT('',#4392);
#1494=VERTEX_POINT('',#4394);
#1495=VERTEX_POINT('',#4396);
#1496=VERTEX_POINT('',#4398);
#1497=VERTEX_POINT('',#4400);
#1498=VERTEX_POINT('',#4403);
#1499=VERTEX_POINT('',#4405);
#1500=VERTEX_POINT('',#4407);
#1501=VERTEX_POINT('',#4409);
#1502=VERTEX_POINT('',#4411);
#1503=VERTEX_POINT('',#4413);
#1504=VERTEX_POINT('',#4415);
#1505=VERTEX_POINT('',#4417);
#1506=VERTEX_POINT('',#4419);
#1507=VERTEX_POINT('',#4421);
#1508=VERTEX_POINT('',#4423);
#1509=VERTEX_POINT('',#4425);
#1510=VERTEX_POINT('',#4427);
#1511=VERTEX_POINT('',#4429);
#1512=VERTEX_POINT('',#4431);
#1513=VERTEX_POINT('',#4433);
#1514=VERTEX_POINT('',#4435);
#1515=VERTEX_POINT('',#4437);
#1516=VERTEX_POINT('',#4439);
#1517=VERTEX_POINT('',#4441);
#1518=VERTEX_POINT('',#4443);
#1519=VERTEX_POINT('',#4445);
#1520=VERTEX_POINT('',#4447);
#1521=VERTEX_POINT('',#4449);
#1522=VERTEX_POINT('',#4451);
#1523=VERTEX_POINT('',#4453);
#1524=VERTEX_POINT('',#4455);
#1525=VERTEX_POINT('',#4457);
#1526=VERTEX_POINT('',#4459);
#1527=VERTEX_POINT('',#4461);
#1528=VERTEX_POINT('',#4463);
#1529=VERTEX_POINT('',#4465);
#1530=VERTEX_POINT('',#4467);
#1531=VERTEX_POINT('',#4469);
#1532=VERTEX_POINT('',#4471);
#1533=VERTEX_POINT('',#4473);
#1534=VERTEX_POINT('',#4475);
#1535=VERTEX_POINT('',#4477);
#1536=VERTEX_POINT('',#4519);
#1537=VERTEX_POINT('',#4520);
#1538=VERTEX_POINT('',#4522);
#1539=VERTEX_POINT('',#4526);
#1540=VERTEX_POINT('',#4527);
#1541=VERTEX_POINT('',#4529);
#1542=VERTEX_POINT('',#4531);
#1543=VERTEX_POINT('',#4533);
#1544=VERTEX_POINT('',#4537);
#1545=VERTEX_POINT('',#4539);
#1546=VERTEX_POINT('',#4541);
#1547=VERTEX_POINT('',#4545);
#1548=VERTEX_POINT('',#4547);
#1549=VERTEX_POINT('',#4551);
#1550=VERTEX_POINT('',#4553);
#1551=VERTEX_POINT('',#4555);
#1552=VERTEX_POINT('',#4559);
#1553=VERTEX_POINT('',#4560);
#1554=VERTEX_POINT('',#4562);
#1555=VERTEX_POINT('',#4567);
#1556=VERTEX_POINT('',#4568);
#1557=VERTEX_POINT('',#4570);
#1558=VERTEX_POINT('',#4578);
#1559=VERTEX_POINT('',#4580);
#1560=VERTEX_POINT('',#4591);
#1561=VERTEX_POINT('',#4593);
#1562=VERTEX_POINT('',#4601);
#1563=VERTEX_POINT('',#4603);
#1564=VERTEX_POINT('',#4605);
#1565=VERTEX_POINT('',#4607);
#1566=VERTEX_POINT('',#4609);
#1567=VERTEX_POINT('',#4611);
#1568=VERTEX_POINT('',#4616);
#1569=VERTEX_POINT('',#4617);
#1570=VERTEX_POINT('',#4620);
#1571=VERTEX_POINT('',#4622);
#1572=VERTEX_POINT('',#4628);
#1573=VERTEX_POINT('',#4633);
#1574=VERTEX_POINT('',#4636);
#1575=VERTEX_POINT('',#4639);
#1576=VERTEX_POINT('',#4653);
#1577=VERTEX_POINT('',#4654);
#1578=VERTEX_POINT('',#4656);
#1579=VERTEX_POINT('',#4658);
#1580=VERTEX_POINT('',#4662);
#1581=VERTEX_POINT('',#4664);
#1582=VERTEX_POINT('',#4668);
#1583=VERTEX_POINT('',#4670);
#1584=VERTEX_POINT('',#4674);
#1585=VERTEX_POINT('',#4676);
#1586=VERTEX_POINT('',#4680);
#1587=VERTEX_POINT('',#4682);
#1588=VERTEX_POINT('',#4689);
#1589=VERTEX_POINT('',#4693);
#1590=VERTEX_POINT('',#4696);
#1591=VERTEX_POINT('',#4701);
#1592=VERTEX_POINT('',#4702);
#1593=VERTEX_POINT('',#4704);
#1594=VERTEX_POINT('',#4706);
#1595=VERTEX_POINT('',#4710);
#1596=VERTEX_POINT('',#4712);
#1597=VERTEX_POINT('',#4716);
#1598=VERTEX_POINT('',#4718);
#1599=VERTEX_POINT('',#4725);
#1600=VERTEX_POINT('',#4727);
#1601=VERTEX_POINT('',#4729);
#1602=VERTEX_POINT('',#4731);
#1603=VERTEX_POINT('',#4733);
#1604=VERTEX_POINT('',#4735);
#1605=VERTEX_POINT('',#4737);
#1606=VERTEX_POINT('',#4739);
#1607=VERTEX_POINT('',#4742);
#1608=VERTEX_POINT('',#4744);
#1609=VERTEX_POINT('',#4746);
#1610=VERTEX_POINT('',#4748);
#1611=VERTEX_POINT('',#4750);
#1612=VERTEX_POINT('',#4752);
#1613=VERTEX_POINT('',#4754);
#1614=VERTEX_POINT('',#4756);
#1615=CIRCLE('',#2865,0.0127);
#1616=CIRCLE('',#2870,0.0032639);
#1617=CIRCLE('',#2871,0.0127);
#1618=CIRCLE('',#2875,0.0127);
#1619=CIRCLE('',#2879,0.0127);
#1620=CIRCLE('',#2881,0.0032639);
#1621=CIRCLE('',#2886,0.0032639);
#1622=CIRCLE('',#2887,0.0032639);
#1623=CIRCLE('',#2888,0.0032639);
#1624=CIRCLE('',#2889,0.0032639);
#1625=CIRCLE('',#2890,0.0032639);
#1626=CIRCLE('',#2891,0.0032639);
#1627=CIRCLE('',#2892,0.0032639);
#1628=CIRCLE('',#2893,0.0032639);
#1629=CIRCLE('',#2894,0.0032639);
#1630=CIRCLE('',#2895,0.0032639);
#1631=CIRCLE('',#2896,0.0032639);
#1632=CIRCLE('',#2897,0.0032639);
#1633=CIRCLE('',#2898,0.0032639);
#1634=CIRCLE('',#2899,0.0032639);
#1635=CIRCLE('',#2900,0.0032639);
#1636=CIRCLE('',#2901,0.0032639);
#1637=CIRCLE('',#2906,0.0032639);
#1638=CIRCLE('',#2907,0.0032639);
#1639=CIRCLE('',#2908,0.0032639);
#1640=CIRCLE('',#2909,0.0032639);
#1641=CIRCLE('',#2910,0.0032639);
#1642=CIRCLE('',#2911,0.0032639);
#1643=CIRCLE('',#2912,0.0032639);
#1644=CIRCLE('',#2913,0.0032639);
#1645=CIRCLE('',#2914,0.0032639);
#1646=CIRCLE('',#2915,0.0032639);
#1647=CIRCLE('',#2916,0.0032639);
#1648=CIRCLE('',#2917,0.0032639);
#1649=CIRCLE('',#2918,0.0032639);
#1650=CIRCLE('',#2919,0.0032639);
#1651=CIRCLE('',#2920,0.0032639);
#1652=CIRCLE('',#2921,0.0032639);
#1653=CIRCLE('',#2944,0.003175);
#1654=CIRCLE('',#2947,0.003175);
#1655=CIRCLE('',#2952,0.003048);
#1656=CIRCLE('',#2953,0.003048);
#1657=CIRCLE('',#2955,0.0024892);
#1658=CIRCLE('',#2966,0.0024892);
#1659=CIRCLE('',#2970,0.0127);
#1660=CIRCLE('',#2971,0.0127);
#1661=CIRCLE('',#2973,0.00508);
#1662=CIRCLE('',#2974,0.00508);
#1663=CIRCLE('',#2979,0.00635);
#1664=CIRCLE('',#2980,0.00635);
#1665=CIRCLE('',#2983,0.00635);
#1666=CIRCLE('',#2984,0.00635);
#1667=CIRCLE('',#2987,0.00635);
#1668=CIRCLE('',#2988,0.00635);
#1669=CIRCLE('',#2991,0.00635);
#1670=CIRCLE('',#2992,0.00635);
#1671=CIRCLE('',#2995,0.0032639);
#1672=CIRCLE('',#2996,0.0032639);
#1673=CIRCLE('',#2997,0.0032639);
#1674=CIRCLE('',#2998,0.0032639);
#1675=CIRCLE('',#2999,0.0032639);
#1676=CIRCLE('',#3000,0.0032639);
#1677=CIRCLE('',#3001,0.0032639);
#1678=CIRCLE('',#3002,0.0032639);
#1679=CIRCLE('',#3003,0.0032639);
#1680=CIRCLE('',#3004,0.0032639);
#1681=CIRCLE('',#3005,0.0032639);
#1682=CIRCLE('',#3006,0.0032639);
#1683=CIRCLE('',#3007,0.0032639);
#1684=CIRCLE('',#3008,0.0032639);
#1685=CIRCLE('',#3009,0.0032639);
#1686=CIRCLE('',#3010,0.0032639);
#1687=CIRCLE('',#3011,0.0032639);
#1688=CIRCLE('',#3012,0.0032639);
#1689=CIRCLE('',#3013,0.0032639);
#1690=CIRCLE('',#3014,0.0032639);
#1691=CIRCLE('',#3015,0.0032639);
#1692=CIRCLE('',#3016,0.0032639);
#1693=CIRCLE('',#3017,0.0032639);
#1694=CIRCLE('',#3018,0.0032639);
#1695=CIRCLE('',#3019,0.0032639);
#1696=CIRCLE('',#3020,0.0032639);
#1697=CIRCLE('',#3021,0.0032639);
#1698=CIRCLE('',#3022,0.0032639);
#1699=CIRCLE('',#3023,0.0032639);
#1700=CIRCLE('',#3024,0.0032639);
#1701=CIRCLE('',#3025,0.0032639);
#1702=CIRCLE('',#3026,0.0032639);
#1703=CIRCLE('',#3027,0.0032639);
#1704=CIRCLE('',#3028,0.0032639);
#1705=CIRCLE('',#3029,0.0032639);
#1706=CIRCLE('',#3030,0.0032639);
#1707=CIRCLE('',#3031,0.0032639);
#1708=CIRCLE('',#3032,0.0032639);
#1709=CIRCLE('',#3034,0.0032639);
#1710=CIRCLE('',#3035,0.0032639);
#1711=CIRCLE('',#3036,0.0032639);
#1712=CIRCLE('',#3037,0.0032639);
#1713=CIRCLE('',#3038,0.0032639);
#1714=CIRCLE('',#3039,0.0032639);
#1715=CIRCLE('',#3040,0.0032639);
#1716=CIRCLE('',#3041,0.0032639);
#1717=CIRCLE('',#3042,0.0032639);
#1718=CIRCLE('',#3043,0.0032639);
#1719=CIRCLE('',#3044,0.0032639);
#1720=CIRCLE('',#3045,0.0032639);
#1721=CIRCLE('',#3046,0.0032639);
#1722=CIRCLE('',#3047,0.0032639);
#1723=CIRCLE('',#3048,0.0032639);
#1724=CIRCLE('',#3049,0.0032639);
#1725=CIRCLE('',#3050,0.0032639);
#1726=CIRCLE('',#3051,0.0032639);
#1727=CIRCLE('',#3052,0.0032639);
#1728=CIRCLE('',#3053,0.0032639);
#1729=CIRCLE('',#3054,0.0032639);
#1730=CIRCLE('',#3055,0.0032639);
#1731=CIRCLE('',#3056,0.0032639);
#1732=CIRCLE('',#3057,0.0032639);
#1733=CIRCLE('',#3058,0.0032639);
#1734=CIRCLE('',#3059,0.0032639);
#1735=CIRCLE('',#3060,0.0032639);
#1736=CIRCLE('',#3061,0.0032639);
#1737=CIRCLE('',#3062,0.0032639);
#1738=CIRCLE('',#3063,0.0032639);
#1739=CIRCLE('',#3064,0.0032639);
#1740=CIRCLE('',#3065,0.0032639);
#1741=CIRCLE('',#3066,0.0032639);
#1742=CIRCLE('',#3067,0.0032639);
#1743=CIRCLE('',#3068,0.0032639);
#1744=CIRCLE('',#3069,0.0032639);
#1745=CIRCLE('',#3070,0.0032639);
#1746=CIRCLE('',#3071,0.0032639);
#1747=CIRCLE('',#3123,0.00381);
#1748=CIRCLE('',#3126,0.0032639);
#1749=CIRCLE('',#3127,0.0032639);
#1750=CIRCLE('',#3128,0.0032639);
#1751=CIRCLE('',#3129,0.0032639);
#1752=CIRCLE('',#3130,0.0032639);
#1753=CIRCLE('',#3131,0.0032639);
#1754=CIRCLE('',#3133,0.0032639);
#1755=CIRCLE('',#3134,0.0032639);
#1756=CIRCLE('',#3163,0.002159);
#1757=CIRCLE('',#3166,0.002159);
#1758=CIRCLE('',#3168,0.000889);
#1759=CIRCLE('',#3176,0.0032639);
#1760=CIRCLE('',#3177,0.0032639);
#1761=CIRCLE('',#3178,0.0032639);
#1762=CIRCLE('',#3179,0.0032639);
#1763=CIRCLE('',#3180,0.0032639);
#1764=CIRCLE('',#3181,0.0032639);
#1765=CIRCLE('',#3182,0.0032639);
#1766=CIRCLE('',#3183,0.0032639);
#1767=CIRCLE('',#3185,0.0032639);
#1768=CIRCLE('',#3186,0.0032639);
#1769=CIRCLE('',#3187,0.0032639);
#1770=CIRCLE('',#3188,0.0032639);
#1771=CIRCLE('',#3189,0.0032639);
#1772=CIRCLE('',#3190,0.0032639);
#1773=CIRCLE('',#3191,0.0032639);
#1774=CIRCLE('',#3192,0.0032639);
#1775=EDGE_LOOP('',(#416));
#1776=EDGE_LOOP('',(#417,#418));
#1777=EDGE_LOOP('',(#419));
#1778=EDGE_LOOP('',(#420));
#1779=EDGE_LOOP('',(#421));
#1780=EDGE_LOOP('',(#422));
#1781=EDGE_LOOP('',(#423,#424));
#1782=EDGE_LOOP('',(#425));
#1783=EDGE_LOOP('',(#426));
#1784=EDGE_LOOP('',(#427,#428));
#1785=EDGE_LOOP('',(#429));
#1786=EDGE_LOOP('',(#430,#431));
#1787=EDGE_LOOP('',(#432));
#1788=EDGE_LOOP('',(#433));
#1789=EDGE_LOOP('',(#434));
#1790=EDGE_LOOP('',(#435));
#1791=EDGE_LOOP('',(#436,#437,#438,#439));
#1792=EDGE_LOOP('',(#440));
#1793=EDGE_LOOP('',(#441));
#1794=EDGE_LOOP('',(#442));
#1795=EDGE_LOOP('',(#443));
#1796=EDGE_LOOP('',(#444));
#1797=EDGE_LOOP('',(#445));
#1798=EDGE_LOOP('',(#446));
#1799=EDGE_LOOP('',(#447));
#1800=EDGE_LOOP('',(#448));
#1801=EDGE_LOOP('',(#449));
#1802=EDGE_LOOP('',(#450));
#1803=EDGE_LOOP('',(#451));
#1804=EDGE_LOOP('',(#452));
#1805=EDGE_LOOP('',(#453));
#1806=EDGE_LOOP('',(#454));
#1807=EDGE_LOOP('',(#455));
#1808=EDGE_LOOP('',(#456,#457,#458,#459));
#1809=EDGE_LOOP('',(#460,#461,#462,#463));
#1810=EDGE_LOOP('',(#464,#465,#466,#467));
#1811=EDGE_LOOP('',(#468,#469,#470,#471));
#1812=EDGE_LOOP('',(#472));
#1813=EDGE_LOOP('',(#473));
#1814=EDGE_LOOP('',(#474));
#1815=EDGE_LOOP('',(#475));
#1816=EDGE_LOOP('',(#476));
#1817=EDGE_LOOP('',(#477));
#1818=EDGE_LOOP('',(#478));
#1819=EDGE_LOOP('',(#479));
#1820=EDGE_LOOP('',(#480));
#1821=EDGE_LOOP('',(#481));
#1822=EDGE_LOOP('',(#482));
#1823=EDGE_LOOP('',(#483));
#1824=EDGE_LOOP('',(#484));
#1825=EDGE_LOOP('',(#485));
#1826=EDGE_LOOP('',(#486));
#1827=EDGE_LOOP('',(#487));
#1828=EDGE_LOOP('',(#488,#489,#490,#491));
#1829=EDGE_LOOP('',(#492));
#1830=EDGE_LOOP('',(#493));
#1831=EDGE_LOOP('',(#494));
#1832=EDGE_LOOP('',(#495));
#1833=EDGE_LOOP('',(#496));
#1834=EDGE_LOOP('',(#497));
#1835=EDGE_LOOP('',(#498));
#1836=EDGE_LOOP('',(#499));
#1837=EDGE_LOOP('',(#500));
#1838=EDGE_LOOP('',(#501));
#1839=EDGE_LOOP('',(#502));
#1840=EDGE_LOOP('',(#503));
#1841=EDGE_LOOP('',(#504));
#1842=EDGE_LOOP('',(#505));
#1843=EDGE_LOOP('',(#506));
#1844=EDGE_LOOP('',(#507));
#1845=EDGE_LOOP('',(#508));
#1846=EDGE_LOOP('',(#509));
#1847=EDGE_LOOP('',(#510));
#1848=EDGE_LOOP('',(#511));
#1849=EDGE_LOOP('',(#512));
#1850=EDGE_LOOP('',(#513));
#1851=EDGE_LOOP('',(#514));
#1852=EDGE_LOOP('',(#515));
#1853=EDGE_LOOP('',(#516));
#1854=EDGE_LOOP('',(#517));
#1855=EDGE_LOOP('',(#518));
#1856=EDGE_LOOP('',(#519));
#1857=EDGE_LOOP('',(#520));
#1858=EDGE_LOOP('',(#521));
#1859=EDGE_LOOP('',(#522));
#1860=EDGE_LOOP('',(#523));
#1861=EDGE_LOOP('',(#524,#525,#526,#527));
#1862=EDGE_LOOP('',(#528,#529,#530,#531,#532,#533,#534,#535));
#1863=EDGE_LOOP('',(#536,#537,#538,#539));
#1864=EDGE_LOOP('',(#540,#541,#542,#543,#544,#545,#546,#547));
#1865=EDGE_LOOP('',(#548,#549,#550,#551));
#1866=EDGE_LOOP('',(#552,#553,#554,#555));
#1867=EDGE_LOOP('',(#556));
#1868=EDGE_LOOP('',(#557,#558,#559,#560));
#1869=EDGE_LOOP('',(#561,#562,#563,#564));
#1870=EDGE_LOOP('',(#565));
#1871=EDGE_LOOP('',(#566,#567,#568,#569));
#1872=EDGE_LOOP('',(#570,#571,#572,#573));
#1873=EDGE_LOOP('',(#574));
#1874=EDGE_LOOP('',(#575));
#1875=EDGE_LOOP('',(#576));
#1876=EDGE_LOOP('',(#577));
#1877=EDGE_LOOP('',(#578));
#1878=EDGE_LOOP('',(#579));
#1879=EDGE_LOOP('',(#580,#581,#582,#583));
#1880=EDGE_LOOP('',(#584,#585,#586,#587));
#1881=EDGE_LOOP('',(#588,#589,#590,#591));
#1882=EDGE_LOOP('',(#592,#593,#594,#595));
#1883=EDGE_LOOP('',(#596,#597,#598,#599));
#1884=EDGE_LOOP('',(#600,#601,#602,#603));
#1885=EDGE_LOOP('',(#604,#605,#606,#607));
#1886=EDGE_LOOP('',(#608));
#1887=EDGE_LOOP('',(#609,#610,#611,#612,#613,#614,#615));
#1888=EDGE_LOOP('',(#616,#617,#618,#619,#620,#621,#622));
#1889=EDGE_LOOP('',(#623));
#1890=EDGE_LOOP('',(#624));
#1891=EDGE_LOOP('',(#625));
#1892=EDGE_LOOP('',(#626));
#1893=EDGE_LOOP('',(#627));
#1894=EDGE_LOOP('',(#628));
#1895=EDGE_LOOP('',(#629));
#1896=EDGE_LOOP('',(#630));
#1897=EDGE_LOOP('',(#631));
#1898=EDGE_LOOP('',(#632));
#1899=EDGE_LOOP('',(#633));
#1900=EDGE_LOOP('',(#634,#635,#636,#637));
#1901=EDGE_LOOP('',(#638,#639,#640,#641));
#1902=EDGE_LOOP('',(#642,#643,#644,#645));
#1903=EDGE_LOOP('',(#646,#647,#648,#649));
#1904=EDGE_LOOP('',(#650,#651,#652,#653));
#1905=EDGE_LOOP('',(#654,#655,#656,#657));
#1906=EDGE_LOOP('',(#658,#659,#660,#661));
#1907=EDGE_LOOP('',(#662,#663,#664,#665));
#1908=EDGE_LOOP('',(#666));
#1909=EDGE_LOOP('',(#667));
#1910=EDGE_LOOP('',(#668));
#1911=EDGE_LOOP('',(#669));
#1912=EDGE_LOOP('',(#670));
#1913=EDGE_LOOP('',(#671));
#1914=EDGE_LOOP('',(#672));
#1915=EDGE_LOOP('',(#673));
#1916=EDGE_LOOP('',(#674));
#1917=EDGE_LOOP('',(#675));
#1918=EDGE_LOOP('',(#676));
#1919=EDGE_LOOP('',(#677));
#1920=EDGE_LOOP('',(#678));
#1921=EDGE_LOOP('',(#679));
#1922=EDGE_LOOP('',(#680));
#1923=EDGE_LOOP('',(#681));
#1924=EDGE_LOOP('',(#682));
#1925=EDGE_LOOP('',(#683));
#1926=EDGE_LOOP('',(#684));
#1927=EDGE_LOOP('',(#685));
#1928=EDGE_LOOP('',(#686));
#1929=EDGE_LOOP('',(#687));
#1930=EDGE_LOOP('',(#688));
#1931=EDGE_LOOP('',(#689));
#1932=EDGE_LOOP('',(#690));
#1933=EDGE_LOOP('',(#691));
#1934=EDGE_LOOP('',(#692));
#1935=EDGE_LOOP('',(#693));
#1936=EDGE_LOOP('',(#694));
#1937=EDGE_LOOP('',(#695));
#1938=EDGE_LOOP('',(#696));
#1939=EDGE_LOOP('',(#697));
#1940=EDGE_LOOP('',(#698));
#1941=EDGE_LOOP('',(#699));
#1942=EDGE_LOOP('',(#700));
#1943=EDGE_LOOP('',(#701));
#1944=EDGE_LOOP('',(#702));
#1945=EDGE_LOOP('',(#703));
#1946=EDGE_LOOP('',(#704,#705,#706,#707,#708,#709,#710,#711));
#1947=EDGE_LOOP('',(#712));
#1948=EDGE_LOOP('',(#713));
#1949=EDGE_LOOP('',(#714));
#1950=EDGE_LOOP('',(#715));
#1951=EDGE_LOOP('',(#716));
#1952=EDGE_LOOP('',(#717));
#1953=EDGE_LOOP('',(#718));
#1954=EDGE_LOOP('',(#719));
#1955=EDGE_LOOP('',(#720));
#1956=EDGE_LOOP('',(#721));
#1957=EDGE_LOOP('',(#722));
#1958=EDGE_LOOP('',(#723));
#1959=EDGE_LOOP('',(#724));
#1960=EDGE_LOOP('',(#725));
#1961=EDGE_LOOP('',(#726));
#1962=EDGE_LOOP('',(#727));
#1963=EDGE_LOOP('',(#728));
#1964=EDGE_LOOP('',(#729));
#1965=EDGE_LOOP('',(#730));
#1966=EDGE_LOOP('',(#731));
#1967=EDGE_LOOP('',(#732));
#1968=EDGE_LOOP('',(#733));
#1969=EDGE_LOOP('',(#734));
#1970=EDGE_LOOP('',(#735));
#1971=EDGE_LOOP('',(#736));
#1972=EDGE_LOOP('',(#737));
#1973=EDGE_LOOP('',(#738));
#1974=EDGE_LOOP('',(#739));
#1975=EDGE_LOOP('',(#740));
#1976=EDGE_LOOP('',(#741));
#1977=EDGE_LOOP('',(#742));
#1978=EDGE_LOOP('',(#743));
#1979=EDGE_LOOP('',(#744));
#1980=EDGE_LOOP('',(#745));
#1981=EDGE_LOOP('',(#746));
#1982=EDGE_LOOP('',(#747));
#1983=EDGE_LOOP('',(#748));
#1984=EDGE_LOOP('',(#749));
#1985=EDGE_LOOP('',(#750,#751,#752,#753,#754,#755,#756,#757));
#1986=EDGE_LOOP('',(#758));
#1987=EDGE_LOOP('',(#759));
#1988=EDGE_LOOP('',(#760));
#1989=EDGE_LOOP('',(#761));
#1990=EDGE_LOOP('',(#762));
#1991=EDGE_LOOP('',(#763));
#1992=EDGE_LOOP('',(#764));
#1993=EDGE_LOOP('',(#765));
#1994=EDGE_LOOP('',(#766));
#1995=EDGE_LOOP('',(#767));
#1996=EDGE_LOOP('',(#768));
#1997=EDGE_LOOP('',(#769));
#1998=EDGE_LOOP('',(#770));
#1999=EDGE_LOOP('',(#771));
#2000=EDGE_LOOP('',(#772));
#2001=EDGE_LOOP('',(#773));
#2002=EDGE_LOOP('',(#774));
#2003=EDGE_LOOP('',(#775));
#2004=EDGE_LOOP('',(#776));
#2005=EDGE_LOOP('',(#777));
#2006=EDGE_LOOP('',(#778));
#2007=EDGE_LOOP('',(#779));
#2008=EDGE_LOOP('',(#780));
#2009=EDGE_LOOP('',(#781));
#2010=EDGE_LOOP('',(#782));
#2011=EDGE_LOOP('',(#783));
#2012=EDGE_LOOP('',(#784));
#2013=EDGE_LOOP('',(#785));
#2014=EDGE_LOOP('',(#786));
#2015=EDGE_LOOP('',(#787));
#2016=EDGE_LOOP('',(#788));
#2017=EDGE_LOOP('',(#789));
#2018=EDGE_LOOP('',(#790));
#2019=EDGE_LOOP('',(#791));
#2020=EDGE_LOOP('',(#792));
#2021=EDGE_LOOP('',(#793));
#2022=EDGE_LOOP('',(#794));
#2023=EDGE_LOOP('',(#795));
#2024=EDGE_LOOP('',(#796));
#2025=EDGE_LOOP('',(#797));
#2026=EDGE_LOOP('',(#798));
#2027=EDGE_LOOP('',(#799));
#2028=EDGE_LOOP('',(#800));
#2029=EDGE_LOOP('',(#801));
#2030=EDGE_LOOP('',(#802));
#2031=EDGE_LOOP('',(#803));
#2032=EDGE_LOOP('',(#804));
#2033=EDGE_LOOP('',(#805));
#2034=EDGE_LOOP('',(#806));
#2035=EDGE_LOOP('',(#807));
#2036=EDGE_LOOP('',(#808));
#2037=EDGE_LOOP('',(#809));
#2038=EDGE_LOOP('',(#810));
#2039=EDGE_LOOP('',(#811));
#2040=EDGE_LOOP('',(#812));
#2041=EDGE_LOOP('',(#813));
#2042=EDGE_LOOP('',(#814));
#2043=EDGE_LOOP('',(#815));
#2044=EDGE_LOOP('',(#816));
#2045=EDGE_LOOP('',(#817));
#2046=EDGE_LOOP('',(#818));
#2047=EDGE_LOOP('',(#819));
#2048=EDGE_LOOP('',(#820));
#2049=EDGE_LOOP('',(#821));
#2050=EDGE_LOOP('',(#822));
#2051=EDGE_LOOP('',(#823));
#2052=EDGE_LOOP('',(#824));
#2053=EDGE_LOOP('',(#825));
#2054=EDGE_LOOP('',(#826));
#2055=EDGE_LOOP('',(#827));
#2056=EDGE_LOOP('',(#828));
#2057=EDGE_LOOP('',(#829));
#2058=EDGE_LOOP('',(#830));
#2059=EDGE_LOOP('',(#831));
#2060=EDGE_LOOP('',(#832));
#2061=EDGE_LOOP('',(#833));
#2062=EDGE_LOOP('',(#834,#835,#836));
#2063=EDGE_LOOP('',(#837,#838,#839,#840,#841));
#2064=EDGE_LOOP('',(#842,#843,#844,#845,#846));
#2065=EDGE_LOOP('',(#847,#848,#849,#850));
#2066=EDGE_LOOP('',(#851,#852,#853,#854,#855));
#2067=EDGE_LOOP('',(#856,#857,#858,#859,#860));
#2068=EDGE_LOOP('',(#861,#862,#863));
#2069=EDGE_LOOP('',(#864,#865,#866,#867,#868,#869,#870,#871));
#2070=EDGE_LOOP('',(#872));
#2071=EDGE_LOOP('',(#873));
#2072=EDGE_LOOP('',(#874));
#2073=EDGE_LOOP('',(#875));
#2074=EDGE_LOOP('',(#876));
#2075=EDGE_LOOP('',(#877));
#2076=EDGE_LOOP('',(#878,#879,#880,#881,#882,#883,#884,#885));
#2077=EDGE_LOOP('',(#886,#887,#888,#889,#890,#891,#892,#893));
#2078=EDGE_LOOP('',(#894,#895));
#2079=EDGE_LOOP('',(#896));
#2080=EDGE_LOOP('',(#897));
#2081=EDGE_LOOP('',(#898));
#2082=EDGE_LOOP('',(#899,#900));
#2083=EDGE_LOOP('',(#901));
#2084=EDGE_LOOP('',(#902));
#2085=EDGE_LOOP('',(#903));
#2086=EDGE_LOOP('',(#904));
#2087=EDGE_LOOP('',(#905));
#2088=EDGE_LOOP('',(#906));
#2089=EDGE_LOOP('',(#907));
#2090=EDGE_LOOP('',(#908,#909,#910,#911,#912,#913,#914,#915,#916,#917,#918,
#919));
#2091=EDGE_LOOP('',(#920));
#2092=EDGE_LOOP('',(#921));
#2093=EDGE_LOOP('',(#922));
#2094=EDGE_LOOP('',(#923));
#2095=EDGE_LOOP('',(#924,#925,#926,#927,#928));
#2096=EDGE_LOOP('',(#929,#930,#931,#932,#933));
#2097=EDGE_LOOP('',(#934,#935,#936,#937,#938));
#2098=EDGE_LOOP('',(#939,#940,#941,#942,#943));
#2099=EDGE_LOOP('',(#944,#945,#946,#947));
#2100=EDGE_LOOP('',(#948,#949,#950,#951));
#2101=EDGE_LOOP('',(#952,#953,#954,#955));
#2102=EDGE_LOOP('',(#956,#957,#958,#959));
#2103=EDGE_LOOP('',(#960,#961,#962,#963));
#2104=EDGE_LOOP('',(#964,#965,#966,#967));
#2105=EDGE_LOOP('',(#968));
#2106=EDGE_LOOP('',(#969,#970,#971,#972,#973,#974));
#2107=EDGE_LOOP('',(#975,#976,#977,#978,#979,#980));
#2108=EDGE_LOOP('',(#981));
#2109=EDGE_LOOP('',(#982));
#2110=EDGE_LOOP('',(#983));
#2111=EDGE_LOOP('',(#984));
#2112=EDGE_LOOP('',(#985));
#2113=EDGE_LOOP('',(#986,#987,#988,#989));
#2114=EDGE_LOOP('',(#990,#991,#992,#993));
#2115=EDGE_LOOP('',(#994,#995,#996,#997));
#2116=EDGE_LOOP('',(#998,#999,#1000,#1001));
#2117=EDGE_LOOP('',(#1002));
#2118=EDGE_LOOP('',(#1003));
#2119=EDGE_LOOP('',(#1004));
#2120=EDGE_LOOP('',(#1005));
#2121=EDGE_LOOP('',(#1006));
#2122=EDGE_LOOP('',(#1007));
#2123=EDGE_LOOP('',(#1008));
#2124=EDGE_LOOP('',(#1009));
#2125=EDGE_LOOP('',(#1010,#1011,#1012,#1013));
#2126=EDGE_LOOP('',(#1014));
#2127=EDGE_LOOP('',(#1015));
#2128=EDGE_LOOP('',(#1016));
#2129=EDGE_LOOP('',(#1017));
#2130=EDGE_LOOP('',(#1018));
#2131=EDGE_LOOP('',(#1019));
#2132=EDGE_LOOP('',(#1020));
#2133=EDGE_LOOP('',(#1021));
#2134=EDGE_LOOP('',(#1022,#1023,#1024,#1025));
#2135=EDGE_LOOP('',(#1026));
#2136=EDGE_LOOP('',(#1027));
#2137=EDGE_LOOP('',(#1028));
#2138=EDGE_LOOP('',(#1029));
#2139=EDGE_LOOP('',(#1030));
#2140=EDGE_LOOP('',(#1031));
#2141=EDGE_LOOP('',(#1032));
#2142=EDGE_LOOP('',(#1033));
#2143=EDGE_LOOP('',(#1034));
#2144=EDGE_LOOP('',(#1035));
#2145=EDGE_LOOP('',(#1036));
#2146=EDGE_LOOP('',(#1037));
#2147=EDGE_LOOP('',(#1038));
#2148=EDGE_LOOP('',(#1039));
#2149=EDGE_LOOP('',(#1040));
#2150=EDGE_LOOP('',(#1041));
#2151=FACE_BOUND('',#1775,.T.);
#2152=FACE_BOUND('',#1776,.T.);
#2153=FACE_BOUND('',#1777,.T.);
#2154=FACE_BOUND('',#1778,.T.);
#2155=FACE_BOUND('',#1779,.T.);
#2156=FACE_BOUND('',#1780,.T.);
#2157=FACE_BOUND('',#1781,.T.);
#2158=FACE_BOUND('',#1782,.T.);
#2159=FACE_BOUND('',#1783,.T.);
#2160=FACE_BOUND('',#1784,.T.);
#2161=FACE_BOUND('',#1785,.T.);
#2162=FACE_BOUND('',#1786,.T.);
#2163=FACE_BOUND('',#1787,.T.);
#2164=FACE_BOUND('',#1788,.T.);
#2165=FACE_BOUND('',#1789,.T.);
#2166=FACE_BOUND('',#1790,.T.);
#2167=FACE_BOUND('',#1791,.T.);
#2168=FACE_BOUND('',#1792,.T.);
#2169=FACE_BOUND('',#1793,.T.);
#2170=FACE_BOUND('',#1794,.T.);
#2171=FACE_BOUND('',#1795,.T.);
#2172=FACE_BOUND('',#1796,.T.);
#2173=FACE_BOUND('',#1797,.T.);
#2174=FACE_BOUND('',#1798,.T.);
#2175=FACE_BOUND('',#1799,.T.);
#2176=FACE_BOUND('',#1800,.T.);
#2177=FACE_BOUND('',#1801,.T.);
#2178=FACE_BOUND('',#1802,.T.);
#2179=FACE_BOUND('',#1803,.T.);
#2180=FACE_BOUND('',#1804,.T.);
#2181=FACE_BOUND('',#1805,.T.);
#2182=FACE_BOUND('',#1806,.T.);
#2183=FACE_BOUND('',#1807,.T.);
#2184=FACE_BOUND('',#1808,.T.);
#2185=FACE_BOUND('',#1809,.T.);
#2186=FACE_BOUND('',#1810,.T.);
#2187=FACE_BOUND('',#1811,.T.);
#2188=FACE_BOUND('',#1812,.T.);
#2189=FACE_BOUND('',#1813,.T.);
#2190=FACE_BOUND('',#1814,.T.);
#2191=FACE_BOUND('',#1815,.T.);
#2192=FACE_BOUND('',#1816,.T.);
#2193=FACE_BOUND('',#1817,.T.);
#2194=FACE_BOUND('',#1818,.T.);
#2195=FACE_BOUND('',#1819,.T.);
#2196=FACE_BOUND('',#1820,.T.);
#2197=FACE_BOUND('',#1821,.T.);
#2198=FACE_BOUND('',#1822,.T.);
#2199=FACE_BOUND('',#1823,.T.);
#2200=FACE_BOUND('',#1824,.T.);
#2201=FACE_BOUND('',#1825,.T.);
#2202=FACE_BOUND('',#1826,.T.);
#2203=FACE_BOUND('',#1827,.T.);
#2204=FACE_BOUND('',#1828,.T.);
#2205=FACE_BOUND('',#1829,.T.);
#2206=FACE_BOUND('',#1830,.T.);
#2207=FACE_BOUND('',#1831,.T.);
#2208=FACE_BOUND('',#1832,.T.);
#2209=FACE_BOUND('',#1833,.T.);
#2210=FACE_BOUND('',#1834,.T.);
#2211=FACE_BOUND('',#1835,.T.);
#2212=FACE_BOUND('',#1836,.T.);
#2213=FACE_BOUND('',#1837,.T.);
#2214=FACE_BOUND('',#1838,.T.);
#2215=FACE_BOUND('',#1839,.T.);
#2216=FACE_BOUND('',#1840,.T.);
#2217=FACE_BOUND('',#1841,.T.);
#2218=FACE_BOUND('',#1842,.T.);
#2219=FACE_BOUND('',#1843,.T.);
#2220=FACE_BOUND('',#1844,.T.);
#2221=FACE_BOUND('',#1845,.T.);
#2222=FACE_BOUND('',#1846,.T.);
#2223=FACE_BOUND('',#1847,.T.);
#2224=FACE_BOUND('',#1848,.T.);
#2225=FACE_BOUND('',#1849,.T.);
#2226=FACE_BOUND('',#1850,.T.);
#2227=FACE_BOUND('',#1851,.T.);
#2228=FACE_BOUND('',#1852,.T.);
#2229=FACE_BOUND('',#1853,.T.);
#2230=FACE_BOUND('',#1854,.T.);
#2231=FACE_BOUND('',#1855,.T.);
#2232=FACE_BOUND('',#1856,.T.);
#2233=FACE_BOUND('',#1857,.T.);
#2234=FACE_BOUND('',#1858,.T.);
#2235=FACE_BOUND('',#1859,.T.);
#2236=FACE_BOUND('',#1860,.T.);
#2237=FACE_BOUND('',#1861,.T.);
#2238=FACE_BOUND('',#1862,.T.);
#2239=FACE_BOUND('',#1863,.T.);
#2240=FACE_BOUND('',#1864,.T.);
#2241=FACE_BOUND('',#1865,.T.);
#2242=FACE_BOUND('',#1866,.T.);
#2243=FACE_BOUND('',#1867,.T.);
#2244=FACE_BOUND('',#1868,.T.);
#2245=FACE_BOUND('',#1869,.T.);
#2246=FACE_BOUND('',#1870,.T.);
#2247=FACE_BOUND('',#1871,.T.);
#2248=FACE_BOUND('',#1872,.T.);
#2249=FACE_BOUND('',#1873,.T.);
#2250=FACE_BOUND('',#1874,.T.);
#2251=FACE_BOUND('',#1875,.T.);
#2252=FACE_BOUND('',#1876,.T.);
#2253=FACE_BOUND('',#1877,.T.);
#2254=FACE_BOUND('',#1878,.T.);
#2255=FACE_BOUND('',#1879,.T.);
#2256=FACE_BOUND('',#1880,.T.);
#2257=FACE_BOUND('',#1881,.T.);
#2258=FACE_BOUND('',#1882,.T.);
#2259=FACE_BOUND('',#1883,.T.);
#2260=FACE_BOUND('',#1884,.T.);
#2261=FACE_BOUND('',#1885,.T.);
#2262=FACE_BOUND('',#1886,.T.);
#2263=FACE_BOUND('',#1887,.T.);
#2264=FACE_BOUND('',#1888,.T.);
#2265=FACE_BOUND('',#14,.T.);
#2266=FACE_BOUND('',#1889,.T.);
#2267=FACE_BOUND('',#1890,.T.);
#2268=FACE_BOUND('',#1891,.T.);
#2269=FACE_BOUND('',#1892,.T.);
#2270=FACE_BOUND('',#1893,.T.);
#2271=FACE_BOUND('',#1894,.T.);
#2272=FACE_BOUND('',#1895,.T.);
#2273=FACE_BOUND('',#1896,.T.);
#2274=FACE_BOUND('',#1897,.T.);
#2275=FACE_BOUND('',#1898,.T.);
#2276=FACE_BOUND('',#1899,.T.);
#2277=FACE_BOUND('',#1900,.T.);
#2278=FACE_BOUND('',#1901,.T.);
#2279=FACE_BOUND('',#1902,.T.);
#2280=FACE_BOUND('',#1903,.T.);
#2281=FACE_BOUND('',#1904,.T.);
#2282=FACE_BOUND('',#1905,.T.);
#2283=FACE_BOUND('',#1906,.T.);
#2284=FACE_BOUND('',#1907,.T.);
#2285=FACE_BOUND('',#1908,.T.);
#2286=FACE_BOUND('',#1909,.T.);
#2287=FACE_BOUND('',#1910,.T.);
#2288=FACE_BOUND('',#1911,.T.);
#2289=FACE_BOUND('',#1912,.T.);
#2290=FACE_BOUND('',#1913,.T.);
#2291=FACE_BOUND('',#1914,.T.);
#2292=FACE_BOUND('',#1915,.T.);
#2293=FACE_BOUND('',#1916,.T.);
#2294=FACE_BOUND('',#1917,.T.);
#2295=FACE_BOUND('',#1918,.T.);
#2296=FACE_BOUND('',#1919,.T.);
#2297=FACE_BOUND('',#1920,.T.);
#2298=FACE_BOUND('',#1921,.T.);
#2299=FACE_BOUND('',#1922,.T.);
#2300=FACE_BOUND('',#1923,.T.);
#2301=FACE_BOUND('',#1924,.T.);
#2302=FACE_BOUND('',#1925,.T.);
#2303=FACE_BOUND('',#1926,.T.);
#2304=FACE_BOUND('',#1927,.T.);
#2305=FACE_BOUND('',#1928,.T.);
#2306=FACE_BOUND('',#1929,.T.);
#2307=FACE_BOUND('',#1930,.T.);
#2308=FACE_BOUND('',#1931,.T.);
#2309=FACE_BOUND('',#1932,.T.);
#2310=FACE_BOUND('',#1933,.T.);
#2311=FACE_BOUND('',#1934,.T.);
#2312=FACE_BOUND('',#1935,.T.);
#2313=FACE_BOUND('',#1936,.T.);
#2314=FACE_BOUND('',#1937,.T.);
#2315=FACE_BOUND('',#1938,.T.);
#2316=FACE_BOUND('',#1939,.T.);
#2317=FACE_BOUND('',#1940,.T.);
#2318=FACE_BOUND('',#1941,.T.);
#2319=FACE_BOUND('',#1942,.T.);
#2320=FACE_BOUND('',#1943,.T.);
#2321=FACE_BOUND('',#1944,.T.);
#2322=FACE_BOUND('',#1945,.T.);
#2323=FACE_BOUND('',#1946,.T.);
#2324=FACE_BOUND('',#1947,.T.);
#2325=FACE_BOUND('',#1948,.T.);
#2326=FACE_BOUND('',#1949,.T.);
#2327=FACE_BOUND('',#1950,.T.);
#2328=FACE_BOUND('',#1951,.T.);
#2329=FACE_BOUND('',#1952,.T.);
#2330=FACE_BOUND('',#1953,.T.);
#2331=FACE_BOUND('',#1954,.T.);
#2332=FACE_BOUND('',#1955,.T.);
#2333=FACE_BOUND('',#1956,.T.);
#2334=FACE_BOUND('',#1957,.T.);
#2335=FACE_BOUND('',#1958,.T.);
#2336=FACE_BOUND('',#1959,.T.);
#2337=FACE_BOUND('',#1960,.T.);
#2338=FACE_BOUND('',#1961,.T.);
#2339=FACE_BOUND('',#1962,.T.);
#2340=FACE_BOUND('',#1963,.T.);
#2341=FACE_BOUND('',#1964,.T.);
#2342=FACE_BOUND('',#1965,.T.);
#2343=FACE_BOUND('',#1966,.T.);
#2344=FACE_BOUND('',#1967,.T.);
#2345=FACE_BOUND('',#1968,.T.);
#2346=FACE_BOUND('',#1969,.T.);
#2347=FACE_BOUND('',#1970,.T.);
#2348=FACE_BOUND('',#1971,.T.);
#2349=FACE_BOUND('',#1972,.T.);
#2350=FACE_BOUND('',#1973,.T.);
#2351=FACE_BOUND('',#1974,.T.);
#2352=FACE_BOUND('',#1975,.T.);
#2353=FACE_BOUND('',#1976,.T.);
#2354=FACE_BOUND('',#1977,.T.);
#2355=FACE_BOUND('',#1978,.T.);
#2356=FACE_BOUND('',#1979,.T.);
#2357=FACE_BOUND('',#1980,.T.);
#2358=FACE_BOUND('',#1981,.T.);
#2359=FACE_BOUND('',#1982,.T.);
#2360=FACE_BOUND('',#1983,.T.);
#2361=FACE_BOUND('',#1984,.T.);
#2362=FACE_BOUND('',#1985,.T.);
#2363=FACE_BOUND('',#1986,.T.);
#2364=FACE_BOUND('',#1987,.T.);
#2365=FACE_BOUND('',#1988,.T.);
#2366=FACE_BOUND('',#1989,.T.);
#2367=FACE_BOUND('',#1990,.T.);
#2368=FACE_BOUND('',#1991,.T.);
#2369=FACE_BOUND('',#1992,.T.);
#2370=FACE_BOUND('',#1993,.T.);
#2371=FACE_BOUND('',#1994,.T.);
#2372=FACE_BOUND('',#1995,.T.);
#2373=FACE_BOUND('',#1996,.T.);
#2374=FACE_BOUND('',#1997,.T.);
#2375=FACE_BOUND('',#1998,.T.);
#2376=FACE_BOUND('',#1999,.T.);
#2377=FACE_BOUND('',#2000,.T.);
#2378=FACE_BOUND('',#2001,.T.);
#2379=FACE_BOUND('',#2002,.T.);
#2380=FACE_BOUND('',#2003,.T.);
#2381=FACE_BOUND('',#2004,.T.);
#2382=FACE_BOUND('',#2005,.T.);
#2383=FACE_BOUND('',#2006,.T.);
#2384=FACE_BOUND('',#2007,.T.);
#2385=FACE_BOUND('',#2008,.T.);
#2386=FACE_BOUND('',#2009,.T.);
#2387=FACE_BOUND('',#2010,.T.);
#2388=FACE_BOUND('',#2011,.T.);
#2389=FACE_BOUND('',#2012,.T.);
#2390=FACE_BOUND('',#2013,.T.);
#2391=FACE_BOUND('',#2014,.T.);
#2392=FACE_BOUND('',#2015,.T.);
#2393=FACE_BOUND('',#2016,.T.);
#2394=FACE_BOUND('',#2017,.T.);
#2395=FACE_BOUND('',#2018,.T.);
#2396=FACE_BOUND('',#2019,.T.);
#2397=FACE_BOUND('',#2020,.T.);
#2398=FACE_BOUND('',#2021,.T.);
#2399=FACE_BOUND('',#2022,.T.);
#2400=FACE_BOUND('',#2023,.T.);
#2401=FACE_BOUND('',#2024,.T.);
#2402=FACE_BOUND('',#2025,.T.);
#2403=FACE_BOUND('',#2026,.T.);
#2404=FACE_BOUND('',#2027,.T.);
#2405=FACE_BOUND('',#2028,.T.);
#2406=FACE_BOUND('',#2029,.T.);
#2407=FACE_BOUND('',#2030,.T.);
#2408=FACE_BOUND('',#2031,.T.);
#2409=FACE_BOUND('',#2032,.T.);
#2410=FACE_BOUND('',#2033,.T.);
#2411=FACE_BOUND('',#2034,.T.);
#2412=FACE_BOUND('',#2035,.T.);
#2413=FACE_BOUND('',#2036,.T.);
#2414=FACE_BOUND('',#2037,.T.);
#2415=FACE_BOUND('',#2038,.T.);
#2416=FACE_BOUND('',#2039,.T.);
#2417=FACE_BOUND('',#2040,.T.);
#2418=FACE_BOUND('',#2041,.T.);
#2419=FACE_BOUND('',#2042,.T.);
#2420=FACE_BOUND('',#2043,.T.);
#2421=FACE_BOUND('',#2044,.T.);
#2422=FACE_BOUND('',#2045,.T.);
#2423=FACE_BOUND('',#2046,.T.);
#2424=FACE_BOUND('',#2047,.T.);
#2425=FACE_BOUND('',#2048,.T.);
#2426=FACE_BOUND('',#2049,.T.);
#2427=FACE_BOUND('',#2050,.T.);
#2428=FACE_BOUND('',#2051,.T.);
#2429=FACE_BOUND('',#2052,.T.);
#2430=FACE_BOUND('',#2053,.T.);
#2431=FACE_BOUND('',#2054,.T.);
#2432=FACE_BOUND('',#2055,.T.);
#2433=FACE_BOUND('',#2056,.T.);
#2434=FACE_BOUND('',#2057,.T.);
#2435=FACE_BOUND('',#2058,.T.);
#2436=FACE_BOUND('',#2059,.T.);
#2437=FACE_BOUND('',#2060,.T.);
#2438=FACE_BOUND('',#2061,.T.);
#2439=FACE_BOUND('',#2062,.T.);
#2440=FACE_BOUND('',#2063,.T.);
#2441=FACE_BOUND('',#2064,.T.);
#2442=FACE_BOUND('',#2065,.T.);
#2443=FACE_BOUND('',#2066,.T.);
#2444=FACE_BOUND('',#2067,.T.);
#2445=FACE_BOUND('',#2068,.T.);
#2446=FACE_BOUND('',#2069,.T.);
#2447=FACE_BOUND('',#2070,.T.);
#2448=FACE_BOUND('',#2071,.T.);
#2449=FACE_BOUND('',#2072,.T.);
#2450=FACE_BOUND('',#2073,.T.);
#2451=FACE_BOUND('',#2074,.T.);
#2452=FACE_BOUND('',#2075,.T.);
#2453=FACE_BOUND('',#2076,.T.);
#2454=FACE_BOUND('',#2077,.T.);
#2455=FACE_BOUND('',#2078,.T.);
#2456=FACE_BOUND('',#2079,.T.);
#2457=FACE_BOUND('',#2080,.T.);
#2458=FACE_BOUND('',#2081,.T.);
#2459=FACE_BOUND('',#2082,.T.);
#2460=FACE_BOUND('',#2083,.T.);
#2461=FACE_BOUND('',#2084,.T.);
#2462=FACE_BOUND('',#2085,.T.);
#2463=FACE_BOUND('',#2086,.T.);
#2464=FACE_BOUND('',#2087,.T.);
#2465=FACE_BOUND('',#2088,.T.);
#2466=FACE_BOUND('',#2089,.T.);
#2467=FACE_BOUND('',#2090,.T.);
#2468=FACE_BOUND('',#2091,.T.);
#2469=FACE_BOUND('',#2092,.T.);
#2470=FACE_BOUND('',#2093,.T.);
#2471=FACE_BOUND('',#2094,.T.);
#2472=FACE_BOUND('',#2095,.T.);
#2473=FACE_BOUND('',#2096,.T.);
#2474=FACE_BOUND('',#2097,.T.);
#2475=FACE_BOUND('',#2098,.T.);
#2476=FACE_BOUND('',#2099,.T.);
#2477=FACE_BOUND('',#2100,.T.);
#2478=FACE_BOUND('',#2101,.T.);
#2479=FACE_BOUND('',#2102,.T.);
#2480=FACE_BOUND('',#2103,.T.);
#2481=FACE_BOUND('',#2104,.T.);
#2482=FACE_BOUND('',#2105,.T.);
#2483=FACE_BOUND('',#2106,.T.);
#2484=FACE_BOUND('',#2107,.T.);
#2485=FACE_BOUND('',#2108,.T.);
#2486=FACE_BOUND('',#2109,.T.);
#2487=FACE_BOUND('',#2110,.T.);
#2488=FACE_BOUND('',#2111,.T.);
#2489=FACE_BOUND('',#2112,.T.);
#2490=FACE_BOUND('',#2113,.T.);
#2491=FACE_BOUND('',#2114,.T.);
#2492=FACE_BOUND('',#2115,.T.);
#2493=FACE_BOUND('',#2116,.T.);
#2494=FACE_BOUND('',#2117,.T.);
#2495=FACE_BOUND('',#2118,.T.);
#2496=FACE_BOUND('',#2119,.T.);
#2497=FACE_BOUND('',#2120,.T.);
#2498=FACE_BOUND('',#2121,.T.);
#2499=FACE_BOUND('',#2122,.T.);
#2500=FACE_BOUND('',#2123,.T.);
#2501=FACE_BOUND('',#2124,.T.);
#2502=FACE_BOUND('',#2125,.T.);
#2503=FACE_BOUND('',#2126,.T.);
#2504=FACE_BOUND('',#2127,.T.);
#2505=FACE_BOUND('',#2128,.T.);
#2506=FACE_BOUND('',#2129,.T.);
#2507=FACE_BOUND('',#2130,.T.);
#2508=FACE_BOUND('',#2131,.T.);
#2509=FACE_BOUND('',#2132,.T.);
#2510=FACE_BOUND('',#2133,.T.);
#2511=FACE_BOUND('',#2134,.T.);
#2512=FACE_BOUND('',#2135,.T.);
#2513=FACE_BOUND('',#2136,.T.);
#2514=FACE_BOUND('',#2137,.T.);
#2515=FACE_BOUND('',#2138,.T.);
#2516=FACE_BOUND('',#2139,.T.);
#2517=FACE_BOUND('',#2140,.T.);
#2518=FACE_BOUND('',#2141,.T.);
#2519=FACE_BOUND('',#2142,.T.);
#2520=FACE_BOUND('',#2143,.T.);
#2521=FACE_BOUND('',#2144,.T.);
#2522=FACE_BOUND('',#2145,.T.);
#2523=FACE_BOUND('',#2146,.T.);
#2524=FACE_BOUND('',#2147,.T.);
#2525=FACE_BOUND('',#2148,.T.);
#2526=FACE_BOUND('',#2149,.T.);
#2527=FACE_BOUND('',#2150,.T.);
#2528=CYLINDRICAL_SURFACE('',#2864,0.0127);
#2529=CYLINDRICAL_SURFACE('',#2872,0.0127);
#2530=CYLINDRICAL_SURFACE('',#2876,0.0127);
#2531=CYLINDRICAL_SURFACE('',#2878,0.0127);
#2532=CYLINDRICAL_SURFACE('',#2882,0.0032639);
#2533=CYLINDRICAL_SURFACE('',#2922,0.0032639);
#2534=CYLINDRICAL_SURFACE('',#2923,0.0032639);
#2535=CYLINDRICAL_SURFACE('',#2924,0.0032639);
#2536=CYLINDRICAL_SURFACE('',#2925,0.0032639);
#2537=CYLINDRICAL_SURFACE('',#2926,0.0032639);
#2538=CYLINDRICAL_SURFACE('',#2927,0.0032639);
#2539=CYLINDRICAL_SURFACE('',#2928,0.0032639);
#2540=CYLINDRICAL_SURFACE('',#2929,0.0032639);
#2541=CYLINDRICAL_SURFACE('',#2930,0.0032639);
#2542=CYLINDRICAL_SURFACE('',#2931,0.0032639);
#2543=CYLINDRICAL_SURFACE('',#2932,0.0032639);
#2544=CYLINDRICAL_SURFACE('',#2933,0.0032639);
#2545=CYLINDRICAL_SURFACE('',#2934,0.0032639);
#2546=CYLINDRICAL_SURFACE('',#2935,0.0032639);
#2547=CYLINDRICAL_SURFACE('',#2936,0.0032639);
#2548=CYLINDRICAL_SURFACE('',#2937,0.0032639);
#2549=CYLINDRICAL_SURFACE('',#2949,0.003175);
#2550=CYLINDRICAL_SURFACE('',#2951,0.003048);
#2551=CYLINDRICAL_SURFACE('',#2967,0.0024892);
#2552=CYLINDRICAL_SURFACE('',#2969,0.0127);
#2553=CYLINDRICAL_SURFACE('',#2972,0.00508);
#2554=CYLINDRICAL_SURFACE('',#2978,0.00635);
#2555=CYLINDRICAL_SURFACE('',#2982,0.00635);
#2556=CYLINDRICAL_SURFACE('',#2986,0.00635);
#2557=CYLINDRICAL_SURFACE('',#2990,0.00635);
#2558=CYLINDRICAL_SURFACE('',#3072,0.0032639);
#2559=CYLINDRICAL_SURFACE('',#3073,0.0032639);
#2560=CYLINDRICAL_SURFACE('',#3074,0.0032639);
#2561=CYLINDRICAL_SURFACE('',#3075,0.0032639);
#2562=CYLINDRICAL_SURFACE('',#3076,0.0032639);
#2563=CYLINDRICAL_SURFACE('',#3077,0.0032639);
#2564=CYLINDRICAL_SURFACE('',#3078,0.0032639);
#2565=CYLINDRICAL_SURFACE('',#3079,0.0032639);
#2566=CYLINDRICAL_SURFACE('',#3080,0.0032639);
#2567=CYLINDRICAL_SURFACE('',#3081,0.0032639);
#2568=CYLINDRICAL_SURFACE('',#3082,0.0032639);
#2569=CYLINDRICAL_SURFACE('',#3083,0.0032639);
#2570=CYLINDRICAL_SURFACE('',#3084,0.0032639);
#2571=CYLINDRICAL_SURFACE('',#3085,0.0032639);
#2572=CYLINDRICAL_SURFACE('',#3086,0.0032639);
#2573=CYLINDRICAL_SURFACE('',#3087,0.0032639);
#2574=CYLINDRICAL_SURFACE('',#3088,0.0032639);
#2575=CYLINDRICAL_SURFACE('',#3089,0.0032639);
#2576=CYLINDRICAL_SURFACE('',#3090,0.0032639);
#2577=CYLINDRICAL_SURFACE('',#3091,0.0032639);
#2578=CYLINDRICAL_SURFACE('',#3092,0.0032639);
#2579=CYLINDRICAL_SURFACE('',#3093,0.0032639);
#2580=CYLINDRICAL_SURFACE('',#3094,0.0032639);
#2581=CYLINDRICAL_SURFACE('',#3095,0.0032639);
#2582=CYLINDRICAL_SURFACE('',#3096,0.0032639);
#2583=CYLINDRICAL_SURFACE('',#3097,0.0032639);
#2584=CYLINDRICAL_SURFACE('',#3098,0.0032639);
#2585=CYLINDRICAL_SURFACE('',#3099,0.0032639);
#2586=CYLINDRICAL_SURFACE('',#3100,0.0032639);
#2587=CYLINDRICAL_SURFACE('',#3101,0.0032639);
#2588=CYLINDRICAL_SURFACE('',#3102,0.0032639);
#2589=CYLINDRICAL_SURFACE('',#3103,0.0032639);
#2590=CYLINDRICAL_SURFACE('',#3104,0.0032639);
#2591=CYLINDRICAL_SURFACE('',#3105,0.0032639);
#2592=CYLINDRICAL_SURFACE('',#3106,0.0032639);
#2593=CYLINDRICAL_SURFACE('',#3107,0.0032639);
#2594=CYLINDRICAL_SURFACE('',#3108,0.0032639);
#2595=CYLINDRICAL_SURFACE('',#3109,0.0032639);
#2596=CYLINDRICAL_SURFACE('',#3122,0.00381);
#2597=CYLINDRICAL_SURFACE('',#3135,0.0032639);
#2598=CYLINDRICAL_SURFACE('',#3137,0.0032639);
#2599=CYLINDRICAL_SURFACE('',#3139,0.0032639);
#2600=CYLINDRICAL_SURFACE('',#3141,0.0032639);
#2601=CYLINDRICAL_SURFACE('',#3143,0.0032639);
#2602=CYLINDRICAL_SURFACE('',#3145,0.0032639);
#2603=CYLINDRICAL_SURFACE('',#3148,0.00127);
#2604=CYLINDRICAL_SURFACE('',#3150,0.00127);
#2605=CYLINDRICAL_SURFACE('',#3151,0.00127);
#2606=CYLINDRICAL_SURFACE('',#3153,0.00127);
#2607=CYLINDRICAL_SURFACE('',#3165,0.002159);
#2608=CYLINDRICAL_SURFACE('',#3193,0.0032639);
#2609=CYLINDRICAL_SURFACE('',#3194,0.0032639);
#2610=CYLINDRICAL_SURFACE('',#3195,0.0032639);
#2611=CYLINDRICAL_SURFACE('',#3196,0.0032639);
#2612=CYLINDRICAL_SURFACE('',#3197,0.0032639);
#2613=CYLINDRICAL_SURFACE('',#3198,0.0032639);
#2614=CYLINDRICAL_SURFACE('',#3199,0.0032639);
#2615=CYLINDRICAL_SURFACE('',#3200,0.0032639);
#2616=ADVANCED_FACE('',(#2151,#2152),#2528,.T.);
#2617=ADVANCED_FACE('',(#2153),#337,.T.);
#2618=ADVANCED_FACE('',(#2154,#2155),#338,.F.);
#2619=ADVANCED_FACE('',(#2156,#2157),#2529,.T.);
#2620=ADVANCED_FACE('',(#2158),#339,.F.);
#2621=ADVANCED_FACE('',(#2159,#2160),#2530,.T.);
#2622=ADVANCED_FACE('',(#2161,#2162),#2531,.T.);
#2623=ADVANCED_FACE('',(#2163,#2164),#340,.T.);
#2624=ADVANCED_FACE('',(#2165,#2166),#2532,.F.);
#2625=ADVANCED_FACE('',(#2167),#341,.T.);
#2626=ADVANCED_FACE('',(#2168,#2169,#2170,#2171,#2172,#2173,#2174,#2175,
#2176,#2177,#2178,#2179,#2180,#2181,#2182,#2183,#2184),#342,.T.);
#2627=ADVANCED_FACE('',(#2185),#343,.T.);
#2628=ADVANCED_FACE('',(#2186),#344,.F.);
#2629=ADVANCED_FACE('',(#2187),#345,.T.);
#2630=ADVANCED_FACE('',(#2188,#2189,#2190,#2191,#2192,#2193,#2194,#2195,
#2196,#2197,#2198,#2199,#2200,#2201,#2202,#2203,#2204),#346,.F.);
#2631=ADVANCED_FACE('',(#2205,#2206),#2533,.F.);
#2632=ADVANCED_FACE('',(#2207,#2208),#2534,.F.);
#2633=ADVANCED_FACE('',(#2209,#2210),#2535,.F.);
#2634=ADVANCED_FACE('',(#2211,#2212),#2536,.F.);
#2635=ADVANCED_FACE('',(#2213,#2214),#2537,.F.);
#2636=ADVANCED_FACE('',(#2215,#2216),#2538,.F.);
#2637=ADVANCED_FACE('',(#2217,#2218),#2539,.F.);
#2638=ADVANCED_FACE('',(#2219,#2220),#2540,.F.);
#2639=ADVANCED_FACE('',(#2221,#2222),#2541,.F.);
#2640=ADVANCED_FACE('',(#2223,#2224),#2542,.F.);
#2641=ADVANCED_FACE('',(#2225,#2226),#2543,.F.);
#2642=ADVANCED_FACE('',(#2227,#2228),#2544,.F.);
#2643=ADVANCED_FACE('',(#2229,#2230),#2545,.F.);
#2644=ADVANCED_FACE('',(#2231,#2232),#2546,.F.);
#2645=ADVANCED_FACE('',(#2233,#2234),#2547,.F.);
#2646=ADVANCED_FACE('',(#2235,#2236),#2548,.F.);
#2647=ADVANCED_FACE('',(#2237),#347,.F.);
#2648=ADVANCED_FACE('',(#2238),#348,.F.);
#2649=ADVANCED_FACE('',(#2239),#349,.F.);
#2650=ADVANCED_FACE('',(#2240),#350,.F.);
#2651=ADVANCED_FACE('',(#2241,#2242),#351,.F.);
#2652=ADVANCED_FACE('',(#2243,#2244),#352,.T.);
#2653=ADVANCED_FACE('',(#2245),#353,.T.);
#2654=ADVANCED_FACE('',(#2246,#2247),#354,.F.);
#2655=ADVANCED_FACE('',(#2248),#355,.T.);
#2656=ADVANCED_FACE('',(#2249,#2250),#2549,.T.);
#2657=ADVANCED_FACE('',(#2251,#2252),#2550,.T.);
#2658=ADVANCED_FACE('',(#2253,#2254),#356,.T.);
#2659=ADVANCED_FACE('',(#2255),#357,.F.);
#2660=ADVANCED_FACE('',(#2256),#358,.F.);
#2661=ADVANCED_FACE('',(#2257),#359,.F.);
#2662=ADVANCED_FACE('',(#2258),#360,.F.);
#2663=ADVANCED_FACE('',(#2259),#361,.F.);
#2664=ADVANCED_FACE('',(#2260),#362,.F.);
#2665=ADVANCED_FACE('',(#2261),#363,.F.);
#2666=ADVANCED_FACE('',(#2262,#2263),#364,.T.);
#2667=ADVANCED_FACE('',(#2264),#365,.F.);
#2668=ADVANCED_FACE('',(#2265,#2266),#15,.F.);
#2669=ADVANCED_FACE('',(#2267,#2268),#2551,.F.);
#2670=ADVANCED_FACE('',(#2269,#2270),#2552,.T.);
#2671=ADVANCED_FACE('',(#2271,#2272),#2553,.F.);
#2672=ADVANCED_FACE('',(#2273,#2274),#366,.T.);
#2673=ADVANCED_FACE('',(#2275,#2276),#367,.F.);
#2674=ADVANCED_FACE('',(#2277),#2554,.T.);
#2675=ADVANCED_FACE('',(#2278),#368,.F.);
#2676=ADVANCED_FACE('',(#2279),#2555,.T.);
#2677=ADVANCED_FACE('',(#2280),#369,.F.);
#2678=ADVANCED_FACE('',(#2281),#2556,.T.);
#2679=ADVANCED_FACE('',(#2282),#370,.T.);
#2680=ADVANCED_FACE('',(#2283),#2557,.T.);
#2681=ADVANCED_FACE('',(#2284),#371,.T.);
#2682=ADVANCED_FACE('',(#2285,#2286,#2287,#2288,#2289,#2290,#2291,#2292,
#2293,#2294,#2295,#2296,#2297,#2298,#2299,#2300,#2301,#2302,#2303,#2304,
#2305,#2306,#2307,#2308,#2309,#2310,#2311,#2312,#2313,#2314,#2315,#2316,
#2317,#2318,#2319,#2320,#2321,#2322,#2323),#372,.T.);
#2683=ADVANCED_FACE('',(#2324,#2325,#2326,#2327,#2328,#2329,#2330,#2331,
#2332,#2333,#2334,#2335,#2336,#2337,#2338,#2339,#2340,#2341,#2342,#2343,
#2344,#2345,#2346,#2347,#2348,#2349,#2350,#2351,#2352,#2353,#2354,#2355,
#2356,#2357,#2358,#2359,#2360,#2361,#2362),#373,.F.);
#2684=ADVANCED_FACE('',(#2363,#2364),#2558,.F.);
#2685=ADVANCED_FACE('',(#2365,#2366),#2559,.F.);
#2686=ADVANCED_FACE('',(#2367,#2368),#2560,.F.);
#2687=ADVANCED_FACE('',(#2369,#2370),#2561,.F.);
#2688=ADVANCED_FACE('',(#2371,#2372),#2562,.F.);
#2689=ADVANCED_FACE('',(#2373,#2374),#2563,.F.);
#2690=ADVANCED_FACE('',(#2375,#2376),#2564,.F.);
#2691=ADVANCED_FACE('',(#2377,#2378),#2565,.F.);
#2692=ADVANCED_FACE('',(#2379,#2380),#2566,.F.);
#2693=ADVANCED_FACE('',(#2381,#2382),#2567,.F.);
#2694=ADVANCED_FACE('',(#2383,#2384),#2568,.F.);
#2695=ADVANCED_FACE('',(#2385,#2386),#2569,.F.);
#2696=ADVANCED_FACE('',(#2387,#2388),#2570,.F.);
#2697=ADVANCED_FACE('',(#2389,#2390),#2571,.F.);
#2698=ADVANCED_FACE('',(#2391,#2392),#2572,.F.);
#2699=ADVANCED_FACE('',(#2393,#2394),#2573,.F.);
#2700=ADVANCED_FACE('',(#2395,#2396),#2574,.F.);
#2701=ADVANCED_FACE('',(#2397,#2398),#2575,.F.);
#2702=ADVANCED_FACE('',(#2399,#2400),#2576,.F.);
#2703=ADVANCED_FACE('',(#2401,#2402),#2577,.F.);
#2704=ADVANCED_FACE('',(#2403,#2404),#2578,.F.);
#2705=ADVANCED_FACE('',(#2405,#2406),#2579,.F.);
#2706=ADVANCED_FACE('',(#2407,#2408),#2580,.F.);
#2707=ADVANCED_FACE('',(#2409,#2410),#2581,.F.);
#2708=ADVANCED_FACE('',(#2411,#2412),#2582,.F.);
#2709=ADVANCED_FACE('',(#2413,#2414),#2583,.F.);
#2710=ADVANCED_FACE('',(#2415,#2416),#2584,.F.);
#2711=ADVANCED_FACE('',(#2417,#2418),#2585,.F.);
#2712=ADVANCED_FACE('',(#2419,#2420),#2586,.F.);
#2713=ADVANCED_FACE('',(#2421,#2422),#2587,.F.);
#2714=ADVANCED_FACE('',(#2423,#2424),#2588,.F.);
#2715=ADVANCED_FACE('',(#2425,#2426),#2589,.F.);
#2716=ADVANCED_FACE('',(#2427,#2428),#2590,.F.);
#2717=ADVANCED_FACE('',(#2429,#2430),#2591,.F.);
#2718=ADVANCED_FACE('',(#2431,#2432),#2592,.F.);
#2719=ADVANCED_FACE('',(#2433,#2434),#2593,.F.);
#2720=ADVANCED_FACE('',(#2435,#2436),#2594,.F.);
#2721=ADVANCED_FACE('',(#2437,#2438),#2595,.F.);
#2722=ADVANCED_FACE('',(#2439),#374,.T.);
#2723=ADVANCED_FACE('',(#2440),#375,.T.);
#2724=ADVANCED_FACE('',(#2441),#376,.T.);
#2725=ADVANCED_FACE('',(#2442),#377,.T.);
#2726=ADVANCED_FACE('',(#2443),#378,.F.);
#2727=ADVANCED_FACE('',(#2444),#379,.T.);
#2728=ADVANCED_FACE('',(#2445),#380,.T.);
#2729=ADVANCED_FACE('',(#2446),#2596,.F.);
#2730=ADVANCED_FACE('',(#2447,#2448,#2449,#2450,#2451,#2452,#2453),#381,
 .T.);
#2731=ADVANCED_FACE('',(#2454),#382,.F.);
#2732=ADVANCED_FACE('',(#2455,#2456),#2597,.F.);
#2733=ADVANCED_FACE('',(#2457,#2458),#2598,.F.);
#2734=ADVANCED_FACE('',(#2459,#2460),#2599,.F.);
#2735=ADVANCED_FACE('',(#2461,#2462),#2600,.F.);
#2736=ADVANCED_FACE('',(#2463,#2464),#2601,.F.);
#2737=ADVANCED_FACE('',(#2465,#2466),#2602,.F.);
#2738=ADVANCED_FACE('',(#2467,#2468,#2469,#2470,#2471),#383,.T.);
#2739=ADVANCED_FACE('',(#2472),#2603,.T.);
#2740=ADVANCED_FACE('',(#2473),#2604,.T.);
#2741=ADVANCED_FACE('',(#2474),#2605,.T.);
#2742=ADVANCED_FACE('',(#2475),#2606,.T.);
#2743=ADVANCED_FACE('',(#2476),#384,.F.);
#2744=ADVANCED_FACE('',(#2477),#385,.F.);
#2745=ADVANCED_FACE('',(#2478),#386,.F.);
#2746=ADVANCED_FACE('',(#2479),#387,.F.);
#2747=ADVANCED_FACE('',(#2480),#388,.F.);
#2748=ADVANCED_FACE('',(#2481),#389,.F.);
#2749=ADVANCED_FACE('',(#2482,#2483),#390,.T.);
#2750=ADVANCED_FACE('',(#2484),#391,.F.);
#2751=ADVANCED_FACE('',(#2485,#2486),#2607,.T.);
#2752=ADVANCED_FACE('',(#2487),#392,.T.);
#2753=ADVANCED_FACE('',(#2488,#2489),#16,.T.);
#2754=ADVANCED_FACE('',(#2490),#393,.T.);
#2755=ADVANCED_FACE('',(#2491),#394,.T.);
#2756=ADVANCED_FACE('',(#2492),#395,.F.);
#2757=ADVANCED_FACE('',(#2493),#396,.F.);
#2758=ADVANCED_FACE('',(#2494,#2495,#2496,#2497,#2498,#2499,#2500,#2501,
#2502),#397,.T.);
#2759=ADVANCED_FACE('',(#2503,#2504,#2505,#2506,#2507,#2508,#2509,#2510,
#2511),#398,.F.);
#2760=ADVANCED_FACE('',(#2512,#2513),#2608,.F.);
#2761=ADVANCED_FACE('',(#2514,#2515),#2609,.F.);
#2762=ADVANCED_FACE('',(#2516,#2517),#2610,.F.);
#2763=ADVANCED_FACE('',(#2518,#2519),#2611,.F.);
#2764=ADVANCED_FACE('',(#2520,#2521),#2612,.F.);
#2765=ADVANCED_FACE('',(#2522,#2523),#2613,.F.);
#2766=ADVANCED_FACE('',(#2524,#2525),#2614,.F.);
#2767=ADVANCED_FACE('',(#2526,#2527),#2615,.F.);
#2768=CLOSED_SHELL('',(#2616,#2617,#2618,#2619,#2620,#2621,#2622,#2623,
#2624));
#2769=CLOSED_SHELL('',(#2625,#2626,#2627,#2628,#2629,#2630,#2631,#2632,
#2633,#2634,#2635,#2636,#2637,#2638,#2639,#2640,#2641,#2642,#2643,#2644,
#2645,#2646,#2647,#2648,#2649,#2650,#2651,#2652,#2653,#2654,#2655,#2656));
#2770=CLOSED_SHELL('',(#2657,#2658,#2659,#2660,#2661,#2662,#2663,#2664,
#2665,#2666,#2667,#2668,#2669));
#2771=CLOSED_SHELL('',(#2670,#2671,#2672,#2673));
#2772=CLOSED_SHELL('',(#2674,#2675,#2676,#2677,#2678,#2679,#2680,#2681,
#2682,#2683,#2684,#2685,#2686,#2687,#2688,#2689,#2690,#2691,#2692,#2693,
#2694,#2695,#2696,#2697,#2698,#2699,#2700,#2701,#2702,#2703,#2704,#2705,
#2706,#2707,#2708,#2709,#2710,#2711,#2712,#2713,#2714,#2715,#2716,#2717,
#2718,#2719,#2720,#2721));
#2773=CLOSED_SHELL('',(#2722,#2723,#2724,#2725,#2726,#2727,#2728,#2729,
#2730,#2731,#2732,#2733,#2734,#2735,#2736,#2737,#2738,#2739,#2740,#2741,
#2742));
#2774=CLOSED_SHELL('',(#2743,#2744,#2745,#2746,#2747,#2748,#2749,#2750,
#2751,#2752,#2753));
#2775=CLOSED_SHELL('',(#2754,#2755,#2756,#2757,#2758,#2759,#2760,#2761,
#2762,#2763,#2764,#2765,#2766,#2767));
#2776=STYLED_ITEM('',(#2784),#2837);
#2777=STYLED_ITEM('',(#2785),#2838);
#2778=STYLED_ITEM('',(#2786),#2839);
#2779=STYLED_ITEM('',(#2787),#2840);
#2780=STYLED_ITEM('',(#2788),#2841);
#2781=STYLED_ITEM('',(#2789),#2842);
#2782=STYLED_ITEM('',(#2790),#2843);
#2783=STYLED_ITEM('',(#2791),#2844);
#2784=PRESENTATION_STYLE_ASSIGNMENT((#2792));
#2785=PRESENTATION_STYLE_ASSIGNMENT((#2793));
#2786=PRESENTATION_STYLE_ASSIGNMENT((#2794));
#2787=PRESENTATION_STYLE_ASSIGNMENT((#2795));
#2788=PRESENTATION_STYLE_ASSIGNMENT((#2796));
#2789=PRESENTATION_STYLE_ASSIGNMENT((#2797));
#2790=PRESENTATION_STYLE_ASSIGNMENT((#2798));
#2791=PRESENTATION_STYLE_ASSIGNMENT((#2799));
#2792=SURFACE_STYLE_USAGE(.BOTH.,#2800);
#2793=SURFACE_STYLE_USAGE(.BOTH.,#2801);
#2794=SURFACE_STYLE_USAGE(.BOTH.,#2802);
#2795=SURFACE_STYLE_USAGE(.BOTH.,#2803);
#2796=SURFACE_STYLE_USAGE(.BOTH.,#2804);
#2797=SURFACE_STYLE_USAGE(.BOTH.,#2805);
#2798=SURFACE_STYLE_USAGE(.BOTH.,#2806);
#2799=SURFACE_STYLE_USAGE(.BOTH.,#2807);
#2800=SURFACE_SIDE_STYLE('',(#2808));
#2801=SURFACE_SIDE_STYLE('',(#2809));
#2802=SURFACE_SIDE_STYLE('',(#2810));
#2803=SURFACE_SIDE_STYLE('',(#2811));
#2804=SURFACE_SIDE_STYLE('',(#2812));
#2805=SURFACE_SIDE_STYLE('',(#2813));
#2806=SURFACE_SIDE_STYLE('',(#2814));
#2807=SURFACE_SIDE_STYLE('',(#2815));
#2808=SURFACE_STYLE_FILL_AREA(#2816);
#2809=SURFACE_STYLE_FILL_AREA(#2817);
#2810=SURFACE_STYLE_FILL_AREA(#2818);
#2811=SURFACE_STYLE_FILL_AREA(#2819);
#2812=SURFACE_STYLE_FILL_AREA(#2820);
#2813=SURFACE_STYLE_FILL_AREA(#2821);
#2814=SURFACE_STYLE_FILL_AREA(#2822);
#2815=SURFACE_STYLE_FILL_AREA(#2823);
#2816=FILL_AREA_STYLE('',(#2824));
#2817=FILL_AREA_STYLE('',(#2825));
#2818=FILL_AREA_STYLE('',(#2826));
#2819=FILL_AREA_STYLE('',(#2827));
#2820=FILL_AREA_STYLE('',(#2828));
#2821=FILL_AREA_STYLE('',(#2829));
#2822=FILL_AREA_STYLE('',(#2830));
#2823=FILL_AREA_STYLE('',(#2831));
#2824=FILL_AREA_STYLE_COLOUR('',#2832);
#2825=FILL_AREA_STYLE_COLOUR('',#2833);
#2826=FILL_AREA_STYLE_COLOUR('',#2833);
#2827=FILL_AREA_STYLE_COLOUR('',#2834);
#2828=FILL_AREA_STYLE_COLOUR('',#2835);
#2829=FILL_AREA_STYLE_COLOUR('',#2836);
#2830=FILL_AREA_STYLE_COLOUR('',#2833);
#2831=FILL_AREA_STYLE_COLOUR('',#2835);
#2832=COLOUR_RGB('',0.701960784313725,0.701960784313725,0.701960784313725);
#2833=COLOUR_RGB('',0.615686274509804,0.811764705882353,0.929411764705882);
#2834=COLOUR_RGB('',0.647058823529412,0.647058823529412,0.647058823529412);
#2835=COLOUR_RGB('',0.682352941176471,0.333333333333334,0.737254901960784);
#2836=COLOUR_RGB('',0.596078431372549,0.12156862745098,0.674509803921569);
#2837=MANIFOLD_SOLID_BREP('Simulation Pole',#2768);
#2838=MANIFOLD_SOLID_BREP('Part 1',#2769);
#2839=MANIFOLD_SOLID_BREP('Long Screw',#2770);
#2840=MANIFOLD_SOLID_BREP('Part 2',#2771);
#2841=MANIFOLD_SOLID_BREP('Part 1',#2772);
#2842=MANIFOLD_SOLID_BREP('Card',#2773);
#2843=MANIFOLD_SOLID_BREP('Nut',#2774);
#2844=MANIFOLD_SOLID_BREP('Back',#2775);
#2845=SHAPE_DEFINITION_REPRESENTATION(#4789,#2854);
#2846=SHAPE_DEFINITION_REPRESENTATION(#4790,#2855);
#2847=SHAPE_DEFINITION_REPRESENTATION(#4792,#2856);
#2848=SHAPE_DEFINITION_REPRESENTATION(#4794,#2857);
#2849=SHAPE_DEFINITION_REPRESENTATION(#4796,#2858);
#2850=SHAPE_DEFINITION_REPRESENTATION(#4798,#2859);
#2851=SHAPE_DEFINITION_REPRESENTATION(#4800,#2860);
#2852=SHAPE_DEFINITION_REPRESENTATION(#4803,#2861);
#2853=SHAPE_DEFINITION_REPRESENTATION(#4805,#2862);
#2854=SHAPE_REPRESENTATION('Card Style Assembly',(#2863,#2883,#2950,#2968,
#2977,#3110,#3154,#3155,#3170,#3201,#3202),#4768);
#2855=SHAPE_REPRESENTATION('Simulation Pole',(#2863),#4769);
#2856=SHAPE_REPRESENTATION('Part 1',(#2863),#4770);
#2857=SHAPE_REPRESENTATION('Long Screw',(#2863),#4771);
#2858=SHAPE_REPRESENTATION('Part 2',(#2863),#4772);
#2859=SHAPE_REPRESENTATION('Part 1',(#2863),#4773);
#2860=SHAPE_REPRESENTATION('Card',(#2863),#4774);
#2861=SHAPE_REPRESENTATION('Nut',(#2863),#4775);
#2862=SHAPE_REPRESENTATION('Back',(#2863),#4776);
#2863=AXIS2_PLACEMENT_3D('',#4015,#3203,#3204);
#2864=AXIS2_PLACEMENT_3D('',#4016,#3205,#3206);
#2865=AXIS2_PLACEMENT_3D('',#4017,#3207,#3208);
#2866=AXIS2_PLACEMENT_3D('',#4019,#3209,#3210);
#2867=AXIS2_PLACEMENT_3D('',#4022,#3211,#3212);
#2868=AXIS2_PLACEMENT_3D('',#4023,#3213,#3214);
#2869=AXIS2_PLACEMENT_3D('',#4024,#3215,#3216);
#2870=AXIS2_PLACEMENT_3D('',#4025,#3217,#3218);
#2871=AXIS2_PLACEMENT_3D('',#4027,#3219,#3220);
#2872=AXIS2_PLACEMENT_3D('',#4029,#3221,#3222);
#2873=AXIS2_PLACEMENT_3D('',#4030,#3223,#3224);
#2874=AXIS2_PLACEMENT_3D('',#4031,#3225,#3226);
#2875=AXIS2_PLACEMENT_3D('',#4032,#3227,#3228);
#2876=AXIS2_PLACEMENT_3D('',#4034,#3229,#3230);
#2877=AXIS2_PLACEMENT_3D('',#4035,#3231,#3232);
#2878=AXIS2_PLACEMENT_3D('',#4036,#3233,#3234);
#2879=AXIS2_PLACEMENT_3D('',#4037,#3235,#3236);
#2880=AXIS2_PLACEMENT_3D('',#4039,#3237,#3238);
#2881=AXIS2_PLACEMENT_3D('',#4040,#3239,#3240);
#2882=AXIS2_PLACEMENT_3D('',#4042,#3241,#3242);
#2883=AXIS2_PLACEMENT_3D('',#4043,#3243,#3244);
#2884=AXIS2_PLACEMENT_3D('',#4044,#3245,#3246);
#2885=AXIS2_PLACEMENT_3D('',#4053,#3251,#3252);
#2886=AXIS2_PLACEMENT_3D('',#4054,#3253,#3254);
#2887=AXIS2_PLACEMENT_3D('',#4056,#3255,#3256);
#2888=AXIS2_PLACEMENT_3D('',#4058,#3257,#3258);
#2889=AXIS2_PLACEMENT_3D('',#4060,#3259,#3260);
#2890=AXIS2_PLACEMENT_3D('',#4062,#3261,#3262);
#2891=AXIS2_PLACEMENT_3D('',#4064,#3263,#3264);
#2892=AXIS2_PLACEMENT_3D('',#4066,#3265,#3266);
#2893=AXIS2_PLACEMENT_3D('',#4068,#3267,#3268);
#2894=AXIS2_PLACEMENT_3D('',#4070,#3269,#3270);
#2895=AXIS2_PLACEMENT_3D('',#4072,#3271,#3272);
#2896=AXIS2_PLACEMENT_3D('',#4074,#3273,#3274);
#2897=AXIS2_PLACEMENT_3D('',#4076,#3275,#3276);
#2898=AXIS2_PLACEMENT_3D('',#4078,#3277,#3278);
#2899=AXIS2_PLACEMENT_3D('',#4080,#3279,#3280);
#2900=AXIS2_PLACEMENT_3D('',#4082,#3281,#3282);
#2901=AXIS2_PLACEMENT_3D('',#4084,#3283,#3284);
#2902=AXIS2_PLACEMENT_3D('',#4094,#3289,#3290);
#2903=AXIS2_PLACEMENT_3D('',#4100,#3294,#3295);
#2904=AXIS2_PLACEMENT_3D('',#4104,#3298,#3299);
#2905=AXIS2_PLACEMENT_3D('',#4108,#3302,#3303);
#2906=AXIS2_PLACEMENT_3D('',#4109,#3304,#3305);
#2907=AXIS2_PLACEMENT_3D('',#4111,#3306,#3307);
#2908=AXIS2_PLACEMENT_3D('',#4113,#3308,#3309);
#2909=AXIS2_PLACEMENT_3D('',#4115,#3310,#3311);
#2910=AXIS2_PLACEMENT_3D('',#4117,#3312,#3313);
#2911=AXIS2_PLACEMENT_3D('',#4119,#3314,#3315);
#2912=AXIS2_PLACEMENT_3D('',#4121,#3316,#3317);
#2913=AXIS2_PLACEMENT_3D('',#4123,#3318,#3319);
#2914=AXIS2_PLACEMENT_3D('',#4125,#3320,#3321);
#2915=AXIS2_PLACEMENT_3D('',#4127,#3322,#3323);
#2916=AXIS2_PLACEMENT_3D('',#4129,#3324,#3325);
#2917=AXIS2_PLACEMENT_3D('',#4131,#3326,#3327);
#2918=AXIS2_PLACEMENT_3D('',#4133,#3328,#3329);
#2919=AXIS2_PLACEMENT_3D('',#4135,#3330,#3331);
#2920=AXIS2_PLACEMENT_3D('',#4137,#3332,#3333);
#2921=AXIS2_PLACEMENT_3D('',#4139,#3334,#3335);
#2922=AXIS2_PLACEMENT_3D('',#4142,#3337,#3338);
#2923=AXIS2_PLACEMENT_3D('',#4143,#3339,#3340);
#2924=AXIS2_PLACEMENT_3D('',#4144,#3341,#3342);
#2925=AXIS2_PLACEMENT_3D('',#4145,#3343,#3344);
#2926=AXIS2_PLACEMENT_3D('',#4146,#3345,#3346);
#2927=AXIS2_PLACEMENT_3D('',#4147,#3347,#3348);
#2928=AXIS2_PLACEMENT_3D('',#4148,#3349,#3350);
#2929=AXIS2_PLACEMENT_3D('',#4149,#3351,#3352);
#2930=AXIS2_PLACEMENT_3D('',#4150,#3353,#3354);
#2931=AXIS2_PLACEMENT_3D('',#4151,#3355,#3356);
#2932=AXIS2_PLACEMENT_3D('',#4152,#3357,#3358);
#2933=AXIS2_PLACEMENT_3D('',#4153,#3359,#3360);
#2934=AXIS2_PLACEMENT_3D('',#4154,#3361,#3362);
#2935=AXIS2_PLACEMENT_3D('',#4155,#3363,#3364);
#2936=AXIS2_PLACEMENT_3D('',#4156,#3365,#3366);
#2937=AXIS2_PLACEMENT_3D('',#4157,#3367,#3368);
#2938=AXIS2_PLACEMENT_3D('',#4158,#3369,#3370);
#2939=AXIS2_PLACEMENT_3D('',#4167,#3375,#3376);
#2940=AXIS2_PLACEMENT_3D('',#4178,#3383,#3384);
#2941=AXIS2_PLACEMENT_3D('',#4184,#3388,#3389);
#2942=AXIS2_PLACEMENT_3D('',#4192,#3395,#3396);
#2943=AXIS2_PLACEMENT_3D('',#4193,#3397,#3398);
#2944=AXIS2_PLACEMENT_3D('',#4194,#3399,#3400);
#2945=AXIS2_PLACEMENT_3D('',#4197,#3402,#3403);
#2946=AXIS2_PLACEMENT_3D('',#4198,#3404,#3405);
#2947=AXIS2_PLACEMENT_3D('',#4199,#3406,#3407);
#2948=AXIS2_PLACEMENT_3D('',#4202,#3409,#3410);
#2949=AXIS2_PLACEMENT_3D('',#4203,#3411,#3412);
#2950=AXIS2_PLACEMENT_3D('',#4204,#3413,#3414);
#2951=AXIS2_PLACEMENT_3D('',#4205,#3415,#3416);
#2952=AXIS2_PLACEMENT_3D('',#4206,#3417,#3418);
#2953=AXIS2_PLACEMENT_3D('',#4208,#3419,#3420);
#2954=AXIS2_PLACEMENT_3D('',#4210,#3421,#3422);
#2955=AXIS2_PLACEMENT_3D('',#4211,#3423,#3424);
#2956=AXIS2_PLACEMENT_3D('',#4213,#3425,#3426);
#2957=AXIS2_PLACEMENT_3D('',#4222,#3431,#3432);
#2958=AXIS2_PLACEMENT_3D('',#4228,#3436,#3437);
#2959=AXIS2_PLACEMENT_3D('',#4234,#3441,#3442);
#2960=AXIS2_PLACEMENT_3D('',#4240,#3446,#3447);
#2961=AXIS2_PLACEMENT_3D('',#4246,#3451,#3452);
#2962=AXIS2_PLACEMENT_3D('',#4252,#3456,#3457);
#2963=AXIS2_PLACEMENT_3D('',#4255,#3460,#3461);
#2964=AXIS2_PLACEMENT_3D('',#4256,#3462,#3463);
#2965=AXIS2_PLACEMENT_3D('',#4257,#3464,#3465);
#2966=AXIS2_PLACEMENT_3D('',#4259,#3466,#3467);
#2967=AXIS2_PLACEMENT_3D('',#4261,#3468,#3469);
#2968=AXIS2_PLACEMENT_3D('',#4262,#3470,#3471);
#2969=AXIS2_PLACEMENT_3D('',#4263,#3472,#3473);
#2970=AXIS2_PLACEMENT_3D('',#4264,#3474,#3475);
#2971=AXIS2_PLACEMENT_3D('',#4266,#3476,#3477);
#2972=AXIS2_PLACEMENT_3D('',#4268,#3478,#3479);
#2973=AXIS2_PLACEMENT_3D('',#4269,#3480,#3481);
#2974=AXIS2_PLACEMENT_3D('',#4271,#3482,#3483);
#2975=AXIS2_PLACEMENT_3D('',#4273,#3484,#3485);
#2976=AXIS2_PLACEMENT_3D('',#4274,#3486,#3487);
#2977=AXIS2_PLACEMENT_3D('',#4275,#3488,#3489);
#2978=AXIS2_PLACEMENT_3D('',#4276,#3490,#3491);
#2979=AXIS2_PLACEMENT_3D('',#4277,#3492,#3493);
#2980=AXIS2_PLACEMENT_3D('',#4282,#3495,#3496);
#2981=AXIS2_PLACEMENT_3D('',#4285,#3498,#3499);
#2982=AXIS2_PLACEMENT_3D('',#4291,#3503,#3504);
#2983=AXIS2_PLACEMENT_3D('',#4292,#3505,#3506);
#2984=AXIS2_PLACEMENT_3D('',#4296,#3508,#3509);
#2985=AXIS2_PLACEMENT_3D('',#4297,#3510,#3511);
#2986=AXIS2_PLACEMENT_3D('',#4303,#3515,#3516);
#2987=AXIS2_PLACEMENT_3D('',#4304,#3517,#3518);
#2988=AXIS2_PLACEMENT_3D('',#4308,#3520,#3521);
#2989=AXIS2_PLACEMENT_3D('',#4309,#3522,#3523);
#2990=AXIS2_PLACEMENT_3D('',#4315,#3527,#3528);
#2991=AXIS2_PLACEMENT_3D('',#4316,#3529,#3530);
#2992=AXIS2_PLACEMENT_3D('',#4320,#3532,#3533);
#2993=AXIS2_PLACEMENT_3D('',#4321,#3534,#3535);
#2994=AXIS2_PLACEMENT_3D('',#4324,#3538,#3539);
#2995=AXIS2_PLACEMENT_3D('',#4325,#3540,#3541);
#2996=AXIS2_PLACEMENT_3D('',#4327,#3542,#3543);
#2997=AXIS2_PLACEMENT_3D('',#4329,#3544,#3545);
#2998=AXIS2_PLACEMENT_3D('',#4331,#3546,#3547);
#2999=AXIS2_PLACEMENT_3D('',#4333,#3548,#3549);
#3000=AXIS2_PLACEMENT_3D('',#4335,#3550,#3551);
#3001=AXIS2_PLACEMENT_3D('',#4337,#3552,#3553);
#3002=AXIS2_PLACEMENT_3D('',#4339,#3554,#3555);
#3003=AXIS2_PLACEMENT_3D('',#4341,#3556,#3557);
#3004=AXIS2_PLACEMENT_3D('',#4343,#3558,#3559);
#3005=AXIS2_PLACEMENT_3D('',#4345,#3560,#3561);
#3006=AXIS2_PLACEMENT_3D('',#4347,#3562,#3563);
#3007=AXIS2_PLACEMENT_3D('',#4349,#3564,#3565);
#3008=AXIS2_PLACEMENT_3D('',#4351,#3566,#3567);
#3009=AXIS2_PLACEMENT_3D('',#4353,#3568,#3569);
#3010=AXIS2_PLACEMENT_3D('',#4355,#3570,#3571);
#3011=AXIS2_PLACEMENT_3D('',#4357,#3572,#3573);
#3012=AXIS2_PLACEMENT_3D('',#4359,#3574,#3575);
#3013=AXIS2_PLACEMENT_3D('',#4361,#3576,#3577);
#3014=AXIS2_PLACEMENT_3D('',#4363,#3578,#3579);
#3015=AXIS2_PLACEMENT_3D('',#4365,#3580,#3581);
#3016=AXIS2_PLACEMENT_3D('',#4367,#3582,#3583);
#3017=AXIS2_PLACEMENT_3D('',#4369,#3584,#3585);
#3018=AXIS2_PLACEMENT_3D('',#4371,#3586,#3587);
#3019=AXIS2_PLACEMENT_3D('',#4373,#3588,#3589);
#3020=AXIS2_PLACEMENT_3D('',#4375,#3590,#3591);
#3021=AXIS2_PLACEMENT_3D('',#4377,#3592,#3593);
#3022=AXIS2_PLACEMENT_3D('',#4379,#3594,#3595);
#3023=AXIS2_PLACEMENT_3D('',#4381,#3596,#3597);
#3024=AXIS2_PLACEMENT_3D('',#4383,#3598,#3599);
#3025=AXIS2_PLACEMENT_3D('',#4385,#3600,#3601);
#3026=AXIS2_PLACEMENT_3D('',#4387,#3602,#3603);
#3027=AXIS2_PLACEMENT_3D('',#4389,#3604,#3605);
#3028=AXIS2_PLACEMENT_3D('',#4391,#3606,#3607);
#3029=AXIS2_PLACEMENT_3D('',#4393,#3608,#3609);
#3030=AXIS2_PLACEMENT_3D('',#4395,#3610,#3611);
#3031=AXIS2_PLACEMENT_3D('',#4397,#3612,#3613);
#3032=AXIS2_PLACEMENT_3D('',#4399,#3614,#3615);
#3033=AXIS2_PLACEMENT_3D('',#4401,#3616,#3617);
#3034=AXIS2_PLACEMENT_3D('',#4402,#3618,#3619);
#3035=AXIS2_PLACEMENT_3D('',#4404,#3620,#3621);
#3036=AXIS2_PLACEMENT_3D('',#4406,#3622,#3623);
#3037=AXIS2_PLACEMENT_3D('',#4408,#3624,#3625);
#3038=AXIS2_PLACEMENT_3D('',#4410,#3626,#3627);
#3039=AXIS2_PLACEMENT_3D('',#4412,#3628,#3629);
#3040=AXIS2_PLACEMENT_3D('',#4414,#3630,#3631);
#3041=AXIS2_PLACEMENT_3D('',#4416,#3632,#3633);
#3042=AXIS2_PLACEMENT_3D('',#4418,#3634,#3635);
#3043=AXIS2_PLACEMENT_3D('',#4420,#3636,#3637);
#3044=AXIS2_PLACEMENT_3D('',#4422,#3638,#3639);
#3045=AXIS2_PLACEMENT_3D('',#4424,#3640,#3641);
#3046=AXIS2_PLACEMENT_3D('',#4426,#3642,#3643);
#3047=AXIS2_PLACEMENT_3D('',#4428,#3644,#3645);
#3048=AXIS2_PLACEMENT_3D('',#4430,#3646,#3647);
#3049=AXIS2_PLACEMENT_3D('',#4432,#3648,#3649);
#3050=AXIS2_PLACEMENT_3D('',#4434,#3650,#3651);
#3051=AXIS2_PLACEMENT_3D('',#4436,#3652,#3653);
#3052=AXIS2_PLACEMENT_3D('',#4438,#3654,#3655);
#3053=AXIS2_PLACEMENT_3D('',#4440,#3656,#3657);
#3054=AXIS2_PLACEMENT_3D('',#4442,#3658,#3659);
#3055=AXIS2_PLACEMENT_3D('',#4444,#3660,#3661);
#3056=AXIS2_PLACEMENT_3D('',#4446,#3662,#3663);
#3057=AXIS2_PLACEMENT_3D('',#4448,#3664,#3665);
#3058=AXIS2_PLACEMENT_3D('',#4450,#3666,#3667);
#3059=AXIS2_PLACEMENT_3D('',#4452,#3668,#3669);
#3060=AXIS2_PLACEMENT_3D('',#4454,#3670,#3671);
#3061=AXIS2_PLACEMENT_3D('',#4456,#3672,#3673);
#3062=AXIS2_PLACEMENT_3D('',#4458,#3674,#3675);
#3063=AXIS2_PLACEMENT_3D('',#4460,#3676,#3677);
#3064=AXIS2_PLACEMENT_3D('',#4462,#3678,#3679);
#3065=AXIS2_PLACEMENT_3D('',#4464,#3680,#3681);
#3066=AXIS2_PLACEMENT_3D('',#4466,#3682,#3683);
#3067=AXIS2_PLACEMENT_3D('',#4468,#3684,#3685);
#3068=AXIS2_PLACEMENT_3D('',#4470,#3686,#3687);
#3069=AXIS2_PLACEMENT_3D('',#4472,#3688,#3689);
#3070=AXIS2_PLACEMENT_3D('',#4474,#3690,#3691);
#3071=AXIS2_PLACEMENT_3D('',#4476,#3692,#3693);
#3072=AXIS2_PLACEMENT_3D('',#4478,#3694,#3695);
#3073=AXIS2_PLACEMENT_3D('',#4479,#3696,#3697);
#3074=AXIS2_PLACEMENT_3D('',#4480,#3698,#3699);
#3075=AXIS2_PLACEMENT_3D('',#4481,#3700,#3701);
#3076=AXIS2_PLACEMENT_3D('',#4482,#3702,#3703);
#3077=AXIS2_PLACEMENT_3D('',#4483,#3704,#3705);
#3078=AXIS2_PLACEMENT_3D('',#4484,#3706,#3707);
#3079=AXIS2_PLACEMENT_3D('',#4485,#3708,#3709);
#3080=AXIS2_PLACEMENT_3D('',#4486,#3710,#3711);
#3081=AXIS2_PLACEMENT_3D('',#4487,#3712,#3713);
#3082=AXIS2_PLACEMENT_3D('',#4488,#3714,#3715);
#3083=AXIS2_PLACEMENT_3D('',#4489,#3716,#3717);
#3084=AXIS2_PLACEMENT_3D('',#4490,#3718,#3719);
#3085=AXIS2_PLACEMENT_3D('',#4491,#3720,#3721);
#3086=AXIS2_PLACEMENT_3D('',#4492,#3722,#3723);
#3087=AXIS2_PLACEMENT_3D('',#4493,#3724,#3725);
#3088=AXIS2_PLACEMENT_3D('',#4494,#3726,#3727);
#3089=AXIS2_PLACEMENT_3D('',#4495,#3728,#3729);
#3090=AXIS2_PLACEMENT_3D('',#4496,#3730,#3731);
#3091=AXIS2_PLACEMENT_3D('',#4497,#3732,#3733);
#3092=AXIS2_PLACEMENT_3D('',#4498,#3734,#3735);
#3093=AXIS2_PLACEMENT_3D('',#4499,#3736,#3737);
#3094=AXIS2_PLACEMENT_3D('',#4500,#3738,#3739);
#3095=AXIS2_PLACEMENT_3D('',#4501,#3740,#3741);
#3096=AXIS2_PLACEMENT_3D('',#4502,#3742,#3743);
#3097=AXIS2_PLACEMENT_3D('',#4503,#3744,#3745);
#3098=AXIS2_PLACEMENT_3D('',#4504,#3746,#3747);
#3099=AXIS2_PLACEMENT_3D('',#4505,#3748,#3749);
#3100=AXIS2_PLACEMENT_3D('',#4506,#3750,#3751);
#3101=AXIS2_PLACEMENT_3D('',#4507,#3752,#3753);
#3102=AXIS2_PLACEMENT_3D('',#4508,#3754,#3755);
#3103=AXIS2_PLACEMENT_3D('',#4509,#3756,#3757);
#3104=AXIS2_PLACEMENT_3D('',#4510,#3758,#3759);
#3105=AXIS2_PLACEMENT_3D('',#4511,#3760,#3761);
#3106=AXIS2_PLACEMENT_3D('',#4512,#3762,#3763);
#3107=AXIS2_PLACEMENT_3D('',#4513,#3764,#3765);
#3108=AXIS2_PLACEMENT_3D('',#4514,#3766,#3767);
#3109=AXIS2_PLACEMENT_3D('',#4515,#3768,#3769);
#3110=AXIS2_PLACEMENT_3D('',#4516,#3770,#3771);
#3111=AXIS2_PLACEMENT_3D('',#4517,#3772,#3773);
#3112=AXIS2_PLACEMENT_3D('',#4524,#3777,#3778);
#3113=AXIS2_PLACEMENT_3D('',#4528,#3780,#3781);
#3114=AXIS2_PLACEMENT_3D('',#4530,#3782,#3783);
#3115=AXIS2_PLACEMENT_3D('',#4535,#3786,#3787);
#3116=AXIS2_PLACEMENT_3D('',#4543,#3792,#3793);
#3117=AXIS2_PLACEMENT_3D('',#4549,#3797,#3798);
#3118=AXIS2_PLACEMENT_3D('',#4557,#3803,#3804);
#3119=AXIS2_PLACEMENT_3D('',#4558,#3805,#3806);
#3120=AXIS2_PLACEMENT_3D('',#4561,#3807,#3808);
#3121=AXIS2_PLACEMENT_3D('',#4565,#3811,#3812);
#3122=AXIS2_PLACEMENT_3D('',#4572,#3816,#3817);
#3123=AXIS2_PLACEMENT_3D('',#4579,#3818,#3819);
#3124=AXIS2_PLACEMENT_3D('',#4592,#3820,#3821);
#3125=AXIS2_PLACEMENT_3D('',#4599,#3822,#3823);
#3126=AXIS2_PLACEMENT_3D('',#4600,#3824,#3825);
#3127=AXIS2_PLACEMENT_3D('',#4602,#3826,#3827);
#3128=AXIS2_PLACEMENT_3D('',#4604,#3828,#3829);
#3129=AXIS2_PLACEMENT_3D('',#4606,#3830,#3831);
#3130=AXIS2_PLACEMENT_3D('',#4608,#3832,#3833);
#3131=AXIS2_PLACEMENT_3D('',#4610,#3834,#3835);
#3132=AXIS2_PLACEMENT_3D('',#4614,#3838,#3839);
#3133=AXIS2_PLACEMENT_3D('',#4615,#3840,#3841);
#3134=AXIS2_PLACEMENT_3D('',#4621,#3844,#3845);
#3135=AXIS2_PLACEMENT_3D('',#4624,#3847,#3848);
#3136=AXIS2_PLACEMENT_3D('',#4625,#3849,#3850);
#3137=AXIS2_PLACEMENT_3D('',#4626,#3851,#3852);
#3138=AXIS2_PLACEMENT_3D('',#4627,#3853,#3854);
#3139=AXIS2_PLACEMENT_3D('',#4629,#3855,#3856);
#3140=AXIS2_PLACEMENT_3D('',#4630,#3857,#3858);
#3141=AXIS2_PLACEMENT_3D('',#4631,#3859,#3860);
#3142=AXIS2_PLACEMENT_3D('',#4632,#3861,#3862);
#3143=AXIS2_PLACEMENT_3D('',#4634,#3863,#3864);
#3144=AXIS2_PLACEMENT_3D('',#4635,#3865,#3866);
#3145=AXIS2_PLACEMENT_3D('',#4637,#3867,#3868);
#3146=AXIS2_PLACEMENT_3D('',#4638,#3869,#3870);
#3147=AXIS2_PLACEMENT_3D('',#4640,#3871,#3872);
#3148=AXIS2_PLACEMENT_3D('',#4643,#3875,#3876);
#3149=AXIS2_PLACEMENT_3D('',#4644,#3877,#3878);
#3150=AXIS2_PLACEMENT_3D('',#4645,#3879,#3880);
#3151=AXIS2_PLACEMENT_3D('',#4646,#3881,#3882);
#3152=AXIS2_PLACEMENT_3D('',#4647,#3883,#3884);
#3153=AXIS2_PLACEMENT_3D('',#4648,#3885,#3886);
#3154=AXIS2_PLACEMENT_3D('',#4649,#3887,#3888);
#3155=AXIS2_PLACEMENT_3D('',#4650,#3889,#3890);
#3156=AXIS2_PLACEMENT_3D('',#4651,#3891,#3892);
#3157=AXIS2_PLACEMENT_3D('',#4660,#3897,#3898);
#3158=AXIS2_PLACEMENT_3D('',#4666,#3902,#3903);
#3159=AXIS2_PLACEMENT_3D('',#4672,#3907,#3908);
#3160=AXIS2_PLACEMENT_3D('',#4678,#3912,#3913);
#3161=AXIS2_PLACEMENT_3D('',#4684,#3917,#3918);
#3162=AXIS2_PLACEMENT_3D('',#4687,#3921,#3922);
#3163=AXIS2_PLACEMENT_3D('',#4688,#3923,#3924);
#3164=AXIS2_PLACEMENT_3D('',#4690,#3925,#3926);
#3165=AXIS2_PLACEMENT_3D('',#4691,#3927,#3928);
#3166=AXIS2_PLACEMENT_3D('',#4692,#3929,#3930);
#3167=AXIS2_PLACEMENT_3D('',#4694,#3931,#3932);
#3168=AXIS2_PLACEMENT_3D('',#4695,#3933,#3934);
#3169=AXIS2_PLACEMENT_3D('',#4697,#3935,#3936);
#3170=AXIS2_PLACEMENT_3D('',#4698,#3937,#3938);
#3171=AXIS2_PLACEMENT_3D('',#4699,#3939,#3940);
#3172=AXIS2_PLACEMENT_3D('',#4708,#3945,#3946);
#3173=AXIS2_PLACEMENT_3D('',#4714,#3950,#3951);
#3174=AXIS2_PLACEMENT_3D('',#4720,#3955,#3956);
#3175=AXIS2_PLACEMENT_3D('',#4723,#3959,#3960);
#3176=AXIS2_PLACEMENT_3D('',#4724,#3961,#3962);
#3177=AXIS2_PLACEMENT_3D('',#4726,#3963,#3964);
#3178=AXIS2_PLACEMENT_3D('',#4728,#3965,#3966);
#3179=AXIS2_PLACEMENT_3D('',#4730,#3967,#3968);
#3180=AXIS2_PLACEMENT_3D('',#4732,#3969,#3970);
#3181=AXIS2_PLACEMENT_3D('',#4734,#3971,#3972);
#3182=AXIS2_PLACEMENT_3D('',#4736,#3973,#3974);
#3183=AXIS2_PLACEMENT_3D('',#4738,#3975,#3976);
#3184=AXIS2_PLACEMENT_3D('',#4740,#3977,#3978);
#3185=AXIS2_PLACEMENT_3D('',#4741,#3979,#3980);
#3186=AXIS2_PLACEMENT_3D('',#4743,#3981,#3982);
#3187=AXIS2_PLACEMENT_3D('',#4745,#3983,#3984);
#3188=AXIS2_PLACEMENT_3D('',#4747,#3985,#3986);
#3189=AXIS2_PLACEMENT_3D('',#4749,#3987,#3988);
#3190=AXIS2_PLACEMENT_3D('',#4751,#3989,#3990);
#3191=AXIS2_PLACEMENT_3D('',#4753,#3991,#3992);
#3192=AXIS2_PLACEMENT_3D('',#4755,#3993,#3994);
#3193=AXIS2_PLACEMENT_3D('',#4757,#3995,#3996);
#3194=AXIS2_PLACEMENT_3D('',#4758,#3997,#3998);
#3195=AXIS2_PLACEMENT_3D('',#4759,#3999,#4000);
#3196=AXIS2_PLACEMENT_3D('',#4760,#4001,#4002);
#3197=AXIS2_PLACEMENT_3D('',#4761,#4003,#4004);
#3198=AXIS2_PLACEMENT_3D('',#4762,#4005,#4006);
#3199=AXIS2_PLACEMENT_3D('',#4763,#4007,#4008);
#3200=AXIS2_PLACEMENT_3D('',#4764,#4009,#4010);
#3201=AXIS2_PLACEMENT_3D('',#4765,#4011,#4012);
#3202=AXIS2_PLACEMENT_3D('',#4766,#4013,#4014);
#3203=DIRECTION('',(0.,0.,1.));
#3204=DIRECTION('',(1.,0.,0.));
#3205=DIRECTION('',(0.,1.,0.));
#3206=DIRECTION('',(0.,0.,1.));
#3207=DIRECTION('',(0.,-1.,0.));
#3208=DIRECTION('',(0.,0.,-1.));
#3209=DIRECTION('',(-0.707106781186548,0.707106781186548,0.));
#3210=DIRECTION('',(0.707106781186548,0.707106781186548,0.));
#3211=DIRECTION('',(0.707106781186548,0.707106781186548,0.));
#3212=DIRECTION('',(-0.707106781186548,0.707106781186548,0.));
#3213=DIRECTION('',(0.,-1.,0.));
#3214=DIRECTION('',(1.,0.,0.));
#3215=DIRECTION('',(1.,0.,0.));
#3216=DIRECTION('',(0.,1.,0.));
#3217=DIRECTION('',(-1.,0.,0.));
#3218=DIRECTION('',(0.,0.,1.));
#3219=DIRECTION('',(1.,0.,0.));
#3220=DIRECTION('',(0.,0.,-1.));
#3221=DIRECTION('',(-1.,0.,0.));
#3222=DIRECTION('',(0.,0.,1.));
#3223=DIRECTION('',(0.707106781186548,0.707106781186548,0.));
#3224=DIRECTION('',(-0.707106781186548,0.707106781186548,0.));
#3225=DIRECTION('',(0.,-1.,0.));
#3226=DIRECTION('',(1.,0.,0.));
#3227=DIRECTION('',(0.,-1.,0.));
#3228=DIRECTION('',(0.,0.,-1.));
#3229=DIRECTION('',(0.,1.,0.));
#3230=DIRECTION('',(0.,0.,1.));
#3231=DIRECTION('',(-0.707106781186548,0.707106781186548,0.));
#3232=DIRECTION('',(0.707106781186548,0.707106781186548,0.));
#3233=DIRECTION('',(-1.,0.,0.));
#3234=DIRECTION('',(0.,0.,1.));
#3235=DIRECTION('',(1.,0.,0.));
#3236=DIRECTION('',(0.,0.,-1.));
#3237=DIRECTION('',(1.,0.,0.));
#3238=DIRECTION('',(0.,1.,0.));
#3239=DIRECTION('',(-1.,0.,0.));
#3240=DIRECTION('',(0.,0.,1.));
#3241=DIRECTION('',(-1.,0.,0.));
#3242=DIRECTION('',(0.,0.,1.));
#3243=DIRECTION('',(3.21344098783362E-16,-1.,1.46816988249983E-38));
#3244=DIRECTION('',(7.31014454876731E-23,8.80901929499901E-39,-1.));
#3245=DIRECTION('',(1.,0.,0.));
#3246=DIRECTION('',(0.,1.,0.));
#3247=DIRECTION('',(0.,1.,0.));
#3248=DIRECTION('',(0.,0.,-1.));
#3249=DIRECTION('',(0.,1.,0.));
#3250=DIRECTION('',(0.,0.,1.));
#3251=DIRECTION('',(0.,-1.,0.));
#3252=DIRECTION('',(1.,0.,0.));
#3253=DIRECTION('',(0.,-1.,0.));
#3254=DIRECTION('',(0.,0.,-1.));
#3255=DIRECTION('',(0.,-1.,0.));
#3256=DIRECTION('',(0.,0.,-1.));
#3257=DIRECTION('',(0.,-1.,0.));
#3258=DIRECTION('',(0.,0.,-1.));
#3259=DIRECTION('',(0.,-1.,0.));
#3260=DIRECTION('',(0.,0.,-1.));
#3261=DIRECTION('',(0.,-1.,0.));
#3262=DIRECTION('',(0.,0.,-1.));
#3263=DIRECTION('',(0.,-1.,0.));
#3264=DIRECTION('',(0.,0.,-1.));
#3265=DIRECTION('',(0.,-1.,0.));
#3266=DIRECTION('',(0.,0.,-1.));
#3267=DIRECTION('',(0.,-1.,0.));
#3268=DIRECTION('',(0.,0.,-1.));
#3269=DIRECTION('',(0.,-1.,0.));
#3270=DIRECTION('',(0.,0.,-1.));
#3271=DIRECTION('',(0.,-1.,0.));
#3272=DIRECTION('',(0.,0.,-1.));
#3273=DIRECTION('',(0.,-1.,0.));
#3274=DIRECTION('',(0.,0.,-1.));
#3275=DIRECTION('',(0.,-1.,0.));
#3276=DIRECTION('',(0.,0.,-1.));
#3277=DIRECTION('',(0.,-1.,0.));
#3278=DIRECTION('',(0.,0.,-1.));
#3279=DIRECTION('',(0.,-1.,0.));
#3280=DIRECTION('',(0.,0.,-1.));
#3281=DIRECTION('',(0.,-1.,0.));
#3282=DIRECTION('',(0.,0.,-1.));
#3283=DIRECTION('',(0.,-1.,0.));
#3284=DIRECTION('',(0.,0.,-1.));
#3285=DIRECTION('',(-1.,0.,0.));
#3286=DIRECTION('',(0.,0.,1.));
#3287=DIRECTION('',(1.,0.,0.));
#3288=DIRECTION('',(0.,0.,-1.));
#3289=DIRECTION('',(0.,0.,1.));
#3290=DIRECTION('',(1.,0.,0.));
#3291=DIRECTION('',(1.,0.,0.));
#3292=DIRECTION('',(0.,1.,0.));
#3293=DIRECTION('',(0.,1.,0.));
#3294=DIRECTION('',(1.,0.,0.));
#3295=DIRECTION('',(0.,0.,-1.));
#3296=DIRECTION('',(0.,0.,-1.));
#3297=DIRECTION('',(0.,1.,0.));
#3298=DIRECTION('',(0.,0.,-1.));
#3299=DIRECTION('',(-1.,0.,0.));
#3300=DIRECTION('',(-1.,0.,0.));
#3301=DIRECTION('',(0.,1.,0.));
#3302=DIRECTION('',(0.,-1.,0.));
#3303=DIRECTION('',(1.,0.,0.));
#3304=DIRECTION('',(0.,-1.,0.));
#3305=DIRECTION('',(0.,0.,-1.));
#3306=DIRECTION('',(0.,-1.,0.));
#3307=DIRECTION('',(0.,0.,-1.));
#3308=DIRECTION('',(0.,-1.,0.));
#3309=DIRECTION('',(0.,0.,-1.));
#3310=DIRECTION('',(0.,-1.,0.));
#3311=DIRECTION('',(0.,0.,-1.));
#3312=DIRECTION('',(0.,-1.,0.));
#3313=DIRECTION('',(0.,0.,-1.));
#3314=DIRECTION('',(0.,-1.,0.));
#3315=DIRECTION('',(0.,0.,-1.));
#3316=DIRECTION('',(0.,-1.,0.));
#3317=DIRECTION('',(0.,0.,-1.));
#3318=DIRECTION('',(0.,-1.,0.));
#3319=DIRECTION('',(0.,0.,-1.));
#3320=DIRECTION('',(0.,-1.,0.));
#3321=DIRECTION('',(0.,0.,-1.));
#3322=DIRECTION('',(0.,-1.,0.));
#3323=DIRECTION('',(0.,0.,-1.));
#3324=DIRECTION('',(0.,-1.,0.));
#3325=DIRECTION('',(0.,0.,-1.));
#3326=DIRECTION('',(0.,-1.,0.));
#3327=DIRECTION('',(0.,0.,-1.));
#3328=DIRECTION('',(0.,-1.,0.));
#3329=DIRECTION('',(0.,0.,-1.));
#3330=DIRECTION('',(0.,-1.,0.));
#3331=DIRECTION('',(0.,0.,-1.));
#3332=DIRECTION('',(0.,-1.,0.));
#3333=DIRECTION('',(0.,0.,-1.));
#3334=DIRECTION('',(0.,-1.,0.));
#3335=DIRECTION('',(0.,0.,-1.));
#3336=DIRECTION('',(0.,0.,-1.));
#3337=DIRECTION('',(0.,-1.,0.));
#3338=DIRECTION('',(0.,0.,-1.));
#3339=DIRECTION('',(0.,-1.,0.));
#3340=DIRECTION('',(0.,0.,-1.));
#3341=DIRECTION('',(0.,-1.,0.));
#3342=DIRECTION('',(0.,0.,-1.));
#3343=DIRECTION('',(0.,-1.,0.));
#3344=DIRECTION('',(0.,0.,-1.));
#3345=DIRECTION('',(0.,-1.,0.));
#3346=DIRECTION('',(0.,0.,-1.));
#3347=DIRECTION('',(0.,-1.,0.));
#3348=DIRECTION('',(0.,0.,-1.));
#3349=DIRECTION('',(0.,-1.,0.));
#3350=DIRECTION('',(0.,0.,-1.));
#3351=DIRECTION('',(0.,-1.,0.));
#3352=DIRECTION('',(0.,0.,-1.));
#3353=DIRECTION('',(0.,-1.,0.));
#3354=DIRECTION('',(0.,0.,-1.));
#3355=DIRECTION('',(0.,-1.,0.));
#3356=DIRECTION('',(0.,0.,-1.));
#3357=DIRECTION('',(0.,-1.,0.));
#3358=DIRECTION('',(0.,0.,-1.));
#3359=DIRECTION('',(0.,-1.,0.));
#3360=DIRECTION('',(0.,0.,-1.));
#3361=DIRECTION('',(0.,-1.,0.));
#3362=DIRECTION('',(0.,0.,-1.));
#3363=DIRECTION('',(0.,-1.,0.));
#3364=DIRECTION('',(0.,0.,-1.));
#3365=DIRECTION('',(0.,-1.,0.));
#3366=DIRECTION('',(0.,0.,-1.));
#3367=DIRECTION('',(0.,-1.,0.));
#3368=DIRECTION('',(0.,0.,-1.));
#3369=DIRECTION('',(0.,0.,-1.));
#3370=DIRECTION('',(-1.,0.,0.));
#3371=DIRECTION('',(0.,-1.,0.));
#3372=DIRECTION('',(-1.,0.,0.));
#3373=DIRECTION('',(0.,-1.,0.));
#3374=DIRECTION('',(-1.,0.,0.));
#3375=DIRECTION('',(0.,1.,0.));
#3376=DIRECTION('',(0.,0.,1.));
#3377=DIRECTION('',(0.,0.,-1.));
#3378=DIRECTION('',(-1.,0.,0.));
#3379=DIRECTION('',(0.,0.,-1.));
#3380=DIRECTION('',(-1.,0.,0.));
#3381=DIRECTION('',(-1.,0.,0.));
#3382=DIRECTION('',(0.,0.,-1.));
#3383=DIRECTION('',(0.,0.,1.));
#3384=DIRECTION('',(1.,0.,0.));
#3385=DIRECTION('',(0.,1.,0.));
#3386=DIRECTION('',(-1.,0.,0.));
#3387=DIRECTION('',(0.,1.,0.));
#3388=DIRECTION('',(0.,-1.,0.));
#3389=DIRECTION('',(0.,0.,-1.));
#3390=DIRECTION('',(0.,0.,1.));
#3391=DIRECTION('',(0.,0.,1.));
#3392=DIRECTION('',(-1.,0.,0.));
#3393=DIRECTION('',(-1.,0.,0.));
#3394=DIRECTION('',(0.,0.,1.));
#3395=DIRECTION('',(1.,0.,0.));
#3396=DIRECTION('',(0.,1.,0.));
#3397=DIRECTION('',(0.,0.,1.));
#3398=DIRECTION('',(1.,0.,0.));
#3399=DIRECTION('',(0.,0.,1.));
#3400=DIRECTION('',(1.,0.,0.));
#3401=DIRECTION('',(0.,1.,0.));
#3402=DIRECTION('',(1.,0.,0.));
#3403=DIRECTION('',(0.,1.,0.));
#3404=DIRECTION('',(0.,0.,1.));
#3405=DIRECTION('',(1.,0.,0.));
#3406=DIRECTION('',(0.,0.,1.));
#3407=DIRECTION('',(1.,0.,0.));
#3408=DIRECTION('',(0.,1.,0.));
#3409=DIRECTION('',(1.,0.,0.));
#3410=DIRECTION('',(0.,1.,0.));
#3411=DIRECTION('',(0.,0.,-1.));
#3412=DIRECTION('',(-1.,0.,0.));
#3413=DIRECTION('',(-1.,-1.097939061311E-15,1.17435416577061E-15));
#3414=DIRECTION('',(-1.09793906131101E-15,1.,-5.03048357047644E-15));
#3415=DIRECTION('',(0.,0.,-1.));
#3416=DIRECTION('',(-1.,0.,0.));
#3417=DIRECTION('',(0.,0.,1.));
#3418=DIRECTION('',(1.,0.,0.));
#3419=DIRECTION('',(0.,0.,1.));
#3420=DIRECTION('',(1.,0.,0.));
#3421=DIRECTION('',(0.,0.,1.));
#3422=DIRECTION('',(1.,0.,0.));
#3423=DIRECTION('',(0.,0.,-1.));
#3424=DIRECTION('',(-1.,0.,0.));
#3425=DIRECTION('',(-0.184273801259742,-0.982874949405714,0.));
#3426=DIRECTION('',(0.982874949405714,-0.184273801259742,0.));
#3427=DIRECTION('',(-0.982874949405714,0.184273801259742,0.));
#3428=DIRECTION('',(0.,0.,-1.));
#3429=DIRECTION('',(-0.982874949405714,0.184273801259742,0.));
#3430=DIRECTION('',(0.,0.,-1.));
#3431=DIRECTION('',(0.653549742939366,-0.756883566675805,0.));
#3432=DIRECTION('',(0.756883566675805,0.653549742939366,0.));
#3433=DIRECTION('',(-0.756883566675805,-0.653549742939366,0.));
#3434=DIRECTION('',(0.,0.,-1.));
#3435=DIRECTION('',(-0.756883566675805,-0.653549742939366,0.));
#3436=DIRECTION('',(0.999237000719926,0.0390565793720555,0.));
#3437=DIRECTION('',(-0.0390565793720555,0.999237000719926,0.));
#3438=DIRECTION('',(0.0390565793720555,-0.999237000719927,0.));
#3439=DIRECTION('',(0.,0.,-1.));
#3440=DIRECTION('',(0.0390565793720555,-0.999237000719927,0.));
#3441=DIRECTION('',(0.592478416238198,0.805586324543731,0.));
#3442=DIRECTION('',(-0.805586324543731,0.592478416238198,0.));
#3443=DIRECTION('',(0.805586324543731,-0.592478416238198,0.));
#3444=DIRECTION('',(0.,0.,-1.));
#3445=DIRECTION('',(0.805586324543731,-0.592478416238198,0.));
#3446=DIRECTION('',(-0.260428500028066,0.965493136367697,0.));
#3447=DIRECTION('',(-0.965493136367697,-0.260428500028066,0.));
#3448=DIRECTION('',(0.965493136367697,0.260428500028066,0.));
#3449=DIRECTION('',(0.,0.,-1.));
#3450=DIRECTION('',(0.965493136367697,0.260428500028066,0.));
#3451=DIRECTION('',(-0.91722744399993,0.398363924035994,0.));
#3452=DIRECTION('',(-0.398363924035994,-0.91722744399993,0.));
#3453=DIRECTION('',(0.398363924035994,0.91722744399993,0.));
#3454=DIRECTION('',(0.,0.,-1.));
#3455=DIRECTION('',(0.398363924035994,0.91722744399993,0.));
#3456=DIRECTION('',(-0.883335414609752,-0.468741448237957,0.));
#3457=DIRECTION('',(0.468741448237958,-0.883335414609752,0.));
#3458=DIRECTION('',(-0.468741448237958,0.883335414609752,0.));
#3459=DIRECTION('',(-0.468741448237958,0.883335414609752,0.));
#3460=DIRECTION('',(0.,0.,1.));
#3461=DIRECTION('',(1.,0.,0.));
#3462=DIRECTION('',(0.,0.,1.));
#3463=DIRECTION('',(1.,0.,0.));
#3464=DIRECTION('',(0.,0.,1.));
#3465=DIRECTION('',(1.,0.,0.));
#3466=DIRECTION('',(0.,0.,-1.));
#3467=DIRECTION('',(-1.,0.,0.));
#3468=DIRECTION('',(0.,0.,-1.));
#3469=DIRECTION('',(-1.,0.,0.));
#3470=DIRECTION('',(0.,0.,1.));
#3471=DIRECTION('',(1.,0.,0.));
#3472=DIRECTION('',(0.,0.,-1.));
#3473=DIRECTION('',(-1.,0.,0.));
#3474=DIRECTION('',(0.,0.,1.));
#3475=DIRECTION('',(1.,0.,0.));
#3476=DIRECTION('',(0.,0.,1.));
#3477=DIRECTION('',(1.,0.,0.));
#3478=DIRECTION('',(0.,0.,-1.));
#3479=DIRECTION('',(-1.,0.,0.));
#3480=DIRECTION('',(0.,0.,1.));
#3481=DIRECTION('',(1.,0.,0.));
#3482=DIRECTION('',(0.,0.,1.));
#3483=DIRECTION('',(1.,0.,0.));
#3484=DIRECTION('',(0.,0.,1.));
#3485=DIRECTION('',(1.,0.,0.));
#3486=DIRECTION('',(0.,0.,1.));
#3487=DIRECTION('',(1.,0.,0.));
#3488=DIRECTION('',(-1.,-3.24804767412545E-15,-8.98039529781044E-15));
#3489=DIRECTION('',(-8.98039529781047E-15,1.03940340483429E-14,1.));
#3490=DIRECTION('',(0.,1.,0.));
#3491=DIRECTION('',(0.,0.,1.));
#3492=DIRECTION('',(0.,-1.,0.));
#3493=DIRECTION('',(0.,0.,-1.));
#3494=DIRECTION('',(0.,1.,0.));
#3495=DIRECTION('',(0.,-1.,0.));
#3496=DIRECTION('',(0.,0.,-1.));
#3497=DIRECTION('',(0.,1.,0.));
#3498=DIRECTION('',(1.,0.,0.));
#3499=DIRECTION('',(0.,0.,-1.));
#3500=DIRECTION('',(0.,0.,-1.));
#3501=DIRECTION('',(0.,1.,0.));
#3502=DIRECTION('',(0.,0.,-1.));
#3503=DIRECTION('',(0.,1.,0.));
#3504=DIRECTION('',(0.,0.,1.));
#3505=DIRECTION('',(0.,-1.,0.));
#3506=DIRECTION('',(0.,0.,-1.));
#3507=DIRECTION('',(0.,1.,0.));
#3508=DIRECTION('',(0.,-1.,0.));
#3509=DIRECTION('',(0.,0.,-1.));
#3510=DIRECTION('',(0.,0.,1.));
#3511=DIRECTION('',(1.,0.,0.));
#3512=DIRECTION('',(1.,0.,0.));
#3513=DIRECTION('',(0.,1.,0.));
#3514=DIRECTION('',(1.,0.,0.));
#3515=DIRECTION('',(0.,1.,0.));
#3516=DIRECTION('',(0.,0.,1.));
#3517=DIRECTION('',(0.,-1.,0.));
#3518=DIRECTION('',(0.,0.,-1.));
#3519=DIRECTION('',(0.,1.,0.));
#3520=DIRECTION('',(0.,-1.,0.));
#3521=DIRECTION('',(0.,0.,-1.));
#3522=DIRECTION('',(1.,0.,0.));
#3523=DIRECTION('',(0.,0.,-1.));
#3524=DIRECTION('',(0.,0.,-1.));
#3525=DIRECTION('',(0.,1.,0.));
#3526=DIRECTION('',(0.,0.,-1.));
#3527=DIRECTION('',(0.,1.,0.));
#3528=DIRECTION('',(0.,0.,1.));
#3529=DIRECTION('',(0.,-1.,0.));
#3530=DIRECTION('',(0.,0.,-1.));
#3531=DIRECTION('',(0.,1.,0.));
#3532=DIRECTION('',(0.,-1.,0.));
#3533=DIRECTION('',(0.,0.,-1.));
#3534=DIRECTION('',(0.,0.,1.));
#3535=DIRECTION('',(1.,0.,0.));
#3536=DIRECTION('',(1.,0.,0.));
#3537=DIRECTION('',(1.,0.,0.));
#3538=DIRECTION('',(0.,-1.,0.));
#3539=DIRECTION('',(1.,0.,0.));
#3540=DIRECTION('',(0.,-1.,0.));
#3541=DIRECTION('',(0.,0.,-1.));
#3542=DIRECTION('',(0.,-1.,0.));
#3543=DIRECTION('',(0.,0.,-1.));
#3544=DIRECTION('',(0.,-1.,0.));
#3545=DIRECTION('',(0.,0.,-1.));
#3546=DIRECTION('',(0.,-1.,0.));
#3547=DIRECTION('',(0.,0.,-1.));
#3548=DIRECTION('',(0.,-1.,0.));
#3549=DIRECTION('',(0.,0.,-1.));
#3550=DIRECTION('',(0.,-1.,0.));
#3551=DIRECTION('',(0.,0.,-1.));
#3552=DIRECTION('',(0.,-1.,0.));
#3553=DIRECTION('',(0.,0.,-1.));
#3554=DIRECTION('',(0.,-1.,0.));
#3555=DIRECTION('',(0.,0.,-1.));
#3556=DIRECTION('',(0.,-1.,0.));
#3557=DIRECTION('',(0.,0.,-1.));
#3558=DIRECTION('',(0.,-1.,0.));
#3559=DIRECTION('',(0.,0.,-1.));
#3560=DIRECTION('',(0.,-1.,0.));
#3561=DIRECTION('',(0.,0.,-1.));
#3562=DIRECTION('',(0.,-1.,0.));
#3563=DIRECTION('',(0.,0.,-1.));
#3564=DIRECTION('',(0.,-1.,0.));
#3565=DIRECTION('',(0.,0.,-1.));
#3566=DIRECTION('',(0.,-1.,0.));
#3567=DIRECTION('',(0.,0.,-1.));
#3568=DIRECTION('',(0.,-1.,0.));
#3569=DIRECTION('',(0.,0.,-1.));
#3570=DIRECTION('',(0.,-1.,0.));
#3571=DIRECTION('',(0.,0.,-1.));
#3572=DIRECTION('',(0.,-1.,0.));
#3573=DIRECTION('',(0.,0.,-1.));
#3574=DIRECTION('',(0.,-1.,0.));
#3575=DIRECTION('',(0.,0.,-1.));
#3576=DIRECTION('',(0.,-1.,0.));
#3577=DIRECTION('',(0.,0.,-1.));
#3578=DIRECTION('',(0.,-1.,0.));
#3579=DIRECTION('',(0.,0.,-1.));
#3580=DIRECTION('',(0.,-1.,0.));
#3581=DIRECTION('',(0.,0.,-1.));
#3582=DIRECTION('',(0.,-1.,0.));
#3583=DIRECTION('',(0.,0.,-1.));
#3584=DIRECTION('',(0.,-1.,0.));
#3585=DIRECTION('',(0.,0.,-1.));
#3586=DIRECTION('',(0.,-1.,0.));
#3587=DIRECTION('',(0.,0.,-1.));
#3588=DIRECTION('',(0.,-1.,0.));
#3589=DIRECTION('',(0.,0.,-1.));
#3590=DIRECTION('',(0.,-1.,0.));
#3591=DIRECTION('',(0.,0.,-1.));
#3592=DIRECTION('',(0.,-1.,0.));
#3593=DIRECTION('',(0.,0.,-1.));
#3594=DIRECTION('',(0.,-1.,0.));
#3595=DIRECTION('',(0.,0.,-1.));
#3596=DIRECTION('',(0.,-1.,0.));
#3597=DIRECTION('',(0.,0.,-1.));
#3598=DIRECTION('',(0.,-1.,0.));
#3599=DIRECTION('',(0.,0.,-1.));
#3600=DIRECTION('',(0.,-1.,0.));
#3601=DIRECTION('',(0.,0.,-1.));
#3602=DIRECTION('',(0.,-1.,0.));
#3603=DIRECTION('',(0.,0.,-1.));
#3604=DIRECTION('',(0.,-1.,0.));
#3605=DIRECTION('',(0.,0.,-1.));
#3606=DIRECTION('',(0.,-1.,0.));
#3607=DIRECTION('',(0.,0.,-1.));
#3608=DIRECTION('',(0.,-1.,0.));
#3609=DIRECTION('',(0.,0.,-1.));
#3610=DIRECTION('',(0.,-1.,0.));
#3611=DIRECTION('',(0.,0.,-1.));
#3612=DIRECTION('',(0.,-1.,0.));
#3613=DIRECTION('',(0.,0.,-1.));
#3614=DIRECTION('',(0.,-1.,0.));
#3615=DIRECTION('',(0.,0.,-1.));
#3616=DIRECTION('',(0.,-1.,0.));
#3617=DIRECTION('',(1.,0.,0.));
#3618=DIRECTION('',(0.,-1.,0.));
#3619=DIRECTION('',(0.,0.,-1.));
#3620=DIRECTION('',(0.,-1.,0.));
#3621=DIRECTION('',(0.,0.,-1.));
#3622=DIRECTION('',(0.,-1.,0.));
#3623=DIRECTION('',(0.,0.,-1.));
#3624=DIRECTION('',(0.,-1.,0.));
#3625=DIRECTION('',(0.,0.,-1.));
#3626=DIRECTION('',(0.,-1.,0.));
#3627=DIRECTION('',(0.,0.,-1.));
#3628=DIRECTION('',(0.,-1.,0.));
#3629=DIRECTION('',(0.,0.,-1.));
#3630=DIRECTION('',(0.,-1.,0.));
#3631=DIRECTION('',(0.,0.,-1.));
#3632=DIRECTION('',(0.,-1.,0.));
#3633=DIRECTION('',(0.,0.,-1.));
#3634=DIRECTION('',(0.,-1.,0.));
#3635=DIRECTION('',(0.,0.,-1.));
#3636=DIRECTION('',(0.,-1.,0.));
#3637=DIRECTION('',(0.,0.,-1.));
#3638=DIRECTION('',(0.,-1.,0.));
#3639=DIRECTION('',(0.,0.,-1.));
#3640=DIRECTION('',(0.,-1.,0.));
#3641=DIRECTION('',(0.,0.,-1.));
#3642=DIRECTION('',(0.,-1.,0.));
#3643=DIRECTION('',(0.,0.,-1.));
#3644=DIRECTION('',(0.,-1.,0.));
#3645=DIRECTION('',(0.,0.,-1.));
#3646=DIRECTION('',(0.,-1.,0.));
#3647=DIRECTION('',(0.,0.,-1.));
#3648=DIRECTION('',(0.,-1.,0.));
#3649=DIRECTION('',(0.,0.,-1.));
#3650=DIRECTION('',(0.,-1.,0.));
#3651=DIRECTION('',(0.,0.,-1.));
#3652=DIRECTION('',(0.,-1.,0.));
#3653=DIRECTION('',(0.,0.,-1.));
#3654=DIRECTION('',(0.,-1.,0.));
#3655=DIRECTION('',(0.,0.,-1.));
#3656=DIRECTION('',(0.,-1.,0.));
#3657=DIRECTION('',(0.,0.,-1.));
#3658=DIRECTION('',(0.,-1.,0.));
#3659=DIRECTION('',(0.,0.,-1.));
#3660=DIRECTION('',(0.,-1.,0.));
#3661=DIRECTION('',(0.,0.,-1.));
#3662=DIRECTION('',(0.,-1.,0.));
#3663=DIRECTION('',(0.,0.,-1.));
#3664=DIRECTION('',(0.,-1.,0.));
#3665=DIRECTION('',(0.,0.,-1.));
#3666=DIRECTION('',(0.,-1.,0.));
#3667=DIRECTION('',(0.,0.,-1.));
#3668=DIRECTION('',(0.,-1.,0.));
#3669=DIRECTION('',(0.,0.,-1.));
#3670=DIRECTION('',(0.,-1.,0.));
#3671=DIRECTION('',(0.,0.,-1.));
#3672=DIRECTION('',(0.,-1.,0.));
#3673=DIRECTION('',(0.,0.,-1.));
#3674=DIRECTION('',(0.,-1.,0.));
#3675=DIRECTION('',(0.,0.,-1.));
#3676=DIRECTION('',(0.,-1.,0.));
#3677=DIRECTION('',(0.,0.,-1.));
#3678=DIRECTION('',(0.,-1.,0.));
#3679=DIRECTION('',(0.,0.,-1.));
#3680=DIRECTION('',(0.,-1.,0.));
#3681=DIRECTION('',(0.,0.,-1.));
#3682=DIRECTION('',(0.,-1.,0.));
#3683=DIRECTION('',(0.,0.,-1.));
#3684=DIRECTION('',(0.,-1.,0.));
#3685=DIRECTION('',(0.,0.,-1.));
#3686=DIRECTION('',(0.,-1.,0.));
#3687=DIRECTION('',(0.,0.,-1.));
#3688=DIRECTION('',(0.,-1.,0.));
#3689=DIRECTION('',(0.,0.,-1.));
#3690=DIRECTION('',(0.,-1.,0.));
#3691=DIRECTION('',(0.,0.,-1.));
#3692=DIRECTION('',(0.,-1.,0.));
#3693=DIRECTION('',(0.,0.,-1.));
#3694=DIRECTION('',(0.,-1.,0.));
#3695=DIRECTION('',(0.,0.,-1.));
#3696=DIRECTION('',(0.,-1.,0.));
#3697=DIRECTION('',(0.,0.,-1.));
#3698=DIRECTION('',(0.,-1.,0.));
#3699=DIRECTION('',(0.,0.,-1.));
#3700=DIRECTION('',(0.,-1.,0.));
#3701=DIRECTION('',(0.,0.,-1.));
#3702=DIRECTION('',(0.,-1.,0.));
#3703=DIRECTION('',(0.,0.,-1.));
#3704=DIRECTION('',(0.,-1.,0.));
#3705=DIRECTION('',(0.,0.,-1.));
#3706=DIRECTION('',(0.,-1.,0.));
#3707=DIRECTION('',(0.,0.,-1.));
#3708=DIRECTION('',(0.,-1.,0.));
#3709=DIRECTION('',(0.,0.,-1.));
#3710=DIRECTION('',(0.,-1.,0.));
#3711=DIRECTION('',(0.,0.,-1.));
#3712=DIRECTION('',(0.,-1.,0.));
#3713=DIRECTION('',(0.,0.,-1.));
#3714=DIRECTION('',(0.,-1.,0.));
#3715=DIRECTION('',(0.,0.,-1.));
#3716=DIRECTION('',(0.,-1.,0.));
#3717=DIRECTION('',(0.,0.,-1.));
#3718=DIRECTION('',(0.,-1.,0.));
#3719=DIRECTION('',(0.,0.,-1.));
#3720=DIRECTION('',(0.,-1.,0.));
#3721=DIRECTION('',(0.,0.,-1.));
#3722=DIRECTION('',(0.,-1.,0.));
#3723=DIRECTION('',(0.,0.,-1.));
#3724=DIRECTION('',(0.,-1.,0.));
#3725=DIRECTION('',(0.,0.,-1.));
#3726=DIRECTION('',(0.,-1.,0.));
#3727=DIRECTION('',(0.,0.,-1.));
#3728=DIRECTION('',(0.,-1.,0.));
#3729=DIRECTION('',(0.,0.,-1.));
#3730=DIRECTION('',(0.,-1.,0.));
#3731=DIRECTION('',(0.,0.,-1.));
#3732=DIRECTION('',(0.,-1.,0.));
#3733=DIRECTION('',(0.,0.,-1.));
#3734=DIRECTION('',(0.,-1.,0.));
#3735=DIRECTION('',(0.,0.,-1.));
#3736=DIRECTION('',(0.,-1.,0.));
#3737=DIRECTION('',(0.,0.,-1.));
#3738=DIRECTION('',(0.,-1.,0.));
#3739=DIRECTION('',(0.,0.,-1.));
#3740=DIRECTION('',(0.,-1.,0.));
#3741=DIRECTION('',(0.,0.,-1.));
#3742=DIRECTION('',(0.,-1.,0.));
#3743=DIRECTION('',(0.,0.,-1.));
#3744=DIRECTION('',(0.,-1.,0.));
#3745=DIRECTION('',(0.,0.,-1.));
#3746=DIRECTION('',(0.,-1.,0.));
#3747=DIRECTION('',(0.,0.,-1.));
#3748=DIRECTION('',(0.,-1.,0.));
#3749=DIRECTION('',(0.,0.,-1.));
#3750=DIRECTION('',(0.,-1.,0.));
#3751=DIRECTION('',(0.,0.,-1.));
#3752=DIRECTION('',(0.,-1.,0.));
#3753=DIRECTION('',(0.,0.,-1.));
#3754=DIRECTION('',(0.,-1.,0.));
#3755=DIRECTION('',(0.,0.,-1.));
#3756=DIRECTION('',(0.,-1.,0.));
#3757=DIRECTION('',(0.,0.,-1.));
#3758=DIRECTION('',(0.,-1.,0.));
#3759=DIRECTION('',(0.,0.,-1.));
#3760=DIRECTION('',(0.,-1.,0.));
#3761=DIRECTION('',(0.,0.,-1.));
#3762=DIRECTION('',(0.,-1.,0.));
#3763=DIRECTION('',(0.,0.,-1.));
#3764=DIRECTION('',(0.,-1.,0.));
#3765=DIRECTION('',(0.,0.,-1.));
#3766=DIRECTION('',(0.,-1.,0.));
#3767=DIRECTION('',(0.,0.,-1.));
#3768=DIRECTION('',(0.,-1.,0.));
#3769=DIRECTION('',(0.,0.,-1.));
#3770=DIRECTION('',(1.,1.097939061311E-15,-1.17435416577062E-15));
#3771=DIRECTION('',(1.09793906131101E-15,-1.,1.03940340483445E-14));
#3772=DIRECTION('',(-0.707106781186547,0.,-0.707106781186548));
#3773=DIRECTION('',(-0.707106781186548,0.,0.707106781186547));
#3774=DIRECTION('',(0.704456660303224,-0.086496401710458,-0.704456660303224));
#3775=DIRECTION('',(-0.707106781186548,0.,0.707106781186547));
#3776=DIRECTION('',(0.,1.,0.));
#3777=DIRECTION('',(-5.12221498812049E-17,0.,-1.));
#3778=DIRECTION('',(-1.,0.,5.12221498812049E-17));
#3779=DIRECTION('',(-1.,0.,5.12221498812049E-17));
#3780=DIRECTION('',(-5.12221498812049E-17,0.,-1.));
#3781=DIRECTION('',(-1.,0.,5.12221498812049E-17));
#3782=DIRECTION('',(-5.12221498812049E-17,0.,-1.));
#3783=DIRECTION('',(0.992546151641322,-0.121869343405147,-5.0840347743385E-17));
#3784=DIRECTION('',(1.,0.,-5.12221498812049E-17));
#3785=DIRECTION('',(0.,1.,0.));
#3786=DIRECTION('',(1.,0.,-7.45049452817527E-16));
#3787=DIRECTION('',(-7.45049452817527E-16,0.,-1.));
#3788=DIRECTION('',(7.39495967176509E-16,0.121869343405148,0.992546151641322));
#3789=DIRECTION('',(-7.45049452817527E-16,0.,-1.));
#3790=DIRECTION('',(0.,1.,0.));
#3791=DIRECTION('',(-7.45049452817527E-16,0.,-1.));
#3792=DIRECTION('',(1.82123199577617E-16,0.,1.));
#3793=DIRECTION('',(1.,0.,-1.82123199577617E-16));
#3794=DIRECTION('',(1.,0.,-1.82123199577617E-16));
#3795=DIRECTION('',(0.,1.,0.));
#3796=DIRECTION('',(1.,0.,-1.82123199577617E-16));
#3797=DIRECTION('',(1.,0.,-7.45049452817526E-16));
#3798=DIRECTION('',(-7.45049452817526E-16,0.,-1.));
#3799=DIRECTION('',(-7.45049452817526E-16,0.,-1.));
#3800=DIRECTION('',(-7.39495967176508E-16,-0.121869343405148,-0.992546151641322));
#3801=DIRECTION('',(0.,1.,0.));
#3802=DIRECTION('',(-7.45049452817526E-16,0.,-1.));
#3803=DIRECTION('',(-5.12221498812049E-17,0.,-1.));
#3804=DIRECTION('',(-1.,0.,5.12221498812049E-17));
#3805=DIRECTION('',(-5.12221498812049E-17,0.,-1.));
#3806=DIRECTION('',(0.992546151641322,0.121869343405148,-5.0840347743385E-17));
#3807=DIRECTION('',(-5.12221498812049E-17,0.,-1.));
#3808=DIRECTION('',(-1.,0.,5.12221498812049E-17));
#3809=DIRECTION('',(-1.,0.,5.12221498812049E-17));
#3810=DIRECTION('',(1.,0.,-5.12221498812049E-17));
#3811=DIRECTION('',(0.707106781186548,0.,-0.707106781186548));
#3812=DIRECTION('',(-0.707106781186548,0.,-0.707106781186548));
#3813=DIRECTION('',(0.,1.,0.));
#3814=DIRECTION('',(-0.707106781186548,0.,-0.707106781186548));
#3815=DIRECTION('',(0.704456660303224,0.086496401710458,0.704456660303224));
#3816=DIRECTION('',(0.,1.,0.));
#3817=DIRECTION('',(0.,0.,1.));
#3818=DIRECTION('',(0.,-1.,0.));
#3819=DIRECTION('',(0.,0.,-1.));
#3820=DIRECTION('',(-6.2424097738225E-18,0.992546151641322,-0.121869343405148));
#3821=DIRECTION('',(5.0840347743385E-17,0.121869343405148,0.992546151641322));
#3822=DIRECTION('',(0.,-1.,0.));
#3823=DIRECTION('',(1.,0.,0.));
#3824=DIRECTION('',(0.,1.,0.));
#3825=DIRECTION('',(0.,0.,1.));
#3826=DIRECTION('',(0.,1.,0.));
#3827=DIRECTION('',(0.,0.,1.));
#3828=DIRECTION('',(0.,1.,0.));
#3829=DIRECTION('',(0.,0.,1.));
#3830=DIRECTION('',(0.,1.,0.));
#3831=DIRECTION('',(0.,0.,1.));
#3832=DIRECTION('',(0.,1.,0.));
#3833=DIRECTION('',(0.,0.,1.));
#3834=DIRECTION('',(0.,1.,0.));
#3835=DIRECTION('',(0.,0.,1.));
#3836=DIRECTION('',(-0.707106781186548,0.,0.707106781186547));
#3837=DIRECTION('',(-0.707106781186548,0.,-0.707106781186548));
#3838=DIRECTION('',(0.,-1.,0.));
#3839=DIRECTION('',(1.,0.,0.));
#3840=DIRECTION('',(0.,1.,0.));
#3841=DIRECTION('',(0.,0.,1.));
#3842=DIRECTION('',(-1.,0.,5.12221498812049E-17));
#3843=DIRECTION('',(-1.,0.,5.12221498812049E-17));
#3844=DIRECTION('',(0.,1.,0.));
#3845=DIRECTION('',(0.,0.,1.));
#3846=DIRECTION('',(-1.,0.,5.12221498812049E-17));
#3847=DIRECTION('',(0.,1.,0.));
#3848=DIRECTION('',(0.,0.,1.));
#3849=DIRECTION('',(-6.2424097738225E-18,0.992546151641322,-0.121869343405148));
#3850=DIRECTION('',(5.0840347743385E-17,0.121869343405148,0.992546151641322));
#3851=DIRECTION('',(0.,1.,0.));
#3852=DIRECTION('',(0.,0.,1.));
#3853=DIRECTION('',(-6.2424097738225E-18,0.992546151641322,-0.121869343405148));
#3854=DIRECTION('',(5.0840347743385E-17,0.121869343405148,0.992546151641322));
#3855=DIRECTION('',(0.,1.,0.));
#3856=DIRECTION('',(0.,0.,1.));
#3857=DIRECTION('',(-6.2424097738225E-18,0.992546151641322,-0.121869343405148));
#3858=DIRECTION('',(5.0840347743385E-17,0.121869343405148,0.992546151641322));
#3859=DIRECTION('',(0.,1.,0.));
#3860=DIRECTION('',(0.,0.,1.));
#3861=DIRECTION('',(-6.2424097738225E-18,0.992546151641322,-0.121869343405148));
#3862=DIRECTION('',(5.0840347743385E-17,0.121869343405148,0.992546151641322));
#3863=DIRECTION('',(0.,1.,0.));
#3864=DIRECTION('',(0.,0.,1.));
#3865=DIRECTION('',(-6.2424097738225E-18,0.992546151641322,-0.121869343405148));
#3866=DIRECTION('',(5.0840347743385E-17,0.121869343405148,0.992546151641322));
#3867=DIRECTION('',(0.,1.,0.));
#3868=DIRECTION('',(0.,0.,1.));
#3869=DIRECTION('',(-6.2424097738225E-18,0.992546151641322,-0.121869343405148));
#3870=DIRECTION('',(5.0840347743385E-17,0.121869343405148,0.992546151641322));
#3871=DIRECTION('',(-6.2424097738225E-18,0.992546151641322,-0.121869343405148));
#3872=DIRECTION('',(1.,0.,-5.12221498812049E-17));
#3873=DIRECTION('',(0.704456660303224,0.086496401710458,0.704456660303224));
#3874=DIRECTION('',(0.704456660303224,-0.086496401710458,-0.704456660303224));
#3875=DIRECTION('',(0.704456660303224,-0.086496401710458,-0.704456660303223));
#3876=DIRECTION('',(-0.707106781186547,0.,-0.707106781186548));
#3877=DIRECTION('',(-0.0306097896722809,-0.999062601418168,0.0306097896722809));
#3878=DIRECTION('',(-0.70644394029266,0.0432887796959252,0.706443940292659));
#3879=DIRECTION('',(-0.707106781186548,0.,0.707106781186547));
#3880=DIRECTION('',(0.707106781186547,0.,0.707106781186548));
#3881=DIRECTION('',(0.704456660303224,0.086496401710458,0.704456660303224));
#3882=DIRECTION('',(0.707106781186548,0.,-0.707106781186548));
#3883=DIRECTION('',(-0.0306097896722796,0.999062601418168,-0.0306097896722796));
#3884=DIRECTION('',(0.70644394029266,0.0432887796959252,0.70644394029266));
#3885=DIRECTION('',(-0.707106781186548,0.,-0.707106781186548));
#3886=DIRECTION('',(-0.707106781186548,0.,0.707106781186548));
#3887=DIRECTION('',(7.60758380401622E-19,0.992546151641322,-0.121869343405147));
#3888=DIRECTION('',(-1.,1.5011507629845E-32,-6.24240977382238E-18));
#3889=DIRECTION('',(0.,-1.,-4.44089209850063E-16));
#3890=DIRECTION('',(1.,0.,0.));
#3891=DIRECTION('',(-0.600108250499055,-0.799918800681022,0.));
#3892=DIRECTION('',(0.799918800681022,-0.600108250499055,0.));
#3893=DIRECTION('',(-0.799918800681022,0.600108250499055,0.));
#3894=DIRECTION('',(0.,0.,-1.));
#3895=DIRECTION('',(-0.799918800681022,0.600108250499055,0.));
#3896=DIRECTION('',(0.,0.,-1.));
#3897=DIRECTION('',(0.392695877105018,-0.919668390293327,0.));
#3898=DIRECTION('',(0.919668390293328,0.392695877105019,0.));
#3899=DIRECTION('',(-0.919668390293328,-0.392695877105018,0.));
#3900=DIRECTION('',(0.,0.,-1.));
#3901=DIRECTION('',(-0.919668390293328,-0.392695877105018,0.));
#3902=DIRECTION('',(0.992804127604073,-0.119749589612306,0.));
#3903=DIRECTION('',(0.119749589612306,0.992804127604073,0.));
#3904=DIRECTION('',(-0.119749589612306,-0.992804127604073,0.));
#3905=DIRECTION('',(0.,0.,-1.));
#3906=DIRECTION('',(-0.119749589612306,-0.992804127604073,0.));
#3907=DIRECTION('',(0.600108250499055,0.799918800681021,0.));
#3908=DIRECTION('',(-0.799918800681021,0.600108250499055,0.));
#3909=DIRECTION('',(0.799918800681021,-0.600108250499055,0.));
#3910=DIRECTION('',(0.,0.,-1.));
#3911=DIRECTION('',(0.799918800681021,-0.600108250499055,0.));
#3912=DIRECTION('',(-0.392695877105019,0.919668390293328,0.));
#3913=DIRECTION('',(-0.919668390293328,-0.392695877105019,0.));
#3914=DIRECTION('',(0.919668390293328,0.392695877105019,0.));
#3915=DIRECTION('',(0.,0.,-1.));
#3916=DIRECTION('',(0.919668390293328,0.392695877105019,0.));
#3917=DIRECTION('',(-0.992804127604073,0.119749589612307,0.));
#3918=DIRECTION('',(-0.119749589612307,-0.992804127604073,0.));
#3919=DIRECTION('',(0.119749589612307,0.992804127604073,0.));
#3920=DIRECTION('',(0.119749589612307,0.992804127604073,0.));
#3921=DIRECTION('',(0.,0.,1.));
#3922=DIRECTION('',(1.,0.,0.));
#3923=DIRECTION('',(0.,0.,1.));
#3924=DIRECTION('',(1.,0.,0.));
#3925=DIRECTION('',(0.,0.,1.));
#3926=DIRECTION('',(1.,0.,0.));
#3927=DIRECTION('',(0.,0.,-1.));
#3928=DIRECTION('',(-1.,0.,0.));
#3929=DIRECTION('',(0.,0.,1.));
#3930=DIRECTION('',(1.,0.,0.));
#3931=DIRECTION('',(0.,0.,1.));
#3932=DIRECTION('',(1.,0.,0.));
#3933=DIRECTION('',(0.,0.,1.));
#3934=DIRECTION('',(1.,0.,0.));
#3935=DIRECTION('',(0.,0.,-1.));
#3936=DIRECTION('',(-1.,0.,0.));
#3937=DIRECTION('',(-1.29387116394776E-22,-1.42269370591742E-22,1.));
#3938=DIRECTION('',(0.843643134032386,0.536904332632931,1.85541593850368E-22));
#3939=DIRECTION('',(-5.12221498812049E-17,0.,-1.));
#3940=DIRECTION('',(-1.,0.,5.12221498812049E-17));
#3941=DIRECTION('',(-1.,0.,5.12221498812049E-17));
#3942=DIRECTION('',(0.,1.,0.));
#3943=DIRECTION('',(-1.,0.,5.12221498812049E-17));
#3944=DIRECTION('',(0.,1.,0.));
#3945=DIRECTION('',(1.,0.,-7.45049452817527E-16));
#3946=DIRECTION('',(-7.45049452817527E-16,0.,-1.));
#3947=DIRECTION('',(-7.45049452817527E-16,0.,-1.));
#3948=DIRECTION('',(0.,1.,0.));
#3949=DIRECTION('',(-7.45049452817527E-16,0.,-1.));
#3950=DIRECTION('',(-3.64246399155235E-16,0.,-1.));
#3951=DIRECTION('',(-1.,0.,3.64246399155235E-16));
#3952=DIRECTION('',(-1.,0.,3.64246399155235E-16));
#3953=DIRECTION('',(0.,1.,0.));
#3954=DIRECTION('',(-1.,0.,3.64246399155235E-16));
#3955=DIRECTION('',(1.,0.,-7.45049452817526E-16));
#3956=DIRECTION('',(-7.45049452817526E-16,0.,-1.));
#3957=DIRECTION('',(-7.45049452817526E-16,0.,-1.));
#3958=DIRECTION('',(-7.45049452817526E-16,0.,-1.));
#3959=DIRECTION('',(0.,-1.,0.));
#3960=DIRECTION('',(1.,0.,0.));
#3961=DIRECTION('',(0.,-1.,0.));
#3962=DIRECTION('',(0.,0.,-1.));
#3963=DIRECTION('',(0.,-1.,0.));
#3964=DIRECTION('',(0.,0.,-1.));
#3965=DIRECTION('',(0.,-1.,0.));
#3966=DIRECTION('',(0.,0.,-1.));
#3967=DIRECTION('',(0.,-1.,0.));
#3968=DIRECTION('',(0.,0.,-1.));
#3969=DIRECTION('',(0.,-1.,0.));
#3970=DIRECTION('',(0.,0.,-1.));
#3971=DIRECTION('',(0.,-1.,0.));
#3972=DIRECTION('',(0.,0.,-1.));
#3973=DIRECTION('',(0.,-1.,0.));
#3974=DIRECTION('',(0.,0.,-1.));
#3975=DIRECTION('',(0.,-1.,0.));
#3976=DIRECTION('',(0.,0.,-1.));
#3977=DIRECTION('',(0.,-1.,0.));
#3978=DIRECTION('',(1.,0.,0.));
#3979=DIRECTION('',(0.,-1.,0.));
#3980=DIRECTION('',(0.,0.,-1.));
#3981=DIRECTION('',(0.,-1.,0.));
#3982=DIRECTION('',(0.,0.,-1.));
#3983=DIRECTION('',(0.,-1.,0.));
#3984=DIRECTION('',(0.,0.,-1.));
#3985=DIRECTION('',(0.,-1.,0.));
#3986=DIRECTION('',(0.,0.,-1.));
#3987=DIRECTION('',(0.,-1.,0.));
#3988=DIRECTION('',(0.,0.,-1.));
#3989=DIRECTION('',(0.,-1.,0.));
#3990=DIRECTION('',(0.,0.,-1.));
#3991=DIRECTION('',(0.,-1.,0.));
#3992=DIRECTION('',(0.,0.,-1.));
#3993=DIRECTION('',(0.,-1.,0.));
#3994=DIRECTION('',(0.,0.,-1.));
#3995=DIRECTION('',(0.,-1.,0.));
#3996=DIRECTION('',(0.,0.,-1.));
#3997=DIRECTION('',(0.,-1.,0.));
#3998=DIRECTION('',(0.,0.,-1.));
#3999=DIRECTION('',(0.,-1.,0.));
#4000=DIRECTION('',(0.,0.,-1.));
#4001=DIRECTION('',(0.,-1.,0.));
#4002=DIRECTION('',(0.,0.,-1.));
#4003=DIRECTION('',(0.,-1.,0.));
#4004=DIRECTION('',(0.,0.,-1.));
#4005=DIRECTION('',(0.,-1.,0.));
#4006=DIRECTION('',(0.,0.,-1.));
#4007=DIRECTION('',(0.,-1.,0.));
#4008=DIRECTION('',(0.,0.,-1.));
#4009=DIRECTION('',(0.,-1.,0.));
#4010=DIRECTION('',(0.,0.,-1.));
#4011=DIRECTION('',(0.,1.,8.32667268468867E-17));
#4012=DIRECTION('',(1.,0.,0.));
#4013=DIRECTION('',(-0.805293746586195,-0.592876025581377,-1.85125464976233E-22));
#4014=DIRECTION('',(1.56444256378134E-22,9.97542168577314E-23,-1.));
#4015=CARTESIAN_POINT('',(0.,0.,0.));
#4016=CARTESIAN_POINT('',(0.,-0.1524,7.77650717458569E-19));
#4017=CARTESIAN_POINT('',(0.,-0.1524,7.77650717458569E-19));
#4018=CARTESIAN_POINT('',(0.,-0.1524,-0.0127));
#4019=CARTESIAN_POINT('',(1.7347234759768E-18,0.,7.77650717458569E-19));
#4020=CARTESIAN_POINT('',(1.7347234759768E-18,0.,-0.0127));
#4021=CARTESIAN_POINT('',(1.7347234759768E-18,0.,0.0127));
#4022=CARTESIAN_POINT('',(1.7347234759768E-18,0.,7.77650717458569E-19));
#4023=CARTESIAN_POINT('',(0.,-0.1524,0.));
#4024=CARTESIAN_POINT('',(-0.01397,0.,0.));
#4025=CARTESIAN_POINT('',(-0.01397,0.,7.77650717458569E-19));
#4026=CARTESIAN_POINT('',(-0.01397,0.,0.0032639));
#4027=CARTESIAN_POINT('',(-0.01397,0.,7.77650717458569E-19));
#4028=CARTESIAN_POINT('',(-0.01397,0.,-0.0127));
#4029=CARTESIAN_POINT('',(0.01397,0.,7.77650717458569E-19));
#4030=CARTESIAN_POINT('',(1.7347234759768E-18,0.,7.77650717458569E-19));
#4031=CARTESIAN_POINT('',(0.,0.1524,0.));
#4032=CARTESIAN_POINT('',(0.,0.1524,7.77650717458569E-19));
#4033=CARTESIAN_POINT('',(0.,0.1524,-0.0127));
#4034=CARTESIAN_POINT('',(0.,-0.1524,7.77650717458569E-19));
#4035=CARTESIAN_POINT('',(1.7347234759768E-18,0.,7.77650717458569E-19));
#4036=CARTESIAN_POINT('',(0.01397,0.,7.77650717458569E-19));
#4037=CARTESIAN_POINT('',(0.01397,0.,7.77650717458569E-19));
#4038=CARTESIAN_POINT('',(0.01397,0.,-0.0127));
#4039=CARTESIAN_POINT('',(0.01397,0.,0.));
#4040=CARTESIAN_POINT('',(0.01397,0.,7.77650717458569E-19));
#4041=CARTESIAN_POINT('',(0.01397,0.,0.0032639));
#4042=CARTESIAN_POINT('',(0.01397,0.,7.77650717458569E-19));
#4043=CARTESIAN_POINT('',(-1.0212271932129E-24,7.77650717458569E-19,0.01397));
#4044=CARTESIAN_POINT('',(0.04445,-0.003175,3.46944695195361E-18));
#4045=CARTESIAN_POINT('',(0.04445,-0.003175,0.0127));
#4046=CARTESIAN_POINT('',(0.04445,-0.0127,0.0127));
#4047=CARTESIAN_POINT('',(0.04445,0.00635,0.0127));
#4048=CARTESIAN_POINT('',(0.04445,-0.0127,3.46944695195361E-18));
#4049=CARTESIAN_POINT('',(0.04445,-0.0127,-0.0127));
#4050=CARTESIAN_POINT('',(0.04445,-0.003175,-0.0127));
#4051=CARTESIAN_POINT('',(0.04445,0.00635,-0.0127));
#4052=CARTESIAN_POINT('',(0.04445,0.00635,3.46944695195361E-18));
#4053=CARTESIAN_POINT('',(1.38777878078145E-17,-0.00635,0.));
#4054=CARTESIAN_POINT('',(-0.02286,-0.00635,-0.00635));
#4055=CARTESIAN_POINT('',(-0.02286,-0.00635,-0.0096139));
#4056=CARTESIAN_POINT('',(-0.0127,-0.00635,0.00635));
#4057=CARTESIAN_POINT('',(-0.0127,-0.00635,0.0030861));
#4058=CARTESIAN_POINT('',(-0.0127,-0.00635,-0.00635));
#4059=CARTESIAN_POINT('',(-0.0127,-0.00635,-0.0096139));
#4060=CARTESIAN_POINT('',(-0.00254,-0.00635,-0.00635));
#4061=CARTESIAN_POINT('',(-0.00254,-0.00635,-0.0096139));
#4062=CARTESIAN_POINT('',(-0.03302,-0.00635,-0.00635));
#4063=CARTESIAN_POINT('',(-0.03302,-0.00635,-0.0096139));
#4064=CARTESIAN_POINT('',(-0.04318,-0.00635,-0.00635));
#4065=CARTESIAN_POINT('',(-0.04318,-0.00635,-0.0096139));
#4066=CARTESIAN_POINT('',(-0.02286,-0.00635,0.00635));
#4067=CARTESIAN_POINT('',(-0.02286,-0.00635,0.0030861));
#4068=CARTESIAN_POINT('',(-0.03302,-0.00635,0.00635));
#4069=CARTESIAN_POINT('',(-0.03302,-0.00635,0.0030861));
#4070=CARTESIAN_POINT('',(0.02794,-0.00635,0.00635));
#4071=CARTESIAN_POINT('',(0.02794,-0.00635,0.0030861));
#4072=CARTESIAN_POINT('',(0.02794,-0.00635,-0.00635));
#4073=CARTESIAN_POINT('',(0.02794,-0.00635,-0.0096139));
#4074=CARTESIAN_POINT('',(0.01778,-0.00635,-0.00635));
#4075=CARTESIAN_POINT('',(0.01778,-0.00635,-0.0096139));
#4076=CARTESIAN_POINT('',(-0.00254,-0.00635,0.00635));
#4077=CARTESIAN_POINT('',(-0.00254,-0.00635,0.0030861));
#4078=CARTESIAN_POINT('',(0.00762,-0.00635,0.00635));
#4079=CARTESIAN_POINT('',(0.00762,-0.00635,0.0030861));
#4080=CARTESIAN_POINT('',(0.00762,-0.00635,-0.00635));
#4081=CARTESIAN_POINT('',(0.00762,-0.00635,-0.0096139));
#4082=CARTESIAN_POINT('',(0.01778,-0.00635,0.00635));
#4083=CARTESIAN_POINT('',(0.01778,-0.00635,0.0030861));
#4084=CARTESIAN_POINT('',(-0.04318,-0.00635,0.00635));
#4085=CARTESIAN_POINT('',(-0.04318,-0.00635,0.0030861));
#4086=CARTESIAN_POINT('',(-0.0444789473682642,-0.00635,-0.0127));
#4087=CARTESIAN_POINT('',(0.0381,-0.00635,-0.0127));
#4088=CARTESIAN_POINT('',(-0.0508,-0.00635,-0.0127));
#4089=CARTESIAN_POINT('',(0.0381,-0.00635,0.));
#4090=CARTESIAN_POINT('',(0.0381,-0.00635,0.0127));
#4091=CARTESIAN_POINT('',(-2.89473682641809E-5,-0.00635,0.0127));
#4092=CARTESIAN_POINT('',(-0.0508,-0.00635,0.0127));
#4093=CARTESIAN_POINT('',(-0.0508,-0.00635,0.));
#4094=CARTESIAN_POINT('',(-2.89473682641809E-5,-0.00635,0.0127));
#4095=CARTESIAN_POINT('',(-2.89473682641809E-5,0.,0.0127));
#4096=CARTESIAN_POINT('',(-0.0508,0.,0.0127));
#4097=CARTESIAN_POINT('',(0.0381,0.,0.0127));
#4098=CARTESIAN_POINT('',(-0.0508,-0.00635,0.0127));
#4099=CARTESIAN_POINT('',(0.0381,-0.00635,0.0127));
#4100=CARTESIAN_POINT('',(-0.0508,-0.00635,0.));
#4101=CARTESIAN_POINT('',(-0.0508,0.,0.));
#4102=CARTESIAN_POINT('',(-0.0508,0.,-0.0127));
#4103=CARTESIAN_POINT('',(-0.0508,-0.00635,-0.0127));
#4104=CARTESIAN_POINT('',(-0.0444789473682642,-0.00635,-0.0127));
#4105=CARTESIAN_POINT('',(-0.0444789473682642,0.,-0.0127));
#4106=CARTESIAN_POINT('',(0.0381,0.,-0.0127));
#4107=CARTESIAN_POINT('',(0.0381,-0.00635,-0.0127));
#4108=CARTESIAN_POINT('',(1.38777878078145E-17,0.,0.));
#4109=CARTESIAN_POINT('',(-0.02286,0.,-0.00635));
#4110=CARTESIAN_POINT('',(-0.02286,0.,-0.0096139));
#4111=CARTESIAN_POINT('',(-0.0127,0.,0.00635));
#4112=CARTESIAN_POINT('',(-0.0127,0.,0.0030861));
#4113=CARTESIAN_POINT('',(-0.0127,0.,-0.00635));
#4114=CARTESIAN_POINT('',(-0.0127,0.,-0.0096139));
#4115=CARTESIAN_POINT('',(-0.00254,0.,-0.00635));
#4116=CARTESIAN_POINT('',(-0.00254,0.,-0.0096139));
#4117=CARTESIAN_POINT('',(-0.03302,0.,-0.00635));
#4118=CARTESIAN_POINT('',(-0.03302,0.,-0.0096139));
#4119=CARTESIAN_POINT('',(-0.04318,0.,-0.00635));
#4120=CARTESIAN_POINT('',(-0.04318,0.,-0.0096139));
#4121=CARTESIAN_POINT('',(-0.02286,0.,0.00635));
#4122=CARTESIAN_POINT('',(-0.02286,0.,0.0030861));
#4123=CARTESIAN_POINT('',(-0.03302,0.,0.00635));
#4124=CARTESIAN_POINT('',(-0.03302,0.,0.0030861));
#4125=CARTESIAN_POINT('',(0.02794,0.,0.00635));
#4126=CARTESIAN_POINT('',(0.02794,0.,0.0030861));
#4127=CARTESIAN_POINT('',(0.02794,0.,-0.00635));
#4128=CARTESIAN_POINT('',(0.02794,0.,-0.0096139));
#4129=CARTESIAN_POINT('',(0.01778,0.,-0.00635));
#4130=CARTESIAN_POINT('',(0.01778,0.,-0.0096139));
#4131=CARTESIAN_POINT('',(-0.00254,0.,0.00635));
#4132=CARTESIAN_POINT('',(-0.00254,0.,0.0030861));
#4133=CARTESIAN_POINT('',(0.00762,0.,0.00635));
#4134=CARTESIAN_POINT('',(0.00762,0.,0.0030861));
#4135=CARTESIAN_POINT('',(0.00762,0.,-0.00635));
#4136=CARTESIAN_POINT('',(0.00762,0.,-0.0096139));
#4137=CARTESIAN_POINT('',(0.01778,0.,0.00635));
#4138=CARTESIAN_POINT('',(0.01778,0.,0.0030861));
#4139=CARTESIAN_POINT('',(-0.04318,0.,0.00635));
#4140=CARTESIAN_POINT('',(-0.04318,0.,0.0030861));
#4141=CARTESIAN_POINT('',(0.0381,0.,0.));
#4142=CARTESIAN_POINT('',(-0.04318,0.,0.00635));
#4143=CARTESIAN_POINT('',(0.01778,0.,0.00635));
#4144=CARTESIAN_POINT('',(0.00762,0.,-0.00635));
#4145=CARTESIAN_POINT('',(0.00762,0.,0.00635));
#4146=CARTESIAN_POINT('',(-0.00254,0.,0.00635));
#4147=CARTESIAN_POINT('',(0.01778,0.,-0.00635));
#4148=CARTESIAN_POINT('',(0.02794,0.,-0.00635));
#4149=CARTESIAN_POINT('',(0.02794,0.,0.00635));
#4150=CARTESIAN_POINT('',(-0.03302,0.,0.00635));
#4151=CARTESIAN_POINT('',(-0.02286,0.,0.00635));
#4152=CARTESIAN_POINT('',(-0.04318,0.,-0.00635));
#4153=CARTESIAN_POINT('',(-0.03302,0.,-0.00635));
#4154=CARTESIAN_POINT('',(-0.00254,0.,-0.00635));
#4155=CARTESIAN_POINT('',(-0.0127,0.,-0.00635));
#4156=CARTESIAN_POINT('',(-0.0127,0.,0.00635));
#4157=CARTESIAN_POINT('',(-0.02286,0.,-0.00635));
#4158=CARTESIAN_POINT('',(0.04445,-0.003175,0.01905));
#4159=CARTESIAN_POINT('',(0.0381,-0.003175,0.01905));
#4160=CARTESIAN_POINT('',(0.0381,0.00635,0.01905));
#4161=CARTESIAN_POINT('',(0.0381,-0.0127,0.01905));
#4162=CARTESIAN_POINT('',(0.04445,-0.0127,0.01905));
#4163=CARTESIAN_POINT('',(0.0635,-0.0127,0.01905));
#4164=CARTESIAN_POINT('',(0.0635,-0.003175,0.01905));
#4165=CARTESIAN_POINT('',(0.0635,0.00635,0.01905));
#4166=CARTESIAN_POINT('',(0.04445,0.00635,0.01905));
#4167=CARTESIAN_POINT('',(0.04445,-0.0127,3.46944695195361E-18));
#4168=CARTESIAN_POINT('',(0.0381,-0.0127,3.46944695195361E-18));
#4169=CARTESIAN_POINT('',(0.0381,-0.0127,-0.01905));
#4170=CARTESIAN_POINT('',(0.04445,-0.0127,-0.01905));
#4171=CARTESIAN_POINT('',(0.0635,-0.0127,-0.01905));
#4172=CARTESIAN_POINT('',(0.0635,-0.0127,3.46944695195361E-18));
#4173=CARTESIAN_POINT('',(0.0635,-0.0127,-0.0127));
#4174=CARTESIAN_POINT('',(0.0635,-0.0127,-0.0127));
#4175=CARTESIAN_POINT('',(0.0635,-0.0127,0.0127));
#4176=CARTESIAN_POINT('',(0.0635,-0.0127,0.0127));
#4177=CARTESIAN_POINT('',(0.0635,-0.0127,3.46944695195361E-18));
#4178=CARTESIAN_POINT('',(0.04445,-0.003175,-0.01905));
#4179=CARTESIAN_POINT('',(0.0381,-0.003175,-0.01905));
#4180=CARTESIAN_POINT('',(0.0381,0.00635,-0.01905));
#4181=CARTESIAN_POINT('',(0.04445,0.00635,-0.01905));
#4182=CARTESIAN_POINT('',(0.0635,0.00635,-0.01905));
#4183=CARTESIAN_POINT('',(0.0635,-0.003175,-0.01905));
#4184=CARTESIAN_POINT('',(0.04445,0.00635,3.46944695195361E-18));
#4185=CARTESIAN_POINT('',(0.0381,0.00635,3.46944695195361E-18));
#4186=CARTESIAN_POINT('',(0.0635,0.00635,3.46944695195361E-18));
#4187=CARTESIAN_POINT('',(0.0635,0.00635,0.0127));
#4188=CARTESIAN_POINT('',(0.0635,0.00635,0.0127));
#4189=CARTESIAN_POINT('',(0.0635,0.00635,-0.0127));
#4190=CARTESIAN_POINT('',(0.0635,0.00635,-0.0127));
#4191=CARTESIAN_POINT('',(0.0635,0.00635,3.46944695195361E-18));
#4192=CARTESIAN_POINT('',(0.0381,-0.003175,3.46944695195361E-18));
#4193=CARTESIAN_POINT('',(0.0635,-0.003175,-0.0127));
#4194=CARTESIAN_POINT('',(0.05969,-0.003175,-0.0127));
#4195=CARTESIAN_POINT('',(0.062865,-0.003175,-0.0127));
#4196=CARTESIAN_POINT('',(0.0635,-0.003175,-0.0127));
#4197=CARTESIAN_POINT('',(0.0635,-0.003175,0.));
#4198=CARTESIAN_POINT('',(0.0635,-0.003175,0.0127));
#4199=CARTESIAN_POINT('',(0.05969,-0.003175,0.0127));
#4200=CARTESIAN_POINT('',(0.062865,-0.003175,0.0127));
#4201=CARTESIAN_POINT('',(0.0635,-0.003175,0.0127));
#4202=CARTESIAN_POINT('',(0.0635,-0.003175,0.));
#4203=CARTESIAN_POINT('',(0.05969,-0.003175,0.019052));
#4204=CARTESIAN_POINT('',(0.00399195959900693,0.206414508235759,0.00702944906150698));
#4205=CARTESIAN_POINT('',(0.,1.86636172190057E-19,0.06604));
#4206=CARTESIAN_POINT('',(0.,1.86636172190057E-19,0.00254));
#4207=CARTESIAN_POINT('',(0.003048,1.86636172190057E-19,0.00254));
#4208=CARTESIAN_POINT('',(0.,1.86636172190057E-19,0.06604));
#4209=CARTESIAN_POINT('',(0.003048,1.86636172190057E-19,0.06604));
#4210=CARTESIAN_POINT('',(0.00028900037710758,-6.12532334487732E-5,0.06604));
#4211=CARTESIAN_POINT('',(0.,1.86636172190057E-19,0.06604));
#4212=CARTESIAN_POINT('',(-0.0024892,1.86636172190057E-19,0.06604));
#4213=CARTESIAN_POINT('',(0.00117013863799937,0.00624125592872628,0.00254));
#4214=CARTESIAN_POINT('',(0.00117013863799937,0.00624125592872628,0.));
#4215=CARTESIAN_POINT('',(0.00417576908275596,0.00567774686017978,0.));
#4216=CARTESIAN_POINT('',(-0.00183549180675723,0.00680476499727279,0.));
#4217=CARTESIAN_POINT('',(-0.00183549180675723,0.00680476499727279,0.00254));
#4218=CARTESIAN_POINT('',(-0.00183549180675723,0.00680476499727279,0.00254));
#4219=CARTESIAN_POINT('',(0.00117013863799937,0.00624125592872628,0.00254));
#4220=CARTESIAN_POINT('',(0.00417576908275596,0.00567774686017978,0.00254));
#4221=CARTESIAN_POINT('',(0.00417576908275596,0.00567774686017978,0.00254));
#4222=CARTESIAN_POINT('',(-0.00415004086766498,0.00480621064839136,0.00254));
#4223=CARTESIAN_POINT('',(-0.00415004086766498,0.00480621064839136,0.));
#4224=CARTESIAN_POINT('',(-0.00646458992857273,0.00280765629950991,0.));
#4225=CARTESIAN_POINT('',(-0.00646458992857273,0.00280765629950991,0.00254));
#4226=CARTESIAN_POINT('',(-0.00646458992857273,0.00280765629950991,0.00254));
#4227=CARTESIAN_POINT('',(-0.00415004086766498,0.00480621064839136,0.00254));
#4228=CARTESIAN_POINT('',(-0.00634515495457153,-0.000248009279012564,0.00254));
#4229=CARTESIAN_POINT('',(-0.00634515495457153,-0.000248009279012564,0.));
#4230=CARTESIAN_POINT('',(-0.00622571998057031,-0.00330367485753505,0.));
#4231=CARTESIAN_POINT('',(-0.00622571998057031,-0.00330367485753505,0.00254));
#4232=CARTESIAN_POINT('',(-0.00622571998057031,-0.00330367485753505,0.00254));
#4233=CARTESIAN_POINT('',(-0.00634515495457153,-0.000248009279012564,0.00254));
#4234=CARTESIAN_POINT('',(-0.00376223794311254,-0.00511547316085269,0.00254));
#4235=CARTESIAN_POINT('',(-0.00376223794311254,-0.00511547316085269,0.));
#4236=CARTESIAN_POINT('',(-0.00129875590565475,-0.00692727146417032,0.));
#4237=CARTESIAN_POINT('',(-0.00129875590565475,-0.00692727146417032,0.00254));
#4238=CARTESIAN_POINT('',(-0.00129875590565475,-0.00692727146417032,0.00254));
#4239=CARTESIAN_POINT('',(-0.00376223794311254,-0.00511547316085269,0.00254));
#4240=CARTESIAN_POINT('',(0.00165372097517825,-0.00613088141593486,0.00254));
#4241=CARTESIAN_POINT('',(0.00165372097517825,-0.00613088141593486,0.));
#4242=CARTESIAN_POINT('',(0.00460619785601121,-0.00533449136769941,0.));
#4243=CARTESIAN_POINT('',(0.00460619785601121,-0.00533449136769941,0.00254));
#4244=CARTESIAN_POINT('',(0.00460619785601121,-0.00533449136769941,0.00254));
#4245=CARTESIAN_POINT('',(0.00165372097517825,-0.00613088141593486,0.00254));
#4246=CARTESIAN_POINT('',(0.00582439426939955,-0.00252961091762856,0.00254));
#4247=CARTESIAN_POINT('',(0.00582439426939955,-0.00252961091762856,0.));
#4248=CARTESIAN_POINT('',(0.00704259068278789,0.000275269532442278,0.));
#4249=CARTESIAN_POINT('',(0.00704259068278789,0.000275269532442278,0.00254));
#4250=CARTESIAN_POINT('',(0.00704259068278789,0.000275269532442278,0.00254));
#4251=CARTESIAN_POINT('',(0.00582439426939955,-0.00252961091762856,0.00254));
#4252=CARTESIAN_POINT('',(0.00560917988277192,0.00297650819631103,0.00254));
#4253=CARTESIAN_POINT('',(0.00560917988277192,0.00297650819631103,0.));
#4254=CARTESIAN_POINT('',(0.00560917988277192,0.00297650819631103,0.00254));
#4255=CARTESIAN_POINT('',(0.00028900037710758,-6.12532334487732E-5,0.00254));
#4256=CARTESIAN_POINT('',(0.00028900037710758,-6.12532334487732E-5,0.));
#4257=CARTESIAN_POINT('',(0.,1.86636172190057E-19,0.04064));
#4258=CARTESIAN_POINT('',(0.,1.86636172190057E-19,0.0391443377471166));
#4259=CARTESIAN_POINT('',(0.,1.86636172190057E-19,0.04064));
#4260=CARTESIAN_POINT('',(-0.0024892,1.86636172190057E-19,0.04064));
#4261=CARTESIAN_POINT('',(0.,1.86636172190057E-19,0.06604));
#4262=CARTESIAN_POINT('',(0.,0.,-0.00254));
#4263=CARTESIAN_POINT('',(0.05969,-0.003175,0.01016));
#4264=CARTESIAN_POINT('',(0.05969,-0.003175,0.01016));
#4265=CARTESIAN_POINT('',(0.07239,-0.003175,0.01016));
#4266=CARTESIAN_POINT('',(0.05969,-0.003175,-0.01016));
#4267=CARTESIAN_POINT('',(0.07239,-0.003175,-0.01016));
#4268=CARTESIAN_POINT('',(0.05969,-0.003175,0.01016));
#4269=CARTESIAN_POINT('',(0.05969,-0.003175,0.01016));
#4270=CARTESIAN_POINT('',(0.06477,-0.003175,0.01016));
#4271=CARTESIAN_POINT('',(0.05969,-0.003175,-0.01016));
#4272=CARTESIAN_POINT('',(0.06477,-0.003175,-0.01016));
#4273=CARTESIAN_POINT('',(0.05842,-0.003175,0.01016));
#4274=CARTESIAN_POINT('',(0.05842,-0.003175,-0.01016));
#4275=CARTESIAN_POINT('',(0.00653195959900724,0.269279508235756,-0.0494855509384934));
#4276=CARTESIAN_POINT('',(-0.0508,-0.00635,0.00635));
#4277=CARTESIAN_POINT('',(-0.0508,0.,0.00635));
#4278=CARTESIAN_POINT('',(-0.0508,0.,0.0127));
#4279=CARTESIAN_POINT('',(-0.05715,0.,0.00635));
#4280=CARTESIAN_POINT('',(-0.05715,-0.00635,0.00635));
#4281=CARTESIAN_POINT('',(-0.05715,-0.00635,0.00635));
#4282=CARTESIAN_POINT('',(-0.0508,-0.00635,0.00635));
#4283=CARTESIAN_POINT('',(-0.0508,-0.00635,0.0127));
#4284=CARTESIAN_POINT('',(-0.0508,-0.00635,0.0127));
#4285=CARTESIAN_POINT('',(-0.05715,-0.00635,3.46944695195361E-18));
#4286=CARTESIAN_POINT('',(-0.05715,0.,3.46944695195361E-18));
#4287=CARTESIAN_POINT('',(-0.05715,0.,-0.00635));
#4288=CARTESIAN_POINT('',(-0.05715,-0.00635,-0.00635));
#4289=CARTESIAN_POINT('',(-0.05715,-0.00635,-0.00635));
#4290=CARTESIAN_POINT('',(-0.05715,-0.00635,3.46944695195361E-18));
#4291=CARTESIAN_POINT('',(-0.0508,-0.00635,-0.00635));
#4292=CARTESIAN_POINT('',(-0.0508,0.,-0.00635));
#4293=CARTESIAN_POINT('',(-0.0508,0.,-0.0127));
#4294=CARTESIAN_POINT('',(-0.0508,-0.00635,-0.0127));
#4295=CARTESIAN_POINT('',(-0.0508,-0.00635,-0.0127));
#4296=CARTESIAN_POINT('',(-0.0508,-0.00635,-0.00635));
#4297=CARTESIAN_POINT('',(0.04064,-0.00635,-0.0127));
#4298=CARTESIAN_POINT('',(0.04064,0.,-0.0127));
#4299=CARTESIAN_POINT('',(0.13208,0.,-0.0127));
#4300=CARTESIAN_POINT('',(0.13208,-0.00635,-0.0127));
#4301=CARTESIAN_POINT('',(0.13208,-0.00635,-0.0127));
#4302=CARTESIAN_POINT('',(0.04064,-0.00635,-0.0127));
#4303=CARTESIAN_POINT('',(0.13208,-0.00635,-0.00635));
#4304=CARTESIAN_POINT('',(0.13208,0.,-0.00635));
#4305=CARTESIAN_POINT('',(0.13843,0.,-0.00635));
#4306=CARTESIAN_POINT('',(0.13843,-0.00635,-0.00635));
#4307=CARTESIAN_POINT('',(0.13843,-0.00635,-0.00635));
#4308=CARTESIAN_POINT('',(0.13208,-0.00635,-0.00635));
#4309=CARTESIAN_POINT('',(0.13843,-0.00635,0.));
#4310=CARTESIAN_POINT('',(0.13843,0.,0.));
#4311=CARTESIAN_POINT('',(0.13843,0.,0.00635));
#4312=CARTESIAN_POINT('',(0.13843,-0.00635,0.00635));
#4313=CARTESIAN_POINT('',(0.13843,-0.00635,0.00635));
#4314=CARTESIAN_POINT('',(0.13843,-0.00635,0.));
#4315=CARTESIAN_POINT('',(0.13208,-0.00635,0.00635));
#4316=CARTESIAN_POINT('',(0.13208,0.,0.00635));
#4317=CARTESIAN_POINT('',(0.13208,0.,0.0127));
#4318=CARTESIAN_POINT('',(0.13208,-0.00635,0.0127));
#4319=CARTESIAN_POINT('',(0.13208,-0.00635,0.0127));
#4320=CARTESIAN_POINT('',(0.13208,-0.00635,0.00635));
#4321=CARTESIAN_POINT('',(0.04064,-0.00635,0.0127));
#4322=CARTESIAN_POINT('',(0.04064,0.,0.0127));
#4323=CARTESIAN_POINT('',(0.04064,-0.00635,0.0127));
#4324=CARTESIAN_POINT('',(0.04064,-0.00635,0.));
#4325=CARTESIAN_POINT('',(0.07112,-0.00635,-0.00635));
#4326=CARTESIAN_POINT('',(0.07112,-0.00635,-0.0096139));
#4327=CARTESIAN_POINT('',(0.06096,-0.00635,-0.00635));
#4328=CARTESIAN_POINT('',(0.06096,-0.00635,-0.0096139));
#4329=CARTESIAN_POINT('',(0.06096,-0.00635,0.00635));
#4330=CARTESIAN_POINT('',(0.06096,-0.00635,0.0030861));
#4331=CARTESIAN_POINT('',(0.0508,-0.00635,0.00635));
#4332=CARTESIAN_POINT('',(0.0508,-0.00635,0.0030861));
#4333=CARTESIAN_POINT('',(-0.02032,-0.00635,-0.00635));
#4334=CARTESIAN_POINT('',(-0.02032,-0.00635,-0.0096139));
#4335=CARTESIAN_POINT('',(0.04064,-0.00635,0.00635));
#4336=CARTESIAN_POINT('',(0.04064,-0.00635,0.0030861));
#4337=CARTESIAN_POINT('',(0.04064,-0.00635,-0.00635));
#4338=CARTESIAN_POINT('',(0.04064,-0.00635,-0.0096139));
#4339=CARTESIAN_POINT('',(0.0508,-0.00635,-0.00635));
#4340=CARTESIAN_POINT('',(0.0508,-0.00635,-0.0096139));
#4341=CARTESIAN_POINT('',(0.12192,-0.00635,-0.00635));
#4342=CARTESIAN_POINT('',(0.12192,-0.00635,-0.0096139));
#4343=CARTESIAN_POINT('',(0.12192,-0.00635,0.00635));
#4344=CARTESIAN_POINT('',(0.12192,-0.00635,0.0030861));
#4345=CARTESIAN_POINT('',(0.1016,-0.00635,-0.00635));
#4346=CARTESIAN_POINT('',(0.1016,-0.00635,-0.0096139));
#4347=CARTESIAN_POINT('',(0.11176,-0.00635,0.00635));
#4348=CARTESIAN_POINT('',(0.11176,-0.00635,0.0030861));
#4349=CARTESIAN_POINT('',(0.07112,-0.00635,0.00635));
#4350=CARTESIAN_POINT('',(0.07112,-0.00635,0.0030861));
#4351=CARTESIAN_POINT('',(0.13208,-0.00635,0.00635));
#4352=CARTESIAN_POINT('',(0.13208,-0.00635,0.0030861));
#4353=CARTESIAN_POINT('',(0.13208,-0.00635,-0.00635));
#4354=CARTESIAN_POINT('',(0.13208,-0.00635,-0.0096139));
#4355=CARTESIAN_POINT('',(0.09144,-0.00635,0.00635));
#4356=CARTESIAN_POINT('',(0.09144,-0.00635,0.0030861));
#4357=CARTESIAN_POINT('',(-0.03048,-0.00635,-0.00635));
#4358=CARTESIAN_POINT('',(-0.03048,-0.00635,-0.0096139));
#4359=CARTESIAN_POINT('',(-0.04064,-0.00635,0.00635));
#4360=CARTESIAN_POINT('',(-0.04064,-0.00635,0.0030861));
#4361=CARTESIAN_POINT('',(-0.04064,-0.00635,-0.00635));
#4362=CARTESIAN_POINT('',(-0.04064,-0.00635,-0.0096139));
#4363=CARTESIAN_POINT('',(-0.0508,-0.00635,-0.00635));
#4364=CARTESIAN_POINT('',(-0.0508,-0.00635,-0.0096139));
#4365=CARTESIAN_POINT('',(-0.02032,-0.00635,0.00635));
#4366=CARTESIAN_POINT('',(-0.02032,-0.00635,0.0030861));
#4367=CARTESIAN_POINT('',(-0.01016,-0.00635,0.00635));
#4368=CARTESIAN_POINT('',(-0.01016,-0.00635,0.0030861));
#4369=CARTESIAN_POINT('',(-0.01016,-0.00635,-0.00635));
#4370=CARTESIAN_POINT('',(-0.01016,-0.00635,-0.0096139));
#4371=CARTESIAN_POINT('',(0.,-0.00635,-0.00635));
#4372=CARTESIAN_POINT('',(0.,-0.00635,-0.0096139));
#4373=CARTESIAN_POINT('',(-0.03048,-0.00635,0.00635));
#4374=CARTESIAN_POINT('',(-0.03048,-0.00635,0.0030861));
#4375=CARTESIAN_POINT('',(0.01016,-0.00635,-0.00635));
#4376=CARTESIAN_POINT('',(0.01016,-0.00635,-0.0096139));
#4377=CARTESIAN_POINT('',(0.02032,-0.00635,-0.00635));
#4378=CARTESIAN_POINT('',(0.02032,-0.00635,-0.0096139));
#4379=CARTESIAN_POINT('',(0.02032,-0.00635,0.00635));
#4380=CARTESIAN_POINT('',(0.02032,-0.00635,0.0030861));
#4381=CARTESIAN_POINT('',(0.03048,-0.00635,-0.00635));
#4382=CARTESIAN_POINT('',(0.03048,-0.00635,-0.0096139));
#4383=CARTESIAN_POINT('',(0.03048,-0.00635,0.00635));
#4384=CARTESIAN_POINT('',(0.03048,-0.00635,0.0030861));
#4385=CARTESIAN_POINT('',(0.01016,-0.00635,0.00635));
#4386=CARTESIAN_POINT('',(0.01016,-0.00635,0.0030861));
#4387=CARTESIAN_POINT('',(0.,-0.00635,0.00635));
#4388=CARTESIAN_POINT('',(0.,-0.00635,0.0030861));
#4389=CARTESIAN_POINT('',(0.08128,-0.00635,0.00635));
#4390=CARTESIAN_POINT('',(0.08128,-0.00635,0.0030861));
#4391=CARTESIAN_POINT('',(0.09144,-0.00635,-0.00635));
#4392=CARTESIAN_POINT('',(0.09144,-0.00635,-0.0096139));
#4393=CARTESIAN_POINT('',(0.1016,-0.00635,0.00635));
#4394=CARTESIAN_POINT('',(0.1016,-0.00635,0.0030861));
#4395=CARTESIAN_POINT('',(0.11176,-0.00635,-0.00635));
#4396=CARTESIAN_POINT('',(0.11176,-0.00635,-0.0096139));
#4397=CARTESIAN_POINT('',(0.08128,-0.00635,-0.00635));
#4398=CARTESIAN_POINT('',(0.08128,-0.00635,-0.0096139));
#4399=CARTESIAN_POINT('',(-0.0508,-0.00635,0.00635));
#4400=CARTESIAN_POINT('',(-0.0508,-0.00635,0.0030861));
#4401=CARTESIAN_POINT('',(0.04064,0.,0.));
#4402=CARTESIAN_POINT('',(0.07112,0.,-0.00635));
#4403=CARTESIAN_POINT('',(0.07112,0.,-0.0096139));
#4404=CARTESIAN_POINT('',(0.06096,0.,-0.00635));
#4405=CARTESIAN_POINT('',(0.06096,0.,-0.0096139));
#4406=CARTESIAN_POINT('',(0.06096,0.,0.00635));
#4407=CARTESIAN_POINT('',(0.06096,0.,0.0030861));
#4408=CARTESIAN_POINT('',(0.0508,0.,0.00635));
#4409=CARTESIAN_POINT('',(0.0508,0.,0.0030861));
#4410=CARTESIAN_POINT('',(-0.02032,0.,-0.00635));
#4411=CARTESIAN_POINT('',(-0.02032,0.,-0.0096139));
#4412=CARTESIAN_POINT('',(0.04064,0.,0.00635));
#4413=CARTESIAN_POINT('',(0.04064,0.,0.0030861));
#4414=CARTESIAN_POINT('',(0.04064,0.,-0.00635));
#4415=CARTESIAN_POINT('',(0.04064,0.,-0.0096139));
#4416=CARTESIAN_POINT('',(0.0508,0.,-0.00635));
#4417=CARTESIAN_POINT('',(0.0508,0.,-0.0096139));
#4418=CARTESIAN_POINT('',(0.12192,0.,-0.00635));
#4419=CARTESIAN_POINT('',(0.12192,0.,-0.0096139));
#4420=CARTESIAN_POINT('',(0.12192,0.,0.00635));
#4421=CARTESIAN_POINT('',(0.12192,0.,0.0030861));
#4422=CARTESIAN_POINT('',(0.1016,0.,-0.00635));
#4423=CARTESIAN_POINT('',(0.1016,0.,-0.0096139));
#4424=CARTESIAN_POINT('',(0.11176,0.,0.00635));
#4425=CARTESIAN_POINT('',(0.11176,0.,0.0030861));
#4426=CARTESIAN_POINT('',(0.07112,0.,0.00635));
#4427=CARTESIAN_POINT('',(0.07112,0.,0.0030861));
#4428=CARTESIAN_POINT('',(0.13208,0.,0.00635));
#4429=CARTESIAN_POINT('',(0.13208,0.,0.0030861));
#4430=CARTESIAN_POINT('',(0.13208,0.,-0.00635));
#4431=CARTESIAN_POINT('',(0.13208,0.,-0.0096139));
#4432=CARTESIAN_POINT('',(0.09144,0.,0.00635));
#4433=CARTESIAN_POINT('',(0.09144,0.,0.0030861));
#4434=CARTESIAN_POINT('',(-0.03048,0.,-0.00635));
#4435=CARTESIAN_POINT('',(-0.03048,0.,-0.0096139));
#4436=CARTESIAN_POINT('',(-0.04064,0.,0.00635));
#4437=CARTESIAN_POINT('',(-0.04064,0.,0.0030861));
#4438=CARTESIAN_POINT('',(-0.04064,0.,-0.00635));
#4439=CARTESIAN_POINT('',(-0.04064,0.,-0.0096139));
#4440=CARTESIAN_POINT('',(-0.0508,0.,-0.00635));
#4441=CARTESIAN_POINT('',(-0.0508,0.,-0.0096139));
#4442=CARTESIAN_POINT('',(-0.02032,0.,0.00635));
#4443=CARTESIAN_POINT('',(-0.02032,0.,0.0030861));
#4444=CARTESIAN_POINT('',(-0.01016,0.,0.00635));
#4445=CARTESIAN_POINT('',(-0.01016,0.,0.0030861));
#4446=CARTESIAN_POINT('',(-0.01016,0.,-0.00635));
#4447=CARTESIAN_POINT('',(-0.01016,0.,-0.0096139));
#4448=CARTESIAN_POINT('',(0.,0.,-0.00635));
#4449=CARTESIAN_POINT('',(0.,0.,-0.0096139));
#4450=CARTESIAN_POINT('',(-0.03048,0.,0.00635));
#4451=CARTESIAN_POINT('',(-0.03048,0.,0.0030861));
#4452=CARTESIAN_POINT('',(0.01016,0.,-0.00635));
#4453=CARTESIAN_POINT('',(0.01016,0.,-0.0096139));
#4454=CARTESIAN_POINT('',(0.02032,0.,-0.00635));
#4455=CARTESIAN_POINT('',(0.02032,0.,-0.0096139));
#4456=CARTESIAN_POINT('',(0.02032,0.,0.00635));
#4457=CARTESIAN_POINT('',(0.02032,0.,0.0030861));
#4458=CARTESIAN_POINT('',(0.03048,0.,-0.00635));
#4459=CARTESIAN_POINT('',(0.03048,0.,-0.0096139));
#4460=CARTESIAN_POINT('',(0.03048,0.,0.00635));
#4461=CARTESIAN_POINT('',(0.03048,0.,0.0030861));
#4462=CARTESIAN_POINT('',(0.01016,0.,0.00635));
#4463=CARTESIAN_POINT('',(0.01016,0.,0.0030861));
#4464=CARTESIAN_POINT('',(0.,0.,0.00635));
#4465=CARTESIAN_POINT('',(0.,0.,0.0030861));
#4466=CARTESIAN_POINT('',(0.08128,0.,0.00635));
#4467=CARTESIAN_POINT('',(0.08128,0.,0.0030861));
#4468=CARTESIAN_POINT('',(0.09144,0.,-0.00635));
#4469=CARTESIAN_POINT('',(0.09144,0.,-0.0096139));
#4470=CARTESIAN_POINT('',(0.1016,0.,0.00635));
#4471=CARTESIAN_POINT('',(0.1016,0.,0.0030861));
#4472=CARTESIAN_POINT('',(0.11176,0.,-0.00635));
#4473=CARTESIAN_POINT('',(0.11176,0.,-0.0096139));
#4474=CARTESIAN_POINT('',(0.08128,0.,-0.00635));
#4475=CARTESIAN_POINT('',(0.08128,0.,-0.0096139));
#4476=CARTESIAN_POINT('',(-0.0508,0.,0.00635));
#4477=CARTESIAN_POINT('',(-0.0508,0.,0.0030861));
#4478=CARTESIAN_POINT('',(-0.0508,0.,0.00635));
#4479=CARTESIAN_POINT('',(0.08128,0.,-0.00635));
#4480=CARTESIAN_POINT('',(0.11176,0.,-0.00635));
#4481=CARTESIAN_POINT('',(0.1016,0.,0.00635));
#4482=CARTESIAN_POINT('',(0.09144,0.,-0.00635));
#4483=CARTESIAN_POINT('',(0.08128,0.,0.00635));
#4484=CARTESIAN_POINT('',(0.,0.,0.00635));
#4485=CARTESIAN_POINT('',(0.01016,0.,0.00635));
#4486=CARTESIAN_POINT('',(0.03048,0.,0.00635));
#4487=CARTESIAN_POINT('',(0.03048,0.,-0.00635));
#4488=CARTESIAN_POINT('',(0.02032,0.,0.00635));
#4489=CARTESIAN_POINT('',(0.02032,0.,-0.00635));
#4490=CARTESIAN_POINT('',(0.01016,0.,-0.00635));
#4491=CARTESIAN_POINT('',(-0.03048,0.,0.00635));
#4492=CARTESIAN_POINT('',(0.,0.,-0.00635));
#4493=CARTESIAN_POINT('',(-0.01016,0.,-0.00635));
#4494=CARTESIAN_POINT('',(-0.01016,0.,0.00635));
#4495=CARTESIAN_POINT('',(-0.02032,0.,0.00635));
#4496=CARTESIAN_POINT('',(-0.0508,0.,-0.00635));
#4497=CARTESIAN_POINT('',(-0.04064,0.,-0.00635));
#4498=CARTESIAN_POINT('',(-0.04064,0.,0.00635));
#4499=CARTESIAN_POINT('',(-0.03048,0.,-0.00635));
#4500=CARTESIAN_POINT('',(0.09144,0.,0.00635));
#4501=CARTESIAN_POINT('',(0.13208,0.,-0.00635));
#4502=CARTESIAN_POINT('',(0.13208,0.,0.00635));
#4503=CARTESIAN_POINT('',(0.07112,0.,0.00635));
#4504=CARTESIAN_POINT('',(0.11176,0.,0.00635));
#4505=CARTESIAN_POINT('',(0.1016,0.,-0.00635));
#4506=CARTESIAN_POINT('',(0.12192,0.,0.00635));
#4507=CARTESIAN_POINT('',(0.12192,0.,-0.00635));
#4508=CARTESIAN_POINT('',(0.0508,0.,-0.00635));
#4509=CARTESIAN_POINT('',(0.04064,0.,-0.00635));
#4510=CARTESIAN_POINT('',(0.04064,0.,0.00635));
#4511=CARTESIAN_POINT('',(-0.02032,0.,-0.00635));
#4512=CARTESIAN_POINT('',(0.0508,0.,0.00635));
#4513=CARTESIAN_POINT('',(0.06096,0.,0.00635));
#4514=CARTESIAN_POINT('',(0.06096,0.,-0.00635));
#4515=CARTESIAN_POINT('',(0.07112,0.,-0.00635));
#4516=CARTESIAN_POINT('',(0.00399195959900703,0.183554508235758,0.0133794490615073));
#4517=CARTESIAN_POINT('',(0.0203970384181603,-0.00635,0.0177029615818396));
#4518=CARTESIAN_POINT('',(0.0204650957200351,-0.00524143551315794,0.0176349042799649));
#4519=CARTESIAN_POINT('',(0.00269407683632074,-0.00305942876272384,0.0354059231636792));
#4520=CARTESIAN_POINT('',(0.019150308975099,-0.00508,0.018949691024901));
#4521=CARTESIAN_POINT('',(0.0203970384181603,-0.00508,0.0177029615818396));
#4522=CARTESIAN_POINT('',(0.00269407683632074,-0.00508,0.0354059231636792));
#4523=CARTESIAN_POINT('',(0.00269407683632074,-0.00635,0.0354059231636792));
#4524=CARTESIAN_POINT('',(0.05715,-0.00635,-2.92734586571086E-18));
#4525=CARTESIAN_POINT('',(0.05715,-0.00635,-2.92734586571086E-18));
#4526=CARTESIAN_POINT('',(0.0762,-0.00635,-3.90312782094781E-18));
#4527=CARTESIAN_POINT('',(0.0398960512242139,-0.00635,-2.04356151547491E-18));
#4528=CARTESIAN_POINT('',(0.0398960512242139,-0.00508,0.));
#4529=CARTESIAN_POINT('',(0.0392996463447347,-0.00627793597903515,3.05491401265624E-20));
#4530=CARTESIAN_POINT('',(0.0398960512242139,-0.00751699317220029,0.));
#4531=CARTESIAN_POINT('',(0.0397412771580893,-0.00623745569386755,-2.03563365506215E-18));
#4532=CARTESIAN_POINT('',(0.0762,-0.00623745569386755,-3.90312782094781E-18));
#4533=CARTESIAN_POINT('',(0.0762,-0.00623745569386755,-3.90312782094781E-18));
#4534=CARTESIAN_POINT('',(0.0762,-0.00635,-3.90312782094781E-18));
#4535=CARTESIAN_POINT('',(0.0762,-0.00635,0.02794));
#4536=CARTESIAN_POINT('',(0.0762,-0.00285947833577791,0.0275114178301364));
#4537=CARTESIAN_POINT('',(0.0762,0.,0.0508));
#4538=CARTESIAN_POINT('',(0.0762,0.,0.02794));
#4539=CARTESIAN_POINT('',(0.0762,0.,0.05588));
#4540=CARTESIAN_POINT('',(0.0762,-0.00635,0.05588));
#4541=CARTESIAN_POINT('',(0.0762,-0.00635,0.05588));
#4542=CARTESIAN_POINT('',(0.0762,-0.00635,0.02794));
#4543=CARTESIAN_POINT('',(4.16333634234433E-17,-0.00635,0.05588));
#4544=CARTESIAN_POINT('',(4.16333634234433E-17,0.,0.05588));
#4545=CARTESIAN_POINT('',(-0.0762,0.,0.05588));
#4546=CARTESIAN_POINT('',(-0.0762,-0.00635,0.05588));
#4547=CARTESIAN_POINT('',(-0.0762,-0.00635,0.05588));
#4548=CARTESIAN_POINT('',(4.16333634234433E-17,-0.00635,0.05588));
#4549=CARTESIAN_POINT('',(-0.0762,-0.00635,0.02794));
#4550=CARTESIAN_POINT('',(-0.0762,0.,0.02794));
#4551=CARTESIAN_POINT('',(-0.0762,0.,0.0508));
#4552=CARTESIAN_POINT('',(-0.0762,6.39516182275059E-18,0.0508));
#4553=CARTESIAN_POINT('',(-0.0762,-0.00623745569386755,-1.30104260698261E-17));
#4554=CARTESIAN_POINT('',(-0.0762,-0.00635,-1.30104260698261E-17));
#4555=CARTESIAN_POINT('',(-0.0762,-0.00635,-1.30104260698261E-17));
#4556=CARTESIAN_POINT('',(-0.0762,-0.00635,0.02794));
#4557=CARTESIAN_POINT('',(-0.05715,-0.00635,2.92734586571086E-18));
#4558=CARTESIAN_POINT('',(-0.0398960512242139,-0.00751699317220029,0.));
#4559=CARTESIAN_POINT('',(-0.0397412771580893,-0.00623745569386755,2.03563365506215E-18));
#4560=CARTESIAN_POINT('',(-0.0392996463447348,-0.00627793597903513,-3.05491401265584E-20));
#4561=CARTESIAN_POINT('',(-0.0398960512242139,-0.00508,0.));
#4562=CARTESIAN_POINT('',(-0.0398960512242139,-0.00635,2.04356151547491E-18));
#4563=CARTESIAN_POINT('',(-0.05715,-0.00635,2.92734586571086E-18));
#4564=CARTESIAN_POINT('',(-0.0381,-0.00623745569386755,1.95156391047391E-18));
#4565=CARTESIAN_POINT('',(-0.0203970384181604,-0.00635,0.0177029615818396));
#4566=CARTESIAN_POINT('',(-0.00269407683632075,-0.00635,0.0354059231636792));
#4567=CARTESIAN_POINT('',(-0.00269407683632075,-0.00508,0.0354059231636792));
#4568=CARTESIAN_POINT('',(-0.00269407683632075,-0.00305942876272384,0.0354059231636792));
#4569=CARTESIAN_POINT('',(-0.0203970384181604,-0.00508,0.0177029615818396));
#4570=CARTESIAN_POINT('',(-0.019150308975099,-0.00508,0.018949691024901));
#4571=CARTESIAN_POINT('',(-0.0204650957200351,-0.00524143551315794,0.0176349042799649));
#4572=CARTESIAN_POINT('',(-1.04083408558608E-17,-0.00635,0.0381));
#4573=CARTESIAN_POINT('',(0.00269407683632074,-0.00508,0.0354059231636792));
#4574=CARTESIAN_POINT('',(0.00269407683632074,-0.00541938518866716,0.0354059231636792));
#4575=CARTESIAN_POINT('',(0.00290536960083561,-0.00608667412514528,0.0355967643571053));
#4576=CARTESIAN_POINT('',(0.00329179198806815,-0.00635,0.036151836338691));
#4577=CARTESIAN_POINT('',(0.00343802561210691,-0.00635,0.0364580256121069));
#4578=CARTESIAN_POINT('',(0.00343802561210691,-0.00635,0.0364580256121069));
#4579=CARTESIAN_POINT('',(-1.04083408558608E-17,-0.00635,0.0381));
#4580=CARTESIAN_POINT('',(-0.00343802561210692,-0.00635,0.0364580256121069));
#4581=CARTESIAN_POINT('',(-0.00343802561210692,-0.00635,0.0364580256121069));
#4582=CARTESIAN_POINT('',(-0.00329184121471445,-0.00634999999999999,0.036151939411231));
#4583=CARTESIAN_POINT('',(-0.00290626259577753,-0.00608809997663839,0.0355978349153043));
#4584=CARTESIAN_POINT('',(-0.00269407683632075,-0.00541936681538584,0.0354059231636792));
#4585=CARTESIAN_POINT('',(-0.00269407683632075,-0.00508,0.0354059231636792));
#4586=CARTESIAN_POINT('',(-0.00269407683632076,-0.00305942876272384,0.0354059231636793));
#4587=CARTESIAN_POINT('',(-0.00269407683632076,-0.00273783893046499,0.0354059231636793));
#4588=CARTESIAN_POINT('',(-0.00288054747042974,-0.00210638461806266,0.035576247430437));
#4589=CARTESIAN_POINT('',(-0.00324026609335519,-0.00180855701219106,0.036070485157973));
#4590=CARTESIAN_POINT('',(-0.00338668657598149,-0.00177367325243853,0.0363545905821078));
#4591=CARTESIAN_POINT('',(-0.0033866865759815,-0.00177367325243857,0.0363545905821078));
#4592=CARTESIAN_POINT('',(-1.04083408558608E-17,-0.00155936392346689,0.0381));
#4593=CARTESIAN_POINT('',(0.00338668657598148,-0.00177367325243857,0.0363545905821078));
#4594=CARTESIAN_POINT('',(0.00338668657598148,-0.00177367325243857,0.0363545905821078));
#4595=CARTESIAN_POINT('',(0.00324028588358052,-0.00180855229729429,0.0360705235577259));
#4596=CARTESIAN_POINT('',(0.00288120548856332,-0.00210527374356256,0.0355770277951777));
#4597=CARTESIAN_POINT('',(0.00269407683632074,-0.00273781149542687,0.0354059231636792));
#4598=CARTESIAN_POINT('',(0.00269407683632073,-0.00305942876272384,0.0354059231636792));
#4599=CARTESIAN_POINT('',(2.77555756156289E-17,-0.00635,0.02794));
#4600=CARTESIAN_POINT('',(0.05715,-0.00635,0.02032));
#4601=CARTESIAN_POINT('',(0.05715,-0.00635,0.0235839));
#4602=CARTESIAN_POINT('',(-0.05715,-0.00635,0.01016));
#4603=CARTESIAN_POINT('',(-0.05715,-0.00635,0.0134239));
#4604=CARTESIAN_POINT('',(0.05715,-0.00635,0.01016));
#4605=CARTESIAN_POINT('',(0.05715,-0.00635,0.0134239));
#4606=CARTESIAN_POINT('',(-0.00635,-0.00635,0.04953));
#4607=CARTESIAN_POINT('',(-0.00635,-0.00635,0.0527939));
#4608=CARTESIAN_POINT('',(-0.05715,-0.00635,0.02032));
#4609=CARTESIAN_POINT('',(-0.05715,-0.00635,0.0235839));
#4610=CARTESIAN_POINT('',(0.00635,-0.00635,0.04953));
#4611=CARTESIAN_POINT('',(0.00635,-0.00635,0.0527939));
#4612=CARTESIAN_POINT('',(0.00597802561210692,-0.00635,0.0339180256121069));
#4613=CARTESIAN_POINT('',(-0.00597802561210691,-0.00635,0.0339180256121069));
#4614=CARTESIAN_POINT('',(2.77555756156289E-17,0.,0.02794));
#4615=CARTESIAN_POINT('',(-0.00635,0.,0.04953));
#4616=CARTESIAN_POINT('',(-0.00935668309104902,0.,0.0508));
#4617=CARTESIAN_POINT('',(-0.00334331690895098,0.,0.0508));
#4618=CARTESIAN_POINT('',(-0.0762,0.,0.0508));
#4619=CARTESIAN_POINT('',(0.0381,0.,0.0508));
#4620=CARTESIAN_POINT('',(0.00935668309104903,0.,0.0508));
#4621=CARTESIAN_POINT('',(0.00635,0.,0.04953));
#4622=CARTESIAN_POINT('',(0.00334331690895099,0.,0.0508));
#4623=CARTESIAN_POINT('',(0.0381,0.,0.0508));
#4624=CARTESIAN_POINT('',(0.00635,-0.00635,0.04953));
#4625=CARTESIAN_POINT('',(0.00635,-0.000155936392346684,0.04953));
#4626=CARTESIAN_POINT('',(-0.05715,-0.00635,0.02032));
#4627=CARTESIAN_POINT('',(-0.05715,-0.00374247341632053,0.02032));
#4628=CARTESIAN_POINT('',(-0.05715,-0.00334171688798954,0.0235839));
#4629=CARTESIAN_POINT('',(-0.00635,-0.00635,0.04953));
#4630=CARTESIAN_POINT('',(-0.00635,-0.000155936392346684,0.04953));
#4631=CARTESIAN_POINT('',(0.05715,-0.00635,0.01016));
#4632=CARTESIAN_POINT('',(0.05715,-0.00498996455509404,0.01016));
#4633=CARTESIAN_POINT('',(0.05715,-0.00458920802676305,0.0134239));
#4634=CARTESIAN_POINT('',(-0.05715,-0.00635,0.01016));
#4635=CARTESIAN_POINT('',(-0.05715,-0.00498996455509404,0.01016));
#4636=CARTESIAN_POINT('',(-0.05715,-0.00458920802676305,0.0134239));
#4637=CARTESIAN_POINT('',(0.05715,-0.00635,0.02032));
#4638=CARTESIAN_POINT('',(0.05715,-0.00374247341632053,0.02032));
#4639=CARTESIAN_POINT('',(0.05715,-0.00334171688798954,0.0235839));
#4640=CARTESIAN_POINT('',(2.89265139619132E-17,0.,0.0508));
#4641=CARTESIAN_POINT('',(0.00557073004346878,-0.00067384078599499,0.0453120072015581));
#4642=CARTESIAN_POINT('',(-0.00557073004346876,-0.000673840785994996,0.045312007201558));
#4643=CARTESIAN_POINT('',(0.021363121332142,-0.00524143551315794,0.0185329298920718));
#4644=CARTESIAN_POINT('',(0.020048334587206,-0.00508,0.0198477166370079));
#4645=CARTESIAN_POINT('',(0.0212950640302673,-0.00508,0.0186009871939466));
#4646=CARTESIAN_POINT('',(-0.021363121332142,-0.00524143551315794,0.0185329298920718));
#4647=CARTESIAN_POINT('',(-0.020048334587206,-0.00508,0.0198477166370079));
#4648=CARTESIAN_POINT('',(-0.0212950640302673,-0.00508,0.0186009871939466));
#4649=CARTESIAN_POINT('',(0.00457989242041178,0.00293148639530424,0.0326005848939027));
#4650=CARTESIAN_POINT('',(0.00457989242041175,0.0225676315920358,0.0327596222489212));
#4651=CARTESIAN_POINT('',(0.003810687390669,0.00507948438432449,0.00635));
#4652=CARTESIAN_POINT('',(0.003810687390669,0.00507948438432449,0.));
#4653=CARTESIAN_POINT('',(0.00674332906730324,0.00287938299352423,0.));
#4654=CARTESIAN_POINT('',(0.000878045714034754,0.00727958577512475,0.));
#4655=CARTESIAN_POINT('',(0.000878045714034754,0.00727958577512475,0.00635));
#4656=CARTESIAN_POINT('',(0.000878045714034754,0.00727958577512475,0.00635));
#4657=CARTESIAN_POINT('',(0.003810687390669,0.00507948438432449,0.00635));
#4658=CARTESIAN_POINT('',(0.00674332906730324,0.00287938299352423,0.00635));
#4659=CARTESIAN_POINT('',(0.00674332906730324,0.00287938299352423,0.00635));
#4660=CARTESIAN_POINT('',(-0.00249361881961687,0.00583989427836263,0.00635));
#4661=CARTESIAN_POINT('',(-0.00249361881961687,0.00583989427836263,0.));
#4662=CARTESIAN_POINT('',(-0.00586528335326849,0.00440020278160051,0.));
#4663=CARTESIAN_POINT('',(-0.00586528335326849,0.00440020278160051,0.00635));
#4664=CARTESIAN_POINT('',(-0.00586528335326849,0.00440020278160051,0.00635));
#4665=CARTESIAN_POINT('',(-0.00249361881961687,0.00583989427836263,0.00635));
#4666=CARTESIAN_POINT('',(-0.00630430621028587,0.000760409894038137,0.00635));
#4667=CARTESIAN_POINT('',(-0.00630430621028587,0.000760409894038137,0.));
#4668=CARTESIAN_POINT('',(-0.00674332906730324,-0.00287938299352423,0.));
#4669=CARTESIAN_POINT('',(-0.00674332906730324,-0.00287938299352423,0.00635));
#4670=CARTESIAN_POINT('',(-0.00674332906730324,-0.00287938299352423,0.00635));
#4671=CARTESIAN_POINT('',(-0.00630430621028587,0.000760409894038137,0.00635));
#4672=CARTESIAN_POINT('',(-0.003810687390669,-0.00507948438432449,0.00635));
#4673=CARTESIAN_POINT('',(-0.003810687390669,-0.00507948438432449,0.));
#4674=CARTESIAN_POINT('',(-0.000878045714034755,-0.00727958577512475,0.));
#4675=CARTESIAN_POINT('',(-0.000878045714034755,-0.00727958577512475,0.00635));
#4676=CARTESIAN_POINT('',(-0.000878045714034755,-0.00727958577512475,0.00635));
#4677=CARTESIAN_POINT('',(-0.003810687390669,-0.00507948438432449,0.00635));
#4678=CARTESIAN_POINT('',(0.00249361881961687,-0.00583989427836263,0.00635));
#4679=CARTESIAN_POINT('',(0.00249361881961687,-0.00583989427836263,0.));
#4680=CARTESIAN_POINT('',(0.00586528335326849,-0.00440020278160051,0.));
#4681=CARTESIAN_POINT('',(0.00586528335326849,-0.00440020278160051,0.00635));
#4682=CARTESIAN_POINT('',(0.00586528335326849,-0.00440020278160051,0.00635));
#4683=CARTESIAN_POINT('',(0.00249361881961687,-0.00583989427836263,0.00635));
#4684=CARTESIAN_POINT('',(0.00630430621028587,-0.000760409894038143,0.00635));
#4685=CARTESIAN_POINT('',(0.00630430621028587,-0.000760409894038143,0.));
#4686=CARTESIAN_POINT('',(0.00630430621028587,-0.000760409894038143,0.00635));
#4687=CARTESIAN_POINT('',(3.46944695195361E-18,-1.7347234759768E-18,0.00635));
#4688=CARTESIAN_POINT('',(0.,1.32200621967957E-19,0.00635));
#4689=CARTESIAN_POINT('',(0.002159,1.32200621967957E-19,0.00635));
#4690=CARTESIAN_POINT('',(3.46944695195361E-18,-1.7347234759768E-18,0.));
#4691=CARTESIAN_POINT('',(0.,1.32200621967957E-19,0.02921));
#4692=CARTESIAN_POINT('',(0.,1.32200621967957E-19,0.02794));
#4693=CARTESIAN_POINT('',(0.002159,1.32200621967957E-19,0.02794));
#4694=CARTESIAN_POINT('',(0.,0.,0.02921));
#4695=CARTESIAN_POINT('',(0.,1.32200621967957E-19,0.02921));
#4696=CARTESIAN_POINT('',(0.000889,1.32200621967957E-19,0.02921));
#4697=CARTESIAN_POINT('',(0.,1.32200621967957E-19,0.02921));
#4698=CARTESIAN_POINT('',(-6.41350691212153E-24,-2.78713281892045E-24,0.05588));
#4699=CARTESIAN_POINT('',(-0.05715,-0.00508,2.92734586571086E-18));
#4700=CARTESIAN_POINT('',(-0.05715,0.,2.92734586571086E-18));
#4701=CARTESIAN_POINT('',(0.0762,0.,1.99493199737333E-17));
#4702=CARTESIAN_POINT('',(-0.0762,0.,-1.30104260698261E-17));
#4703=CARTESIAN_POINT('',(0.0762,-0.00508,1.99493199737333E-17));
#4704=CARTESIAN_POINT('',(0.0762,-0.00508,1.99493199737333E-17));
#4705=CARTESIAN_POINT('',(-0.05715,-0.00508,2.92734586571086E-18));
#4706=CARTESIAN_POINT('',(-0.0762,-0.00508,-1.30104260698261E-17));
#4707=CARTESIAN_POINT('',(-0.0762,-0.00508,-1.30104260698261E-17));
#4708=CARTESIAN_POINT('',(0.0762,-0.00508,0.02794));
#4709=CARTESIAN_POINT('',(0.0762,0.,0.02794));
#4710=CARTESIAN_POINT('',(0.0762,0.,0.11176));
#4711=CARTESIAN_POINT('',(0.0762,-0.00508,0.11176));
#4712=CARTESIAN_POINT('',(0.0762,-0.00508,0.11176));
#4713=CARTESIAN_POINT('',(0.0762,-0.00508,0.02794));
#4714=CARTESIAN_POINT('',(0.05715,-0.00508,0.11176));
#4715=CARTESIAN_POINT('',(0.05715,0.,0.11176));
#4716=CARTESIAN_POINT('',(-0.0762,0.,0.11176));
#4717=CARTESIAN_POINT('',(-0.0762,-0.00508,0.11176));
#4718=CARTESIAN_POINT('',(-0.0762,-0.00508,0.11176));
#4719=CARTESIAN_POINT('',(0.05715,-0.00508,0.11176));
#4720=CARTESIAN_POINT('',(-0.0762,-0.00508,0.02794));
#4721=CARTESIAN_POINT('',(-0.0762,0.,0.02794));
#4722=CARTESIAN_POINT('',(-0.0762,-0.00508,0.02794));
#4723=CARTESIAN_POINT('',(2.77555756156289E-17,-0.00508,0.05588));
#4724=CARTESIAN_POINT('',(0.05715,-0.00508,0.01016));
#4725=CARTESIAN_POINT('',(0.05715,-0.00508,0.0068961));
#4726=CARTESIAN_POINT('',(0.05715,-0.00508,0.02032));
#4727=CARTESIAN_POINT('',(0.05715,-0.00508,0.0170561));
#4728=CARTESIAN_POINT('',(-0.05715,-0.00508,0.1016));
#4729=CARTESIAN_POINT('',(-0.05715,-0.00508,0.0983361));
#4730=CARTESIAN_POINT('',(-0.05715,-0.00508,0.09144));
#4731=CARTESIAN_POINT('',(-0.05715,-0.00508,0.0881761));
#4732=CARTESIAN_POINT('',(0.05715,-0.00508,0.09144));
#4733=CARTESIAN_POINT('',(0.05715,-0.00508,0.0881761));
#4734=CARTESIAN_POINT('',(0.05715,-0.00508,0.1016));
#4735=CARTESIAN_POINT('',(0.05715,-0.00508,0.0983361));
#4736=CARTESIAN_POINT('',(-0.05715,-0.00508,0.01016));
#4737=CARTESIAN_POINT('',(-0.05715,-0.00508,0.0068961));
#4738=CARTESIAN_POINT('',(-0.05715,-0.00508,0.02032));
#4739=CARTESIAN_POINT('',(-0.05715,-0.00508,0.0170561));
#4740=CARTESIAN_POINT('',(2.77555756156289E-17,0.,0.05588));
#4741=CARTESIAN_POINT('',(0.05715,0.,0.01016));
#4742=CARTESIAN_POINT('',(0.05715,0.,0.0068961));
#4743=CARTESIAN_POINT('',(0.05715,0.,0.02032));
#4744=CARTESIAN_POINT('',(0.05715,0.,0.0170561));
#4745=CARTESIAN_POINT('',(-0.05715,0.,0.1016));
#4746=CARTESIAN_POINT('',(-0.05715,0.,0.0983361));
#4747=CARTESIAN_POINT('',(-0.05715,0.,0.09144));
#4748=CARTESIAN_POINT('',(-0.05715,0.,0.0881761));
#4749=CARTESIAN_POINT('',(0.05715,0.,0.09144));
#4750=CARTESIAN_POINT('',(0.05715,0.,0.0881761));
#4751=CARTESIAN_POINT('',(0.05715,0.,0.1016));
#4752=CARTESIAN_POINT('',(0.05715,0.,0.0983361));
#4753=CARTESIAN_POINT('',(-0.05715,0.,0.01016));
#4754=CARTESIAN_POINT('',(-0.05715,0.,0.0068961));
#4755=CARTESIAN_POINT('',(-0.05715,0.,0.02032));
#4756=CARTESIAN_POINT('',(-0.05715,0.,0.0170561));
#4757=CARTESIAN_POINT('',(-0.05715,0.,0.02032));
#4758=CARTESIAN_POINT('',(-0.05715,0.,0.01016));
#4759=CARTESIAN_POINT('',(0.05715,0.,0.1016));
#4760=CARTESIAN_POINT('',(0.05715,0.,0.09144));
#4761=CARTESIAN_POINT('',(-0.05715,0.,0.09144));
#4762=CARTESIAN_POINT('',(-0.05715,0.,0.1016));
#4763=CARTESIAN_POINT('',(0.05715,0.,0.02032));
#4764=CARTESIAN_POINT('',(0.05715,0.,0.01016));
#4765=CARTESIAN_POINT('',(0.0075201346953028,-0.0578416691756727,-0.00691254824882133));
#4766=CARTESIAN_POINT('',(2.34925000786867E-18,4.18773927609147E-18,0.04191));
#4767=MECHANICAL_DESIGN_GEOMETRIC_PRESENTATION_REPRESENTATION('',(#2776,
#2777,#2778,#2779,#2780,#2781,#2782,#2783),#4768);
#4768=(
GEOMETRIC_REPRESENTATION_CONTEXT(3)
GLOBAL_UNCERTAINTY_ASSIGNED_CONTEXT((#4777))
GLOBAL_UNIT_ASSIGNED_CONTEXT((#4788,#4787,#4786))
REPRESENTATION_CONTEXT('Card Style Assembly','TOP_LEVEL_ASSEMBLY_PART')
);
#4769=(
GEOMETRIC_REPRESENTATION_CONTEXT(3)
GLOBAL_UNCERTAINTY_ASSIGNED_CONTEXT((#4778))
GLOBAL_UNIT_ASSIGNED_CONTEXT((#4788,#4787,#4786))
REPRESENTATION_CONTEXT('Simulation Pole','COMPONENT_PART')
);
#4770=(
GEOMETRIC_REPRESENTATION_CONTEXT(3)
GLOBAL_UNCERTAINTY_ASSIGNED_CONTEXT((#4779))
GLOBAL_UNIT_ASSIGNED_CONTEXT((#4788,#4787,#4786))
REPRESENTATION_CONTEXT('Part 1','COMPONENT_PART')
);
#4771=(
GEOMETRIC_REPRESENTATION_CONTEXT(3)
GLOBAL_UNCERTAINTY_ASSIGNED_CONTEXT((#4780))
GLOBAL_UNIT_ASSIGNED_CONTEXT((#4788,#4787,#4786))
REPRESENTATION_CONTEXT('Long Screw','COMPONENT_PART')
);
#4772=(
GEOMETRIC_REPRESENTATION_CONTEXT(3)
GLOBAL_UNCERTAINTY_ASSIGNED_CONTEXT((#4781))
GLOBAL_UNIT_ASSIGNED_CONTEXT((#4788,#4787,#4786))
REPRESENTATION_CONTEXT('Part 2','COMPONENT_PART')
);
#4773=(
GEOMETRIC_REPRESENTATION_CONTEXT(3)
GLOBAL_UNCERTAINTY_ASSIGNED_CONTEXT((#4782))
GLOBAL_UNIT_ASSIGNED_CONTEXT((#4788,#4787,#4786))
REPRESENTATION_CONTEXT('Part 1','COMPONENT_PART')
);
#4774=(
GEOMETRIC_REPRESENTATION_CONTEXT(3)
GLOBAL_UNCERTAINTY_ASSIGNED_CONTEXT((#4783))
GLOBAL_UNIT_ASSIGNED_CONTEXT((#4788,#4787,#4786))
REPRESENTATION_CONTEXT('Card','COMPONENT_PART')
);
#4775=(
GEOMETRIC_REPRESENTATION_CONTEXT(3)
GLOBAL_UNCERTAINTY_ASSIGNED_CONTEXT((#4784))
GLOBAL_UNIT_ASSIGNED_CONTEXT((#4788,#4787,#4786))
REPRESENTATION_CONTEXT('Nut','COMPONENT_PART')
);
#4776=(
GEOMETRIC_REPRESENTATION_CONTEXT(3)
GLOBAL_UNCERTAINTY_ASSIGNED_CONTEXT((#4785))
GLOBAL_UNIT_ASSIGNED_CONTEXT((#4788,#4787,#4786))
REPRESENTATION_CONTEXT('Back','COMPONENT_PART')
);
#4777=UNCERTAINTY_MEASURE_WITH_UNIT(LENGTH_MEASURE(1.E-8),#4788,
'DISTANCE_ACCURACY_VALUE','Maximum Tolerance applied to model');
#4778=UNCERTAINTY_MEASURE_WITH_UNIT(LENGTH_MEASURE(1.E-8),#4788,
'DISTANCE_ACCURACY_VALUE','Maximum Tolerance applied to model');
#4779=UNCERTAINTY_MEASURE_WITH_UNIT(LENGTH_MEASURE(1.E-8),#4788,
'DISTANCE_ACCURACY_VALUE','Maximum Tolerance applied to model');
#4780=UNCERTAINTY_MEASURE_WITH_UNIT(LENGTH_MEASURE(1.E-8),#4788,
'DISTANCE_ACCURACY_VALUE','Maximum Tolerance applied to model');
#4781=UNCERTAINTY_MEASURE_WITH_UNIT(LENGTH_MEASURE(1.E-8),#4788,
'DISTANCE_ACCURACY_VALUE','Maximum Tolerance applied to model');
#4782=UNCERTAINTY_MEASURE_WITH_UNIT(LENGTH_MEASURE(1.E-8),#4788,
'DISTANCE_ACCURACY_VALUE','Maximum Tolerance applied to model');
#4783=UNCERTAINTY_MEASURE_WITH_UNIT(LENGTH_MEASURE(2.E-5),#4788,
'DISTANCE_ACCURACY_VALUE','Maximum Tolerance applied to model');
#4784=UNCERTAINTY_MEASURE_WITH_UNIT(LENGTH_MEASURE(1.E-8),#4788,
'DISTANCE_ACCURACY_VALUE','Maximum Tolerance applied to model');
#4785=UNCERTAINTY_MEASURE_WITH_UNIT(LENGTH_MEASURE(1.E-8),#4788,
'DISTANCE_ACCURACY_VALUE','Maximum Tolerance applied to model');
#4786=(
NAMED_UNIT(*)
SI_UNIT($,.STERADIAN.)
SOLID_ANGLE_UNIT()
);
#4787=(
NAMED_UNIT(*)
PLANE_ANGLE_UNIT()
SI_UNIT($,.RADIAN.)
);
#4788=(
LENGTH_UNIT()
NAMED_UNIT(*)
SI_UNIT($,.METRE.)
);
#4789=PRODUCT_DEFINITION_SHAPE('','',#4808);
#4790=PRODUCT_DEFINITION_SHAPE('','',#4809);
#4791=PRODUCT_DEFINITION_SHAPE(' ','NAUO PRDDFN',#291);
#4792=PRODUCT_DEFINITION_SHAPE('','',#4810);
#4793=PRODUCT_DEFINITION_SHAPE(' ','NAUO PRDDFN',#292);
#4794=PRODUCT_DEFINITION_SHAPE('','',#4811);
#4795=PRODUCT_DEFINITION_SHAPE(' ','NAUO PRDDFN',#293);
#4796=PRODUCT_DEFINITION_SHAPE('','',#4812);
#4797=PRODUCT_DEFINITION_SHAPE(' ','NAUO PRDDFN',#294);
#4798=PRODUCT_DEFINITION_SHAPE('','',#4813);
#4799=PRODUCT_DEFINITION_SHAPE(' ','NAUO PRDDFN',#295);
#4800=PRODUCT_DEFINITION_SHAPE('','',#4814);
#4801=PRODUCT_DEFINITION_SHAPE(' ','NAUO PRDDFN',#296);
#4802=PRODUCT_DEFINITION_SHAPE(' ','NAUO PRDDFN',#297);
#4803=PRODUCT_DEFINITION_SHAPE('','',#4815);
#4804=PRODUCT_DEFINITION_SHAPE(' ','NAUO PRDDFN',#298);
#4805=PRODUCT_DEFINITION_SHAPE('','',#4816);
#4806=PRODUCT_DEFINITION_SHAPE(' ','NAUO PRDDFN',#299);
#4807=PRODUCT_DEFINITION_SHAPE(' ','NAUO PRDDFN',#300);
#4808=PRODUCT_DEFINITION('','',#4826,#4817);
#4809=PRODUCT_DEFINITION('','',#4827,#4818);
#4810=PRODUCT_DEFINITION('','',#4828,#4819);
#4811=PRODUCT_DEFINITION('','',#4829,#4820);
#4812=PRODUCT_DEFINITION('','',#4830,#4821);
#4813=PRODUCT_DEFINITION('','',#4831,#4822);
#4814=PRODUCT_DEFINITION('','',#4832,#4823);
#4815=PRODUCT_DEFINITION('','',#4833,#4824);
#4816=PRODUCT_DEFINITION('','',#4834,#4825);
#4817=PRODUCT_DEFINITION_CONTEXT('',#4872,'design');
#4818=PRODUCT_DEFINITION_CONTEXT('',#4872,'design');
#4819=PRODUCT_DEFINITION_CONTEXT('',#4872,'design');
#4820=PRODUCT_DEFINITION_CONTEXT('',#4872,'design');
#4821=PRODUCT_DEFINITION_CONTEXT('',#4872,'design');
#4822=PRODUCT_DEFINITION_CONTEXT('',#4872,'design');
#4823=PRODUCT_DEFINITION_CONTEXT('',#4872,'design');
#4824=PRODUCT_DEFINITION_CONTEXT('',#4872,'design');
#4825=PRODUCT_DEFINITION_CONTEXT('',#4872,'design');
#4826=PRODUCT_DEFINITION_FORMATION_WITH_SPECIFIED_SOURCE('','',#4844,
 .NOT_KNOWN.);
#4827=PRODUCT_DEFINITION_FORMATION_WITH_SPECIFIED_SOURCE('','',#4845,
 .NOT_KNOWN.);
#4828=PRODUCT_DEFINITION_FORMATION_WITH_SPECIFIED_SOURCE('','',#4846,
 .NOT_KNOWN.);
#4829=PRODUCT_DEFINITION_FORMATION_WITH_SPECIFIED_SOURCE('','',#4847,
 .NOT_KNOWN.);
#4830=PRODUCT_DEFINITION_FORMATION_WITH_SPECIFIED_SOURCE('','',#4848,
 .NOT_KNOWN.);
#4831=PRODUCT_DEFINITION_FORMATION_WITH_SPECIFIED_SOURCE('','',#4849,
 .NOT_KNOWN.);
#4832=PRODUCT_DEFINITION_FORMATION_WITH_SPECIFIED_SOURCE('','',#4850,
 .NOT_KNOWN.);
#4833=PRODUCT_DEFINITION_FORMATION_WITH_SPECIFIED_SOURCE('','',#4851,
 .NOT_KNOWN.);
#4834=PRODUCT_DEFINITION_FORMATION_WITH_SPECIFIED_SOURCE('','',#4852,
 .NOT_KNOWN.);
#4835=PRODUCT_RELATED_PRODUCT_CATEGORY('','',(#4844));
#4836=PRODUCT_RELATED_PRODUCT_CATEGORY('','',(#4845));
#4837=PRODUCT_RELATED_PRODUCT_CATEGORY('','',(#4846));
#4838=PRODUCT_RELATED_PRODUCT_CATEGORY('','',(#4847));
#4839=PRODUCT_RELATED_PRODUCT_CATEGORY('','',(#4848));
#4840=PRODUCT_RELATED_PRODUCT_CATEGORY('','',(#4849));
#4841=PRODUCT_RELATED_PRODUCT_CATEGORY('','',(#4850));
#4842=PRODUCT_RELATED_PRODUCT_CATEGORY('','',(#4851));
#4843=PRODUCT_RELATED_PRODUCT_CATEGORY('','',(#4852));
#4844=PRODUCT('Card Style Assembly','Card Style Assembly',
'Card Style Assembly',(#4862));
#4845=PRODUCT('Simulation Pole','Simulation Pole','Simulation Pole',(#4863));
#4846=PRODUCT('Part 1','Part 1','Part 1',(#4864));
#4847=PRODUCT('Long Screw','Long Screw','Long Screw',(#4865));
#4848=PRODUCT('Part 2','Part 2','Part 2',(#4866));
#4849=PRODUCT('Part 1','Part 1','Part 1',(#4867));
#4850=PRODUCT('Card','Card','Card',(#4868));
#4851=PRODUCT('Nut','Nut','Nut',(#4869));
#4852=PRODUCT('Back','Back','Back',(#4870));
#4853=PRODUCT_CATEGORY('','');
#4854=PRODUCT_CATEGORY('','');
#4855=PRODUCT_CATEGORY('','');
#4856=PRODUCT_CATEGORY('','');
#4857=PRODUCT_CATEGORY('','');
#4858=PRODUCT_CATEGORY('','');
#4859=PRODUCT_CATEGORY('','');
#4860=PRODUCT_CATEGORY('','');
#4861=PRODUCT_CATEGORY('','');
#4862=PRODUCT_CONTEXT('',#4872,'mechanical');
#4863=PRODUCT_CONTEXT('',#4872,'mechanical');
#4864=PRODUCT_CONTEXT('',#4872,'mechanical');
#4865=PRODUCT_CONTEXT('',#4872,'mechanical');
#4866=PRODUCT_CONTEXT('',#4872,'mechanical');
#4867=PRODUCT_CONTEXT('',#4872,'mechanical');
#4868=PRODUCT_CONTEXT('',#4872,'mechanical');
#4869=PRODUCT_CONTEXT('',#4872,'mechanical');
#4870=PRODUCT_CONTEXT('',#4872,'mechanical');
#4871=APPLICATION_PROTOCOL_DEFINITION('international standard',
'ap242_managed_model_based_3d_engineering',2020,#4872);
#4872=APPLICATION_CONTEXT('managed model based 3d engineering');
ENDSEC;
END-ISO-10303-21;
