ISO-10303-21;
HEADER;
/* Generated by software containing ST-Developer
 * from STEP Tools, Inc. (www.steptools.com) 
 */
/* OPTION: using custom renumber hook */

FILE_DESCRIPTION(
/* description */ ('STEP AP242 Edition 2',
'CAx-IF Rec.Pracs.---Representation and Presentation of Product Manufa
cturing Information (PMI)---4.0---2014-10-13',
'CAx-IF Rec.Pracs.---3D Tessellated Geometry---0.4---2014-09-14','2;1',
'CAx-IF Rec.Pracs.---User Defined Attributes---1.5---2016-08-15'),
/* implementation_level */ '2;1');

FILE_NAME(
/* name */ '6a74c776b21ca79e95ebe91f',
/* time_stamp */ '2026-08-06T17:42:15Z',
/* author */ (''),
/* organization */ (''),
/* preprocessor_version */ 'ST-DEVELOPER v20',
/* originating_system */ 'ONSHAPE BY PTC INC, 1.218',
/* authorisation */ '  ');

FILE_SCHEMA (('AP242_MANAGED_MODEL_BASED_3D_ENGINEERING_MIM_LF { 1 0 10303 442 3 1 4 }'));
ENDSEC;

DATA;
#10=ELLIPSE('',#2556,0.00898025612106916,0.00635);
#11=ELLIPSE('',#2558,0.00898025612106915,0.00635);
#12=ELLIPSE('',#2611,0.00898025612106915,0.00635);
#13=ELLIPSE('',#2612,0.00898025612106916,0.00635);
#14=ELLIPSE('',#2614,0.00898025612106915,0.00635);
#15=ELLIPSE('',#2616,0.00898025612106916,0.00635);
#16=CYLINDRICAL_SURFACE('',#2531,0.00381);
#17=CYLINDRICAL_SURFACE('',#2534,0.00381);
#18=CYLINDRICAL_SURFACE('',#2537,0.00381);
#19=CYLINDRICAL_SURFACE('',#2540,0.00381);
#20=CYLINDRICAL_SURFACE('',#2555,0.00635);
#21=CYLINDRICAL_SURFACE('',#2557,0.00635);
#22=CYLINDRICAL_SURFACE('',#2559,0.00635);
#23=CYLINDRICAL_SURFACE('',#2560,0.00381);
#24=CYLINDRICAL_SURFACE('',#2563,0.00381);
#25=CYLINDRICAL_SURFACE('',#2566,0.00381);
#26=CYLINDRICAL_SURFACE('',#2569,0.00381);
#27=CYLINDRICAL_SURFACE('',#2572,0.00381);
#28=CYLINDRICAL_SURFACE('',#2575,0.00381);
#29=CYLINDRICAL_SURFACE('',#2578,0.00381);
#30=CYLINDRICAL_SURFACE('',#2581,0.00381);
#31=CYLINDRICAL_SURFACE('',#2584,0.00381);
#32=CYLINDRICAL_SURFACE('',#2587,0.00381);
#33=CYLINDRICAL_SURFACE('',#2598,0.00381);
#34=CYLINDRICAL_SURFACE('',#2601,0.00381);
#35=CYLINDRICAL_SURFACE('',#2603,0.00381);
#36=CYLINDRICAL_SURFACE('',#2605,0.00381);
#37=CYLINDRICAL_SURFACE('',#2610,0.00635);
#38=CYLINDRICAL_SURFACE('',#2613,0.00635);
#39=CYLINDRICAL_SURFACE('',#2615,0.00635);
#40=CYLINDRICAL_SURFACE('',#2617,0.00635);
#41=CYLINDRICAL_SURFACE('',#2635,0.00192917088188678);
#42=CYLINDRICAL_SURFACE('',#2636,0.00762);
#43=CYLINDRICAL_SURFACE('',#2637,0.01143);
#44=CYLINDRICAL_SURFACE('',#2638,0.01143);
#45=CYLINDRICAL_SURFACE('',#2639,0.00762);
#46=CYLINDRICAL_SURFACE('',#2641,0.00227133635355375);
#47=CYLINDRICAL_SURFACE('',#2655,0.00635);
#48=CYLINDRICAL_SURFACE('',#2659,0.00635);
#49=CYLINDRICAL_SURFACE('',#2662,0.00635);
#50=CYLINDRICAL_SURFACE('',#2677,0.00127);
#51=CYLINDRICAL_SURFACE('',#2678,0.00127);
#52=CYLINDRICAL_SURFACE('',#2679,0.00127);
#53=CYLINDRICAL_SURFACE('',#2680,0.00127);
#54=CYLINDRICAL_SURFACE('',#2681,0.00127);
#55=CIRCLE('',#2529,0.00635);
#56=CIRCLE('',#2530,0.00635);
#57=CIRCLE('',#2532,0.00381);
#58=CIRCLE('',#2533,0.00381);
#59=CIRCLE('',#2535,0.00381);
#60=CIRCLE('',#2536,0.00381);
#61=CIRCLE('',#2538,0.00381);
#62=CIRCLE('',#2539,0.00381);
#63=CIRCLE('',#2541,0.00381);
#64=CIRCLE('',#2542,0.00381);
#65=CIRCLE('',#2544,0.00381);
#66=CIRCLE('',#2545,0.00381);
#67=CIRCLE('',#2546,0.00381);
#68=CIRCLE('',#2547,0.00381);
#69=CIRCLE('',#2548,0.00381);
#70=CIRCLE('',#2549,0.00381);
#71=CIRCLE('',#2550,0.00381);
#72=CIRCLE('',#2551,0.00381);
#73=CIRCLE('',#2552,0.00381);
#74=CIRCLE('',#2553,0.00381);
#75=CIRCLE('',#2561,0.00381);
#76=CIRCLE('',#2564,0.00381);
#77=CIRCLE('',#2567,0.00381);
#78=CIRCLE('',#2570,0.00381);
#79=CIRCLE('',#2573,0.00381);
#80=CIRCLE('',#2576,0.00381);
#81=CIRCLE('',#2579,0.00381);
#82=CIRCLE('',#2582,0.00381);
#83=CIRCLE('',#2585,0.00381);
#84=CIRCLE('',#2588,0.00381);
#85=CIRCLE('',#2596,0.00381);
#86=CIRCLE('',#2597,0.00381);
#87=CIRCLE('',#2599,0.00381);
#88=CIRCLE('',#2600,0.00381);
#89=CIRCLE('',#2602,0.00381);
#90=CIRCLE('',#2604,0.00381);
#91=CIRCLE('',#2606,0.00381);
#92=CIRCLE('',#2607,0.00381);
#93=CIRCLE('',#2619,0.01143);
#94=CIRCLE('',#2620,0.00192917088188678);
#95=CIRCLE('',#2621,0.00762);
#96=CIRCLE('',#2622,0.00762);
#97=CIRCLE('',#2623,0.00227133635355375);
#98=CIRCLE('',#2624,0.01143);
#99=CIRCLE('',#2627,0.01143);
#100=CIRCLE('',#2628,0.00227133635355375);
#101=CIRCLE('',#2629,0.00762);
#102=CIRCLE('',#2630,0.00762);
#103=CIRCLE('',#2631,0.00192917088188678);
#104=CIRCLE('',#2632,0.01143);
#105=CIRCLE('',#2656,0.00635);
#106=CIRCLE('',#2657,0.00635);
#107=CIRCLE('',#2660,0.00635);
#108=CIRCLE('',#2661,0.00635);
#109=CIRCLE('',#2663,0.00635);
#110=CIRCLE('',#2664,0.00635);
#111=CIRCLE('',#2666,0.00127);
#112=CIRCLE('',#2667,0.00127);
#113=CIRCLE('',#2668,0.00127);
#114=CIRCLE('',#2669,0.00127);
#115=CIRCLE('',#2670,0.00127);
#116=CIRCLE('',#2672,0.00127);
#117=CIRCLE('',#2673,0.00127);
#118=CIRCLE('',#2674,0.00127);
#119=CIRCLE('',#2675,0.00127);
#120=CIRCLE('',#2676,0.00127);
#121=CONTEXT_DEPENDENT_SHAPE_REPRESENTATION(#147,#4048);
#122=CONTEXT_DEPENDENT_SHAPE_REPRESENTATION(#148,#4050);
#123=CONTEXT_DEPENDENT_SHAPE_REPRESENTATION(#149,#4052);
#124=CONTEXT_DEPENDENT_SHAPE_REPRESENTATION(#150,#4054);
#125=CONTEXT_DEPENDENT_SHAPE_REPRESENTATION(#151,#4056);
#126=CONTEXT_DEPENDENT_SHAPE_REPRESENTATION(#152,#4057);
#127=CONTEXT_DEPENDENT_SHAPE_REPRESENTATION(#153,#4058);
#128=CONTEXT_DEPENDENT_SHAPE_REPRESENTATION(#154,#4060);
#129=CONTEXT_DEPENDENT_SHAPE_REPRESENTATION(#155,#4061);
#130=CONTEXT_DEPENDENT_SHAPE_REPRESENTATION(#156,#4063);
#131=CONTEXT_DEPENDENT_SHAPE_REPRESENTATION(#157,#4065);
#132=CONTEXT_DEPENDENT_SHAPE_REPRESENTATION(#158,#4067);
#133=CONTEXT_DEPENDENT_SHAPE_REPRESENTATION(#159,#4068);
#134=NEXT_ASSEMBLY_USAGE_OCCURRENCE('NAUO1','Slot Piece inner',
'Slot Piece inner',#4069,#4070,'');
#135=NEXT_ASSEMBLY_USAGE_OCCURRENCE('NAUO2','Slot Piece','Slot Piece',#4069,
#4071,'');
#136=NEXT_ASSEMBLY_USAGE_OCCURRENCE('NAUO3','Cover','Cover',#4069,#4072,
'');
#137=NEXT_ASSEMBLY_USAGE_OCCURRENCE('NAUO4','Base','Base',#4069,#4073,
'');
#138=NEXT_ASSEMBLY_USAGE_OCCURRENCE('NAUO5','Wood Spring Piece',
'Wood Spring Piece',#4069,#4074,'');
#139=NEXT_ASSEMBLY_USAGE_OCCURRENCE('NAUO6','Wood Spring Piece',
'Wood Spring Piece',#4069,#4074,'');
#140=NEXT_ASSEMBLY_USAGE_OCCURRENCE('NAUO7','Wood Spring Piece',
'Wood Spring Piece',#4069,#4074,'');
#141=NEXT_ASSEMBLY_USAGE_OCCURRENCE('NAUO8','Claw Piece','Claw Piece',#4069,
#4075,'');
#142=NEXT_ASSEMBLY_USAGE_OCCURRENCE('NAUO9','Wood Spring Piece',
'Wood Spring Piece',#4069,#4074,'');
#143=NEXT_ASSEMBLY_USAGE_OCCURRENCE('NAUO10','Side Panel','Side Panel',
#4069,#4076,'');
#144=NEXT_ASSEMBLY_USAGE_OCCURRENCE('NAUO11','Slot Board','Slot Board',
#4069,#4077,'');
#145=NEXT_ASSEMBLY_USAGE_OCCURRENCE('NAUO12','Wood','Wood',#4069,#4078,
'');
#146=NEXT_ASSEMBLY_USAGE_OCCURRENCE('NAUO13','Side Panel','Side Panel',
#4069,#4076,'');
#147=(
REPRESENTATION_RELATIONSHIP(' ',' ',#2467,#2466)
REPRESENTATION_RELATIONSHIP_WITH_TRANSFORMATION(#160)
SHAPE_REPRESENTATION_RELATIONSHIP()
);
#148=(
REPRESENTATION_RELATIONSHIP(' ',' ',#2468,#2466)
REPRESENTATION_RELATIONSHIP_WITH_TRANSFORMATION(#161)
SHAPE_REPRESENTATION_RELATIONSHIP()
);
#149=(
REPRESENTATION_RELATIONSHIP(' ',' ',#2469,#2466)
REPRESENTATION_RELATIONSHIP_WITH_TRANSFORMATION(#162)
SHAPE_REPRESENTATION_RELATIONSHIP()
);
#150=(
REPRESENTATION_RELATIONSHIP(' ',' ',#2470,#2466)
REPRESENTATION_RELATIONSHIP_WITH_TRANSFORMATION(#163)
SHAPE_REPRESENTATION_RELATIONSHIP()
);
#151=(
REPRESENTATION_RELATIONSHIP(' ',' ',#2471,#2466)
REPRESENTATION_RELATIONSHIP_WITH_TRANSFORMATION(#164)
SHAPE_REPRESENTATION_RELATIONSHIP()
);
#152=(
REPRESENTATION_RELATIONSHIP(' ',' ',#2471,#2466)
REPRESENTATION_RELATIONSHIP_WITH_TRANSFORMATION(#165)
SHAPE_REPRESENTATION_RELATIONSHIP()
);
#153=(
REPRESENTATION_RELATIONSHIP(' ',' ',#2471,#2466)
REPRESENTATION_RELATIONSHIP_WITH_TRANSFORMATION(#166)
SHAPE_REPRESENTATION_RELATIONSHIP()
);
#154=(
REPRESENTATION_RELATIONSHIP(' ',' ',#2472,#2466)
REPRESENTATION_RELATIONSHIP_WITH_TRANSFORMATION(#167)
SHAPE_REPRESENTATION_RELATIONSHIP()
);
#155=(
REPRESENTATION_RELATIONSHIP(' ',' ',#2471,#2466)
REPRESENTATION_RELATIONSHIP_WITH_TRANSFORMATION(#168)
SHAPE_REPRESENTATION_RELATIONSHIP()
);
#156=(
REPRESENTATION_RELATIONSHIP(' ',' ',#2473,#2466)
REPRESENTATION_RELATIONSHIP_WITH_TRANSFORMATION(#169)
SHAPE_REPRESENTATION_RELATIONSHIP()
);
#157=(
REPRESENTATION_RELATIONSHIP(' ',' ',#2474,#2466)
REPRESENTATION_RELATIONSHIP_WITH_TRANSFORMATION(#170)
SHAPE_REPRESENTATION_RELATIONSHIP()
);
#158=(
REPRESENTATION_RELATIONSHIP(' ',' ',#2475,#2466)
REPRESENTATION_RELATIONSHIP_WITH_TRANSFORMATION(#171)
SHAPE_REPRESENTATION_RELATIONSHIP()
);
#159=(
REPRESENTATION_RELATIONSHIP(' ',' ',#2473,#2466)
REPRESENTATION_RELATIONSHIP_WITH_TRANSFORMATION(#172)
SHAPE_REPRESENTATION_RELATIONSHIP()
);
#160=ITEM_DEFINED_TRANSFORMATION(' ',' ',#2476,#2487);
#161=ITEM_DEFINED_TRANSFORMATION(' ',' ',#2476,#2498);
#162=ITEM_DEFINED_TRANSFORMATION(' ',' ',#2476,#2520);
#163=ITEM_DEFINED_TRANSFORMATION(' ',' ',#2476,#2527);
#164=ITEM_DEFINED_TRANSFORMATION(' ',' ',#2476,#2590);
#165=ITEM_DEFINED_TRANSFORMATION(' ',' ',#2476,#2591);
#166=ITEM_DEFINED_TRANSFORMATION(' ',' ',#2476,#2592);
#167=ITEM_DEFINED_TRANSFORMATION(' ',' ',#2476,#2643);
#168=ITEM_DEFINED_TRANSFORMATION(' ',' ',#2476,#2644);
#169=ITEM_DEFINED_TRANSFORMATION(' ',' ',#2476,#2682);
#170=ITEM_DEFINED_TRANSFORMATION(' ',' ',#2476,#2689);
#171=ITEM_DEFINED_TRANSFORMATION(' ',' ',#2476,#2696);
#172=ITEM_DEFINED_TRANSFORMATION(' ',' ',#2476,#2697);
#173=SHAPE_REPRESENTATION_RELATIONSHIP('','',#2467,#182);
#174=SHAPE_REPRESENTATION_RELATIONSHIP('','',#2468,#183);
#175=SHAPE_REPRESENTATION_RELATIONSHIP('','',#2469,#184);
#176=SHAPE_REPRESENTATION_RELATIONSHIP('','',#2470,#185);
#177=SHAPE_REPRESENTATION_RELATIONSHIP('','',#2471,#186);
#178=SHAPE_REPRESENTATION_RELATIONSHIP('','',#2472,#187);
#179=SHAPE_REPRESENTATION_RELATIONSHIP('','',#2473,#188);
#180=SHAPE_REPRESENTATION_RELATIONSHIP('','',#2474,#189);
#181=SHAPE_REPRESENTATION_RELATIONSHIP('','',#2475,#190);
#182=ADVANCED_BREP_SHAPE_REPRESENTATION('',(#2447),#4024);
#183=ADVANCED_BREP_SHAPE_REPRESENTATION('',(#2448),#4025);
#184=ADVANCED_BREP_SHAPE_REPRESENTATION('',(#2449),#4026);
#185=ADVANCED_BREP_SHAPE_REPRESENTATION('',(#2450),#4027);
#186=ADVANCED_BREP_SHAPE_REPRESENTATION('',(#2451),#4028);
#187=ADVANCED_BREP_SHAPE_REPRESENTATION('',(#2452),#4029);
#188=ADVANCED_BREP_SHAPE_REPRESENTATION('',(#2453),#4030);
#189=ADVANCED_BREP_SHAPE_REPRESENTATION('',(#2454),#4031);
#190=ADVANCED_BREP_SHAPE_REPRESENTATION('',(#2455),#4032);
#191=ORIENTED_EDGE('',*,*,#781,.F.);
#192=ORIENTED_EDGE('',*,*,#782,.F.);
#193=ORIENTED_EDGE('',*,*,#783,.T.);
#194=ORIENTED_EDGE('',*,*,#784,.T.);
#195=ORIENTED_EDGE('',*,*,#785,.T.);
#196=ORIENTED_EDGE('',*,*,#786,.T.);
#197=ORIENTED_EDGE('',*,*,#787,.F.);
#198=ORIENTED_EDGE('',*,*,#788,.F.);
#199=ORIENTED_EDGE('',*,*,#789,.F.);
#200=ORIENTED_EDGE('',*,*,#790,.F.);
#201=ORIENTED_EDGE('',*,*,#791,.T.);
#202=ORIENTED_EDGE('',*,*,#792,.T.);
#203=ORIENTED_EDGE('',*,*,#793,.F.);
#204=ORIENTED_EDGE('',*,*,#794,.T.);
#205=ORIENTED_EDGE('',*,*,#795,.T.);
#206=ORIENTED_EDGE('',*,*,#796,.F.);
#207=ORIENTED_EDGE('',*,*,#795,.F.);
#208=ORIENTED_EDGE('',*,*,#797,.T.);
#209=ORIENTED_EDGE('',*,*,#784,.F.);
#210=ORIENTED_EDGE('',*,*,#798,.T.);
#211=ORIENTED_EDGE('',*,*,#787,.T.);
#212=ORIENTED_EDGE('',*,*,#799,.T.);
#213=ORIENTED_EDGE('',*,*,#792,.F.);
#214=ORIENTED_EDGE('',*,*,#800,.T.);
#215=ORIENTED_EDGE('',*,*,#782,.T.);
#216=ORIENTED_EDGE('',*,*,#801,.T.);
#217=ORIENTED_EDGE('',*,*,#793,.T.);
#218=ORIENTED_EDGE('',*,*,#802,.F.);
#219=ORIENTED_EDGE('',*,*,#790,.T.);
#220=ORIENTED_EDGE('',*,*,#803,.T.);
#221=ORIENTED_EDGE('',*,*,#785,.F.);
#222=ORIENTED_EDGE('',*,*,#804,.F.);
#223=ORIENTED_EDGE('',*,*,#798,.F.);
#224=ORIENTED_EDGE('',*,*,#783,.F.);
#225=ORIENTED_EDGE('',*,*,#804,.T.);
#226=ORIENTED_EDGE('',*,*,#788,.T.);
#227=ORIENTED_EDGE('',*,*,#800,.F.);
#228=ORIENTED_EDGE('',*,*,#791,.F.);
#229=ORIENTED_EDGE('',*,*,#802,.T.);
#230=ORIENTED_EDGE('',*,*,#796,.T.);
#231=ORIENTED_EDGE('',*,*,#789,.T.);
#232=ORIENTED_EDGE('',*,*,#799,.F.);
#233=ORIENTED_EDGE('',*,*,#786,.F.);
#234=ORIENTED_EDGE('',*,*,#803,.F.);
#235=ORIENTED_EDGE('',*,*,#781,.T.);
#236=ORIENTED_EDGE('',*,*,#797,.F.);
#237=ORIENTED_EDGE('',*,*,#794,.F.);
#238=ORIENTED_EDGE('',*,*,#801,.F.);
#239=ORIENTED_EDGE('',*,*,#805,.F.);
#240=ORIENTED_EDGE('',*,*,#806,.T.);
#241=ORIENTED_EDGE('',*,*,#807,.F.);
#242=ORIENTED_EDGE('',*,*,#808,.F.);
#243=ORIENTED_EDGE('',*,*,#809,.T.);
#244=ORIENTED_EDGE('',*,*,#810,.T.);
#245=ORIENTED_EDGE('',*,*,#811,.F.);
#246=ORIENTED_EDGE('',*,*,#812,.T.);
#247=ORIENTED_EDGE('',*,*,#813,.F.);
#248=ORIENTED_EDGE('',*,*,#812,.F.);
#249=ORIENTED_EDGE('',*,*,#814,.T.);
#250=ORIENTED_EDGE('',*,*,#815,.T.);
#251=ORIENTED_EDGE('',*,*,#816,.F.);
#252=ORIENTED_EDGE('',*,*,#817,.F.);
#253=ORIENTED_EDGE('',*,*,#815,.F.);
#254=ORIENTED_EDGE('',*,*,#818,.T.);
#255=ORIENTED_EDGE('',*,*,#819,.T.);
#256=ORIENTED_EDGE('',*,*,#820,.T.);
#257=ORIENTED_EDGE('',*,*,#821,.F.);
#258=ORIENTED_EDGE('',*,*,#822,.T.);
#259=ORIENTED_EDGE('',*,*,#823,.F.);
#260=ORIENTED_EDGE('',*,*,#822,.F.);
#261=ORIENTED_EDGE('',*,*,#824,.T.);
#262=ORIENTED_EDGE('',*,*,#807,.T.);
#263=ORIENTED_EDGE('',*,*,#821,.T.);
#264=ORIENTED_EDGE('',*,*,#825,.T.);
#265=ORIENTED_EDGE('',*,*,#818,.F.);
#266=ORIENTED_EDGE('',*,*,#814,.F.);
#267=ORIENTED_EDGE('',*,*,#811,.T.);
#268=ORIENTED_EDGE('',*,*,#826,.T.);
#269=ORIENTED_EDGE('',*,*,#808,.T.);
#270=ORIENTED_EDGE('',*,*,#824,.F.);
#271=ORIENTED_EDGE('',*,*,#809,.F.);
#272=ORIENTED_EDGE('',*,*,#813,.T.);
#273=ORIENTED_EDGE('',*,*,#817,.T.);
#274=ORIENTED_EDGE('',*,*,#827,.F.);
#275=ORIENTED_EDGE('',*,*,#819,.F.);
#276=ORIENTED_EDGE('',*,*,#823,.T.);
#277=ORIENTED_EDGE('',*,*,#806,.F.);
#278=ORIENTED_EDGE('',*,*,#828,.F.);
#279=ORIENTED_EDGE('',*,*,#816,.T.);
#280=ORIENTED_EDGE('',*,*,#825,.F.);
#281=ORIENTED_EDGE('',*,*,#820,.F.);
#282=ORIENTED_EDGE('',*,*,#827,.T.);
#283=ORIENTED_EDGE('',*,*,#828,.T.);
#284=ORIENTED_EDGE('',*,*,#805,.T.);
#285=ORIENTED_EDGE('',*,*,#826,.F.);
#286=ORIENTED_EDGE('',*,*,#810,.F.);
#287=ORIENTED_EDGE('',*,*,#829,.F.);
#288=ORIENTED_EDGE('',*,*,#830,.F.);
#289=ORIENTED_EDGE('',*,*,#831,.F.);
#290=ORIENTED_EDGE('',*,*,#832,.F.);
#291=ORIENTED_EDGE('',*,*,#833,.T.);
#292=ORIENTED_EDGE('',*,*,#834,.T.);
#293=ORIENTED_EDGE('',*,*,#835,.T.);
#294=ORIENTED_EDGE('',*,*,#836,.F.);
#295=ORIENTED_EDGE('',*,*,#837,.T.);
#296=ORIENTED_EDGE('',*,*,#838,.F.);
#297=ORIENTED_EDGE('',*,*,#839,.T.);
#298=ORIENTED_EDGE('',*,*,#840,.F.);
#299=ORIENTED_EDGE('',*,*,#841,.F.);
#300=ORIENTED_EDGE('',*,*,#842,.T.);
#301=ORIENTED_EDGE('',*,*,#843,.F.);
#302=ORIENTED_EDGE('',*,*,#844,.F.);
#303=ORIENTED_EDGE('',*,*,#836,.T.);
#304=ORIENTED_EDGE('',*,*,#845,.T.);
#305=ORIENTED_EDGE('',*,*,#846,.T.);
#306=ORIENTED_EDGE('',*,*,#847,.T.);
#307=ORIENTED_EDGE('',*,*,#834,.F.);
#308=ORIENTED_EDGE('',*,*,#848,.T.);
#309=ORIENTED_EDGE('',*,*,#849,.T.);
#310=ORIENTED_EDGE('',*,*,#848,.F.);
#311=ORIENTED_EDGE('',*,*,#833,.F.);
#312=ORIENTED_EDGE('',*,*,#850,.T.);
#313=ORIENTED_EDGE('',*,*,#851,.F.);
#314=ORIENTED_EDGE('',*,*,#850,.F.);
#315=ORIENTED_EDGE('',*,*,#832,.T.);
#316=ORIENTED_EDGE('',*,*,#852,.T.);
#317=ORIENTED_EDGE('',*,*,#853,.F.);
#318=ORIENTED_EDGE('',*,*,#852,.F.);
#319=ORIENTED_EDGE('',*,*,#831,.T.);
#320=ORIENTED_EDGE('',*,*,#854,.T.);
#321=ORIENTED_EDGE('',*,*,#855,.F.);
#322=ORIENTED_EDGE('',*,*,#856,.T.);
#323=ORIENTED_EDGE('',*,*,#857,.F.);
#324=ORIENTED_EDGE('',*,*,#854,.F.);
#325=ORIENTED_EDGE('',*,*,#830,.T.);
#326=ORIENTED_EDGE('',*,*,#858,.F.);
#327=ORIENTED_EDGE('',*,*,#859,.T.);
#328=ORIENTED_EDGE('',*,*,#860,.T.);
#329=ORIENTED_EDGE('',*,*,#840,.T.);
#330=ORIENTED_EDGE('',*,*,#861,.T.);
#331=ORIENTED_EDGE('',*,*,#862,.T.);
#332=ORIENTED_EDGE('',*,*,#863,.T.);
#333=ORIENTED_EDGE('',*,*,#864,.T.);
#334=ORIENTED_EDGE('',*,*,#861,.F.);
#335=ORIENTED_EDGE('',*,*,#839,.F.);
#336=ORIENTED_EDGE('',*,*,#865,.F.);
#337=ORIENTED_EDGE('',*,*,#866,.F.);
#338=ORIENTED_EDGE('',*,*,#867,.T.);
#339=ORIENTED_EDGE('',*,*,#868,.T.);
#340=ORIENTED_EDGE('',*,*,#869,.T.);
#341=ORIENTED_EDGE('',*,*,#870,.T.);
#342=ORIENTED_EDGE('',*,*,#871,.T.);
#343=ORIENTED_EDGE('',*,*,#872,.T.);
#344=ORIENTED_EDGE('',*,*,#873,.T.);
#345=ORIENTED_EDGE('',*,*,#874,.F.);
#346=ORIENTED_EDGE('',*,*,#875,.F.);
#347=ORIENTED_EDGE('',*,*,#837,.F.);
#348=ORIENTED_EDGE('',*,*,#844,.T.);
#349=ORIENTED_EDGE('',*,*,#864,.F.);
#350=ORIENTED_EDGE('',*,*,#876,.T.);
#351=ORIENTED_EDGE('',*,*,#869,.F.);
#352=ORIENTED_EDGE('',*,*,#843,.T.);
#353=ORIENTED_EDGE('',*,*,#877,.T.);
#354=ORIENTED_EDGE('',*,*,#845,.F.);
#355=ORIENTED_EDGE('',*,*,#849,.F.);
#356=ORIENTED_EDGE('',*,*,#851,.T.);
#357=ORIENTED_EDGE('',*,*,#853,.T.);
#358=ORIENTED_EDGE('',*,*,#857,.T.);
#359=ORIENTED_EDGE('',*,*,#878,.F.);
#360=ORIENTED_EDGE('',*,*,#858,.T.);
#361=ORIENTED_EDGE('',*,*,#865,.T.);
#362=ORIENTED_EDGE('',*,*,#838,.T.);
#363=ORIENTED_EDGE('',*,*,#875,.T.);
#364=ORIENTED_EDGE('',*,*,#879,.F.);
#365=ORIENTED_EDGE('',*,*,#871,.F.);
#366=ORIENTED_EDGE('',*,*,#880,.T.);
#367=ORIENTED_EDGE('',*,*,#862,.F.);
#368=ORIENTED_EDGE('',*,*,#881,.T.);
#369=ORIENTED_EDGE('',*,*,#882,.F.);
#370=ORIENTED_EDGE('',*,*,#866,.T.);
#371=ORIENTED_EDGE('',*,*,#879,.T.);
#372=ORIENTED_EDGE('',*,*,#874,.T.);
#373=ORIENTED_EDGE('',*,*,#867,.F.);
#374=ORIENTED_EDGE('',*,*,#882,.T.);
#375=ORIENTED_EDGE('',*,*,#873,.F.);
#376=ORIENTED_EDGE('',*,*,#883,.F.);
#377=ORIENTED_EDGE('',*,*,#868,.F.);
#378=ORIENTED_EDGE('',*,*,#883,.T.);
#379=ORIENTED_EDGE('',*,*,#872,.F.);
#380=ORIENTED_EDGE('',*,*,#881,.F.);
#381=ORIENTED_EDGE('',*,*,#835,.F.);
#382=ORIENTED_EDGE('',*,*,#847,.F.);
#383=ORIENTED_EDGE('',*,*,#884,.T.);
#384=ORIENTED_EDGE('',*,*,#841,.T.);
#385=ORIENTED_EDGE('',*,*,#829,.T.);
#386=ORIENTED_EDGE('',*,*,#860,.F.);
#387=ORIENTED_EDGE('',*,*,#885,.F.);
#388=ORIENTED_EDGE('',*,*,#855,.T.);
#389=ORIENTED_EDGE('',*,*,#863,.F.);
#390=ORIENTED_EDGE('',*,*,#880,.F.);
#391=ORIENTED_EDGE('',*,*,#870,.F.);
#392=ORIENTED_EDGE('',*,*,#876,.F.);
#393=ORIENTED_EDGE('',*,*,#859,.F.);
#394=ORIENTED_EDGE('',*,*,#878,.T.);
#395=ORIENTED_EDGE('',*,*,#856,.F.);
#396=ORIENTED_EDGE('',*,*,#885,.T.);
#397=ORIENTED_EDGE('',*,*,#842,.F.);
#398=ORIENTED_EDGE('',*,*,#884,.F.);
#399=ORIENTED_EDGE('',*,*,#846,.F.);
#400=ORIENTED_EDGE('',*,*,#877,.F.);
#401=ORIENTED_EDGE('',*,*,#886,.F.);
#402=ORIENTED_EDGE('',*,*,#887,.F.);
#403=ORIENTED_EDGE('',*,*,#888,.T.);
#404=ORIENTED_EDGE('',*,*,#889,.T.);
#405=ORIENTED_EDGE('',*,*,#890,.T.);
#406=ORIENTED_EDGE('',*,*,#891,.F.);
#407=ORIENTED_EDGE('',*,*,#892,.F.);
#408=ORIENTED_EDGE('',*,*,#887,.T.);
#409=ORIENTED_EDGE('',*,*,#893,.T.);
#410=ORIENTED_EDGE('',*,*,#894,.F.);
#411=ORIENTED_EDGE('',*,*,#895,.F.);
#412=ORIENTED_EDGE('',*,*,#891,.T.);
#413=ORIENTED_EDGE('',*,*,#896,.F.);
#414=ORIENTED_EDGE('',*,*,#889,.F.);
#415=ORIENTED_EDGE('',*,*,#897,.T.);
#416=ORIENTED_EDGE('',*,*,#894,.T.);
#417=ORIENTED_EDGE('',*,*,#888,.F.);
#418=ORIENTED_EDGE('',*,*,#892,.T.);
#419=ORIENTED_EDGE('',*,*,#895,.T.);
#420=ORIENTED_EDGE('',*,*,#897,.F.);
#421=ORIENTED_EDGE('',*,*,#886,.T.);
#422=ORIENTED_EDGE('',*,*,#896,.T.);
#423=ORIENTED_EDGE('',*,*,#893,.F.);
#424=ORIENTED_EDGE('',*,*,#890,.F.);
#425=ORIENTED_EDGE('',*,*,#898,.T.);
#426=ORIENTED_EDGE('',*,*,#899,.T.);
#427=ORIENTED_EDGE('',*,*,#900,.F.);
#428=ORIENTED_EDGE('',*,*,#901,.T.);
#429=ORIENTED_EDGE('',*,*,#902,.F.);
#430=ORIENTED_EDGE('',*,*,#903,.T.);
#431=ORIENTED_EDGE('',*,*,#904,.T.);
#432=ORIENTED_EDGE('',*,*,#905,.F.);
#433=ORIENTED_EDGE('',*,*,#906,.T.);
#434=ORIENTED_EDGE('',*,*,#907,.F.);
#435=ORIENTED_EDGE('',*,*,#908,.F.);
#436=ORIENTED_EDGE('',*,*,#909,.T.);
#437=ORIENTED_EDGE('',*,*,#910,.F.);
#438=ORIENTED_EDGE('',*,*,#911,.F.);
#439=ORIENTED_EDGE('',*,*,#912,.F.);
#440=ORIENTED_EDGE('',*,*,#913,.F.);
#441=ORIENTED_EDGE('',*,*,#914,.F.);
#442=ORIENTED_EDGE('',*,*,#915,.F.);
#443=ORIENTED_EDGE('',*,*,#916,.F.);
#444=ORIENTED_EDGE('',*,*,#917,.F.);
#445=ORIENTED_EDGE('',*,*,#918,.F.);
#446=ORIENTED_EDGE('',*,*,#919,.F.);
#447=ORIENTED_EDGE('',*,*,#920,.T.);
#448=ORIENTED_EDGE('',*,*,#921,.T.);
#449=ORIENTED_EDGE('',*,*,#898,.F.);
#450=ORIENTED_EDGE('',*,*,#922,.T.);
#451=ORIENTED_EDGE('',*,*,#906,.F.);
#452=ORIENTED_EDGE('',*,*,#904,.F.);
#453=ORIENTED_EDGE('',*,*,#902,.T.);
#454=ORIENTED_EDGE('',*,*,#908,.T.);
#455=ORIENTED_EDGE('',*,*,#900,.T.);
#456=ORIENTED_EDGE('',*,*,#923,.T.);
#457=ORIENTED_EDGE('',*,*,#924,.F.);
#458=ORIENTED_EDGE('',*,*,#925,.F.);
#459=ORIENTED_EDGE('',*,*,#907,.T.);
#460=ORIENTED_EDGE('',*,*,#905,.T.);
#461=ORIENTED_EDGE('',*,*,#903,.F.);
#462=ORIENTED_EDGE('',*,*,#909,.F.);
#463=ORIENTED_EDGE('',*,*,#901,.F.);
#464=ORIENTED_EDGE('',*,*,#925,.T.);
#465=ORIENTED_EDGE('',*,*,#926,.F.);
#466=ORIENTED_EDGE('',*,*,#922,.F.);
#467=ORIENTED_EDGE('',*,*,#926,.T.);
#468=ORIENTED_EDGE('',*,*,#924,.T.);
#469=ORIENTED_EDGE('',*,*,#927,.F.);
#470=ORIENTED_EDGE('',*,*,#920,.F.);
#471=ORIENTED_EDGE('',*,*,#899,.F.);
#472=ORIENTED_EDGE('',*,*,#921,.F.);
#473=ORIENTED_EDGE('',*,*,#927,.T.);
#474=ORIENTED_EDGE('',*,*,#923,.F.);
#475=ORIENTED_EDGE('',*,*,#928,.F.);
#476=ORIENTED_EDGE('',*,*,#919,.T.);
#477=ORIENTED_EDGE('',*,*,#928,.T.);
#478=ORIENTED_EDGE('',*,*,#929,.F.);
#479=ORIENTED_EDGE('',*,*,#918,.T.);
#480=ORIENTED_EDGE('',*,*,#929,.T.);
#481=ORIENTED_EDGE('',*,*,#930,.F.);
#482=ORIENTED_EDGE('',*,*,#917,.T.);
#483=ORIENTED_EDGE('',*,*,#930,.T.);
#484=ORIENTED_EDGE('',*,*,#931,.F.);
#485=ORIENTED_EDGE('',*,*,#916,.T.);
#486=ORIENTED_EDGE('',*,*,#931,.T.);
#487=ORIENTED_EDGE('',*,*,#932,.F.);
#488=ORIENTED_EDGE('',*,*,#915,.T.);
#489=ORIENTED_EDGE('',*,*,#932,.T.);
#490=ORIENTED_EDGE('',*,*,#933,.F.);
#491=ORIENTED_EDGE('',*,*,#914,.T.);
#492=ORIENTED_EDGE('',*,*,#933,.T.);
#493=ORIENTED_EDGE('',*,*,#934,.F.);
#494=ORIENTED_EDGE('',*,*,#913,.T.);
#495=ORIENTED_EDGE('',*,*,#934,.T.);
#496=ORIENTED_EDGE('',*,*,#935,.F.);
#497=ORIENTED_EDGE('',*,*,#912,.T.);
#498=ORIENTED_EDGE('',*,*,#935,.T.);
#499=ORIENTED_EDGE('',*,*,#936,.F.);
#500=ORIENTED_EDGE('',*,*,#911,.T.);
#501=ORIENTED_EDGE('',*,*,#936,.T.);
#502=ORIENTED_EDGE('',*,*,#937,.F.);
#503=ORIENTED_EDGE('',*,*,#910,.T.);
#504=ORIENTED_EDGE('',*,*,#937,.T.);
#505=ORIENTED_EDGE('',*,*,#938,.T.);
#506=ORIENTED_EDGE('',*,*,#939,.T.);
#507=ORIENTED_EDGE('',*,*,#940,.F.);
#508=ORIENTED_EDGE('',*,*,#941,.T.);
#509=ORIENTED_EDGE('',*,*,#942,.F.);
#510=ORIENTED_EDGE('',*,*,#943,.T.);
#511=ORIENTED_EDGE('',*,*,#944,.T.);
#512=ORIENTED_EDGE('',*,*,#945,.F.);
#513=ORIENTED_EDGE('',*,*,#946,.F.);
#514=ORIENTED_EDGE('',*,*,#947,.F.);
#515=ORIENTED_EDGE('',*,*,#948,.T.);
#516=ORIENTED_EDGE('',*,*,#949,.T.);
#517=ORIENTED_EDGE('',*,*,#950,.T.);
#518=ORIENTED_EDGE('',*,*,#951,.T.);
#519=ORIENTED_EDGE('',*,*,#952,.F.);
#520=ORIENTED_EDGE('',*,*,#953,.T.);
#521=ORIENTED_EDGE('',*,*,#946,.T.);
#522=ORIENTED_EDGE('',*,*,#954,.F.);
#523=ORIENTED_EDGE('',*,*,#947,.T.);
#524=ORIENTED_EDGE('',*,*,#955,.F.);
#525=ORIENTED_EDGE('',*,*,#956,.F.);
#526=ORIENTED_EDGE('',*,*,#957,.T.);
#527=ORIENTED_EDGE('',*,*,#958,.F.);
#528=ORIENTED_EDGE('',*,*,#959,.T.);
#529=ORIENTED_EDGE('',*,*,#960,.T.);
#530=ORIENTED_EDGE('',*,*,#961,.T.);
#531=ORIENTED_EDGE('',*,*,#952,.T.);
#532=ORIENTED_EDGE('',*,*,#956,.T.);
#533=ORIENTED_EDGE('',*,*,#962,.T.);
#534=ORIENTED_EDGE('',*,*,#963,.T.);
#535=ORIENTED_EDGE('',*,*,#964,.F.);
#536=ORIENTED_EDGE('',*,*,#965,.F.);
#537=ORIENTED_EDGE('',*,*,#955,.T.);
#538=ORIENTED_EDGE('',*,*,#954,.T.);
#539=ORIENTED_EDGE('',*,*,#953,.F.);
#540=ORIENTED_EDGE('',*,*,#957,.F.);
#541=ORIENTED_EDGE('',*,*,#966,.F.);
#542=ORIENTED_EDGE('',*,*,#960,.F.);
#543=ORIENTED_EDGE('',*,*,#967,.F.);
#544=ORIENTED_EDGE('',*,*,#964,.T.);
#545=ORIENTED_EDGE('',*,*,#967,.T.);
#546=ORIENTED_EDGE('',*,*,#959,.F.);
#547=ORIENTED_EDGE('',*,*,#968,.F.);
#548=ORIENTED_EDGE('',*,*,#948,.F.);
#549=ORIENTED_EDGE('',*,*,#969,.F.);
#550=ORIENTED_EDGE('',*,*,#965,.T.);
#551=ORIENTED_EDGE('',*,*,#966,.T.);
#552=ORIENTED_EDGE('',*,*,#963,.F.);
#553=ORIENTED_EDGE('',*,*,#970,.F.);
#554=ORIENTED_EDGE('',*,*,#950,.F.);
#555=ORIENTED_EDGE('',*,*,#971,.F.);
#556=ORIENTED_EDGE('',*,*,#961,.F.);
#557=ORIENTED_EDGE('',*,*,#969,.T.);
#558=ORIENTED_EDGE('',*,*,#951,.F.);
#559=ORIENTED_EDGE('',*,*,#970,.T.);
#560=ORIENTED_EDGE('',*,*,#962,.F.);
#561=ORIENTED_EDGE('',*,*,#972,.T.);
#562=ORIENTED_EDGE('',*,*,#973,.T.);
#563=ORIENTED_EDGE('',*,*,#974,.T.);
#564=ORIENTED_EDGE('',*,*,#975,.F.);
#565=ORIENTED_EDGE('',*,*,#940,.T.);
#566=ORIENTED_EDGE('',*,*,#976,.F.);
#567=ORIENTED_EDGE('',*,*,#977,.F.);
#568=ORIENTED_EDGE('',*,*,#978,.F.);
#569=ORIENTED_EDGE('',*,*,#979,.T.);
#570=ORIENTED_EDGE('',*,*,#980,.T.);
#571=ORIENTED_EDGE('',*,*,#945,.T.);
#572=ORIENTED_EDGE('',*,*,#981,.T.);
#573=ORIENTED_EDGE('',*,*,#949,.F.);
#574=ORIENTED_EDGE('',*,*,#982,.F.);
#575=ORIENTED_EDGE('',*,*,#968,.T.);
#576=ORIENTED_EDGE('',*,*,#983,.F.);
#577=ORIENTED_EDGE('',*,*,#984,.F.);
#578=ORIENTED_EDGE('',*,*,#982,.T.);
#579=ORIENTED_EDGE('',*,*,#958,.T.);
#580=ORIENTED_EDGE('',*,*,#985,.F.);
#581=ORIENTED_EDGE('',*,*,#943,.F.);
#582=ORIENTED_EDGE('',*,*,#986,.F.);
#583=ORIENTED_EDGE('',*,*,#987,.F.);
#584=ORIENTED_EDGE('',*,*,#988,.T.);
#585=ORIENTED_EDGE('',*,*,#989,.T.);
#586=ORIENTED_EDGE('',*,*,#990,.T.);
#587=ORIENTED_EDGE('',*,*,#938,.F.);
#588=ORIENTED_EDGE('',*,*,#991,.T.);
#589=ORIENTED_EDGE('',*,*,#992,.F.);
#590=ORIENTED_EDGE('',*,*,#993,.F.);
#591=ORIENTED_EDGE('',*,*,#994,.F.);
#592=ORIENTED_EDGE('',*,*,#983,.T.);
#593=ORIENTED_EDGE('',*,*,#971,.T.);
#594=ORIENTED_EDGE('',*,*,#981,.F.);
#595=ORIENTED_EDGE('',*,*,#944,.F.);
#596=ORIENTED_EDGE('',*,*,#985,.T.);
#597=ORIENTED_EDGE('',*,*,#995,.F.);
#598=ORIENTED_EDGE('',*,*,#972,.F.);
#599=ORIENTED_EDGE('',*,*,#984,.T.);
#600=ORIENTED_EDGE('',*,*,#994,.T.);
#601=ORIENTED_EDGE('',*,*,#974,.F.);
#602=ORIENTED_EDGE('',*,*,#996,.F.);
#603=ORIENTED_EDGE('',*,*,#992,.T.);
#604=ORIENTED_EDGE('',*,*,#997,.T.);
#605=ORIENTED_EDGE('',*,*,#941,.F.);
#606=ORIENTED_EDGE('',*,*,#975,.T.);
#607=ORIENTED_EDGE('',*,*,#997,.F.);
#608=ORIENTED_EDGE('',*,*,#991,.F.);
#609=ORIENTED_EDGE('',*,*,#973,.F.);
#610=ORIENTED_EDGE('',*,*,#995,.T.);
#611=ORIENTED_EDGE('',*,*,#993,.T.);
#612=ORIENTED_EDGE('',*,*,#996,.T.);
#613=ORIENTED_EDGE('',*,*,#986,.T.);
#614=ORIENTED_EDGE('',*,*,#942,.T.);
#615=ORIENTED_EDGE('',*,*,#980,.F.);
#616=ORIENTED_EDGE('',*,*,#998,.F.);
#617=ORIENTED_EDGE('',*,*,#939,.F.);
#618=ORIENTED_EDGE('',*,*,#990,.F.);
#619=ORIENTED_EDGE('',*,*,#999,.T.);
#620=ORIENTED_EDGE('',*,*,#976,.T.);
#621=ORIENTED_EDGE('',*,*,#978,.T.);
#622=ORIENTED_EDGE('',*,*,#1000,.F.);
#623=ORIENTED_EDGE('',*,*,#988,.F.);
#624=ORIENTED_EDGE('',*,*,#1001,.T.);
#625=ORIENTED_EDGE('',*,*,#979,.F.);
#626=ORIENTED_EDGE('',*,*,#1001,.F.);
#627=ORIENTED_EDGE('',*,*,#987,.T.);
#628=ORIENTED_EDGE('',*,*,#998,.T.);
#629=ORIENTED_EDGE('',*,*,#977,.T.);
#630=ORIENTED_EDGE('',*,*,#999,.F.);
#631=ORIENTED_EDGE('',*,*,#989,.F.);
#632=ORIENTED_EDGE('',*,*,#1000,.T.);
#633=ORIENTED_EDGE('',*,*,#1002,.F.);
#634=ORIENTED_EDGE('',*,*,#1003,.F.);
#635=ORIENTED_EDGE('',*,*,#1004,.T.);
#636=ORIENTED_EDGE('',*,*,#1005,.T.);
#637=ORIENTED_EDGE('',*,*,#1006,.F.);
#638=ORIENTED_EDGE('',*,*,#1007,.F.);
#639=ORIENTED_EDGE('',*,*,#1008,.T.);
#640=ORIENTED_EDGE('',*,*,#1003,.T.);
#641=ORIENTED_EDGE('',*,*,#1009,.F.);
#642=ORIENTED_EDGE('',*,*,#1010,.F.);
#643=ORIENTED_EDGE('',*,*,#1011,.T.);
#644=ORIENTED_EDGE('',*,*,#1007,.T.);
#645=ORIENTED_EDGE('',*,*,#1012,.T.);
#646=ORIENTED_EDGE('',*,*,#1013,.F.);
#647=ORIENTED_EDGE('',*,*,#1014,.F.);
#648=ORIENTED_EDGE('',*,*,#1010,.T.);
#649=ORIENTED_EDGE('',*,*,#1015,.T.);
#650=ORIENTED_EDGE('',*,*,#1016,.F.);
#651=ORIENTED_EDGE('',*,*,#1017,.F.);
#652=ORIENTED_EDGE('',*,*,#1013,.T.);
#653=ORIENTED_EDGE('',*,*,#1018,.F.);
#654=ORIENTED_EDGE('',*,*,#1019,.F.);
#655=ORIENTED_EDGE('',*,*,#1020,.T.);
#656=ORIENTED_EDGE('',*,*,#1016,.T.);
#657=ORIENTED_EDGE('',*,*,#1021,.F.);
#658=ORIENTED_EDGE('',*,*,#1022,.F.);
#659=ORIENTED_EDGE('',*,*,#1023,.T.);
#660=ORIENTED_EDGE('',*,*,#1019,.T.);
#661=ORIENTED_EDGE('',*,*,#1024,.F.);
#662=ORIENTED_EDGE('',*,*,#1025,.F.);
#663=ORIENTED_EDGE('',*,*,#1026,.T.);
#664=ORIENTED_EDGE('',*,*,#1022,.T.);
#665=ORIENTED_EDGE('',*,*,#1027,.T.);
#666=ORIENTED_EDGE('',*,*,#1028,.F.);
#667=ORIENTED_EDGE('',*,*,#1029,.F.);
#668=ORIENTED_EDGE('',*,*,#1025,.T.);
#669=ORIENTED_EDGE('',*,*,#1030,.T.);
#670=ORIENTED_EDGE('',*,*,#1031,.F.);
#671=ORIENTED_EDGE('',*,*,#1032,.F.);
#672=ORIENTED_EDGE('',*,*,#1028,.T.);
#673=ORIENTED_EDGE('',*,*,#1033,.T.);
#674=ORIENTED_EDGE('',*,*,#1034,.F.);
#675=ORIENTED_EDGE('',*,*,#1035,.F.);
#676=ORIENTED_EDGE('',*,*,#1031,.T.);
#677=ORIENTED_EDGE('',*,*,#1036,.T.);
#678=ORIENTED_EDGE('',*,*,#1005,.F.);
#679=ORIENTED_EDGE('',*,*,#1037,.F.);
#680=ORIENTED_EDGE('',*,*,#1034,.T.);
#681=ORIENTED_EDGE('',*,*,#1038,.T.);
#682=ORIENTED_EDGE('',*,*,#1039,.F.);
#683=ORIENTED_EDGE('',*,*,#1040,.T.);
#684=ORIENTED_EDGE('',*,*,#1041,.F.);
#685=ORIENTED_EDGE('',*,*,#1042,.F.);
#686=ORIENTED_EDGE('',*,*,#1043,.F.);
#687=ORIENTED_EDGE('',*,*,#1044,.F.);
#688=ORIENTED_EDGE('',*,*,#1045,.F.);
#689=ORIENTED_EDGE('',*,*,#1046,.T.);
#690=ORIENTED_EDGE('',*,*,#1038,.F.);
#691=ORIENTED_EDGE('',*,*,#1004,.F.);
#692=ORIENTED_EDGE('',*,*,#1008,.F.);
#693=ORIENTED_EDGE('',*,*,#1011,.F.);
#694=ORIENTED_EDGE('',*,*,#1014,.T.);
#695=ORIENTED_EDGE('',*,*,#1017,.T.);
#696=ORIENTED_EDGE('',*,*,#1020,.F.);
#697=ORIENTED_EDGE('',*,*,#1023,.F.);
#698=ORIENTED_EDGE('',*,*,#1026,.F.);
#699=ORIENTED_EDGE('',*,*,#1029,.T.);
#700=ORIENTED_EDGE('',*,*,#1032,.T.);
#701=ORIENTED_EDGE('',*,*,#1035,.T.);
#702=ORIENTED_EDGE('',*,*,#1037,.T.);
#703=ORIENTED_EDGE('',*,*,#1040,.F.);
#704=ORIENTED_EDGE('',*,*,#1047,.F.);
#705=ORIENTED_EDGE('',*,*,#1048,.F.);
#706=ORIENTED_EDGE('',*,*,#1049,.F.);
#707=ORIENTED_EDGE('',*,*,#1050,.F.);
#708=ORIENTED_EDGE('',*,*,#1051,.F.);
#709=ORIENTED_EDGE('',*,*,#1039,.T.);
#710=ORIENTED_EDGE('',*,*,#1002,.T.);
#711=ORIENTED_EDGE('',*,*,#1036,.F.);
#712=ORIENTED_EDGE('',*,*,#1033,.F.);
#713=ORIENTED_EDGE('',*,*,#1030,.F.);
#714=ORIENTED_EDGE('',*,*,#1027,.F.);
#715=ORIENTED_EDGE('',*,*,#1024,.T.);
#716=ORIENTED_EDGE('',*,*,#1021,.T.);
#717=ORIENTED_EDGE('',*,*,#1018,.T.);
#718=ORIENTED_EDGE('',*,*,#1015,.F.);
#719=ORIENTED_EDGE('',*,*,#1012,.F.);
#720=ORIENTED_EDGE('',*,*,#1009,.T.);
#721=ORIENTED_EDGE('',*,*,#1006,.T.);
#722=ORIENTED_EDGE('',*,*,#1041,.T.);
#723=ORIENTED_EDGE('',*,*,#1051,.T.);
#724=ORIENTED_EDGE('',*,*,#1046,.F.);
#725=ORIENTED_EDGE('',*,*,#1045,.T.);
#726=ORIENTED_EDGE('',*,*,#1050,.T.);
#727=ORIENTED_EDGE('',*,*,#1044,.T.);
#728=ORIENTED_EDGE('',*,*,#1049,.T.);
#729=ORIENTED_EDGE('',*,*,#1043,.T.);
#730=ORIENTED_EDGE('',*,*,#1048,.T.);
#731=ORIENTED_EDGE('',*,*,#1042,.T.);
#732=ORIENTED_EDGE('',*,*,#1047,.T.);
#733=ORIENTED_EDGE('',*,*,#1052,.F.);
#734=ORIENTED_EDGE('',*,*,#1053,.T.);
#735=ORIENTED_EDGE('',*,*,#1054,.F.);
#736=ORIENTED_EDGE('',*,*,#1055,.F.);
#737=ORIENTED_EDGE('',*,*,#1056,.T.);
#738=ORIENTED_EDGE('',*,*,#1057,.T.);
#739=ORIENTED_EDGE('',*,*,#1058,.F.);
#740=ORIENTED_EDGE('',*,*,#1059,.T.);
#741=ORIENTED_EDGE('',*,*,#1060,.F.);
#742=ORIENTED_EDGE('',*,*,#1059,.F.);
#743=ORIENTED_EDGE('',*,*,#1061,.T.);
#744=ORIENTED_EDGE('',*,*,#1054,.T.);
#745=ORIENTED_EDGE('',*,*,#1058,.T.);
#746=ORIENTED_EDGE('',*,*,#1062,.T.);
#747=ORIENTED_EDGE('',*,*,#1055,.T.);
#748=ORIENTED_EDGE('',*,*,#1061,.F.);
#749=ORIENTED_EDGE('',*,*,#1056,.F.);
#750=ORIENTED_EDGE('',*,*,#1060,.T.);
#751=ORIENTED_EDGE('',*,*,#1053,.F.);
#752=ORIENTED_EDGE('',*,*,#1063,.F.);
#753=ORIENTED_EDGE('',*,*,#1063,.T.);
#754=ORIENTED_EDGE('',*,*,#1052,.T.);
#755=ORIENTED_EDGE('',*,*,#1062,.F.);
#756=ORIENTED_EDGE('',*,*,#1057,.F.);
#757=ORIENTED_EDGE('',*,*,#1064,.F.);
#758=ORIENTED_EDGE('',*,*,#1065,.F.);
#759=ORIENTED_EDGE('',*,*,#1066,.T.);
#760=ORIENTED_EDGE('',*,*,#1067,.T.);
#761=ORIENTED_EDGE('',*,*,#1068,.T.);
#762=ORIENTED_EDGE('',*,*,#1069,.F.);
#763=ORIENTED_EDGE('',*,*,#1070,.F.);
#764=ORIENTED_EDGE('',*,*,#1065,.T.);
#765=ORIENTED_EDGE('',*,*,#1071,.T.);
#766=ORIENTED_EDGE('',*,*,#1072,.F.);
#767=ORIENTED_EDGE('',*,*,#1073,.F.);
#768=ORIENTED_EDGE('',*,*,#1069,.T.);
#769=ORIENTED_EDGE('',*,*,#1074,.F.);
#770=ORIENTED_EDGE('',*,*,#1067,.F.);
#771=ORIENTED_EDGE('',*,*,#1075,.T.);
#772=ORIENTED_EDGE('',*,*,#1072,.T.);
#773=ORIENTED_EDGE('',*,*,#1066,.F.);
#774=ORIENTED_EDGE('',*,*,#1070,.T.);
#775=ORIENTED_EDGE('',*,*,#1073,.T.);
#776=ORIENTED_EDGE('',*,*,#1075,.F.);
#777=ORIENTED_EDGE('',*,*,#1064,.T.);
#778=ORIENTED_EDGE('',*,*,#1074,.T.);
#779=ORIENTED_EDGE('',*,*,#1071,.F.);
#780=ORIENTED_EDGE('',*,*,#1068,.F.);
#781=EDGE_CURVE('',#1076,#1077,#1288,.T.);
#782=EDGE_CURVE('',#1078,#1076,#1289,.T.);
#783=EDGE_CURVE('',#1078,#1079,#1290,.T.);
#784=EDGE_CURVE('',#1079,#1077,#1291,.T.);
#785=EDGE_CURVE('',#1080,#1081,#1292,.T.);
#786=EDGE_CURVE('',#1081,#1082,#1293,.T.);
#787=EDGE_CURVE('',#1083,#1082,#1294,.T.);
#788=EDGE_CURVE('',#1080,#1083,#1295,.T.);
#789=EDGE_CURVE('',#1084,#1085,#1296,.T.);
#790=EDGE_CURVE('',#1086,#1084,#1297,.T.);
#791=EDGE_CURVE('',#1086,#1087,#1298,.T.);
#792=EDGE_CURVE('',#1087,#1085,#1299,.T.);
#793=EDGE_CURVE('',#1088,#1089,#1300,.T.);
#794=EDGE_CURVE('',#1088,#1090,#1301,.T.);
#795=EDGE_CURVE('',#1090,#1091,#1302,.T.);
#796=EDGE_CURVE('',#1089,#1091,#1303,.T.);
#797=EDGE_CURVE('',#1090,#1077,#1304,.T.);
#798=EDGE_CURVE('',#1079,#1083,#1305,.T.);
#799=EDGE_CURVE('',#1082,#1085,#1306,.T.);
#800=EDGE_CURVE('',#1087,#1091,#1307,.T.);
#801=EDGE_CURVE('',#1076,#1088,#1308,.T.);
#802=EDGE_CURVE('',#1086,#1089,#1309,.T.);
#803=EDGE_CURVE('',#1084,#1081,#1310,.T.);
#804=EDGE_CURVE('',#1078,#1080,#1311,.T.);
#805=EDGE_CURVE('',#1092,#1093,#1312,.T.);
#806=EDGE_CURVE('',#1092,#1094,#1313,.T.);
#807=EDGE_CURVE('',#1095,#1094,#1314,.T.);
#808=EDGE_CURVE('',#1093,#1095,#1315,.T.);
#809=EDGE_CURVE('',#1096,#1097,#1316,.T.);
#810=EDGE_CURVE('',#1097,#1098,#1317,.T.);
#811=EDGE_CURVE('',#1099,#1098,#1318,.T.);
#812=EDGE_CURVE('',#1099,#1096,#1319,.T.);
#813=EDGE_CURVE('',#1096,#1100,#1320,.T.);
#814=EDGE_CURVE('',#1099,#1101,#1321,.T.);
#815=EDGE_CURVE('',#1101,#1100,#1322,.T.);
#816=EDGE_CURVE('',#1102,#1103,#1323,.T.);
#817=EDGE_CURVE('',#1100,#1102,#1324,.T.);
#818=EDGE_CURVE('',#1101,#1103,#1325,.T.);
#819=EDGE_CURVE('',#1104,#1105,#1326,.T.);
#820=EDGE_CURVE('',#1105,#1106,#1327,.T.);
#821=EDGE_CURVE('',#1107,#1106,#1328,.T.);
#822=EDGE_CURVE('',#1107,#1104,#1329,.T.);
#823=EDGE_CURVE('',#1104,#1094,#1330,.T.);
#824=EDGE_CURVE('',#1107,#1095,#1331,.T.);
#825=EDGE_CURVE('',#1106,#1103,#1332,.T.);
#826=EDGE_CURVE('',#1098,#1093,#1333,.T.);
#827=EDGE_CURVE('',#1105,#1102,#1334,.T.);
#828=EDGE_CURVE('',#1097,#1092,#1335,.T.);
#829=EDGE_CURVE('',#1108,#1109,#1336,.T.);
#830=EDGE_CURVE('',#1110,#1108,#1337,.T.);
#831=EDGE_CURVE('',#1111,#1110,#1338,.T.);
#832=EDGE_CURVE('',#1112,#1111,#1339,.T.);
#833=EDGE_CURVE('',#1112,#1113,#1340,.T.);
#834=EDGE_CURVE('',#1113,#1114,#1341,.T.);
#835=EDGE_CURVE('',#1114,#1115,#1342,.T.);
#836=EDGE_CURVE('',#1116,#1115,#1343,.T.);
#837=EDGE_CURVE('',#1116,#1117,#1344,.T.);
#838=EDGE_CURVE('',#1118,#1117,#1345,.T.);
#839=EDGE_CURVE('',#1118,#1119,#1346,.T.);
#840=EDGE_CURVE('',#1109,#1119,#1347,.T.);
#841=EDGE_CURVE('',#1120,#1115,#1348,.T.);
#842=EDGE_CURVE('',#1120,#1121,#1349,.F.);
#843=EDGE_CURVE('',#1122,#1121,#1350,.T.);
#844=EDGE_CURVE('',#1116,#1122,#1351,.T.);
#845=EDGE_CURVE('',#1123,#1124,#1352,.T.);
#846=EDGE_CURVE('',#1124,#1125,#1353,.F.);
#847=EDGE_CURVE('',#1125,#1114,#1354,.T.);
#848=EDGE_CURVE('',#1113,#1123,#1355,.T.);
#849=EDGE_CURVE('',#1126,#1123,#1356,.T.);
#850=EDGE_CURVE('',#1112,#1126,#1357,.T.);
#851=EDGE_CURVE('',#1126,#1127,#1358,.T.);
#852=EDGE_CURVE('',#1111,#1127,#1359,.T.);
#853=EDGE_CURVE('',#1127,#1128,#1360,.T.);
#854=EDGE_CURVE('',#1110,#1128,#1361,.T.);
#855=EDGE_CURVE('',#1129,#1108,#1362,.T.);
#856=EDGE_CURVE('',#1129,#1130,#1363,.T.);
#857=EDGE_CURVE('',#1128,#1130,#1364,.T.);
#858=EDGE_CURVE('',#1131,#1132,#1365,.T.);
#859=EDGE_CURVE('',#1131,#1133,#1366,.T.);
#860=EDGE_CURVE('',#1133,#1109,#1367,.T.);
#861=EDGE_CURVE('',#1119,#1132,#1368,.T.);
#862=EDGE_CURVE('',#1134,#1135,#1369,.T.);
#863=EDGE_CURVE('',#1135,#1136,#1370,.F.);
#864=EDGE_CURVE('',#1136,#1132,#1371,.T.);
#865=EDGE_CURVE('',#1137,#1118,#1372,.T.);
#866=EDGE_CURVE('',#1138,#1137,#1373,.T.);
#867=EDGE_CURVE('',#1138,#1139,#1374,.T.);
#868=EDGE_CURVE('',#1139,#1134,#1375,.T.);
#869=EDGE_CURVE('',#1122,#1140,#1376,.T.);
#870=EDGE_CURVE('',#1140,#1141,#1377,.F.);
#871=EDGE_CURVE('',#1141,#1142,#1378,.T.);
#872=EDGE_CURVE('',#1142,#1143,#1379,.T.);
#873=EDGE_CURVE('',#1143,#1144,#1380,.T.);
#874=EDGE_CURVE('',#1145,#1144,#1381,.T.);
#875=EDGE_CURVE('',#1117,#1145,#1382,.T.);
#876=EDGE_CURVE('',#1136,#1140,#1383,.T.);
#877=EDGE_CURVE('',#1121,#1124,#1384,.T.);
#878=EDGE_CURVE('',#1131,#1130,#1385,.T.);
#879=EDGE_CURVE('',#1137,#1145,#1386,.T.);
#880=EDGE_CURVE('',#1141,#1135,#1387,.T.);
#881=EDGE_CURVE('',#1134,#1142,#1388,.T.);
#882=EDGE_CURVE('',#1138,#1144,#1389,.T.);
#883=EDGE_CURVE('',#1139,#1143,#1390,.T.);
#884=EDGE_CURVE('',#1125,#1120,#1391,.T.);
#885=EDGE_CURVE('',#1129,#1133,#1392,.T.);
#886=EDGE_CURVE('',#1146,#1147,#1393,.T.);
#887=EDGE_CURVE('',#1148,#1146,#1394,.T.);
#888=EDGE_CURVE('',#1148,#1149,#1395,.T.);
#889=EDGE_CURVE('',#1149,#1147,#1396,.T.);
#890=EDGE_CURVE('',#1146,#1150,#1397,.T.);
#891=EDGE_CURVE('',#1151,#1150,#1398,.T.);
#892=EDGE_CURVE('',#1148,#1151,#1399,.T.);
#893=EDGE_CURVE('',#1150,#1152,#1400,.T.);
#894=EDGE_CURVE('',#1153,#1152,#1401,.T.);
#895=EDGE_CURVE('',#1151,#1153,#1402,.T.);
#896=EDGE_CURVE('',#1147,#1152,#1403,.T.);
#897=EDGE_CURVE('',#1149,#1153,#1404,.T.);
#898=EDGE_CURVE('',#1154,#1155,#1405,.T.);
#899=EDGE_CURVE('',#1155,#1156,#55,.T.);
#900=EDGE_CURVE('',#1157,#1156,#1406,.T.);
#901=EDGE_CURVE('',#1157,#1154,#56,.T.);
#902=EDGE_CURVE('',#1158,#1158,#57,.T.);
#903=EDGE_CURVE('',#1159,#1159,#58,.T.);
#904=EDGE_CURVE('',#1160,#1160,#59,.T.);
#905=EDGE_CURVE('',#1161,#1161,#60,.T.);
#906=EDGE_CURVE('',#1162,#1162,#61,.T.);
#907=EDGE_CURVE('',#1163,#1163,#62,.T.);
#908=EDGE_CURVE('',#1164,#1164,#63,.T.);
#909=EDGE_CURVE('',#1165,#1165,#64,.T.);
#910=EDGE_CURVE('',#1166,#1166,#65,.T.);
#911=EDGE_CURVE('',#1167,#1167,#66,.T.);
#912=EDGE_CURVE('',#1168,#1168,#67,.T.);
#913=EDGE_CURVE('',#1169,#1169,#68,.T.);
#914=EDGE_CURVE('',#1170,#1170,#69,.T.);
#915=EDGE_CURVE('',#1171,#1171,#70,.T.);
#916=EDGE_CURVE('',#1172,#1172,#71,.T.);
#917=EDGE_CURVE('',#1173,#1173,#72,.T.);
#918=EDGE_CURVE('',#1174,#1174,#73,.T.);
#919=EDGE_CURVE('',#1175,#1175,#74,.T.);
#920=EDGE_CURVE('',#1176,#1177,#1407,.T.);
#921=EDGE_CURVE('',#1177,#1155,#1408,.F.);
#922=EDGE_CURVE('',#1154,#1176,#1409,.T.);
#923=EDGE_CURVE('',#1156,#1178,#1410,.T.);
#924=EDGE_CURVE('',#1179,#1178,#1411,.T.);
#925=EDGE_CURVE('',#1157,#1179,#1412,.T.);
#926=EDGE_CURVE('',#1176,#1179,#10,.F.);
#927=EDGE_CURVE('',#1177,#1178,#11,.F.);
#928=EDGE_CURVE('',#1180,#1180,#75,.T.);
#929=EDGE_CURVE('',#1181,#1181,#76,.T.);
#930=EDGE_CURVE('',#1182,#1182,#77,.T.);
#931=EDGE_CURVE('',#1183,#1183,#78,.T.);
#932=EDGE_CURVE('',#1184,#1184,#79,.T.);
#933=EDGE_CURVE('',#1185,#1185,#80,.T.);
#934=EDGE_CURVE('',#1186,#1186,#81,.T.);
#935=EDGE_CURVE('',#1187,#1187,#82,.T.);
#936=EDGE_CURVE('',#1188,#1188,#83,.T.);
#937=EDGE_CURVE('',#1189,#1189,#84,.T.);
#938=EDGE_CURVE('',#1190,#1191,#1413,.T.);
#939=EDGE_CURVE('',#1191,#1192,#1414,.T.);
#940=EDGE_CURVE('',#1193,#1192,#1415,.T.);
#941=EDGE_CURVE('',#1193,#1190,#1416,.F.);
#942=EDGE_CURVE('',#1194,#1195,#1417,.T.);
#943=EDGE_CURVE('',#1194,#1196,#1418,.T.);
#944=EDGE_CURVE('',#1196,#1197,#1419,.F.);
#945=EDGE_CURVE('',#1195,#1197,#1420,.T.);
#946=EDGE_CURVE('',#1198,#1198,#85,.T.);
#947=EDGE_CURVE('',#1199,#1199,#86,.T.);
#948=EDGE_CURVE('',#1200,#1201,#1421,.T.);
#949=EDGE_CURVE('',#1201,#1202,#1422,.T.);
#950=EDGE_CURVE('',#1202,#1203,#1423,.F.);
#951=EDGE_CURVE('',#1203,#1200,#1424,.F.);
#952=EDGE_CURVE('',#1204,#1204,#87,.T.);
#953=EDGE_CURVE('',#1205,#1205,#88,.T.);
#954=EDGE_CURVE('',#1206,#1206,#89,.T.);
#955=EDGE_CURVE('',#1207,#1207,#90,.T.);
#956=EDGE_CURVE('',#1208,#1208,#91,.T.);
#957=EDGE_CURVE('',#1209,#1209,#92,.T.);
#958=EDGE_CURVE('',#1210,#1211,#1425,.T.);
#959=EDGE_CURVE('',#1210,#1212,#1426,.T.);
#960=EDGE_CURVE('',#1212,#1213,#1427,.T.);
#961=EDGE_CURVE('',#1213,#1211,#1428,.F.);
#962=EDGE_CURVE('',#1214,#1215,#1429,.T.);
#963=EDGE_CURVE('',#1215,#1216,#1430,.T.);
#964=EDGE_CURVE('',#1217,#1216,#1431,.T.);
#965=EDGE_CURVE('',#1214,#1217,#1432,.T.);
#966=EDGE_CURVE('',#1213,#1216,#12,.F.);
#967=EDGE_CURVE('',#1217,#1212,#13,.T.);
#968=EDGE_CURVE('',#1201,#1210,#1433,.T.);
#969=EDGE_CURVE('',#1214,#1200,#14,.T.);
#970=EDGE_CURVE('',#1203,#1215,#15,.F.);
#971=EDGE_CURVE('',#1211,#1202,#1434,.F.);
#972=EDGE_CURVE('',#1218,#1219,#1435,.T.);
#973=EDGE_CURVE('',#1219,#1220,#93,.T.);
#974=EDGE_CURVE('',#1220,#1221,#94,.T.);
#975=EDGE_CURVE('',#1193,#1221,#95,.T.);
#976=EDGE_CURVE('',#1222,#1192,#96,.T.);
#977=EDGE_CURVE('',#1223,#1222,#1436,.T.);
#978=EDGE_CURVE('',#1224,#1223,#1437,.T.);
#979=EDGE_CURVE('',#1224,#1225,#97,.T.);
#980=EDGE_CURVE('',#1225,#1195,#98,.T.);
#981=EDGE_CURVE('',#1197,#1202,#1438,.T.);
#982=EDGE_CURVE('',#1218,#1201,#1439,.T.);
#983=EDGE_CURVE('',#1226,#1210,#1440,.T.);
#984=EDGE_CURVE('',#1218,#1226,#1441,.T.);
#985=EDGE_CURVE('',#1196,#1211,#1442,.T.);
#986=EDGE_CURVE('',#1227,#1194,#99,.T.);
#987=EDGE_CURVE('',#1228,#1227,#100,.T.);
#988=EDGE_CURVE('',#1228,#1229,#1443,.T.);
#989=EDGE_CURVE('',#1229,#1230,#1444,.T.);
#990=EDGE_CURVE('',#1230,#1191,#101,.T.);
#991=EDGE_CURVE('',#1190,#1231,#102,.T.);
#992=EDGE_CURVE('',#1232,#1231,#103,.T.);
#993=EDGE_CURVE('',#1233,#1232,#104,.T.);
#994=EDGE_CURVE('',#1226,#1233,#1445,.T.);
#995=EDGE_CURVE('',#1219,#1233,#1446,.F.);
#996=EDGE_CURVE('',#1232,#1220,#1447,.T.);
#997=EDGE_CURVE('',#1231,#1221,#1448,.T.);
#998=EDGE_CURVE('',#1227,#1225,#1449,.T.);
#999=EDGE_CURVE('',#1230,#1222,#1450,.T.);
#1000=EDGE_CURVE('',#1229,#1223,#1451,.T.);
#1001=EDGE_CURVE('',#1228,#1224,#1452,.T.);
#1002=EDGE_CURVE('',#1234,#1235,#1453,.T.);
#1003=EDGE_CURVE('',#1236,#1234,#1454,.T.);
#1004=EDGE_CURVE('',#1236,#1237,#1455,.T.);
#1005=EDGE_CURVE('',#1237,#1235,#1456,.T.);
#1006=EDGE_CURVE('',#1238,#1234,#1457,.T.);
#1007=EDGE_CURVE('',#1239,#1238,#1458,.T.);
#1008=EDGE_CURVE('',#1239,#1236,#1459,.T.);
#1009=EDGE_CURVE('',#1240,#1238,#1460,.T.);
#1010=EDGE_CURVE('',#1241,#1240,#1461,.T.);
#1011=EDGE_CURVE('',#1241,#1239,#1462,.T.);
#1012=EDGE_CURVE('',#1240,#1242,#1463,.T.);
#1013=EDGE_CURVE('',#1243,#1242,#1464,.T.);
#1014=EDGE_CURVE('',#1241,#1243,#1465,.T.);
#1015=EDGE_CURVE('',#1242,#1244,#1466,.T.);
#1016=EDGE_CURVE('',#1245,#1244,#1467,.T.);
#1017=EDGE_CURVE('',#1243,#1245,#1468,.T.);
#1018=EDGE_CURVE('',#1246,#1244,#1469,.T.);
#1019=EDGE_CURVE('',#1247,#1246,#1470,.T.);
#1020=EDGE_CURVE('',#1247,#1245,#1471,.T.);
#1021=EDGE_CURVE('',#1248,#1246,#1472,.T.);
#1022=EDGE_CURVE('',#1249,#1248,#1473,.T.);
#1023=EDGE_CURVE('',#1249,#1247,#1474,.T.);
#1024=EDGE_CURVE('',#1250,#1248,#1475,.T.);
#1025=EDGE_CURVE('',#1251,#1250,#1476,.T.);
#1026=EDGE_CURVE('',#1251,#1249,#1477,.T.);
#1027=EDGE_CURVE('',#1250,#1252,#1478,.T.);
#1028=EDGE_CURVE('',#1253,#1252,#1479,.T.);
#1029=EDGE_CURVE('',#1251,#1253,#1480,.T.);
#1030=EDGE_CURVE('',#1252,#1254,#1481,.T.);
#1031=EDGE_CURVE('',#1255,#1254,#1482,.T.);
#1032=EDGE_CURVE('',#1253,#1255,#1483,.T.);
#1033=EDGE_CURVE('',#1254,#1256,#105,.T.);
#1034=EDGE_CURVE('',#1257,#1256,#1484,.T.);
#1035=EDGE_CURVE('',#1255,#1257,#106,.T.);
#1036=EDGE_CURVE('',#1256,#1235,#1485,.T.);
#1037=EDGE_CURVE('',#1257,#1237,#1486,.T.);
#1038=EDGE_CURVE('',#1258,#1258,#107,.T.);
#1039=EDGE_CURVE('',#1259,#1259,#108,.T.);
#1040=EDGE_CURVE('',#1260,#1260,#109,.T.);
#1041=EDGE_CURVE('',#1261,#1261,#110,.T.);
#1042=EDGE_CURVE('',#1262,#1262,#111,.F.);
#1043=EDGE_CURVE('',#1263,#1263,#112,.F.);
#1044=EDGE_CURVE('',#1264,#1264,#113,.F.);
#1045=EDGE_CURVE('',#1265,#1265,#114,.F.);
#1046=EDGE_CURVE('',#1266,#1266,#115,.F.);
#1047=EDGE_CURVE('',#1267,#1267,#116,.T.);
#1048=EDGE_CURVE('',#1268,#1268,#117,.T.);
#1049=EDGE_CURVE('',#1269,#1269,#118,.T.);
#1050=EDGE_CURVE('',#1270,#1270,#119,.T.);
#1051=EDGE_CURVE('',#1271,#1271,#120,.T.);
#1052=EDGE_CURVE('',#1272,#1273,#1487,.T.);
#1053=EDGE_CURVE('',#1272,#1274,#1488,.T.);
#1054=EDGE_CURVE('',#1275,#1274,#1489,.T.);
#1055=EDGE_CURVE('',#1273,#1275,#1490,.T.);
#1056=EDGE_CURVE('',#1276,#1277,#1491,.T.);
#1057=EDGE_CURVE('',#1277,#1278,#1492,.T.);
#1058=EDGE_CURVE('',#1279,#1278,#1493,.T.);
#1059=EDGE_CURVE('',#1279,#1276,#1494,.T.);
#1060=EDGE_CURVE('',#1276,#1274,#1495,.T.);
#1061=EDGE_CURVE('',#1279,#1275,#1496,.T.);
#1062=EDGE_CURVE('',#1278,#1273,#1497,.T.);
#1063=EDGE_CURVE('',#1277,#1272,#1498,.T.);
#1064=EDGE_CURVE('',#1280,#1281,#1499,.T.);
#1065=EDGE_CURVE('',#1282,#1280,#1500,.T.);
#1066=EDGE_CURVE('',#1282,#1283,#1501,.T.);
#1067=EDGE_CURVE('',#1283,#1281,#1502,.T.);
#1068=EDGE_CURVE('',#1280,#1284,#1503,.T.);
#1069=EDGE_CURVE('',#1285,#1284,#1504,.T.);
#1070=EDGE_CURVE('',#1282,#1285,#1505,.T.);
#1071=EDGE_CURVE('',#1284,#1286,#1506,.T.);
#1072=EDGE_CURVE('',#1287,#1286,#1507,.T.);
#1073=EDGE_CURVE('',#1285,#1287,#1508,.T.);
#1074=EDGE_CURVE('',#1281,#1286,#1509,.T.);
#1075=EDGE_CURVE('',#1283,#1287,#1510,.T.);
#1076=VERTEX_POINT('',#3368);
#1077=VERTEX_POINT('',#3369);
#1078=VERTEX_POINT('',#3371);
#1079=VERTEX_POINT('',#3373);
#1080=VERTEX_POINT('',#3377);
#1081=VERTEX_POINT('',#3378);
#1082=VERTEX_POINT('',#3380);
#1083=VERTEX_POINT('',#3382);
#1084=VERTEX_POINT('',#3386);
#1085=VERTEX_POINT('',#3387);
#1086=VERTEX_POINT('',#3389);
#1087=VERTEX_POINT('',#3391);
#1088=VERTEX_POINT('',#3395);
#1089=VERTEX_POINT('',#3396);
#1090=VERTEX_POINT('',#3398);
#1091=VERTEX_POINT('',#3400);
#1092=VERTEX_POINT('',#3419);
#1093=VERTEX_POINT('',#3420);
#1094=VERTEX_POINT('',#3422);
#1095=VERTEX_POINT('',#3424);
#1096=VERTEX_POINT('',#3428);
#1097=VERTEX_POINT('',#3429);
#1098=VERTEX_POINT('',#3431);
#1099=VERTEX_POINT('',#3433);
#1100=VERTEX_POINT('',#3437);
#1101=VERTEX_POINT('',#3439);
#1102=VERTEX_POINT('',#3443);
#1103=VERTEX_POINT('',#3444);
#1104=VERTEX_POINT('',#3449);
#1105=VERTEX_POINT('',#3450);
#1106=VERTEX_POINT('',#3452);
#1107=VERTEX_POINT('',#3454);
#1108=VERTEX_POINT('',#3470);
#1109=VERTEX_POINT('',#3471);
#1110=VERTEX_POINT('',#3473);
#1111=VERTEX_POINT('',#3475);
#1112=VERTEX_POINT('',#3477);
#1113=VERTEX_POINT('',#3479);
#1114=VERTEX_POINT('',#3481);
#1115=VERTEX_POINT('',#3483);
#1116=VERTEX_POINT('',#3485);
#1117=VERTEX_POINT('',#3487);
#1118=VERTEX_POINT('',#3489);
#1119=VERTEX_POINT('',#3491);
#1120=VERTEX_POINT('',#3495);
#1121=VERTEX_POINT('',#3497);
#1122=VERTEX_POINT('',#3499);
#1123=VERTEX_POINT('',#3503);
#1124=VERTEX_POINT('',#3504);
#1125=VERTEX_POINT('',#3506);
#1126=VERTEX_POINT('',#3511);
#1127=VERTEX_POINT('',#3515);
#1128=VERTEX_POINT('',#3519);
#1129=VERTEX_POINT('',#3523);
#1130=VERTEX_POINT('',#3525);
#1131=VERTEX_POINT('',#3529);
#1132=VERTEX_POINT('',#3530);
#1133=VERTEX_POINT('',#3532);
#1134=VERTEX_POINT('',#3537);
#1135=VERTEX_POINT('',#3538);
#1136=VERTEX_POINT('',#3540);
#1137=VERTEX_POINT('',#3543);
#1138=VERTEX_POINT('',#3545);
#1139=VERTEX_POINT('',#3547);
#1140=VERTEX_POINT('',#3551);
#1141=VERTEX_POINT('',#3553);
#1142=VERTEX_POINT('',#3555);
#1143=VERTEX_POINT('',#3557);
#1144=VERTEX_POINT('',#3559);
#1145=VERTEX_POINT('',#3561);
#1146=VERTEX_POINT('',#3587);
#1147=VERTEX_POINT('',#3588);
#1148=VERTEX_POINT('',#3590);
#1149=VERTEX_POINT('',#3592);
#1150=VERTEX_POINT('',#3596);
#1151=VERTEX_POINT('',#3598);
#1152=VERTEX_POINT('',#3602);
#1153=VERTEX_POINT('',#3604);
#1154=VERTEX_POINT('',#3614);
#1155=VERTEX_POINT('',#3615);
#1156=VERTEX_POINT('',#3617);
#1157=VERTEX_POINT('',#3619);
#1158=VERTEX_POINT('',#3623);
#1159=VERTEX_POINT('',#3625);
#1160=VERTEX_POINT('',#3628);
#1161=VERTEX_POINT('',#3630);
#1162=VERTEX_POINT('',#3633);
#1163=VERTEX_POINT('',#3635);
#1164=VERTEX_POINT('',#3638);
#1165=VERTEX_POINT('',#3640);
#1166=VERTEX_POINT('',#3643);
#1167=VERTEX_POINT('',#3645);
#1168=VERTEX_POINT('',#3647);
#1169=VERTEX_POINT('',#3649);
#1170=VERTEX_POINT('',#3651);
#1171=VERTEX_POINT('',#3653);
#1172=VERTEX_POINT('',#3655);
#1173=VERTEX_POINT('',#3657);
#1174=VERTEX_POINT('',#3659);
#1175=VERTEX_POINT('',#3661);
#1176=VERTEX_POINT('',#3663);
#1177=VERTEX_POINT('',#3664);
#1178=VERTEX_POINT('',#3669);
#1179=VERTEX_POINT('',#3671);
#1180=VERTEX_POINT('',#3680);
#1181=VERTEX_POINT('',#3684);
#1182=VERTEX_POINT('',#3688);
#1183=VERTEX_POINT('',#3692);
#1184=VERTEX_POINT('',#3696);
#1185=VERTEX_POINT('',#3700);
#1186=VERTEX_POINT('',#3704);
#1187=VERTEX_POINT('',#3708);
#1188=VERTEX_POINT('',#3712);
#1189=VERTEX_POINT('',#3716);
#1190=VERTEX_POINT('',#3723);
#1191=VERTEX_POINT('',#3724);
#1192=VERTEX_POINT('',#3726);
#1193=VERTEX_POINT('',#3728);
#1194=VERTEX_POINT('',#3732);
#1195=VERTEX_POINT('',#3733);
#1196=VERTEX_POINT('',#3735);
#1197=VERTEX_POINT('',#3737);
#1198=VERTEX_POINT('',#3741);
#1199=VERTEX_POINT('',#3743);
#1200=VERTEX_POINT('',#3745);
#1201=VERTEX_POINT('',#3746);
#1202=VERTEX_POINT('',#3748);
#1203=VERTEX_POINT('',#3750);
#1204=VERTEX_POINT('',#3754);
#1205=VERTEX_POINT('',#3756);
#1206=VERTEX_POINT('',#3759);
#1207=VERTEX_POINT('',#3762);
#1208=VERTEX_POINT('',#3765);
#1209=VERTEX_POINT('',#3767);
#1210=VERTEX_POINT('',#3770);
#1211=VERTEX_POINT('',#3771);
#1212=VERTEX_POINT('',#3773);
#1213=VERTEX_POINT('',#3775);
#1214=VERTEX_POINT('',#3779);
#1215=VERTEX_POINT('',#3780);
#1216=VERTEX_POINT('',#3782);
#1217=VERTEX_POINT('',#3784);
#1218=VERTEX_POINT('',#3798);
#1219=VERTEX_POINT('',#3799);
#1220=VERTEX_POINT('',#3801);
#1221=VERTEX_POINT('',#3803);
#1222=VERTEX_POINT('',#3806);
#1223=VERTEX_POINT('',#3808);
#1224=VERTEX_POINT('',#3810);
#1225=VERTEX_POINT('',#3812);
#1226=VERTEX_POINT('',#3818);
#1227=VERTEX_POINT('',#3823);
#1228=VERTEX_POINT('',#3825);
#1229=VERTEX_POINT('',#3827);
#1230=VERTEX_POINT('',#3829);
#1231=VERTEX_POINT('',#3832);
#1232=VERTEX_POINT('',#3834);
#1233=VERTEX_POINT('',#3836);
#1234=VERTEX_POINT('',#3859);
#1235=VERTEX_POINT('',#3860);
#1236=VERTEX_POINT('',#3862);
#1237=VERTEX_POINT('',#3864);
#1238=VERTEX_POINT('',#3868);
#1239=VERTEX_POINT('',#3870);
#1240=VERTEX_POINT('',#3874);
#1241=VERTEX_POINT('',#3876);
#1242=VERTEX_POINT('',#3880);
#1243=VERTEX_POINT('',#3882);
#1244=VERTEX_POINT('',#3886);
#1245=VERTEX_POINT('',#3888);
#1246=VERTEX_POINT('',#3892);
#1247=VERTEX_POINT('',#3894);
#1248=VERTEX_POINT('',#3898);
#1249=VERTEX_POINT('',#3900);
#1250=VERTEX_POINT('',#3904);
#1251=VERTEX_POINT('',#3906);
#1252=VERTEX_POINT('',#3910);
#1253=VERTEX_POINT('',#3912);
#1254=VERTEX_POINT('',#3916);
#1255=VERTEX_POINT('',#3918);
#1256=VERTEX_POINT('',#3922);
#1257=VERTEX_POINT('',#3924);
#1258=VERTEX_POINT('',#3931);
#1259=VERTEX_POINT('',#3933);
#1260=VERTEX_POINT('',#3936);
#1261=VERTEX_POINT('',#3938);
#1262=VERTEX_POINT('',#3941);
#1263=VERTEX_POINT('',#3943);
#1264=VERTEX_POINT('',#3945);
#1265=VERTEX_POINT('',#3947);
#1266=VERTEX_POINT('',#3949);
#1267=VERTEX_POINT('',#3952);
#1268=VERTEX_POINT('',#3954);
#1269=VERTEX_POINT('',#3956);
#1270=VERTEX_POINT('',#3958);
#1271=VERTEX_POINT('',#3960);
#1272=VERTEX_POINT('',#3969);
#1273=VERTEX_POINT('',#3970);
#1274=VERTEX_POINT('',#3972);
#1275=VERTEX_POINT('',#3974);
#1276=VERTEX_POINT('',#3978);
#1277=VERTEX_POINT('',#3979);
#1278=VERTEX_POINT('',#3981);
#1279=VERTEX_POINT('',#3983);
#1280=VERTEX_POINT('',#3996);
#1281=VERTEX_POINT('',#3997);
#1282=VERTEX_POINT('',#3999);
#1283=VERTEX_POINT('',#4001);
#1284=VERTEX_POINT('',#4005);
#1285=VERTEX_POINT('',#4007);
#1286=VERTEX_POINT('',#4011);
#1287=VERTEX_POINT('',#4013);
#1288=LINE('',#3367,#1511);
#1289=LINE('',#3370,#1512);
#1290=LINE('',#3372,#1513);
#1291=LINE('',#3374,#1514);
#1292=LINE('',#3376,#1515);
#1293=LINE('',#3379,#1516);
#1294=LINE('',#3381,#1517);
#1295=LINE('',#3383,#1518);
#1296=LINE('',#3385,#1519);
#1297=LINE('',#3388,#1520);
#1298=LINE('',#3390,#1521);
#1299=LINE('',#3392,#1522);
#1300=LINE('',#3394,#1523);
#1301=LINE('',#3397,#1524);
#1302=LINE('',#3399,#1525);
#1303=LINE('',#3401,#1526);
#1304=LINE('',#3403,#1527);
#1305=LINE('',#3404,#1528);
#1306=LINE('',#3405,#1529);
#1307=LINE('',#3406,#1530);
#1308=LINE('',#3408,#1531);
#1309=LINE('',#3409,#1532);
#1310=LINE('',#3410,#1533);
#1311=LINE('',#3411,#1534);
#1312=LINE('',#3418,#1535);
#1313=LINE('',#3421,#1536);
#1314=LINE('',#3423,#1537);
#1315=LINE('',#3425,#1538);
#1316=LINE('',#3427,#1539);
#1317=LINE('',#3430,#1540);
#1318=LINE('',#3432,#1541);
#1319=LINE('',#3434,#1542);
#1320=LINE('',#3436,#1543);
#1321=LINE('',#3438,#1544);
#1322=LINE('',#3440,#1545);
#1323=LINE('',#3442,#1546);
#1324=LINE('',#3445,#1547);
#1325=LINE('',#3446,#1548);
#1326=LINE('',#3448,#1549);
#1327=LINE('',#3451,#1550);
#1328=LINE('',#3453,#1551);
#1329=LINE('',#3455,#1552);
#1330=LINE('',#3457,#1553);
#1331=LINE('',#3458,#1554);
#1332=LINE('',#3460,#1555);
#1333=LINE('',#3461,#1556);
#1334=LINE('',#3463,#1557);
#1335=LINE('',#3464,#1558);
#1336=LINE('',#3469,#1559);
#1337=LINE('',#3472,#1560);
#1338=LINE('',#3474,#1561);
#1339=LINE('',#3476,#1562);
#1340=LINE('',#3478,#1563);
#1341=LINE('',#3480,#1564);
#1342=LINE('',#3482,#1565);
#1343=LINE('',#3484,#1566);
#1344=LINE('',#3486,#1567);
#1345=LINE('',#3488,#1568);
#1346=LINE('',#3490,#1569);
#1347=LINE('',#3492,#1570);
#1348=LINE('',#3494,#1571);
#1349=LINE('',#3496,#1572);
#1350=LINE('',#3498,#1573);
#1351=LINE('',#3500,#1574);
#1352=LINE('',#3502,#1575);
#1353=LINE('',#3505,#1576);
#1354=LINE('',#3507,#1577);
#1355=LINE('',#3508,#1578);
#1356=LINE('',#3510,#1579);
#1357=LINE('',#3512,#1580);
#1358=LINE('',#3514,#1581);
#1359=LINE('',#3516,#1582);
#1360=LINE('',#3518,#1583);
#1361=LINE('',#3520,#1584);
#1362=LINE('',#3522,#1585);
#1363=LINE('',#3524,#1586);
#1364=LINE('',#3526,#1587);
#1365=LINE('',#3528,#1588);
#1366=LINE('',#3531,#1589);
#1367=LINE('',#3533,#1590);
#1368=LINE('',#3534,#1591);
#1369=LINE('',#3536,#1592);
#1370=LINE('',#3539,#1593);
#1371=LINE('',#3541,#1594);
#1372=LINE('',#3542,#1595);
#1373=LINE('',#3544,#1596);
#1374=LINE('',#3546,#1597);
#1375=LINE('',#3548,#1598);
#1376=LINE('',#3550,#1599);
#1377=LINE('',#3552,#1600);
#1378=LINE('',#3554,#1601);
#1379=LINE('',#3556,#1602);
#1380=LINE('',#3558,#1603);
#1381=LINE('',#3560,#1604);
#1382=LINE('',#3562,#1605);
#1383=LINE('',#3564,#1606);
#1384=LINE('',#3565,#1607);
#1385=LINE('',#3566,#1608);
#1386=LINE('',#3568,#1609);
#1387=LINE('',#3570,#1610);
#1388=LINE('',#3571,#1611);
#1389=LINE('',#3573,#1612);
#1390=LINE('',#3575,#1613);
#1391=LINE('',#3578,#1614);
#1392=LINE('',#3580,#1615);
#1393=LINE('',#3586,#1616);
#1394=LINE('',#3589,#1617);
#1395=LINE('',#3591,#1618);
#1396=LINE('',#3593,#1619);
#1397=LINE('',#3595,#1620);
#1398=LINE('',#3597,#1621);
#1399=LINE('',#3599,#1622);
#1400=LINE('',#3601,#1623);
#1401=LINE('',#3603,#1624);
#1402=LINE('',#3605,#1625);
#1403=LINE('',#3607,#1626);
#1404=LINE('',#3608,#1627);
#1405=LINE('',#3613,#1628);
#1406=LINE('',#3618,#1629);
#1407=LINE('',#3662,#1630);
#1408=LINE('',#3665,#1631);
#1409=LINE('',#3666,#1632);
#1410=LINE('',#3668,#1633);
#1411=LINE('',#3670,#1634);
#1412=LINE('',#3672,#1635);
#1413=LINE('',#3722,#1636);
#1414=LINE('',#3725,#1637);
#1415=LINE('',#3727,#1638);
#1416=LINE('',#3729,#1639);
#1417=LINE('',#3731,#1640);
#1418=LINE('',#3734,#1641);
#1419=LINE('',#3736,#1642);
#1420=LINE('',#3738,#1643);
#1421=LINE('',#3744,#1644);
#1422=LINE('',#3747,#1645);
#1423=LINE('',#3749,#1646);
#1424=LINE('',#3751,#1647);
#1425=LINE('',#3769,#1648);
#1426=LINE('',#3772,#1649);
#1427=LINE('',#3774,#1650);
#1428=LINE('',#3776,#1651);
#1429=LINE('',#3778,#1652);
#1430=LINE('',#3781,#1653);
#1431=LINE('',#3783,#1654);
#1432=LINE('',#3785,#1655);
#1433=LINE('',#3790,#1656);
#1434=LINE('',#3794,#1657);
#1435=LINE('',#3797,#1658);
#1436=LINE('',#3807,#1659);
#1437=LINE('',#3809,#1660);
#1438=LINE('',#3814,#1661);
#1439=LINE('',#3815,#1662);
#1440=LINE('',#3817,#1663);
#1441=LINE('',#3819,#1664);
#1442=LINE('',#3821,#1665);
#1443=LINE('',#3826,#1666);
#1444=LINE('',#3828,#1667);
#1445=LINE('',#3837,#1668);
#1446=LINE('',#3840,#1669);
#1447=LINE('',#3842,#1670);
#1448=LINE('',#3843,#1671);
#1449=LINE('',#3847,#1672);
#1450=LINE('',#3849,#1673);
#1451=LINE('',#3851,#1674);
#1452=LINE('',#3852,#1675);
#1453=LINE('',#3858,#1676);
#1454=LINE('',#3861,#1677);
#1455=LINE('',#3863,#1678);
#1456=LINE('',#3865,#1679);
#1457=LINE('',#3867,#1680);
#1458=LINE('',#3869,#1681);
#1459=LINE('',#3871,#1682);
#1460=LINE('',#3873,#1683);
#1461=LINE('',#3875,#1684);
#1462=LINE('',#3877,#1685);
#1463=LINE('',#3879,#1686);
#1464=LINE('',#3881,#1687);
#1465=LINE('',#3883,#1688);
#1466=LINE('',#3885,#1689);
#1467=LINE('',#3887,#1690);
#1468=LINE('',#3889,#1691);
#1469=LINE('',#3891,#1692);
#1470=LINE('',#3893,#1693);
#1471=LINE('',#3895,#1694);
#1472=LINE('',#3897,#1695);
#1473=LINE('',#3899,#1696);
#1474=LINE('',#3901,#1697);
#1475=LINE('',#3903,#1698);
#1476=LINE('',#3905,#1699);
#1477=LINE('',#3907,#1700);
#1478=LINE('',#3909,#1701);
#1479=LINE('',#3911,#1702);
#1480=LINE('',#3913,#1703);
#1481=LINE('',#3915,#1704);
#1482=LINE('',#3917,#1705);
#1483=LINE('',#3919,#1706);
#1484=LINE('',#3923,#1707);
#1485=LINE('',#3927,#1708);
#1486=LINE('',#3928,#1709);
#1487=LINE('',#3968,#1710);
#1488=LINE('',#3971,#1711);
#1489=LINE('',#3973,#1712);
#1490=LINE('',#3975,#1713);
#1491=LINE('',#3977,#1714);
#1492=LINE('',#3980,#1715);
#1493=LINE('',#3982,#1716);
#1494=LINE('',#3984,#1717);
#1495=LINE('',#3986,#1718);
#1496=LINE('',#3987,#1719);
#1497=LINE('',#3989,#1720);
#1498=LINE('',#3991,#1721);
#1499=LINE('',#3995,#1722);
#1500=LINE('',#3998,#1723);
#1501=LINE('',#4000,#1724);
#1502=LINE('',#4002,#1725);
#1503=LINE('',#4004,#1726);
#1504=LINE('',#4006,#1727);
#1505=LINE('',#4008,#1728);
#1506=LINE('',#4010,#1729);
#1507=LINE('',#4012,#1730);
#1508=LINE('',#4014,#1731);
#1509=LINE('',#4016,#1732);
#1510=LINE('',#4017,#1733);
#1511=VECTOR('',#2702,1.);
#1512=VECTOR('',#2703,1.);
#1513=VECTOR('',#2704,1.);
#1514=VECTOR('',#2705,1.);
#1515=VECTOR('',#2708,1.);
#1516=VECTOR('',#2709,1.);
#1517=VECTOR('',#2710,1.);
#1518=VECTOR('',#2711,1.);
#1519=VECTOR('',#2714,1.);
#1520=VECTOR('',#2715,1.);
#1521=VECTOR('',#2716,1.);
#1522=VECTOR('',#2717,1.);
#1523=VECTOR('',#2720,1.);
#1524=VECTOR('',#2721,1.);
#1525=VECTOR('',#2722,1.);
#1526=VECTOR('',#2723,1.);
#1527=VECTOR('',#2726,1.);
#1528=VECTOR('',#2727,1.);
#1529=VECTOR('',#2728,1.);
#1530=VECTOR('',#2729,1.);
#1531=VECTOR('',#2732,1.);
#1532=VECTOR('',#2733,1.);
#1533=VECTOR('',#2734,1.);
#1534=VECTOR('',#2735,1.);
#1535=VECTOR('',#2748,1.);
#1536=VECTOR('',#2749,1.);
#1537=VECTOR('',#2750,1.);
#1538=VECTOR('',#2751,1.);
#1539=VECTOR('',#2754,1.);
#1540=VECTOR('',#2755,1.);
#1541=VECTOR('',#2756,1.);
#1542=VECTOR('',#2757,1.);
#1543=VECTOR('',#2760,1.);
#1544=VECTOR('',#2761,1.);
#1545=VECTOR('',#2762,1.);
#1546=VECTOR('',#2765,1.);
#1547=VECTOR('',#2766,1.);
#1548=VECTOR('',#2767,1.);
#1549=VECTOR('',#2770,1.);
#1550=VECTOR('',#2771,1.);
#1551=VECTOR('',#2772,1.);
#1552=VECTOR('',#2773,1.);
#1553=VECTOR('',#2776,1.);
#1554=VECTOR('',#2777,1.);
#1555=VECTOR('',#2780,1.);
#1556=VECTOR('',#2781,1.);
#1557=VECTOR('',#2784,1.);
#1558=VECTOR('',#2785,1.);
#1559=VECTOR('',#2794,1.);
#1560=VECTOR('',#2795,1.);
#1561=VECTOR('',#2796,1.);
#1562=VECTOR('',#2797,1.);
#1563=VECTOR('',#2798,1.);
#1564=VECTOR('',#2799,1.);
#1565=VECTOR('',#2800,1.);
#1566=VECTOR('',#2801,1.);
#1567=VECTOR('',#2802,1.);
#1568=VECTOR('',#2803,1.);
#1569=VECTOR('',#2804,1.);
#1570=VECTOR('',#2805,1.);
#1571=VECTOR('',#2808,1.);
#1572=VECTOR('',#2809,1.);
#1573=VECTOR('',#2810,1.);
#1574=VECTOR('',#2811,1.);
#1575=VECTOR('',#2814,1.);
#1576=VECTOR('',#2815,1.);
#1577=VECTOR('',#2816,1.);
#1578=VECTOR('',#2817,1.);
#1579=VECTOR('',#2820,1.);
#1580=VECTOR('',#2821,1.);
#1581=VECTOR('',#2824,1.);
#1582=VECTOR('',#2825,1.);
#1583=VECTOR('',#2828,1.);
#1584=VECTOR('',#2829,1.);
#1585=VECTOR('',#2832,1.);
#1586=VECTOR('',#2833,1.);
#1587=VECTOR('',#2834,1.);
#1588=VECTOR('',#2837,1.);
#1589=VECTOR('',#2838,1.);
#1590=VECTOR('',#2839,1.);
#1591=VECTOR('',#2840,1.);
#1592=VECTOR('',#2843,1.);
#1593=VECTOR('',#2844,1.);
#1594=VECTOR('',#2845,1.);
#1595=VECTOR('',#2846,1.);
#1596=VECTOR('',#2847,1.);
#1597=VECTOR('',#2848,1.);
#1598=VECTOR('',#2849,1.);
#1599=VECTOR('',#2852,1.);
#1600=VECTOR('',#2853,1.);
#1601=VECTOR('',#2854,1.);
#1602=VECTOR('',#2855,1.);
#1603=VECTOR('',#2856,1.);
#1604=VECTOR('',#2857,1.);
#1605=VECTOR('',#2858,1.);
#1606=VECTOR('',#2861,1.);
#1607=VECTOR('',#2862,1.);
#1608=VECTOR('',#2863,1.);
#1609=VECTOR('',#2866,1.);
#1610=VECTOR('',#2869,1.);
#1611=VECTOR('',#2870,1.);
#1612=VECTOR('',#2873,1.);
#1613=VECTOR('',#2876,1.);
#1614=VECTOR('',#2881,1.);
#1615=VECTOR('',#2884,1.);
#1616=VECTOR('',#2895,1.);
#1617=VECTOR('',#2896,1.);
#1618=VECTOR('',#2897,1.);
#1619=VECTOR('',#2898,1.);
#1620=VECTOR('',#2901,1.);
#1621=VECTOR('',#2902,1.);
#1622=VECTOR('',#2903,1.);
#1623=VECTOR('',#2906,1.);
#1624=VECTOR('',#2907,1.);
#1625=VECTOR('',#2908,1.);
#1626=VECTOR('',#2911,1.);
#1627=VECTOR('',#2912,1.);
#1628=VECTOR('',#2921,1.);
#1629=VECTOR('',#2924,1.);
#1630=VECTOR('',#2973,1.);
#1631=VECTOR('',#2974,1.);
#1632=VECTOR('',#2975,1.);
#1633=VECTOR('',#2978,1.);
#1634=VECTOR('',#2979,1.);
#1635=VECTOR('',#2980,1.);
#1636=VECTOR('',#3059,1.);
#1637=VECTOR('',#3060,1.);
#1638=VECTOR('',#3061,1.);
#1639=VECTOR('',#3062,1.);
#1640=VECTOR('',#3065,1.);
#1641=VECTOR('',#3066,1.);
#1642=VECTOR('',#3067,1.);
#1643=VECTOR('',#3068,1.);
#1644=VECTOR('',#3075,1.);
#1645=VECTOR('',#3076,1.);
#1646=VECTOR('',#3077,1.);
#1647=VECTOR('',#3078,1.);
#1648=VECTOR('',#3101,1.);
#1649=VECTOR('',#3102,1.);
#1650=VECTOR('',#3103,1.);
#1651=VECTOR('',#3104,1.);
#1652=VECTOR('',#3107,1.);
#1653=VECTOR('',#3108,1.);
#1654=VECTOR('',#3109,1.);
#1655=VECTOR('',#3110,1.);
#1656=VECTOR('',#3119,1.);
#1657=VECTOR('',#3126,1.);
#1658=VECTOR('',#3131,1.);
#1659=VECTOR('',#3140,1.);
#1660=VECTOR('',#3141,1.);
#1661=VECTOR('',#3146,1.);
#1662=VECTOR('',#3147,1.);
#1663=VECTOR('',#3150,1.);
#1664=VECTOR('',#3151,1.);
#1665=VECTOR('',#3154,1.);
#1666=VECTOR('',#3159,1.);
#1667=VECTOR('',#3160,1.);
#1668=VECTOR('',#3169,1.);
#1669=VECTOR('',#3174,1.);
#1670=VECTOR('',#3177,1.);
#1671=VECTOR('',#3178,1.);
#1672=VECTOR('',#3185,1.);
#1673=VECTOR('',#3188,1.);
#1674=VECTOR('',#3191,1.);
#1675=VECTOR('',#3192,1.);
#1676=VECTOR('',#3203,1.);
#1677=VECTOR('',#3204,1.);
#1678=VECTOR('',#3205,1.);
#1679=VECTOR('',#3206,1.);
#1680=VECTOR('',#3209,1.);
#1681=VECTOR('',#3210,1.);
#1682=VECTOR('',#3211,1.);
#1683=VECTOR('',#3214,1.);
#1684=VECTOR('',#3215,1.);
#1685=VECTOR('',#3216,1.);
#1686=VECTOR('',#3219,1.);
#1687=VECTOR('',#3220,1.);
#1688=VECTOR('',#3221,1.);
#1689=VECTOR('',#3224,1.);
#1690=VECTOR('',#3225,1.);
#1691=VECTOR('',#3226,1.);
#1692=VECTOR('',#3229,1.);
#1693=VECTOR('',#3230,1.);
#1694=VECTOR('',#3231,1.);
#1695=VECTOR('',#3234,1.);
#1696=VECTOR('',#3235,1.);
#1697=VECTOR('',#3236,1.);
#1698=VECTOR('',#3239,1.);
#1699=VECTOR('',#3240,1.);
#1700=VECTOR('',#3241,1.);
#1701=VECTOR('',#3244,1.);
#1702=VECTOR('',#3245,1.);
#1703=VECTOR('',#3246,1.);
#1704=VECTOR('',#3249,1.);
#1705=VECTOR('',#3250,1.);
#1706=VECTOR('',#3251,1.);
#1707=VECTOR('',#3256,1.);
#1708=VECTOR('',#3261,1.);
#1709=VECTOR('',#3262,1.);
#1710=VECTOR('',#3313,1.);
#1711=VECTOR('',#3314,1.);
#1712=VECTOR('',#3315,1.);
#1713=VECTOR('',#3316,1.);
#1714=VECTOR('',#3319,1.);
#1715=VECTOR('',#3320,1.);
#1716=VECTOR('',#3321,1.);
#1717=VECTOR('',#3322,1.);
#1718=VECTOR('',#3325,1.);
#1719=VECTOR('',#3326,1.);
#1720=VECTOR('',#3329,1.);
#1721=VECTOR('',#3332,1.);
#1722=VECTOR('',#3339,1.);
#1723=VECTOR('',#3340,1.);
#1724=VECTOR('',#3341,1.);
#1725=VECTOR('',#3342,1.);
#1726=VECTOR('',#3345,1.);
#1727=VECTOR('',#3346,1.);
#1728=VECTOR('',#3347,1.);
#1729=VECTOR('',#3350,1.);
#1730=VECTOR('',#3351,1.);
#1731=VECTOR('',#3352,1.);
#1732=VECTOR('',#3355,1.);
#1733=VECTOR('',#3356,1.);
#1734=EDGE_LOOP('',(#191,#192,#193,#194));
#1735=EDGE_LOOP('',(#195,#196,#197,#198));
#1736=EDGE_LOOP('',(#199,#200,#201,#202));
#1737=EDGE_LOOP('',(#203,#204,#205,#206));
#1738=EDGE_LOOP('',(#207,#208,#209,#210,#211,#212,#213,#214));
#1739=EDGE_LOOP('',(#215,#216,#217,#218,#219,#220,#221,#222));
#1740=EDGE_LOOP('',(#223,#224,#225,#226));
#1741=EDGE_LOOP('',(#227,#228,#229,#230));
#1742=EDGE_LOOP('',(#231,#232,#233,#234));
#1743=EDGE_LOOP('',(#235,#236,#237,#238));
#1744=EDGE_LOOP('',(#239,#240,#241,#242));
#1745=EDGE_LOOP('',(#243,#244,#245,#246));
#1746=EDGE_LOOP('',(#247,#248,#249,#250));
#1747=EDGE_LOOP('',(#251,#252,#253,#254));
#1748=EDGE_LOOP('',(#255,#256,#257,#258));
#1749=EDGE_LOOP('',(#259,#260,#261,#262));
#1750=EDGE_LOOP('',(#263,#264,#265,#266,#267,#268,#269,#270));
#1751=EDGE_LOOP('',(#271,#272,#273,#274,#275,#276,#277,#278));
#1752=EDGE_LOOP('',(#279,#280,#281,#282));
#1753=EDGE_LOOP('',(#283,#284,#285,#286));
#1754=EDGE_LOOP('',(#287,#288,#289,#290,#291,#292,#293,#294,#295,#296,#297,
#298));
#1755=EDGE_LOOP('',(#299,#300,#301,#302,#303));
#1756=EDGE_LOOP('',(#304,#305,#306,#307,#308));
#1757=EDGE_LOOP('',(#309,#310,#311,#312));
#1758=EDGE_LOOP('',(#313,#314,#315,#316));
#1759=EDGE_LOOP('',(#317,#318,#319,#320));
#1760=EDGE_LOOP('',(#321,#322,#323,#324,#325));
#1761=EDGE_LOOP('',(#326,#327,#328,#329,#330));
#1762=EDGE_LOOP('',(#331,#332,#333,#334,#335,#336,#337,#338,#339));
#1763=EDGE_LOOP('',(#340,#341,#342,#343,#344,#345,#346,#347,#348));
#1764=EDGE_LOOP('',(#349,#350,#351,#352,#353,#354,#355,#356,#357,#358,#359,
#360));
#1765=EDGE_LOOP('',(#361,#362,#363,#364));
#1766=EDGE_LOOP('',(#365,#366,#367,#368));
#1767=EDGE_LOOP('',(#369,#370,#371,#372));
#1768=EDGE_LOOP('',(#373,#374,#375,#376));
#1769=EDGE_LOOP('',(#377,#378,#379,#380));
#1770=EDGE_LOOP('',(#381,#382,#383,#384));
#1771=EDGE_LOOP('',(#385,#386,#387,#388));
#1772=EDGE_LOOP('',(#389,#390,#391,#392));
#1773=EDGE_LOOP('',(#393,#394,#395,#396));
#1774=EDGE_LOOP('',(#397,#398,#399,#400));
#1775=EDGE_LOOP('',(#401,#402,#403,#404));
#1776=EDGE_LOOP('',(#405,#406,#407,#408));
#1777=EDGE_LOOP('',(#409,#410,#411,#412));
#1778=EDGE_LOOP('',(#413,#414,#415,#416));
#1779=EDGE_LOOP('',(#417,#418,#419,#420));
#1780=EDGE_LOOP('',(#421,#422,#423,#424));
#1781=EDGE_LOOP('',(#425,#426,#427,#428));
#1782=EDGE_LOOP('',(#429));
#1783=EDGE_LOOP('',(#430));
#1784=EDGE_LOOP('',(#431));
#1785=EDGE_LOOP('',(#432));
#1786=EDGE_LOOP('',(#433));
#1787=EDGE_LOOP('',(#434));
#1788=EDGE_LOOP('',(#435));
#1789=EDGE_LOOP('',(#436));
#1790=EDGE_LOOP('',(#437));
#1791=EDGE_LOOP('',(#438));
#1792=EDGE_LOOP('',(#439));
#1793=EDGE_LOOP('',(#440));
#1794=EDGE_LOOP('',(#441));
#1795=EDGE_LOOP('',(#442));
#1796=EDGE_LOOP('',(#443));
#1797=EDGE_LOOP('',(#444));
#1798=EDGE_LOOP('',(#445));
#1799=EDGE_LOOP('',(#446));
#1800=EDGE_LOOP('',(#447,#448,#449,#450));
#1801=EDGE_LOOP('',(#451));
#1802=EDGE_LOOP('',(#452));
#1803=EDGE_LOOP('',(#453));
#1804=EDGE_LOOP('',(#454));
#1805=EDGE_LOOP('',(#455,#456,#457,#458));
#1806=EDGE_LOOP('',(#459));
#1807=EDGE_LOOP('',(#460));
#1808=EDGE_LOOP('',(#461));
#1809=EDGE_LOOP('',(#462));
#1810=EDGE_LOOP('',(#463,#464,#465,#466));
#1811=EDGE_LOOP('',(#467,#468,#469,#470));
#1812=EDGE_LOOP('',(#471,#472,#473,#474));
#1813=EDGE_LOOP('',(#475));
#1814=EDGE_LOOP('',(#476));
#1815=EDGE_LOOP('',(#477));
#1816=EDGE_LOOP('',(#478));
#1817=EDGE_LOOP('',(#479));
#1818=EDGE_LOOP('',(#480));
#1819=EDGE_LOOP('',(#481));
#1820=EDGE_LOOP('',(#482));
#1821=EDGE_LOOP('',(#483));
#1822=EDGE_LOOP('',(#484));
#1823=EDGE_LOOP('',(#485));
#1824=EDGE_LOOP('',(#486));
#1825=EDGE_LOOP('',(#487));
#1826=EDGE_LOOP('',(#488));
#1827=EDGE_LOOP('',(#489));
#1828=EDGE_LOOP('',(#490));
#1829=EDGE_LOOP('',(#491));
#1830=EDGE_LOOP('',(#492));
#1831=EDGE_LOOP('',(#493));
#1832=EDGE_LOOP('',(#494));
#1833=EDGE_LOOP('',(#495));
#1834=EDGE_LOOP('',(#496));
#1835=EDGE_LOOP('',(#497));
#1836=EDGE_LOOP('',(#498));
#1837=EDGE_LOOP('',(#499));
#1838=EDGE_LOOP('',(#500));
#1839=EDGE_LOOP('',(#501));
#1840=EDGE_LOOP('',(#502));
#1841=EDGE_LOOP('',(#503));
#1842=EDGE_LOOP('',(#504));
#1843=EDGE_LOOP('',(#505,#506,#507,#508));
#1844=EDGE_LOOP('',(#509,#510,#511,#512));
#1845=EDGE_LOOP('',(#513));
#1846=EDGE_LOOP('',(#514));
#1847=EDGE_LOOP('',(#515,#516,#517,#518));
#1848=EDGE_LOOP('',(#519));
#1849=EDGE_LOOP('',(#520));
#1850=EDGE_LOOP('',(#521));
#1851=EDGE_LOOP('',(#522));
#1852=EDGE_LOOP('',(#523));
#1853=EDGE_LOOP('',(#524));
#1854=EDGE_LOOP('',(#525));
#1855=EDGE_LOOP('',(#526));
#1856=EDGE_LOOP('',(#527,#528,#529,#530));
#1857=EDGE_LOOP('',(#531));
#1858=EDGE_LOOP('',(#532));
#1859=EDGE_LOOP('',(#533,#534,#535,#536));
#1860=EDGE_LOOP('',(#537));
#1861=EDGE_LOOP('',(#538));
#1862=EDGE_LOOP('',(#539));
#1863=EDGE_LOOP('',(#540));
#1864=EDGE_LOOP('',(#541,#542,#543,#544));
#1865=EDGE_LOOP('',(#545,#546,#547,#548,#549,#550));
#1866=EDGE_LOOP('',(#551,#552,#553,#554,#555,#556));
#1867=EDGE_LOOP('',(#557,#558,#559,#560));
#1868=EDGE_LOOP('',(#561,#562,#563,#564,#565,#566,#567,#568,#569,#570,#571,
#572,#573,#574));
#1869=EDGE_LOOP('',(#575,#576,#577,#578));
#1870=EDGE_LOOP('',(#579,#580,#581,#582,#583,#584,#585,#586,#587,#588,#589,
#590,#591,#592));
#1871=EDGE_LOOP('',(#593,#594,#595,#596));
#1872=EDGE_LOOP('',(#597,#598,#599,#600));
#1873=EDGE_LOOP('',(#601,#602,#603,#604));
#1874=EDGE_LOOP('',(#605,#606,#607,#608));
#1875=EDGE_LOOP('',(#609,#610,#611,#612));
#1876=EDGE_LOOP('',(#613,#614,#615,#616));
#1877=EDGE_LOOP('',(#617,#618,#619,#620));
#1878=EDGE_LOOP('',(#621,#622,#623,#624));
#1879=EDGE_LOOP('',(#625,#626,#627,#628));
#1880=EDGE_LOOP('',(#629,#630,#631,#632));
#1881=EDGE_LOOP('',(#633,#634,#635,#636));
#1882=EDGE_LOOP('',(#637,#638,#639,#640));
#1883=EDGE_LOOP('',(#641,#642,#643,#644));
#1884=EDGE_LOOP('',(#645,#646,#647,#648));
#1885=EDGE_LOOP('',(#649,#650,#651,#652));
#1886=EDGE_LOOP('',(#653,#654,#655,#656));
#1887=EDGE_LOOP('',(#657,#658,#659,#660));
#1888=EDGE_LOOP('',(#661,#662,#663,#664));
#1889=EDGE_LOOP('',(#665,#666,#667,#668));
#1890=EDGE_LOOP('',(#669,#670,#671,#672));
#1891=EDGE_LOOP('',(#673,#674,#675,#676));
#1892=EDGE_LOOP('',(#677,#678,#679,#680));
#1893=EDGE_LOOP('',(#681));
#1894=EDGE_LOOP('',(#682));
#1895=EDGE_LOOP('',(#683));
#1896=EDGE_LOOP('',(#684));
#1897=EDGE_LOOP('',(#685));
#1898=EDGE_LOOP('',(#686));
#1899=EDGE_LOOP('',(#687));
#1900=EDGE_LOOP('',(#688));
#1901=EDGE_LOOP('',(#689));
#1902=EDGE_LOOP('',(#690));
#1903=EDGE_LOOP('',(#691,#692,#693,#694,#695,#696,#697,#698,#699,#700,#701,
#702));
#1904=EDGE_LOOP('',(#703));
#1905=EDGE_LOOP('',(#704));
#1906=EDGE_LOOP('',(#705));
#1907=EDGE_LOOP('',(#706));
#1908=EDGE_LOOP('',(#707));
#1909=EDGE_LOOP('',(#708));
#1910=EDGE_LOOP('',(#709));
#1911=EDGE_LOOP('',(#710,#711,#712,#713,#714,#715,#716,#717,#718,#719,#720,
#721));
#1912=EDGE_LOOP('',(#722));
#1913=EDGE_LOOP('',(#723));
#1914=EDGE_LOOP('',(#724));
#1915=EDGE_LOOP('',(#725));
#1916=EDGE_LOOP('',(#726));
#1917=EDGE_LOOP('',(#727));
#1918=EDGE_LOOP('',(#728));
#1919=EDGE_LOOP('',(#729));
#1920=EDGE_LOOP('',(#730));
#1921=EDGE_LOOP('',(#731));
#1922=EDGE_LOOP('',(#732));
#1923=EDGE_LOOP('',(#733,#734,#735,#736));
#1924=EDGE_LOOP('',(#737,#738,#739,#740));
#1925=EDGE_LOOP('',(#741,#742,#743,#744));
#1926=EDGE_LOOP('',(#745,#746,#747,#748));
#1927=EDGE_LOOP('',(#749,#750,#751,#752));
#1928=EDGE_LOOP('',(#753,#754,#755,#756));
#1929=EDGE_LOOP('',(#757,#758,#759,#760));
#1930=EDGE_LOOP('',(#761,#762,#763,#764));
#1931=EDGE_LOOP('',(#765,#766,#767,#768));
#1932=EDGE_LOOP('',(#769,#770,#771,#772));
#1933=EDGE_LOOP('',(#773,#774,#775,#776));
#1934=EDGE_LOOP('',(#777,#778,#779,#780));
#1935=FACE_BOUND('',#1734,.T.);
#1936=FACE_BOUND('',#1735,.T.);
#1937=FACE_BOUND('',#1736,.T.);
#1938=FACE_BOUND('',#1737,.T.);
#1939=FACE_BOUND('',#1738,.T.);
#1940=FACE_BOUND('',#1739,.T.);
#1941=FACE_BOUND('',#1740,.T.);
#1942=FACE_BOUND('',#1741,.T.);
#1943=FACE_BOUND('',#1742,.T.);
#1944=FACE_BOUND('',#1743,.T.);
#1945=FACE_BOUND('',#1744,.T.);
#1946=FACE_BOUND('',#1745,.T.);
#1947=FACE_BOUND('',#1746,.T.);
#1948=FACE_BOUND('',#1747,.T.);
#1949=FACE_BOUND('',#1748,.T.);
#1950=FACE_BOUND('',#1749,.T.);
#1951=FACE_BOUND('',#1750,.T.);
#1952=FACE_BOUND('',#1751,.T.);
#1953=FACE_BOUND('',#1752,.T.);
#1954=FACE_BOUND('',#1753,.T.);
#1955=FACE_BOUND('',#1754,.T.);
#1956=FACE_BOUND('',#1755,.T.);
#1957=FACE_BOUND('',#1756,.T.);
#1958=FACE_BOUND('',#1757,.T.);
#1959=FACE_BOUND('',#1758,.T.);
#1960=FACE_BOUND('',#1759,.T.);
#1961=FACE_BOUND('',#1760,.T.);
#1962=FACE_BOUND('',#1761,.T.);
#1963=FACE_BOUND('',#1762,.T.);
#1964=FACE_BOUND('',#1763,.T.);
#1965=FACE_BOUND('',#1764,.T.);
#1966=FACE_BOUND('',#1765,.T.);
#1967=FACE_BOUND('',#1766,.T.);
#1968=FACE_BOUND('',#1767,.T.);
#1969=FACE_BOUND('',#1768,.T.);
#1970=FACE_BOUND('',#1769,.T.);
#1971=FACE_BOUND('',#1770,.T.);
#1972=FACE_BOUND('',#1771,.T.);
#1973=FACE_BOUND('',#1772,.T.);
#1974=FACE_BOUND('',#1773,.T.);
#1975=FACE_BOUND('',#1774,.T.);
#1976=FACE_BOUND('',#1775,.T.);
#1977=FACE_BOUND('',#1776,.T.);
#1978=FACE_BOUND('',#1777,.T.);
#1979=FACE_BOUND('',#1778,.T.);
#1980=FACE_BOUND('',#1779,.T.);
#1981=FACE_BOUND('',#1780,.T.);
#1982=FACE_BOUND('',#1781,.T.);
#1983=FACE_BOUND('',#1782,.T.);
#1984=FACE_BOUND('',#1783,.T.);
#1985=FACE_BOUND('',#1784,.T.);
#1986=FACE_BOUND('',#1785,.T.);
#1987=FACE_BOUND('',#1786,.T.);
#1988=FACE_BOUND('',#1787,.T.);
#1989=FACE_BOUND('',#1788,.T.);
#1990=FACE_BOUND('',#1789,.T.);
#1991=FACE_BOUND('',#1790,.T.);
#1992=FACE_BOUND('',#1791,.T.);
#1993=FACE_BOUND('',#1792,.T.);
#1994=FACE_BOUND('',#1793,.T.);
#1995=FACE_BOUND('',#1794,.T.);
#1996=FACE_BOUND('',#1795,.T.);
#1997=FACE_BOUND('',#1796,.T.);
#1998=FACE_BOUND('',#1797,.T.);
#1999=FACE_BOUND('',#1798,.T.);
#2000=FACE_BOUND('',#1799,.T.);
#2001=FACE_BOUND('',#1800,.T.);
#2002=FACE_BOUND('',#1801,.T.);
#2003=FACE_BOUND('',#1802,.T.);
#2004=FACE_BOUND('',#1803,.T.);
#2005=FACE_BOUND('',#1804,.T.);
#2006=FACE_BOUND('',#1805,.T.);
#2007=FACE_BOUND('',#1806,.T.);
#2008=FACE_BOUND('',#1807,.T.);
#2009=FACE_BOUND('',#1808,.T.);
#2010=FACE_BOUND('',#1809,.T.);
#2011=FACE_BOUND('',#1810,.T.);
#2012=FACE_BOUND('',#1811,.T.);
#2013=FACE_BOUND('',#1812,.T.);
#2014=FACE_BOUND('',#1813,.T.);
#2015=FACE_BOUND('',#1814,.T.);
#2016=FACE_BOUND('',#1815,.T.);
#2017=FACE_BOUND('',#1816,.T.);
#2018=FACE_BOUND('',#1817,.T.);
#2019=FACE_BOUND('',#1818,.T.);
#2020=FACE_BOUND('',#1819,.T.);
#2021=FACE_BOUND('',#1820,.T.);
#2022=FACE_BOUND('',#1821,.T.);
#2023=FACE_BOUND('',#1822,.T.);
#2024=FACE_BOUND('',#1823,.T.);
#2025=FACE_BOUND('',#1824,.T.);
#2026=FACE_BOUND('',#1825,.T.);
#2027=FACE_BOUND('',#1826,.T.);
#2028=FACE_BOUND('',#1827,.T.);
#2029=FACE_BOUND('',#1828,.T.);
#2030=FACE_BOUND('',#1829,.T.);
#2031=FACE_BOUND('',#1830,.T.);
#2032=FACE_BOUND('',#1831,.T.);
#2033=FACE_BOUND('',#1832,.T.);
#2034=FACE_BOUND('',#1833,.T.);
#2035=FACE_BOUND('',#1834,.T.);
#2036=FACE_BOUND('',#1835,.T.);
#2037=FACE_BOUND('',#1836,.T.);
#2038=FACE_BOUND('',#1837,.T.);
#2039=FACE_BOUND('',#1838,.T.);
#2040=FACE_BOUND('',#1839,.T.);
#2041=FACE_BOUND('',#1840,.T.);
#2042=FACE_BOUND('',#1841,.T.);
#2043=FACE_BOUND('',#1842,.T.);
#2044=FACE_BOUND('',#1843,.T.);
#2045=FACE_BOUND('',#1844,.T.);
#2046=FACE_BOUND('',#1845,.T.);
#2047=FACE_BOUND('',#1846,.T.);
#2048=FACE_BOUND('',#1847,.T.);
#2049=FACE_BOUND('',#1848,.T.);
#2050=FACE_BOUND('',#1849,.T.);
#2051=FACE_BOUND('',#1850,.T.);
#2052=FACE_BOUND('',#1851,.T.);
#2053=FACE_BOUND('',#1852,.T.);
#2054=FACE_BOUND('',#1853,.T.);
#2055=FACE_BOUND('',#1854,.T.);
#2056=FACE_BOUND('',#1855,.T.);
#2057=FACE_BOUND('',#1856,.T.);
#2058=FACE_BOUND('',#1857,.T.);
#2059=FACE_BOUND('',#1858,.T.);
#2060=FACE_BOUND('',#1859,.T.);
#2061=FACE_BOUND('',#1860,.T.);
#2062=FACE_BOUND('',#1861,.T.);
#2063=FACE_BOUND('',#1862,.T.);
#2064=FACE_BOUND('',#1863,.T.);
#2065=FACE_BOUND('',#1864,.T.);
#2066=FACE_BOUND('',#1865,.T.);
#2067=FACE_BOUND('',#1866,.T.);
#2068=FACE_BOUND('',#1867,.T.);
#2069=FACE_BOUND('',#1868,.T.);
#2070=FACE_BOUND('',#1869,.T.);
#2071=FACE_BOUND('',#1870,.T.);
#2072=FACE_BOUND('',#1871,.T.);
#2073=FACE_BOUND('',#1872,.T.);
#2074=FACE_BOUND('',#1873,.T.);
#2075=FACE_BOUND('',#1874,.T.);
#2076=FACE_BOUND('',#1875,.T.);
#2077=FACE_BOUND('',#1876,.T.);
#2078=FACE_BOUND('',#1877,.T.);
#2079=FACE_BOUND('',#1878,.T.);
#2080=FACE_BOUND('',#1879,.T.);
#2081=FACE_BOUND('',#1880,.T.);
#2082=FACE_BOUND('',#1881,.T.);
#2083=FACE_BOUND('',#1882,.T.);
#2084=FACE_BOUND('',#1883,.T.);
#2085=FACE_BOUND('',#1884,.T.);
#2086=FACE_BOUND('',#1885,.T.);
#2087=FACE_BOUND('',#1886,.T.);
#2088=FACE_BOUND('',#1887,.T.);
#2089=FACE_BOUND('',#1888,.T.);
#2090=FACE_BOUND('',#1889,.T.);
#2091=FACE_BOUND('',#1890,.T.);
#2092=FACE_BOUND('',#1891,.T.);
#2093=FACE_BOUND('',#1892,.T.);
#2094=FACE_BOUND('',#1893,.T.);
#2095=FACE_BOUND('',#1894,.T.);
#2096=FACE_BOUND('',#1895,.T.);
#2097=FACE_BOUND('',#1896,.T.);
#2098=FACE_BOUND('',#1897,.T.);
#2099=FACE_BOUND('',#1898,.T.);
#2100=FACE_BOUND('',#1899,.T.);
#2101=FACE_BOUND('',#1900,.T.);
#2102=FACE_BOUND('',#1901,.T.);
#2103=FACE_BOUND('',#1902,.T.);
#2104=FACE_BOUND('',#1903,.T.);
#2105=FACE_BOUND('',#1904,.T.);
#2106=FACE_BOUND('',#1905,.T.);
#2107=FACE_BOUND('',#1906,.T.);
#2108=FACE_BOUND('',#1907,.T.);
#2109=FACE_BOUND('',#1908,.T.);
#2110=FACE_BOUND('',#1909,.T.);
#2111=FACE_BOUND('',#1910,.T.);
#2112=FACE_BOUND('',#1911,.T.);
#2113=FACE_BOUND('',#1912,.T.);
#2114=FACE_BOUND('',#1913,.T.);
#2115=FACE_BOUND('',#1914,.T.);
#2116=FACE_BOUND('',#1915,.T.);
#2117=FACE_BOUND('',#1916,.T.);
#2118=FACE_BOUND('',#1917,.T.);
#2119=FACE_BOUND('',#1918,.T.);
#2120=FACE_BOUND('',#1919,.T.);
#2121=FACE_BOUND('',#1920,.T.);
#2122=FACE_BOUND('',#1921,.T.);
#2123=FACE_BOUND('',#1922,.T.);
#2124=FACE_BOUND('',#1923,.T.);
#2125=FACE_BOUND('',#1924,.T.);
#2126=FACE_BOUND('',#1925,.T.);
#2127=FACE_BOUND('',#1926,.T.);
#2128=FACE_BOUND('',#1927,.T.);
#2129=FACE_BOUND('',#1928,.T.);
#2130=FACE_BOUND('',#1929,.T.);
#2131=FACE_BOUND('',#1930,.T.);
#2132=FACE_BOUND('',#1931,.T.);
#2133=FACE_BOUND('',#1932,.T.);
#2134=FACE_BOUND('',#1933,.T.);
#2135=FACE_BOUND('',#1934,.T.);
#2136=PLANE('',#2477);
#2137=PLANE('',#2478);
#2138=PLANE('',#2479);
#2139=PLANE('',#2480);
#2140=PLANE('',#2481);
#2141=PLANE('',#2482);
#2142=PLANE('',#2483);
#2143=PLANE('',#2484);
#2144=PLANE('',#2485);
#2145=PLANE('',#2486);
#2146=PLANE('',#2488);
#2147=PLANE('',#2489);
#2148=PLANE('',#2490);
#2149=PLANE('',#2491);
#2150=PLANE('',#2492);
#2151=PLANE('',#2493);
#2152=PLANE('',#2494);
#2153=PLANE('',#2495);
#2154=PLANE('',#2496);
#2155=PLANE('',#2497);
#2156=PLANE('',#2499);
#2157=PLANE('',#2500);
#2158=PLANE('',#2501);
#2159=PLANE('',#2502);
#2160=PLANE('',#2503);
#2161=PLANE('',#2504);
#2162=PLANE('',#2505);
#2163=PLANE('',#2506);
#2164=PLANE('',#2507);
#2165=PLANE('',#2508);
#2166=PLANE('',#2509);
#2167=PLANE('',#2510);
#2168=PLANE('',#2511);
#2169=PLANE('',#2512);
#2170=PLANE('',#2513);
#2171=PLANE('',#2514);
#2172=PLANE('',#2515);
#2173=PLANE('',#2516);
#2174=PLANE('',#2517);
#2175=PLANE('',#2518);
#2176=PLANE('',#2519);
#2177=PLANE('',#2521);
#2178=PLANE('',#2522);
#2179=PLANE('',#2523);
#2180=PLANE('',#2524);
#2181=PLANE('',#2525);
#2182=PLANE('',#2526);
#2183=PLANE('',#2528);
#2184=PLANE('',#2543);
#2185=PLANE('',#2554);
#2186=PLANE('',#2562);
#2187=PLANE('',#2565);
#2188=PLANE('',#2568);
#2189=PLANE('',#2571);
#2190=PLANE('',#2574);
#2191=PLANE('',#2577);
#2192=PLANE('',#2580);
#2193=PLANE('',#2583);
#2194=PLANE('',#2586);
#2195=PLANE('',#2589);
#2196=PLANE('',#2593);
#2197=PLANE('',#2594);
#2198=PLANE('',#2595);
#2199=PLANE('',#2608);
#2200=PLANE('',#2609);
#2201=PLANE('',#2618);
#2202=PLANE('',#2625);
#2203=PLANE('',#2626);
#2204=PLANE('',#2633);
#2205=PLANE('',#2634);
#2206=PLANE('',#2640);
#2207=PLANE('',#2642);
#2208=PLANE('',#2645);
#2209=PLANE('',#2646);
#2210=PLANE('',#2647);
#2211=PLANE('',#2648);
#2212=PLANE('',#2649);
#2213=PLANE('',#2650);
#2214=PLANE('',#2651);
#2215=PLANE('',#2652);
#2216=PLANE('',#2653);
#2217=PLANE('',#2654);
#2218=PLANE('',#2658);
#2219=PLANE('',#2665);
#2220=PLANE('',#2671);
#2221=PLANE('',#2683);
#2222=PLANE('',#2684);
#2223=PLANE('',#2685);
#2224=PLANE('',#2686);
#2225=PLANE('',#2687);
#2226=PLANE('',#2688);
#2227=PLANE('',#2690);
#2228=PLANE('',#2691);
#2229=PLANE('',#2692);
#2230=PLANE('',#2693);
#2231=PLANE('',#2694);
#2232=PLANE('',#2695);
#2233=ADVANCED_FACE('',(#1935),#2136,.F.);
#2234=ADVANCED_FACE('',(#1936),#2137,.T.);
#2235=ADVANCED_FACE('',(#1937),#2138,.F.);
#2236=ADVANCED_FACE('',(#1938),#2139,.F.);
#2237=ADVANCED_FACE('',(#1939),#2140,.T.);
#2238=ADVANCED_FACE('',(#1940),#2141,.F.);
#2239=ADVANCED_FACE('',(#1941),#2142,.T.);
#2240=ADVANCED_FACE('',(#1942),#2143,.T.);
#2241=ADVANCED_FACE('',(#1943),#2144,.T.);
#2242=ADVANCED_FACE('',(#1944),#2145,.T.);
#2243=ADVANCED_FACE('',(#1945),#2146,.F.);
#2244=ADVANCED_FACE('',(#1946),#2147,.F.);
#2245=ADVANCED_FACE('',(#1947),#2148,.T.);
#2246=ADVANCED_FACE('',(#1948),#2149,.T.);
#2247=ADVANCED_FACE('',(#1949),#2150,.F.);
#2248=ADVANCED_FACE('',(#1950),#2151,.T.);
#2249=ADVANCED_FACE('',(#1951),#2152,.F.);
#2250=ADVANCED_FACE('',(#1952),#2153,.T.);
#2251=ADVANCED_FACE('',(#1953),#2154,.F.);
#2252=ADVANCED_FACE('',(#1954),#2155,.F.);
#2253=ADVANCED_FACE('',(#1955),#2156,.F.);
#2254=ADVANCED_FACE('',(#1956),#2157,.T.);
#2255=ADVANCED_FACE('',(#1957),#2158,.F.);
#2256=ADVANCED_FACE('',(#1958),#2159,.F.);
#2257=ADVANCED_FACE('',(#1959),#2160,.T.);
#2258=ADVANCED_FACE('',(#1960),#2161,.T.);
#2259=ADVANCED_FACE('',(#1961),#2162,.T.);
#2260=ADVANCED_FACE('',(#1962),#2163,.T.);
#2261=ADVANCED_FACE('',(#1963),#2164,.F.);
#2262=ADVANCED_FACE('',(#1964),#2165,.F.);
#2263=ADVANCED_FACE('',(#1965),#2166,.T.);
#2264=ADVANCED_FACE('',(#1966),#2167,.F.);
#2265=ADVANCED_FACE('',(#1967),#2168,.T.);
#2266=ADVANCED_FACE('',(#1968),#2169,.F.);
#2267=ADVANCED_FACE('',(#1969),#2170,.T.);
#2268=ADVANCED_FACE('',(#1970),#2171,.T.);
#2269=ADVANCED_FACE('',(#1971),#2172,.T.);
#2270=ADVANCED_FACE('',(#1972),#2173,.F.);
#2271=ADVANCED_FACE('',(#1973),#2174,.F.);
#2272=ADVANCED_FACE('',(#1974),#2175,.T.);
#2273=ADVANCED_FACE('',(#1975),#2176,.F.);
#2274=ADVANCED_FACE('',(#1976),#2177,.T.);
#2275=ADVANCED_FACE('',(#1977),#2178,.F.);
#2276=ADVANCED_FACE('',(#1978),#2179,.F.);
#2277=ADVANCED_FACE('',(#1979),#2180,.T.);
#2278=ADVANCED_FACE('',(#1980),#2181,.T.);
#2279=ADVANCED_FACE('',(#1981),#2182,.F.);
#2280=ADVANCED_FACE('',(#1982),#2183,.T.);
#2281=ADVANCED_FACE('',(#1983,#1984),#16,.F.);
#2282=ADVANCED_FACE('',(#1985,#1986),#17,.F.);
#2283=ADVANCED_FACE('',(#1987,#1988),#18,.F.);
#2284=ADVANCED_FACE('',(#1989,#1990),#19,.F.);
#2285=ADVANCED_FACE('',(#1991,#1992,#1993,#1994,#1995,#1996,#1997,#1998,
#1999,#2000,#2001,#2002,#2003,#2004,#2005),#2184,.T.);
#2286=ADVANCED_FACE('',(#2006,#2007,#2008,#2009,#2010),#2185,.F.);
#2287=ADVANCED_FACE('',(#2011),#20,.T.);
#2288=ADVANCED_FACE('',(#2012),#21,.T.);
#2289=ADVANCED_FACE('',(#2013),#22,.T.);
#2290=ADVANCED_FACE('',(#2014,#2015),#23,.F.);
#2291=ADVANCED_FACE('',(#2016),#2186,.T.);
#2292=ADVANCED_FACE('',(#2017,#2018),#24,.F.);
#2293=ADVANCED_FACE('',(#2019),#2187,.T.);
#2294=ADVANCED_FACE('',(#2020,#2021),#25,.F.);
#2295=ADVANCED_FACE('',(#2022),#2188,.T.);
#2296=ADVANCED_FACE('',(#2023,#2024),#26,.F.);
#2297=ADVANCED_FACE('',(#2025),#2189,.T.);
#2298=ADVANCED_FACE('',(#2026,#2027),#27,.F.);
#2299=ADVANCED_FACE('',(#2028),#2190,.T.);
#2300=ADVANCED_FACE('',(#2029,#2030),#28,.F.);
#2301=ADVANCED_FACE('',(#2031),#2191,.T.);
#2302=ADVANCED_FACE('',(#2032,#2033),#29,.F.);
#2303=ADVANCED_FACE('',(#2034),#2192,.T.);
#2304=ADVANCED_FACE('',(#2035,#2036),#30,.F.);
#2305=ADVANCED_FACE('',(#2037),#2193,.T.);
#2306=ADVANCED_FACE('',(#2038,#2039),#31,.F.);
#2307=ADVANCED_FACE('',(#2040),#2194,.T.);
#2308=ADVANCED_FACE('',(#2041,#2042),#32,.F.);
#2309=ADVANCED_FACE('',(#2043),#2195,.T.);
#2310=ADVANCED_FACE('',(#2044),#2196,.T.);
#2311=ADVANCED_FACE('',(#2045),#2197,.T.);
#2312=ADVANCED_FACE('',(#2046,#2047,#2048),#2198,.T.);
#2313=ADVANCED_FACE('',(#2049,#2050),#33,.F.);
#2314=ADVANCED_FACE('',(#2051,#2052),#34,.F.);
#2315=ADVANCED_FACE('',(#2053,#2054),#35,.F.);
#2316=ADVANCED_FACE('',(#2055,#2056),#36,.F.);
#2317=ADVANCED_FACE('',(#2057,#2058,#2059),#2199,.T.);
#2318=ADVANCED_FACE('',(#2060,#2061,#2062,#2063,#2064),#2200,.F.);
#2319=ADVANCED_FACE('',(#2065),#37,.T.);
#2320=ADVANCED_FACE('',(#2066),#38,.T.);
#2321=ADVANCED_FACE('',(#2067),#39,.T.);
#2322=ADVANCED_FACE('',(#2068),#40,.T.);
#2323=ADVANCED_FACE('',(#2069),#2201,.T.);
#2324=ADVANCED_FACE('',(#2070),#2202,.F.);
#2325=ADVANCED_FACE('',(#2071),#2203,.F.);
#2326=ADVANCED_FACE('',(#2072),#2204,.F.);
#2327=ADVANCED_FACE('',(#2073),#2205,.T.);
#2328=ADVANCED_FACE('',(#2074),#41,.T.);
#2329=ADVANCED_FACE('',(#2075),#42,.F.);
#2330=ADVANCED_FACE('',(#2076),#43,.T.);
#2331=ADVANCED_FACE('',(#2077),#44,.T.);
#2332=ADVANCED_FACE('',(#2078),#45,.F.);
#2333=ADVANCED_FACE('',(#2079),#2206,.F.);
#2334=ADVANCED_FACE('',(#2080),#46,.T.);
#2335=ADVANCED_FACE('',(#2081),#2207,.F.);
#2336=ADVANCED_FACE('',(#2082),#2208,.T.);
#2337=ADVANCED_FACE('',(#2083),#2209,.T.);
#2338=ADVANCED_FACE('',(#2084),#2210,.T.);
#2339=ADVANCED_FACE('',(#2085),#2211,.F.);
#2340=ADVANCED_FACE('',(#2086),#2212,.F.);
#2341=ADVANCED_FACE('',(#2087),#2213,.T.);
#2342=ADVANCED_FACE('',(#2088),#2214,.T.);
#2343=ADVANCED_FACE('',(#2089),#2215,.T.);
#2344=ADVANCED_FACE('',(#2090),#2216,.F.);
#2345=ADVANCED_FACE('',(#2091),#2217,.F.);
#2346=ADVANCED_FACE('',(#2092),#47,.T.);
#2347=ADVANCED_FACE('',(#2093),#2218,.F.);
#2348=ADVANCED_FACE('',(#2094,#2095),#48,.F.);
#2349=ADVANCED_FACE('',(#2096,#2097),#49,.F.);
#2350=ADVANCED_FACE('',(#2098,#2099,#2100,#2101,#2102,#2103,#2104,#2105),
#2219,.T.);
#2351=ADVANCED_FACE('',(#2106,#2107,#2108,#2109,#2110,#2111,#2112,#2113),
#2220,.F.);
#2352=ADVANCED_FACE('',(#2114,#2115),#50,.F.);
#2353=ADVANCED_FACE('',(#2116,#2117),#51,.F.);
#2354=ADVANCED_FACE('',(#2118,#2119),#52,.F.);
#2355=ADVANCED_FACE('',(#2120,#2121),#53,.F.);
#2356=ADVANCED_FACE('',(#2122,#2123),#54,.F.);
#2357=ADVANCED_FACE('',(#2124),#2221,.F.);
#2358=ADVANCED_FACE('',(#2125),#2222,.F.);
#2359=ADVANCED_FACE('',(#2126),#2223,.T.);
#2360=ADVANCED_FACE('',(#2127),#2224,.F.);
#2361=ADVANCED_FACE('',(#2128),#2225,.T.);
#2362=ADVANCED_FACE('',(#2129),#2226,.F.);
#2363=ADVANCED_FACE('',(#2130),#2227,.T.);
#2364=ADVANCED_FACE('',(#2131),#2228,.F.);
#2365=ADVANCED_FACE('',(#2132),#2229,.F.);
#2366=ADVANCED_FACE('',(#2133),#2230,.T.);
#2367=ADVANCED_FACE('',(#2134),#2231,.T.);
#2368=ADVANCED_FACE('',(#2135),#2232,.F.);
#2369=CLOSED_SHELL('',(#2233,#2234,#2235,#2236,#2237,#2238,#2239,#2240,
#2241,#2242));
#2370=CLOSED_SHELL('',(#2243,#2244,#2245,#2246,#2247,#2248,#2249,#2250,
#2251,#2252));
#2371=CLOSED_SHELL('',(#2253,#2254,#2255,#2256,#2257,#2258,#2259,#2260,
#2261,#2262,#2263,#2264,#2265,#2266,#2267,#2268,#2269,#2270,#2271,#2272,
#2273));
#2372=CLOSED_SHELL('',(#2274,#2275,#2276,#2277,#2278,#2279));
#2373=CLOSED_SHELL('',(#2280,#2281,#2282,#2283,#2284,#2285,#2286,#2287,
#2288,#2289,#2290,#2291,#2292,#2293,#2294,#2295,#2296,#2297,#2298,#2299,
#2300,#2301,#2302,#2303,#2304,#2305,#2306,#2307,#2308,#2309));
#2374=CLOSED_SHELL('',(#2310,#2311,#2312,#2313,#2314,#2315,#2316,#2317,
#2318,#2319,#2320,#2321,#2322,#2323,#2324,#2325,#2326,#2327,#2328,#2329,
#2330,#2331,#2332,#2333,#2334,#2335));
#2375=CLOSED_SHELL('',(#2336,#2337,#2338,#2339,#2340,#2341,#2342,#2343,
#2344,#2345,#2346,#2347,#2348,#2349,#2350,#2351,#2352,#2353,#2354,#2355,
#2356));
#2376=CLOSED_SHELL('',(#2357,#2358,#2359,#2360,#2361,#2362));
#2377=CLOSED_SHELL('',(#2363,#2364,#2365,#2366,#2367,#2368));
#2378=STYLED_ITEM('',(#2387),#2447);
#2379=STYLED_ITEM('',(#2388),#2448);
#2380=STYLED_ITEM('',(#2389),#2449);
#2381=STYLED_ITEM('',(#2390),#2450);
#2382=STYLED_ITEM('',(#2391),#2451);
#2383=STYLED_ITEM('',(#2392),#2452);
#2384=STYLED_ITEM('',(#2393),#2453);
#2385=STYLED_ITEM('',(#2394),#2454);
#2386=STYLED_ITEM('',(#2395),#2455);
#2387=PRESENTATION_STYLE_ASSIGNMENT((#2396));
#2388=PRESENTATION_STYLE_ASSIGNMENT((#2397));
#2389=PRESENTATION_STYLE_ASSIGNMENT((#2398));
#2390=PRESENTATION_STYLE_ASSIGNMENT((#2399));
#2391=PRESENTATION_STYLE_ASSIGNMENT((#2400));
#2392=PRESENTATION_STYLE_ASSIGNMENT((#2401));
#2393=PRESENTATION_STYLE_ASSIGNMENT((#2402));
#2394=PRESENTATION_STYLE_ASSIGNMENT((#2403));
#2395=PRESENTATION_STYLE_ASSIGNMENT((#2404));
#2396=SURFACE_STYLE_USAGE(.BOTH.,#2405);
#2397=SURFACE_STYLE_USAGE(.BOTH.,#2406);
#2398=SURFACE_STYLE_USAGE(.BOTH.,#2407);
#2399=SURFACE_STYLE_USAGE(.BOTH.,#2408);
#2400=SURFACE_STYLE_USAGE(.BOTH.,#2409);
#2401=SURFACE_STYLE_USAGE(.BOTH.,#2410);
#2402=SURFACE_STYLE_USAGE(.BOTH.,#2411);
#2403=SURFACE_STYLE_USAGE(.BOTH.,#2412);
#2404=SURFACE_STYLE_USAGE(.BOTH.,#2413);
#2405=SURFACE_SIDE_STYLE('',(#2414));
#2406=SURFACE_SIDE_STYLE('',(#2415));
#2407=SURFACE_SIDE_STYLE('',(#2416));
#2408=SURFACE_SIDE_STYLE('',(#2417));
#2409=SURFACE_SIDE_STYLE('',(#2418));
#2410=SURFACE_SIDE_STYLE('',(#2419));
#2411=SURFACE_SIDE_STYLE('',(#2420));
#2412=SURFACE_SIDE_STYLE('',(#2421));
#2413=SURFACE_SIDE_STYLE('',(#2422));
#2414=SURFACE_STYLE_FILL_AREA(#2423);
#2415=SURFACE_STYLE_FILL_AREA(#2424);
#2416=SURFACE_STYLE_FILL_AREA(#2425);
#2417=SURFACE_STYLE_FILL_AREA(#2426);
#2418=SURFACE_STYLE_FILL_AREA(#2427);
#2419=SURFACE_STYLE_FILL_AREA(#2428);
#2420=SURFACE_STYLE_FILL_AREA(#2429);
#2421=SURFACE_STYLE_FILL_AREA(#2430);
#2422=SURFACE_STYLE_FILL_AREA(#2431);
#2423=FILL_AREA_STYLE('',(#2432));
#2424=FILL_AREA_STYLE('',(#2433));
#2425=FILL_AREA_STYLE('',(#2434));
#2426=FILL_AREA_STYLE('',(#2435));
#2427=FILL_AREA_STYLE('',(#2436));
#2428=FILL_AREA_STYLE('',(#2437));
#2429=FILL_AREA_STYLE('',(#2438));
#2430=FILL_AREA_STYLE('',(#2439));
#2431=FILL_AREA_STYLE('',(#2440));
#2432=FILL_AREA_STYLE_COLOUR('',#2441);
#2433=FILL_AREA_STYLE_COLOUR('',#2441);
#2434=FILL_AREA_STYLE_COLOUR('',#2442);
#2435=FILL_AREA_STYLE_COLOUR('',#2443);
#2436=FILL_AREA_STYLE_COLOUR('',#2444);
#2437=FILL_AREA_STYLE_COLOUR('',#2442);
#2438=FILL_AREA_STYLE_COLOUR('',#2443);
#2439=FILL_AREA_STYLE_COLOUR('',#2445);
#2440=FILL_AREA_STYLE_COLOUR('',#2446);
#2441=COLOUR_RGB('',0.756862745098039,0.462745098039216,0.109803921568627);
#2442=COLOUR_RGB('',0.615686274509804,0.811764705882353,0.929411764705882);
#2443=COLOUR_RGB('',0.913725490196078,0.647058823529412,0.329411764705883);
#2444=COLOUR_RGB('',0.231372549019608,0.380392156862745,0.705882352941177);
#2445=COLOUR_RGB('',0.447058823529412,0.243137254901961,0.);
#2446=COLOUR_RGB('',0.96078431372549,0.835294117647059,0.470588235294118);
#2447=MANIFOLD_SOLID_BREP('Slot Piece inner',#2369);
#2448=MANIFOLD_SOLID_BREP('Slot Piece',#2370);
#2449=MANIFOLD_SOLID_BREP('Cover',#2371);
#2450=MANIFOLD_SOLID_BREP('Base',#2372);
#2451=MANIFOLD_SOLID_BREP('Wood Spring Piece',#2373);
#2452=MANIFOLD_SOLID_BREP('Claw Piece',#2374);
#2453=MANIFOLD_SOLID_BREP('Side Panel',#2375);
#2454=MANIFOLD_SOLID_BREP('Slot Board',#2376);
#2455=MANIFOLD_SOLID_BREP('Wood',#2377);
#2456=SHAPE_DEFINITION_REPRESENTATION(#4046,#2466);
#2457=SHAPE_DEFINITION_REPRESENTATION(#4047,#2467);
#2458=SHAPE_DEFINITION_REPRESENTATION(#4049,#2468);
#2459=SHAPE_DEFINITION_REPRESENTATION(#4051,#2469);
#2460=SHAPE_DEFINITION_REPRESENTATION(#4053,#2470);
#2461=SHAPE_DEFINITION_REPRESENTATION(#4055,#2471);
#2462=SHAPE_DEFINITION_REPRESENTATION(#4059,#2472);
#2463=SHAPE_DEFINITION_REPRESENTATION(#4062,#2473);
#2464=SHAPE_DEFINITION_REPRESENTATION(#4064,#2474);
#2465=SHAPE_DEFINITION_REPRESENTATION(#4066,#2475);
#2466=SHAPE_REPRESENTATION('Chassis Assembly',(#2476,#2487,#2498,#2520,
#2527,#2590,#2591,#2592,#2643,#2644,#2682,#2689,#2696,#2697),#4023);
#2467=SHAPE_REPRESENTATION('Slot Piece inner',(#2476),#4024);
#2468=SHAPE_REPRESENTATION('Slot Piece',(#2476),#4025);
#2469=SHAPE_REPRESENTATION('Cover',(#2476),#4026);
#2470=SHAPE_REPRESENTATION('Base',(#2476),#4027);
#2471=SHAPE_REPRESENTATION('Wood Spring Piece',(#2476),#4028);
#2472=SHAPE_REPRESENTATION('Claw Piece',(#2476),#4029);
#2473=SHAPE_REPRESENTATION('Side Panel',(#2476),#4030);
#2474=SHAPE_REPRESENTATION('Slot Board',(#2476),#4031);
#2475=SHAPE_REPRESENTATION('Wood',(#2476),#4032);
#2476=AXIS2_PLACEMENT_3D('',#3365,#2698,#2699);
#2477=AXIS2_PLACEMENT_3D('',#3366,#2700,#2701);
#2478=AXIS2_PLACEMENT_3D('',#3375,#2706,#2707);
#2479=AXIS2_PLACEMENT_3D('',#3384,#2712,#2713);
#2480=AXIS2_PLACEMENT_3D('',#3393,#2718,#2719);
#2481=AXIS2_PLACEMENT_3D('',#3402,#2724,#2725);
#2482=AXIS2_PLACEMENT_3D('',#3407,#2730,#2731);
#2483=AXIS2_PLACEMENT_3D('',#3412,#2736,#2737);
#2484=AXIS2_PLACEMENT_3D('',#3413,#2738,#2739);
#2485=AXIS2_PLACEMENT_3D('',#3414,#2740,#2741);
#2486=AXIS2_PLACEMENT_3D('',#3415,#2742,#2743);
#2487=AXIS2_PLACEMENT_3D('',#3416,#2744,#2745);
#2488=AXIS2_PLACEMENT_3D('',#3417,#2746,#2747);
#2489=AXIS2_PLACEMENT_3D('',#3426,#2752,#2753);
#2490=AXIS2_PLACEMENT_3D('',#3435,#2758,#2759);
#2491=AXIS2_PLACEMENT_3D('',#3441,#2763,#2764);
#2492=AXIS2_PLACEMENT_3D('',#3447,#2768,#2769);
#2493=AXIS2_PLACEMENT_3D('',#3456,#2774,#2775);
#2494=AXIS2_PLACEMENT_3D('',#3459,#2778,#2779);
#2495=AXIS2_PLACEMENT_3D('',#3462,#2782,#2783);
#2496=AXIS2_PLACEMENT_3D('',#3465,#2786,#2787);
#2497=AXIS2_PLACEMENT_3D('',#3466,#2788,#2789);
#2498=AXIS2_PLACEMENT_3D('',#3467,#2790,#2791);
#2499=AXIS2_PLACEMENT_3D('',#3468,#2792,#2793);
#2500=AXIS2_PLACEMENT_3D('',#3493,#2806,#2807);
#2501=AXIS2_PLACEMENT_3D('',#3501,#2812,#2813);
#2502=AXIS2_PLACEMENT_3D('',#3509,#2818,#2819);
#2503=AXIS2_PLACEMENT_3D('',#3513,#2822,#2823);
#2504=AXIS2_PLACEMENT_3D('',#3517,#2826,#2827);
#2505=AXIS2_PLACEMENT_3D('',#3521,#2830,#2831);
#2506=AXIS2_PLACEMENT_3D('',#3527,#2835,#2836);
#2507=AXIS2_PLACEMENT_3D('',#3535,#2841,#2842);
#2508=AXIS2_PLACEMENT_3D('',#3549,#2850,#2851);
#2509=AXIS2_PLACEMENT_3D('',#3563,#2859,#2860);
#2510=AXIS2_PLACEMENT_3D('',#3567,#2864,#2865);
#2511=AXIS2_PLACEMENT_3D('',#3569,#2867,#2868);
#2512=AXIS2_PLACEMENT_3D('',#3572,#2871,#2872);
#2513=AXIS2_PLACEMENT_3D('',#3574,#2874,#2875);
#2514=AXIS2_PLACEMENT_3D('',#3576,#2877,#2878);
#2515=AXIS2_PLACEMENT_3D('',#3577,#2879,#2880);
#2516=AXIS2_PLACEMENT_3D('',#3579,#2882,#2883);
#2517=AXIS2_PLACEMENT_3D('',#3581,#2885,#2886);
#2518=AXIS2_PLACEMENT_3D('',#3582,#2887,#2888);
#2519=AXIS2_PLACEMENT_3D('',#3583,#2889,#2890);
#2520=AXIS2_PLACEMENT_3D('',#3584,#2891,#2892);
#2521=AXIS2_PLACEMENT_3D('',#3585,#2893,#2894);
#2522=AXIS2_PLACEMENT_3D('',#3594,#2899,#2900);
#2523=AXIS2_PLACEMENT_3D('',#3600,#2904,#2905);
#2524=AXIS2_PLACEMENT_3D('',#3606,#2909,#2910);
#2525=AXIS2_PLACEMENT_3D('',#3609,#2913,#2914);
#2526=AXIS2_PLACEMENT_3D('',#3610,#2915,#2916);
#2527=AXIS2_PLACEMENT_3D('',#3611,#2917,#2918);
#2528=AXIS2_PLACEMENT_3D('',#3612,#2919,#2920);
#2529=AXIS2_PLACEMENT_3D('',#3616,#2922,#2923);
#2530=AXIS2_PLACEMENT_3D('',#3620,#2925,#2926);
#2531=AXIS2_PLACEMENT_3D('',#3621,#2927,#2928);
#2532=AXIS2_PLACEMENT_3D('',#3622,#2929,#2930);
#2533=AXIS2_PLACEMENT_3D('',#3624,#2931,#2932);
#2534=AXIS2_PLACEMENT_3D('',#3626,#2933,#2934);
#2535=AXIS2_PLACEMENT_3D('',#3627,#2935,#2936);
#2536=AXIS2_PLACEMENT_3D('',#3629,#2937,#2938);
#2537=AXIS2_PLACEMENT_3D('',#3631,#2939,#2940);
#2538=AXIS2_PLACEMENT_3D('',#3632,#2941,#2942);
#2539=AXIS2_PLACEMENT_3D('',#3634,#2943,#2944);
#2540=AXIS2_PLACEMENT_3D('',#3636,#2945,#2946);
#2541=AXIS2_PLACEMENT_3D('',#3637,#2947,#2948);
#2542=AXIS2_PLACEMENT_3D('',#3639,#2949,#2950);
#2543=AXIS2_PLACEMENT_3D('',#3641,#2951,#2952);
#2544=AXIS2_PLACEMENT_3D('',#3642,#2953,#2954);
#2545=AXIS2_PLACEMENT_3D('',#3644,#2955,#2956);
#2546=AXIS2_PLACEMENT_3D('',#3646,#2957,#2958);
#2547=AXIS2_PLACEMENT_3D('',#3648,#2959,#2960);
#2548=AXIS2_PLACEMENT_3D('',#3650,#2961,#2962);
#2549=AXIS2_PLACEMENT_3D('',#3652,#2963,#2964);
#2550=AXIS2_PLACEMENT_3D('',#3654,#2965,#2966);
#2551=AXIS2_PLACEMENT_3D('',#3656,#2967,#2968);
#2552=AXIS2_PLACEMENT_3D('',#3658,#2969,#2970);
#2553=AXIS2_PLACEMENT_3D('',#3660,#2971,#2972);
#2554=AXIS2_PLACEMENT_3D('',#3667,#2976,#2977);
#2555=AXIS2_PLACEMENT_3D('',#3673,#2981,#2982);
#2556=AXIS2_PLACEMENT_3D('',#3674,#2983,#2984);
#2557=AXIS2_PLACEMENT_3D('',#3675,#2985,#2986);
#2558=AXIS2_PLACEMENT_3D('',#3676,#2987,#2988);
#2559=AXIS2_PLACEMENT_3D('',#3677,#2989,#2990);
#2560=AXIS2_PLACEMENT_3D('',#3678,#2991,#2992);
#2561=AXIS2_PLACEMENT_3D('',#3679,#2993,#2994);
#2562=AXIS2_PLACEMENT_3D('',#3681,#2995,#2996);
#2563=AXIS2_PLACEMENT_3D('',#3682,#2997,#2998);
#2564=AXIS2_PLACEMENT_3D('',#3683,#2999,#3000);
#2565=AXIS2_PLACEMENT_3D('',#3685,#3001,#3002);
#2566=AXIS2_PLACEMENT_3D('',#3686,#3003,#3004);
#2567=AXIS2_PLACEMENT_3D('',#3687,#3005,#3006);
#2568=AXIS2_PLACEMENT_3D('',#3689,#3007,#3008);
#2569=AXIS2_PLACEMENT_3D('',#3690,#3009,#3010);
#2570=AXIS2_PLACEMENT_3D('',#3691,#3011,#3012);
#2571=AXIS2_PLACEMENT_3D('',#3693,#3013,#3014);
#2572=AXIS2_PLACEMENT_3D('',#3694,#3015,#3016);
#2573=AXIS2_PLACEMENT_3D('',#3695,#3017,#3018);
#2574=AXIS2_PLACEMENT_3D('',#3697,#3019,#3020);
#2575=AXIS2_PLACEMENT_3D('',#3698,#3021,#3022);
#2576=AXIS2_PLACEMENT_3D('',#3699,#3023,#3024);
#2577=AXIS2_PLACEMENT_3D('',#3701,#3025,#3026);
#2578=AXIS2_PLACEMENT_3D('',#3702,#3027,#3028);
#2579=AXIS2_PLACEMENT_3D('',#3703,#3029,#3030);
#2580=AXIS2_PLACEMENT_3D('',#3705,#3031,#3032);
#2581=AXIS2_PLACEMENT_3D('',#3706,#3033,#3034);
#2582=AXIS2_PLACEMENT_3D('',#3707,#3035,#3036);
#2583=AXIS2_PLACEMENT_3D('',#3709,#3037,#3038);
#2584=AXIS2_PLACEMENT_3D('',#3710,#3039,#3040);
#2585=AXIS2_PLACEMENT_3D('',#3711,#3041,#3042);
#2586=AXIS2_PLACEMENT_3D('',#3713,#3043,#3044);
#2587=AXIS2_PLACEMENT_3D('',#3714,#3045,#3046);
#2588=AXIS2_PLACEMENT_3D('',#3715,#3047,#3048);
#2589=AXIS2_PLACEMENT_3D('',#3717,#3049,#3050);
#2590=AXIS2_PLACEMENT_3D('',#3718,#3051,#3052);
#2591=AXIS2_PLACEMENT_3D('',#3719,#3053,#3054);
#2592=AXIS2_PLACEMENT_3D('',#3720,#3055,#3056);
#2593=AXIS2_PLACEMENT_3D('',#3721,#3057,#3058);
#2594=AXIS2_PLACEMENT_3D('',#3730,#3063,#3064);
#2595=AXIS2_PLACEMENT_3D('',#3739,#3069,#3070);
#2596=AXIS2_PLACEMENT_3D('',#3740,#3071,#3072);
#2597=AXIS2_PLACEMENT_3D('',#3742,#3073,#3074);
#2598=AXIS2_PLACEMENT_3D('',#3752,#3079,#3080);
#2599=AXIS2_PLACEMENT_3D('',#3753,#3081,#3082);
#2600=AXIS2_PLACEMENT_3D('',#3755,#3083,#3084);
#2601=AXIS2_PLACEMENT_3D('',#3757,#3085,#3086);
#2602=AXIS2_PLACEMENT_3D('',#3758,#3087,#3088);
#2603=AXIS2_PLACEMENT_3D('',#3760,#3089,#3090);
#2604=AXIS2_PLACEMENT_3D('',#3761,#3091,#3092);
#2605=AXIS2_PLACEMENT_3D('',#3763,#3093,#3094);
#2606=AXIS2_PLACEMENT_3D('',#3764,#3095,#3096);
#2607=AXIS2_PLACEMENT_3D('',#3766,#3097,#3098);
#2608=AXIS2_PLACEMENT_3D('',#3768,#3099,#3100);
#2609=AXIS2_PLACEMENT_3D('',#3777,#3105,#3106);
#2610=AXIS2_PLACEMENT_3D('',#3786,#3111,#3112);
#2611=AXIS2_PLACEMENT_3D('',#3787,#3113,#3114);
#2612=AXIS2_PLACEMENT_3D('',#3788,#3115,#3116);
#2613=AXIS2_PLACEMENT_3D('',#3789,#3117,#3118);
#2614=AXIS2_PLACEMENT_3D('',#3791,#3120,#3121);
#2615=AXIS2_PLACEMENT_3D('',#3792,#3122,#3123);
#2616=AXIS2_PLACEMENT_3D('',#3793,#3124,#3125);
#2617=AXIS2_PLACEMENT_3D('',#3795,#3127,#3128);
#2618=AXIS2_PLACEMENT_3D('',#3796,#3129,#3130);
#2619=AXIS2_PLACEMENT_3D('',#3800,#3132,#3133);
#2620=AXIS2_PLACEMENT_3D('',#3802,#3134,#3135);
#2621=AXIS2_PLACEMENT_3D('',#3804,#3136,#3137);
#2622=AXIS2_PLACEMENT_3D('',#3805,#3138,#3139);
#2623=AXIS2_PLACEMENT_3D('',#3811,#3142,#3143);
#2624=AXIS2_PLACEMENT_3D('',#3813,#3144,#3145);
#2625=AXIS2_PLACEMENT_3D('',#3816,#3148,#3149);
#2626=AXIS2_PLACEMENT_3D('',#3820,#3152,#3153);
#2627=AXIS2_PLACEMENT_3D('',#3822,#3155,#3156);
#2628=AXIS2_PLACEMENT_3D('',#3824,#3157,#3158);
#2629=AXIS2_PLACEMENT_3D('',#3830,#3161,#3162);
#2630=AXIS2_PLACEMENT_3D('',#3831,#3163,#3164);
#2631=AXIS2_PLACEMENT_3D('',#3833,#3165,#3166);
#2632=AXIS2_PLACEMENT_3D('',#3835,#3167,#3168);
#2633=AXIS2_PLACEMENT_3D('',#3838,#3170,#3171);
#2634=AXIS2_PLACEMENT_3D('',#3839,#3172,#3173);
#2635=AXIS2_PLACEMENT_3D('',#3841,#3175,#3176);
#2636=AXIS2_PLACEMENT_3D('',#3844,#3179,#3180);
#2637=AXIS2_PLACEMENT_3D('',#3845,#3181,#3182);
#2638=AXIS2_PLACEMENT_3D('',#3846,#3183,#3184);
#2639=AXIS2_PLACEMENT_3D('',#3848,#3186,#3187);
#2640=AXIS2_PLACEMENT_3D('',#3850,#3189,#3190);
#2641=AXIS2_PLACEMENT_3D('',#3853,#3193,#3194);
#2642=AXIS2_PLACEMENT_3D('',#3854,#3195,#3196);
#2643=AXIS2_PLACEMENT_3D('',#3855,#3197,#3198);
#2644=AXIS2_PLACEMENT_3D('',#3856,#3199,#3200);
#2645=AXIS2_PLACEMENT_3D('',#3857,#3201,#3202);
#2646=AXIS2_PLACEMENT_3D('',#3866,#3207,#3208);
#2647=AXIS2_PLACEMENT_3D('',#3872,#3212,#3213);
#2648=AXIS2_PLACEMENT_3D('',#3878,#3217,#3218);
#2649=AXIS2_PLACEMENT_3D('',#3884,#3222,#3223);
#2650=AXIS2_PLACEMENT_3D('',#3890,#3227,#3228);
#2651=AXIS2_PLACEMENT_3D('',#3896,#3232,#3233);
#2652=AXIS2_PLACEMENT_3D('',#3902,#3237,#3238);
#2653=AXIS2_PLACEMENT_3D('',#3908,#3242,#3243);
#2654=AXIS2_PLACEMENT_3D('',#3914,#3247,#3248);
#2655=AXIS2_PLACEMENT_3D('',#3920,#3252,#3253);
#2656=AXIS2_PLACEMENT_3D('',#3921,#3254,#3255);
#2657=AXIS2_PLACEMENT_3D('',#3925,#3257,#3258);
#2658=AXIS2_PLACEMENT_3D('',#3926,#3259,#3260);
#2659=AXIS2_PLACEMENT_3D('',#3929,#3263,#3264);
#2660=AXIS2_PLACEMENT_3D('',#3930,#3265,#3266);
#2661=AXIS2_PLACEMENT_3D('',#3932,#3267,#3268);
#2662=AXIS2_PLACEMENT_3D('',#3934,#3269,#3270);
#2663=AXIS2_PLACEMENT_3D('',#3935,#3271,#3272);
#2664=AXIS2_PLACEMENT_3D('',#3937,#3273,#3274);
#2665=AXIS2_PLACEMENT_3D('',#3939,#3275,#3276);
#2666=AXIS2_PLACEMENT_3D('',#3940,#3277,#3278);
#2667=AXIS2_PLACEMENT_3D('',#3942,#3279,#3280);
#2668=AXIS2_PLACEMENT_3D('',#3944,#3281,#3282);
#2669=AXIS2_PLACEMENT_3D('',#3946,#3283,#3284);
#2670=AXIS2_PLACEMENT_3D('',#3948,#3285,#3286);
#2671=AXIS2_PLACEMENT_3D('',#3950,#3287,#3288);
#2672=AXIS2_PLACEMENT_3D('',#3951,#3289,#3290);
#2673=AXIS2_PLACEMENT_3D('',#3953,#3291,#3292);
#2674=AXIS2_PLACEMENT_3D('',#3955,#3293,#3294);
#2675=AXIS2_PLACEMENT_3D('',#3957,#3295,#3296);
#2676=AXIS2_PLACEMENT_3D('',#3959,#3297,#3298);
#2677=AXIS2_PLACEMENT_3D('',#3961,#3299,#3300);
#2678=AXIS2_PLACEMENT_3D('',#3962,#3301,#3302);
#2679=AXIS2_PLACEMENT_3D('',#3963,#3303,#3304);
#2680=AXIS2_PLACEMENT_3D('',#3964,#3305,#3306);
#2681=AXIS2_PLACEMENT_3D('',#3965,#3307,#3308);
#2682=AXIS2_PLACEMENT_3D('',#3966,#3309,#3310);
#2683=AXIS2_PLACEMENT_3D('',#3967,#3311,#3312);
#2684=AXIS2_PLACEMENT_3D('',#3976,#3317,#3318);
#2685=AXIS2_PLACEMENT_3D('',#3985,#3323,#3324);
#2686=AXIS2_PLACEMENT_3D('',#3988,#3327,#3328);
#2687=AXIS2_PLACEMENT_3D('',#3990,#3330,#3331);
#2688=AXIS2_PLACEMENT_3D('',#3992,#3333,#3334);
#2689=AXIS2_PLACEMENT_3D('',#3993,#3335,#3336);
#2690=AXIS2_PLACEMENT_3D('',#3994,#3337,#3338);
#2691=AXIS2_PLACEMENT_3D('',#4003,#3343,#3344);
#2692=AXIS2_PLACEMENT_3D('',#4009,#3348,#3349);
#2693=AXIS2_PLACEMENT_3D('',#4015,#3353,#3354);
#2694=AXIS2_PLACEMENT_3D('',#4018,#3357,#3358);
#2695=AXIS2_PLACEMENT_3D('',#4019,#3359,#3360);
#2696=AXIS2_PLACEMENT_3D('',#4020,#3361,#3362);
#2697=AXIS2_PLACEMENT_3D('',#4021,#3363,#3364);
#2698=DIRECTION('',(0.,0.,1.));
#2699=DIRECTION('',(1.,0.,0.));
#2700=DIRECTION('',(0.,-1.,0.));
#2701=DIRECTION('',(0.,0.,-1.));
#2702=DIRECTION('',(0.997054485501582,0.,-0.0766964988847371));
#2703=DIRECTION('',(0.650791373455969,0.,-0.759256602365297));
#2704=DIRECTION('',(0.759256602365297,0.,0.650791373455969));
#2705=DIRECTION('',(0.650791373455969,0.,-0.759256602365297));
#2706=DIRECTION('',(0.,-1.,0.));
#2707=DIRECTION('',(0.,0.,-1.));
#2708=DIRECTION('',(0.650791373455969,0.,-0.759256602365297));
#2709=DIRECTION('',(0.997054485501582,0.,-0.0766964988847371));
#2710=DIRECTION('',(0.650791373455969,0.,-0.759256602365297));
#2711=DIRECTION('',(0.759256602365297,0.,0.650791373455969));
#2712=DIRECTION('',(0.,-1.,0.));
#2713=DIRECTION('',(0.,0.,-1.));
#2714=DIRECTION('',(0.997054485501582,0.,-0.0766964988847371));
#2715=DIRECTION('',(0.650791373455969,0.,-0.759256602365297));
#2716=DIRECTION('',(0.759256602365297,0.,0.650791373455969));
#2717=DIRECTION('',(0.650791373455969,0.,-0.759256602365297));
#2718=DIRECTION('',(0.,1.,0.));
#2719=DIRECTION('',(0.,0.,1.));
#2720=DIRECTION('',(-0.650791373455969,0.,0.759256602365297));
#2721=DIRECTION('',(0.997054485501582,0.,-0.0766964988847371));
#2722=DIRECTION('',(-0.650791373455969,0.,0.759256602365297));
#2723=DIRECTION('',(0.759256602365297,0.,0.650791373455969));
#2724=DIRECTION('',(0.759256602365297,0.,0.650791373455969));
#2725=DIRECTION('',(0.,1.,0.));
#2726=DIRECTION('',(0.,1.,0.));
#2727=DIRECTION('',(2.06610352462003E-17,1.,-2.4104541120567E-17));
#2728=DIRECTION('',(0.,1.,0.));
#2729=DIRECTION('',(0.,-1.,0.));
#2730=DIRECTION('',(0.759256602365297,0.,0.650791373455969));
#2731=DIRECTION('',(0.,1.,0.));
#2732=DIRECTION('',(0.,-1.,0.));
#2733=DIRECTION('',(0.,-1.,0.));
#2734=DIRECTION('',(0.,-1.,0.));
#2735=DIRECTION('',(2.06610352462003E-17,1.,-2.4104541120567E-17));
#2736=DIRECTION('',(0.650791373455969,-3.17475554976731E-17,-0.759256602365297));
#2737=DIRECTION('',(-0.759256602365297,0.,-0.650791373455969));
#2738=DIRECTION('',(-0.650791373455969,0.,0.759256602365297));
#2739=DIRECTION('',(0.759256602365297,0.,0.650791373455969));
#2740=DIRECTION('',(-0.0766964988847371,0.,-0.997054485501582));
#2741=DIRECTION('',(-0.997054485501582,0.,0.0766964988847371));
#2742=DIRECTION('',(-0.0766964988847371,0.,-0.997054485501582));
#2743=DIRECTION('',(-0.997054485501582,0.,0.0766964988847371));
#2744=DIRECTION('',(0.,0.,1.));
#2745=DIRECTION('',(1.,0.,0.));
#2746=DIRECTION('',(0.,1.,0.));
#2747=DIRECTION('',(0.,0.,1.));
#2748=DIRECTION('',(-0.997054485501582,0.,0.076696498884737));
#2749=DIRECTION('',(-0.650791373455969,0.,0.759256602365297));
#2750=DIRECTION('',(0.759256602365297,0.,0.650791373455969));
#2751=DIRECTION('',(-0.650791373455969,0.,0.759256602365297));
#2752=DIRECTION('',(0.,-1.,0.));
#2753=DIRECTION('',(0.,0.,-1.));
#2754=DIRECTION('',(0.650791373455969,0.,-0.759256602365297));
#2755=DIRECTION('',(-0.997054485501582,0.,0.076696498884737));
#2756=DIRECTION('',(0.650791373455969,0.,-0.759256602365297));
#2757=DIRECTION('',(0.759256602365297,0.,0.650791373455969));
#2758=DIRECTION('',(0.650791373455969,-3.17475554976731E-17,-0.759256602365297));
#2759=DIRECTION('',(-0.759256602365297,0.,-0.650791373455969));
#2760=DIRECTION('',(2.06610352462003E-17,1.,-2.4104541120567E-17));
#2761=DIRECTION('',(2.06610352462003E-17,1.,-2.4104541120567E-17));
#2762=DIRECTION('',(0.759256602365297,0.,0.650791373455969));
#2763=DIRECTION('',(0.,-1.,0.));
#2764=DIRECTION('',(0.,0.,-1.));
#2765=DIRECTION('',(-0.997054485501582,0.,0.076696498884737));
#2766=DIRECTION('',(0.650791373455969,0.,-0.759256602365297));
#2767=DIRECTION('',(0.650791373455969,0.,-0.759256602365297));
#2768=DIRECTION('',(0.,-1.,0.));
#2769=DIRECTION('',(0.,0.,-1.));
#2770=DIRECTION('',(0.650791373455969,0.,-0.759256602365297));
#2771=DIRECTION('',(-0.997054485501582,0.,0.076696498884737));
#2772=DIRECTION('',(0.650791373455969,0.,-0.759256602365297));
#2773=DIRECTION('',(0.759256602365297,0.,0.650791373455969));
#2774=DIRECTION('',(-0.650791373455969,0.,0.759256602365297));
#2775=DIRECTION('',(0.759256602365297,0.,0.650791373455969));
#2776=DIRECTION('',(0.,-1.,0.));
#2777=DIRECTION('',(0.,-1.,0.));
#2778=DIRECTION('',(0.759256602365297,0.,0.650791373455969));
#2779=DIRECTION('',(0.,1.,0.));
#2780=DIRECTION('',(0.,-1.,0.));
#2781=DIRECTION('',(0.,-1.,0.));
#2782=DIRECTION('',(0.759256602365297,0.,0.650791373455969));
#2783=DIRECTION('',(0.,1.,0.));
#2784=DIRECTION('',(-1.68731787843969E-17,-1.,1.96853752484631E-17));
#2785=DIRECTION('',(-1.68731787843968E-17,-1.,1.9685375248463E-17));
#2786=DIRECTION('',(0.076696498884737,0.,0.997054485501582));
#2787=DIRECTION('',(0.997054485501582,0.,-0.076696498884737));
#2788=DIRECTION('',(0.076696498884737,0.,0.997054485501582));
#2789=DIRECTION('',(0.997054485501582,0.,-0.076696498884737));
#2790=DIRECTION('',(0.,0.,1.));
#2791=DIRECTION('',(1.,0.,0.));
#2792=DIRECTION('',(2.18547839493141E-16,-1.61909010668203E-32,1.));
#2793=DIRECTION('',(1.,3.53848644760076E-48,-2.18547839493141E-16));
#2794=DIRECTION('',(-1.,-3.53848644760076E-48,2.18547839493141E-16));
#2795=DIRECTION('',(3.53848644760076E-48,1.,1.61909010668203E-32));
#2796=DIRECTION('',(-1.,2.89512527530971E-48,2.18547839493141E-16));
#2797=DIRECTION('',(3.53848644760076E-48,1.,1.61909010668203E-32));
#2798=DIRECTION('',(-1.,2.89512527530971E-48,2.18547839493141E-16));
#2799=DIRECTION('',(-3.53848644760076E-48,-1.,-1.61909010668203E-32));
#2800=DIRECTION('',(-1.,-3.53848644760076E-48,2.18547839493141E-16));
#2801=DIRECTION('',(-7.40840133875054E-17,-1.,6.84227765783602E-49));
#2802=DIRECTION('',(-1.,7.40840133875054E-17,2.18547839493141E-16));
#2803=DIRECTION('',(-7.40840133875054E-17,-1.,2.4479676742159E-48));
#2804=DIRECTION('',(1.,-2.89512527530971E-48,-2.18547839493141E-16));
#2805=DIRECTION('',(-3.53848644760076E-48,-1.,-1.61909010668203E-32));
#2806=DIRECTION('',(-1.,7.40840133875054E-17,2.18547839493141E-16));
#2807=DIRECTION('',(2.18547839493141E-16,0.,1.));
#2808=DIRECTION('',(2.18547839493141E-16,-1.61909010668203E-32,1.));
#2809=DIRECTION('',(-1.46063748667601E-16,0.52999894000318,-0.847998304005089));
#2810=DIRECTION('',(-7.40840133875054E-17,-1.,6.84227765783602E-49));
#2811=DIRECTION('',(2.18547839493141E-16,-1.61909010668203E-32,1.));
#2812=DIRECTION('',(-1.,-6.23068749721772E-64,2.18547839493141E-16));
#2813=DIRECTION('',(2.18547839493141E-16,0.,1.));
#2814=DIRECTION('',(-3.53848644760076E-48,-1.,-1.61909010668203E-32));
#2815=DIRECTION('',(1.8532819723416E-16,-0.52999894000318,0.847998304005088));
#2816=DIRECTION('',(2.18547839493141E-16,-1.61909010668203E-32,1.));
#2817=DIRECTION('',(2.18547839493141E-16,-1.61909010668203E-32,1.));
#2818=DIRECTION('',(6.43361172291047E-48,1.,1.61909010668203E-32));
#2819=DIRECTION('',(0.,-1.61909010668203E-32,1.));
#2820=DIRECTION('',(-1.,2.89512527530971E-48,2.18547839493141E-16));
#2821=DIRECTION('',(2.18547839493141E-16,-1.61909010668203E-32,1.));
#2822=DIRECTION('',(1.,6.23068749721772E-64,-2.18547839493141E-16));
#2823=DIRECTION('',(-2.18547839493141E-16,0.,-1.));
#2824=DIRECTION('',(3.53848644760076E-48,1.,1.61909010668203E-32));
#2825=DIRECTION('',(2.18547839493141E-16,-1.61909010668203E-32,1.));
#2826=DIRECTION('',(6.43361172291047E-48,1.,1.61909010668203E-32));
#2827=DIRECTION('',(0.,-1.61909010668203E-32,1.));
#2828=DIRECTION('',(-1.,2.89512527530971E-48,2.18547839493141E-16));
#2829=DIRECTION('',(2.18547839493141E-16,-1.61909010668203E-32,1.));
#2830=DIRECTION('',(1.,6.23068749721772E-64,-2.18547839493141E-16));
#2831=DIRECTION('',(-2.18547839493141E-16,0.,-1.));
#2832=DIRECTION('',(2.18547839493141E-16,-1.61909010668203E-32,1.));
#2833=DIRECTION('',(1.8532819723416E-16,0.52999894000318,0.847998304005088));
#2834=DIRECTION('',(3.53848644760076E-48,1.,1.61909010668203E-32));
#2835=DIRECTION('',(-1.,-6.23068749721772E-64,2.18547839493141E-16));
#2836=DIRECTION('',(2.18547839493141E-16,0.,1.));
#2837=DIRECTION('',(-3.53848644760076E-48,-1.,-1.61909010668203E-32));
#2838=DIRECTION('',(-1.8532819723416E-16,-0.52999894000318,-0.847998304005088));
#2839=DIRECTION('',(2.18547839493141E-16,-1.61909010668203E-32,1.));
#2840=DIRECTION('',(2.18547839493141E-16,-1.61909010668203E-32,1.));
#2841=DIRECTION('',(-6.43361172291046E-48,-1.,-1.61909010668203E-32));
#2842=DIRECTION('',(0.,1.61909010668203E-32,-1.));
#2843=DIRECTION('',(-1.19948693139009E-48,-1.61909010668203E-32,1.));
#2844=DIRECTION('',(-0.707106781186548,1.14486959378691E-32,-0.707106781186548));
#2845=DIRECTION('',(1.,-2.89512527530971E-48,-2.18547839493141E-16));
#2846=DIRECTION('',(0.447213595499958,-1.44815821609536E-32,0.894427190999916));
#2847=DIRECTION('',(1.,-8.41642523958975E-48,1.22464679914735E-16));
#2848=DIRECTION('',(0.447213595499958,-1.44815821609536E-32,0.894427190999916));
#2849=DIRECTION('',(-1.,6.43361172291046E-48,-4.40205577508622E-96));
#2850=DIRECTION('',(7.40840133875054E-17,1.,-2.80605218907317E-48));
#2851=DIRECTION('',(-1.,7.40840133875054E-17,0.));
#2852=DIRECTION('',(-1.,7.40840133875054E-17,2.18547839493141E-16));
#2853=DIRECTION('',(0.707106781186548,-5.23853082438201E-17,0.707106781186548));
#2854=DIRECTION('',(-5.06903389604153E-65,-6.84227765783602E-49,-1.));
#2855=DIRECTION('',(1.,-7.40840133875054E-17,5.06903389604153E-65));
#2856=DIRECTION('',(-0.447213595499958,3.31313779960933E-17,-0.894427190999916));
#2857=DIRECTION('',(-1.,7.40840133875054E-17,-1.22464679914735E-16));
#2858=DIRECTION('',(-0.447213595499958,3.31313779960933E-17,-0.894427190999916));
#2859=DIRECTION('',(2.18547839493141E-16,-1.61909010668203E-32,1.));
#2860=DIRECTION('',(1.,3.53848644760076E-48,-2.18547839493141E-16));
#2861=DIRECTION('',(-7.40840133875054E-17,-1.,-2.73691106313441E-48));
#2862=DIRECTION('',(1.,3.53848644760076E-48,-2.18547839493141E-16));
#2863=DIRECTION('',(1.,3.53848644760076E-48,-2.18547839493141E-16));
#2864=DIRECTION('',(-0.894427190999916,6.62627559921866E-17,0.447213595499958));
#2865=DIRECTION('',(0.447213595499958,0.,0.894427190999916));
#2866=DIRECTION('',(-7.40840133875054E-17,-1.,6.84227765783602E-49));
#2867=DIRECTION('',(-1.,7.40840133875054E-17,0.));
#2868=DIRECTION('',(-7.40840133875054E-17,-1.,0.));
#2869=DIRECTION('',(7.40840133875054E-17,1.,2.73691106313441E-48));
#2870=DIRECTION('',(-7.40840133875054E-17,-1.,6.84227765783602E-49));
#2871=DIRECTION('',(-1.22464679914735E-16,9.07267498629981E-33,1.));
#2872=DIRECTION('',(1.,0.,1.22464679914735E-16));
#2873=DIRECTION('',(-7.40840133875054E-17,-1.,6.84227765783602E-49));
#2874=DIRECTION('',(-0.894427190999916,6.62627559921866E-17,0.447213595499958));
#2875=DIRECTION('',(0.447213595499958,0.,0.894427190999916));
#2876=DIRECTION('',(-7.40840133875054E-17,-1.,6.84227765783602E-49));
#2877=DIRECTION('',(0.,-6.84227765783602E-49,-1.));
#2878=DIRECTION('',(0.,1.,-6.84227765783602E-49));
#2879=DIRECTION('',(0.,1.,1.61909010668203E-32));
#2880=DIRECTION('',(0.,-1.61909010668203E-32,1.));
#2881=DIRECTION('',(-1.,-3.53848644760076E-48,2.18547839493141E-16));
#2882=DIRECTION('',(0.,1.,1.61909010668203E-32));
#2883=DIRECTION('',(0.,-1.61909010668203E-32,1.));
#2884=DIRECTION('',(-1.,-3.53848644760076E-48,2.18547839493141E-16));
#2885=DIRECTION('',(0.707106781186547,-5.238530824382E-17,-0.707106781186548));
#2886=DIRECTION('',(-7.40840133875054E-17,-1.,-2.73691106313441E-48));
#2887=DIRECTION('',(-1.1583012327135E-16,0.847998304005088,-0.52999894000318));
#2888=DIRECTION('',(-1.,-3.53848644760076E-48,2.18547839493141E-16));
#2889=DIRECTION('',(1.1583012327135E-16,0.847998304005088,0.52999894000318));
#2890=DIRECTION('',(1.,3.53848644760076E-48,-2.18547839493141E-16));
#2891=DIRECTION('',(0.,0.,1.));
#2892=DIRECTION('',(1.,0.,0.));
#2893=DIRECTION('',(1.,-7.2849279831047E-17,0.));
#2894=DIRECTION('',(7.2849279831047E-17,1.,0.));
#2895=DIRECTION('',(-7.2849279831047E-17,-1.,0.));
#2896=DIRECTION('',(0.,0.,-1.));
#2897=DIRECTION('',(-7.2849279831047E-17,-1.,0.));
#2898=DIRECTION('',(0.,0.,-1.));
#2899=DIRECTION('',(0.,-1.,0.));
#2900=DIRECTION('',(0.,0.,-1.));
#2901=DIRECTION('',(-1.,0.,0.));
#2902=DIRECTION('',(0.,0.,-1.));
#2903=DIRECTION('',(-1.,0.,0.));
#2904=DIRECTION('',(1.,-7.2849279831047E-17,0.));
#2905=DIRECTION('',(7.2849279831047E-17,1.,0.));
#2906=DIRECTION('',(-7.2849279831047E-17,-1.,0.));
#2907=DIRECTION('',(0.,0.,-1.));
#2908=DIRECTION('',(-7.2849279831047E-17,-1.,0.));
#2909=DIRECTION('',(0.,-1.,0.));
#2910=DIRECTION('',(0.,0.,-1.));
#2911=DIRECTION('',(-1.,0.,0.));
#2912=DIRECTION('',(-1.,0.,0.));
#2913=DIRECTION('',(0.,0.,1.));
#2914=DIRECTION('',(1.,0.,0.));
#2915=DIRECTION('',(0.,0.,1.));
#2916=DIRECTION('',(1.,0.,0.));
#2917=DIRECTION('',(0.,0.,1.));
#2918=DIRECTION('',(1.,0.,0.));
#2919=DIRECTION('',(1.,0.,0.));
#2920=DIRECTION('',(0.,0.,-1.));
#2921=DIRECTION('',(0.,1.,0.));
#2922=DIRECTION('',(1.,0.,0.));
#2923=DIRECTION('',(0.,0.,-1.));
#2924=DIRECTION('',(0.,1.,0.));
#2925=DIRECTION('',(1.,0.,0.));
#2926=DIRECTION('',(0.,0.,-1.));
#2927=DIRECTION('',(0.,0.,1.));
#2928=DIRECTION('',(1.,0.,0.));
#2929=DIRECTION('',(0.,0.,1.));
#2930=DIRECTION('',(-1.,0.,0.));
#2931=DIRECTION('',(0.,0.,1.));
#2932=DIRECTION('',(-1.,0.,0.));
#2933=DIRECTION('',(0.,0.,1.));
#2934=DIRECTION('',(1.,0.,0.));
#2935=DIRECTION('',(0.,0.,-1.));
#2936=DIRECTION('',(-1.,0.,0.));
#2937=DIRECTION('',(0.,0.,-1.));
#2938=DIRECTION('',(-1.,0.,0.));
#2939=DIRECTION('',(0.,0.,1.));
#2940=DIRECTION('',(1.,0.,0.));
#2941=DIRECTION('',(0.,0.,-1.));
#2942=DIRECTION('',(-1.,0.,0.));
#2943=DIRECTION('',(0.,0.,-1.));
#2944=DIRECTION('',(-1.,0.,0.));
#2945=DIRECTION('',(0.,0.,1.));
#2946=DIRECTION('',(1.,0.,0.));
#2947=DIRECTION('',(0.,0.,1.));
#2948=DIRECTION('',(-1.,0.,0.));
#2949=DIRECTION('',(0.,0.,1.));
#2950=DIRECTION('',(-1.,0.,0.));
#2951=DIRECTION('',(0.,0.,-1.));
#2952=DIRECTION('',(1.,0.,0.));
#2953=DIRECTION('',(0.,0.,-1.));
#2954=DIRECTION('',(-1.,0.,0.));
#2955=DIRECTION('',(0.,0.,-1.));
#2956=DIRECTION('',(-1.,0.,0.));
#2957=DIRECTION('',(0.,0.,-1.));
#2958=DIRECTION('',(-1.,0.,0.));
#2959=DIRECTION('',(0.,0.,-1.));
#2960=DIRECTION('',(-1.,0.,0.));
#2961=DIRECTION('',(0.,0.,-1.));
#2962=DIRECTION('',(-1.,0.,0.));
#2963=DIRECTION('',(0.,0.,-1.));
#2964=DIRECTION('',(-1.,0.,0.));
#2965=DIRECTION('',(0.,0.,-1.));
#2966=DIRECTION('',(-1.,0.,0.));
#2967=DIRECTION('',(0.,0.,-1.));
#2968=DIRECTION('',(-1.,0.,0.));
#2969=DIRECTION('',(0.,0.,-1.));
#2970=DIRECTION('',(-1.,0.,0.));
#2971=DIRECTION('',(0.,0.,-1.));
#2972=DIRECTION('',(-1.,0.,0.));
#2973=DIRECTION('',(0.,1.,0.));
#2974=DIRECTION('',(-1.,-1.31338845849243E-16,0.));
#2975=DIRECTION('',(-1.,-1.31338845849243E-16,0.));
#2976=DIRECTION('',(0.,0.,-1.));
#2977=DIRECTION('',(1.,0.,0.));
#2978=DIRECTION('',(-1.,-1.31338845849243E-16,0.));
#2979=DIRECTION('',(0.,1.,0.));
#2980=DIRECTION('',(-1.,-1.31338845849243E-16,0.));
#2981=DIRECTION('',(1.,1.31338845849243E-16,0.));
#2982=DIRECTION('',(-1.31338845849243E-16,1.,0.));
#2983=DIRECTION('',(0.707106781186548,-0.707106781186548,0.));
#2984=DIRECTION('',(0.707106781186548,0.707106781186548,0.));
#2985=DIRECTION('',(0.,-1.,0.));
#2986=DIRECTION('',(0.,0.,-1.));
#2987=DIRECTION('',(-0.707106781186548,-0.707106781186548,0.));
#2988=DIRECTION('',(0.707106781186548,-0.707106781186548,0.));
#2989=DIRECTION('',(-1.,-1.31338845849243E-16,0.));
#2990=DIRECTION('',(1.31338845849243E-16,-1.,0.));
#2991=DIRECTION('',(0.,0.,-1.));
#2992=DIRECTION('',(-1.,0.,0.));
#2993=DIRECTION('',(0.,0.,-1.));
#2994=DIRECTION('',(-1.,0.,0.));
#2995=DIRECTION('',(0.,0.,-1.));
#2996=DIRECTION('',(1.,0.,0.));
#2997=DIRECTION('',(0.,0.,-1.));
#2998=DIRECTION('',(-1.,0.,0.));
#2999=DIRECTION('',(0.,0.,-1.));
#3000=DIRECTION('',(-1.,0.,0.));
#3001=DIRECTION('',(0.,0.,-1.));
#3002=DIRECTION('',(1.,0.,0.));
#3003=DIRECTION('',(0.,0.,-1.));
#3004=DIRECTION('',(-1.,0.,0.));
#3005=DIRECTION('',(0.,0.,-1.));
#3006=DIRECTION('',(-1.,0.,0.));
#3007=DIRECTION('',(0.,0.,-1.));
#3008=DIRECTION('',(1.,0.,0.));
#3009=DIRECTION('',(0.,0.,-1.));
#3010=DIRECTION('',(-1.,0.,0.));
#3011=DIRECTION('',(0.,0.,-1.));
#3012=DIRECTION('',(-1.,0.,0.));
#3013=DIRECTION('',(0.,0.,-1.));
#3014=DIRECTION('',(1.,0.,0.));
#3015=DIRECTION('',(0.,0.,-1.));
#3016=DIRECTION('',(-1.,0.,0.));
#3017=DIRECTION('',(0.,0.,-1.));
#3018=DIRECTION('',(-1.,0.,0.));
#3019=DIRECTION('',(0.,0.,-1.));
#3020=DIRECTION('',(1.,0.,0.));
#3021=DIRECTION('',(0.,0.,-1.));
#3022=DIRECTION('',(-1.,0.,0.));
#3023=DIRECTION('',(0.,0.,-1.));
#3024=DIRECTION('',(-1.,0.,0.));
#3025=DIRECTION('',(0.,0.,-1.));
#3026=DIRECTION('',(1.,0.,0.));
#3027=DIRECTION('',(0.,0.,-1.));
#3028=DIRECTION('',(-1.,0.,0.));
#3029=DIRECTION('',(0.,0.,-1.));
#3030=DIRECTION('',(-1.,0.,0.));
#3031=DIRECTION('',(0.,0.,-1.));
#3032=DIRECTION('',(1.,0.,0.));
#3033=DIRECTION('',(0.,0.,-1.));
#3034=DIRECTION('',(-1.,0.,0.));
#3035=DIRECTION('',(0.,0.,-1.));
#3036=DIRECTION('',(-1.,0.,0.));
#3037=DIRECTION('',(0.,0.,-1.));
#3038=DIRECTION('',(1.,0.,0.));
#3039=DIRECTION('',(0.,0.,-1.));
#3040=DIRECTION('',(-1.,0.,0.));
#3041=DIRECTION('',(0.,0.,-1.));
#3042=DIRECTION('',(-1.,0.,0.));
#3043=DIRECTION('',(0.,0.,-1.));
#3044=DIRECTION('',(1.,0.,0.));
#3045=DIRECTION('',(0.,0.,-1.));
#3046=DIRECTION('',(-1.,0.,0.));
#3047=DIRECTION('',(0.,0.,-1.));
#3048=DIRECTION('',(-1.,0.,0.));
#3049=DIRECTION('',(0.,0.,-1.));
#3050=DIRECTION('',(1.,0.,0.));
#3051=DIRECTION('',(4.23436439017961E-16,0.,1.));
#3052=DIRECTION('',(0.,1.,0.));
#3053=DIRECTION('',(4.23436439017961E-16,0.,1.));
#3054=DIRECTION('',(0.,-1.,0.));
#3055=DIRECTION('',(-4.23436439017961E-16,0.,-1.));
#3056=DIRECTION('',(0.,-1.,0.));
#3057=DIRECTION('',(0.,0.,1.));
#3058=DIRECTION('',(1.,0.,0.));
#3059=DIRECTION('',(0.,-1.,0.));
#3060=DIRECTION('',(1.,0.,0.));
#3061=DIRECTION('',(0.,-1.,0.));
#3062=DIRECTION('',(1.,0.,0.));
#3063=DIRECTION('',(0.,0.,1.));
#3064=DIRECTION('',(1.,0.,0.));
#3065=DIRECTION('',(1.,0.,0.));
#3066=DIRECTION('',(0.,-1.,0.));
#3067=DIRECTION('',(-1.,5.1222149881205E-17,0.));
#3068=DIRECTION('',(0.,-1.,0.));
#3069=DIRECTION('',(0.,0.,1.));
#3070=DIRECTION('',(1.,0.,0.));
#3071=DIRECTION('',(0.,0.,1.));
#3072=DIRECTION('',(1.,0.,0.));
#3073=DIRECTION('',(0.,0.,1.));
#3074=DIRECTION('',(1.,0.,0.));
#3075=DIRECTION('',(-1.,0.,0.));
#3076=DIRECTION('',(0.,-1.,0.));
#3077=DIRECTION('',(-1.,5.1222149881205E-17,0.));
#3078=DIRECTION('',(3.41480999208033E-16,-1.,0.));
#3079=DIRECTION('',(0.,0.,-1.));
#3080=DIRECTION('',(-1.,0.,0.));
#3081=DIRECTION('',(0.,0.,-1.));
#3082=DIRECTION('',(1.,0.,0.));
#3083=DIRECTION('',(0.,0.,-1.));
#3084=DIRECTION('',(1.,0.,0.));
#3085=DIRECTION('',(0.,0.,-1.));
#3086=DIRECTION('',(-1.,0.,0.));
#3087=DIRECTION('',(0.,0.,1.));
#3088=DIRECTION('',(1.,0.,0.));
#3089=DIRECTION('',(0.,0.,-1.));
#3090=DIRECTION('',(-1.,0.,0.));
#3091=DIRECTION('',(0.,0.,1.));
#3092=DIRECTION('',(1.,0.,0.));
#3093=DIRECTION('',(0.,0.,-1.));
#3094=DIRECTION('',(-1.,0.,0.));
#3095=DIRECTION('',(0.,0.,-1.));
#3096=DIRECTION('',(1.,0.,0.));
#3097=DIRECTION('',(0.,0.,-1.));
#3098=DIRECTION('',(1.,0.,0.));
#3099=DIRECTION('',(0.,0.,1.));
#3100=DIRECTION('',(1.,0.,0.));
#3101=DIRECTION('',(0.,-1.,0.));
#3102=DIRECTION('',(-1.,0.,0.));
#3103=DIRECTION('',(3.41480999208033E-16,-1.,0.));
#3104=DIRECTION('',(-1.,5.1222149881205E-17,0.));
#3105=DIRECTION('',(0.,0.,1.));
#3106=DIRECTION('',(1.,0.,0.));
#3107=DIRECTION('',(3.41480999208033E-16,-1.,0.));
#3108=DIRECTION('',(-1.,5.12221498812049E-17,0.));
#3109=DIRECTION('',(3.41480999208033E-16,-1.,0.));
#3110=DIRECTION('',(-1.,0.,0.));
#3111=DIRECTION('',(-3.41480999208033E-16,1.,0.));
#3112=DIRECTION('',(-1.,-3.41480999208033E-16,0.));
#3113=DIRECTION('',(-0.707106781186548,0.707106781186547,0.));
#3114=DIRECTION('',(-0.707106781186547,-0.707106781186548,0.));
#3115=DIRECTION('',(0.707106781186547,0.707106781186548,0.));
#3116=DIRECTION('',(-0.707106781186548,0.707106781186547,0.));
#3117=DIRECTION('',(1.,0.,0.));
#3118=DIRECTION('',(0.,0.,-1.));
#3119=DIRECTION('',(-1.,0.,0.));
#3120=DIRECTION('',(0.707106781186548,-0.707106781186547,0.));
#3121=DIRECTION('',(0.707106781186547,0.707106781186548,0.));
#3122=DIRECTION('',(-1.,5.1222149881205E-17,0.));
#3123=DIRECTION('',(-5.1222149881205E-17,-1.,0.));
#3124=DIRECTION('',(-0.707106781186547,-0.707106781186548,0.));
#3125=DIRECTION('',(-0.707106781186548,0.707106781186547,0.));
#3126=DIRECTION('',(-1.,5.1222149881205E-17,0.));
#3127=DIRECTION('',(3.41480999208033E-16,-1.,0.));
#3128=DIRECTION('',(1.,3.41480999208033E-16,0.));
#3129=DIRECTION('',(1.,0.,0.));
#3130=DIRECTION('',(0.,0.,-1.));
#3131=DIRECTION('',(0.,-1.,0.));
#3132=DIRECTION('',(1.,0.,0.));
#3133=DIRECTION('',(0.,0.,-1.));
#3134=DIRECTION('',(1.,0.,0.));
#3135=DIRECTION('',(0.,0.,-1.));
#3136=DIRECTION('',(1.,0.,0.));
#3137=DIRECTION('',(0.,0.,-1.));
#3138=DIRECTION('',(1.,0.,0.));
#3139=DIRECTION('',(0.,0.,-1.));
#3140=DIRECTION('',(0.,-0.976142545464071,-0.217130677093137));
#3141=DIRECTION('',(0.,0.880716593532083,-0.473643623283628));
#3142=DIRECTION('',(1.,0.,0.));
#3143=DIRECTION('',(0.,0.,-1.));
#3144=DIRECTION('',(1.,0.,0.));
#3145=DIRECTION('',(0.,0.,-1.));
#3146=DIRECTION('',(0.,0.,-1.));
#3147=DIRECTION('',(0.,0.,-1.));
#3148=DIRECTION('',(0.,-1.,0.));
#3149=DIRECTION('',(0.,0.,-1.));
#3150=DIRECTION('',(0.,0.,-1.));
#3151=DIRECTION('',(-1.,0.,0.));
#3152=DIRECTION('',(1.,0.,0.));
#3153=DIRECTION('',(0.,0.,-1.));
#3154=DIRECTION('',(0.,0.,-1.));
#3155=DIRECTION('',(1.,0.,0.));
#3156=DIRECTION('',(0.,0.,-1.));
#3157=DIRECTION('',(1.,0.,0.));
#3158=DIRECTION('',(0.,0.,-1.));
#3159=DIRECTION('',(0.,0.880716593532083,-0.473643623283628));
#3160=DIRECTION('',(0.,-0.976142545464071,-0.217130677093137));
#3161=DIRECTION('',(1.,0.,0.));
#3162=DIRECTION('',(0.,0.,-1.));
#3163=DIRECTION('',(1.,0.,0.));
#3164=DIRECTION('',(0.,0.,-1.));
#3165=DIRECTION('',(1.,0.,0.));
#3166=DIRECTION('',(0.,0.,-1.));
#3167=DIRECTION('',(1.,0.,0.));
#3168=DIRECTION('',(0.,0.,-1.));
#3169=DIRECTION('',(0.,-1.,0.));
#3170=DIRECTION('',(5.1222149881205E-17,1.,0.));
#3171=DIRECTION('',(-1.,5.1222149881205E-17,0.));
#3172=DIRECTION('',(0.,0.,1.));
#3173=DIRECTION('',(1.,0.,0.));
#3174=DIRECTION('',(1.,0.,0.));
#3175=DIRECTION('',(1.,0.,0.));
#3176=DIRECTION('',(0.,0.,-1.));
#3177=DIRECTION('',(1.,0.,0.));
#3178=DIRECTION('',(1.,0.,0.));
#3179=DIRECTION('',(1.,0.,0.));
#3180=DIRECTION('',(0.,0.,-1.));
#3181=DIRECTION('',(1.,0.,0.));
#3182=DIRECTION('',(0.,0.,-1.));
#3183=DIRECTION('',(1.,0.,0.));
#3184=DIRECTION('',(0.,0.,-1.));
#3185=DIRECTION('',(1.,0.,0.));
#3186=DIRECTION('',(1.,0.,0.));
#3187=DIRECTION('',(0.,0.,-1.));
#3188=DIRECTION('',(1.,0.,0.));
#3189=DIRECTION('',(0.,-0.473643623283628,-0.880716593532083));
#3190=DIRECTION('',(0.,0.880716593532083,-0.473643623283628));
#3191=DIRECTION('',(1.,0.,0.));
#3192=DIRECTION('',(1.,0.,0.));
#3193=DIRECTION('',(1.,0.,0.));
#3194=DIRECTION('',(0.,0.,-1.));
#3195=DIRECTION('',(0.,-0.217130677093137,0.976142545464071));
#3196=DIRECTION('',(0.,-0.976142545464071,-0.217130677093137));
#3197=DIRECTION('',(4.23436439017961E-16,-1.31371731030452E-46,1.));
#3198=DIRECTION('',(-6.82961998416065E-16,1.,2.89190996593889E-31));
#3199=DIRECTION('',(-4.23436439017961E-16,0.,-1.));
#3200=DIRECTION('',(0.,1.,0.));
#3201=DIRECTION('',(0.,-1.,0.));
#3202=DIRECTION('',(0.,0.,-1.));
#3203=DIRECTION('',(-1.,0.,0.));
#3204=DIRECTION('',(0.,0.,-1.));
#3205=DIRECTION('',(-1.,0.,0.));
#3206=DIRECTION('',(0.,0.,-1.));
#3207=DIRECTION('',(0.894427190999916,0.447213595499958,0.));
#3208=DIRECTION('',(-0.447213595499958,0.894427190999916,0.));
#3209=DIRECTION('',(0.447213595499958,-0.894427190999916,0.));
#3210=DIRECTION('',(0.,0.,-1.));
#3211=DIRECTION('',(0.447213595499958,-0.894427190999916,0.));
#3212=DIRECTION('',(0.,1.,0.));
#3213=DIRECTION('',(0.,0.,1.));
#3214=DIRECTION('',(1.,0.,0.));
#3215=DIRECTION('',(0.,0.,-1.));
#3216=DIRECTION('',(1.,0.,0.));
#3217=DIRECTION('',(1.,0.,0.));
#3218=DIRECTION('',(0.,0.,-1.));
#3219=DIRECTION('',(0.,-1.,0.));
#3220=DIRECTION('',(0.,0.,-1.));
#3221=DIRECTION('',(0.,-1.,0.));
#3222=DIRECTION('',(0.,-1.,0.));
#3223=DIRECTION('',(0.,0.,-1.));
#3224=DIRECTION('',(-1.,0.,0.));
#3225=DIRECTION('',(0.,0.,-1.));
#3226=DIRECTION('',(-1.,0.,0.));
#3227=DIRECTION('',(1.,0.,0.));
#3228=DIRECTION('',(0.,0.,-1.));
#3229=DIRECTION('',(0.,-1.,0.));
#3230=DIRECTION('',(0.,0.,-1.));
#3231=DIRECTION('',(0.,-1.,0.));
#3232=DIRECTION('',(0.,1.,0.));
#3233=DIRECTION('',(0.,0.,1.));
#3234=DIRECTION('',(1.,0.,0.));
#3235=DIRECTION('',(0.,0.,-1.));
#3236=DIRECTION('',(1.,0.,0.));
#3237=DIRECTION('',(-1.,0.,0.));
#3238=DIRECTION('',(0.,0.,1.));
#3239=DIRECTION('',(0.,1.,0.));
#3240=DIRECTION('',(0.,0.,-1.));
#3241=DIRECTION('',(0.,1.,0.));
#3242=DIRECTION('',(2.04888599524819E-16,-1.,0.));
#3243=DIRECTION('',(1.,2.04888599524819E-16,0.));
#3244=DIRECTION('',(-1.,-2.04888599524819E-16,0.));
#3245=DIRECTION('',(0.,0.,-1.));
#3246=DIRECTION('',(-1.,-2.04888599524819E-16,0.));
#3247=DIRECTION('',(-1.,0.,0.));
#3248=DIRECTION('',(0.,0.,1.));
#3249=DIRECTION('',(0.,1.,0.));
#3250=DIRECTION('',(0.,0.,-1.));
#3251=DIRECTION('',(0.,1.,0.));
#3252=DIRECTION('',(0.,0.,-1.));
#3253=DIRECTION('',(-1.,0.,0.));
#3254=DIRECTION('',(0.,0.,1.));
#3255=DIRECTION('',(1.,0.,0.));
#3256=DIRECTION('',(0.,0.,-1.));
#3257=DIRECTION('',(0.,0.,1.));
#3258=DIRECTION('',(1.,0.,0.));
#3259=DIRECTION('',(0.759256602365297,-0.650791373455969,0.));
#3260=DIRECTION('',(0.650791373455969,0.759256602365297,0.));
#3261=DIRECTION('',(-0.650791373455969,-0.759256602365297,0.));
#3262=DIRECTION('',(-0.650791373455969,-0.759256602365297,0.));
#3263=DIRECTION('',(0.,0.,-1.));
#3264=DIRECTION('',(-1.,0.,0.));
#3265=DIRECTION('',(0.,0.,1.));
#3266=DIRECTION('',(1.,0.,0.));
#3267=DIRECTION('',(0.,0.,1.));
#3268=DIRECTION('',(1.,0.,0.));
#3269=DIRECTION('',(0.,0.,-1.));
#3270=DIRECTION('',(-1.,0.,0.));
#3271=DIRECTION('',(0.,0.,1.));
#3272=DIRECTION('',(1.,0.,0.));
#3273=DIRECTION('',(0.,0.,1.));
#3274=DIRECTION('',(1.,0.,0.));
#3275=DIRECTION('',(0.,0.,1.));
#3276=DIRECTION('',(1.,0.,0.));
#3277=DIRECTION('',(-7.40840133875054E-17,1.61909010668203E-32,-1.));
#3278=DIRECTION('',(-1.,0.,7.40840133875054E-17));
#3279=DIRECTION('',(-7.40840133875054E-17,1.61909010668203E-32,-1.));
#3280=DIRECTION('',(-1.,0.,7.40840133875054E-17));
#3281=DIRECTION('',(-7.40840133875054E-17,1.61909010668203E-32,-1.));
#3282=DIRECTION('',(-1.,0.,7.40840133875054E-17));
#3283=DIRECTION('',(-7.40840133875054E-17,1.61909010668203E-32,-1.));
#3284=DIRECTION('',(-1.,0.,7.40840133875054E-17));
#3285=DIRECTION('',(0.,0.,1.));
#3286=DIRECTION('',(1.,0.,0.));
#3287=DIRECTION('',(0.,0.,1.));
#3288=DIRECTION('',(1.,0.,0.));
#3289=DIRECTION('',(0.,0.,-1.));
#3290=DIRECTION('',(-1.,0.,0.));
#3291=DIRECTION('',(0.,0.,-1.));
#3292=DIRECTION('',(-1.,0.,0.));
#3293=DIRECTION('',(0.,0.,-1.));
#3294=DIRECTION('',(-1.,0.,0.));
#3295=DIRECTION('',(0.,0.,-1.));
#3296=DIRECTION('',(-1.,0.,0.));
#3297=DIRECTION('',(0.,0.,-1.));
#3298=DIRECTION('',(-1.,0.,0.));
#3299=DIRECTION('',(0.,0.,-1.));
#3300=DIRECTION('',(-1.,0.,0.));
#3301=DIRECTION('',(0.,0.,-1.));
#3302=DIRECTION('',(-1.,0.,0.));
#3303=DIRECTION('',(0.,0.,-1.));
#3304=DIRECTION('',(-1.,0.,0.));
#3305=DIRECTION('',(0.,0.,-1.));
#3306=DIRECTION('',(-1.,0.,0.));
#3307=DIRECTION('',(0.,0.,-1.));
#3308=DIRECTION('',(-1.,0.,0.));
#3309=DIRECTION('',(7.40840133875054E-17,1.,1.3684555315672E-47));
#3310=DIRECTION('',(-1.,7.40840133875054E-17,2.18547839493141E-16));
#3311=DIRECTION('',(0.,1.,0.));
#3312=DIRECTION('',(0.,0.,1.));
#3313=DIRECTION('',(-0.997054485501582,0.,0.076696498884737));
#3314=DIRECTION('',(-0.650791373455969,0.,0.759256602365297));
#3315=DIRECTION('',(0.759256602365297,0.,0.650791373455969));
#3316=DIRECTION('',(-0.650791373455969,0.,0.759256602365297));
#3317=DIRECTION('',(0.,-1.,0.));
#3318=DIRECTION('',(0.,0.,-1.));
#3319=DIRECTION('',(0.650791373455969,0.,-0.759256602365297));
#3320=DIRECTION('',(-0.997054485501582,0.,0.076696498884737));
#3321=DIRECTION('',(0.650791373455969,0.,-0.759256602365297));
#3322=DIRECTION('',(0.759256602365297,0.,0.650791373455969));
#3323=DIRECTION('',(-0.650791373455969,0.,0.759256602365297));
#3324=DIRECTION('',(0.759256602365297,0.,0.650791373455969));
#3325=DIRECTION('',(0.,-1.,0.));
#3326=DIRECTION('',(0.,-1.,0.));
#3327=DIRECTION('',(0.759256602365297,0.,0.650791373455969));
#3328=DIRECTION('',(0.,1.,0.));
#3329=DIRECTION('',(0.,-1.,0.));
#3330=DIRECTION('',(0.759256602365297,0.,0.650791373455969));
#3331=DIRECTION('',(0.,1.,0.));
#3332=DIRECTION('',(-1.68731787843968E-17,-1.,1.9685375248463E-17));
#3333=DIRECTION('',(0.076696498884737,0.,0.997054485501582));
#3334=DIRECTION('',(0.997054485501582,0.,-0.076696498884737));
#3335=DIRECTION('',(3.46811312178358E-15,3.16346344486026E-16,1.));
#3336=DIRECTION('',(1.,-3.07826216750443E-15,-3.46811312178358E-15));
#3337=DIRECTION('',(1.,0.,0.));
#3338=DIRECTION('',(0.,0.,-1.));
#3339=DIRECTION('',(0.,-1.,0.));
#3340=DIRECTION('',(0.,0.,-1.));
#3341=DIRECTION('',(0.,-1.,0.));
#3342=DIRECTION('',(0.,0.,-1.));
#3343=DIRECTION('',(0.,-1.,0.));
#3344=DIRECTION('',(0.,0.,-1.));
#3345=DIRECTION('',(-1.,0.,0.));
#3346=DIRECTION('',(0.,0.,-1.));
#3347=DIRECTION('',(-1.,0.,0.));
#3348=DIRECTION('',(1.,0.,0.));
#3349=DIRECTION('',(0.,0.,-1.));
#3350=DIRECTION('',(0.,-1.,0.));
#3351=DIRECTION('',(0.,0.,-1.));
#3352=DIRECTION('',(0.,-1.,0.));
#3353=DIRECTION('',(0.,-1.,0.));
#3354=DIRECTION('',(0.,0.,-1.));
#3355=DIRECTION('',(-1.,0.,0.));
#3356=DIRECTION('',(-1.,0.,0.));
#3357=DIRECTION('',(0.,0.,1.));
#3358=DIRECTION('',(1.,0.,0.));
#3359=DIRECTION('',(0.,0.,1.));
#3360=DIRECTION('',(1.,0.,0.));
#3361=DIRECTION('',(4.23436439017961E-16,0.,1.));
#3362=DIRECTION('',(0.,1.,0.));
#3363=DIRECTION('',(0.,1.,0.));
#3364=DIRECTION('',(-1.,0.,2.18547839493141E-16));
#3365=CARTESIAN_POINT('',(0.,0.,0.));
#3366=CARTESIAN_POINT('',(0.0788557090383474,-0.1778,0.114144321571293));
#3367=CARTESIAN_POINT('',(-0.0477756392361857,-0.1778,0.0348770821885711));
#3368=CARTESIAN_POINT('',(0.160533741526577,-0.1778,0.0188532836683587));
#3369=CARTESIAN_POINT('',(0.169487546173042,-0.1778,0.0181645294647844));
#3370=CARTESIAN_POINT('',(0.0788557090383474,-0.1778,0.114144321571293));
#3371=CARTESIAN_POINT('',(-0.0234849495571091,-0.1778,0.233541756599325));
#3372=CARTESIAN_POINT('',(-0.0234849495571091,-0.1778,0.233541756599325));
#3373=CARTESIAN_POINT('',(-0.0186636701320895,-0.1778,0.237674281820771));
#3374=CARTESIAN_POINT('',(0.0836769884633671,-0.1778,0.118276846792738));
#3375=CARTESIAN_POINT('',(0.0788557090383474,0.1778,0.114144321571293));
#3376=CARTESIAN_POINT('',(0.0788557090383474,0.1778,0.114144321571293));
#3377=CARTESIAN_POINT('',(-0.0234849495571091,0.1778,0.233541756599325));
#3378=CARTESIAN_POINT('',(0.160533741526577,0.1778,0.0188532836683587));
#3379=CARTESIAN_POINT('',(-0.0477756392361857,0.1778,0.0348770821885711));
#3380=CARTESIAN_POINT('',(0.169487546173042,0.1778,0.0181645294647844));
#3381=CARTESIAN_POINT('',(0.0836769884633671,0.1778,0.118276846792738));
#3382=CARTESIAN_POINT('',(-0.0186636701320895,0.1778,0.237674281820771));
#3383=CARTESIAN_POINT('',(-0.0234849495571091,0.1778,0.233541756599325));
#3384=CARTESIAN_POINT('',(0.0769643602874902,0.1905,0.11635089511396));
#3385=CARTESIAN_POINT('',(-0.0477756392361856,0.1905,0.0348770821885711));
#3386=CARTESIAN_POINT('',(0.160533741526577,0.1905,0.0188532836683586));
#3387=CARTESIAN_POINT('',(0.169487546173042,0.1905,0.0181645294647843));
#3388=CARTESIAN_POINT('',(0.0769643602874902,0.1905,0.11635089511396));
#3389=CARTESIAN_POINT('',(-0.03175,0.1905,0.243184315449365));
#3390=CARTESIAN_POINT('',(-0.03175,0.1905,0.243184315449365));
#3391=CARTESIAN_POINT('',(-0.0269287205749803,0.1905,0.247316840670811));
#3392=CARTESIAN_POINT('',(0.0817856397125098,0.1905,0.120483420335405));
#3393=CARTESIAN_POINT('',(0.074723183816902,-0.1905,0.118965600996313));
#3394=CARTESIAN_POINT('',(0.074723183816902,-0.1905,0.118965600996313));
#3395=CARTESIAN_POINT('',(0.160533741526577,-0.1905,0.0188532836683586));
#3396=CARTESIAN_POINT('',(-0.03175,-0.1905,0.243184315449365));
#3397=CARTESIAN_POINT('',(-0.0477756392361857,-0.1905,0.0348770821885711));
#3398=CARTESIAN_POINT('',(0.169487546173042,-0.1905,0.0181645294647844));
#3399=CARTESIAN_POINT('',(0.0795444632419217,-0.1905,0.123098126217758));
#3400=CARTESIAN_POINT('',(-0.0269287205749803,-0.1905,0.247316840670811));
#3401=CARTESIAN_POINT('',(-0.03175,-0.1905,0.243184315449365));
#3402=CARTESIAN_POINT('',(0.0804409338301569,0.,0.122052243864817));
#3403=CARTESIAN_POINT('',(0.169487546173042,0.327912949987662,0.0181645294647844));
#3404=CARTESIAN_POINT('',(-0.0186636701320895,2.77555756156289E-17,0.237674281820771));
#3405=CARTESIAN_POINT('',(0.169487546173042,0.327912949987662,0.0181645294647844));
#3406=CARTESIAN_POINT('',(-0.0269287205749802,-0.18415,0.247316840670811));
#3407=CARTESIAN_POINT('',(0.0756196544051373,0.,0.117919718643372));
#3408=CARTESIAN_POINT('',(0.160533741526577,0.327912949987662,0.0188532836683587));
#3409=CARTESIAN_POINT('',(-0.03175,-0.18415,0.243184315449365));
#3410=CARTESIAN_POINT('',(0.160533741526577,0.327912949987662,0.0188532836683587));
#3411=CARTESIAN_POINT('',(-0.0234849495571091,2.77555756156289E-17,0.233541756599325));
#3412=CARTESIAN_POINT('',(-0.0234849495571091,2.77555756156289E-17,0.233541756599325));
#3413=CARTESIAN_POINT('',(-0.03175,-0.18415,0.243184315449365));
#3414=CARTESIAN_POINT('',(-0.0477756392361857,0.327912949987662,0.0348770821885711));
#3415=CARTESIAN_POINT('',(-0.0477756392361857,0.327912949987662,0.0348770821885711));
#3416=CARTESIAN_POINT('',(-0.0133413508195065,-2.77555756156289E-16,-0.0174757752612104));
#3417=CARTESIAN_POINT('',(0.074723183816902,-0.1905,0.118965600996313));
#3418=CARTESIAN_POINT('',(0.181540744735591,-0.1905,-0.000776211133506967));
#3419=CARTESIAN_POINT('',(0.186017647058824,-0.1905,-0.00112058823529408));
#3420=CARTESIAN_POINT('',(0.177063842412359,-0.1905,-0.000431834031719847));
#3421=CARTESIAN_POINT('',(0.0795444632419217,-0.1905,0.123098126217758));
#3422=CARTESIAN_POINT('',(-0.0269287205749803,-0.1905,0.247316840670811));
#3423=CARTESIAN_POINT('',(-0.03175,-0.1905,0.243184315449365));
#3424=CARTESIAN_POINT('',(-0.03175,-0.1905,0.243184315449365));
#3425=CARTESIAN_POINT('',(0.074723183816902,-0.1905,0.118965600996313));
#3426=CARTESIAN_POINT('',(0.0788557090383474,-0.1778,0.114144321571293));
#3427=CARTESIAN_POINT('',(0.0836769884633671,-0.1778,0.118276846792738));
#3428=CARTESIAN_POINT('',(-0.0186636701320895,-0.1778,0.237674281820771));
#3429=CARTESIAN_POINT('',(0.186017647058824,-0.1778,-0.00112058823529408));
#3430=CARTESIAN_POINT('',(0.0706716979238465,-0.1778,0.00775217708278107));
#3431=CARTESIAN_POINT('',(0.177063842412359,-0.1778,-0.000431834031719855));
#3432=CARTESIAN_POINT('',(0.0788557090383474,-0.1778,0.114144321571293));
#3433=CARTESIAN_POINT('',(-0.0234849495571091,-0.1778,0.233541756599325));
#3434=CARTESIAN_POINT('',(-0.0234849495571091,-0.1778,0.233541756599325));
#3435=CARTESIAN_POINT('',(-0.0234849495571091,2.77555756156289E-17,0.233541756599325));
#3436=CARTESIAN_POINT('',(-0.0186636701320895,2.77555756156289E-17,0.237674281820771));
#3437=CARTESIAN_POINT('',(-0.0186636701320895,0.1778,0.237674281820771));
#3438=CARTESIAN_POINT('',(-0.0234849495571091,2.77555756156289E-17,0.233541756599325));
#3439=CARTESIAN_POINT('',(-0.0234849495571091,0.1778,0.233541756599325));
#3440=CARTESIAN_POINT('',(-0.0234849495571091,0.1778,0.233541756599325));
#3441=CARTESIAN_POINT('',(0.0788557090383474,0.1778,0.114144321571293));
#3442=CARTESIAN_POINT('',(0.0706716979238465,0.1778,0.00775217708278107));
#3443=CARTESIAN_POINT('',(0.186017647058824,0.1778,-0.00112058823529408));
#3444=CARTESIAN_POINT('',(0.177063842412359,0.1778,-0.000431834031719847));
#3445=CARTESIAN_POINT('',(0.0836769884633671,0.1778,0.118276846792738));
#3446=CARTESIAN_POINT('',(0.0788557090383474,0.1778,0.114144321571293));
#3447=CARTESIAN_POINT('',(0.0769643602874902,0.1905,0.11635089511396));
#3448=CARTESIAN_POINT('',(0.0817856397125098,0.1905,0.120483420335405));
#3449=CARTESIAN_POINT('',(-0.0269287205749803,0.1905,0.247316840670811));
#3450=CARTESIAN_POINT('',(0.186017647058824,0.1905,-0.00112058823529408));
#3451=CARTESIAN_POINT('',(0.0686227367770845,0.1905,0.00790978947868583));
#3452=CARTESIAN_POINT('',(0.177063842412359,0.1905,-0.000431834031719873));
#3453=CARTESIAN_POINT('',(0.0769643602874902,0.1905,0.11635089511396));
#3454=CARTESIAN_POINT('',(-0.03175,0.1905,0.243184315449365));
#3455=CARTESIAN_POINT('',(-0.03175,0.1905,0.243184315449365));
#3456=CARTESIAN_POINT('',(-0.03175,-0.18415,0.243184315449365));
#3457=CARTESIAN_POINT('',(-0.0269287205749802,-0.18415,0.247316840670811));
#3458=CARTESIAN_POINT('',(-0.03175,-0.18415,0.243184315449365));
#3459=CARTESIAN_POINT('',(0.0756196544051373,0.,0.117919718643372));
#3460=CARTESIAN_POINT('',(0.177063842412359,0.327912949987662,-0.000431834031719847));
#3461=CARTESIAN_POINT('',(0.177063842412359,0.327912949987662,-0.000431834031719847));
#3462=CARTESIAN_POINT('',(0.0804409338301569,0.,0.122052243864817));
#3463=CARTESIAN_POINT('',(0.186017647058824,0.18415,-0.00112058823529409));
#3464=CARTESIAN_POINT('',(0.186017647058824,-0.18415,-0.00112058823529407));
#3465=CARTESIAN_POINT('',(0.181540744735591,0.327912949987662,-0.000776211133506967));
#3466=CARTESIAN_POINT('',(0.181540744735591,0.327912949987662,-0.000776211133506967));
#3467=CARTESIAN_POINT('',(-0.00821764705882352,5.55111512312578E-17,0.00112058823529407));
#3468=CARTESIAN_POINT('',(-0.127,-5.55111512312578E-17,0.04064));
#3469=CARTESIAN_POINT('',(-0.127,0.19685,0.04064));
#3470=CARTESIAN_POINT('',(-0.123825,0.19685,0.04064));
#3471=CARTESIAN_POINT('',(-0.130175,0.19685,0.04064));
#3472=CARTESIAN_POINT('',(-0.123825,0.193675,0.04064));
#3473=CARTESIAN_POINT('',(-0.123825,0.1905,0.04064));
#3474=CARTESIAN_POINT('',(-0.1063625,0.1905,0.04064));
#3475=CARTESIAN_POINT('',(-0.0889,0.1905,0.04064));
#3476=CARTESIAN_POINT('',(-0.0889,-6.93889390390723E-17,0.04064));
#3477=CARTESIAN_POINT('',(-0.0889,-0.1905,0.04064));
#3478=CARTESIAN_POINT('',(-0.1063625,-0.1905,0.04064));
#3479=CARTESIAN_POINT('',(-0.123825,-0.1905,0.04064));
#3480=CARTESIAN_POINT('',(-0.123825,-0.193675,0.04064));
#3481=CARTESIAN_POINT('',(-0.123825,-0.19685,0.04064));
#3482=CARTESIAN_POINT('',(-0.127,-0.19685,0.04064));
#3483=CARTESIAN_POINT('',(-0.130175,-0.19685,0.04064));
#3484=CARTESIAN_POINT('',(-0.130175,-0.1905,0.04064));
#3485=CARTESIAN_POINT('',(-0.130175,-0.1905,0.04064));
#3486=CARTESIAN_POINT('',(-0.1476375,-0.1905,0.04064));
#3487=CARTESIAN_POINT('',(-0.163195,-0.1905,0.04064));
#3488=CARTESIAN_POINT('',(-0.163195,-5.28296803666971E-17,0.04064));
#3489=CARTESIAN_POINT('',(-0.163195,0.1905,0.04064));
#3490=CARTESIAN_POINT('',(-0.1476375,0.1905,0.04064));
#3491=CARTESIAN_POINT('',(-0.130175,0.1905,0.04064));
#3492=CARTESIAN_POINT('',(-0.130175,0.193675,0.04064));
#3493=CARTESIAN_POINT('',(-0.130175,-0.1905,0.04064));
#3494=CARTESIAN_POINT('',(-0.130175,-0.19685,0.03429));
#3495=CARTESIAN_POINT('',(-0.130175,-0.19685,0.03429));
#3496=CARTESIAN_POINT('',(-0.130175,-0.197920224719101,0.0360023595505619));
#3497=CARTESIAN_POINT('',(-0.130175,-0.2032,0.04445));
#3498=CARTESIAN_POINT('',(-0.130175,-0.1905,0.04445));
#3499=CARTESIAN_POINT('',(-0.130175,-0.1905,0.04445));
#3500=CARTESIAN_POINT('',(-0.130175,-0.1905,0.04064));
#3501=CARTESIAN_POINT('',(-0.123825,-0.193675,0.04064));
#3502=CARTESIAN_POINT('',(-0.123825,-0.193675,0.04445));
#3503=CARTESIAN_POINT('',(-0.123825,-0.1905,0.04445));
#3504=CARTESIAN_POINT('',(-0.123825,-0.2032,0.04445));
#3505=CARTESIAN_POINT('',(-0.123825,-0.2032,0.04445));
#3506=CARTESIAN_POINT('',(-0.123825,-0.19685,0.03429));
#3507=CARTESIAN_POINT('',(-0.123825,-0.19685,0.03429));
#3508=CARTESIAN_POINT('',(-0.123825,-0.1905,0.04064));
#3509=CARTESIAN_POINT('',(-0.1063625,-0.1905,0.04064));
#3510=CARTESIAN_POINT('',(-0.1063625,-0.1905,0.04445));
#3511=CARTESIAN_POINT('',(-0.0889,-0.1905,0.04445));
#3512=CARTESIAN_POINT('',(-0.0889,-0.1905,0.04064));
#3513=CARTESIAN_POINT('',(-0.0889,-6.93889390390723E-17,0.04064));
#3514=CARTESIAN_POINT('',(-0.0889,-6.93889390390723E-17,0.04445));
#3515=CARTESIAN_POINT('',(-0.0889,0.1905,0.04445));
#3516=CARTESIAN_POINT('',(-0.0889,0.1905,0.04064));
#3517=CARTESIAN_POINT('',(-0.1063625,0.1905,0.04064));
#3518=CARTESIAN_POINT('',(-0.1063625,0.1905,0.04445));
#3519=CARTESIAN_POINT('',(-0.123825,0.1905,0.04445));
#3520=CARTESIAN_POINT('',(-0.123825,0.1905,0.04064));
#3521=CARTESIAN_POINT('',(-0.123825,0.193675,0.04064));
#3522=CARTESIAN_POINT('',(-0.123825,0.19685,0.03429));
#3523=CARTESIAN_POINT('',(-0.123825,0.19685,0.03429));
#3524=CARTESIAN_POINT('',(-0.123825,0.198812078651685,0.0374293258426967));
#3525=CARTESIAN_POINT('',(-0.123825,0.2032,0.04445));
#3526=CARTESIAN_POINT('',(-0.123825,0.193675,0.04445));
#3527=CARTESIAN_POINT('',(-0.130175,0.193675,0.04064));
#3528=CARTESIAN_POINT('',(-0.130175,0.193675,0.04445));
#3529=CARTESIAN_POINT('',(-0.130175,0.2032,0.04445));
#3530=CARTESIAN_POINT('',(-0.130175,0.1905,0.04445));
#3531=CARTESIAN_POINT('',(-0.130175,0.198812078651685,0.0374293258426967));
#3532=CARTESIAN_POINT('',(-0.130175,0.19685,0.03429));
#3533=CARTESIAN_POINT('',(-0.130175,0.19685,0.03429));
#3534=CARTESIAN_POINT('',(-0.130175,0.1905,0.04064));
#3535=CARTESIAN_POINT('',(-0.1476375,0.1905,0.04064));
#3536=CARTESIAN_POINT('',(-0.16891,0.1905,0.04318));
#3537=CARTESIAN_POINT('',(-0.16891,0.1905,0.04191));
#3538=CARTESIAN_POINT('',(-0.16891,0.1905,0.04318));
#3539=CARTESIAN_POINT('',(-0.16764,0.1905,0.04445));
#3540=CARTESIAN_POINT('',(-0.16764,0.1905,0.04445));
#3541=CARTESIAN_POINT('',(-0.1476375,0.1905,0.04445));
#3542=CARTESIAN_POINT('',(-0.1724025,0.1905,0.022225));
#3543=CARTESIAN_POINT('',(-0.183515,0.1905,2.25815285979403E-32));
#3544=CARTESIAN_POINT('',(-0.18542,0.1905,-2.33295215237548E-19));
#3545=CARTESIAN_POINT('',(-0.187325,0.1905,-2.33295215237559E-19));
#3546=CARTESIAN_POINT('',(-0.1778,0.1905,0.01905));
#3547=CARTESIAN_POINT('',(-0.16637,0.1905,0.04191));
#3548=CARTESIAN_POINT('',(-0.16764,0.1905,0.04191));
#3549=CARTESIAN_POINT('',(-0.1476375,-0.1905,0.04064));
#3550=CARTESIAN_POINT('',(-0.1476375,-0.1905,0.04445));
#3551=CARTESIAN_POINT('',(-0.16764,-0.1905,0.04445));
#3552=CARTESIAN_POINT('',(-0.16764,-0.1905,0.04445));
#3553=CARTESIAN_POINT('',(-0.16891,-0.1905,0.04318));
#3554=CARTESIAN_POINT('',(-0.16891,-0.1905,0.04318));
#3555=CARTESIAN_POINT('',(-0.16891,-0.1905,0.04191));
#3556=CARTESIAN_POINT('',(-0.16764,-0.1905,0.04191));
#3557=CARTESIAN_POINT('',(-0.16637,-0.1905,0.04191));
#3558=CARTESIAN_POINT('',(-0.1778,-0.1905,0.01905));
#3559=CARTESIAN_POINT('',(-0.187325,-0.1905,-2.33295215237559E-19));
#3560=CARTESIAN_POINT('',(-0.18542,-0.1905,-2.33295215237548E-19));
#3561=CARTESIAN_POINT('',(-0.183515,-0.1905,2.25815285979403E-32));
#3562=CARTESIAN_POINT('',(-0.1724025,-0.1905,0.022225));
#3563=CARTESIAN_POINT('',(-0.127,-5.55111512312578E-17,0.04445));
#3564=CARTESIAN_POINT('',(-0.16764,-5.25003769271896E-17,0.04445));
#3565=CARTESIAN_POINT('',(-0.127,-0.2032,0.04445));
#3566=CARTESIAN_POINT('',(-0.127,0.2032,0.04445));
#3567=CARTESIAN_POINT('',(-0.1724025,0.190502,0.022225));
#3568=CARTESIAN_POINT('',(-0.183515,0.190502,2.25815285979403E-32));
#3569=CARTESIAN_POINT('',(-0.16891,0.190502,0.04318));
#3570=CARTESIAN_POINT('',(-0.16891,0.190502,0.04318));
#3571=CARTESIAN_POINT('',(-0.16891,0.190502,0.04191));
#3572=CARTESIAN_POINT('',(-0.18542,0.190502,-2.33295215237548E-19));
#3573=CARTESIAN_POINT('',(-0.187325,0.190502,-2.33295215237559E-19));
#3574=CARTESIAN_POINT('',(-0.1778,0.190502,0.01905));
#3575=CARTESIAN_POINT('',(-0.16637,0.190502,0.04191));
#3576=CARTESIAN_POINT('',(-0.16764,0.190502,0.04191));
#3577=CARTESIAN_POINT('',(-0.127,-0.19685,0.03429));
#3578=CARTESIAN_POINT('',(-0.127,-0.19685,0.03429));
#3579=CARTESIAN_POINT('',(-0.127,0.19685,0.03429));
#3580=CARTESIAN_POINT('',(-0.127,0.19685,0.03429));
#3581=CARTESIAN_POINT('',(-0.16764,-5.25003769271896E-17,0.04445));
#3582=CARTESIAN_POINT('',(-0.1260475,0.19685,0.03429));
#3583=CARTESIAN_POINT('',(-0.127,-0.2032,0.04445));
#3584=CARTESIAN_POINT('',(2.77555756156289E-17,-2.77555756156289E-17,0.000317499999999944));
#3585=CARTESIAN_POINT('',(0.1778,0.,0.00635));
#3586=CARTESIAN_POINT('',(0.1778,0.,0.));
#3587=CARTESIAN_POINT('',(0.1778,0.1905,0.));
#3588=CARTESIAN_POINT('',(0.1778,-0.1905,0.));
#3589=CARTESIAN_POINT('',(0.1778,0.1905,0.00635));
#3590=CARTESIAN_POINT('',(0.1778,0.1905,0.00635));
#3591=CARTESIAN_POINT('',(0.1778,0.,0.00635));
#3592=CARTESIAN_POINT('',(0.1778,-0.1905,0.00635));
#3593=CARTESIAN_POINT('',(0.1778,-0.1905,0.00635));
#3594=CARTESIAN_POINT('',(-2.77555756156289E-17,0.1905,0.00635));
#3595=CARTESIAN_POINT('',(-2.77555756156289E-17,0.1905,0.));
#3596=CARTESIAN_POINT('',(-0.1778,0.1905,0.));
#3597=CARTESIAN_POINT('',(-0.1778,0.1905,0.00635));
#3598=CARTESIAN_POINT('',(-0.1778,0.1905,0.00635));
#3599=CARTESIAN_POINT('',(-2.77555756156289E-17,0.1905,0.00635));
#3600=CARTESIAN_POINT('',(-0.1778,0.,0.00635));
#3601=CARTESIAN_POINT('',(-0.1778,0.,0.));
#3602=CARTESIAN_POINT('',(-0.1778,-0.1905,0.));
#3603=CARTESIAN_POINT('',(-0.1778,-0.1905,0.00635));
#3604=CARTESIAN_POINT('',(-0.1778,-0.1905,0.00635));
#3605=CARTESIAN_POINT('',(-0.1778,0.,0.00635));
#3606=CARTESIAN_POINT('',(-2.77555756156289E-17,-0.1905,0.00635));
#3607=CARTESIAN_POINT('',(-2.77555756156289E-17,-0.1905,0.));
#3608=CARTESIAN_POINT('',(-2.77555756156289E-17,-0.1905,0.00635));
#3609=CARTESIAN_POINT('',(0.,0.,0.00635));
#3610=CARTESIAN_POINT('',(0.,0.,0.));
#3611=CARTESIAN_POINT('',(-4.5102810375397E-17,6.93889390390723E-18,-0.00635));
#3612=CARTESIAN_POINT('',(0.06604,0.,-0.18415));
#3613=CARTESIAN_POINT('',(0.06604,0.,-0.18415));
#3614=CARTESIAN_POINT('',(0.06604,-0.01397,-0.18415));
#3615=CARTESIAN_POINT('',(0.06604,0.01397,-0.18415));
#3616=CARTESIAN_POINT('',(0.06604,0.01397,-0.1778));
#3617=CARTESIAN_POINT('',(0.06604,0.02032,-0.1778));
#3618=CARTESIAN_POINT('',(0.06604,0.,-0.1778));
#3619=CARTESIAN_POINT('',(0.06604,-0.02032,-0.1778));
#3620=CARTESIAN_POINT('',(0.06604,-0.01397,-0.1778));
#3621=CARTESIAN_POINT('',(-0.050165,-2.15409248736023E-17,-0.18415));
#3622=CARTESIAN_POINT('',(-0.050165,-2.15409248736023E-17,-0.18415));
#3623=CARTESIAN_POINT('',(-0.053975,-2.15409248736023E-17,-0.18415));
#3624=CARTESIAN_POINT('',(-0.050165,-2.15409248736023E-17,-0.1778));
#3625=CARTESIAN_POINT('',(-0.053975,-2.15409248736023E-17,-0.1778));
#3626=CARTESIAN_POINT('',(0.024765,3.61111864572607E-33,-0.18415));
#3627=CARTESIAN_POINT('',(0.024765,3.61111864572607E-33,-0.18415));
#3628=CARTESIAN_POINT('',(0.020955,3.61111864572607E-33,-0.18415));
#3629=CARTESIAN_POINT('',(0.024765,3.61111864572607E-33,-0.1778));
#3630=CARTESIAN_POINT('',(0.020955,3.61111864572607E-33,-0.1778));
#3631=CARTESIAN_POINT('',(0.050165,-3.11060286983428E-18,-0.18415));
#3632=CARTESIAN_POINT('',(0.050165,-3.11060286983428E-18,-0.18415));
#3633=CARTESIAN_POINT('',(0.046355,-3.11060286983428E-18,-0.18415));
#3634=CARTESIAN_POINT('',(0.050165,-3.11060286983428E-18,-0.1778));
#3635=CARTESIAN_POINT('',(0.046355,-3.11060286983428E-18,-0.1778));
#3636=CARTESIAN_POINT('',(-0.024765,-9.09851339426526E-18,-0.18415));
#3637=CARTESIAN_POINT('',(-0.024765,-9.09851339426526E-18,-0.18415));
#3638=CARTESIAN_POINT('',(-0.028575,-9.09851339426526E-18,-0.18415));
#3639=CARTESIAN_POINT('',(-0.024765,-9.09851339426526E-18,-0.1778));
#3640=CARTESIAN_POINT('',(-0.028575,-9.09851339426526E-18,-0.1778));
#3641=CARTESIAN_POINT('',(0.,-6.93889390390723E-18,-0.18415));
#3642=CARTESIAN_POINT('',(0.010795,0.00635,-0.18415));
#3643=CARTESIAN_POINT('',(0.006985,0.00635,-0.18415));
#3644=CARTESIAN_POINT('',(0.034925,-0.00635,-0.18415));
#3645=CARTESIAN_POINT('',(0.031115,-0.00635,-0.18415));
#3646=CARTESIAN_POINT('',(0.034925,0.00635,-0.18415));
#3647=CARTESIAN_POINT('',(0.031115,0.00635,-0.18415));
#3648=CARTESIAN_POINT('',(0.059055,-0.00635,-0.18415));
#3649=CARTESIAN_POINT('',(0.055245,-0.00635,-0.18415));
#3650=CARTESIAN_POINT('',(-0.037465,0.00635,-0.18415));
#3651=CARTESIAN_POINT('',(-0.041275,0.00635,-0.18415));
#3652=CARTESIAN_POINT('',(-0.013335,-0.00635,-0.18415));
#3653=CARTESIAN_POINT('',(-0.017145,-0.00635,-0.18415));
#3654=CARTESIAN_POINT('',(-0.013335,0.00635,-0.18415));
#3655=CARTESIAN_POINT('',(-0.017145,0.00635,-0.18415));
#3656=CARTESIAN_POINT('',(0.010795,-0.00635,-0.18415));
#3657=CARTESIAN_POINT('',(0.006985,-0.00635,-0.18415));
#3658=CARTESIAN_POINT('',(0.059055,0.00635,-0.18415));
#3659=CARTESIAN_POINT('',(0.055245,0.00635,-0.18415));
#3660=CARTESIAN_POINT('',(-0.037465,-0.00635,-0.18415));
#3661=CARTESIAN_POINT('',(-0.041275,-0.00635,-0.18415));
#3662=CARTESIAN_POINT('',(-0.05969,0.02032,-0.18415));
#3663=CARTESIAN_POINT('',(-0.05969,-0.01397,-0.18415));
#3664=CARTESIAN_POINT('',(-0.05969,0.01397,-0.18415));
#3665=CARTESIAN_POINT('',(-1.83480367651393E-18,0.01397,-0.18415));
#3666=CARTESIAN_POINT('',(-0.06604,-0.01397,-0.18415));
#3667=CARTESIAN_POINT('',(0.,-6.93889390390723E-18,-0.1778));
#3668=CARTESIAN_POINT('',(-6.93889390390723E-18,0.02032,-0.1778));
#3669=CARTESIAN_POINT('',(-0.06604,0.02032,-0.1778));
#3670=CARTESIAN_POINT('',(-0.06604,0.,-0.1778));
#3671=CARTESIAN_POINT('',(-0.06604,-0.02032,-0.1778));
#3672=CARTESIAN_POINT('',(0.,-0.02032,-0.1778));
#3673=CARTESIAN_POINT('',(1.83480367651393E-18,-0.01397,-0.1778));
#3674=CARTESIAN_POINT('',(-0.05969,-0.01397,-0.1778));
#3675=CARTESIAN_POINT('',(-0.05969,-6.93889390390723E-18,-0.1778));
#3676=CARTESIAN_POINT('',(-0.05969,0.01397,-0.1778));
#3677=CARTESIAN_POINT('',(-6.10489223276453E-18,0.01397,-0.1778));
#3678=CARTESIAN_POINT('',(-0.037465,-0.00635,-0.18161));
#3679=CARTESIAN_POINT('',(-0.037465,-0.00635,-0.18161));
#3680=CARTESIAN_POINT('',(-0.041275,-0.00635,-0.18161));
#3681=CARTESIAN_POINT('',(0.003175,-6.93889390390723E-18,-0.18161));
#3682=CARTESIAN_POINT('',(0.059055,0.00635,-0.18161));
#3683=CARTESIAN_POINT('',(0.059055,0.00635,-0.18161));
#3684=CARTESIAN_POINT('',(0.055245,0.00635,-0.18161));
#3685=CARTESIAN_POINT('',(0.003175,-6.93889390390723E-18,-0.18161));
#3686=CARTESIAN_POINT('',(0.010795,-0.00635,-0.18161));
#3687=CARTESIAN_POINT('',(0.010795,-0.00635,-0.18161));
#3688=CARTESIAN_POINT('',(0.006985,-0.00635,-0.18161));
#3689=CARTESIAN_POINT('',(0.003175,-6.93889390390723E-18,-0.18161));
#3690=CARTESIAN_POINT('',(-0.013335,0.00635,-0.18161));
#3691=CARTESIAN_POINT('',(-0.013335,0.00635,-0.18161));
#3692=CARTESIAN_POINT('',(-0.017145,0.00635,-0.18161));
#3693=CARTESIAN_POINT('',(0.003175,-6.93889390390723E-18,-0.18161));
#3694=CARTESIAN_POINT('',(-0.013335,-0.00635,-0.18161));
#3695=CARTESIAN_POINT('',(-0.013335,-0.00635,-0.18161));
#3696=CARTESIAN_POINT('',(-0.017145,-0.00635,-0.18161));
#3697=CARTESIAN_POINT('',(0.003175,-6.93889390390723E-18,-0.18161));
#3698=CARTESIAN_POINT('',(-0.037465,0.00635,-0.18161));
#3699=CARTESIAN_POINT('',(-0.037465,0.00635,-0.18161));
#3700=CARTESIAN_POINT('',(-0.041275,0.00635,-0.18161));
#3701=CARTESIAN_POINT('',(0.003175,-6.93889390390723E-18,-0.18161));
#3702=CARTESIAN_POINT('',(0.059055,-0.00635,-0.18161));
#3703=CARTESIAN_POINT('',(0.059055,-0.00635,-0.18161));
#3704=CARTESIAN_POINT('',(0.055245,-0.00635,-0.18161));
#3705=CARTESIAN_POINT('',(0.003175,-6.93889390390723E-18,-0.18161));
#3706=CARTESIAN_POINT('',(0.034925,0.00635,-0.18161));
#3707=CARTESIAN_POINT('',(0.034925,0.00635,-0.18161));
#3708=CARTESIAN_POINT('',(0.031115,0.00635,-0.18161));
#3709=CARTESIAN_POINT('',(0.003175,-6.93889390390723E-18,-0.18161));
#3710=CARTESIAN_POINT('',(0.034925,-0.00635,-0.18161));
#3711=CARTESIAN_POINT('',(0.034925,-0.00635,-0.18161));
#3712=CARTESIAN_POINT('',(0.031115,-0.00635,-0.18161));
#3713=CARTESIAN_POINT('',(0.003175,-6.93889390390723E-18,-0.18161));
#3714=CARTESIAN_POINT('',(0.010795,0.00635,-0.18161));
#3715=CARTESIAN_POINT('',(0.010795,0.00635,-0.18161));
#3716=CARTESIAN_POINT('',(0.006985,0.00635,-0.18161));
#3717=CARTESIAN_POINT('',(0.003175,-6.93889390390723E-18,-0.18161));
#3718=CARTESIAN_POINT('',(-0.0635,-0.07112,0.19685));
#3719=CARTESIAN_POINT('',(-0.0635,0.06096,0.19685));
#3720=CARTESIAN_POINT('',(-0.0635,0.06096,-0.17145));
#3721=CARTESIAN_POINT('',(1.38777878078145E-17,0.,0.18923));
#3722=CARTESIAN_POINT('',(-0.0127,0.,0.18923));
#3723=CARTESIAN_POINT('',(-0.0127,0.00950858143190306,0.18923));
#3724=CARTESIAN_POINT('',(-0.0127,-0.00300295492125944,0.18923));
#3725=CARTESIAN_POINT('',(-0.0127,-0.00300295492125944,0.18923));
#3726=CARTESIAN_POINT('',(0.0127,-0.00300295492125944,0.18923));
#3727=CARTESIAN_POINT('',(0.0127,0.,0.18923));
#3728=CARTESIAN_POINT('',(0.0127,0.00950858143190306,0.18923));
#3729=CARTESIAN_POINT('',(-0.0127,0.00950858143190306,0.18923));
#3730=CARTESIAN_POINT('',(1.38777878078145E-17,0.,0.18923));
#3731=CARTESIAN_POINT('',(-0.0127,-0.00731672483672019,0.18923));
#3732=CARTESIAN_POINT('',(-0.0127,-0.0073167248367202,0.18923));
#3733=CARTESIAN_POINT('',(0.0127,-0.0073167248367202,0.18923));
#3734=CARTESIAN_POINT('',(-0.0127,0.,0.18923));
#3735=CARTESIAN_POINT('',(-0.0127,-0.01397,0.18923));
#3736=CARTESIAN_POINT('',(-7.15573433840434E-19,-0.01397,0.18923));
#3737=CARTESIAN_POINT('',(0.0127,-0.01397,0.18923));
#3738=CARTESIAN_POINT('',(0.0127,0.,0.18923));
#3739=CARTESIAN_POINT('',(0.,1.7347234759768E-17,0.18415));
#3740=CARTESIAN_POINT('',(0.060325,1.10004801532177E-17,0.18415));
#3741=CARTESIAN_POINT('',(0.064135,1.10004801532177E-17,0.18415));
#3742=CARTESIAN_POINT('',(0.085725,1.4111083023052E-17,0.18415));
#3743=CARTESIAN_POINT('',(0.089535,1.4111083023052E-17,0.18415));
#3744=CARTESIAN_POINT('',(-0.1016,0.01397,0.18415));
#3745=CARTESIAN_POINT('',(0.09525,0.01397,0.18415));
#3746=CARTESIAN_POINT('',(0.0127,0.01397,0.18415));
#3747=CARTESIAN_POINT('',(0.0127,0.,0.18415));
#3748=CARTESIAN_POINT('',(0.0127,-0.01397,0.18415));
#3749=CARTESIAN_POINT('',(-7.15573433840434E-19,-0.01397,0.18415));
#3750=CARTESIAN_POINT('',(0.09525,-0.01397,0.18415));
#3751=CARTESIAN_POINT('',(0.09525,4.98732999343332E-17,0.18415));
#3752=CARTESIAN_POINT('',(-0.060325,-2.39436063888476E-18,0.18415));
#3753=CARTESIAN_POINT('',(-0.060325,-2.39436063888476E-18,0.18415));
#3754=CARTESIAN_POINT('',(-0.056515,-2.39436063888476E-18,0.18415));
#3755=CARTESIAN_POINT('',(-0.060325,-2.39436063888476E-18,0.1778));
#3756=CARTESIAN_POINT('',(-0.056515,-2.39436063888476E-18,0.1778));
#3757=CARTESIAN_POINT('',(0.060325,1.10004801532177E-17,0.18415));
#3758=CARTESIAN_POINT('',(0.060325,1.10004801532177E-17,0.1778));
#3759=CARTESIAN_POINT('',(0.064135,1.10004801532177E-17,0.1778));
#3760=CARTESIAN_POINT('',(0.085725,1.4111083023052E-17,0.18415));
#3761=CARTESIAN_POINT('',(0.085725,1.4111083023052E-17,0.1778));
#3762=CARTESIAN_POINT('',(0.089535,1.4111083023052E-17,0.1778));
#3763=CARTESIAN_POINT('',(-0.085725,-4.92369073414628E-18,0.18415));
#3764=CARTESIAN_POINT('',(-0.085725,-4.92369073414628E-18,0.18415));
#3765=CARTESIAN_POINT('',(-0.081915,-4.92369073414628E-18,0.18415));
#3766=CARTESIAN_POINT('',(-0.085725,-4.92369073414628E-18,0.1778));
#3767=CARTESIAN_POINT('',(-0.081915,-4.92369073414628E-18,0.1778));
#3768=CARTESIAN_POINT('',(0.,1.7347234759768E-17,0.18415));
#3769=CARTESIAN_POINT('',(-0.0127,0.,0.18415));
#3770=CARTESIAN_POINT('',(-0.0127,0.01397,0.18415));
#3771=CARTESIAN_POINT('',(-0.0127,-0.01397,0.18415));
#3772=CARTESIAN_POINT('',(-0.1016,0.01397,0.18415));
#3773=CARTESIAN_POINT('',(-0.09525,0.01397,0.18415));
#3774=CARTESIAN_POINT('',(-0.09525,-0.02032,0.18415));
#3775=CARTESIAN_POINT('',(-0.09525,-0.01397,0.18415));
#3776=CARTESIAN_POINT('',(-7.15573433840434E-19,-0.01397,0.18415));
#3777=CARTESIAN_POINT('',(0.,1.7347234759768E-17,0.1778));
#3778=CARTESIAN_POINT('',(0.1016,2.42861286636753E-17,0.1778));
#3779=CARTESIAN_POINT('',(0.1016,0.02032,0.1778));
#3780=CARTESIAN_POINT('',(0.1016,-0.02032,0.1778));
#3781=CARTESIAN_POINT('',(6.93889390390723E-18,-0.02032,0.1778));
#3782=CARTESIAN_POINT('',(-0.1016,-0.02032,0.1778));
#3783=CARTESIAN_POINT('',(-0.1016,6.93889390390723E-18,0.1778));
#3784=CARTESIAN_POINT('',(-0.1016,0.02032,0.1778));
#3785=CARTESIAN_POINT('',(0.,0.02032,0.1778));
#3786=CARTESIAN_POINT('',(-0.09525,-1.5178830414797E-17,0.1778));
#3787=CARTESIAN_POINT('',(-0.09525,-0.01397,0.1778));
#3788=CARTESIAN_POINT('',(-0.09525,0.01397,0.1778));
#3789=CARTESIAN_POINT('',(0.,0.01397,0.1778));
#3790=CARTESIAN_POINT('',(-0.1016,0.01397,0.18415));
#3791=CARTESIAN_POINT('',(0.09525,0.01397,0.1778));
#3792=CARTESIAN_POINT('',(7.26415455565288E-18,-0.01397,0.1778));
#3793=CARTESIAN_POINT('',(0.09525,-0.01397,0.1778));
#3794=CARTESIAN_POINT('',(-7.15573433840434E-19,-0.01397,0.18415));
#3795=CARTESIAN_POINT('',(0.09525,2.21177243187043E-17,0.1778));
#3796=CARTESIAN_POINT('',(0.0127,0.,0.18923));
#3797=CARTESIAN_POINT('',(0.0127,0.,0.18923));
#3798=CARTESIAN_POINT('',(0.0127,0.01397,0.18923));
#3799=CARTESIAN_POINT('',(0.0127,0.0138223513473638,0.18923));
#3800=CARTESIAN_POINT('',(0.0127,0.00325281325532179,0.193580834922273));
#3801=CARTESIAN_POINT('',(0.0127,0.000969529611999171,0.204780456157125));
#3802=CARTESIAN_POINT('',(0.0127,0.00159511994742024,0.202955535056433));
#3803=CARTESIAN_POINT('',(0.0127,0.0022207102828408,0.201130613955741));
#3804=CARTESIAN_POINT('',(0.0127,0.00325281325532182,0.193580834922273));
#3805=CARTESIAN_POINT('',(0.0127,0.00325281325532182,0.193580834922273));
#3806=CARTESIAN_POINT('',(0.0127,-0.00432491976002893,0.194382310029853));
#3807=CARTESIAN_POINT('',(0.0127,-0.00256249566209489,0.194774339185316));
#3808=CARTESIAN_POINT('',(0.0127,-0.000800071564160846,0.195166368340778));
#3809=CARTESIAN_POINT('',(0.0127,-0.00224514916947063,0.195943521624742));
#3810=CARTESIAN_POINT('',(0.0127,-0.0036902267747802,0.196720674908706));
#3811=CARTESIAN_POINT('',(0.0127,-0.00586175468562992,0.1960547654829));
#3812=CARTESIAN_POINT('',(0.0127,-0.00739858961123064,0.197727220935947));
#3813=CARTESIAN_POINT('',(0.0127,0.00325281325532179,0.193580834922273));
#3814=CARTESIAN_POINT('',(0.0127,-0.01397,0.18923));
#3815=CARTESIAN_POINT('',(0.0127,0.01397,0.18923));
#3816=CARTESIAN_POINT('',(-0.1016,0.01397,0.18923));
#3817=CARTESIAN_POINT('',(-0.0127,0.01397,0.18923));
#3818=CARTESIAN_POINT('',(-0.0127,0.01397,0.18923));
#3819=CARTESIAN_POINT('',(-0.1016,0.01397,0.18923));
#3820=CARTESIAN_POINT('',(-0.0127,0.,0.18923));
#3821=CARTESIAN_POINT('',(-0.0127,-0.01397,0.18923));
#3822=CARTESIAN_POINT('',(-0.0127,0.00325281325532179,0.193580834922273));
#3823=CARTESIAN_POINT('',(-0.0127,-0.00739858961123064,0.197727220935947));
#3824=CARTESIAN_POINT('',(-0.0127,-0.00586175468562992,0.1960547654829));
#3825=CARTESIAN_POINT('',(-0.0127,-0.0036902267747802,0.196720674908706));
#3826=CARTESIAN_POINT('',(-0.0127,-0.00224514916947063,0.195943521624742));
#3827=CARTESIAN_POINT('',(-0.0127,-0.000800071564160846,0.195166368340778));
#3828=CARTESIAN_POINT('',(-0.0127,-0.00256249566209489,0.194774339185316));
#3829=CARTESIAN_POINT('',(-0.0127,-0.00432491976002893,0.194382310029853));
#3830=CARTESIAN_POINT('',(-0.0127,0.00325281325532182,0.193580834922273));
#3831=CARTESIAN_POINT('',(-0.0127,0.00325281325532182,0.193580834922273));
#3832=CARTESIAN_POINT('',(-0.0127,0.0022207102828408,0.201130613955741));
#3833=CARTESIAN_POINT('',(-0.0127,0.00159511994742024,0.202955535056433));
#3834=CARTESIAN_POINT('',(-0.0127,0.000969529611999171,0.204780456157125));
#3835=CARTESIAN_POINT('',(-0.0127,0.00325281325532179,0.193580834922273));
#3836=CARTESIAN_POINT('',(-0.0127,0.0138223513473638,0.18923));
#3837=CARTESIAN_POINT('',(-0.0127,0.,0.18923));
#3838=CARTESIAN_POINT('',(-7.15573433840434E-19,-0.01397,0.18923));
#3839=CARTESIAN_POINT('',(1.38777878078145E-17,0.,0.18923));
#3840=CARTESIAN_POINT('',(-0.0127,0.0138223513473638,0.18923));
#3841=CARTESIAN_POINT('',(-0.0127,0.00159511994742024,0.202955535056433));
#3842=CARTESIAN_POINT('',(-0.0127,0.000969529611999171,0.204780456157125));
#3843=CARTESIAN_POINT('',(-0.0127,0.0022207102828408,0.201130613955741));
#3844=CARTESIAN_POINT('',(-0.0127,0.00325281325532182,0.193580834922273));
#3845=CARTESIAN_POINT('',(-0.0127,0.00325281325532179,0.193580834922273));
#3846=CARTESIAN_POINT('',(-0.0127,0.00325281325532179,0.193580834922273));
#3847=CARTESIAN_POINT('',(-0.0127,-0.00739858961123064,0.197727220935947));
#3848=CARTESIAN_POINT('',(-0.0127,0.00325281325532182,0.193580834922273));
#3849=CARTESIAN_POINT('',(-0.0127,-0.00432491976002893,0.194382310029853));
#3850=CARTESIAN_POINT('',(-0.0127,-0.00224514916947063,0.195943521624742));
#3851=CARTESIAN_POINT('',(-0.0127,-0.000800071564160846,0.195166368340778));
#3852=CARTESIAN_POINT('',(-0.0127,-0.0036902267747802,0.196720674908706));
#3853=CARTESIAN_POINT('',(-0.0127,-0.00586175468562992,0.1960547654829));
#3854=CARTESIAN_POINT('',(-0.0127,-0.00256249566209489,0.194774339185316));
#3855=CARTESIAN_POINT('',(-0.0635,-0.00381,0.19685));
#3856=CARTESIAN_POINT('',(-0.0635,-0.07112,-0.17145));
#3857=CARTESIAN_POINT('',(-0.0508,0.,0.00635));
#3858=CARTESIAN_POINT('',(-0.0508,0.,0.));
#3859=CARTESIAN_POINT('',(0.1905,-2.08166817117217E-17,0.));
#3860=CARTESIAN_POINT('',(-0.1905,8.32667268468867E-17,0.));
#3861=CARTESIAN_POINT('',(0.1905,-2.08166817117217E-17,0.00635));
#3862=CARTESIAN_POINT('',(0.1905,-2.08166817117217E-17,0.00635));
#3863=CARTESIAN_POINT('',(-0.0508,0.,0.00635));
#3864=CARTESIAN_POINT('',(-0.1905,8.32667268468867E-17,0.00635));
#3865=CARTESIAN_POINT('',(-0.1905,8.32667268468867E-17,0.00635));
#3866=CARTESIAN_POINT('',(0.1778,0.0254,0.00635));
#3867=CARTESIAN_POINT('',(0.1778,0.0254,0.));
#3868=CARTESIAN_POINT('',(0.1651,0.0508,0.));
#3869=CARTESIAN_POINT('',(0.1651,0.0508,0.00635));
#3870=CARTESIAN_POINT('',(0.1651,0.0508,0.00635));
#3871=CARTESIAN_POINT('',(0.1778,0.0254,0.00635));
#3872=CARTESIAN_POINT('',(0.1476375,0.0508,0.00635));
#3873=CARTESIAN_POINT('',(0.1476375,0.0508,0.));
#3874=CARTESIAN_POINT('',(0.130175,0.0508,0.));
#3875=CARTESIAN_POINT('',(0.130175,0.0508,0.00635));
#3876=CARTESIAN_POINT('',(0.130175,0.0508,0.00635));
#3877=CARTESIAN_POINT('',(0.1476375,0.0508,0.00635));
#3878=CARTESIAN_POINT('',(0.130175,0.0492125,0.00635));
#3879=CARTESIAN_POINT('',(0.130175,0.0492125,0.));
#3880=CARTESIAN_POINT('',(0.130175,0.047625,0.));
#3881=CARTESIAN_POINT('',(0.130175,0.047625,0.00635));
#3882=CARTESIAN_POINT('',(0.130175,0.047625,0.00635));
#3883=CARTESIAN_POINT('',(0.130175,0.0492125,0.00635));
#3884=CARTESIAN_POINT('',(0.127,0.047625,0.00635));
#3885=CARTESIAN_POINT('',(0.127,0.047625,0.));
#3886=CARTESIAN_POINT('',(0.123825,0.047625,0.));
#3887=CARTESIAN_POINT('',(0.123825,0.047625,0.00635));
#3888=CARTESIAN_POINT('',(0.123825,0.047625,0.00635));
#3889=CARTESIAN_POINT('',(0.127,0.047625,0.00635));
#3890=CARTESIAN_POINT('',(0.123825,0.0492125,0.00635));
#3891=CARTESIAN_POINT('',(0.123825,0.0492125,0.));
#3892=CARTESIAN_POINT('',(0.123825,0.0508,0.));
#3893=CARTESIAN_POINT('',(0.123825,0.0508,0.00635));
#3894=CARTESIAN_POINT('',(0.123825,0.0508,0.00635));
#3895=CARTESIAN_POINT('',(0.123825,0.0492125,0.00635));
#3896=CARTESIAN_POINT('',(0.1063625,0.0508,0.00635));
#3897=CARTESIAN_POINT('',(0.1063625,0.0508,0.));
#3898=CARTESIAN_POINT('',(0.0889,0.0508,0.));
#3899=CARTESIAN_POINT('',(0.0889,0.0508,0.00635));
#3900=CARTESIAN_POINT('',(0.0889,0.0508,0.00635));
#3901=CARTESIAN_POINT('',(0.1063625,0.0508,0.00635));
#3902=CARTESIAN_POINT('',(0.0889,0.03175,0.00635));
#3903=CARTESIAN_POINT('',(0.0889,0.03175,0.));
#3904=CARTESIAN_POINT('',(0.0889,0.0127,0.));
#3905=CARTESIAN_POINT('',(0.0889,0.0127,0.00635));
#3906=CARTESIAN_POINT('',(0.0889,0.0127,0.00635));
#3907=CARTESIAN_POINT('',(0.0889,0.03175,0.00635));
#3908=CARTESIAN_POINT('',(0.0635,0.0127,0.00635));
#3909=CARTESIAN_POINT('',(0.0635,0.0127,0.));
#3910=CARTESIAN_POINT('',(0.0381,0.0127,0.));
#3911=CARTESIAN_POINT('',(0.0381,0.0127,0.00635));
#3912=CARTESIAN_POINT('',(0.0381,0.0127,0.00635));
#3913=CARTESIAN_POINT('',(0.0635,0.0127,0.00635));
#3914=CARTESIAN_POINT('',(0.0381,0.131117157724682,0.00635));
#3915=CARTESIAN_POINT('',(0.0381,0.131117157724682,0.));
#3916=CARTESIAN_POINT('',(0.0381,0.249534315449365,0.));
#3917=CARTESIAN_POINT('',(0.0381,0.249534315449365,0.00635));
#3918=CARTESIAN_POINT('',(0.0381,0.249534315449365,0.00635));
#3919=CARTESIAN_POINT('',(0.0381,0.131117157724682,0.00635));
#3920=CARTESIAN_POINT('',(0.03175,0.249534315449365,0.00635));
#3921=CARTESIAN_POINT('',(0.03175,0.249534315449365,0.));
#3922=CARTESIAN_POINT('',(0.0269287205749804,0.253666840670811,0.));
#3923=CARTESIAN_POINT('',(0.0269287205749804,0.253666840670811,0.00635));
#3924=CARTESIAN_POINT('',(0.0269287205749804,0.253666840670811,0.00635));
#3925=CARTESIAN_POINT('',(0.03175,0.249534315449365,0.00635));
#3926=CARTESIAN_POINT('',(-0.0817856397125098,0.126833420335405,0.00635));
#3927=CARTESIAN_POINT('',(-0.0817856397125098,0.126833420335405,0.));
#3928=CARTESIAN_POINT('',(-0.0817856397125098,0.126833420335405,0.00635));
#3929=CARTESIAN_POINT('',(-0.1143,0.0254,0.00635));
#3930=CARTESIAN_POINT('',(-0.1143,0.0254,0.00635));
#3931=CARTESIAN_POINT('',(-0.10795,0.0254,0.00635));
#3932=CARTESIAN_POINT('',(-0.1143,0.0254,0.));
#3933=CARTESIAN_POINT('',(-0.10795,0.0254,0.));
#3934=CARTESIAN_POINT('',(0.1397,0.0254,0.00635));
#3935=CARTESIAN_POINT('',(0.1397,0.0254,0.00635));
#3936=CARTESIAN_POINT('',(0.14605,0.0254,0.00635));
#3937=CARTESIAN_POINT('',(0.1397,0.0254,0.));
#3938=CARTESIAN_POINT('',(0.14605,0.0254,0.));
#3939=CARTESIAN_POINT('',(0.,0.127942157724682,0.00635));
#3940=CARTESIAN_POINT('',(0.1016,0.003175,0.00635));
#3941=CARTESIAN_POINT('',(0.10033,0.003175,0.00635));
#3942=CARTESIAN_POINT('',(0.0508,0.003175,0.00635));
#3943=CARTESIAN_POINT('',(0.04953,0.003175,0.00635));
#3944=CARTESIAN_POINT('',(5.55111512312578E-17,0.003175,0.00635));
#3945=CARTESIAN_POINT('',(-0.00126999999999994,0.003175,0.00635));
#3946=CARTESIAN_POINT('',(-0.0508,0.003175,0.00635));
#3947=CARTESIAN_POINT('',(-0.05207,0.003175,0.00635));
#3948=CARTESIAN_POINT('',(-0.1016,0.003175,0.00635));
#3949=CARTESIAN_POINT('',(-0.10033,0.003175,0.00635));
#3950=CARTESIAN_POINT('',(0.,0.127942157724682,0.));
#3951=CARTESIAN_POINT('',(0.1016,0.003175,0.));
#3952=CARTESIAN_POINT('',(0.10033,0.003175,0.));
#3953=CARTESIAN_POINT('',(0.0508,0.003175,0.));
#3954=CARTESIAN_POINT('',(0.04953,0.003175,0.));
#3955=CARTESIAN_POINT('',(5.55111512312578E-17,0.003175,0.));
#3956=CARTESIAN_POINT('',(-0.00126999999999994,0.003175,0.));
#3957=CARTESIAN_POINT('',(-0.0508,0.003175,0.));
#3958=CARTESIAN_POINT('',(-0.05207,0.003175,0.));
#3959=CARTESIAN_POINT('',(-0.1016,0.003175,0.));
#3960=CARTESIAN_POINT('',(-0.10287,0.003175,0.));
#3961=CARTESIAN_POINT('',(-0.1016,0.003175,0.006352));
#3962=CARTESIAN_POINT('',(-0.0508,0.003175,0.006352));
#3963=CARTESIAN_POINT('',(5.55111512312578E-17,0.003175,0.006352));
#3964=CARTESIAN_POINT('',(0.0508,0.003175,0.006352));
#3965=CARTESIAN_POINT('',(0.1016,0.003175,0.006352));
#3966=CARTESIAN_POINT('',(-1.78176682447787E-17,-0.19685,-0.00635));
#3967=CARTESIAN_POINT('',(0.074723183816902,-0.1905,0.118965600996313));
#3968=CARTESIAN_POINT('',(0.181540744735591,-0.1905,-0.000776211133506967));
#3969=CARTESIAN_POINT('',(0.186017647058824,-0.1905,-0.00112058823529408));
#3970=CARTESIAN_POINT('',(0.177063842412359,-0.1905,-0.000431834031719847));
#3971=CARTESIAN_POINT('',(0.0795444632419217,-0.1905,0.123098126217758));
#3972=CARTESIAN_POINT('',(-0.0269287205749803,-0.1905,0.247316840670811));
#3973=CARTESIAN_POINT('',(-0.03175,-0.1905,0.243184315449365));
#3974=CARTESIAN_POINT('',(-0.03175,-0.1905,0.243184315449365));
#3975=CARTESIAN_POINT('',(0.074723183816902,-0.1905,0.118965600996313));
#3976=CARTESIAN_POINT('',(0.0769643602874902,0.1905,0.11635089511396));
#3977=CARTESIAN_POINT('',(0.0817856397125098,0.1905,0.120483420335405));
#3978=CARTESIAN_POINT('',(-0.0269287205749803,0.1905,0.247316840670811));
#3979=CARTESIAN_POINT('',(0.186017647058824,0.1905,-0.00112058823529408));
#3980=CARTESIAN_POINT('',(0.0686227367770845,0.1905,0.00790978947868583));
#3981=CARTESIAN_POINT('',(0.177063842412359,0.1905,-0.000431834031719873));
#3982=CARTESIAN_POINT('',(0.0769643602874902,0.1905,0.11635089511396));
#3983=CARTESIAN_POINT('',(-0.03175,0.1905,0.243184315449365));
#3984=CARTESIAN_POINT('',(-0.03175,0.1905,0.243184315449365));
#3985=CARTESIAN_POINT('',(-0.03175,-0.18415,0.243184315449365));
#3986=CARTESIAN_POINT('',(-0.0269287205749802,-0.18415,0.247316840670811));
#3987=CARTESIAN_POINT('',(-0.03175,-0.18415,0.243184315449365));
#3988=CARTESIAN_POINT('',(0.0756196544051373,0.,0.117919718643372));
#3989=CARTESIAN_POINT('',(0.177063842412359,0.327912949987662,-0.000431834031719847));
#3990=CARTESIAN_POINT('',(0.0804409338301569,0.,0.122052243864817));
#3991=CARTESIAN_POINT('',(0.186017647058824,-0.18415,-0.00112058823529407));
#3992=CARTESIAN_POINT('',(0.181540744735591,0.327912949987662,-0.000776211133506967));
#3993=CARTESIAN_POINT('',(-0.0151051890945647,6.86401720886394E-16,-0.000601297273637653));
#3994=CARTESIAN_POINT('',(0.13335,0.,0.1778));
#3995=CARTESIAN_POINT('',(0.13335,0.,-0.1778));
#3996=CARTESIAN_POINT('',(0.13335,0.01905,-0.1778));
#3997=CARTESIAN_POINT('',(0.13335,-0.01905,-0.1778));
#3998=CARTESIAN_POINT('',(0.13335,0.01905,0.1778));
#3999=CARTESIAN_POINT('',(0.13335,0.01905,0.1778));
#4000=CARTESIAN_POINT('',(0.13335,0.,0.1778));
#4001=CARTESIAN_POINT('',(0.13335,-0.01905,0.1778));
#4002=CARTESIAN_POINT('',(0.13335,-0.01905,0.1778));
#4003=CARTESIAN_POINT('',(0.,0.01905,0.1778));
#4004=CARTESIAN_POINT('',(0.,0.01905,-0.1778));
#4005=CARTESIAN_POINT('',(-0.13335,0.01905,-0.1778));
#4006=CARTESIAN_POINT('',(-0.13335,0.01905,0.1778));
#4007=CARTESIAN_POINT('',(-0.13335,0.01905,0.1778));
#4008=CARTESIAN_POINT('',(0.,0.01905,0.1778));
#4009=CARTESIAN_POINT('',(-0.13335,0.,0.1778));
#4010=CARTESIAN_POINT('',(-0.13335,0.,-0.1778));
#4011=CARTESIAN_POINT('',(-0.13335,-0.01905,-0.1778));
#4012=CARTESIAN_POINT('',(-0.13335,-0.01905,0.1778));
#4013=CARTESIAN_POINT('',(-0.13335,-0.01905,0.1778));
#4014=CARTESIAN_POINT('',(-0.13335,0.,0.1778));
#4015=CARTESIAN_POINT('',(0.,-0.01905,0.1778));
#4016=CARTESIAN_POINT('',(0.,-0.01905,-0.1778));
#4017=CARTESIAN_POINT('',(0.,-0.01905,0.1778));
#4018=CARTESIAN_POINT('',(0.,0.,0.1778));
#4019=CARTESIAN_POINT('',(0.,0.,-0.1778));
#4020=CARTESIAN_POINT('',(-0.0635,-0.00381,0.19685));
#4021=CARTESIAN_POINT('',(-3.46944695195361E-18,0.1905,-0.00635));
#4022=MECHANICAL_DESIGN_GEOMETRIC_PRESENTATION_REPRESENTATION('',(#2378,
#2379,#2380,#2381,#2382,#2383,#2384,#2385,#2386),#4023);
#4023=(
GEOMETRIC_REPRESENTATION_CONTEXT(3)
GLOBAL_UNCERTAINTY_ASSIGNED_CONTEXT((#4033))
GLOBAL_UNIT_ASSIGNED_CONTEXT((#4045,#4044,#4043))
REPRESENTATION_CONTEXT('Chassis Assembly','TOP_LEVEL_ASSEMBLY_PART')
);
#4024=(
GEOMETRIC_REPRESENTATION_CONTEXT(3)
GLOBAL_UNCERTAINTY_ASSIGNED_CONTEXT((#4034))
GLOBAL_UNIT_ASSIGNED_CONTEXT((#4045,#4044,#4043))
REPRESENTATION_CONTEXT('Slot Piece inner','COMPONENT_PART')
);
#4025=(
GEOMETRIC_REPRESENTATION_CONTEXT(3)
GLOBAL_UNCERTAINTY_ASSIGNED_CONTEXT((#4035))
GLOBAL_UNIT_ASSIGNED_CONTEXT((#4045,#4044,#4043))
REPRESENTATION_CONTEXT('Slot Piece','COMPONENT_PART')
);
#4026=(
GEOMETRIC_REPRESENTATION_CONTEXT(3)
GLOBAL_UNCERTAINTY_ASSIGNED_CONTEXT((#4036))
GLOBAL_UNIT_ASSIGNED_CONTEXT((#4045,#4044,#4043))
REPRESENTATION_CONTEXT('Cover','COMPONENT_PART')
);
#4027=(
GEOMETRIC_REPRESENTATION_CONTEXT(3)
GLOBAL_UNCERTAINTY_ASSIGNED_CONTEXT((#4037))
GLOBAL_UNIT_ASSIGNED_CONTEXT((#4045,#4044,#4043))
REPRESENTATION_CONTEXT('Base','COMPONENT_PART')
);
#4028=(
GEOMETRIC_REPRESENTATION_CONTEXT(3)
GLOBAL_UNCERTAINTY_ASSIGNED_CONTEXT((#4038))
GLOBAL_UNIT_ASSIGNED_CONTEXT((#4045,#4044,#4043))
REPRESENTATION_CONTEXT('Wood Spring Piece','COMPONENT_PART')
);
#4029=(
GEOMETRIC_REPRESENTATION_CONTEXT(3)
GLOBAL_UNCERTAINTY_ASSIGNED_CONTEXT((#4039))
GLOBAL_UNIT_ASSIGNED_CONTEXT((#4045,#4044,#4043))
REPRESENTATION_CONTEXT('Claw Piece','COMPONENT_PART')
);
#4030=(
GEOMETRIC_REPRESENTATION_CONTEXT(3)
GLOBAL_UNCERTAINTY_ASSIGNED_CONTEXT((#4040))
GLOBAL_UNIT_ASSIGNED_CONTEXT((#4045,#4044,#4043))
REPRESENTATION_CONTEXT('Side Panel','COMPONENT_PART')
);
#4031=(
GEOMETRIC_REPRESENTATION_CONTEXT(3)
GLOBAL_UNCERTAINTY_ASSIGNED_CONTEXT((#4041))
GLOBAL_UNIT_ASSIGNED_CONTEXT((#4045,#4044,#4043))
REPRESENTATION_CONTEXT('Slot Board','COMPONENT_PART')
);
#4032=(
GEOMETRIC_REPRESENTATION_CONTEXT(3)
GLOBAL_UNCERTAINTY_ASSIGNED_CONTEXT((#4042))
GLOBAL_UNIT_ASSIGNED_CONTEXT((#4045,#4044,#4043))
REPRESENTATION_CONTEXT('Wood','COMPONENT_PART')
);
#4033=UNCERTAINTY_MEASURE_WITH_UNIT(LENGTH_MEASURE(1.E-8),#4045,
'DISTANCE_ACCURACY_VALUE','Maximum Tolerance applied to model');
#4034=UNCERTAINTY_MEASURE_WITH_UNIT(LENGTH_MEASURE(1.E-8),#4045,
'DISTANCE_ACCURACY_VALUE','Maximum Tolerance applied to model');
#4035=UNCERTAINTY_MEASURE_WITH_UNIT(LENGTH_MEASURE(1.E-8),#4045,
'DISTANCE_ACCURACY_VALUE','Maximum Tolerance applied to model');
#4036=UNCERTAINTY_MEASURE_WITH_UNIT(LENGTH_MEASURE(1.E-8),#4045,
'DISTANCE_ACCURACY_VALUE','Maximum Tolerance applied to model');
#4037=UNCERTAINTY_MEASURE_WITH_UNIT(LENGTH_MEASURE(1.E-8),#4045,
'DISTANCE_ACCURACY_VALUE','Maximum Tolerance applied to model');
#4038=UNCERTAINTY_MEASURE_WITH_UNIT(LENGTH_MEASURE(1.E-8),#4045,
'DISTANCE_ACCURACY_VALUE','Maximum Tolerance applied to model');
#4039=UNCERTAINTY_MEASURE_WITH_UNIT(LENGTH_MEASURE(1.E-8),#4045,
'DISTANCE_ACCURACY_VALUE','Maximum Tolerance applied to model');
#4040=UNCERTAINTY_MEASURE_WITH_UNIT(LENGTH_MEASURE(1.E-8),#4045,
'DISTANCE_ACCURACY_VALUE','Maximum Tolerance applied to model');
#4041=UNCERTAINTY_MEASURE_WITH_UNIT(LENGTH_MEASURE(1.E-8),#4045,
'DISTANCE_ACCURACY_VALUE','Maximum Tolerance applied to model');
#4042=UNCERTAINTY_MEASURE_WITH_UNIT(LENGTH_MEASURE(1.E-8),#4045,
'DISTANCE_ACCURACY_VALUE','Maximum Tolerance applied to model');
#4043=(
NAMED_UNIT(*)
SI_UNIT($,.STERADIAN.)
SOLID_ANGLE_UNIT()
);
#4044=(
NAMED_UNIT(*)
PLANE_ANGLE_UNIT()
SI_UNIT($,.RADIAN.)
);
#4045=(
LENGTH_UNIT()
NAMED_UNIT(*)
SI_UNIT($,.METRE.)
);
#4046=PRODUCT_DEFINITION_SHAPE('','',#4069);
#4047=PRODUCT_DEFINITION_SHAPE('','',#4070);
#4048=PRODUCT_DEFINITION_SHAPE(' ','NAUO PRDDFN',#134);
#4049=PRODUCT_DEFINITION_SHAPE('','',#4071);
#4050=PRODUCT_DEFINITION_SHAPE(' ','NAUO PRDDFN',#135);
#4051=PRODUCT_DEFINITION_SHAPE('','',#4072);
#4052=PRODUCT_DEFINITION_SHAPE(' ','NAUO PRDDFN',#136);
#4053=PRODUCT_DEFINITION_SHAPE('','',#4073);
#4054=PRODUCT_DEFINITION_SHAPE(' ','NAUO PRDDFN',#137);
#4055=PRODUCT_DEFINITION_SHAPE('','',#4074);
#4056=PRODUCT_DEFINITION_SHAPE(' ','NAUO PRDDFN',#138);
#4057=PRODUCT_DEFINITION_SHAPE(' ','NAUO PRDDFN',#139);
#4058=PRODUCT_DEFINITION_SHAPE(' ','NAUO PRDDFN',#140);
#4059=PRODUCT_DEFINITION_SHAPE('','',#4075);
#4060=PRODUCT_DEFINITION_SHAPE(' ','NAUO PRDDFN',#141);
#4061=PRODUCT_DEFINITION_SHAPE(' ','NAUO PRDDFN',#142);
#4062=PRODUCT_DEFINITION_SHAPE('','',#4076);
#4063=PRODUCT_DEFINITION_SHAPE(' ','NAUO PRDDFN',#143);
#4064=PRODUCT_DEFINITION_SHAPE('','',#4077);
#4065=PRODUCT_DEFINITION_SHAPE(' ','NAUO PRDDFN',#144);
#4066=PRODUCT_DEFINITION_SHAPE('','',#4078);
#4067=PRODUCT_DEFINITION_SHAPE(' ','NAUO PRDDFN',#145);
#4068=PRODUCT_DEFINITION_SHAPE(' ','NAUO PRDDFN',#146);
#4069=PRODUCT_DEFINITION('','',#4089,#4079);
#4070=PRODUCT_DEFINITION('','',#4090,#4080);
#4071=PRODUCT_DEFINITION('','',#4091,#4081);
#4072=PRODUCT_DEFINITION('','',#4092,#4082);
#4073=PRODUCT_DEFINITION('','',#4093,#4083);
#4074=PRODUCT_DEFINITION('','',#4094,#4084);
#4075=PRODUCT_DEFINITION('','',#4095,#4085);
#4076=PRODUCT_DEFINITION('','',#4096,#4086);
#4077=PRODUCT_DEFINITION('','',#4097,#4087);
#4078=PRODUCT_DEFINITION('','',#4098,#4088);
#4079=PRODUCT_DEFINITION_CONTEXT('',#4140,'design');
#4080=PRODUCT_DEFINITION_CONTEXT('',#4140,'design');
#4081=PRODUCT_DEFINITION_CONTEXT('',#4140,'design');
#4082=PRODUCT_DEFINITION_CONTEXT('',#4140,'design');
#4083=PRODUCT_DEFINITION_CONTEXT('',#4140,'design');
#4084=PRODUCT_DEFINITION_CONTEXT('',#4140,'design');
#4085=PRODUCT_DEFINITION_CONTEXT('',#4140,'design');
#4086=PRODUCT_DEFINITION_CONTEXT('',#4140,'design');
#4087=PRODUCT_DEFINITION_CONTEXT('',#4140,'design');
#4088=PRODUCT_DEFINITION_CONTEXT('',#4140,'design');
#4089=PRODUCT_DEFINITION_FORMATION_WITH_SPECIFIED_SOURCE('','',#4109,
 .NOT_KNOWN.);
#4090=PRODUCT_DEFINITION_FORMATION_WITH_SPECIFIED_SOURCE('','',#4110,
 .NOT_KNOWN.);
#4091=PRODUCT_DEFINITION_FORMATION_WITH_SPECIFIED_SOURCE('','',#4111,
 .NOT_KNOWN.);
#4092=PRODUCT_DEFINITION_FORMATION_WITH_SPECIFIED_SOURCE('','',#4112,
 .NOT_KNOWN.);
#4093=PRODUCT_DEFINITION_FORMATION_WITH_SPECIFIED_SOURCE('','',#4113,
 .NOT_KNOWN.);
#4094=PRODUCT_DEFINITION_FORMATION_WITH_SPECIFIED_SOURCE('','',#4114,
 .NOT_KNOWN.);
#4095=PRODUCT_DEFINITION_FORMATION_WITH_SPECIFIED_SOURCE('','',#4115,
 .NOT_KNOWN.);
#4096=PRODUCT_DEFINITION_FORMATION_WITH_SPECIFIED_SOURCE('','',#4116,
 .NOT_KNOWN.);
#4097=PRODUCT_DEFINITION_FORMATION_WITH_SPECIFIED_SOURCE('','',#4117,
 .NOT_KNOWN.);
#4098=PRODUCT_DEFINITION_FORMATION_WITH_SPECIFIED_SOURCE('','',#4118,
 .NOT_KNOWN.);
#4099=PRODUCT_RELATED_PRODUCT_CATEGORY('','',(#4109));
#4100=PRODUCT_RELATED_PRODUCT_CATEGORY('','',(#4110));
#4101=PRODUCT_RELATED_PRODUCT_CATEGORY('','',(#4111));
#4102=PRODUCT_RELATED_PRODUCT_CATEGORY('','',(#4112));
#4103=PRODUCT_RELATED_PRODUCT_CATEGORY('','',(#4113));
#4104=PRODUCT_RELATED_PRODUCT_CATEGORY('','',(#4114));
#4105=PRODUCT_RELATED_PRODUCT_CATEGORY('','',(#4115));
#4106=PRODUCT_RELATED_PRODUCT_CATEGORY('','',(#4116));
#4107=PRODUCT_RELATED_PRODUCT_CATEGORY('','',(#4117));
#4108=PRODUCT_RELATED_PRODUCT_CATEGORY('','',(#4118));
#4109=PRODUCT('Chassis Assembly','Chassis Assembly','Chassis Assembly',
(#4129));
#4110=PRODUCT('Slot Piece inner','Slot Piece inner','Slot Piece inner',
(#4130));
#4111=PRODUCT('Slot Piece','Slot Piece','Slot Piece',(#4131));
#4112=PRODUCT('Cover','Cover','Cover',(#4132));
#4113=PRODUCT('Base','Base','Base',(#4133));
#4114=PRODUCT('Wood Spring Piece','Wood Spring Piece',
'Wood Spring Piece',(#4134));
#4115=PRODUCT('Claw Piece','Claw Piece','Claw Piece',(#4135));
#4116=PRODUCT('Side Panel','Side Panel','Side Panel',(#4136));
#4117=PRODUCT('Slot Board','Slot Board','Slot Board',(#4137));
#4118=PRODUCT('Wood','Wood','Wood',(#4138));
#4119=PRODUCT_CATEGORY('','');
#4120=PRODUCT_CATEGORY('','');
#4121=PRODUCT_CATEGORY('','');
#4122=PRODUCT_CATEGORY('','');
#4123=PRODUCT_CATEGORY('','');
#4124=PRODUCT_CATEGORY('','');
#4125=PRODUCT_CATEGORY('','');
#4126=PRODUCT_CATEGORY('','');
#4127=PRODUCT_CATEGORY('','');
#4128=PRODUCT_CATEGORY('','');
#4129=PRODUCT_CONTEXT('',#4140,'mechanical');
#4130=PRODUCT_CONTEXT('',#4140,'mechanical');
#4131=PRODUCT_CONTEXT('',#4140,'mechanical');
#4132=PRODUCT_CONTEXT('',#4140,'mechanical');
#4133=PRODUCT_CONTEXT('',#4140,'mechanical');
#4134=PRODUCT_CONTEXT('',#4140,'mechanical');
#4135=PRODUCT_CONTEXT('',#4140,'mechanical');
#4136=PRODUCT_CONTEXT('',#4140,'mechanical');
#4137=PRODUCT_CONTEXT('',#4140,'mechanical');
#4138=PRODUCT_CONTEXT('',#4140,'mechanical');
#4139=APPLICATION_PROTOCOL_DEFINITION('international standard',
'ap242_managed_model_based_3d_engineering',2020,#4140);
#4140=APPLICATION_CONTEXT('managed model based 3d engineering');
ENDSEC;
END-ISO-10303-21;
