ISO-10303-21;
HEADER;
/* Generated by software containing ST-Developer
 * from STEP Tools, Inc. (www.steptools.com) 
 */
/* OPTION: using custom renumber hook */

FILE_DESCRIPTION(
/* description */ ('STEP AP242 Edition 2',
'CAx-IF Rec.Pracs.---Representation and Presentation of Product Manufa
cturing Information (PMI)---4.0---2014-10-13',
'CAx-IF Rec.Pracs.---3D Tessellated Geometry---0.4---2014-09-14','2;1',
'CAx-IF Rec.Pracs.---User Defined Attributes---1.5---2016-08-15'),
/* implementation_level */ '2;1');

FILE_NAME(
/* name */ '6a74f2f410077e304cb0d32f',
/* time_stamp */ '2026-08-06T20:47:49Z',
/* author */ (''),
/* organization */ (''),
/* preprocessor_version */ 'ST-DEVELOPER v20',
/* originating_system */ 'ONSHAPE BY PTC INC, 1.218',
/* authorisation */ '  ');

FILE_SCHEMA (('AP242_MANAGED_MODEL_BASED_3D_ENGINEERING_MIM_LF { 1 0 10303 442 3 1 4 }'));
ENDSEC;

DATA;
#10=VERTEX_LOOP('',#1236);
#11=CONICAL_SURFACE('',#2299,0.0024892,1.02974425867665);
#12=LINE('',#3056,#157);
#13=LINE('',#3059,#158);
#14=LINE('',#3061,#159);
#15=LINE('',#3063,#160);
#16=LINE('',#3097,#161);
#17=LINE('',#3100,#162);
#18=LINE('',#3102,#163);
#19=LINE('',#3104,#164);
#20=LINE('',#3106,#165);
#21=LINE('',#3109,#166);
#22=LINE('',#3110,#167);
#23=LINE('',#3112,#168);
#24=LINE('',#3114,#169);
#25=LINE('',#3116,#170);
#26=LINE('',#3118,#171);
#27=LINE('',#3152,#172);
#28=LINE('',#3170,#173);
#29=LINE('',#3173,#174);
#30=LINE('',#3175,#175);
#31=LINE('',#3177,#176);
#32=LINE('',#3179,#177);
#33=LINE('',#3181,#178);
#34=LINE('',#3183,#179);
#35=LINE('',#3185,#180);
#36=LINE('',#3186,#181);
#37=LINE('',#3188,#182);
#38=LINE('',#3190,#183);
#39=LINE('',#3192,#184);
#40=LINE('',#3194,#185);
#41=LINE('',#3196,#186);
#42=LINE('',#3197,#187);
#43=LINE('',#3199,#188);
#44=LINE('',#3200,#189);
#45=LINE('',#3202,#190);
#46=LINE('',#3207,#191);
#47=LINE('',#3212,#192);
#48=LINE('',#3225,#193);
#49=LINE('',#3228,#194);
#50=LINE('',#3230,#195);
#51=LINE('',#3232,#196);
#52=LINE('',#3234,#197);
#53=LINE('',#3236,#198);
#54=LINE('',#3238,#199);
#55=LINE('',#3240,#200);
#56=LINE('',#3242,#201);
#57=LINE('',#3244,#202);
#58=LINE('',#3246,#203);
#59=LINE('',#3248,#204);
#60=LINE('',#3250,#205);
#61=LINE('',#3252,#206);
#62=LINE('',#3254,#207);
#63=LINE('',#3256,#208);
#64=LINE('',#3258,#209);
#65=LINE('',#3260,#210);
#66=LINE('',#3262,#211);
#67=LINE('',#3264,#212);
#68=LINE('',#3265,#213);
#69=LINE('',#3288,#214);
#70=LINE('',#3291,#215);
#71=LINE('',#3293,#216);
#72=LINE('',#3295,#217);
#73=LINE('',#3305,#218);
#74=LINE('',#3307,#219);
#75=LINE('',#3309,#220);
#76=LINE('',#3311,#221);
#77=LINE('',#3313,#222);
#78=LINE('',#3316,#223);
#79=LINE('',#3318,#224);
#80=LINE('',#3320,#225);
#81=LINE('',#3322,#226);
#82=LINE('',#3325,#227);
#83=LINE('',#3327,#228);
#84=LINE('',#3329,#229);
#85=LINE('',#3331,#230);
#86=LINE('',#3334,#231);
#87=LINE('',#3336,#232);
#88=LINE('',#3338,#233);
#89=LINE('',#3340,#234);
#90=LINE('',#3342,#235);
#91=LINE('',#3344,#236);
#92=LINE('',#3346,#237);
#93=LINE('',#3349,#238);
#94=LINE('',#3351,#239);
#95=LINE('',#3353,#240);
#96=LINE('',#3355,#241);
#97=LINE('',#3356,#242);
#98=LINE('',#3358,#243);
#99=LINE('',#3359,#244);
#100=LINE('',#3361,#245);
#101=LINE('',#3362,#246);
#102=LINE('',#3364,#247);
#103=LINE('',#3365,#248);
#104=LINE('',#3383,#249);
#105=LINE('',#3385,#250);
#106=LINE('',#3386,#251);
#107=LINE('',#3396,#252);
#108=LINE('',#3398,#253);
#109=LINE('',#3412,#254);
#110=LINE('',#3415,#255);
#111=LINE('',#3417,#256);
#112=LINE('',#3419,#257);
#113=LINE('',#3447,#258);
#114=LINE('',#3451,#259);
#115=LINE('',#3453,#260);
#116=LINE('',#3456,#261);
#117=LINE('',#3458,#262);
#118=LINE('',#3460,#263);
#119=LINE('',#3462,#264);
#120=LINE('',#3464,#265);
#121=LINE('',#3466,#266);
#122=LINE('',#3468,#267);
#123=LINE('',#3470,#268);
#124=LINE('',#3472,#269);
#125=LINE('',#3474,#270);
#126=LINE('',#3476,#271);
#127=LINE('',#3478,#272);
#128=LINE('',#3480,#273);
#129=LINE('',#3481,#274);
#130=LINE('',#3482,#275);
#131=LINE('',#3484,#276);
#132=LINE('',#3486,#277);
#133=LINE('',#3489,#278);
#134=LINE('',#3491,#279);
#135=LINE('',#3493,#280);
#136=LINE('',#3495,#281);
#137=LINE('',#3497,#282);
#138=LINE('',#3498,#283);
#139=LINE('',#3501,#284);
#140=LINE('',#3515,#285);
#141=LINE('',#3517,#286);
#142=LINE('',#3531,#287);
#143=LINE('',#3533,#288);
#144=LINE('',#3535,#289);
#145=LINE('',#3537,#290);
#146=LINE('',#3539,#291);
#147=LINE('',#3541,#292);
#148=LINE('',#3543,#293);
#149=LINE('',#3545,#294);
#150=LINE('',#3547,#295);
#151=LINE('',#3568,#296);
#152=LINE('',#3571,#297);
#153=LINE('',#3572,#298);
#154=LINE('',#3580,#299);
#155=LINE('',#3582,#300);
#156=LINE('',#3584,#301);
#157=VECTOR('',#2469,1.);
#158=VECTOR('',#2470,1.);
#159=VECTOR('',#2471,1.);
#160=VECTOR('',#2472,1.);
#161=VECTOR('',#2507,1.);
#162=VECTOR('',#2508,1.);
#163=VECTOR('',#2509,1.);
#164=VECTOR('',#2510,1.);
#165=VECTOR('',#2513,1.);
#166=VECTOR('',#2514,1.);
#167=VECTOR('',#2515,1.);
#168=VECTOR('',#2518,1.);
#169=VECTOR('',#2519,1.);
#170=VECTOR('',#2522,1.);
#171=VECTOR('',#2523,1.);
#172=VECTOR('',#2558,1.);
#173=VECTOR('',#2593,1.);
#174=VECTOR('',#2594,1.);
#175=VECTOR('',#2595,1.);
#176=VECTOR('',#2596,1.);
#177=VECTOR('',#2599,1.);
#178=VECTOR('',#2600,1.);
#179=VECTOR('',#2601,1.);
#180=VECTOR('',#2602,1.);
#181=VECTOR('',#2603,1.);
#182=VECTOR('',#2604,1.);
#183=VECTOR('',#2607,1.);
#184=VECTOR('',#2608,1.);
#185=VECTOR('',#2609,1.);
#186=VECTOR('',#2612,1.);
#187=VECTOR('',#2613,1.);
#188=VECTOR('',#2614,1.);
#189=VECTOR('',#2615,1.);
#190=VECTOR('',#2616,1.);
#191=VECTOR('',#2623,1.);
#192=VECTOR('',#2630,1.);
#193=VECTOR('',#2649,1.);
#194=VECTOR('',#2650,1.);
#195=VECTOR('',#2651,1.);
#196=VECTOR('',#2652,1.);
#197=VECTOR('',#2655,1.);
#198=VECTOR('',#2656,1.);
#199=VECTOR('',#2657,1.);
#200=VECTOR('',#2660,1.);
#201=VECTOR('',#2661,1.);
#202=VECTOR('',#2662,1.);
#203=VECTOR('',#2665,1.);
#204=VECTOR('',#2666,1.);
#205=VECTOR('',#2667,1.);
#206=VECTOR('',#2670,1.);
#207=VECTOR('',#2671,1.);
#208=VECTOR('',#2672,1.);
#209=VECTOR('',#2675,1.);
#210=VECTOR('',#2676,1.);
#211=VECTOR('',#2677,1.);
#212=VECTOR('',#2680,1.);
#213=VECTOR('',#2681,1.);
#214=VECTOR('',#2714,1.);
#215=VECTOR('',#2715,1.);
#216=VECTOR('',#2716,1.);
#217=VECTOR('',#2717,1.);
#218=VECTOR('',#2728,1.);
#219=VECTOR('',#2729,1.);
#220=VECTOR('',#2730,1.);
#221=VECTOR('',#2731,1.);
#222=VECTOR('',#2734,1.);
#223=VECTOR('',#2735,1.);
#224=VECTOR('',#2736,1.);
#225=VECTOR('',#2737,1.);
#226=VECTOR('',#2740,1.);
#227=VECTOR('',#2741,1.);
#228=VECTOR('',#2742,1.);
#229=VECTOR('',#2743,1.);
#230=VECTOR('',#2746,1.);
#231=VECTOR('',#2747,1.);
#232=VECTOR('',#2748,1.);
#233=VECTOR('',#2749,1.);
#234=VECTOR('',#2752,1.);
#235=VECTOR('',#2753,1.);
#236=VECTOR('',#2754,1.);
#237=VECTOR('',#2757,1.);
#238=VECTOR('',#2758,1.);
#239=VECTOR('',#2759,1.);
#240=VECTOR('',#2760,1.);
#241=VECTOR('',#2763,1.);
#242=VECTOR('',#2764,1.);
#243=VECTOR('',#2767,1.);
#244=VECTOR('',#2768,1.);
#245=VECTOR('',#2771,1.);
#246=VECTOR('',#2772,1.);
#247=VECTOR('',#2773,1.);
#248=VECTOR('',#2774,1.);
#249=VECTOR('',#2793,1.);
#250=VECTOR('',#2796,1.);
#251=VECTOR('',#2797,1.);
#252=VECTOR('',#2808,1.);
#253=VECTOR('',#2811,1.);
#254=VECTOR('',#2838,1.);
#255=VECTOR('',#2839,1.);
#256=VECTOR('',#2840,1.);
#257=VECTOR('',#2841,1.);
#258=VECTOR('',#2868,1.);
#259=VECTOR('',#2871,1.);
#260=VECTOR('',#2874,1.);
#261=VECTOR('',#2875,1.);
#262=VECTOR('',#2876,1.);
#263=VECTOR('',#2877,1.);
#264=VECTOR('',#2878,1.);
#265=VECTOR('',#2879,1.);
#266=VECTOR('',#2882,1.);
#267=VECTOR('',#2883,1.);
#268=VECTOR('',#2884,1.);
#269=VECTOR('',#2887,1.);
#270=VECTOR('',#2888,1.);
#271=VECTOR('',#2889,1.);
#272=VECTOR('',#2892,1.);
#273=VECTOR('',#2893,1.);
#274=VECTOR('',#2894,1.);
#275=VECTOR('',#2895,1.);
#276=VECTOR('',#2896,1.);
#277=VECTOR('',#2899,1.);
#278=VECTOR('',#2900,1.);
#279=VECTOR('',#2901,1.);
#280=VECTOR('',#2902,1.);
#281=VECTOR('',#2903,1.);
#282=VECTOR('',#2904,1.);
#283=VECTOR('',#2905,1.);
#284=VECTOR('',#2910,1.);
#285=VECTOR('',#2925,1.);
#286=VECTOR('',#2928,1.);
#287=VECTOR('',#2943,1.);
#288=VECTOR('',#2946,1.);
#289=VECTOR('',#2947,1.);
#290=VECTOR('',#2948,1.);
#291=VECTOR('',#2951,1.);
#292=VECTOR('',#2952,1.);
#293=VECTOR('',#2953,1.);
#294=VECTOR('',#2956,1.);
#295=VECTOR('',#2959,1.);
#296=VECTOR('',#2994,1.);
#297=VECTOR('',#2995,1.);
#298=VECTOR('',#2996,1.);
#299=VECTOR('',#3005,1.);
#300=VECTOR('',#3006,1.);
#301=VECTOR('',#3007,1.);
#302=CONTEXT_DEPENDENT_SHAPE_REPRESENTATION(#316,#3614);
#303=CONTEXT_DEPENDENT_SHAPE_REPRESENTATION(#317,#3616);
#304=CONTEXT_DEPENDENT_SHAPE_REPRESENTATION(#318,#3618);
#305=CONTEXT_DEPENDENT_SHAPE_REPRESENTATION(#319,#3620);
#306=CONTEXT_DEPENDENT_SHAPE_REPRESENTATION(#320,#3622);
#307=CONTEXT_DEPENDENT_SHAPE_REPRESENTATION(#321,#3623);
#308=CONTEXT_DEPENDENT_SHAPE_REPRESENTATION(#322,#3625);
#309=NEXT_ASSEMBLY_USAGE_OCCURRENCE('NAUO1','Simulation Pole',
'Simulation Pole',#3626,#3627,'');
#310=NEXT_ASSEMBLY_USAGE_OCCURRENCE('NAUO2','Part 1','Part 1',#3626,#3628,
'');
#311=NEXT_ASSEMBLY_USAGE_OCCURRENCE('NAUO3','Long Screw','Long Screw',#3626,
#3629,'');
#312=NEXT_ASSEMBLY_USAGE_OCCURRENCE('NAUO4','Part 2','Part 2',#3626,#3630,
'');
#313=NEXT_ASSEMBLY_USAGE_OCCURRENCE('NAUO5','Top Clip','Top Clip',#3626,
#3631,'');
#314=NEXT_ASSEMBLY_USAGE_OCCURRENCE('NAUO6','Simulation Pole',
'Simulation Pole',#3626,#3627,'');
#315=NEXT_ASSEMBLY_USAGE_OCCURRENCE('NAUO7','Clip Wheel','Clip Wheel',#3626,
#3632,'');
#316=(
REPRESENTATION_RELATIONSHIP(' ',' ',#2191,#2190)
REPRESENTATION_RELATIONSHIP_WITH_TRANSFORMATION(#323)
SHAPE_REPRESENTATION_RELATIONSHIP()
);
#317=(
REPRESENTATION_RELATIONSHIP(' ',' ',#2192,#2190)
REPRESENTATION_RELATIONSHIP_WITH_TRANSFORMATION(#324)
SHAPE_REPRESENTATION_RELATIONSHIP()
);
#318=(
REPRESENTATION_RELATIONSHIP(' ',' ',#2193,#2190)
REPRESENTATION_RELATIONSHIP_WITH_TRANSFORMATION(#325)
SHAPE_REPRESENTATION_RELATIONSHIP()
);
#319=(
REPRESENTATION_RELATIONSHIP(' ',' ',#2194,#2190)
REPRESENTATION_RELATIONSHIP_WITH_TRANSFORMATION(#326)
SHAPE_REPRESENTATION_RELATIONSHIP()
);
#320=(
REPRESENTATION_RELATIONSHIP(' ',' ',#2195,#2190)
REPRESENTATION_RELATIONSHIP_WITH_TRANSFORMATION(#327)
SHAPE_REPRESENTATION_RELATIONSHIP()
);
#321=(
REPRESENTATION_RELATIONSHIP(' ',' ',#2191,#2190)
REPRESENTATION_RELATIONSHIP_WITH_TRANSFORMATION(#328)
SHAPE_REPRESENTATION_RELATIONSHIP()
);
#322=(
REPRESENTATION_RELATIONSHIP(' ',' ',#2196,#2190)
REPRESENTATION_RELATIONSHIP_WITH_TRANSFORMATION(#329)
SHAPE_REPRESENTATION_RELATIONSHIP()
);
#323=ITEM_DEFINED_TRANSFORMATION(' ',' ',#2197,#2217);
#324=ITEM_DEFINED_TRANSFORMATION(' ',' ',#2197,#2284);
#325=ITEM_DEFINED_TRANSFORMATION(' ',' ',#2197,#2302);
#326=ITEM_DEFINED_TRANSFORMATION(' ',' ',#2197,#2311);
#327=ITEM_DEFINED_TRANSFORMATION(' ',' ',#2197,#2352);
#328=ITEM_DEFINED_TRANSFORMATION(' ',' ',#2197,#2353);
#329=ITEM_DEFINED_TRANSFORMATION(' ',' ',#2197,#2424);
#330=SHAPE_REPRESENTATION_RELATIONSHIP('','',#2191,#336);
#331=SHAPE_REPRESENTATION_RELATIONSHIP('','',#2192,#337);
#332=SHAPE_REPRESENTATION_RELATIONSHIP('','',#2193,#338);
#333=SHAPE_REPRESENTATION_RELATIONSHIP('','',#2194,#339);
#334=SHAPE_REPRESENTATION_RELATIONSHIP('','',#2195,#340);
#335=SHAPE_REPRESENTATION_RELATIONSHIP('','',#2196,#341);
#336=ADVANCED_BREP_SHAPE_REPRESENTATION('',(#2177),#3596);
#337=ADVANCED_BREP_SHAPE_REPRESENTATION('',(#2178),#3597);
#338=ADVANCED_BREP_SHAPE_REPRESENTATION('',(#2179),#3598);
#339=ADVANCED_BREP_SHAPE_REPRESENTATION('',(#2180),#3599);
#340=ADVANCED_BREP_SHAPE_REPRESENTATION('',(#2181),#3600);
#341=ADVANCED_BREP_SHAPE_REPRESENTATION('',(#2182),#3601);
#342=PLANE('',#2202);
#343=PLANE('',#2203);
#344=PLANE('',#2208);
#345=PLANE('',#2214);
#346=PLANE('',#2218);
#347=PLANE('',#2219);
#348=PLANE('',#2236);
#349=PLANE('',#2237);
#350=PLANE('',#2238);
#351=PLANE('',#2239);
#352=PLANE('',#2272);
#353=PLANE('',#2273);
#354=PLANE('',#2274);
#355=PLANE('',#2275);
#356=PLANE('',#2276);
#357=PLANE('',#2277);
#358=PLANE('',#2279);
#359=PLANE('',#2280);
#360=PLANE('',#2282);
#361=PLANE('',#2288);
#362=PLANE('',#2290);
#363=PLANE('',#2291);
#364=PLANE('',#2292);
#365=PLANE('',#2293);
#366=PLANE('',#2294);
#367=PLANE('',#2295);
#368=PLANE('',#2296);
#369=PLANE('',#2297);
#370=PLANE('',#2298);
#371=PLANE('',#2309);
#372=PLANE('',#2310);
#373=PLANE('',#2312);
#374=PLANE('',#2313);
#375=PLANE('',#2318);
#376=PLANE('',#2319);
#377=PLANE('',#2320);
#378=PLANE('',#2321);
#379=PLANE('',#2322);
#380=PLANE('',#2323);
#381=PLANE('',#2324);
#382=PLANE('',#2325);
#383=PLANE('',#2326);
#384=PLANE('',#2335);
#385=PLANE('',#2340);
#386=PLANE('',#2341);
#387=PLANE('',#2350);
#388=PLANE('',#2351);
#389=PLANE('',#2354);
#390=PLANE('',#2369);
#391=PLANE('',#2370);
#392=PLANE('',#2371);
#393=PLANE('',#2372);
#394=PLANE('',#2373);
#395=PLANE('',#2374);
#396=PLANE('',#2375);
#397=PLANE('',#2376);
#398=PLANE('',#2383);
#399=PLANE('',#2384);
#400=PLANE('',#2391);
#401=PLANE('',#2392);
#402=PLANE('',#2393);
#403=PLANE('',#2394);
#404=PLANE('',#2395);
#405=PLANE('',#2408);
#406=PLANE('',#2412);
#407=PLANE('',#2416);
#408=ELLIPSE('',#2200,0.0179605122421383,0.0127);
#409=ELLIPSE('',#2201,0.0179605122421383,0.0127);
#410=ELLIPSE('',#2207,0.0179605122421383,0.0127);
#411=ELLIPSE('',#2211,0.0179605122421383,0.0127);
#412=ORIENTED_EDGE('',*,*,#906,.F.);
#413=ORIENTED_EDGE('',*,*,#907,.F.);
#414=ORIENTED_EDGE('',*,*,#908,.F.);
#415=ORIENTED_EDGE('',*,*,#906,.T.);
#416=ORIENTED_EDGE('',*,*,#909,.F.);
#417=ORIENTED_EDGE('',*,*,#910,.F.);
#418=ORIENTED_EDGE('',*,*,#910,.T.);
#419=ORIENTED_EDGE('',*,*,#911,.T.);
#420=ORIENTED_EDGE('',*,*,#907,.T.);
#421=ORIENTED_EDGE('',*,*,#912,.F.);
#422=ORIENTED_EDGE('',*,*,#912,.T.);
#423=ORIENTED_EDGE('',*,*,#913,.F.);
#424=ORIENTED_EDGE('',*,*,#911,.F.);
#425=ORIENTED_EDGE('',*,*,#914,.F.);
#426=ORIENTED_EDGE('',*,*,#908,.T.);
#427=ORIENTED_EDGE('',*,*,#913,.T.);
#428=ORIENTED_EDGE('',*,*,#915,.T.);
#429=ORIENTED_EDGE('',*,*,#914,.T.);
#430=ORIENTED_EDGE('',*,*,#909,.T.);
#431=ORIENTED_EDGE('',*,*,#915,.F.);
#432=ORIENTED_EDGE('',*,*,#916,.F.);
#433=ORIENTED_EDGE('',*,*,#917,.T.);
#434=ORIENTED_EDGE('',*,*,#918,.T.);
#435=ORIENTED_EDGE('',*,*,#919,.T.);
#436=ORIENTED_EDGE('',*,*,#920,.F.);
#437=ORIENTED_EDGE('',*,*,#921,.F.);
#438=ORIENTED_EDGE('',*,*,#922,.F.);
#439=ORIENTED_EDGE('',*,*,#923,.F.);
#440=ORIENTED_EDGE('',*,*,#924,.F.);
#441=ORIENTED_EDGE('',*,*,#925,.F.);
#442=ORIENTED_EDGE('',*,*,#926,.F.);
#443=ORIENTED_EDGE('',*,*,#927,.F.);
#444=ORIENTED_EDGE('',*,*,#928,.F.);
#445=ORIENTED_EDGE('',*,*,#929,.F.);
#446=ORIENTED_EDGE('',*,*,#930,.F.);
#447=ORIENTED_EDGE('',*,*,#931,.F.);
#448=ORIENTED_EDGE('',*,*,#932,.F.);
#449=ORIENTED_EDGE('',*,*,#933,.F.);
#450=ORIENTED_EDGE('',*,*,#934,.F.);
#451=ORIENTED_EDGE('',*,*,#935,.F.);
#452=ORIENTED_EDGE('',*,*,#936,.F.);
#453=ORIENTED_EDGE('',*,*,#937,.T.);
#454=ORIENTED_EDGE('',*,*,#938,.F.);
#455=ORIENTED_EDGE('',*,*,#939,.T.);
#456=ORIENTED_EDGE('',*,*,#940,.F.);
#457=ORIENTED_EDGE('',*,*,#941,.F.);
#458=ORIENTED_EDGE('',*,*,#938,.T.);
#459=ORIENTED_EDGE('',*,*,#942,.T.);
#460=ORIENTED_EDGE('',*,*,#943,.T.);
#461=ORIENTED_EDGE('',*,*,#944,.F.);
#462=ORIENTED_EDGE('',*,*,#939,.F.);
#463=ORIENTED_EDGE('',*,*,#941,.T.);
#464=ORIENTED_EDGE('',*,*,#945,.F.);
#465=ORIENTED_EDGE('',*,*,#946,.F.);
#466=ORIENTED_EDGE('',*,*,#936,.T.);
#467=ORIENTED_EDGE('',*,*,#944,.T.);
#468=ORIENTED_EDGE('',*,*,#947,.T.);
#469=ORIENTED_EDGE('',*,*,#948,.T.);
#470=ORIENTED_EDGE('',*,*,#949,.T.);
#471=ORIENTED_EDGE('',*,*,#950,.T.);
#472=ORIENTED_EDGE('',*,*,#951,.T.);
#473=ORIENTED_EDGE('',*,*,#952,.T.);
#474=ORIENTED_EDGE('',*,*,#953,.T.);
#475=ORIENTED_EDGE('',*,*,#954,.T.);
#476=ORIENTED_EDGE('',*,*,#955,.T.);
#477=ORIENTED_EDGE('',*,*,#956,.T.);
#478=ORIENTED_EDGE('',*,*,#957,.T.);
#479=ORIENTED_EDGE('',*,*,#958,.T.);
#480=ORIENTED_EDGE('',*,*,#959,.T.);
#481=ORIENTED_EDGE('',*,*,#960,.T.);
#482=ORIENTED_EDGE('',*,*,#961,.T.);
#483=ORIENTED_EDGE('',*,*,#962,.T.);
#484=ORIENTED_EDGE('',*,*,#940,.T.);
#485=ORIENTED_EDGE('',*,*,#963,.T.);
#486=ORIENTED_EDGE('',*,*,#945,.T.);
#487=ORIENTED_EDGE('',*,*,#943,.F.);
#488=ORIENTED_EDGE('',*,*,#935,.T.);
#489=ORIENTED_EDGE('',*,*,#962,.F.);
#490=ORIENTED_EDGE('',*,*,#934,.T.);
#491=ORIENTED_EDGE('',*,*,#961,.F.);
#492=ORIENTED_EDGE('',*,*,#933,.T.);
#493=ORIENTED_EDGE('',*,*,#960,.F.);
#494=ORIENTED_EDGE('',*,*,#932,.T.);
#495=ORIENTED_EDGE('',*,*,#959,.F.);
#496=ORIENTED_EDGE('',*,*,#931,.T.);
#497=ORIENTED_EDGE('',*,*,#958,.F.);
#498=ORIENTED_EDGE('',*,*,#930,.T.);
#499=ORIENTED_EDGE('',*,*,#957,.F.);
#500=ORIENTED_EDGE('',*,*,#929,.T.);
#501=ORIENTED_EDGE('',*,*,#956,.F.);
#502=ORIENTED_EDGE('',*,*,#928,.T.);
#503=ORIENTED_EDGE('',*,*,#955,.F.);
#504=ORIENTED_EDGE('',*,*,#927,.T.);
#505=ORIENTED_EDGE('',*,*,#954,.F.);
#506=ORIENTED_EDGE('',*,*,#926,.T.);
#507=ORIENTED_EDGE('',*,*,#953,.F.);
#508=ORIENTED_EDGE('',*,*,#925,.T.);
#509=ORIENTED_EDGE('',*,*,#952,.F.);
#510=ORIENTED_EDGE('',*,*,#924,.T.);
#511=ORIENTED_EDGE('',*,*,#951,.F.);
#512=ORIENTED_EDGE('',*,*,#923,.T.);
#513=ORIENTED_EDGE('',*,*,#950,.F.);
#514=ORIENTED_EDGE('',*,*,#922,.T.);
#515=ORIENTED_EDGE('',*,*,#949,.F.);
#516=ORIENTED_EDGE('',*,*,#921,.T.);
#517=ORIENTED_EDGE('',*,*,#948,.F.);
#518=ORIENTED_EDGE('',*,*,#920,.T.);
#519=ORIENTED_EDGE('',*,*,#947,.F.);
#520=ORIENTED_EDGE('',*,*,#964,.T.);
#521=ORIENTED_EDGE('',*,*,#965,.F.);
#522=ORIENTED_EDGE('',*,*,#966,.F.);
#523=ORIENTED_EDGE('',*,*,#967,.T.);
#524=ORIENTED_EDGE('',*,*,#968,.T.);
#525=ORIENTED_EDGE('',*,*,#969,.F.);
#526=ORIENTED_EDGE('',*,*,#970,.F.);
#527=ORIENTED_EDGE('',*,*,#971,.T.);
#528=ORIENTED_EDGE('',*,*,#917,.F.);
#529=ORIENTED_EDGE('',*,*,#972,.F.);
#530=ORIENTED_EDGE('',*,*,#973,.F.);
#531=ORIENTED_EDGE('',*,*,#965,.T.);
#532=ORIENTED_EDGE('',*,*,#974,.T.);
#533=ORIENTED_EDGE('',*,*,#975,.F.);
#534=ORIENTED_EDGE('',*,*,#976,.F.);
#535=ORIENTED_EDGE('',*,*,#969,.T.);
#536=ORIENTED_EDGE('',*,*,#977,.T.);
#537=ORIENTED_EDGE('',*,*,#967,.F.);
#538=ORIENTED_EDGE('',*,*,#978,.F.);
#539=ORIENTED_EDGE('',*,*,#979,.T.);
#540=ORIENTED_EDGE('',*,*,#919,.F.);
#541=ORIENTED_EDGE('',*,*,#980,.F.);
#542=ORIENTED_EDGE('',*,*,#981,.F.);
#543=ORIENTED_EDGE('',*,*,#975,.T.);
#544=ORIENTED_EDGE('',*,*,#942,.F.);
#545=ORIENTED_EDGE('',*,*,#937,.F.);
#546=ORIENTED_EDGE('',*,*,#946,.T.);
#547=ORIENTED_EDGE('',*,*,#963,.F.);
#548=ORIENTED_EDGE('',*,*,#964,.F.);
#549=ORIENTED_EDGE('',*,*,#977,.F.);
#550=ORIENTED_EDGE('',*,*,#974,.F.);
#551=ORIENTED_EDGE('',*,*,#968,.F.);
#552=ORIENTED_EDGE('',*,*,#982,.F.);
#553=ORIENTED_EDGE('',*,*,#918,.F.);
#554=ORIENTED_EDGE('',*,*,#971,.F.);
#555=ORIENTED_EDGE('',*,*,#983,.T.);
#556=ORIENTED_EDGE('',*,*,#980,.T.);
#557=ORIENTED_EDGE('',*,*,#983,.F.);
#558=ORIENTED_EDGE('',*,*,#970,.T.);
#559=ORIENTED_EDGE('',*,*,#976,.T.);
#560=ORIENTED_EDGE('',*,*,#981,.T.);
#561=ORIENTED_EDGE('',*,*,#984,.F.);
#562=ORIENTED_EDGE('',*,*,#916,.T.);
#563=ORIENTED_EDGE('',*,*,#979,.F.);
#564=ORIENTED_EDGE('',*,*,#985,.F.);
#565=ORIENTED_EDGE('',*,*,#972,.T.);
#566=ORIENTED_EDGE('',*,*,#973,.T.);
#567=ORIENTED_EDGE('',*,*,#985,.T.);
#568=ORIENTED_EDGE('',*,*,#978,.T.);
#569=ORIENTED_EDGE('',*,*,#966,.T.);
#570=ORIENTED_EDGE('',*,*,#982,.T.);
#571=ORIENTED_EDGE('',*,*,#984,.T.);
#572=ORIENTED_EDGE('',*,*,#986,.T.);
#573=ORIENTED_EDGE('',*,*,#987,.F.);
#574=ORIENTED_EDGE('',*,*,#988,.T.);
#575=ORIENTED_EDGE('',*,*,#987,.T.);
#576=ORIENTED_EDGE('',*,*,#989,.T.);
#577=ORIENTED_EDGE('',*,*,#990,.F.);
#578=ORIENTED_EDGE('',*,*,#991,.F.);
#579=ORIENTED_EDGE('',*,*,#992,.T.);
#580=ORIENTED_EDGE('',*,*,#993,.T.);
#581=ORIENTED_EDGE('',*,*,#994,.F.);
#582=ORIENTED_EDGE('',*,*,#995,.F.);
#583=ORIENTED_EDGE('',*,*,#990,.T.);
#584=ORIENTED_EDGE('',*,*,#996,.T.);
#585=ORIENTED_EDGE('',*,*,#997,.F.);
#586=ORIENTED_EDGE('',*,*,#998,.F.);
#587=ORIENTED_EDGE('',*,*,#994,.T.);
#588=ORIENTED_EDGE('',*,*,#999,.T.);
#589=ORIENTED_EDGE('',*,*,#1000,.F.);
#590=ORIENTED_EDGE('',*,*,#1001,.F.);
#591=ORIENTED_EDGE('',*,*,#997,.T.);
#592=ORIENTED_EDGE('',*,*,#1002,.T.);
#593=ORIENTED_EDGE('',*,*,#1003,.F.);
#594=ORIENTED_EDGE('',*,*,#1004,.F.);
#595=ORIENTED_EDGE('',*,*,#1000,.T.);
#596=ORIENTED_EDGE('',*,*,#1005,.T.);
#597=ORIENTED_EDGE('',*,*,#1006,.F.);
#598=ORIENTED_EDGE('',*,*,#1007,.F.);
#599=ORIENTED_EDGE('',*,*,#1003,.T.);
#600=ORIENTED_EDGE('',*,*,#1008,.T.);
#601=ORIENTED_EDGE('',*,*,#992,.F.);
#602=ORIENTED_EDGE('',*,*,#1009,.F.);
#603=ORIENTED_EDGE('',*,*,#1006,.T.);
#604=ORIENTED_EDGE('',*,*,#986,.F.);
#605=ORIENTED_EDGE('',*,*,#991,.T.);
#606=ORIENTED_EDGE('',*,*,#995,.T.);
#607=ORIENTED_EDGE('',*,*,#998,.T.);
#608=ORIENTED_EDGE('',*,*,#1001,.T.);
#609=ORIENTED_EDGE('',*,*,#1004,.T.);
#610=ORIENTED_EDGE('',*,*,#1007,.T.);
#611=ORIENTED_EDGE('',*,*,#1009,.T.);
#612=ORIENTED_EDGE('',*,*,#989,.F.);
#613=ORIENTED_EDGE('',*,*,#1008,.F.);
#614=ORIENTED_EDGE('',*,*,#1005,.F.);
#615=ORIENTED_EDGE('',*,*,#1002,.F.);
#616=ORIENTED_EDGE('',*,*,#999,.F.);
#617=ORIENTED_EDGE('',*,*,#996,.F.);
#618=ORIENTED_EDGE('',*,*,#993,.F.);
#619=ORIENTED_EDGE('',*,*,#1010,.F.);
#620=ORIENTED_EDGE('',*,*,#1010,.T.);
#621=ORIENTED_EDGE('',*,*,#988,.F.);
#622=ORIENTED_EDGE('',*,*,#1011,.F.);
#623=ORIENTED_EDGE('',*,*,#1012,.T.);
#624=ORIENTED_EDGE('',*,*,#1013,.T.);
#625=ORIENTED_EDGE('',*,*,#1014,.F.);
#626=ORIENTED_EDGE('',*,*,#1011,.T.);
#627=ORIENTED_EDGE('',*,*,#1013,.F.);
#628=ORIENTED_EDGE('',*,*,#1012,.F.);
#629=ORIENTED_EDGE('',*,*,#1014,.T.);
#630=ORIENTED_EDGE('',*,*,#1015,.F.);
#631=ORIENTED_EDGE('',*,*,#1016,.F.);
#632=ORIENTED_EDGE('',*,*,#1017,.T.);
#633=ORIENTED_EDGE('',*,*,#1018,.T.);
#634=ORIENTED_EDGE('',*,*,#1019,.F.);
#635=ORIENTED_EDGE('',*,*,#1020,.F.);
#636=ORIENTED_EDGE('',*,*,#1021,.F.);
#637=ORIENTED_EDGE('',*,*,#1022,.F.);
#638=ORIENTED_EDGE('',*,*,#1016,.T.);
#639=ORIENTED_EDGE('',*,*,#1023,.T.);
#640=ORIENTED_EDGE('',*,*,#1024,.T.);
#641=ORIENTED_EDGE('',*,*,#1025,.T.);
#642=ORIENTED_EDGE('',*,*,#1026,.T.);
#643=ORIENTED_EDGE('',*,*,#1027,.T.);
#644=ORIENTED_EDGE('',*,*,#1028,.T.);
#645=ORIENTED_EDGE('',*,*,#1029,.F.);
#646=ORIENTED_EDGE('',*,*,#1030,.F.);
#647=ORIENTED_EDGE('',*,*,#1031,.F.);
#648=ORIENTED_EDGE('',*,*,#1032,.T.);
#649=ORIENTED_EDGE('',*,*,#1033,.T.);
#650=ORIENTED_EDGE('',*,*,#1034,.T.);
#651=ORIENTED_EDGE('',*,*,#1035,.F.);
#652=ORIENTED_EDGE('',*,*,#1036,.T.);
#653=ORIENTED_EDGE('',*,*,#1037,.T.);
#654=ORIENTED_EDGE('',*,*,#1038,.F.);
#655=ORIENTED_EDGE('',*,*,#1039,.T.);
#656=ORIENTED_EDGE('',*,*,#1040,.T.);
#657=ORIENTED_EDGE('',*,*,#1041,.F.);
#658=ORIENTED_EDGE('',*,*,#1024,.F.);
#659=ORIENTED_EDGE('',*,*,#1042,.F.);
#660=ORIENTED_EDGE('',*,*,#1043,.F.);
#661=ORIENTED_EDGE('',*,*,#1044,.T.);
#662=ORIENTED_EDGE('',*,*,#1045,.T.);
#663=ORIENTED_EDGE('',*,*,#1040,.F.);
#664=ORIENTED_EDGE('',*,*,#1046,.F.);
#665=ORIENTED_EDGE('',*,*,#1042,.T.);
#666=ORIENTED_EDGE('',*,*,#1047,.F.);
#667=ORIENTED_EDGE('',*,*,#1037,.F.);
#668=ORIENTED_EDGE('',*,*,#1048,.T.);
#669=ORIENTED_EDGE('',*,*,#1041,.T.);
#670=ORIENTED_EDGE('',*,*,#1047,.T.);
#671=ORIENTED_EDGE('',*,*,#1045,.F.);
#672=ORIENTED_EDGE('',*,*,#1049,.F.);
#673=ORIENTED_EDGE('',*,*,#1026,.F.);
#674=ORIENTED_EDGE('',*,*,#1050,.F.);
#675=ORIENTED_EDGE('',*,*,#1034,.F.);
#676=ORIENTED_EDGE('',*,*,#1051,.T.);
#677=ORIENTED_EDGE('',*,*,#1052,.T.);
#678=ORIENTED_EDGE('',*,*,#1030,.T.);
#679=ORIENTED_EDGE('',*,*,#1053,.T.);
#680=ORIENTED_EDGE('',*,*,#1017,.F.);
#681=ORIENTED_EDGE('',*,*,#1054,.T.);
#682=ORIENTED_EDGE('',*,*,#1055,.T.);
#683=ORIENTED_EDGE('',*,*,#1056,.T.);
#684=ORIENTED_EDGE('',*,*,#1057,.T.);
#685=ORIENTED_EDGE('',*,*,#1058,.T.);
#686=ORIENTED_EDGE('',*,*,#1059,.T.);
#687=ORIENTED_EDGE('',*,*,#1060,.T.);
#688=ORIENTED_EDGE('',*,*,#1061,.T.);
#689=ORIENTED_EDGE('',*,*,#1029,.T.);
#690=ORIENTED_EDGE('',*,*,#1062,.T.);
#691=ORIENTED_EDGE('',*,*,#1018,.F.);
#692=ORIENTED_EDGE('',*,*,#1053,.F.);
#693=ORIENTED_EDGE('',*,*,#1063,.F.);
#694=ORIENTED_EDGE('',*,*,#1027,.F.);
#695=ORIENTED_EDGE('',*,*,#1052,.F.);
#696=ORIENTED_EDGE('',*,*,#1064,.F.);
#697=ORIENTED_EDGE('',*,*,#1044,.F.);
#698=ORIENTED_EDGE('',*,*,#1065,.F.);
#699=ORIENTED_EDGE('',*,*,#1066,.F.);
#700=ORIENTED_EDGE('',*,*,#1067,.F.);
#701=ORIENTED_EDGE('',*,*,#1068,.F.);
#702=ORIENTED_EDGE('',*,*,#1069,.F.);
#703=ORIENTED_EDGE('',*,*,#1031,.T.);
#704=ORIENTED_EDGE('',*,*,#1050,.T.);
#705=ORIENTED_EDGE('',*,*,#1025,.F.);
#706=ORIENTED_EDGE('',*,*,#1048,.F.);
#707=ORIENTED_EDGE('',*,*,#1036,.F.);
#708=ORIENTED_EDGE('',*,*,#1033,.F.);
#709=ORIENTED_EDGE('',*,*,#1070,.T.);
#710=ORIENTED_EDGE('',*,*,#1038,.T.);
#711=ORIENTED_EDGE('',*,*,#1049,.T.);
#712=ORIENTED_EDGE('',*,*,#1064,.T.);
#713=ORIENTED_EDGE('',*,*,#1051,.F.);
#714=ORIENTED_EDGE('',*,*,#1068,.T.);
#715=ORIENTED_EDGE('',*,*,#1061,.F.);
#716=ORIENTED_EDGE('',*,*,#1067,.T.);
#717=ORIENTED_EDGE('',*,*,#1059,.F.);
#718=ORIENTED_EDGE('',*,*,#1066,.T.);
#719=ORIENTED_EDGE('',*,*,#1056,.F.);
#720=ORIENTED_EDGE('',*,*,#1065,.T.);
#721=ORIENTED_EDGE('',*,*,#1054,.F.);
#722=ORIENTED_EDGE('',*,*,#1019,.T.);
#723=ORIENTED_EDGE('',*,*,#1060,.F.);
#724=ORIENTED_EDGE('',*,*,#1020,.T.);
#725=ORIENTED_EDGE('',*,*,#1058,.F.);
#726=ORIENTED_EDGE('',*,*,#1021,.T.);
#727=ORIENTED_EDGE('',*,*,#1057,.F.);
#728=ORIENTED_EDGE('',*,*,#1022,.T.);
#729=ORIENTED_EDGE('',*,*,#1055,.F.);
#730=ORIENTED_EDGE('',*,*,#1062,.F.);
#731=ORIENTED_EDGE('',*,*,#1028,.F.);
#732=ORIENTED_EDGE('',*,*,#1063,.T.);
#733=ORIENTED_EDGE('',*,*,#1043,.T.);
#734=ORIENTED_EDGE('',*,*,#1046,.T.);
#735=ORIENTED_EDGE('',*,*,#1039,.F.);
#736=ORIENTED_EDGE('',*,*,#1023,.F.);
#737=ORIENTED_EDGE('',*,*,#1015,.T.);
#738=ORIENTED_EDGE('',*,*,#1032,.F.);
#739=ORIENTED_EDGE('',*,*,#1069,.T.);
#740=ORIENTED_EDGE('',*,*,#1035,.T.);
#741=ORIENTED_EDGE('',*,*,#1070,.F.);
#742=ORIENTED_EDGE('',*,*,#1071,.T.);
#743=ORIENTED_EDGE('',*,*,#1072,.F.);
#744=ORIENTED_EDGE('',*,*,#1073,.F.);
#745=ORIENTED_EDGE('',*,*,#1074,.T.);
#746=ORIENTED_EDGE('',*,*,#1075,.T.);
#747=ORIENTED_EDGE('',*,*,#1076,.T.);
#748=ORIENTED_EDGE('',*,*,#1077,.T.);
#749=ORIENTED_EDGE('',*,*,#1078,.T.);
#750=ORIENTED_EDGE('',*,*,#1079,.T.);
#751=ORIENTED_EDGE('',*,*,#1080,.T.);
#752=ORIENTED_EDGE('',*,*,#1081,.T.);
#753=ORIENTED_EDGE('',*,*,#1082,.T.);
#754=ORIENTED_EDGE('',*,*,#1083,.T.);
#755=ORIENTED_EDGE('',*,*,#1084,.T.);
#756=ORIENTED_EDGE('',*,*,#1085,.T.);
#757=ORIENTED_EDGE('',*,*,#1086,.T.);
#758=ORIENTED_EDGE('',*,*,#1087,.T.);
#759=ORIENTED_EDGE('',*,*,#1088,.T.);
#760=ORIENTED_EDGE('',*,*,#1089,.T.);
#761=ORIENTED_EDGE('',*,*,#1090,.F.);
#762=ORIENTED_EDGE('',*,*,#1091,.F.);
#763=ORIENTED_EDGE('',*,*,#1092,.T.);
#764=ORIENTED_EDGE('',*,*,#1093,.T.);
#765=ORIENTED_EDGE('',*,*,#1094,.T.);
#766=ORIENTED_EDGE('',*,*,#1095,.F.);
#767=ORIENTED_EDGE('',*,*,#1096,.F.);
#768=ORIENTED_EDGE('',*,*,#1093,.F.);
#769=ORIENTED_EDGE('',*,*,#1097,.F.);
#770=ORIENTED_EDGE('',*,*,#1098,.T.);
#771=ORIENTED_EDGE('',*,*,#1099,.T.);
#772=ORIENTED_EDGE('',*,*,#1100,.T.);
#773=ORIENTED_EDGE('',*,*,#1095,.T.);
#774=ORIENTED_EDGE('',*,*,#1101,.F.);
#775=ORIENTED_EDGE('',*,*,#1102,.F.);
#776=ORIENTED_EDGE('',*,*,#1071,.F.);
#777=ORIENTED_EDGE('',*,*,#1103,.F.);
#778=ORIENTED_EDGE('',*,*,#1104,.T.);
#779=ORIENTED_EDGE('',*,*,#1102,.T.);
#780=ORIENTED_EDGE('',*,*,#1105,.T.);
#781=ORIENTED_EDGE('',*,*,#1098,.F.);
#782=ORIENTED_EDGE('',*,*,#1106,.F.);
#783=ORIENTED_EDGE('',*,*,#1107,.T.);
#784=ORIENTED_EDGE('',*,*,#1108,.F.);
#785=ORIENTED_EDGE('',*,*,#1109,.F.);
#786=ORIENTED_EDGE('',*,*,#1110,.F.);
#787=ORIENTED_EDGE('',*,*,#1111,.T.);
#788=ORIENTED_EDGE('',*,*,#1112,.T.);
#789=ORIENTED_EDGE('',*,*,#1113,.T.);
#790=ORIENTED_EDGE('',*,*,#1073,.T.);
#791=ORIENTED_EDGE('',*,*,#1114,.F.);
#792=ORIENTED_EDGE('',*,*,#1094,.F.);
#793=ORIENTED_EDGE('',*,*,#1099,.F.);
#794=ORIENTED_EDGE('',*,*,#1105,.F.);
#795=ORIENTED_EDGE('',*,*,#1101,.T.);
#796=ORIENTED_EDGE('',*,*,#1072,.T.);
#797=ORIENTED_EDGE('',*,*,#1107,.F.);
#798=ORIENTED_EDGE('',*,*,#1115,.F.);
#799=ORIENTED_EDGE('',*,*,#1114,.T.);
#800=ORIENTED_EDGE('',*,*,#1116,.F.);
#801=ORIENTED_EDGE('',*,*,#1117,.F.);
#802=ORIENTED_EDGE('',*,*,#1118,.F.);
#803=ORIENTED_EDGE('',*,*,#1119,.F.);
#804=ORIENTED_EDGE('',*,*,#1120,.F.);
#805=ORIENTED_EDGE('',*,*,#1121,.F.);
#806=ORIENTED_EDGE('',*,*,#1106,.T.);
#807=ORIENTED_EDGE('',*,*,#1097,.T.);
#808=ORIENTED_EDGE('',*,*,#1122,.T.);
#809=ORIENTED_EDGE('',*,*,#1108,.T.);
#810=ORIENTED_EDGE('',*,*,#1115,.T.);
#811=ORIENTED_EDGE('',*,*,#1074,.F.);
#812=ORIENTED_EDGE('',*,*,#1113,.F.);
#813=ORIENTED_EDGE('',*,*,#1123,.T.);
#814=ORIENTED_EDGE('',*,*,#1103,.T.);
#815=ORIENTED_EDGE('',*,*,#1124,.F.);
#816=ORIENTED_EDGE('',*,*,#1125,.F.);
#817=ORIENTED_EDGE('',*,*,#1126,.F.);
#818=ORIENTED_EDGE('',*,*,#1127,.F.);
#819=ORIENTED_EDGE('',*,*,#1128,.F.);
#820=ORIENTED_EDGE('',*,*,#1129,.F.);
#821=ORIENTED_EDGE('',*,*,#1100,.F.);
#822=ORIENTED_EDGE('',*,*,#1104,.F.);
#823=ORIENTED_EDGE('',*,*,#1123,.F.);
#824=ORIENTED_EDGE('',*,*,#1112,.F.);
#825=ORIENTED_EDGE('',*,*,#1130,.F.);
#826=ORIENTED_EDGE('',*,*,#1122,.F.);
#827=ORIENTED_EDGE('',*,*,#1092,.F.);
#828=ORIENTED_EDGE('',*,*,#1131,.F.);
#829=ORIENTED_EDGE('',*,*,#1132,.F.);
#830=ORIENTED_EDGE('',*,*,#1133,.T.);
#831=ORIENTED_EDGE('',*,*,#1109,.T.);
#832=ORIENTED_EDGE('',*,*,#1134,.F.);
#833=ORIENTED_EDGE('',*,*,#1135,.T.);
#834=ORIENTED_EDGE('',*,*,#1136,.T.);
#835=ORIENTED_EDGE('',*,*,#1096,.T.);
#836=ORIENTED_EDGE('',*,*,#1130,.T.);
#837=ORIENTED_EDGE('',*,*,#1111,.F.);
#838=ORIENTED_EDGE('',*,*,#1133,.F.);
#839=ORIENTED_EDGE('',*,*,#1137,.T.);
#840=ORIENTED_EDGE('',*,*,#1134,.T.);
#841=ORIENTED_EDGE('',*,*,#1110,.T.);
#842=ORIENTED_EDGE('',*,*,#1138,.F.);
#843=ORIENTED_EDGE('',*,*,#1131,.T.);
#844=ORIENTED_EDGE('',*,*,#1091,.T.);
#845=ORIENTED_EDGE('',*,*,#1136,.F.);
#846=ORIENTED_EDGE('',*,*,#1137,.F.);
#847=ORIENTED_EDGE('',*,*,#1132,.T.);
#848=ORIENTED_EDGE('',*,*,#1138,.T.);
#849=ORIENTED_EDGE('',*,*,#1135,.F.);
#850=ORIENTED_EDGE('',*,*,#1129,.T.);
#851=ORIENTED_EDGE('',*,*,#1075,.F.);
#852=ORIENTED_EDGE('',*,*,#1128,.T.);
#853=ORIENTED_EDGE('',*,*,#1077,.F.);
#854=ORIENTED_EDGE('',*,*,#1127,.T.);
#855=ORIENTED_EDGE('',*,*,#1079,.F.);
#856=ORIENTED_EDGE('',*,*,#1126,.T.);
#857=ORIENTED_EDGE('',*,*,#1081,.F.);
#858=ORIENTED_EDGE('',*,*,#1125,.T.);
#859=ORIENTED_EDGE('',*,*,#1083,.F.);
#860=ORIENTED_EDGE('',*,*,#1124,.T.);
#861=ORIENTED_EDGE('',*,*,#1085,.F.);
#862=ORIENTED_EDGE('',*,*,#1121,.T.);
#863=ORIENTED_EDGE('',*,*,#1076,.F.);
#864=ORIENTED_EDGE('',*,*,#1120,.T.);
#865=ORIENTED_EDGE('',*,*,#1078,.F.);
#866=ORIENTED_EDGE('',*,*,#1119,.T.);
#867=ORIENTED_EDGE('',*,*,#1080,.F.);
#868=ORIENTED_EDGE('',*,*,#1118,.T.);
#869=ORIENTED_EDGE('',*,*,#1082,.F.);
#870=ORIENTED_EDGE('',*,*,#1117,.T.);
#871=ORIENTED_EDGE('',*,*,#1084,.F.);
#872=ORIENTED_EDGE('',*,*,#1116,.T.);
#873=ORIENTED_EDGE('',*,*,#1086,.F.);
#874=ORIENTED_EDGE('',*,*,#1139,.T.);
#875=ORIENTED_EDGE('',*,*,#1140,.T.);
#876=ORIENTED_EDGE('',*,*,#1141,.T.);
#877=ORIENTED_EDGE('',*,*,#1142,.F.);
#878=ORIENTED_EDGE('',*,*,#1143,.T.);
#879=ORIENTED_EDGE('',*,*,#1090,.T.);
#880=ORIENTED_EDGE('',*,*,#1144,.T.);
#881=ORIENTED_EDGE('',*,*,#1145,.F.);
#882=ORIENTED_EDGE('',*,*,#1146,.F.);
#883=ORIENTED_EDGE('',*,*,#1147,.F.);
#884=ORIENTED_EDGE('',*,*,#1088,.F.);
#885=ORIENTED_EDGE('',*,*,#1148,.T.);
#886=ORIENTED_EDGE('',*,*,#1149,.T.);
#887=ORIENTED_EDGE('',*,*,#1150,.T.);
#888=ORIENTED_EDGE('',*,*,#1151,.T.);
#889=ORIENTED_EDGE('',*,*,#1142,.T.);
#890=ORIENTED_EDGE('',*,*,#1152,.T.);
#891=ORIENTED_EDGE('',*,*,#1149,.F.);
#892=ORIENTED_EDGE('',*,*,#1147,.T.);
#893=ORIENTED_EDGE('',*,*,#1141,.F.);
#894=ORIENTED_EDGE('',*,*,#1146,.T.);
#895=ORIENTED_EDGE('',*,*,#1140,.F.);
#896=ORIENTED_EDGE('',*,*,#1145,.T.);
#897=ORIENTED_EDGE('',*,*,#1139,.F.);
#898=ORIENTED_EDGE('',*,*,#1148,.F.);
#899=ORIENTED_EDGE('',*,*,#1087,.F.);
#900=ORIENTED_EDGE('',*,*,#1143,.F.);
#901=ORIENTED_EDGE('',*,*,#1151,.F.);
#902=ORIENTED_EDGE('',*,*,#1144,.F.);
#903=ORIENTED_EDGE('',*,*,#1089,.F.);
#904=ORIENTED_EDGE('',*,*,#1150,.F.);
#905=ORIENTED_EDGE('',*,*,#1152,.F.);
#906=EDGE_CURVE('',#1153,#1153,#1348,.T.);
#907=EDGE_CURVE('',#1154,#1155,#408,.T.);
#908=EDGE_CURVE('',#1155,#1154,#409,.T.);
#909=EDGE_CURVE('',#1156,#1156,#1349,.T.);
#910=EDGE_CURVE('',#1157,#1157,#1350,.T.);
#911=EDGE_CURVE('',#1155,#1154,#410,.F.);
#912=EDGE_CURVE('',#1158,#1158,#1351,.T.);
#913=EDGE_CURVE('',#1154,#1155,#411,.F.);
#914=EDGE_CURVE('',#1159,#1159,#1352,.T.);
#915=EDGE_CURVE('',#1160,#1160,#1353,.T.);
#916=EDGE_CURVE('',#1161,#1162,#12,.T.);
#917=EDGE_CURVE('',#1161,#1163,#13,.T.);
#918=EDGE_CURVE('',#1163,#1164,#14,.T.);
#919=EDGE_CURVE('',#1164,#1162,#15,.T.);
#920=EDGE_CURVE('',#1165,#1165,#1354,.T.);
#921=EDGE_CURVE('',#1166,#1166,#1355,.T.);
#922=EDGE_CURVE('',#1167,#1167,#1356,.T.);
#923=EDGE_CURVE('',#1168,#1168,#1357,.T.);
#924=EDGE_CURVE('',#1169,#1169,#1358,.T.);
#925=EDGE_CURVE('',#1170,#1170,#1359,.T.);
#926=EDGE_CURVE('',#1171,#1171,#1360,.T.);
#927=EDGE_CURVE('',#1172,#1172,#1361,.T.);
#928=EDGE_CURVE('',#1173,#1173,#1362,.T.);
#929=EDGE_CURVE('',#1174,#1174,#1363,.T.);
#930=EDGE_CURVE('',#1175,#1175,#1364,.T.);
#931=EDGE_CURVE('',#1176,#1176,#1365,.T.);
#932=EDGE_CURVE('',#1177,#1177,#1366,.T.);
#933=EDGE_CURVE('',#1178,#1178,#1367,.T.);
#934=EDGE_CURVE('',#1179,#1179,#1368,.T.);
#935=EDGE_CURVE('',#1180,#1180,#1369,.T.);
#936=EDGE_CURVE('',#1181,#1182,#16,.T.);
#937=EDGE_CURVE('',#1181,#1183,#17,.T.);
#938=EDGE_CURVE('',#1184,#1183,#18,.T.);
#939=EDGE_CURVE('',#1184,#1182,#19,.T.);
#940=EDGE_CURVE('',#1185,#1186,#20,.T.);
#941=EDGE_CURVE('',#1184,#1185,#21,.T.);
#942=EDGE_CURVE('',#1183,#1186,#22,.T.);
#943=EDGE_CURVE('',#1185,#1187,#23,.T.);
#944=EDGE_CURVE('',#1182,#1187,#24,.T.);
#945=EDGE_CURVE('',#1188,#1187,#25,.T.);
#946=EDGE_CURVE('',#1181,#1188,#26,.T.);
#947=EDGE_CURVE('',#1189,#1189,#1370,.T.);
#948=EDGE_CURVE('',#1190,#1190,#1371,.T.);
#949=EDGE_CURVE('',#1191,#1191,#1372,.T.);
#950=EDGE_CURVE('',#1192,#1192,#1373,.T.);
#951=EDGE_CURVE('',#1193,#1193,#1374,.T.);
#952=EDGE_CURVE('',#1194,#1194,#1375,.T.);
#953=EDGE_CURVE('',#1195,#1195,#1376,.T.);
#954=EDGE_CURVE('',#1196,#1196,#1377,.T.);
#955=EDGE_CURVE('',#1197,#1197,#1378,.T.);
#956=EDGE_CURVE('',#1198,#1198,#1379,.T.);
#957=EDGE_CURVE('',#1199,#1199,#1380,.T.);
#958=EDGE_CURVE('',#1200,#1200,#1381,.T.);
#959=EDGE_CURVE('',#1201,#1201,#1382,.T.);
#960=EDGE_CURVE('',#1202,#1202,#1383,.T.);
#961=EDGE_CURVE('',#1203,#1203,#1384,.T.);
#962=EDGE_CURVE('',#1204,#1204,#1385,.T.);
#963=EDGE_CURVE('',#1186,#1188,#27,.T.);
#964=EDGE_CURVE('',#1205,#1206,#28,.T.);
#965=EDGE_CURVE('',#1207,#1206,#29,.T.);
#966=EDGE_CURVE('',#1208,#1207,#30,.T.);
#967=EDGE_CURVE('',#1208,#1205,#31,.T.);
#968=EDGE_CURVE('',#1206,#1209,#32,.T.);
#969=EDGE_CURVE('',#1210,#1209,#33,.T.);
#970=EDGE_CURVE('',#1211,#1210,#34,.T.);
#971=EDGE_CURVE('',#1211,#1163,#35,.T.);
#972=EDGE_CURVE('',#1212,#1161,#36,.T.);
#973=EDGE_CURVE('',#1207,#1212,#37,.T.);
#974=EDGE_CURVE('',#1209,#1213,#38,.T.);
#975=EDGE_CURVE('',#1214,#1213,#39,.T.);
#976=EDGE_CURVE('',#1210,#1214,#40,.T.);
#977=EDGE_CURVE('',#1213,#1205,#41,.T.);
#978=EDGE_CURVE('',#1215,#1208,#42,.T.);
#979=EDGE_CURVE('',#1215,#1162,#43,.T.);
#980=EDGE_CURVE('',#1216,#1164,#44,.T.);
#981=EDGE_CURVE('',#1214,#1216,#45,.T.);
#982=EDGE_CURVE('',#1217,#1217,#1386,.T.);
#983=EDGE_CURVE('',#1211,#1216,#46,.T.);
#984=EDGE_CURVE('',#1218,#1218,#1387,.F.);
#985=EDGE_CURVE('',#1212,#1215,#47,.T.);
#986=EDGE_CURVE('',#1219,#1219,#1388,.T.);
#987=EDGE_CURVE('',#1220,#1220,#1389,.T.);
#988=EDGE_CURVE('',#1221,#1221,#1390,.T.);
#989=EDGE_CURVE('',#1222,#1223,#48,.T.);
#990=EDGE_CURVE('',#1224,#1223,#49,.T.);
#991=EDGE_CURVE('',#1225,#1224,#50,.T.);
#992=EDGE_CURVE('',#1225,#1222,#51,.T.);
#993=EDGE_CURVE('',#1223,#1226,#52,.T.);
#994=EDGE_CURVE('',#1227,#1226,#53,.T.);
#995=EDGE_CURVE('',#1224,#1227,#54,.T.);
#996=EDGE_CURVE('',#1226,#1228,#55,.T.);
#997=EDGE_CURVE('',#1229,#1228,#56,.T.);
#998=EDGE_CURVE('',#1227,#1229,#57,.T.);
#999=EDGE_CURVE('',#1228,#1230,#58,.T.);
#1000=EDGE_CURVE('',#1231,#1230,#59,.T.);
#1001=EDGE_CURVE('',#1229,#1231,#60,.T.);
#1002=EDGE_CURVE('',#1230,#1232,#61,.T.);
#1003=EDGE_CURVE('',#1233,#1232,#62,.T.);
#1004=EDGE_CURVE('',#1231,#1233,#63,.T.);
#1005=EDGE_CURVE('',#1232,#1234,#64,.T.);
#1006=EDGE_CURVE('',#1235,#1234,#65,.T.);
#1007=EDGE_CURVE('',#1233,#1235,#66,.T.);
#1008=EDGE_CURVE('',#1234,#1222,#67,.T.);
#1009=EDGE_CURVE('',#1235,#1225,#68,.T.);
#1010=EDGE_CURVE('',#1237,#1237,#1391,.T.);
#1011=EDGE_CURVE('',#1238,#1238,#1392,.T.);
#1012=EDGE_CURVE('',#1239,#1239,#1393,.T.);
#1013=EDGE_CURVE('',#1240,#1240,#1394,.T.);
#1014=EDGE_CURVE('',#1241,#1241,#1395,.T.);
#1015=EDGE_CURVE('',#1242,#1243,#69,.T.);
#1016=EDGE_CURVE('',#1244,#1242,#70,.T.);
#1017=EDGE_CURVE('',#1244,#1245,#71,.T.);
#1018=EDGE_CURVE('',#1245,#1243,#72,.T.);
#1019=EDGE_CURVE('',#1246,#1246,#1396,.T.);
#1020=EDGE_CURVE('',#1247,#1247,#1397,.T.);
#1021=EDGE_CURVE('',#1248,#1248,#1398,.T.);
#1022=EDGE_CURVE('',#1249,#1249,#1399,.T.);
#1023=EDGE_CURVE('',#1242,#1250,#73,.T.);
#1024=EDGE_CURVE('',#1250,#1251,#74,.T.);
#1025=EDGE_CURVE('',#1251,#1252,#75,.T.);
#1026=EDGE_CURVE('',#1252,#1244,#76,.T.);
#1027=EDGE_CURVE('',#1253,#1254,#77,.T.);
#1028=EDGE_CURVE('',#1254,#1255,#78,.T.);
#1029=EDGE_CURVE('',#1256,#1255,#79,.T.);
#1030=EDGE_CURVE('',#1253,#1256,#80,.T.);
#1031=EDGE_CURVE('',#1257,#1258,#81,.T.);
#1032=EDGE_CURVE('',#1257,#1259,#82,.T.);
#1033=EDGE_CURVE('',#1259,#1260,#83,.T.);
#1034=EDGE_CURVE('',#1260,#1258,#84,.T.);
#1035=EDGE_CURVE('',#1261,#1262,#85,.T.);
#1036=EDGE_CURVE('',#1261,#1263,#86,.T.);
#1037=EDGE_CURVE('',#1263,#1264,#87,.T.);
#1038=EDGE_CURVE('',#1262,#1264,#88,.T.);
#1039=EDGE_CURVE('',#1250,#1265,#89,.T.);
#1040=EDGE_CURVE('',#1265,#1266,#90,.T.);
#1041=EDGE_CURVE('',#1251,#1266,#91,.T.);
#1042=EDGE_CURVE('',#1267,#1268,#92,.T.);
#1043=EDGE_CURVE('',#1269,#1267,#93,.T.);
#1044=EDGE_CURVE('',#1269,#1270,#94,.T.);
#1045=EDGE_CURVE('',#1270,#1268,#95,.T.);
#1046=EDGE_CURVE('',#1267,#1265,#96,.T.);
#1047=EDGE_CURVE('',#1266,#1268,#97,.T.);
#1048=EDGE_CURVE('',#1263,#1251,#98,.T.);
#1049=EDGE_CURVE('',#1264,#1270,#99,.T.);
#1050=EDGE_CURVE('',#1258,#1252,#100,.T.);
#1051=EDGE_CURVE('',#1260,#1271,#101,.T.);
#1052=EDGE_CURVE('',#1271,#1253,#102,.T.);
#1053=EDGE_CURVE('',#1256,#1245,#103,.T.);
#1054=EDGE_CURVE('',#1272,#1272,#1400,.T.);
#1055=EDGE_CURVE('',#1273,#1273,#1401,.T.);
#1056=EDGE_CURVE('',#1274,#1274,#1402,.T.);
#1057=EDGE_CURVE('',#1275,#1275,#1403,.T.);
#1058=EDGE_CURVE('',#1276,#1276,#1404,.T.);
#1059=EDGE_CURVE('',#1277,#1277,#1405,.T.);
#1060=EDGE_CURVE('',#1278,#1278,#1406,.T.);
#1061=EDGE_CURVE('',#1279,#1279,#1407,.T.);
#1062=EDGE_CURVE('',#1255,#1243,#104,.T.);
#1063=EDGE_CURVE('',#1254,#1269,#105,.T.);
#1064=EDGE_CURVE('',#1270,#1271,#106,.T.);
#1065=EDGE_CURVE('',#1280,#1280,#1408,.T.);
#1066=EDGE_CURVE('',#1281,#1281,#1409,.T.);
#1067=EDGE_CURVE('',#1282,#1282,#1410,.T.);
#1068=EDGE_CURVE('',#1283,#1283,#1411,.T.);
#1069=EDGE_CURVE('',#1257,#1261,#107,.T.);
#1070=EDGE_CURVE('',#1259,#1262,#108,.T.);
#1071=EDGE_CURVE('',#1284,#1285,#109,.T.);
#1072=EDGE_CURVE('',#1286,#1285,#110,.T.);
#1073=EDGE_CURVE('',#1287,#1286,#111,.T.);
#1074=EDGE_CURVE('',#1287,#1284,#112,.T.);
#1075=EDGE_CURVE('',#1288,#1288,#1412,.T.);
#1076=EDGE_CURVE('',#1289,#1289,#1413,.T.);
#1077=EDGE_CURVE('',#1290,#1290,#1414,.T.);
#1078=EDGE_CURVE('',#1291,#1291,#1415,.T.);
#1079=EDGE_CURVE('',#1292,#1292,#1416,.T.);
#1080=EDGE_CURVE('',#1293,#1293,#1417,.T.);
#1081=EDGE_CURVE('',#1294,#1294,#1418,.T.);
#1082=EDGE_CURVE('',#1295,#1295,#1419,.T.);
#1083=EDGE_CURVE('',#1296,#1296,#1420,.T.);
#1084=EDGE_CURVE('',#1297,#1297,#1421,.T.);
#1085=EDGE_CURVE('',#1298,#1298,#1422,.T.);
#1086=EDGE_CURVE('',#1299,#1299,#1423,.T.);
#1087=EDGE_CURVE('',#1300,#1301,#1424,.T.);
#1088=EDGE_CURVE('',#1301,#1302,#113,.T.);
#1089=EDGE_CURVE('',#1302,#1303,#1425,.T.);
#1090=EDGE_CURVE('',#1300,#1303,#114,.T.);
#1091=EDGE_CURVE('',#1304,#1305,#115,.T.);
#1092=EDGE_CURVE('',#1304,#1306,#116,.T.);
#1093=EDGE_CURVE('',#1306,#1307,#117,.T.);
#1094=EDGE_CURVE('',#1307,#1308,#118,.T.);
#1095=EDGE_CURVE('',#1309,#1308,#119,.T.);
#1096=EDGE_CURVE('',#1305,#1309,#120,.T.);
#1097=EDGE_CURVE('',#1310,#1306,#121,.T.);
#1098=EDGE_CURVE('',#1310,#1311,#122,.T.);
#1099=EDGE_CURVE('',#1311,#1307,#123,.T.);
#1100=EDGE_CURVE('',#1312,#1309,#124,.T.);
#1101=EDGE_CURVE('',#1313,#1308,#125,.T.);
#1102=EDGE_CURVE('',#1312,#1313,#126,.T.);
#1103=EDGE_CURVE('',#1314,#1284,#127,.T.);
#1104=EDGE_CURVE('',#1314,#1312,#128,.T.);
#1105=EDGE_CURVE('',#1313,#1311,#129,.T.);
#1106=EDGE_CURVE('',#1315,#1310,#130,.T.);
#1107=EDGE_CURVE('',#1315,#1285,#131,.T.);
#1108=EDGE_CURVE('',#1316,#1317,#132,.T.);
#1109=EDGE_CURVE('',#1318,#1316,#133,.T.);
#1110=EDGE_CURVE('',#1319,#1318,#134,.T.);
#1111=EDGE_CURVE('',#1319,#1320,#135,.T.);
#1112=EDGE_CURVE('',#1320,#1321,#136,.T.);
#1113=EDGE_CURVE('',#1321,#1287,#137,.T.);
#1114=EDGE_CURVE('',#1317,#1286,#138,.T.);
#1115=EDGE_CURVE('',#1317,#1315,#139,.T.);
#1116=EDGE_CURVE('',#1322,#1322,#1426,.T.);
#1117=EDGE_CURVE('',#1323,#1323,#1427,.T.);
#1118=EDGE_CURVE('',#1324,#1324,#1428,.T.);
#1119=EDGE_CURVE('',#1325,#1325,#1429,.T.);
#1120=EDGE_CURVE('',#1326,#1326,#1430,.T.);
#1121=EDGE_CURVE('',#1327,#1327,#1431,.T.);
#1122=EDGE_CURVE('',#1306,#1316,#140,.T.);
#1123=EDGE_CURVE('',#1321,#1314,#141,.T.);
#1124=EDGE_CURVE('',#1328,#1328,#1432,.T.);
#1125=EDGE_CURVE('',#1329,#1329,#1433,.T.);
#1126=EDGE_CURVE('',#1330,#1330,#1434,.T.);
#1127=EDGE_CURVE('',#1331,#1331,#1435,.T.);
#1128=EDGE_CURVE('',#1332,#1332,#1436,.T.);
#1129=EDGE_CURVE('',#1333,#1333,#1437,.T.);
#1130=EDGE_CURVE('',#1309,#1320,#142,.T.);
#1131=EDGE_CURVE('',#1334,#1304,#143,.T.);
#1132=EDGE_CURVE('',#1335,#1334,#144,.T.);
#1133=EDGE_CURVE('',#1335,#1318,#145,.T.);
#1134=EDGE_CURVE('',#1336,#1319,#146,.T.);
#1135=EDGE_CURVE('',#1336,#1337,#147,.T.);
#1136=EDGE_CURVE('',#1337,#1305,#148,.T.);
#1137=EDGE_CURVE('',#1335,#1336,#149,.T.);
#1138=EDGE_CURVE('',#1334,#1337,#150,.T.);
#1139=EDGE_CURVE('',#1338,#1338,#1438,.T.);
#1140=EDGE_CURVE('',#1339,#1339,#1439,.T.);
#1141=EDGE_CURVE('',#1340,#1340,#1440,.T.);
#1142=EDGE_CURVE('',#1341,#1342,#151,.T.);
#1143=EDGE_CURVE('',#1341,#1300,#152,.T.);
#1144=EDGE_CURVE('',#1303,#1342,#153,.F.);
#1145=EDGE_CURVE('',#1343,#1343,#1441,.T.);
#1146=EDGE_CURVE('',#1344,#1344,#1442,.T.);
#1147=EDGE_CURVE('',#1345,#1345,#1443,.T.);
#1148=EDGE_CURVE('',#1301,#1346,#154,.F.);
#1149=EDGE_CURVE('',#1346,#1347,#155,.T.);
#1150=EDGE_CURVE('',#1347,#1302,#156,.T.);
#1151=EDGE_CURVE('',#1346,#1341,#1444,.F.);
#1152=EDGE_CURVE('',#1342,#1347,#1445,.F.);
#1153=VERTEX_POINT('',#3029);
#1154=VERTEX_POINT('',#3031);
#1155=VERTEX_POINT('',#3032);
#1156=VERTEX_POINT('',#3037);
#1157=VERTEX_POINT('',#3039);
#1158=VERTEX_POINT('',#3044);
#1159=VERTEX_POINT('',#3049);
#1160=VERTEX_POINT('',#3052);
#1161=VERTEX_POINT('',#3057);
#1162=VERTEX_POINT('',#3058);
#1163=VERTEX_POINT('',#3060);
#1164=VERTEX_POINT('',#3062);
#1165=VERTEX_POINT('',#3066);
#1166=VERTEX_POINT('',#3068);
#1167=VERTEX_POINT('',#3070);
#1168=VERTEX_POINT('',#3072);
#1169=VERTEX_POINT('',#3074);
#1170=VERTEX_POINT('',#3076);
#1171=VERTEX_POINT('',#3078);
#1172=VERTEX_POINT('',#3080);
#1173=VERTEX_POINT('',#3082);
#1174=VERTEX_POINT('',#3084);
#1175=VERTEX_POINT('',#3086);
#1176=VERTEX_POINT('',#3088);
#1177=VERTEX_POINT('',#3090);
#1178=VERTEX_POINT('',#3092);
#1179=VERTEX_POINT('',#3094);
#1180=VERTEX_POINT('',#3096);
#1181=VERTEX_POINT('',#3098);
#1182=VERTEX_POINT('',#3099);
#1183=VERTEX_POINT('',#3101);
#1184=VERTEX_POINT('',#3103);
#1185=VERTEX_POINT('',#3107);
#1186=VERTEX_POINT('',#3108);
#1187=VERTEX_POINT('',#3113);
#1188=VERTEX_POINT('',#3117);
#1189=VERTEX_POINT('',#3121);
#1190=VERTEX_POINT('',#3123);
#1191=VERTEX_POINT('',#3125);
#1192=VERTEX_POINT('',#3127);
#1193=VERTEX_POINT('',#3129);
#1194=VERTEX_POINT('',#3131);
#1195=VERTEX_POINT('',#3133);
#1196=VERTEX_POINT('',#3135);
#1197=VERTEX_POINT('',#3137);
#1198=VERTEX_POINT('',#3139);
#1199=VERTEX_POINT('',#3141);
#1200=VERTEX_POINT('',#3143);
#1201=VERTEX_POINT('',#3145);
#1202=VERTEX_POINT('',#3147);
#1203=VERTEX_POINT('',#3149);
#1204=VERTEX_POINT('',#3151);
#1205=VERTEX_POINT('',#3171);
#1206=VERTEX_POINT('',#3172);
#1207=VERTEX_POINT('',#3174);
#1208=VERTEX_POINT('',#3176);
#1209=VERTEX_POINT('',#3180);
#1210=VERTEX_POINT('',#3182);
#1211=VERTEX_POINT('',#3184);
#1212=VERTEX_POINT('',#3187);
#1213=VERTEX_POINT('',#3191);
#1214=VERTEX_POINT('',#3193);
#1215=VERTEX_POINT('',#3198);
#1216=VERTEX_POINT('',#3201);
#1217=VERTEX_POINT('',#3206);
#1218=VERTEX_POINT('',#3211);
#1219=VERTEX_POINT('',#3218);
#1220=VERTEX_POINT('',#3220);
#1221=VERTEX_POINT('',#3223);
#1222=VERTEX_POINT('',#3226);
#1223=VERTEX_POINT('',#3227);
#1224=VERTEX_POINT('',#3229);
#1225=VERTEX_POINT('',#3231);
#1226=VERTEX_POINT('',#3235);
#1227=VERTEX_POINT('',#3237);
#1228=VERTEX_POINT('',#3241);
#1229=VERTEX_POINT('',#3243);
#1230=VERTEX_POINT('',#3247);
#1231=VERTEX_POINT('',#3249);
#1232=VERTEX_POINT('',#3253);
#1233=VERTEX_POINT('',#3255);
#1234=VERTEX_POINT('',#3259);
#1235=VERTEX_POINT('',#3261);
#1236=VERTEX_POINT('',#3269);
#1237=VERTEX_POINT('',#3271);
#1238=VERTEX_POINT('',#3276);
#1239=VERTEX_POINT('',#3278);
#1240=VERTEX_POINT('',#3281);
#1241=VERTEX_POINT('',#3283);
#1242=VERTEX_POINT('',#3289);
#1243=VERTEX_POINT('',#3290);
#1244=VERTEX_POINT('',#3292);
#1245=VERTEX_POINT('',#3294);
#1246=VERTEX_POINT('',#3298);
#1247=VERTEX_POINT('',#3300);
#1248=VERTEX_POINT('',#3302);
#1249=VERTEX_POINT('',#3304);
#1250=VERTEX_POINT('',#3306);
#1251=VERTEX_POINT('',#3308);
#1252=VERTEX_POINT('',#3310);
#1253=VERTEX_POINT('',#3314);
#1254=VERTEX_POINT('',#3315);
#1255=VERTEX_POINT('',#3317);
#1256=VERTEX_POINT('',#3319);
#1257=VERTEX_POINT('',#3323);
#1258=VERTEX_POINT('',#3324);
#1259=VERTEX_POINT('',#3326);
#1260=VERTEX_POINT('',#3328);
#1261=VERTEX_POINT('',#3332);
#1262=VERTEX_POINT('',#3333);
#1263=VERTEX_POINT('',#3335);
#1264=VERTEX_POINT('',#3337);
#1265=VERTEX_POINT('',#3341);
#1266=VERTEX_POINT('',#3343);
#1267=VERTEX_POINT('',#3347);
#1268=VERTEX_POINT('',#3348);
#1269=VERTEX_POINT('',#3350);
#1270=VERTEX_POINT('',#3352);
#1271=VERTEX_POINT('',#3363);
#1272=VERTEX_POINT('',#3368);
#1273=VERTEX_POINT('',#3370);
#1274=VERTEX_POINT('',#3372);
#1275=VERTEX_POINT('',#3374);
#1276=VERTEX_POINT('',#3376);
#1277=VERTEX_POINT('',#3378);
#1278=VERTEX_POINT('',#3380);
#1279=VERTEX_POINT('',#3382);
#1280=VERTEX_POINT('',#3388);
#1281=VERTEX_POINT('',#3390);
#1282=VERTEX_POINT('',#3392);
#1283=VERTEX_POINT('',#3394);
#1284=VERTEX_POINT('',#3413);
#1285=VERTEX_POINT('',#3414);
#1286=VERTEX_POINT('',#3416);
#1287=VERTEX_POINT('',#3418);
#1288=VERTEX_POINT('',#3421);
#1289=VERTEX_POINT('',#3423);
#1290=VERTEX_POINT('',#3425);
#1291=VERTEX_POINT('',#3427);
#1292=VERTEX_POINT('',#3429);
#1293=VERTEX_POINT('',#3431);
#1294=VERTEX_POINT('',#3433);
#1295=VERTEX_POINT('',#3435);
#1296=VERTEX_POINT('',#3437);
#1297=VERTEX_POINT('',#3439);
#1298=VERTEX_POINT('',#3441);
#1299=VERTEX_POINT('',#3443);
#1300=VERTEX_POINT('',#3445);
#1301=VERTEX_POINT('',#3446);
#1302=VERTEX_POINT('',#3448);
#1303=VERTEX_POINT('',#3450);
#1304=VERTEX_POINT('',#3454);
#1305=VERTEX_POINT('',#3455);
#1306=VERTEX_POINT('',#3457);
#1307=VERTEX_POINT('',#3459);
#1308=VERTEX_POINT('',#3461);
#1309=VERTEX_POINT('',#3463);
#1310=VERTEX_POINT('',#3467);
#1311=VERTEX_POINT('',#3469);
#1312=VERTEX_POINT('',#3473);
#1313=VERTEX_POINT('',#3475);
#1314=VERTEX_POINT('',#3479);
#1315=VERTEX_POINT('',#3483);
#1316=VERTEX_POINT('',#3487);
#1317=VERTEX_POINT('',#3488);
#1318=VERTEX_POINT('',#3490);
#1319=VERTEX_POINT('',#3492);
#1320=VERTEX_POINT('',#3494);
#1321=VERTEX_POINT('',#3496);
#1322=VERTEX_POINT('',#3504);
#1323=VERTEX_POINT('',#3506);
#1324=VERTEX_POINT('',#3508);
#1325=VERTEX_POINT('',#3510);
#1326=VERTEX_POINT('',#3512);
#1327=VERTEX_POINT('',#3514);
#1328=VERTEX_POINT('',#3520);
#1329=VERTEX_POINT('',#3522);
#1330=VERTEX_POINT('',#3524);
#1331=VERTEX_POINT('',#3526);
#1332=VERTEX_POINT('',#3528);
#1333=VERTEX_POINT('',#3530);
#1334=VERTEX_POINT('',#3534);
#1335=VERTEX_POINT('',#3536);
#1336=VERTEX_POINT('',#3540);
#1337=VERTEX_POINT('',#3542);
#1338=VERTEX_POINT('',#3563);
#1339=VERTEX_POINT('',#3565);
#1340=VERTEX_POINT('',#3567);
#1341=VERTEX_POINT('',#3569);
#1342=VERTEX_POINT('',#3570);
#1343=VERTEX_POINT('',#3575);
#1344=VERTEX_POINT('',#3577);
#1345=VERTEX_POINT('',#3579);
#1346=VERTEX_POINT('',#3581);
#1347=VERTEX_POINT('',#3583);
#1348=CIRCLE('',#2199,0.0127);
#1349=CIRCLE('',#2204,0.0032639);
#1350=CIRCLE('',#2205,0.0127);
#1351=CIRCLE('',#2209,0.0127);
#1352=CIRCLE('',#2213,0.0127);
#1353=CIRCLE('',#2215,0.0032639);
#1354=CIRCLE('',#2220,0.0032639);
#1355=CIRCLE('',#2221,0.0032639);
#1356=CIRCLE('',#2222,0.0032639);
#1357=CIRCLE('',#2223,0.0032639);
#1358=CIRCLE('',#2224,0.0032639);
#1359=CIRCLE('',#2225,0.0032639);
#1360=CIRCLE('',#2226,0.0032639);
#1361=CIRCLE('',#2227,0.0032639);
#1362=CIRCLE('',#2228,0.0032639);
#1363=CIRCLE('',#2229,0.0032639);
#1364=CIRCLE('',#2230,0.0032639);
#1365=CIRCLE('',#2231,0.0032639);
#1366=CIRCLE('',#2232,0.0032639);
#1367=CIRCLE('',#2233,0.0032639);
#1368=CIRCLE('',#2234,0.0032639);
#1369=CIRCLE('',#2235,0.0032639);
#1370=CIRCLE('',#2240,0.0032639);
#1371=CIRCLE('',#2241,0.0032639);
#1372=CIRCLE('',#2242,0.0032639);
#1373=CIRCLE('',#2243,0.0032639);
#1374=CIRCLE('',#2244,0.0032639);
#1375=CIRCLE('',#2245,0.0032639);
#1376=CIRCLE('',#2246,0.0032639);
#1377=CIRCLE('',#2247,0.0032639);
#1378=CIRCLE('',#2248,0.0032639);
#1379=CIRCLE('',#2249,0.0032639);
#1380=CIRCLE('',#2250,0.0032639);
#1381=CIRCLE('',#2251,0.0032639);
#1382=CIRCLE('',#2252,0.0032639);
#1383=CIRCLE('',#2253,0.0032639);
#1384=CIRCLE('',#2254,0.0032639);
#1385=CIRCLE('',#2255,0.0032639);
#1386=CIRCLE('',#2278,0.003175);
#1387=CIRCLE('',#2281,0.003175);
#1388=CIRCLE('',#2286,0.003048);
#1389=CIRCLE('',#2287,0.003048);
#1390=CIRCLE('',#2289,0.0024892);
#1391=CIRCLE('',#2300,0.0024892);
#1392=CIRCLE('',#2304,0.0127);
#1393=CIRCLE('',#2305,0.0127);
#1394=CIRCLE('',#2307,0.00508);
#1395=CIRCLE('',#2308,0.00508);
#1396=CIRCLE('',#2314,0.0032639);
#1397=CIRCLE('',#2315,0.0032639);
#1398=CIRCLE('',#2316,0.0032639);
#1399=CIRCLE('',#2317,0.0032639);
#1400=CIRCLE('',#2327,0.0032639);
#1401=CIRCLE('',#2328,0.0032639);
#1402=CIRCLE('',#2329,0.0032639);
#1403=CIRCLE('',#2330,0.0032639);
#1404=CIRCLE('',#2331,0.0032639);
#1405=CIRCLE('',#2332,0.0032639);
#1406=CIRCLE('',#2333,0.0032639);
#1407=CIRCLE('',#2334,0.0032639);
#1408=CIRCLE('',#2336,0.0032639);
#1409=CIRCLE('',#2337,0.0032639);
#1410=CIRCLE('',#2338,0.0032639);
#1411=CIRCLE('',#2339,0.0032639);
#1412=CIRCLE('',#2355,0.0032639);
#1413=CIRCLE('',#2356,0.0032639);
#1414=CIRCLE('',#2357,0.0032639);
#1415=CIRCLE('',#2358,0.0032639);
#1416=CIRCLE('',#2359,0.0032639);
#1417=CIRCLE('',#2360,0.0032639);
#1418=CIRCLE('',#2361,0.0032639);
#1419=CIRCLE('',#2362,0.0032639);
#1420=CIRCLE('',#2363,0.0032639);
#1421=CIRCLE('',#2364,0.0032639);
#1422=CIRCLE('',#2365,0.0032639);
#1423=CIRCLE('',#2366,0.0032639);
#1424=CIRCLE('',#2367,0.003175);
#1425=CIRCLE('',#2368,0.003175);
#1426=CIRCLE('',#2377,0.0032639);
#1427=CIRCLE('',#2378,0.0032639);
#1428=CIRCLE('',#2379,0.0032639);
#1429=CIRCLE('',#2380,0.0032639);
#1430=CIRCLE('',#2381,0.0032639);
#1431=CIRCLE('',#2382,0.0032639);
#1432=CIRCLE('',#2385,0.0032639);
#1433=CIRCLE('',#2386,0.0032639);
#1434=CIRCLE('',#2387,0.0032639);
#1435=CIRCLE('',#2388,0.0032639);
#1436=CIRCLE('',#2389,0.0032639);
#1437=CIRCLE('',#2390,0.0032639);
#1438=CIRCLE('',#2409,0.0032639);
#1439=CIRCLE('',#2410,0.0032639);
#1440=CIRCLE('',#2411,0.0032639);
#1441=CIRCLE('',#2413,0.0032639);
#1442=CIRCLE('',#2414,0.0032639);
#1443=CIRCLE('',#2415,0.0032639);
#1444=CIRCLE('',#2417,0.003175);
#1445=CIRCLE('',#2418,0.003175);
#1446=EDGE_LOOP('',(#412));
#1447=EDGE_LOOP('',(#413,#414));
#1448=EDGE_LOOP('',(#415));
#1449=EDGE_LOOP('',(#416));
#1450=EDGE_LOOP('',(#417));
#1451=EDGE_LOOP('',(#418));
#1452=EDGE_LOOP('',(#419,#420));
#1453=EDGE_LOOP('',(#421));
#1454=EDGE_LOOP('',(#422));
#1455=EDGE_LOOP('',(#423,#424));
#1456=EDGE_LOOP('',(#425));
#1457=EDGE_LOOP('',(#426,#427));
#1458=EDGE_LOOP('',(#428));
#1459=EDGE_LOOP('',(#429));
#1460=EDGE_LOOP('',(#430));
#1461=EDGE_LOOP('',(#431));
#1462=EDGE_LOOP('',(#432,#433,#434,#435));
#1463=EDGE_LOOP('',(#436));
#1464=EDGE_LOOP('',(#437));
#1465=EDGE_LOOP('',(#438));
#1466=EDGE_LOOP('',(#439));
#1467=EDGE_LOOP('',(#440));
#1468=EDGE_LOOP('',(#441));
#1469=EDGE_LOOP('',(#442));
#1470=EDGE_LOOP('',(#443));
#1471=EDGE_LOOP('',(#444));
#1472=EDGE_LOOP('',(#445));
#1473=EDGE_LOOP('',(#446));
#1474=EDGE_LOOP('',(#447));
#1475=EDGE_LOOP('',(#448));
#1476=EDGE_LOOP('',(#449));
#1477=EDGE_LOOP('',(#450));
#1478=EDGE_LOOP('',(#451));
#1479=EDGE_LOOP('',(#452,#453,#454,#455));
#1480=EDGE_LOOP('',(#456,#457,#458,#459));
#1481=EDGE_LOOP('',(#460,#461,#462,#463));
#1482=EDGE_LOOP('',(#464,#465,#466,#467));
#1483=EDGE_LOOP('',(#468));
#1484=EDGE_LOOP('',(#469));
#1485=EDGE_LOOP('',(#470));
#1486=EDGE_LOOP('',(#471));
#1487=EDGE_LOOP('',(#472));
#1488=EDGE_LOOP('',(#473));
#1489=EDGE_LOOP('',(#474));
#1490=EDGE_LOOP('',(#475));
#1491=EDGE_LOOP('',(#476));
#1492=EDGE_LOOP('',(#477));
#1493=EDGE_LOOP('',(#478));
#1494=EDGE_LOOP('',(#479));
#1495=EDGE_LOOP('',(#480));
#1496=EDGE_LOOP('',(#481));
#1497=EDGE_LOOP('',(#482));
#1498=EDGE_LOOP('',(#483));
#1499=EDGE_LOOP('',(#484,#485,#486,#487));
#1500=EDGE_LOOP('',(#488));
#1501=EDGE_LOOP('',(#489));
#1502=EDGE_LOOP('',(#490));
#1503=EDGE_LOOP('',(#491));
#1504=EDGE_LOOP('',(#492));
#1505=EDGE_LOOP('',(#493));
#1506=EDGE_LOOP('',(#494));
#1507=EDGE_LOOP('',(#495));
#1508=EDGE_LOOP('',(#496));
#1509=EDGE_LOOP('',(#497));
#1510=EDGE_LOOP('',(#498));
#1511=EDGE_LOOP('',(#499));
#1512=EDGE_LOOP('',(#500));
#1513=EDGE_LOOP('',(#501));
#1514=EDGE_LOOP('',(#502));
#1515=EDGE_LOOP('',(#503));
#1516=EDGE_LOOP('',(#504));
#1517=EDGE_LOOP('',(#505));
#1518=EDGE_LOOP('',(#506));
#1519=EDGE_LOOP('',(#507));
#1520=EDGE_LOOP('',(#508));
#1521=EDGE_LOOP('',(#509));
#1522=EDGE_LOOP('',(#510));
#1523=EDGE_LOOP('',(#511));
#1524=EDGE_LOOP('',(#512));
#1525=EDGE_LOOP('',(#513));
#1526=EDGE_LOOP('',(#514));
#1527=EDGE_LOOP('',(#515));
#1528=EDGE_LOOP('',(#516));
#1529=EDGE_LOOP('',(#517));
#1530=EDGE_LOOP('',(#518));
#1531=EDGE_LOOP('',(#519));
#1532=EDGE_LOOP('',(#520,#521,#522,#523));
#1533=EDGE_LOOP('',(#524,#525,#526,#527,#528,#529,#530,#531));
#1534=EDGE_LOOP('',(#532,#533,#534,#535));
#1535=EDGE_LOOP('',(#536,#537,#538,#539,#540,#541,#542,#543));
#1536=EDGE_LOOP('',(#544,#545,#546,#547));
#1537=EDGE_LOOP('',(#548,#549,#550,#551));
#1538=EDGE_LOOP('',(#552));
#1539=EDGE_LOOP('',(#553,#554,#555,#556));
#1540=EDGE_LOOP('',(#557,#558,#559,#560));
#1541=EDGE_LOOP('',(#561));
#1542=EDGE_LOOP('',(#562,#563,#564,#565));
#1543=EDGE_LOOP('',(#566,#567,#568,#569));
#1544=EDGE_LOOP('',(#570));
#1545=EDGE_LOOP('',(#571));
#1546=EDGE_LOOP('',(#572));
#1547=EDGE_LOOP('',(#573));
#1548=EDGE_LOOP('',(#574));
#1549=EDGE_LOOP('',(#575));
#1550=EDGE_LOOP('',(#576,#577,#578,#579));
#1551=EDGE_LOOP('',(#580,#581,#582,#583));
#1552=EDGE_LOOP('',(#584,#585,#586,#587));
#1553=EDGE_LOOP('',(#588,#589,#590,#591));
#1554=EDGE_LOOP('',(#592,#593,#594,#595));
#1555=EDGE_LOOP('',(#596,#597,#598,#599));
#1556=EDGE_LOOP('',(#600,#601,#602,#603));
#1557=EDGE_LOOP('',(#604));
#1558=EDGE_LOOP('',(#605,#606,#607,#608,#609,#610,#611));
#1559=EDGE_LOOP('',(#612,#613,#614,#615,#616,#617,#618));
#1560=EDGE_LOOP('',(#619));
#1561=EDGE_LOOP('',(#620));
#1562=EDGE_LOOP('',(#621));
#1563=EDGE_LOOP('',(#622));
#1564=EDGE_LOOP('',(#623));
#1565=EDGE_LOOP('',(#624));
#1566=EDGE_LOOP('',(#625));
#1567=EDGE_LOOP('',(#626));
#1568=EDGE_LOOP('',(#627));
#1569=EDGE_LOOP('',(#628));
#1570=EDGE_LOOP('',(#629));
#1571=EDGE_LOOP('',(#630,#631,#632,#633));
#1572=EDGE_LOOP('',(#634));
#1573=EDGE_LOOP('',(#635));
#1574=EDGE_LOOP('',(#636));
#1575=EDGE_LOOP('',(#637));
#1576=EDGE_LOOP('',(#638,#639,#640,#641,#642));
#1577=EDGE_LOOP('',(#643,#644,#645,#646));
#1578=EDGE_LOOP('',(#647,#648,#649,#650));
#1579=EDGE_LOOP('',(#651,#652,#653,#654));
#1580=EDGE_LOOP('',(#655,#656,#657,#658));
#1581=EDGE_LOOP('',(#659,#660,#661,#662));
#1582=EDGE_LOOP('',(#663,#664,#665,#666));
#1583=EDGE_LOOP('',(#667,#668,#669,#670,#671,#672));
#1584=EDGE_LOOP('',(#673,#674,#675,#676,#677,#678,#679,#680));
#1585=EDGE_LOOP('',(#681));
#1586=EDGE_LOOP('',(#682));
#1587=EDGE_LOOP('',(#683));
#1588=EDGE_LOOP('',(#684));
#1589=EDGE_LOOP('',(#685));
#1590=EDGE_LOOP('',(#686));
#1591=EDGE_LOOP('',(#687));
#1592=EDGE_LOOP('',(#688));
#1593=EDGE_LOOP('',(#689,#690,#691,#692));
#1594=EDGE_LOOP('',(#693,#694,#695,#696,#697));
#1595=EDGE_LOOP('',(#698));
#1596=EDGE_LOOP('',(#699));
#1597=EDGE_LOOP('',(#700));
#1598=EDGE_LOOP('',(#701));
#1599=EDGE_LOOP('',(#702,#703,#704,#705,#706,#707));
#1600=EDGE_LOOP('',(#708,#709,#710,#711,#712,#713));
#1601=EDGE_LOOP('',(#714));
#1602=EDGE_LOOP('',(#715));
#1603=EDGE_LOOP('',(#716));
#1604=EDGE_LOOP('',(#717));
#1605=EDGE_LOOP('',(#718));
#1606=EDGE_LOOP('',(#719));
#1607=EDGE_LOOP('',(#720));
#1608=EDGE_LOOP('',(#721));
#1609=EDGE_LOOP('',(#722));
#1610=EDGE_LOOP('',(#723));
#1611=EDGE_LOOP('',(#724));
#1612=EDGE_LOOP('',(#725));
#1613=EDGE_LOOP('',(#726));
#1614=EDGE_LOOP('',(#727));
#1615=EDGE_LOOP('',(#728));
#1616=EDGE_LOOP('',(#729));
#1617=EDGE_LOOP('',(#730,#731,#732,#733,#734,#735,#736,#737));
#1618=EDGE_LOOP('',(#738,#739,#740,#741));
#1619=EDGE_LOOP('',(#742,#743,#744,#745));
#1620=EDGE_LOOP('',(#746));
#1621=EDGE_LOOP('',(#747));
#1622=EDGE_LOOP('',(#748));
#1623=EDGE_LOOP('',(#749));
#1624=EDGE_LOOP('',(#750));
#1625=EDGE_LOOP('',(#751));
#1626=EDGE_LOOP('',(#752));
#1627=EDGE_LOOP('',(#753));
#1628=EDGE_LOOP('',(#754));
#1629=EDGE_LOOP('',(#755));
#1630=EDGE_LOOP('',(#756));
#1631=EDGE_LOOP('',(#757));
#1632=EDGE_LOOP('',(#758,#759,#760,#761));
#1633=EDGE_LOOP('',(#762,#763,#764,#765,#766,#767));
#1634=EDGE_LOOP('',(#768,#769,#770,#771));
#1635=EDGE_LOOP('',(#772,#773,#774,#775));
#1636=EDGE_LOOP('',(#776,#777,#778,#779,#780,#781,#782,#783));
#1637=EDGE_LOOP('',(#784,#785,#786,#787,#788,#789,#790,#791));
#1638=EDGE_LOOP('',(#792,#793,#794,#795));
#1639=EDGE_LOOP('',(#796,#797,#798,#799));
#1640=EDGE_LOOP('',(#800));
#1641=EDGE_LOOP('',(#801));
#1642=EDGE_LOOP('',(#802));
#1643=EDGE_LOOP('',(#803));
#1644=EDGE_LOOP('',(#804));
#1645=EDGE_LOOP('',(#805));
#1646=EDGE_LOOP('',(#806,#807,#808,#809,#810));
#1647=EDGE_LOOP('',(#811,#812,#813,#814));
#1648=EDGE_LOOP('',(#815));
#1649=EDGE_LOOP('',(#816));
#1650=EDGE_LOOP('',(#817));
#1651=EDGE_LOOP('',(#818));
#1652=EDGE_LOOP('',(#819));
#1653=EDGE_LOOP('',(#820));
#1654=EDGE_LOOP('',(#821,#822,#823,#824,#825));
#1655=EDGE_LOOP('',(#826,#827,#828,#829,#830,#831));
#1656=EDGE_LOOP('',(#832,#833,#834,#835,#836,#837));
#1657=EDGE_LOOP('',(#838,#839,#840,#841));
#1658=EDGE_LOOP('',(#842,#843,#844,#845));
#1659=EDGE_LOOP('',(#846,#847,#848,#849));
#1660=EDGE_LOOP('',(#850));
#1661=EDGE_LOOP('',(#851));
#1662=EDGE_LOOP('',(#852));
#1663=EDGE_LOOP('',(#853));
#1664=EDGE_LOOP('',(#854));
#1665=EDGE_LOOP('',(#855));
#1666=EDGE_LOOP('',(#856));
#1667=EDGE_LOOP('',(#857));
#1668=EDGE_LOOP('',(#858));
#1669=EDGE_LOOP('',(#859));
#1670=EDGE_LOOP('',(#860));
#1671=EDGE_LOOP('',(#861));
#1672=EDGE_LOOP('',(#862));
#1673=EDGE_LOOP('',(#863));
#1674=EDGE_LOOP('',(#864));
#1675=EDGE_LOOP('',(#865));
#1676=EDGE_LOOP('',(#866));
#1677=EDGE_LOOP('',(#867));
#1678=EDGE_LOOP('',(#868));
#1679=EDGE_LOOP('',(#869));
#1680=EDGE_LOOP('',(#870));
#1681=EDGE_LOOP('',(#871));
#1682=EDGE_LOOP('',(#872));
#1683=EDGE_LOOP('',(#873));
#1684=EDGE_LOOP('',(#874));
#1685=EDGE_LOOP('',(#875));
#1686=EDGE_LOOP('',(#876));
#1687=EDGE_LOOP('',(#877,#878,#879,#880));
#1688=EDGE_LOOP('',(#881));
#1689=EDGE_LOOP('',(#882));
#1690=EDGE_LOOP('',(#883));
#1691=EDGE_LOOP('',(#884,#885,#886,#887));
#1692=EDGE_LOOP('',(#888,#889,#890,#891));
#1693=EDGE_LOOP('',(#892));
#1694=EDGE_LOOP('',(#893));
#1695=EDGE_LOOP('',(#894));
#1696=EDGE_LOOP('',(#895));
#1697=EDGE_LOOP('',(#896));
#1698=EDGE_LOOP('',(#897));
#1699=EDGE_LOOP('',(#898,#899,#900,#901));
#1700=EDGE_LOOP('',(#902,#903,#904,#905));
#1701=FACE_BOUND('',#1446,.T.);
#1702=FACE_BOUND('',#1447,.T.);
#1703=FACE_BOUND('',#1448,.T.);
#1704=FACE_BOUND('',#1449,.T.);
#1705=FACE_BOUND('',#1450,.T.);
#1706=FACE_BOUND('',#1451,.T.);
#1707=FACE_BOUND('',#1452,.T.);
#1708=FACE_BOUND('',#1453,.T.);
#1709=FACE_BOUND('',#1454,.T.);
#1710=FACE_BOUND('',#1455,.T.);
#1711=FACE_BOUND('',#1456,.T.);
#1712=FACE_BOUND('',#1457,.T.);
#1713=FACE_BOUND('',#1458,.T.);
#1714=FACE_BOUND('',#1459,.T.);
#1715=FACE_BOUND('',#1460,.T.);
#1716=FACE_BOUND('',#1461,.T.);
#1717=FACE_BOUND('',#1462,.T.);
#1718=FACE_BOUND('',#1463,.T.);
#1719=FACE_BOUND('',#1464,.T.);
#1720=FACE_BOUND('',#1465,.T.);
#1721=FACE_BOUND('',#1466,.T.);
#1722=FACE_BOUND('',#1467,.T.);
#1723=FACE_BOUND('',#1468,.T.);
#1724=FACE_BOUND('',#1469,.T.);
#1725=FACE_BOUND('',#1470,.T.);
#1726=FACE_BOUND('',#1471,.T.);
#1727=FACE_BOUND('',#1472,.T.);
#1728=FACE_BOUND('',#1473,.T.);
#1729=FACE_BOUND('',#1474,.T.);
#1730=FACE_BOUND('',#1475,.T.);
#1731=FACE_BOUND('',#1476,.T.);
#1732=FACE_BOUND('',#1477,.T.);
#1733=FACE_BOUND('',#1478,.T.);
#1734=FACE_BOUND('',#1479,.T.);
#1735=FACE_BOUND('',#1480,.T.);
#1736=FACE_BOUND('',#1481,.T.);
#1737=FACE_BOUND('',#1482,.T.);
#1738=FACE_BOUND('',#1483,.T.);
#1739=FACE_BOUND('',#1484,.T.);
#1740=FACE_BOUND('',#1485,.T.);
#1741=FACE_BOUND('',#1486,.T.);
#1742=FACE_BOUND('',#1487,.T.);
#1743=FACE_BOUND('',#1488,.T.);
#1744=FACE_BOUND('',#1489,.T.);
#1745=FACE_BOUND('',#1490,.T.);
#1746=FACE_BOUND('',#1491,.T.);
#1747=FACE_BOUND('',#1492,.T.);
#1748=FACE_BOUND('',#1493,.T.);
#1749=FACE_BOUND('',#1494,.T.);
#1750=FACE_BOUND('',#1495,.T.);
#1751=FACE_BOUND('',#1496,.T.);
#1752=FACE_BOUND('',#1497,.T.);
#1753=FACE_BOUND('',#1498,.T.);
#1754=FACE_BOUND('',#1499,.T.);
#1755=FACE_BOUND('',#1500,.T.);
#1756=FACE_BOUND('',#1501,.T.);
#1757=FACE_BOUND('',#1502,.T.);
#1758=FACE_BOUND('',#1503,.T.);
#1759=FACE_BOUND('',#1504,.T.);
#1760=FACE_BOUND('',#1505,.T.);
#1761=FACE_BOUND('',#1506,.T.);
#1762=FACE_BOUND('',#1507,.T.);
#1763=FACE_BOUND('',#1508,.T.);
#1764=FACE_BOUND('',#1509,.T.);
#1765=FACE_BOUND('',#1510,.T.);
#1766=FACE_BOUND('',#1511,.T.);
#1767=FACE_BOUND('',#1512,.T.);
#1768=FACE_BOUND('',#1513,.T.);
#1769=FACE_BOUND('',#1514,.T.);
#1770=FACE_BOUND('',#1515,.T.);
#1771=FACE_BOUND('',#1516,.T.);
#1772=FACE_BOUND('',#1517,.T.);
#1773=FACE_BOUND('',#1518,.T.);
#1774=FACE_BOUND('',#1519,.T.);
#1775=FACE_BOUND('',#1520,.T.);
#1776=FACE_BOUND('',#1521,.T.);
#1777=FACE_BOUND('',#1522,.T.);
#1778=FACE_BOUND('',#1523,.T.);
#1779=FACE_BOUND('',#1524,.T.);
#1780=FACE_BOUND('',#1525,.T.);
#1781=FACE_BOUND('',#1526,.T.);
#1782=FACE_BOUND('',#1527,.T.);
#1783=FACE_BOUND('',#1528,.T.);
#1784=FACE_BOUND('',#1529,.T.);
#1785=FACE_BOUND('',#1530,.T.);
#1786=FACE_BOUND('',#1531,.T.);
#1787=FACE_BOUND('',#1532,.T.);
#1788=FACE_BOUND('',#1533,.T.);
#1789=FACE_BOUND('',#1534,.T.);
#1790=FACE_BOUND('',#1535,.T.);
#1791=FACE_BOUND('',#1536,.T.);
#1792=FACE_BOUND('',#1537,.T.);
#1793=FACE_BOUND('',#1538,.T.);
#1794=FACE_BOUND('',#1539,.T.);
#1795=FACE_BOUND('',#1540,.T.);
#1796=FACE_BOUND('',#1541,.T.);
#1797=FACE_BOUND('',#1542,.T.);
#1798=FACE_BOUND('',#1543,.T.);
#1799=FACE_BOUND('',#1544,.T.);
#1800=FACE_BOUND('',#1545,.T.);
#1801=FACE_BOUND('',#1546,.T.);
#1802=FACE_BOUND('',#1547,.T.);
#1803=FACE_BOUND('',#1548,.T.);
#1804=FACE_BOUND('',#1549,.T.);
#1805=FACE_BOUND('',#1550,.T.);
#1806=FACE_BOUND('',#1551,.T.);
#1807=FACE_BOUND('',#1552,.T.);
#1808=FACE_BOUND('',#1553,.T.);
#1809=FACE_BOUND('',#1554,.T.);
#1810=FACE_BOUND('',#1555,.T.);
#1811=FACE_BOUND('',#1556,.T.);
#1812=FACE_BOUND('',#1557,.T.);
#1813=FACE_BOUND('',#1558,.T.);
#1814=FACE_BOUND('',#1559,.T.);
#1815=FACE_BOUND('',#10,.T.);
#1816=FACE_BOUND('',#1560,.T.);
#1817=FACE_BOUND('',#1561,.T.);
#1818=FACE_BOUND('',#1562,.T.);
#1819=FACE_BOUND('',#1563,.T.);
#1820=FACE_BOUND('',#1564,.T.);
#1821=FACE_BOUND('',#1565,.T.);
#1822=FACE_BOUND('',#1566,.T.);
#1823=FACE_BOUND('',#1567,.T.);
#1824=FACE_BOUND('',#1568,.T.);
#1825=FACE_BOUND('',#1569,.T.);
#1826=FACE_BOUND('',#1570,.T.);
#1827=FACE_BOUND('',#1571,.T.);
#1828=FACE_BOUND('',#1572,.T.);
#1829=FACE_BOUND('',#1573,.T.);
#1830=FACE_BOUND('',#1574,.T.);
#1831=FACE_BOUND('',#1575,.T.);
#1832=FACE_BOUND('',#1576,.T.);
#1833=FACE_BOUND('',#1577,.T.);
#1834=FACE_BOUND('',#1578,.T.);
#1835=FACE_BOUND('',#1579,.T.);
#1836=FACE_BOUND('',#1580,.T.);
#1837=FACE_BOUND('',#1581,.T.);
#1838=FACE_BOUND('',#1582,.T.);
#1839=FACE_BOUND('',#1583,.T.);
#1840=FACE_BOUND('',#1584,.T.);
#1841=FACE_BOUND('',#1585,.T.);
#1842=FACE_BOUND('',#1586,.T.);
#1843=FACE_BOUND('',#1587,.T.);
#1844=FACE_BOUND('',#1588,.T.);
#1845=FACE_BOUND('',#1589,.T.);
#1846=FACE_BOUND('',#1590,.T.);
#1847=FACE_BOUND('',#1591,.T.);
#1848=FACE_BOUND('',#1592,.T.);
#1849=FACE_BOUND('',#1593,.T.);
#1850=FACE_BOUND('',#1594,.T.);
#1851=FACE_BOUND('',#1595,.T.);
#1852=FACE_BOUND('',#1596,.T.);
#1853=FACE_BOUND('',#1597,.T.);
#1854=FACE_BOUND('',#1598,.T.);
#1855=FACE_BOUND('',#1599,.T.);
#1856=FACE_BOUND('',#1600,.T.);
#1857=FACE_BOUND('',#1601,.T.);
#1858=FACE_BOUND('',#1602,.T.);
#1859=FACE_BOUND('',#1603,.T.);
#1860=FACE_BOUND('',#1604,.T.);
#1861=FACE_BOUND('',#1605,.T.);
#1862=FACE_BOUND('',#1606,.T.);
#1863=FACE_BOUND('',#1607,.T.);
#1864=FACE_BOUND('',#1608,.T.);
#1865=FACE_BOUND('',#1609,.T.);
#1866=FACE_BOUND('',#1610,.T.);
#1867=FACE_BOUND('',#1611,.T.);
#1868=FACE_BOUND('',#1612,.T.);
#1869=FACE_BOUND('',#1613,.T.);
#1870=FACE_BOUND('',#1614,.T.);
#1871=FACE_BOUND('',#1615,.T.);
#1872=FACE_BOUND('',#1616,.T.);
#1873=FACE_BOUND('',#1617,.T.);
#1874=FACE_BOUND('',#1618,.T.);
#1875=FACE_BOUND('',#1619,.T.);
#1876=FACE_BOUND('',#1620,.T.);
#1877=FACE_BOUND('',#1621,.T.);
#1878=FACE_BOUND('',#1622,.T.);
#1879=FACE_BOUND('',#1623,.T.);
#1880=FACE_BOUND('',#1624,.T.);
#1881=FACE_BOUND('',#1625,.T.);
#1882=FACE_BOUND('',#1626,.T.);
#1883=FACE_BOUND('',#1627,.T.);
#1884=FACE_BOUND('',#1628,.T.);
#1885=FACE_BOUND('',#1629,.T.);
#1886=FACE_BOUND('',#1630,.T.);
#1887=FACE_BOUND('',#1631,.T.);
#1888=FACE_BOUND('',#1632,.T.);
#1889=FACE_BOUND('',#1633,.T.);
#1890=FACE_BOUND('',#1634,.T.);
#1891=FACE_BOUND('',#1635,.T.);
#1892=FACE_BOUND('',#1636,.T.);
#1893=FACE_BOUND('',#1637,.T.);
#1894=FACE_BOUND('',#1638,.T.);
#1895=FACE_BOUND('',#1639,.T.);
#1896=FACE_BOUND('',#1640,.T.);
#1897=FACE_BOUND('',#1641,.T.);
#1898=FACE_BOUND('',#1642,.T.);
#1899=FACE_BOUND('',#1643,.T.);
#1900=FACE_BOUND('',#1644,.T.);
#1901=FACE_BOUND('',#1645,.T.);
#1902=FACE_BOUND('',#1646,.T.);
#1903=FACE_BOUND('',#1647,.T.);
#1904=FACE_BOUND('',#1648,.T.);
#1905=FACE_BOUND('',#1649,.T.);
#1906=FACE_BOUND('',#1650,.T.);
#1907=FACE_BOUND('',#1651,.T.);
#1908=FACE_BOUND('',#1652,.T.);
#1909=FACE_BOUND('',#1653,.T.);
#1910=FACE_BOUND('',#1654,.T.);
#1911=FACE_BOUND('',#1655,.T.);
#1912=FACE_BOUND('',#1656,.T.);
#1913=FACE_BOUND('',#1657,.T.);
#1914=FACE_BOUND('',#1658,.T.);
#1915=FACE_BOUND('',#1659,.T.);
#1916=FACE_BOUND('',#1660,.T.);
#1917=FACE_BOUND('',#1661,.T.);
#1918=FACE_BOUND('',#1662,.T.);
#1919=FACE_BOUND('',#1663,.T.);
#1920=FACE_BOUND('',#1664,.T.);
#1921=FACE_BOUND('',#1665,.T.);
#1922=FACE_BOUND('',#1666,.T.);
#1923=FACE_BOUND('',#1667,.T.);
#1924=FACE_BOUND('',#1668,.T.);
#1925=FACE_BOUND('',#1669,.T.);
#1926=FACE_BOUND('',#1670,.T.);
#1927=FACE_BOUND('',#1671,.T.);
#1928=FACE_BOUND('',#1672,.T.);
#1929=FACE_BOUND('',#1673,.T.);
#1930=FACE_BOUND('',#1674,.T.);
#1931=FACE_BOUND('',#1675,.T.);
#1932=FACE_BOUND('',#1676,.T.);
#1933=FACE_BOUND('',#1677,.T.);
#1934=FACE_BOUND('',#1678,.T.);
#1935=FACE_BOUND('',#1679,.T.);
#1936=FACE_BOUND('',#1680,.T.);
#1937=FACE_BOUND('',#1681,.T.);
#1938=FACE_BOUND('',#1682,.T.);
#1939=FACE_BOUND('',#1683,.T.);
#1940=FACE_BOUND('',#1684,.T.);
#1941=FACE_BOUND('',#1685,.T.);
#1942=FACE_BOUND('',#1686,.T.);
#1943=FACE_BOUND('',#1687,.T.);
#1944=FACE_BOUND('',#1688,.T.);
#1945=FACE_BOUND('',#1689,.T.);
#1946=FACE_BOUND('',#1690,.T.);
#1947=FACE_BOUND('',#1691,.T.);
#1948=FACE_BOUND('',#1692,.T.);
#1949=FACE_BOUND('',#1693,.T.);
#1950=FACE_BOUND('',#1694,.T.);
#1951=FACE_BOUND('',#1695,.T.);
#1952=FACE_BOUND('',#1696,.T.);
#1953=FACE_BOUND('',#1697,.T.);
#1954=FACE_BOUND('',#1698,.T.);
#1955=FACE_BOUND('',#1699,.T.);
#1956=FACE_BOUND('',#1700,.T.);
#1957=CYLINDRICAL_SURFACE('',#2198,0.0127);
#1958=CYLINDRICAL_SURFACE('',#2206,0.0127);
#1959=CYLINDRICAL_SURFACE('',#2210,0.0127);
#1960=CYLINDRICAL_SURFACE('',#2212,0.0127);
#1961=CYLINDRICAL_SURFACE('',#2216,0.0032639);
#1962=CYLINDRICAL_SURFACE('',#2256,0.0032639);
#1963=CYLINDRICAL_SURFACE('',#2257,0.0032639);
#1964=CYLINDRICAL_SURFACE('',#2258,0.0032639);
#1965=CYLINDRICAL_SURFACE('',#2259,0.0032639);
#1966=CYLINDRICAL_SURFACE('',#2260,0.0032639);
#1967=CYLINDRICAL_SURFACE('',#2261,0.0032639);
#1968=CYLINDRICAL_SURFACE('',#2262,0.0032639);
#1969=CYLINDRICAL_SURFACE('',#2263,0.0032639);
#1970=CYLINDRICAL_SURFACE('',#2264,0.0032639);
#1971=CYLINDRICAL_SURFACE('',#2265,0.0032639);
#1972=CYLINDRICAL_SURFACE('',#2266,0.0032639);
#1973=CYLINDRICAL_SURFACE('',#2267,0.0032639);
#1974=CYLINDRICAL_SURFACE('',#2268,0.0032639);
#1975=CYLINDRICAL_SURFACE('',#2269,0.0032639);
#1976=CYLINDRICAL_SURFACE('',#2270,0.0032639);
#1977=CYLINDRICAL_SURFACE('',#2271,0.0032639);
#1978=CYLINDRICAL_SURFACE('',#2283,0.003175);
#1979=CYLINDRICAL_SURFACE('',#2285,0.003048);
#1980=CYLINDRICAL_SURFACE('',#2301,0.0024892);
#1981=CYLINDRICAL_SURFACE('',#2303,0.0127);
#1982=CYLINDRICAL_SURFACE('',#2306,0.00508);
#1983=CYLINDRICAL_SURFACE('',#2342,0.0032639);
#1984=CYLINDRICAL_SURFACE('',#2343,0.0032639);
#1985=CYLINDRICAL_SURFACE('',#2344,0.0032639);
#1986=CYLINDRICAL_SURFACE('',#2345,0.0032639);
#1987=CYLINDRICAL_SURFACE('',#2346,0.0032639);
#1988=CYLINDRICAL_SURFACE('',#2347,0.0032639);
#1989=CYLINDRICAL_SURFACE('',#2348,0.0032639);
#1990=CYLINDRICAL_SURFACE('',#2349,0.0032639);
#1991=CYLINDRICAL_SURFACE('',#2396,0.0032639);
#1992=CYLINDRICAL_SURFACE('',#2397,0.0032639);
#1993=CYLINDRICAL_SURFACE('',#2398,0.0032639);
#1994=CYLINDRICAL_SURFACE('',#2399,0.0032639);
#1995=CYLINDRICAL_SURFACE('',#2400,0.0032639);
#1996=CYLINDRICAL_SURFACE('',#2401,0.0032639);
#1997=CYLINDRICAL_SURFACE('',#2402,0.0032639);
#1998=CYLINDRICAL_SURFACE('',#2403,0.0032639);
#1999=CYLINDRICAL_SURFACE('',#2404,0.0032639);
#2000=CYLINDRICAL_SURFACE('',#2405,0.0032639);
#2001=CYLINDRICAL_SURFACE('',#2406,0.0032639);
#2002=CYLINDRICAL_SURFACE('',#2407,0.0032639);
#2003=CYLINDRICAL_SURFACE('',#2419,0.0032639);
#2004=CYLINDRICAL_SURFACE('',#2420,0.0032639);
#2005=CYLINDRICAL_SURFACE('',#2421,0.0032639);
#2006=CYLINDRICAL_SURFACE('',#2422,0.003175);
#2007=CYLINDRICAL_SURFACE('',#2423,0.003175);
#2008=ADVANCED_FACE('',(#1701,#1702),#1957,.T.);
#2009=ADVANCED_FACE('',(#1703),#342,.T.);
#2010=ADVANCED_FACE('',(#1704,#1705),#343,.F.);
#2011=ADVANCED_FACE('',(#1706,#1707),#1958,.T.);
#2012=ADVANCED_FACE('',(#1708),#344,.F.);
#2013=ADVANCED_FACE('',(#1709,#1710),#1959,.T.);
#2014=ADVANCED_FACE('',(#1711,#1712),#1960,.T.);
#2015=ADVANCED_FACE('',(#1713,#1714),#345,.T.);
#2016=ADVANCED_FACE('',(#1715,#1716),#1961,.F.);
#2017=ADVANCED_FACE('',(#1717),#346,.T.);
#2018=ADVANCED_FACE('',(#1718,#1719,#1720,#1721,#1722,#1723,#1724,#1725,
#1726,#1727,#1728,#1729,#1730,#1731,#1732,#1733,#1734),#347,.T.);
#2019=ADVANCED_FACE('',(#1735),#348,.T.);
#2020=ADVANCED_FACE('',(#1736),#349,.F.);
#2021=ADVANCED_FACE('',(#1737),#350,.T.);
#2022=ADVANCED_FACE('',(#1738,#1739,#1740,#1741,#1742,#1743,#1744,#1745,
#1746,#1747,#1748,#1749,#1750,#1751,#1752,#1753,#1754),#351,.F.);
#2023=ADVANCED_FACE('',(#1755,#1756),#1962,.F.);
#2024=ADVANCED_FACE('',(#1757,#1758),#1963,.F.);
#2025=ADVANCED_FACE('',(#1759,#1760),#1964,.F.);
#2026=ADVANCED_FACE('',(#1761,#1762),#1965,.F.);
#2027=ADVANCED_FACE('',(#1763,#1764),#1966,.F.);
#2028=ADVANCED_FACE('',(#1765,#1766),#1967,.F.);
#2029=ADVANCED_FACE('',(#1767,#1768),#1968,.F.);
#2030=ADVANCED_FACE('',(#1769,#1770),#1969,.F.);
#2031=ADVANCED_FACE('',(#1771,#1772),#1970,.F.);
#2032=ADVANCED_FACE('',(#1773,#1774),#1971,.F.);
#2033=ADVANCED_FACE('',(#1775,#1776),#1972,.F.);
#2034=ADVANCED_FACE('',(#1777,#1778),#1973,.F.);
#2035=ADVANCED_FACE('',(#1779,#1780),#1974,.F.);
#2036=ADVANCED_FACE('',(#1781,#1782),#1975,.F.);
#2037=ADVANCED_FACE('',(#1783,#1784),#1976,.F.);
#2038=ADVANCED_FACE('',(#1785,#1786),#1977,.F.);
#2039=ADVANCED_FACE('',(#1787),#352,.F.);
#2040=ADVANCED_FACE('',(#1788),#353,.F.);
#2041=ADVANCED_FACE('',(#1789),#354,.F.);
#2042=ADVANCED_FACE('',(#1790),#355,.F.);
#2043=ADVANCED_FACE('',(#1791,#1792),#356,.F.);
#2044=ADVANCED_FACE('',(#1793,#1794),#357,.T.);
#2045=ADVANCED_FACE('',(#1795),#358,.T.);
#2046=ADVANCED_FACE('',(#1796,#1797),#359,.F.);
#2047=ADVANCED_FACE('',(#1798),#360,.T.);
#2048=ADVANCED_FACE('',(#1799,#1800),#1978,.T.);
#2049=ADVANCED_FACE('',(#1801,#1802),#1979,.T.);
#2050=ADVANCED_FACE('',(#1803,#1804),#361,.T.);
#2051=ADVANCED_FACE('',(#1805),#362,.F.);
#2052=ADVANCED_FACE('',(#1806),#363,.F.);
#2053=ADVANCED_FACE('',(#1807),#364,.F.);
#2054=ADVANCED_FACE('',(#1808),#365,.F.);
#2055=ADVANCED_FACE('',(#1809),#366,.F.);
#2056=ADVANCED_FACE('',(#1810),#367,.F.);
#2057=ADVANCED_FACE('',(#1811),#368,.F.);
#2058=ADVANCED_FACE('',(#1812,#1813),#369,.T.);
#2059=ADVANCED_FACE('',(#1814),#370,.F.);
#2060=ADVANCED_FACE('',(#1815,#1816),#11,.F.);
#2061=ADVANCED_FACE('',(#1817,#1818),#1980,.F.);
#2062=ADVANCED_FACE('',(#1819,#1820),#1981,.T.);
#2063=ADVANCED_FACE('',(#1821,#1822),#1982,.F.);
#2064=ADVANCED_FACE('',(#1823,#1824),#371,.T.);
#2065=ADVANCED_FACE('',(#1825,#1826),#372,.F.);
#2066=ADVANCED_FACE('',(#1827),#373,.F.);
#2067=ADVANCED_FACE('',(#1828,#1829,#1830,#1831,#1832),#374,.T.);
#2068=ADVANCED_FACE('',(#1833),#375,.T.);
#2069=ADVANCED_FACE('',(#1834),#376,.T.);
#2070=ADVANCED_FACE('',(#1835),#377,.F.);
#2071=ADVANCED_FACE('',(#1836),#378,.F.);
#2072=ADVANCED_FACE('',(#1837),#379,.T.);
#2073=ADVANCED_FACE('',(#1838),#380,.T.);
#2074=ADVANCED_FACE('',(#1839),#381,.F.);
#2075=ADVANCED_FACE('',(#1840),#382,.F.);
#2076=ADVANCED_FACE('',(#1841,#1842,#1843,#1844,#1845,#1846,#1847,#1848,
#1849),#383,.F.);
#2077=ADVANCED_FACE('',(#1850,#1851,#1852,#1853,#1854),#384,.T.);
#2078=ADVANCED_FACE('',(#1855),#385,.T.);
#2079=ADVANCED_FACE('',(#1856),#386,.F.);
#2080=ADVANCED_FACE('',(#1857,#1858),#1983,.F.);
#2081=ADVANCED_FACE('',(#1859,#1860),#1984,.F.);
#2082=ADVANCED_FACE('',(#1861,#1862),#1985,.F.);
#2083=ADVANCED_FACE('',(#1863,#1864),#1986,.F.);
#2084=ADVANCED_FACE('',(#1865,#1866),#1987,.F.);
#2085=ADVANCED_FACE('',(#1867,#1868),#1988,.F.);
#2086=ADVANCED_FACE('',(#1869,#1870),#1989,.F.);
#2087=ADVANCED_FACE('',(#1871,#1872),#1990,.F.);
#2088=ADVANCED_FACE('',(#1873),#387,.T.);
#2089=ADVANCED_FACE('',(#1874),#388,.T.);
#2090=ADVANCED_FACE('',(#1875,#1876,#1877,#1878,#1879,#1880,#1881,#1882,
#1883,#1884,#1885,#1886,#1887,#1888),#389,.F.);
#2091=ADVANCED_FACE('',(#1889),#390,.F.);
#2092=ADVANCED_FACE('',(#1890),#391,.F.);
#2093=ADVANCED_FACE('',(#1891),#392,.T.);
#2094=ADVANCED_FACE('',(#1892),#393,.T.);
#2095=ADVANCED_FACE('',(#1893),#394,.F.);
#2096=ADVANCED_FACE('',(#1894),#395,.T.);
#2097=ADVANCED_FACE('',(#1895),#396,.F.);
#2098=ADVANCED_FACE('',(#1896,#1897,#1898,#1899,#1900,#1901,#1902),#397,
 .T.);
#2099=ADVANCED_FACE('',(#1903),#398,.T.);
#2100=ADVANCED_FACE('',(#1904,#1905,#1906,#1907,#1908,#1909,#1910),#399,
 .T.);
#2101=ADVANCED_FACE('',(#1911),#400,.T.);
#2102=ADVANCED_FACE('',(#1912),#401,.F.);
#2103=ADVANCED_FACE('',(#1913),#402,.T.);
#2104=ADVANCED_FACE('',(#1914),#403,.F.);
#2105=ADVANCED_FACE('',(#1915),#404,.T.);
#2106=ADVANCED_FACE('',(#1916,#1917),#1991,.F.);
#2107=ADVANCED_FACE('',(#1918,#1919),#1992,.F.);
#2108=ADVANCED_FACE('',(#1920,#1921),#1993,.F.);
#2109=ADVANCED_FACE('',(#1922,#1923),#1994,.F.);
#2110=ADVANCED_FACE('',(#1924,#1925),#1995,.F.);
#2111=ADVANCED_FACE('',(#1926,#1927),#1996,.F.);
#2112=ADVANCED_FACE('',(#1928,#1929),#1997,.F.);
#2113=ADVANCED_FACE('',(#1930,#1931),#1998,.F.);
#2114=ADVANCED_FACE('',(#1932,#1933),#1999,.F.);
#2115=ADVANCED_FACE('',(#1934,#1935),#2000,.F.);
#2116=ADVANCED_FACE('',(#1936,#1937),#2001,.F.);
#2117=ADVANCED_FACE('',(#1938,#1939),#2002,.F.);
#2118=ADVANCED_FACE('',(#1940,#1941,#1942,#1943),#405,.F.);
#2119=ADVANCED_FACE('',(#1944,#1945,#1946,#1947),#406,.T.);
#2120=ADVANCED_FACE('',(#1948),#407,.F.);
#2121=ADVANCED_FACE('',(#1949,#1950),#2003,.F.);
#2122=ADVANCED_FACE('',(#1951,#1952),#2004,.F.);
#2123=ADVANCED_FACE('',(#1953,#1954),#2005,.F.);
#2124=ADVANCED_FACE('',(#1955),#2006,.T.);
#2125=ADVANCED_FACE('',(#1956),#2007,.T.);
#2126=CLOSED_SHELL('',(#2008,#2009,#2010,#2011,#2012,#2013,#2014,#2015,
#2016));
#2127=CLOSED_SHELL('',(#2017,#2018,#2019,#2020,#2021,#2022,#2023,#2024,
#2025,#2026,#2027,#2028,#2029,#2030,#2031,#2032,#2033,#2034,#2035,#2036,
#2037,#2038,#2039,#2040,#2041,#2042,#2043,#2044,#2045,#2046,#2047,#2048));
#2128=CLOSED_SHELL('',(#2049,#2050,#2051,#2052,#2053,#2054,#2055,#2056,
#2057,#2058,#2059,#2060,#2061));
#2129=CLOSED_SHELL('',(#2062,#2063,#2064,#2065));
#2130=CLOSED_SHELL('',(#2066,#2067,#2068,#2069,#2070,#2071,#2072,#2073,
#2074,#2075,#2076,#2077,#2078,#2079,#2080,#2081,#2082,#2083,#2084,#2085,
#2086,#2087,#2088,#2089));
#2131=CLOSED_SHELL('',(#2090,#2091,#2092,#2093,#2094,#2095,#2096,#2097,
#2098,#2099,#2100,#2101,#2102,#2103,#2104,#2105,#2106,#2107,#2108,#2109,
#2110,#2111,#2112,#2113,#2114,#2115,#2116,#2117,#2118,#2119,#2120,#2121,
#2122,#2123,#2124,#2125));
#2132=STYLED_ITEM('',(#2138),#2177);
#2133=STYLED_ITEM('',(#2139),#2178);
#2134=STYLED_ITEM('',(#2140),#2179);
#2135=STYLED_ITEM('',(#2141),#2180);
#2136=STYLED_ITEM('',(#2142),#2181);
#2137=STYLED_ITEM('',(#2143),#2182);
#2138=PRESENTATION_STYLE_ASSIGNMENT((#2144));
#2139=PRESENTATION_STYLE_ASSIGNMENT((#2145));
#2140=PRESENTATION_STYLE_ASSIGNMENT((#2146));
#2141=PRESENTATION_STYLE_ASSIGNMENT((#2147));
#2142=PRESENTATION_STYLE_ASSIGNMENT((#2148));
#2143=PRESENTATION_STYLE_ASSIGNMENT((#2149));
#2144=SURFACE_STYLE_USAGE(.BOTH.,#2150);
#2145=SURFACE_STYLE_USAGE(.BOTH.,#2151);
#2146=SURFACE_STYLE_USAGE(.BOTH.,#2152);
#2147=SURFACE_STYLE_USAGE(.BOTH.,#2153);
#2148=SURFACE_STYLE_USAGE(.BOTH.,#2154);
#2149=SURFACE_STYLE_USAGE(.BOTH.,#2155);
#2150=SURFACE_SIDE_STYLE('',(#2156));
#2151=SURFACE_SIDE_STYLE('',(#2157));
#2152=SURFACE_SIDE_STYLE('',(#2158));
#2153=SURFACE_SIDE_STYLE('',(#2159));
#2154=SURFACE_SIDE_STYLE('',(#2160));
#2155=SURFACE_SIDE_STYLE('',(#2161));
#2156=SURFACE_STYLE_FILL_AREA(#2162);
#2157=SURFACE_STYLE_FILL_AREA(#2163);
#2158=SURFACE_STYLE_FILL_AREA(#2164);
#2159=SURFACE_STYLE_FILL_AREA(#2165);
#2160=SURFACE_STYLE_FILL_AREA(#2166);
#2161=SURFACE_STYLE_FILL_AREA(#2167);
#2162=FILL_AREA_STYLE('',(#2168));
#2163=FILL_AREA_STYLE('',(#2169));
#2164=FILL_AREA_STYLE('',(#2170));
#2165=FILL_AREA_STYLE('',(#2171));
#2166=FILL_AREA_STYLE('',(#2172));
#2167=FILL_AREA_STYLE('',(#2173));
#2168=FILL_AREA_STYLE_COLOUR('',#2174);
#2169=FILL_AREA_STYLE_COLOUR('',#2175);
#2170=FILL_AREA_STYLE_COLOUR('',#2175);
#2171=FILL_AREA_STYLE_COLOUR('',#2176);
#2172=FILL_AREA_STYLE_COLOUR('',#2175);
#2173=FILL_AREA_STYLE_COLOUR('',#2175);
#2174=COLOUR_RGB('',0.701960784313725,0.701960784313725,0.701960784313725);
#2175=COLOUR_RGB('',0.615686274509804,0.811764705882353,0.929411764705882);
#2176=COLOUR_RGB('',0.647058823529412,0.647058823529412,0.647058823529412);
#2177=MANIFOLD_SOLID_BREP('Simulation Pole',#2126);
#2178=MANIFOLD_SOLID_BREP('Part 1',#2127);
#2179=MANIFOLD_SOLID_BREP('Long Screw',#2128);
#2180=MANIFOLD_SOLID_BREP('Part 2',#2129);
#2181=MANIFOLD_SOLID_BREP('Top Clip',#2130);
#2182=MANIFOLD_SOLID_BREP('Clip Wheel',#2131);
#2183=SHAPE_DEFINITION_REPRESENTATION(#3612,#2190);
#2184=SHAPE_DEFINITION_REPRESENTATION(#3613,#2191);
#2185=SHAPE_DEFINITION_REPRESENTATION(#3615,#2192);
#2186=SHAPE_DEFINITION_REPRESENTATION(#3617,#2193);
#2187=SHAPE_DEFINITION_REPRESENTATION(#3619,#2194);
#2188=SHAPE_DEFINITION_REPRESENTATION(#3621,#2195);
#2189=SHAPE_DEFINITION_REPRESENTATION(#3624,#2196);
#2190=SHAPE_REPRESENTATION('Front Clip Assembly',(#2197,#2217,#2284,#2302,
#2311,#2352,#2353,#2424),#3595);
#2191=SHAPE_REPRESENTATION('Simulation Pole',(#2197),#3596);
#2192=SHAPE_REPRESENTATION('Part 1',(#2197),#3597);
#2193=SHAPE_REPRESENTATION('Long Screw',(#2197),#3598);
#2194=SHAPE_REPRESENTATION('Part 2',(#2197),#3599);
#2195=SHAPE_REPRESENTATION('Top Clip',(#2197),#3600);
#2196=SHAPE_REPRESENTATION('Clip Wheel',(#2197),#3601);
#2197=AXIS2_PLACEMENT_3D('',#3026,#2425,#2426);
#2198=AXIS2_PLACEMENT_3D('',#3027,#2427,#2428);
#2199=AXIS2_PLACEMENT_3D('',#3028,#2429,#2430);
#2200=AXIS2_PLACEMENT_3D('',#3030,#2431,#2432);
#2201=AXIS2_PLACEMENT_3D('',#3033,#2433,#2434);
#2202=AXIS2_PLACEMENT_3D('',#3034,#2435,#2436);
#2203=AXIS2_PLACEMENT_3D('',#3035,#2437,#2438);
#2204=AXIS2_PLACEMENT_3D('',#3036,#2439,#2440);
#2205=AXIS2_PLACEMENT_3D('',#3038,#2441,#2442);
#2206=AXIS2_PLACEMENT_3D('',#3040,#2443,#2444);
#2207=AXIS2_PLACEMENT_3D('',#3041,#2445,#2446);
#2208=AXIS2_PLACEMENT_3D('',#3042,#2447,#2448);
#2209=AXIS2_PLACEMENT_3D('',#3043,#2449,#2450);
#2210=AXIS2_PLACEMENT_3D('',#3045,#2451,#2452);
#2211=AXIS2_PLACEMENT_3D('',#3046,#2453,#2454);
#2212=AXIS2_PLACEMENT_3D('',#3047,#2455,#2456);
#2213=AXIS2_PLACEMENT_3D('',#3048,#2457,#2458);
#2214=AXIS2_PLACEMENT_3D('',#3050,#2459,#2460);
#2215=AXIS2_PLACEMENT_3D('',#3051,#2461,#2462);
#2216=AXIS2_PLACEMENT_3D('',#3053,#2463,#2464);
#2217=AXIS2_PLACEMENT_3D('',#3054,#2465,#2466);
#2218=AXIS2_PLACEMENT_3D('',#3055,#2467,#2468);
#2219=AXIS2_PLACEMENT_3D('',#3064,#2473,#2474);
#2220=AXIS2_PLACEMENT_3D('',#3065,#2475,#2476);
#2221=AXIS2_PLACEMENT_3D('',#3067,#2477,#2478);
#2222=AXIS2_PLACEMENT_3D('',#3069,#2479,#2480);
#2223=AXIS2_PLACEMENT_3D('',#3071,#2481,#2482);
#2224=AXIS2_PLACEMENT_3D('',#3073,#2483,#2484);
#2225=AXIS2_PLACEMENT_3D('',#3075,#2485,#2486);
#2226=AXIS2_PLACEMENT_3D('',#3077,#2487,#2488);
#2227=AXIS2_PLACEMENT_3D('',#3079,#2489,#2490);
#2228=AXIS2_PLACEMENT_3D('',#3081,#2491,#2492);
#2229=AXIS2_PLACEMENT_3D('',#3083,#2493,#2494);
#2230=AXIS2_PLACEMENT_3D('',#3085,#2495,#2496);
#2231=AXIS2_PLACEMENT_3D('',#3087,#2497,#2498);
#2232=AXIS2_PLACEMENT_3D('',#3089,#2499,#2500);
#2233=AXIS2_PLACEMENT_3D('',#3091,#2501,#2502);
#2234=AXIS2_PLACEMENT_3D('',#3093,#2503,#2504);
#2235=AXIS2_PLACEMENT_3D('',#3095,#2505,#2506);
#2236=AXIS2_PLACEMENT_3D('',#3105,#2511,#2512);
#2237=AXIS2_PLACEMENT_3D('',#3111,#2516,#2517);
#2238=AXIS2_PLACEMENT_3D('',#3115,#2520,#2521);
#2239=AXIS2_PLACEMENT_3D('',#3119,#2524,#2525);
#2240=AXIS2_PLACEMENT_3D('',#3120,#2526,#2527);
#2241=AXIS2_PLACEMENT_3D('',#3122,#2528,#2529);
#2242=AXIS2_PLACEMENT_3D('',#3124,#2530,#2531);
#2243=AXIS2_PLACEMENT_3D('',#3126,#2532,#2533);
#2244=AXIS2_PLACEMENT_3D('',#3128,#2534,#2535);
#2245=AXIS2_PLACEMENT_3D('',#3130,#2536,#2537);
#2246=AXIS2_PLACEMENT_3D('',#3132,#2538,#2539);
#2247=AXIS2_PLACEMENT_3D('',#3134,#2540,#2541);
#2248=AXIS2_PLACEMENT_3D('',#3136,#2542,#2543);
#2249=AXIS2_PLACEMENT_3D('',#3138,#2544,#2545);
#2250=AXIS2_PLACEMENT_3D('',#3140,#2546,#2547);
#2251=AXIS2_PLACEMENT_3D('',#3142,#2548,#2549);
#2252=AXIS2_PLACEMENT_3D('',#3144,#2550,#2551);
#2253=AXIS2_PLACEMENT_3D('',#3146,#2552,#2553);
#2254=AXIS2_PLACEMENT_3D('',#3148,#2554,#2555);
#2255=AXIS2_PLACEMENT_3D('',#3150,#2556,#2557);
#2256=AXIS2_PLACEMENT_3D('',#3153,#2559,#2560);
#2257=AXIS2_PLACEMENT_3D('',#3154,#2561,#2562);
#2258=AXIS2_PLACEMENT_3D('',#3155,#2563,#2564);
#2259=AXIS2_PLACEMENT_3D('',#3156,#2565,#2566);
#2260=AXIS2_PLACEMENT_3D('',#3157,#2567,#2568);
#2261=AXIS2_PLACEMENT_3D('',#3158,#2569,#2570);
#2262=AXIS2_PLACEMENT_3D('',#3159,#2571,#2572);
#2263=AXIS2_PLACEMENT_3D('',#3160,#2573,#2574);
#2264=AXIS2_PLACEMENT_3D('',#3161,#2575,#2576);
#2265=AXIS2_PLACEMENT_3D('',#3162,#2577,#2578);
#2266=AXIS2_PLACEMENT_3D('',#3163,#2579,#2580);
#2267=AXIS2_PLACEMENT_3D('',#3164,#2581,#2582);
#2268=AXIS2_PLACEMENT_3D('',#3165,#2583,#2584);
#2269=AXIS2_PLACEMENT_3D('',#3166,#2585,#2586);
#2270=AXIS2_PLACEMENT_3D('',#3167,#2587,#2588);
#2271=AXIS2_PLACEMENT_3D('',#3168,#2589,#2590);
#2272=AXIS2_PLACEMENT_3D('',#3169,#2591,#2592);
#2273=AXIS2_PLACEMENT_3D('',#3178,#2597,#2598);
#2274=AXIS2_PLACEMENT_3D('',#3189,#2605,#2606);
#2275=AXIS2_PLACEMENT_3D('',#3195,#2610,#2611);
#2276=AXIS2_PLACEMENT_3D('',#3203,#2617,#2618);
#2277=AXIS2_PLACEMENT_3D('',#3204,#2619,#2620);
#2278=AXIS2_PLACEMENT_3D('',#3205,#2621,#2622);
#2279=AXIS2_PLACEMENT_3D('',#3208,#2624,#2625);
#2280=AXIS2_PLACEMENT_3D('',#3209,#2626,#2627);
#2281=AXIS2_PLACEMENT_3D('',#3210,#2628,#2629);
#2282=AXIS2_PLACEMENT_3D('',#3213,#2631,#2632);
#2283=AXIS2_PLACEMENT_3D('',#3214,#2633,#2634);
#2284=AXIS2_PLACEMENT_3D('',#3215,#2635,#2636);
#2285=AXIS2_PLACEMENT_3D('',#3216,#2637,#2638);
#2286=AXIS2_PLACEMENT_3D('',#3217,#2639,#2640);
#2287=AXIS2_PLACEMENT_3D('',#3219,#2641,#2642);
#2288=AXIS2_PLACEMENT_3D('',#3221,#2643,#2644);
#2289=AXIS2_PLACEMENT_3D('',#3222,#2645,#2646);
#2290=AXIS2_PLACEMENT_3D('',#3224,#2647,#2648);
#2291=AXIS2_PLACEMENT_3D('',#3233,#2653,#2654);
#2292=AXIS2_PLACEMENT_3D('',#3239,#2658,#2659);
#2293=AXIS2_PLACEMENT_3D('',#3245,#2663,#2664);
#2294=AXIS2_PLACEMENT_3D('',#3251,#2668,#2669);
#2295=AXIS2_PLACEMENT_3D('',#3257,#2673,#2674);
#2296=AXIS2_PLACEMENT_3D('',#3263,#2678,#2679);
#2297=AXIS2_PLACEMENT_3D('',#3266,#2682,#2683);
#2298=AXIS2_PLACEMENT_3D('',#3267,#2684,#2685);
#2299=AXIS2_PLACEMENT_3D('',#3268,#2686,#2687);
#2300=AXIS2_PLACEMENT_3D('',#3270,#2688,#2689);
#2301=AXIS2_PLACEMENT_3D('',#3272,#2690,#2691);
#2302=AXIS2_PLACEMENT_3D('',#3273,#2692,#2693);
#2303=AXIS2_PLACEMENT_3D('',#3274,#2694,#2695);
#2304=AXIS2_PLACEMENT_3D('',#3275,#2696,#2697);
#2305=AXIS2_PLACEMENT_3D('',#3277,#2698,#2699);
#2306=AXIS2_PLACEMENT_3D('',#3279,#2700,#2701);
#2307=AXIS2_PLACEMENT_3D('',#3280,#2702,#2703);
#2308=AXIS2_PLACEMENT_3D('',#3282,#2704,#2705);
#2309=AXIS2_PLACEMENT_3D('',#3284,#2706,#2707);
#2310=AXIS2_PLACEMENT_3D('',#3285,#2708,#2709);
#2311=AXIS2_PLACEMENT_3D('',#3286,#2710,#2711);
#2312=AXIS2_PLACEMENT_3D('',#3287,#2712,#2713);
#2313=AXIS2_PLACEMENT_3D('',#3296,#2718,#2719);
#2314=AXIS2_PLACEMENT_3D('',#3297,#2720,#2721);
#2315=AXIS2_PLACEMENT_3D('',#3299,#2722,#2723);
#2316=AXIS2_PLACEMENT_3D('',#3301,#2724,#2725);
#2317=AXIS2_PLACEMENT_3D('',#3303,#2726,#2727);
#2318=AXIS2_PLACEMENT_3D('',#3312,#2732,#2733);
#2319=AXIS2_PLACEMENT_3D('',#3321,#2738,#2739);
#2320=AXIS2_PLACEMENT_3D('',#3330,#2744,#2745);
#2321=AXIS2_PLACEMENT_3D('',#3339,#2750,#2751);
#2322=AXIS2_PLACEMENT_3D('',#3345,#2755,#2756);
#2323=AXIS2_PLACEMENT_3D('',#3354,#2761,#2762);
#2324=AXIS2_PLACEMENT_3D('',#3357,#2765,#2766);
#2325=AXIS2_PLACEMENT_3D('',#3360,#2769,#2770);
#2326=AXIS2_PLACEMENT_3D('',#3366,#2775,#2776);
#2327=AXIS2_PLACEMENT_3D('',#3367,#2777,#2778);
#2328=AXIS2_PLACEMENT_3D('',#3369,#2779,#2780);
#2329=AXIS2_PLACEMENT_3D('',#3371,#2781,#2782);
#2330=AXIS2_PLACEMENT_3D('',#3373,#2783,#2784);
#2331=AXIS2_PLACEMENT_3D('',#3375,#2785,#2786);
#2332=AXIS2_PLACEMENT_3D('',#3377,#2787,#2788);
#2333=AXIS2_PLACEMENT_3D('',#3379,#2789,#2790);
#2334=AXIS2_PLACEMENT_3D('',#3381,#2791,#2792);
#2335=AXIS2_PLACEMENT_3D('',#3384,#2794,#2795);
#2336=AXIS2_PLACEMENT_3D('',#3387,#2798,#2799);
#2337=AXIS2_PLACEMENT_3D('',#3389,#2800,#2801);
#2338=AXIS2_PLACEMENT_3D('',#3391,#2802,#2803);
#2339=AXIS2_PLACEMENT_3D('',#3393,#2804,#2805);
#2340=AXIS2_PLACEMENT_3D('',#3395,#2806,#2807);
#2341=AXIS2_PLACEMENT_3D('',#3397,#2809,#2810);
#2342=AXIS2_PLACEMENT_3D('',#3399,#2812,#2813);
#2343=AXIS2_PLACEMENT_3D('',#3400,#2814,#2815);
#2344=AXIS2_PLACEMENT_3D('',#3401,#2816,#2817);
#2345=AXIS2_PLACEMENT_3D('',#3402,#2818,#2819);
#2346=AXIS2_PLACEMENT_3D('',#3403,#2820,#2821);
#2347=AXIS2_PLACEMENT_3D('',#3404,#2822,#2823);
#2348=AXIS2_PLACEMENT_3D('',#3405,#2824,#2825);
#2349=AXIS2_PLACEMENT_3D('',#3406,#2826,#2827);
#2350=AXIS2_PLACEMENT_3D('',#3407,#2828,#2829);
#2351=AXIS2_PLACEMENT_3D('',#3408,#2830,#2831);
#2352=AXIS2_PLACEMENT_3D('',#3409,#2832,#2833);
#2353=AXIS2_PLACEMENT_3D('',#3410,#2834,#2835);
#2354=AXIS2_PLACEMENT_3D('',#3411,#2836,#2837);
#2355=AXIS2_PLACEMENT_3D('',#3420,#2842,#2843);
#2356=AXIS2_PLACEMENT_3D('',#3422,#2844,#2845);
#2357=AXIS2_PLACEMENT_3D('',#3424,#2846,#2847);
#2358=AXIS2_PLACEMENT_3D('',#3426,#2848,#2849);
#2359=AXIS2_PLACEMENT_3D('',#3428,#2850,#2851);
#2360=AXIS2_PLACEMENT_3D('',#3430,#2852,#2853);
#2361=AXIS2_PLACEMENT_3D('',#3432,#2854,#2855);
#2362=AXIS2_PLACEMENT_3D('',#3434,#2856,#2857);
#2363=AXIS2_PLACEMENT_3D('',#3436,#2858,#2859);
#2364=AXIS2_PLACEMENT_3D('',#3438,#2860,#2861);
#2365=AXIS2_PLACEMENT_3D('',#3440,#2862,#2863);
#2366=AXIS2_PLACEMENT_3D('',#3442,#2864,#2865);
#2367=AXIS2_PLACEMENT_3D('',#3444,#2866,#2867);
#2368=AXIS2_PLACEMENT_3D('',#3449,#2869,#2870);
#2369=AXIS2_PLACEMENT_3D('',#3452,#2872,#2873);
#2370=AXIS2_PLACEMENT_3D('',#3465,#2880,#2881);
#2371=AXIS2_PLACEMENT_3D('',#3471,#2885,#2886);
#2372=AXIS2_PLACEMENT_3D('',#3477,#2890,#2891);
#2373=AXIS2_PLACEMENT_3D('',#3485,#2897,#2898);
#2374=AXIS2_PLACEMENT_3D('',#3499,#2906,#2907);
#2375=AXIS2_PLACEMENT_3D('',#3500,#2908,#2909);
#2376=AXIS2_PLACEMENT_3D('',#3502,#2911,#2912);
#2377=AXIS2_PLACEMENT_3D('',#3503,#2913,#2914);
#2378=AXIS2_PLACEMENT_3D('',#3505,#2915,#2916);
#2379=AXIS2_PLACEMENT_3D('',#3507,#2917,#2918);
#2380=AXIS2_PLACEMENT_3D('',#3509,#2919,#2920);
#2381=AXIS2_PLACEMENT_3D('',#3511,#2921,#2922);
#2382=AXIS2_PLACEMENT_3D('',#3513,#2923,#2924);
#2383=AXIS2_PLACEMENT_3D('',#3516,#2926,#2927);
#2384=AXIS2_PLACEMENT_3D('',#3518,#2929,#2930);
#2385=AXIS2_PLACEMENT_3D('',#3519,#2931,#2932);
#2386=AXIS2_PLACEMENT_3D('',#3521,#2933,#2934);
#2387=AXIS2_PLACEMENT_3D('',#3523,#2935,#2936);
#2388=AXIS2_PLACEMENT_3D('',#3525,#2937,#2938);
#2389=AXIS2_PLACEMENT_3D('',#3527,#2939,#2940);
#2390=AXIS2_PLACEMENT_3D('',#3529,#2941,#2942);
#2391=AXIS2_PLACEMENT_3D('',#3532,#2944,#2945);
#2392=AXIS2_PLACEMENT_3D('',#3538,#2949,#2950);
#2393=AXIS2_PLACEMENT_3D('',#3544,#2954,#2955);
#2394=AXIS2_PLACEMENT_3D('',#3546,#2957,#2958);
#2395=AXIS2_PLACEMENT_3D('',#3548,#2960,#2961);
#2396=AXIS2_PLACEMENT_3D('',#3549,#2962,#2963);
#2397=AXIS2_PLACEMENT_3D('',#3550,#2964,#2965);
#2398=AXIS2_PLACEMENT_3D('',#3551,#2966,#2967);
#2399=AXIS2_PLACEMENT_3D('',#3552,#2968,#2969);
#2400=AXIS2_PLACEMENT_3D('',#3553,#2970,#2971);
#2401=AXIS2_PLACEMENT_3D('',#3554,#2972,#2973);
#2402=AXIS2_PLACEMENT_3D('',#3555,#2974,#2975);
#2403=AXIS2_PLACEMENT_3D('',#3556,#2976,#2977);
#2404=AXIS2_PLACEMENT_3D('',#3557,#2978,#2979);
#2405=AXIS2_PLACEMENT_3D('',#3558,#2980,#2981);
#2406=AXIS2_PLACEMENT_3D('',#3559,#2982,#2983);
#2407=AXIS2_PLACEMENT_3D('',#3560,#2984,#2985);
#2408=AXIS2_PLACEMENT_3D('',#3561,#2986,#2987);
#2409=AXIS2_PLACEMENT_3D('',#3562,#2988,#2989);
#2410=AXIS2_PLACEMENT_3D('',#3564,#2990,#2991);
#2411=AXIS2_PLACEMENT_3D('',#3566,#2992,#2993);
#2412=AXIS2_PLACEMENT_3D('',#3573,#2997,#2998);
#2413=AXIS2_PLACEMENT_3D('',#3574,#2999,#3000);
#2414=AXIS2_PLACEMENT_3D('',#3576,#3001,#3002);
#2415=AXIS2_PLACEMENT_3D('',#3578,#3003,#3004);
#2416=AXIS2_PLACEMENT_3D('',#3585,#3008,#3009);
#2417=AXIS2_PLACEMENT_3D('',#3586,#3010,#3011);
#2418=AXIS2_PLACEMENT_3D('',#3587,#3012,#3013);
#2419=AXIS2_PLACEMENT_3D('',#3588,#3014,#3015);
#2420=AXIS2_PLACEMENT_3D('',#3589,#3016,#3017);
#2421=AXIS2_PLACEMENT_3D('',#3590,#3018,#3019);
#2422=AXIS2_PLACEMENT_3D('',#3591,#3020,#3021);
#2423=AXIS2_PLACEMENT_3D('',#3592,#3022,#3023);
#2424=AXIS2_PLACEMENT_3D('',#3593,#3024,#3025);
#2425=DIRECTION('',(0.,0.,1.));
#2426=DIRECTION('',(1.,0.,0.));
#2427=DIRECTION('',(0.,1.,0.));
#2428=DIRECTION('',(0.,0.,1.));
#2429=DIRECTION('',(0.,-1.,0.));
#2430=DIRECTION('',(0.,0.,-1.));
#2431=DIRECTION('',(-0.707106781186548,0.707106781186548,0.));
#2432=DIRECTION('',(0.707106781186548,0.707106781186548,0.));
#2433=DIRECTION('',(0.707106781186548,0.707106781186548,0.));
#2434=DIRECTION('',(-0.707106781186548,0.707106781186548,0.));
#2435=DIRECTION('',(0.,-1.,0.));
#2436=DIRECTION('',(1.,0.,0.));
#2437=DIRECTION('',(1.,0.,0.));
#2438=DIRECTION('',(0.,1.,0.));
#2439=DIRECTION('',(-1.,0.,0.));
#2440=DIRECTION('',(0.,0.,1.));
#2441=DIRECTION('',(1.,0.,0.));
#2442=DIRECTION('',(0.,0.,-1.));
#2443=DIRECTION('',(-1.,0.,0.));
#2444=DIRECTION('',(0.,0.,1.));
#2445=DIRECTION('',(0.707106781186548,0.707106781186548,0.));
#2446=DIRECTION('',(-0.707106781186548,0.707106781186548,0.));
#2447=DIRECTION('',(0.,-1.,0.));
#2448=DIRECTION('',(1.,0.,0.));
#2449=DIRECTION('',(0.,-1.,0.));
#2450=DIRECTION('',(0.,0.,-1.));
#2451=DIRECTION('',(0.,1.,0.));
#2452=DIRECTION('',(0.,0.,1.));
#2453=DIRECTION('',(-0.707106781186548,0.707106781186548,0.));
#2454=DIRECTION('',(0.707106781186548,0.707106781186548,0.));
#2455=DIRECTION('',(-1.,0.,0.));
#2456=DIRECTION('',(0.,0.,1.));
#2457=DIRECTION('',(1.,0.,0.));
#2458=DIRECTION('',(0.,0.,-1.));
#2459=DIRECTION('',(1.,0.,0.));
#2460=DIRECTION('',(0.,1.,0.));
#2461=DIRECTION('',(-1.,0.,0.));
#2462=DIRECTION('',(0.,0.,1.));
#2463=DIRECTION('',(-1.,0.,0.));
#2464=DIRECTION('',(0.,0.,1.));
#2465=DIRECTION('',(3.21344098783362E-16,-1.,1.46816988249983E-38));
#2466=DIRECTION('',(7.31014454876731E-23,8.80901929499901E-39,-1.));
#2467=DIRECTION('',(1.,0.,0.));
#2468=DIRECTION('',(0.,1.,0.));
#2469=DIRECTION('',(0.,1.,0.));
#2470=DIRECTION('',(0.,0.,-1.));
#2471=DIRECTION('',(0.,1.,0.));
#2472=DIRECTION('',(0.,0.,1.));
#2473=DIRECTION('',(0.,-1.,0.));
#2474=DIRECTION('',(1.,0.,0.));
#2475=DIRECTION('',(0.,-1.,0.));
#2476=DIRECTION('',(0.,0.,-1.));
#2477=DIRECTION('',(0.,-1.,0.));
#2478=DIRECTION('',(0.,0.,-1.));
#2479=DIRECTION('',(0.,-1.,0.));
#2480=DIRECTION('',(0.,0.,-1.));
#2481=DIRECTION('',(0.,-1.,0.));
#2482=DIRECTION('',(0.,0.,-1.));
#2483=DIRECTION('',(0.,-1.,0.));
#2484=DIRECTION('',(0.,0.,-1.));
#2485=DIRECTION('',(0.,-1.,0.));
#2486=DIRECTION('',(0.,0.,-1.));
#2487=DIRECTION('',(0.,-1.,0.));
#2488=DIRECTION('',(0.,0.,-1.));
#2489=DIRECTION('',(0.,-1.,0.));
#2490=DIRECTION('',(0.,0.,-1.));
#2491=DIRECTION('',(0.,-1.,0.));
#2492=DIRECTION('',(0.,0.,-1.));
#2493=DIRECTION('',(0.,-1.,0.));
#2494=DIRECTION('',(0.,0.,-1.));
#2495=DIRECTION('',(0.,-1.,0.));
#2496=DIRECTION('',(0.,0.,-1.));
#2497=DIRECTION('',(0.,-1.,0.));
#2498=DIRECTION('',(0.,0.,-1.));
#2499=DIRECTION('',(0.,-1.,0.));
#2500=DIRECTION('',(0.,0.,-1.));
#2501=DIRECTION('',(0.,-1.,0.));
#2502=DIRECTION('',(0.,0.,-1.));
#2503=DIRECTION('',(0.,-1.,0.));
#2504=DIRECTION('',(0.,0.,-1.));
#2505=DIRECTION('',(0.,-1.,0.));
#2506=DIRECTION('',(0.,0.,-1.));
#2507=DIRECTION('',(-1.,0.,0.));
#2508=DIRECTION('',(0.,0.,1.));
#2509=DIRECTION('',(1.,0.,0.));
#2510=DIRECTION('',(0.,0.,-1.));
#2511=DIRECTION('',(0.,0.,1.));
#2512=DIRECTION('',(1.,0.,0.));
#2513=DIRECTION('',(1.,0.,0.));
#2514=DIRECTION('',(0.,1.,0.));
#2515=DIRECTION('',(0.,1.,0.));
#2516=DIRECTION('',(1.,0.,0.));
#2517=DIRECTION('',(0.,0.,-1.));
#2518=DIRECTION('',(0.,0.,-1.));
#2519=DIRECTION('',(0.,1.,0.));
#2520=DIRECTION('',(0.,0.,-1.));
#2521=DIRECTION('',(-1.,0.,0.));
#2522=DIRECTION('',(-1.,0.,0.));
#2523=DIRECTION('',(0.,1.,0.));
#2524=DIRECTION('',(0.,-1.,0.));
#2525=DIRECTION('',(1.,0.,0.));
#2526=DIRECTION('',(0.,-1.,0.));
#2527=DIRECTION('',(0.,0.,-1.));
#2528=DIRECTION('',(0.,-1.,0.));
#2529=DIRECTION('',(0.,0.,-1.));
#2530=DIRECTION('',(0.,-1.,0.));
#2531=DIRECTION('',(0.,0.,-1.));
#2532=DIRECTION('',(0.,-1.,0.));
#2533=DIRECTION('',(0.,0.,-1.));
#2534=DIRECTION('',(0.,-1.,0.));
#2535=DIRECTION('',(0.,0.,-1.));
#2536=DIRECTION('',(0.,-1.,0.));
#2537=DIRECTION('',(0.,0.,-1.));
#2538=DIRECTION('',(0.,-1.,0.));
#2539=DIRECTION('',(0.,0.,-1.));
#2540=DIRECTION('',(0.,-1.,0.));
#2541=DIRECTION('',(0.,0.,-1.));
#2542=DIRECTION('',(0.,-1.,0.));
#2543=DIRECTION('',(0.,0.,-1.));
#2544=DIRECTION('',(0.,-1.,0.));
#2545=DIRECTION('',(0.,0.,-1.));
#2546=DIRECTION('',(0.,-1.,0.));
#2547=DIRECTION('',(0.,0.,-1.));
#2548=DIRECTION('',(0.,-1.,0.));
#2549=DIRECTION('',(0.,0.,-1.));
#2550=DIRECTION('',(0.,-1.,0.));
#2551=DIRECTION('',(0.,0.,-1.));
#2552=DIRECTION('',(0.,-1.,0.));
#2553=DIRECTION('',(0.,0.,-1.));
#2554=DIRECTION('',(0.,-1.,0.));
#2555=DIRECTION('',(0.,0.,-1.));
#2556=DIRECTION('',(0.,-1.,0.));
#2557=DIRECTION('',(0.,0.,-1.));
#2558=DIRECTION('',(0.,0.,-1.));
#2559=DIRECTION('',(0.,-1.,0.));
#2560=DIRECTION('',(0.,0.,-1.));
#2561=DIRECTION('',(0.,-1.,0.));
#2562=DIRECTION('',(0.,0.,-1.));
#2563=DIRECTION('',(0.,-1.,0.));
#2564=DIRECTION('',(0.,0.,-1.));
#2565=DIRECTION('',(0.,-1.,0.));
#2566=DIRECTION('',(0.,0.,-1.));
#2567=DIRECTION('',(0.,-1.,0.));
#2568=DIRECTION('',(0.,0.,-1.));
#2569=DIRECTION('',(0.,-1.,0.));
#2570=DIRECTION('',(0.,0.,-1.));
#2571=DIRECTION('',(0.,-1.,0.));
#2572=DIRECTION('',(0.,0.,-1.));
#2573=DIRECTION('',(0.,-1.,0.));
#2574=DIRECTION('',(0.,0.,-1.));
#2575=DIRECTION('',(0.,-1.,0.));
#2576=DIRECTION('',(0.,0.,-1.));
#2577=DIRECTION('',(0.,-1.,0.));
#2578=DIRECTION('',(0.,0.,-1.));
#2579=DIRECTION('',(0.,-1.,0.));
#2580=DIRECTION('',(0.,0.,-1.));
#2581=DIRECTION('',(0.,-1.,0.));
#2582=DIRECTION('',(0.,0.,-1.));
#2583=DIRECTION('',(0.,-1.,0.));
#2584=DIRECTION('',(0.,0.,-1.));
#2585=DIRECTION('',(0.,-1.,0.));
#2586=DIRECTION('',(0.,0.,-1.));
#2587=DIRECTION('',(0.,-1.,0.));
#2588=DIRECTION('',(0.,0.,-1.));
#2589=DIRECTION('',(0.,-1.,0.));
#2590=DIRECTION('',(0.,0.,-1.));
#2591=DIRECTION('',(0.,0.,-1.));
#2592=DIRECTION('',(-1.,0.,0.));
#2593=DIRECTION('',(0.,-1.,0.));
#2594=DIRECTION('',(-1.,0.,0.));
#2595=DIRECTION('',(0.,-1.,0.));
#2596=DIRECTION('',(-1.,0.,0.));
#2597=DIRECTION('',(0.,1.,0.));
#2598=DIRECTION('',(0.,0.,1.));
#2599=DIRECTION('',(0.,0.,-1.));
#2600=DIRECTION('',(-1.,0.,0.));
#2601=DIRECTION('',(0.,0.,-1.));
#2602=DIRECTION('',(-1.,0.,0.));
#2603=DIRECTION('',(-1.,0.,0.));
#2604=DIRECTION('',(0.,0.,-1.));
#2605=DIRECTION('',(0.,0.,1.));
#2606=DIRECTION('',(1.,0.,0.));
#2607=DIRECTION('',(0.,1.,0.));
#2608=DIRECTION('',(-1.,0.,0.));
#2609=DIRECTION('',(0.,1.,0.));
#2610=DIRECTION('',(0.,-1.,0.));
#2611=DIRECTION('',(0.,0.,-1.));
#2612=DIRECTION('',(0.,0.,1.));
#2613=DIRECTION('',(0.,0.,1.));
#2614=DIRECTION('',(-1.,0.,0.));
#2615=DIRECTION('',(-1.,0.,0.));
#2616=DIRECTION('',(0.,0.,1.));
#2617=DIRECTION('',(1.,0.,0.));
#2618=DIRECTION('',(0.,1.,0.));
#2619=DIRECTION('',(0.,0.,1.));
#2620=DIRECTION('',(1.,0.,0.));
#2621=DIRECTION('',(0.,0.,1.));
#2622=DIRECTION('',(1.,0.,0.));
#2623=DIRECTION('',(0.,1.,0.));
#2624=DIRECTION('',(1.,0.,0.));
#2625=DIRECTION('',(0.,1.,0.));
#2626=DIRECTION('',(0.,0.,1.));
#2627=DIRECTION('',(1.,0.,0.));
#2628=DIRECTION('',(0.,0.,1.));
#2629=DIRECTION('',(1.,0.,0.));
#2630=DIRECTION('',(0.,1.,0.));
#2631=DIRECTION('',(1.,0.,0.));
#2632=DIRECTION('',(0.,1.,0.));
#2633=DIRECTION('',(0.,0.,-1.));
#2634=DIRECTION('',(-1.,0.,0.));
#2635=DIRECTION('',(-1.,-1.097939061311E-15,1.17435416577061E-15));
#2636=DIRECTION('',(-1.09793906131101E-15,1.,-5.03048357047644E-15));
#2637=DIRECTION('',(0.,0.,-1.));
#2638=DIRECTION('',(-1.,0.,0.));
#2639=DIRECTION('',(0.,0.,1.));
#2640=DIRECTION('',(1.,0.,0.));
#2641=DIRECTION('',(0.,0.,1.));
#2642=DIRECTION('',(1.,0.,0.));
#2643=DIRECTION('',(0.,0.,1.));
#2644=DIRECTION('',(1.,0.,0.));
#2645=DIRECTION('',(0.,0.,-1.));
#2646=DIRECTION('',(-1.,0.,0.));
#2647=DIRECTION('',(-0.184273801259742,-0.982874949405714,0.));
#2648=DIRECTION('',(0.982874949405714,-0.184273801259742,0.));
#2649=DIRECTION('',(-0.982874949405714,0.184273801259742,0.));
#2650=DIRECTION('',(0.,0.,-1.));
#2651=DIRECTION('',(-0.982874949405714,0.184273801259742,0.));
#2652=DIRECTION('',(0.,0.,-1.));
#2653=DIRECTION('',(0.653549742939366,-0.756883566675805,0.));
#2654=DIRECTION('',(0.756883566675805,0.653549742939366,0.));
#2655=DIRECTION('',(-0.756883566675805,-0.653549742939366,0.));
#2656=DIRECTION('',(0.,0.,-1.));
#2657=DIRECTION('',(-0.756883566675805,-0.653549742939366,0.));
#2658=DIRECTION('',(0.999237000719926,0.0390565793720555,0.));
#2659=DIRECTION('',(-0.0390565793720555,0.999237000719926,0.));
#2660=DIRECTION('',(0.0390565793720555,-0.999237000719927,0.));
#2661=DIRECTION('',(0.,0.,-1.));
#2662=DIRECTION('',(0.0390565793720555,-0.999237000719927,0.));
#2663=DIRECTION('',(0.592478416238198,0.805586324543731,0.));
#2664=DIRECTION('',(-0.805586324543731,0.592478416238198,0.));
#2665=DIRECTION('',(0.805586324543731,-0.592478416238198,0.));
#2666=DIRECTION('',(0.,0.,-1.));
#2667=DIRECTION('',(0.805586324543731,-0.592478416238198,0.));
#2668=DIRECTION('',(-0.260428500028066,0.965493136367697,0.));
#2669=DIRECTION('',(-0.965493136367697,-0.260428500028066,0.));
#2670=DIRECTION('',(0.965493136367697,0.260428500028066,0.));
#2671=DIRECTION('',(0.,0.,-1.));
#2672=DIRECTION('',(0.965493136367697,0.260428500028066,0.));
#2673=DIRECTION('',(-0.91722744399993,0.398363924035994,0.));
#2674=DIRECTION('',(-0.398363924035994,-0.91722744399993,0.));
#2675=DIRECTION('',(0.398363924035994,0.91722744399993,0.));
#2676=DIRECTION('',(0.,0.,-1.));
#2677=DIRECTION('',(0.398363924035994,0.91722744399993,0.));
#2678=DIRECTION('',(-0.883335414609752,-0.468741448237957,0.));
#2679=DIRECTION('',(0.468741448237958,-0.883335414609752,0.));
#2680=DIRECTION('',(-0.468741448237958,0.883335414609752,0.));
#2681=DIRECTION('',(-0.468741448237958,0.883335414609752,0.));
#2682=DIRECTION('',(0.,0.,1.));
#2683=DIRECTION('',(1.,0.,0.));
#2684=DIRECTION('',(0.,0.,1.));
#2685=DIRECTION('',(1.,0.,0.));
#2686=DIRECTION('',(0.,0.,1.));
#2687=DIRECTION('',(1.,0.,0.));
#2688=DIRECTION('',(0.,0.,-1.));
#2689=DIRECTION('',(-1.,0.,0.));
#2690=DIRECTION('',(0.,0.,-1.));
#2691=DIRECTION('',(-1.,0.,0.));
#2692=DIRECTION('',(0.,0.,1.));
#2693=DIRECTION('',(1.,0.,0.));
#2694=DIRECTION('',(0.,0.,-1.));
#2695=DIRECTION('',(-1.,0.,0.));
#2696=DIRECTION('',(0.,0.,1.));
#2697=DIRECTION('',(1.,0.,0.));
#2698=DIRECTION('',(0.,0.,1.));
#2699=DIRECTION('',(1.,0.,0.));
#2700=DIRECTION('',(0.,0.,-1.));
#2701=DIRECTION('',(-1.,0.,0.));
#2702=DIRECTION('',(0.,0.,1.));
#2703=DIRECTION('',(1.,0.,0.));
#2704=DIRECTION('',(0.,0.,1.));
#2705=DIRECTION('',(1.,0.,0.));
#2706=DIRECTION('',(0.,0.,1.));
#2707=DIRECTION('',(1.,0.,0.));
#2708=DIRECTION('',(0.,0.,1.));
#2709=DIRECTION('',(1.,0.,0.));
#2710=DIRECTION('',(-1.,-3.24804767412545E-15,-8.98039529781044E-15));
#2711=DIRECTION('',(-8.98039529781047E-15,1.03940340483429E-14,1.));
#2712=DIRECTION('',(-1.,0.,0.));
#2713=DIRECTION('',(0.,0.,1.));
#2714=DIRECTION('',(0.,0.,-1.));
#2715=DIRECTION('',(0.,1.,0.));
#2716=DIRECTION('',(0.,0.,-1.));
#2717=DIRECTION('',(0.,1.,0.));
#2718=DIRECTION('',(0.,0.,1.));
#2719=DIRECTION('',(1.,0.,0.));
#2720=DIRECTION('',(0.,0.,1.));
#2721=DIRECTION('',(1.,0.,0.));
#2722=DIRECTION('',(0.,0.,1.));
#2723=DIRECTION('',(1.,0.,0.));
#2724=DIRECTION('',(0.,0.,1.));
#2725=DIRECTION('',(1.,0.,0.));
#2726=DIRECTION('',(0.,0.,1.));
#2727=DIRECTION('',(1.,0.,0.));
#2728=DIRECTION('',(-1.,5.46369598732852E-16,0.));
#2729=DIRECTION('',(-1.87814549564418E-16,-1.,0.));
#2730=DIRECTION('',(-1.87814549564418E-16,-1.,0.));
#2731=DIRECTION('',(1.,0.,0.));
#2732=DIRECTION('',(-1.,0.,0.));
#2733=DIRECTION('',(0.,0.,1.));
#2734=DIRECTION('',(0.,1.,0.));
#2735=DIRECTION('',(0.,0.,-1.));
#2736=DIRECTION('',(0.,1.,0.));
#2737=DIRECTION('',(0.,0.,-1.));
#2738=DIRECTION('',(0.,0.,1.));
#2739=DIRECTION('',(1.,0.,0.));
#2740=DIRECTION('',(-1.87814549564418E-16,-1.,0.));
#2741=DIRECTION('',(-1.,0.,0.));
#2742=DIRECTION('',(-1.87814549564418E-16,-1.,0.));
#2743=DIRECTION('',(1.,0.,0.));
#2744=DIRECTION('',(0.,0.,1.));
#2745=DIRECTION('',(1.,0.,0.));
#2746=DIRECTION('',(-1.,0.,0.));
#2747=DIRECTION('',(0.,-1.,0.));
#2748=DIRECTION('',(-1.,0.,0.));
#2749=DIRECTION('',(0.,-1.,0.));
#2750=DIRECTION('',(1.,-1.87814549564418E-16,0.));
#2751=DIRECTION('',(1.87814549564418E-16,1.,0.));
#2752=DIRECTION('',(0.,0.,-1.));
#2753=DIRECTION('',(-1.87814549564418E-16,-1.,0.));
#2754=DIRECTION('',(0.,0.,-1.));
#2755=DIRECTION('',(1.,-1.87814549564418E-16,0.));
#2756=DIRECTION('',(1.87814549564418E-16,1.,0.));
#2757=DIRECTION('',(-1.87814549564418E-16,-1.,0.));
#2758=DIRECTION('',(0.,0.,-1.));
#2759=DIRECTION('',(-1.87814549564418E-16,-1.,0.));
#2760=DIRECTION('',(0.,0.,-1.));
#2761=DIRECTION('',(0.,0.,1.));
#2762=DIRECTION('',(1.,0.,0.));
#2763=DIRECTION('',(1.,0.,0.));
#2764=DIRECTION('',(-1.,0.,0.));
#2765=DIRECTION('',(0.,-1.,0.));
#2766=DIRECTION('',(0.,0.,-1.));
#2767=DIRECTION('',(0.,0.,-1.));
#2768=DIRECTION('',(0.,0.,-1.));
#2769=DIRECTION('',(0.,1.,0.));
#2770=DIRECTION('',(0.,0.,1.));
#2771=DIRECTION('',(0.,0.,-1.));
#2772=DIRECTION('',(0.,0.,-1.));
#2773=DIRECTION('',(-1.,0.,0.));
#2774=DIRECTION('',(1.,0.,0.));
#2775=DIRECTION('',(0.,0.,1.));
#2776=DIRECTION('',(1.,0.,0.));
#2777=DIRECTION('',(0.,0.,1.));
#2778=DIRECTION('',(1.,0.,0.));
#2779=DIRECTION('',(0.,0.,1.));
#2780=DIRECTION('',(1.,0.,0.));
#2781=DIRECTION('',(0.,0.,1.));
#2782=DIRECTION('',(1.,0.,0.));
#2783=DIRECTION('',(0.,0.,1.));
#2784=DIRECTION('',(1.,0.,0.));
#2785=DIRECTION('',(0.,0.,1.));
#2786=DIRECTION('',(1.,0.,0.));
#2787=DIRECTION('',(0.,0.,1.));
#2788=DIRECTION('',(1.,0.,0.));
#2789=DIRECTION('',(0.,0.,1.));
#2790=DIRECTION('',(1.,0.,0.));
#2791=DIRECTION('',(0.,0.,1.));
#2792=DIRECTION('',(1.,0.,0.));
#2793=DIRECTION('',(1.,0.,0.));
#2794=DIRECTION('',(0.,0.,1.));
#2795=DIRECTION('',(1.,0.,0.));
#2796=DIRECTION('',(1.,5.46369598732852E-16,0.));
#2797=DIRECTION('',(-1.87814549564418E-16,-1.,0.));
#2798=DIRECTION('',(0.,0.,1.));
#2799=DIRECTION('',(1.,0.,0.));
#2800=DIRECTION('',(0.,0.,1.));
#2801=DIRECTION('',(1.,0.,0.));
#2802=DIRECTION('',(0.,0.,1.));
#2803=DIRECTION('',(1.,0.,0.));
#2804=DIRECTION('',(0.,0.,1.));
#2805=DIRECTION('',(1.,0.,0.));
#2806=DIRECTION('',(1.,-1.87814549564418E-16,0.));
#2807=DIRECTION('',(1.87814549564418E-16,1.,0.));
#2808=DIRECTION('',(0.,0.,-1.));
#2809=DIRECTION('',(1.,-1.87814549564418E-16,0.));
#2810=DIRECTION('',(1.87814549564418E-16,1.,0.));
#2811=DIRECTION('',(0.,0.,-1.));
#2812=DIRECTION('',(0.,0.,1.));
#2813=DIRECTION('',(1.,0.,0.));
#2814=DIRECTION('',(0.,0.,1.));
#2815=DIRECTION('',(1.,0.,0.));
#2816=DIRECTION('',(0.,0.,1.));
#2817=DIRECTION('',(1.,0.,0.));
#2818=DIRECTION('',(0.,0.,1.));
#2819=DIRECTION('',(1.,0.,0.));
#2820=DIRECTION('',(0.,0.,1.));
#2821=DIRECTION('',(1.,0.,0.));
#2822=DIRECTION('',(0.,0.,1.));
#2823=DIRECTION('',(1.,0.,0.));
#2824=DIRECTION('',(0.,0.,1.));
#2825=DIRECTION('',(1.,0.,0.));
#2826=DIRECTION('',(0.,0.,1.));
#2827=DIRECTION('',(1.,0.,0.));
#2828=DIRECTION('',(0.,1.,0.));
#2829=DIRECTION('',(0.,0.,1.));
#2830=DIRECTION('',(0.,1.,0.));
#2831=DIRECTION('',(0.,0.,1.));
#2832=DIRECTION('',(7.88880095464902E-16,1.,5.51663355522972E-15));
#2833=DIRECTION('',(1.,-7.88880095464902E-16,1.53512578645564E-21));
#2834=DIRECTION('',(-0.467398480675604,0.884046752305633,1.50655837003054E-23));
#2835=DIRECTION('',(1.56444256378133E-22,9.97542168577315E-23,-1.));
#2836=DIRECTION('',(0.,0.,1.));
#2837=DIRECTION('',(1.,0.,0.));
#2838=DIRECTION('',(1.,0.,0.));
#2839=DIRECTION('',(0.,1.,0.));
#2840=DIRECTION('',(1.,0.,0.));
#2841=DIRECTION('',(0.,1.,0.));
#2842=DIRECTION('',(0.,0.,1.));
#2843=DIRECTION('',(1.,0.,0.));
#2844=DIRECTION('',(0.,0.,1.));
#2845=DIRECTION('',(1.,0.,0.));
#2846=DIRECTION('',(0.,0.,1.));
#2847=DIRECTION('',(1.,0.,0.));
#2848=DIRECTION('',(0.,0.,1.));
#2849=DIRECTION('',(1.,0.,0.));
#2850=DIRECTION('',(0.,0.,1.));
#2851=DIRECTION('',(1.,0.,0.));
#2852=DIRECTION('',(0.,0.,1.));
#2853=DIRECTION('',(1.,0.,0.));
#2854=DIRECTION('',(0.,0.,1.));
#2855=DIRECTION('',(1.,0.,0.));
#2856=DIRECTION('',(0.,0.,1.));
#2857=DIRECTION('',(1.,0.,0.));
#2858=DIRECTION('',(0.,0.,1.));
#2859=DIRECTION('',(1.,0.,0.));
#2860=DIRECTION('',(0.,0.,1.));
#2861=DIRECTION('',(1.,0.,0.));
#2862=DIRECTION('',(0.,0.,1.));
#2863=DIRECTION('',(1.,0.,0.));
#2864=DIRECTION('',(0.,0.,1.));
#2865=DIRECTION('',(1.,0.,0.));
#2866=DIRECTION('',(0.,0.,1.));
#2867=DIRECTION('',(1.,0.,0.));
#2868=DIRECTION('',(-1.,-1.36592399683213E-16,0.));
#2869=DIRECTION('',(0.,0.,1.));
#2870=DIRECTION('',(1.,0.,0.));
#2871=DIRECTION('',(-1.,-1.36592399683213E-16,0.));
#2872=DIRECTION('',(0.,-1.,0.));
#2873=DIRECTION('',(0.,0.,-1.));
#2874=DIRECTION('',(-1.,0.,0.));
#2875=DIRECTION('',(0.,0.,-1.));
#2876=DIRECTION('',(0.,0.,-1.));
#2877=DIRECTION('',(-1.,0.,0.));
#2878=DIRECTION('',(0.,0.,-1.));
#2879=DIRECTION('',(0.,0.,-1.));
#2880=DIRECTION('',(1.,-1.87814549564418E-16,0.));
#2881=DIRECTION('',(1.87814549564418E-16,1.,0.));
#2882=DIRECTION('',(-1.87814549564418E-16,-1.,0.));
#2883=DIRECTION('',(0.,0.,-1.));
#2884=DIRECTION('',(-1.87814549564418E-16,-1.,0.));
#2885=DIRECTION('',(1.,-1.87814549564418E-16,0.));
#2886=DIRECTION('',(1.87814549564418E-16,1.,0.));
#2887=DIRECTION('',(-1.87814549564418E-16,-1.,0.));
#2888=DIRECTION('',(-1.87814549564418E-16,-1.,0.));
#2889=DIRECTION('',(0.,0.,-1.));
#2890=DIRECTION('',(0.,1.,0.));
#2891=DIRECTION('',(0.,0.,1.));
#2892=DIRECTION('',(0.,0.,-1.));
#2893=DIRECTION('',(1.,5.46369598732852E-16,0.));
#2894=DIRECTION('',(1.,0.,0.));
#2895=DIRECTION('',(-1.,5.46369598732852E-16,0.));
#2896=DIRECTION('',(0.,0.,-1.));
#2897=DIRECTION('',(0.,1.,0.));
#2898=DIRECTION('',(0.,0.,1.));
#2899=DIRECTION('',(1.,0.,0.));
#2900=DIRECTION('',(0.,0.,-1.));
#2901=DIRECTION('',(1.,0.,0.));
#2902=DIRECTION('',(0.,0.,-1.));
#2903=DIRECTION('',(-1.,0.,0.));
#2904=DIRECTION('',(0.,0.,-1.));
#2905=DIRECTION('',(0.,0.,-1.));
#2906=DIRECTION('',(0.,0.,1.));
#2907=DIRECTION('',(1.,0.,0.));
#2908=DIRECTION('',(-1.,0.,0.));
#2909=DIRECTION('',(0.,0.,1.));
#2910=DIRECTION('',(0.,1.,0.));
#2911=DIRECTION('',(0.,0.,1.));
#2912=DIRECTION('',(1.,0.,0.));
#2913=DIRECTION('',(0.,0.,1.));
#2914=DIRECTION('',(1.,0.,0.));
#2915=DIRECTION('',(0.,0.,1.));
#2916=DIRECTION('',(1.,0.,0.));
#2917=DIRECTION('',(0.,0.,1.));
#2918=DIRECTION('',(1.,0.,0.));
#2919=DIRECTION('',(0.,0.,1.));
#2920=DIRECTION('',(1.,0.,0.));
#2921=DIRECTION('',(0.,0.,1.));
#2922=DIRECTION('',(1.,0.,0.));
#2923=DIRECTION('',(0.,0.,1.));
#2924=DIRECTION('',(1.,0.,0.));
#2925=DIRECTION('',(-1.87814549564418E-16,-1.,0.));
#2926=DIRECTION('',(-1.,0.,0.));
#2927=DIRECTION('',(0.,0.,1.));
#2928=DIRECTION('',(0.,1.,0.));
#2929=DIRECTION('',(0.,0.,1.));
#2930=DIRECTION('',(1.,0.,0.));
#2931=DIRECTION('',(0.,0.,1.));
#2932=DIRECTION('',(1.,0.,0.));
#2933=DIRECTION('',(0.,0.,1.));
#2934=DIRECTION('',(1.,0.,0.));
#2935=DIRECTION('',(0.,0.,1.));
#2936=DIRECTION('',(1.,0.,0.));
#2937=DIRECTION('',(0.,0.,1.));
#2938=DIRECTION('',(1.,0.,0.));
#2939=DIRECTION('',(0.,0.,1.));
#2940=DIRECTION('',(1.,0.,0.));
#2941=DIRECTION('',(0.,0.,1.));
#2942=DIRECTION('',(1.,0.,0.));
#2943=DIRECTION('',(-1.87814549564418E-16,-1.,0.));
#2944=DIRECTION('',(1.,-1.87814549564418E-16,0.));
#2945=DIRECTION('',(1.87814549564418E-16,1.,0.));
#2946=DIRECTION('',(0.,-1.,0.));
#2947=DIRECTION('',(0.,0.,-1.));
#2948=DIRECTION('',(-1.87814549564418E-16,-1.,0.));
#2949=DIRECTION('',(1.,-1.87814549564418E-16,0.));
#2950=DIRECTION('',(1.87814549564418E-16,1.,0.));
#2951=DIRECTION('',(-1.87814549564418E-16,-1.,0.));
#2952=DIRECTION('',(0.,0.,-1.));
#2953=DIRECTION('',(0.,-1.,0.));
#2954=DIRECTION('',(0.,0.,1.));
#2955=DIRECTION('',(1.,0.,0.));
#2956=DIRECTION('',(-1.,0.,0.));
#2957=DIRECTION('',(0.,0.,1.));
#2958=DIRECTION('',(1.,0.,0.));
#2959=DIRECTION('',(-1.,0.,0.));
#2960=DIRECTION('',(0.,1.,0.));
#2961=DIRECTION('',(0.,0.,1.));
#2962=DIRECTION('',(0.,0.,1.));
#2963=DIRECTION('',(1.,0.,0.));
#2964=DIRECTION('',(0.,0.,1.));
#2965=DIRECTION('',(1.,0.,0.));
#2966=DIRECTION('',(0.,0.,1.));
#2967=DIRECTION('',(1.,0.,0.));
#2968=DIRECTION('',(0.,0.,1.));
#2969=DIRECTION('',(1.,0.,0.));
#2970=DIRECTION('',(0.,0.,1.));
#2971=DIRECTION('',(1.,0.,0.));
#2972=DIRECTION('',(0.,0.,1.));
#2973=DIRECTION('',(1.,0.,0.));
#2974=DIRECTION('',(0.,0.,1.));
#2975=DIRECTION('',(1.,0.,0.));
#2976=DIRECTION('',(0.,0.,1.));
#2977=DIRECTION('',(1.,0.,0.));
#2978=DIRECTION('',(0.,0.,1.));
#2979=DIRECTION('',(1.,0.,0.));
#2980=DIRECTION('',(0.,0.,1.));
#2981=DIRECTION('',(1.,0.,0.));
#2982=DIRECTION('',(0.,0.,1.));
#2983=DIRECTION('',(1.,0.,0.));
#2984=DIRECTION('',(0.,0.,1.));
#2985=DIRECTION('',(1.,0.,0.));
#2986=DIRECTION('',(-1.36592399683213E-16,1.,0.));
#2987=DIRECTION('',(-1.,-1.36592399683213E-16,0.));
#2988=DIRECTION('',(-1.36592399683213E-16,1.,0.));
#2989=DIRECTION('',(-1.,-1.36592399683213E-16,0.));
#2990=DIRECTION('',(-1.36592399683213E-16,1.,0.));
#2991=DIRECTION('',(-1.,-1.36592399683213E-16,0.));
#2992=DIRECTION('',(-1.36592399683213E-16,1.,0.));
#2993=DIRECTION('',(-1.,-1.36592399683213E-16,0.));
#2994=DIRECTION('',(-1.,-1.36592399683213E-16,0.));
#2995=DIRECTION('',(0.,0.,1.));
#2996=DIRECTION('',(0.,0.,1.));
#2997=DIRECTION('',(-1.36592399683213E-16,1.,0.));
#2998=DIRECTION('',(-1.,-1.36592399683213E-16,0.));
#2999=DIRECTION('',(-1.36592399683213E-16,1.,0.));
#3000=DIRECTION('',(-1.,-1.36592399683213E-16,0.));
#3001=DIRECTION('',(-1.36592399683213E-16,1.,0.));
#3002=DIRECTION('',(-1.,-1.36592399683213E-16,0.));
#3003=DIRECTION('',(-1.36592399683213E-16,1.,0.));
#3004=DIRECTION('',(-1.,-1.36592399683213E-16,0.));
#3005=DIRECTION('',(0.,0.,1.));
#3006=DIRECTION('',(-1.,-1.36592399683213E-16,0.));
#3007=DIRECTION('',(0.,0.,1.));
#3008=DIRECTION('',(0.,0.,1.));
#3009=DIRECTION('',(1.,0.,0.));
#3010=DIRECTION('',(0.,0.,1.));
#3011=DIRECTION('',(1.,0.,0.));
#3012=DIRECTION('',(0.,0.,1.));
#3013=DIRECTION('',(1.,0.,0.));
#3014=DIRECTION('',(-1.36592399683213E-16,1.,0.));
#3015=DIRECTION('',(-1.,-1.36592399683213E-16,0.));
#3016=DIRECTION('',(-1.36592399683213E-16,1.,0.));
#3017=DIRECTION('',(-1.,-1.36592399683213E-16,0.));
#3018=DIRECTION('',(-1.36592399683213E-16,1.,0.));
#3019=DIRECTION('',(-1.,-1.36592399683213E-16,0.));
#3020=DIRECTION('',(0.,0.,-1.));
#3021=DIRECTION('',(-1.,0.,0.));
#3022=DIRECTION('',(0.,0.,-1.));
#3023=DIRECTION('',(-1.,0.,0.));
#3024=DIRECTION('',(-7.88878925841791E-16,1.,-1.46202891764207E-22));
#3025=DIRECTION('',(-1.,-7.88878925841791E-16,-2.19304336315109E-22));
#3026=CARTESIAN_POINT('',(0.,0.,0.));
#3027=CARTESIAN_POINT('',(0.,-0.1524,7.77650717458569E-19));
#3028=CARTESIAN_POINT('',(0.,-0.1524,7.77650717458569E-19));
#3029=CARTESIAN_POINT('',(0.,-0.1524,-0.0127));
#3030=CARTESIAN_POINT('',(1.7347234759768E-18,0.,7.77650717458569E-19));
#3031=CARTESIAN_POINT('',(1.7347234759768E-18,0.,-0.0127));
#3032=CARTESIAN_POINT('',(1.7347234759768E-18,0.,0.0127));
#3033=CARTESIAN_POINT('',(1.7347234759768E-18,0.,7.77650717458569E-19));
#3034=CARTESIAN_POINT('',(0.,-0.1524,0.));
#3035=CARTESIAN_POINT('',(-0.01397,0.,0.));
#3036=CARTESIAN_POINT('',(-0.01397,0.,7.77650717458569E-19));
#3037=CARTESIAN_POINT('',(-0.01397,0.,0.0032639));
#3038=CARTESIAN_POINT('',(-0.01397,0.,7.77650717458569E-19));
#3039=CARTESIAN_POINT('',(-0.01397,0.,-0.0127));
#3040=CARTESIAN_POINT('',(0.01397,0.,7.77650717458569E-19));
#3041=CARTESIAN_POINT('',(1.7347234759768E-18,0.,7.77650717458569E-19));
#3042=CARTESIAN_POINT('',(0.,0.1524,0.));
#3043=CARTESIAN_POINT('',(0.,0.1524,7.77650717458569E-19));
#3044=CARTESIAN_POINT('',(0.,0.1524,-0.0127));
#3045=CARTESIAN_POINT('',(0.,-0.1524,7.77650717458569E-19));
#3046=CARTESIAN_POINT('',(1.7347234759768E-18,0.,7.77650717458569E-19));
#3047=CARTESIAN_POINT('',(0.01397,0.,7.77650717458569E-19));
#3048=CARTESIAN_POINT('',(0.01397,0.,7.77650717458569E-19));
#3049=CARTESIAN_POINT('',(0.01397,0.,-0.0127));
#3050=CARTESIAN_POINT('',(0.01397,0.,0.));
#3051=CARTESIAN_POINT('',(0.01397,0.,7.77650717458569E-19));
#3052=CARTESIAN_POINT('',(0.01397,0.,0.0032639));
#3053=CARTESIAN_POINT('',(0.01397,0.,7.77650717458569E-19));
#3054=CARTESIAN_POINT('',(-1.0212271932129E-24,7.77650717458569E-19,0.01397));
#3055=CARTESIAN_POINT('',(0.04445,-0.003175,3.46944695195361E-18));
#3056=CARTESIAN_POINT('',(0.04445,-0.003175,0.0127));
#3057=CARTESIAN_POINT('',(0.04445,-0.0127,0.0127));
#3058=CARTESIAN_POINT('',(0.04445,0.00635,0.0127));
#3059=CARTESIAN_POINT('',(0.04445,-0.0127,3.46944695195361E-18));
#3060=CARTESIAN_POINT('',(0.04445,-0.0127,-0.0127));
#3061=CARTESIAN_POINT('',(0.04445,-0.003175,-0.0127));
#3062=CARTESIAN_POINT('',(0.04445,0.00635,-0.0127));
#3063=CARTESIAN_POINT('',(0.04445,0.00635,3.46944695195361E-18));
#3064=CARTESIAN_POINT('',(1.38777878078145E-17,-0.00635,0.));
#3065=CARTESIAN_POINT('',(-0.02286,-0.00635,-0.00635));
#3066=CARTESIAN_POINT('',(-0.02286,-0.00635,-0.0096139));
#3067=CARTESIAN_POINT('',(-0.0127,-0.00635,0.00635));
#3068=CARTESIAN_POINT('',(-0.0127,-0.00635,0.0030861));
#3069=CARTESIAN_POINT('',(-0.0127,-0.00635,-0.00635));
#3070=CARTESIAN_POINT('',(-0.0127,-0.00635,-0.0096139));
#3071=CARTESIAN_POINT('',(-0.00254,-0.00635,-0.00635));
#3072=CARTESIAN_POINT('',(-0.00254,-0.00635,-0.0096139));
#3073=CARTESIAN_POINT('',(-0.03302,-0.00635,-0.00635));
#3074=CARTESIAN_POINT('',(-0.03302,-0.00635,-0.0096139));
#3075=CARTESIAN_POINT('',(-0.04318,-0.00635,-0.00635));
#3076=CARTESIAN_POINT('',(-0.04318,-0.00635,-0.0096139));
#3077=CARTESIAN_POINT('',(-0.02286,-0.00635,0.00635));
#3078=CARTESIAN_POINT('',(-0.02286,-0.00635,0.0030861));
#3079=CARTESIAN_POINT('',(-0.03302,-0.00635,0.00635));
#3080=CARTESIAN_POINT('',(-0.03302,-0.00635,0.0030861));
#3081=CARTESIAN_POINT('',(0.02794,-0.00635,0.00635));
#3082=CARTESIAN_POINT('',(0.02794,-0.00635,0.0030861));
#3083=CARTESIAN_POINT('',(0.02794,-0.00635,-0.00635));
#3084=CARTESIAN_POINT('',(0.02794,-0.00635,-0.0096139));
#3085=CARTESIAN_POINT('',(0.01778,-0.00635,-0.00635));
#3086=CARTESIAN_POINT('',(0.01778,-0.00635,-0.0096139));
#3087=CARTESIAN_POINT('',(-0.00254,-0.00635,0.00635));
#3088=CARTESIAN_POINT('',(-0.00254,-0.00635,0.0030861));
#3089=CARTESIAN_POINT('',(0.00762,-0.00635,0.00635));
#3090=CARTESIAN_POINT('',(0.00762,-0.00635,0.0030861));
#3091=CARTESIAN_POINT('',(0.00762,-0.00635,-0.00635));
#3092=CARTESIAN_POINT('',(0.00762,-0.00635,-0.0096139));
#3093=CARTESIAN_POINT('',(0.01778,-0.00635,0.00635));
#3094=CARTESIAN_POINT('',(0.01778,-0.00635,0.0030861));
#3095=CARTESIAN_POINT('',(-0.04318,-0.00635,0.00635));
#3096=CARTESIAN_POINT('',(-0.04318,-0.00635,0.0030861));
#3097=CARTESIAN_POINT('',(-0.0444789473682642,-0.00635,-0.0127));
#3098=CARTESIAN_POINT('',(0.0381,-0.00635,-0.0127));
#3099=CARTESIAN_POINT('',(-0.0508,-0.00635,-0.0127));
#3100=CARTESIAN_POINT('',(0.0381,-0.00635,0.));
#3101=CARTESIAN_POINT('',(0.0381,-0.00635,0.0127));
#3102=CARTESIAN_POINT('',(-2.89473682641809E-5,-0.00635,0.0127));
#3103=CARTESIAN_POINT('',(-0.0508,-0.00635,0.0127));
#3104=CARTESIAN_POINT('',(-0.0508,-0.00635,0.));
#3105=CARTESIAN_POINT('',(-2.89473682641809E-5,-0.00635,0.0127));
#3106=CARTESIAN_POINT('',(-2.89473682641809E-5,0.,0.0127));
#3107=CARTESIAN_POINT('',(-0.0508,0.,0.0127));
#3108=CARTESIAN_POINT('',(0.0381,0.,0.0127));
#3109=CARTESIAN_POINT('',(-0.0508,-0.00635,0.0127));
#3110=CARTESIAN_POINT('',(0.0381,-0.00635,0.0127));
#3111=CARTESIAN_POINT('',(-0.0508,-0.00635,0.));
#3112=CARTESIAN_POINT('',(-0.0508,0.,0.));
#3113=CARTESIAN_POINT('',(-0.0508,0.,-0.0127));
#3114=CARTESIAN_POINT('',(-0.0508,-0.00635,-0.0127));
#3115=CARTESIAN_POINT('',(-0.0444789473682642,-0.00635,-0.0127));
#3116=CARTESIAN_POINT('',(-0.0444789473682642,0.,-0.0127));
#3117=CARTESIAN_POINT('',(0.0381,0.,-0.0127));
#3118=CARTESIAN_POINT('',(0.0381,-0.00635,-0.0127));
#3119=CARTESIAN_POINT('',(1.38777878078145E-17,0.,0.));
#3120=CARTESIAN_POINT('',(-0.02286,0.,-0.00635));
#3121=CARTESIAN_POINT('',(-0.02286,0.,-0.0096139));
#3122=CARTESIAN_POINT('',(-0.0127,0.,0.00635));
#3123=CARTESIAN_POINT('',(-0.0127,0.,0.0030861));
#3124=CARTESIAN_POINT('',(-0.0127,0.,-0.00635));
#3125=CARTESIAN_POINT('',(-0.0127,0.,-0.0096139));
#3126=CARTESIAN_POINT('',(-0.00254,0.,-0.00635));
#3127=CARTESIAN_POINT('',(-0.00254,0.,-0.0096139));
#3128=CARTESIAN_POINT('',(-0.03302,0.,-0.00635));
#3129=CARTESIAN_POINT('',(-0.03302,0.,-0.0096139));
#3130=CARTESIAN_POINT('',(-0.04318,0.,-0.00635));
#3131=CARTESIAN_POINT('',(-0.04318,0.,-0.0096139));
#3132=CARTESIAN_POINT('',(-0.02286,0.,0.00635));
#3133=CARTESIAN_POINT('',(-0.02286,0.,0.0030861));
#3134=CARTESIAN_POINT('',(-0.03302,0.,0.00635));
#3135=CARTESIAN_POINT('',(-0.03302,0.,0.0030861));
#3136=CARTESIAN_POINT('',(0.02794,0.,0.00635));
#3137=CARTESIAN_POINT('',(0.02794,0.,0.0030861));
#3138=CARTESIAN_POINT('',(0.02794,0.,-0.00635));
#3139=CARTESIAN_POINT('',(0.02794,0.,-0.0096139));
#3140=CARTESIAN_POINT('',(0.01778,0.,-0.00635));
#3141=CARTESIAN_POINT('',(0.01778,0.,-0.0096139));
#3142=CARTESIAN_POINT('',(-0.00254,0.,0.00635));
#3143=CARTESIAN_POINT('',(-0.00254,0.,0.0030861));
#3144=CARTESIAN_POINT('',(0.00762,0.,0.00635));
#3145=CARTESIAN_POINT('',(0.00762,0.,0.0030861));
#3146=CARTESIAN_POINT('',(0.00762,0.,-0.00635));
#3147=CARTESIAN_POINT('',(0.00762,0.,-0.0096139));
#3148=CARTESIAN_POINT('',(0.01778,0.,0.00635));
#3149=CARTESIAN_POINT('',(0.01778,0.,0.0030861));
#3150=CARTESIAN_POINT('',(-0.04318,0.,0.00635));
#3151=CARTESIAN_POINT('',(-0.04318,0.,0.0030861));
#3152=CARTESIAN_POINT('',(0.0381,0.,0.));
#3153=CARTESIAN_POINT('',(-0.04318,0.,0.00635));
#3154=CARTESIAN_POINT('',(0.01778,0.,0.00635));
#3155=CARTESIAN_POINT('',(0.00762,0.,-0.00635));
#3156=CARTESIAN_POINT('',(0.00762,0.,0.00635));
#3157=CARTESIAN_POINT('',(-0.00254,0.,0.00635));
#3158=CARTESIAN_POINT('',(0.01778,0.,-0.00635));
#3159=CARTESIAN_POINT('',(0.02794,0.,-0.00635));
#3160=CARTESIAN_POINT('',(0.02794,0.,0.00635));
#3161=CARTESIAN_POINT('',(-0.03302,0.,0.00635));
#3162=CARTESIAN_POINT('',(-0.02286,0.,0.00635));
#3163=CARTESIAN_POINT('',(-0.04318,0.,-0.00635));
#3164=CARTESIAN_POINT('',(-0.03302,0.,-0.00635));
#3165=CARTESIAN_POINT('',(-0.00254,0.,-0.00635));
#3166=CARTESIAN_POINT('',(-0.0127,0.,-0.00635));
#3167=CARTESIAN_POINT('',(-0.0127,0.,0.00635));
#3168=CARTESIAN_POINT('',(-0.02286,0.,-0.00635));
#3169=CARTESIAN_POINT('',(0.04445,-0.003175,0.01905));
#3170=CARTESIAN_POINT('',(0.0381,-0.003175,0.01905));
#3171=CARTESIAN_POINT('',(0.0381,0.00635,0.01905));
#3172=CARTESIAN_POINT('',(0.0381,-0.0127,0.01905));
#3173=CARTESIAN_POINT('',(0.04445,-0.0127,0.01905));
#3174=CARTESIAN_POINT('',(0.0635,-0.0127,0.01905));
#3175=CARTESIAN_POINT('',(0.0635,-0.003175,0.01905));
#3176=CARTESIAN_POINT('',(0.0635,0.00635,0.01905));
#3177=CARTESIAN_POINT('',(0.04445,0.00635,0.01905));
#3178=CARTESIAN_POINT('',(0.04445,-0.0127,3.46944695195361E-18));
#3179=CARTESIAN_POINT('',(0.0381,-0.0127,3.46944695195361E-18));
#3180=CARTESIAN_POINT('',(0.0381,-0.0127,-0.01905));
#3181=CARTESIAN_POINT('',(0.04445,-0.0127,-0.01905));
#3182=CARTESIAN_POINT('',(0.0635,-0.0127,-0.01905));
#3183=CARTESIAN_POINT('',(0.0635,-0.0127,3.46944695195361E-18));
#3184=CARTESIAN_POINT('',(0.0635,-0.0127,-0.0127));
#3185=CARTESIAN_POINT('',(0.0635,-0.0127,-0.0127));
#3186=CARTESIAN_POINT('',(0.0635,-0.0127,0.0127));
#3187=CARTESIAN_POINT('',(0.0635,-0.0127,0.0127));
#3188=CARTESIAN_POINT('',(0.0635,-0.0127,3.46944695195361E-18));
#3189=CARTESIAN_POINT('',(0.04445,-0.003175,-0.01905));
#3190=CARTESIAN_POINT('',(0.0381,-0.003175,-0.01905));
#3191=CARTESIAN_POINT('',(0.0381,0.00635,-0.01905));
#3192=CARTESIAN_POINT('',(0.04445,0.00635,-0.01905));
#3193=CARTESIAN_POINT('',(0.0635,0.00635,-0.01905));
#3194=CARTESIAN_POINT('',(0.0635,-0.003175,-0.01905));
#3195=CARTESIAN_POINT('',(0.04445,0.00635,3.46944695195361E-18));
#3196=CARTESIAN_POINT('',(0.0381,0.00635,3.46944695195361E-18));
#3197=CARTESIAN_POINT('',(0.0635,0.00635,3.46944695195361E-18));
#3198=CARTESIAN_POINT('',(0.0635,0.00635,0.0127));
#3199=CARTESIAN_POINT('',(0.0635,0.00635,0.0127));
#3200=CARTESIAN_POINT('',(0.0635,0.00635,-0.0127));
#3201=CARTESIAN_POINT('',(0.0635,0.00635,-0.0127));
#3202=CARTESIAN_POINT('',(0.0635,0.00635,3.46944695195361E-18));
#3203=CARTESIAN_POINT('',(0.0381,-0.003175,3.46944695195361E-18));
#3204=CARTESIAN_POINT('',(0.0635,-0.003175,-0.0127));
#3205=CARTESIAN_POINT('',(0.05969,-0.003175,-0.0127));
#3206=CARTESIAN_POINT('',(0.062865,-0.003175,-0.0127));
#3207=CARTESIAN_POINT('',(0.0635,-0.003175,-0.0127));
#3208=CARTESIAN_POINT('',(0.0635,-0.003175,0.));
#3209=CARTESIAN_POINT('',(0.0635,-0.003175,0.0127));
#3210=CARTESIAN_POINT('',(0.05969,-0.003175,0.0127));
#3211=CARTESIAN_POINT('',(0.062865,-0.003175,0.0127));
#3212=CARTESIAN_POINT('',(0.0635,-0.003175,0.0127));
#3213=CARTESIAN_POINT('',(0.0635,-0.003175,0.));
#3214=CARTESIAN_POINT('',(0.05969,-0.003175,0.019052));
#3215=CARTESIAN_POINT('',(-0.00190500000000026,0.154939999999998,0.0253999999999995));
#3216=CARTESIAN_POINT('',(0.,1.86636172190057E-19,0.06604));
#3217=CARTESIAN_POINT('',(0.,1.86636172190057E-19,0.00254));
#3218=CARTESIAN_POINT('',(0.003048,1.86636172190057E-19,0.00254));
#3219=CARTESIAN_POINT('',(0.,1.86636172190057E-19,0.06604));
#3220=CARTESIAN_POINT('',(0.003048,1.86636172190057E-19,0.06604));
#3221=CARTESIAN_POINT('',(0.00028900037710758,-6.12532334487732E-5,0.06604));
#3222=CARTESIAN_POINT('',(0.,1.86636172190057E-19,0.06604));
#3223=CARTESIAN_POINT('',(-0.0024892,1.86636172190057E-19,0.06604));
#3224=CARTESIAN_POINT('',(0.00117013863799937,0.00624125592872628,0.00254));
#3225=CARTESIAN_POINT('',(0.00117013863799937,0.00624125592872628,0.));
#3226=CARTESIAN_POINT('',(0.00417576908275596,0.00567774686017978,0.));
#3227=CARTESIAN_POINT('',(-0.00183549180675723,0.00680476499727279,0.));
#3228=CARTESIAN_POINT('',(-0.00183549180675723,0.00680476499727279,0.00254));
#3229=CARTESIAN_POINT('',(-0.00183549180675723,0.00680476499727279,0.00254));
#3230=CARTESIAN_POINT('',(0.00117013863799937,0.00624125592872628,0.00254));
#3231=CARTESIAN_POINT('',(0.00417576908275596,0.00567774686017978,0.00254));
#3232=CARTESIAN_POINT('',(0.00417576908275596,0.00567774686017978,0.00254));
#3233=CARTESIAN_POINT('',(-0.00415004086766498,0.00480621064839136,0.00254));
#3234=CARTESIAN_POINT('',(-0.00415004086766498,0.00480621064839136,0.));
#3235=CARTESIAN_POINT('',(-0.00646458992857273,0.00280765629950991,0.));
#3236=CARTESIAN_POINT('',(-0.00646458992857273,0.00280765629950991,0.00254));
#3237=CARTESIAN_POINT('',(-0.00646458992857273,0.00280765629950991,0.00254));
#3238=CARTESIAN_POINT('',(-0.00415004086766498,0.00480621064839136,0.00254));
#3239=CARTESIAN_POINT('',(-0.00634515495457153,-0.000248009279012564,0.00254));
#3240=CARTESIAN_POINT('',(-0.00634515495457153,-0.000248009279012564,0.));
#3241=CARTESIAN_POINT('',(-0.00622571998057031,-0.00330367485753505,0.));
#3242=CARTESIAN_POINT('',(-0.00622571998057031,-0.00330367485753505,0.00254));
#3243=CARTESIAN_POINT('',(-0.00622571998057031,-0.00330367485753505,0.00254));
#3244=CARTESIAN_POINT('',(-0.00634515495457153,-0.000248009279012564,0.00254));
#3245=CARTESIAN_POINT('',(-0.00376223794311254,-0.00511547316085269,0.00254));
#3246=CARTESIAN_POINT('',(-0.00376223794311254,-0.00511547316085269,0.));
#3247=CARTESIAN_POINT('',(-0.00129875590565475,-0.00692727146417032,0.));
#3248=CARTESIAN_POINT('',(-0.00129875590565475,-0.00692727146417032,0.00254));
#3249=CARTESIAN_POINT('',(-0.00129875590565475,-0.00692727146417032,0.00254));
#3250=CARTESIAN_POINT('',(-0.00376223794311254,-0.00511547316085269,0.00254));
#3251=CARTESIAN_POINT('',(0.00165372097517825,-0.00613088141593486,0.00254));
#3252=CARTESIAN_POINT('',(0.00165372097517825,-0.00613088141593486,0.));
#3253=CARTESIAN_POINT('',(0.00460619785601121,-0.00533449136769941,0.));
#3254=CARTESIAN_POINT('',(0.00460619785601121,-0.00533449136769941,0.00254));
#3255=CARTESIAN_POINT('',(0.00460619785601121,-0.00533449136769941,0.00254));
#3256=CARTESIAN_POINT('',(0.00165372097517825,-0.00613088141593486,0.00254));
#3257=CARTESIAN_POINT('',(0.00582439426939955,-0.00252961091762856,0.00254));
#3258=CARTESIAN_POINT('',(0.00582439426939955,-0.00252961091762856,0.));
#3259=CARTESIAN_POINT('',(0.00704259068278789,0.000275269532442278,0.));
#3260=CARTESIAN_POINT('',(0.00704259068278789,0.000275269532442278,0.00254));
#3261=CARTESIAN_POINT('',(0.00704259068278789,0.000275269532442278,0.00254));
#3262=CARTESIAN_POINT('',(0.00582439426939955,-0.00252961091762856,0.00254));
#3263=CARTESIAN_POINT('',(0.00560917988277192,0.00297650819631103,0.00254));
#3264=CARTESIAN_POINT('',(0.00560917988277192,0.00297650819631103,0.));
#3265=CARTESIAN_POINT('',(0.00560917988277192,0.00297650819631103,0.00254));
#3266=CARTESIAN_POINT('',(0.00028900037710758,-6.12532334487732E-5,0.00254));
#3267=CARTESIAN_POINT('',(0.00028900037710758,-6.12532334487732E-5,0.));
#3268=CARTESIAN_POINT('',(0.,1.86636172190057E-19,0.04064));
#3269=CARTESIAN_POINT('',(0.,1.86636172190057E-19,0.0391443377471166));
#3270=CARTESIAN_POINT('',(0.,1.86636172190057E-19,0.04064));
#3271=CARTESIAN_POINT('',(-0.0024892,1.86636172190057E-19,0.04064));
#3272=CARTESIAN_POINT('',(0.,1.86636172190057E-19,0.06604));
#3273=CARTESIAN_POINT('',(0.,0.,-0.00254));
#3274=CARTESIAN_POINT('',(0.05969,-0.003175,0.01016));
#3275=CARTESIAN_POINT('',(0.05969,-0.003175,0.01016));
#3276=CARTESIAN_POINT('',(0.07239,-0.003175,0.01016));
#3277=CARTESIAN_POINT('',(0.05969,-0.003175,-0.01016));
#3278=CARTESIAN_POINT('',(0.07239,-0.003175,-0.01016));
#3279=CARTESIAN_POINT('',(0.05969,-0.003175,0.01016));
#3280=CARTESIAN_POINT('',(0.05969,-0.003175,0.01016));
#3281=CARTESIAN_POINT('',(0.06477,-0.003175,0.01016));
#3282=CARTESIAN_POINT('',(0.05969,-0.003175,-0.01016));
#3283=CARTESIAN_POINT('',(0.06477,-0.003175,-0.01016));
#3284=CARTESIAN_POINT('',(0.05842,-0.003175,0.01016));
#3285=CARTESIAN_POINT('',(0.05842,-0.003175,-0.01016));
#3286=CARTESIAN_POINT('',(0.00063500000000004,0.217804999999995,-0.0311150000000009));
#3287=CARTESIAN_POINT('',(0.0254,0.,0.0063754));
#3288=CARTESIAN_POINT('',(0.0254,0.00762,0.0063754));
#3289=CARTESIAN_POINT('',(0.0254,0.00762,0.0063754));
#3290=CARTESIAN_POINT('',(0.0254,0.00762,0.));
#3291=CARTESIAN_POINT('',(0.0254,0.,0.0063754));
#3292=CARTESIAN_POINT('',(0.0254,-0.0508,0.0063754));
#3293=CARTESIAN_POINT('',(0.0254,-0.0508,0.0063754));
#3294=CARTESIAN_POINT('',(0.0254,-0.0508,0.));
#3295=CARTESIAN_POINT('',(0.0254,0.,0.));
#3296=CARTESIAN_POINT('',(0.,0.,0.0063754));
#3297=CARTESIAN_POINT('',(0.01905,-0.03175,0.0063754));
#3298=CARTESIAN_POINT('',(0.0223139,-0.03175,0.0063754));
#3299=CARTESIAN_POINT('',(0.01905,-0.01651,0.0063754));
#3300=CARTESIAN_POINT('',(0.0223139,-0.01651,0.0063754));
#3301=CARTESIAN_POINT('',(0.01905,-0.04699,0.0063754));
#3302=CARTESIAN_POINT('',(0.0223139,-0.04699,0.0063754));
#3303=CARTESIAN_POINT('',(0.01905,-0.00127,0.0063754));
#3304=CARTESIAN_POINT('',(0.0223139,-0.00127,0.0063754));
#3305=CARTESIAN_POINT('',(0.01905,0.00762,0.0063754));
#3306=CARTESIAN_POINT('',(0.0127,0.00762,0.0063754));
#3307=CARTESIAN_POINT('',(0.0127,6.93889390390723E-18,0.0063754));
#3308=CARTESIAN_POINT('',(0.0127,-0.04445,0.0063754));
#3309=CARTESIAN_POINT('',(0.0127,6.93889390390723E-18,0.0063754));
#3310=CARTESIAN_POINT('',(0.0127,-0.0508,0.0063754));
#3311=CARTESIAN_POINT('',(0.01905,-0.0508,0.0063754));
#3312=CARTESIAN_POINT('',(-0.0254,0.,0.0063754));
#3313=CARTESIAN_POINT('',(-0.0254,0.,0.0063754));
#3314=CARTESIAN_POINT('',(-0.0254,-0.0508,0.0063754));
#3315=CARTESIAN_POINT('',(-0.0254,0.00762,0.0063754));
#3316=CARTESIAN_POINT('',(-0.0254,0.00762,0.0063754));
#3317=CARTESIAN_POINT('',(-0.0254,0.00762,0.));
#3318=CARTESIAN_POINT('',(-0.0254,0.,0.));
#3319=CARTESIAN_POINT('',(-0.0254,-0.0508,0.));
#3320=CARTESIAN_POINT('',(-0.0254,-0.0508,0.0063754));
#3321=CARTESIAN_POINT('',(0.,0.,0.06985));
#3322=CARTESIAN_POINT('',(0.0127,6.93889390390723E-18,0.06985));
#3323=CARTESIAN_POINT('',(0.0127,0.00762,0.06985));
#3324=CARTESIAN_POINT('',(0.0127,-0.0508,0.06985));
#3325=CARTESIAN_POINT('',(-1.04083408558608E-17,0.00762,0.06985));
#3326=CARTESIAN_POINT('',(-0.0127,0.00762,0.06985));
#3327=CARTESIAN_POINT('',(-0.0127,6.93889390390723E-18,0.06985));
#3328=CARTESIAN_POINT('',(-0.0127,-0.0508,0.06985));
#3329=CARTESIAN_POINT('',(-1.04083408558608E-17,-0.0508,0.06985));
#3330=CARTESIAN_POINT('',(-1.04083408558608E-17,0.050802,0.0635));
#3331=CARTESIAN_POINT('',(-1.04083408558608E-17,0.00762,0.0635));
#3332=CARTESIAN_POINT('',(0.0127,0.00762,0.0635));
#3333=CARTESIAN_POINT('',(-0.0127,0.00762,0.0635));
#3334=CARTESIAN_POINT('',(0.0127,0.050802,0.0635));
#3335=CARTESIAN_POINT('',(0.0127,-0.04445,0.0635));
#3336=CARTESIAN_POINT('',(-1.04083408558608E-17,-0.04445,0.0635));
#3337=CARTESIAN_POINT('',(-0.0127,-0.04445,0.0635));
#3338=CARTESIAN_POINT('',(-0.0127,0.050802,0.0635));
#3339=CARTESIAN_POINT('',(0.0127,6.93889390390723E-18,0.0063754));
#3340=CARTESIAN_POINT('',(0.0127,0.00762,0.0063754));
#3341=CARTESIAN_POINT('',(0.0127,0.00762,0.00635));
#3342=CARTESIAN_POINT('',(0.0127,6.93889390390723E-18,0.00635));
#3343=CARTESIAN_POINT('',(0.0127,-0.04445,0.00635));
#3344=CARTESIAN_POINT('',(0.0127,-0.04445,0.06985));
#3345=CARTESIAN_POINT('',(-0.0127,6.93889390390723E-18,0.0063754));
#3346=CARTESIAN_POINT('',(-0.0127,6.93889390390723E-18,0.00635));
#3347=CARTESIAN_POINT('',(-0.0127,0.00762,0.00635));
#3348=CARTESIAN_POINT('',(-0.0127,-0.04445,0.00635));
#3349=CARTESIAN_POINT('',(-0.0127,0.00762,0.0063754));
#3350=CARTESIAN_POINT('',(-0.0127,0.00762,0.0063754));
#3351=CARTESIAN_POINT('',(-0.0127,6.93889390390723E-18,0.0063754));
#3352=CARTESIAN_POINT('',(-0.0127,-0.04445,0.0063754));
#3353=CARTESIAN_POINT('',(-0.0127,-0.04445,0.0063754));
#3354=CARTESIAN_POINT('',(0.,0.,0.00635));
#3355=CARTESIAN_POINT('',(8.67361737988404E-18,0.00762,0.00635));
#3356=CARTESIAN_POINT('',(-1.04083408558608E-17,-0.04445,0.00635));
#3357=CARTESIAN_POINT('',(-1.04083408558608E-17,-0.04445,0.06985));
#3358=CARTESIAN_POINT('',(0.0127,-0.04445,0.06985));
#3359=CARTESIAN_POINT('',(-0.0127,-0.04445,0.06985));
#3360=CARTESIAN_POINT('',(-1.04083408558608E-17,-0.0508,0.00635));
#3361=CARTESIAN_POINT('',(0.0127,-0.0508,0.06985));
#3362=CARTESIAN_POINT('',(-0.0127,-0.0508,0.06985));
#3363=CARTESIAN_POINT('',(-0.0127,-0.0508,0.0063754));
#3364=CARTESIAN_POINT('',(-0.01905,-0.0508,0.0063754));
#3365=CARTESIAN_POINT('',(-1.04083408558608E-17,-0.0508,0.));
#3366=CARTESIAN_POINT('',(0.,0.,0.));
#3367=CARTESIAN_POINT('',(-0.01905,-0.00127,0.));
#3368=CARTESIAN_POINT('',(-0.0157861,-0.00127,0.));
#3369=CARTESIAN_POINT('',(0.01905,-0.00127,0.));
#3370=CARTESIAN_POINT('',(0.0223139,-0.00127,0.));
#3371=CARTESIAN_POINT('',(-0.01905,-0.01651,0.));
#3372=CARTESIAN_POINT('',(-0.0157861,-0.01651,0.));
#3373=CARTESIAN_POINT('',(0.01905,-0.04699,0.));
#3374=CARTESIAN_POINT('',(0.0223139,-0.04699,0.));
#3375=CARTESIAN_POINT('',(0.01905,-0.01651,0.));
#3376=CARTESIAN_POINT('',(0.0223139,-0.01651,0.));
#3377=CARTESIAN_POINT('',(-0.01905,-0.03175,0.));
#3378=CARTESIAN_POINT('',(-0.0157861,-0.03175,0.));
#3379=CARTESIAN_POINT('',(0.01905,-0.03175,0.));
#3380=CARTESIAN_POINT('',(0.0223139,-0.03175,0.));
#3381=CARTESIAN_POINT('',(-0.01905,-0.04699,0.));
#3382=CARTESIAN_POINT('',(-0.0157861,-0.04699,0.));
#3383=CARTESIAN_POINT('',(8.67361737988404E-18,0.00762,0.));
#3384=CARTESIAN_POINT('',(0.,0.,0.0063754));
#3385=CARTESIAN_POINT('',(-0.01905,0.00762,0.0063754));
#3386=CARTESIAN_POINT('',(-0.0127,6.93889390390723E-18,0.0063754));
#3387=CARTESIAN_POINT('',(-0.01905,-0.00127,0.0063754));
#3388=CARTESIAN_POINT('',(-0.0157861,-0.00127,0.0063754));
#3389=CARTESIAN_POINT('',(-0.01905,-0.01651,0.0063754));
#3390=CARTESIAN_POINT('',(-0.0157861,-0.01651,0.0063754));
#3391=CARTESIAN_POINT('',(-0.01905,-0.03175,0.0063754));
#3392=CARTESIAN_POINT('',(-0.0157861,-0.03175,0.0063754));
#3393=CARTESIAN_POINT('',(-0.01905,-0.04699,0.0063754));
#3394=CARTESIAN_POINT('',(-0.0157861,-0.04699,0.0063754));
#3395=CARTESIAN_POINT('',(0.0127,6.93889390390723E-18,0.06985));
#3396=CARTESIAN_POINT('',(0.0127,0.00762,0.06985));
#3397=CARTESIAN_POINT('',(-0.0127,6.93889390390723E-18,0.06985));
#3398=CARTESIAN_POINT('',(-0.0127,0.00762,0.06985));
#3399=CARTESIAN_POINT('',(-0.01905,-0.04699,0.));
#3400=CARTESIAN_POINT('',(-0.01905,-0.03175,0.));
#3401=CARTESIAN_POINT('',(-0.01905,-0.01651,0.));
#3402=CARTESIAN_POINT('',(-0.01905,-0.00127,0.));
#3403=CARTESIAN_POINT('',(0.01905,-0.03175,0.));
#3404=CARTESIAN_POINT('',(0.01905,-0.01651,0.));
#3405=CARTESIAN_POINT('',(0.01905,-0.04699,0.));
#3406=CARTESIAN_POINT('',(0.01905,-0.00127,0.));
#3407=CARTESIAN_POINT('',(8.67361737988404E-18,0.00762,0.00635));
#3408=CARTESIAN_POINT('',(8.67361737988404E-18,0.00762,0.00635));
#3409=CARTESIAN_POINT('',(-6.17561557447743E-16,-0.0348996,0.0241300000000002));
#3410=CARTESIAN_POINT('',(2.72371170400724E-17,7.63980208683438E-18,0.04191));
#3411=CARTESIAN_POINT('',(0.,0.,0.));
#3412=CARTESIAN_POINT('',(8.67361737988404E-18,0.0508,0.));
#3413=CARTESIAN_POINT('',(-0.0254,0.0508,0.));
#3414=CARTESIAN_POINT('',(0.0254,0.0508,0.));
#3415=CARTESIAN_POINT('',(0.0254,0.,0.));
#3416=CARTESIAN_POINT('',(0.0254,-0.0508,0.));
#3417=CARTESIAN_POINT('',(-1.04083408558608E-17,-0.0508,0.));
#3418=CARTESIAN_POINT('',(-0.0254,-0.0508,0.));
#3419=CARTESIAN_POINT('',(-0.0254,0.,0.));
#3420=CARTESIAN_POINT('',(-0.01905,0.04445,0.));
#3421=CARTESIAN_POINT('',(-0.0157861,0.04445,0.));
#3422=CARTESIAN_POINT('',(0.01905,-0.01651,0.));
#3423=CARTESIAN_POINT('',(0.0223139,-0.01651,0.));
#3424=CARTESIAN_POINT('',(-0.01905,-0.03175,0.));
#3425=CARTESIAN_POINT('',(-0.0157861,-0.03175,0.));
#3426=CARTESIAN_POINT('',(0.01905,-0.03175,0.));
#3427=CARTESIAN_POINT('',(0.0223139,-0.03175,0.));
#3428=CARTESIAN_POINT('',(-0.01905,0.01397,0.));
#3429=CARTESIAN_POINT('',(-0.0157861,0.01397,0.));
#3430=CARTESIAN_POINT('',(0.01905,0.02921,0.));
#3431=CARTESIAN_POINT('',(0.0223139,0.02921,0.));
#3432=CARTESIAN_POINT('',(-0.01905,0.02921,0.));
#3433=CARTESIAN_POINT('',(-0.0157861,0.02921,0.));
#3434=CARTESIAN_POINT('',(0.01905,0.04445,0.));
#3435=CARTESIAN_POINT('',(0.0223139,0.04445,0.));
#3436=CARTESIAN_POINT('',(-0.01905,-0.01651,0.));
#3437=CARTESIAN_POINT('',(-0.0157861,-0.01651,0.));
#3438=CARTESIAN_POINT('',(0.01905,-0.00127,0.));
#3439=CARTESIAN_POINT('',(0.0223139,-0.00127,0.));
#3440=CARTESIAN_POINT('',(-0.01905,-0.00127,0.));
#3441=CARTESIAN_POINT('',(-0.0157861,-0.00127,0.));
#3442=CARTESIAN_POINT('',(0.01905,0.01397,0.));
#3443=CARTESIAN_POINT('',(0.0223139,0.01397,0.));
#3444=CARTESIAN_POINT('',(0.009525,-3.85185988877447E-34,0.));
#3445=CARTESIAN_POINT('',(0.009525,-0.003175,0.));
#3446=CARTESIAN_POINT('',(0.009525,0.003175,0.));
#3447=CARTESIAN_POINT('',(0.,0.003175,0.));
#3448=CARTESIAN_POINT('',(-0.009525,0.003175,0.));
#3449=CARTESIAN_POINT('',(-0.009525,-1.73472347597681E-18,0.));
#3450=CARTESIAN_POINT('',(-0.009525,-0.003175,0.));
#3451=CARTESIAN_POINT('',(1.7347234759768E-18,-0.003175,0.));
#3452=CARTESIAN_POINT('',(-1.04083408558608E-17,-0.04445,0.08255));
#3453=CARTESIAN_POINT('',(-1.04083408558608E-17,-0.04445,0.0762));
#3454=CARTESIAN_POINT('',(0.0127,-0.04445,0.0762));
#3455=CARTESIAN_POINT('',(-0.0127,-0.04445,0.0762));
#3456=CARTESIAN_POINT('',(0.0127,-0.04445,0.08255));
#3457=CARTESIAN_POINT('',(0.0127,-0.04445,0.0063754));
#3458=CARTESIAN_POINT('',(0.0127,-0.04445,0.08255));
#3459=CARTESIAN_POINT('',(0.0127,-0.04445,0.00635));
#3460=CARTESIAN_POINT('',(-1.04083408558608E-17,-0.04445,0.00635));
#3461=CARTESIAN_POINT('',(-0.0127,-0.04445,0.00635));
#3462=CARTESIAN_POINT('',(-0.0127,-0.04445,0.0063754));
#3463=CARTESIAN_POINT('',(-0.0127,-0.04445,0.0063754));
#3464=CARTESIAN_POINT('',(-0.0127,-0.04445,0.08255));
#3465=CARTESIAN_POINT('',(0.0127,6.93889390390723E-18,0.0063754));
#3466=CARTESIAN_POINT('',(0.0127,6.93889390390723E-18,0.0063754));
#3467=CARTESIAN_POINT('',(0.0127,0.0508,0.0063754));
#3468=CARTESIAN_POINT('',(0.0127,0.0508,0.0063754));
#3469=CARTESIAN_POINT('',(0.0127,0.0508,0.00635));
#3470=CARTESIAN_POINT('',(0.0127,6.93889390390723E-18,0.00635));
#3471=CARTESIAN_POINT('',(-0.0127,6.93889390390723E-18,0.0063754));
#3472=CARTESIAN_POINT('',(-0.0127,6.93889390390723E-18,0.0063754));
#3473=CARTESIAN_POINT('',(-0.0127,0.0508,0.0063754));
#3474=CARTESIAN_POINT('',(-0.0127,6.93889390390723E-18,0.00635));
#3475=CARTESIAN_POINT('',(-0.0127,0.0508,0.00635));
#3476=CARTESIAN_POINT('',(-0.0127,0.0508,0.0063754));
#3477=CARTESIAN_POINT('',(8.67361737988404E-18,0.0508,0.00635));
#3478=CARTESIAN_POINT('',(-0.0254,0.0508,0.0063754));
#3479=CARTESIAN_POINT('',(-0.0254,0.0508,0.0063754));
#3480=CARTESIAN_POINT('',(-0.01905,0.0508,0.0063754));
#3481=CARTESIAN_POINT('',(8.67361737988404E-18,0.0508,0.00635));
#3482=CARTESIAN_POINT('',(0.01905,0.0508,0.0063754));
#3483=CARTESIAN_POINT('',(0.0254,0.0508,0.0063754));
#3484=CARTESIAN_POINT('',(0.0254,0.0508,0.0063754));
#3485=CARTESIAN_POINT('',(-1.04083408558608E-17,-0.0508,0.00635));
#3486=CARTESIAN_POINT('',(0.01905,-0.0508,0.0063754));
#3487=CARTESIAN_POINT('',(0.0127,-0.0508,0.0063754));
#3488=CARTESIAN_POINT('',(0.0254,-0.0508,0.0063754));
#3489=CARTESIAN_POINT('',(0.0127,-0.0508,0.08255));
#3490=CARTESIAN_POINT('',(0.0127,-0.0508,0.08255));
#3491=CARTESIAN_POINT('',(-1.04083408558608E-17,-0.0508,0.08255));
#3492=CARTESIAN_POINT('',(-0.0127,-0.0508,0.08255));
#3493=CARTESIAN_POINT('',(-0.0127,-0.0508,0.08255));
#3494=CARTESIAN_POINT('',(-0.0127,-0.0508,0.0063754));
#3495=CARTESIAN_POINT('',(-0.01905,-0.0508,0.0063754));
#3496=CARTESIAN_POINT('',(-0.0254,-0.0508,0.0063754));
#3497=CARTESIAN_POINT('',(-0.0254,-0.0508,0.0063754));
#3498=CARTESIAN_POINT('',(0.0254,-0.0508,0.0063754));
#3499=CARTESIAN_POINT('',(0.,0.,0.00635));
#3500=CARTESIAN_POINT('',(0.0254,0.,0.0063754));
#3501=CARTESIAN_POINT('',(0.0254,0.,0.0063754));
#3502=CARTESIAN_POINT('',(0.,0.,0.0063754));
#3503=CARTESIAN_POINT('',(0.01905,0.01397,0.0063754));
#3504=CARTESIAN_POINT('',(0.0223139,0.01397,0.0063754));
#3505=CARTESIAN_POINT('',(0.01905,-0.00127,0.0063754));
#3506=CARTESIAN_POINT('',(0.0223139,-0.00127,0.0063754));
#3507=CARTESIAN_POINT('',(0.01905,0.04445,0.0063754));
#3508=CARTESIAN_POINT('',(0.0223139,0.04445,0.0063754));
#3509=CARTESIAN_POINT('',(0.01905,0.02921,0.0063754));
#3510=CARTESIAN_POINT('',(0.0223139,0.02921,0.0063754));
#3511=CARTESIAN_POINT('',(0.01905,-0.03175,0.0063754));
#3512=CARTESIAN_POINT('',(0.0223139,-0.03175,0.0063754));
#3513=CARTESIAN_POINT('',(0.01905,-0.01651,0.0063754));
#3514=CARTESIAN_POINT('',(0.0223139,-0.01651,0.0063754));
#3515=CARTESIAN_POINT('',(0.0127,6.93889390390723E-18,0.0063754));
#3516=CARTESIAN_POINT('',(-0.0254,0.,0.0063754));
#3517=CARTESIAN_POINT('',(-0.0254,0.,0.0063754));
#3518=CARTESIAN_POINT('',(0.,0.,0.0063754));
#3519=CARTESIAN_POINT('',(-0.01905,-0.00127,0.0063754));
#3520=CARTESIAN_POINT('',(-0.0157861,-0.00127,0.0063754));
#3521=CARTESIAN_POINT('',(-0.01905,-0.01651,0.0063754));
#3522=CARTESIAN_POINT('',(-0.0157861,-0.01651,0.0063754));
#3523=CARTESIAN_POINT('',(-0.01905,0.02921,0.0063754));
#3524=CARTESIAN_POINT('',(-0.0157861,0.02921,0.0063754));
#3525=CARTESIAN_POINT('',(-0.01905,0.01397,0.0063754));
#3526=CARTESIAN_POINT('',(-0.0157861,0.01397,0.0063754));
#3527=CARTESIAN_POINT('',(-0.01905,-0.03175,0.0063754));
#3528=CARTESIAN_POINT('',(-0.0157861,-0.03175,0.0063754));
#3529=CARTESIAN_POINT('',(-0.01905,0.04445,0.0063754));
#3530=CARTESIAN_POINT('',(-0.0157861,0.04445,0.0063754));
#3531=CARTESIAN_POINT('',(-0.0127,6.93889390390723E-18,0.0063754));
#3532=CARTESIAN_POINT('',(0.0127,6.93889390390723E-18,0.08255));
#3533=CARTESIAN_POINT('',(0.0127,0.050802,0.0762));
#3534=CARTESIAN_POINT('',(0.0127,0.0508,0.0762));
#3535=CARTESIAN_POINT('',(0.0127,0.0508,0.08255));
#3536=CARTESIAN_POINT('',(0.0127,0.0508,0.08255));
#3537=CARTESIAN_POINT('',(0.0127,6.93889390390723E-18,0.08255));
#3538=CARTESIAN_POINT('',(-0.0127,6.93889390390723E-18,0.08255));
#3539=CARTESIAN_POINT('',(-0.0127,6.93889390390723E-18,0.08255));
#3540=CARTESIAN_POINT('',(-0.0127,0.0508,0.08255));
#3541=CARTESIAN_POINT('',(-0.0127,0.0508,0.08255));
#3542=CARTESIAN_POINT('',(-0.0127,0.0508,0.0762));
#3543=CARTESIAN_POINT('',(-0.0127,0.050802,0.0762));
#3544=CARTESIAN_POINT('',(0.,0.,0.08255));
#3545=CARTESIAN_POINT('',(-1.04083408558608E-17,0.0508,0.08255));
#3546=CARTESIAN_POINT('',(-1.04083408558608E-17,0.050802,0.0762));
#3547=CARTESIAN_POINT('',(-1.04083408558608E-17,0.0508,0.0762));
#3548=CARTESIAN_POINT('',(8.67361737988404E-18,0.0508,0.00635));
#3549=CARTESIAN_POINT('',(-0.01905,0.04445,0.));
#3550=CARTESIAN_POINT('',(-0.01905,-0.03175,0.));
#3551=CARTESIAN_POINT('',(-0.01905,0.01397,0.));
#3552=CARTESIAN_POINT('',(-0.01905,0.02921,0.));
#3553=CARTESIAN_POINT('',(-0.01905,-0.01651,0.));
#3554=CARTESIAN_POINT('',(-0.01905,-0.00127,0.));
#3555=CARTESIAN_POINT('',(0.01905,-0.01651,0.));
#3556=CARTESIAN_POINT('',(0.01905,-0.03175,0.));
#3557=CARTESIAN_POINT('',(0.01905,0.02921,0.));
#3558=CARTESIAN_POINT('',(0.01905,0.04445,0.));
#3559=CARTESIAN_POINT('',(0.01905,-0.00127,0.));
#3560=CARTESIAN_POINT('',(0.01905,0.01397,0.));
#3561=CARTESIAN_POINT('',(1.7347234759768E-18,-0.003175,-0.0254));
#3562=CARTESIAN_POINT('',(5.65678479467916E-19,-0.003175,-0.00508));
#3563=CARTESIAN_POINT('',(-0.0032639,-0.003175,-0.00508));
#3564=CARTESIAN_POINT('',(7.83375792978755E-20,-0.003175,-0.0127));
#3565=CARTESIAN_POINT('',(-0.0032639,-0.003175,-0.0127));
#3566=CARTESIAN_POINT('',(-3.90312782094781E-18,-0.003175,-0.02032));
#3567=CARTESIAN_POINT('',(-0.0032639,-0.003175,-0.02032));
#3568=CARTESIAN_POINT('',(1.7347234759768E-18,-0.003175,-0.0254));
#3569=CARTESIAN_POINT('',(0.009525,-0.003175,-0.0254));
#3570=CARTESIAN_POINT('',(-0.009525,-0.003175,-0.0254));
#3571=CARTESIAN_POINT('',(0.009525,-0.003175,-0.0254));
#3572=CARTESIAN_POINT('',(-0.009525,-0.003175,-0.0254));
#3573=CARTESIAN_POINT('',(0.,0.003175,-0.0254));
#3574=CARTESIAN_POINT('',(-3.0168325852049E-19,0.003175,-0.00508));
#3575=CARTESIAN_POINT('',(-0.0032639,0.003175,-0.00508));
#3576=CARTESIAN_POINT('',(-7.8902415869053E-19,0.003175,-0.0127));
#3577=CARTESIAN_POINT('',(-0.0032639,0.003175,-0.0127));
#3578=CARTESIAN_POINT('',(-4.77048955893622E-18,0.003175,-0.02032));
#3579=CARTESIAN_POINT('',(-0.0032639,0.003175,-0.02032));
#3580=CARTESIAN_POINT('',(0.009525,0.003175,-0.0254));
#3581=CARTESIAN_POINT('',(0.009525,0.003175,-0.0254));
#3582=CARTESIAN_POINT('',(0.,0.003175,-0.0254));
#3583=CARTESIAN_POINT('',(-0.009525,0.003175,-0.0254));
#3584=CARTESIAN_POINT('',(-0.009525,0.003175,-0.0254));
#3585=CARTESIAN_POINT('',(0.,0.,-0.0254));
#3586=CARTESIAN_POINT('',(0.009525,8.67361737988404E-19,-0.0254));
#3587=CARTESIAN_POINT('',(-0.009525,-2.60208521396521E-18,-0.0254));
#3588=CARTESIAN_POINT('',(-3.90312782094781E-18,-0.003175,-0.02032));
#3589=CARTESIAN_POINT('',(7.83375792978736E-20,-0.003175,-0.0127));
#3590=CARTESIAN_POINT('',(5.65678479467914E-19,-0.003175,-0.00508));
#3591=CARTESIAN_POINT('',(0.009525,8.67361737988404E-19,-0.0254));
#3592=CARTESIAN_POINT('',(-0.009525,-2.60208521396521E-18,-0.0254));
#3593=CARTESIAN_POINT('',(-3.34273544430461E-17,-0.041275,0.0419100000000005));
#3594=MECHANICAL_DESIGN_GEOMETRIC_PRESENTATION_REPRESENTATION('',(#2132,
#2133,#2134,#2135,#2136,#2137),#3595);
#3595=(
GEOMETRIC_REPRESENTATION_CONTEXT(3)
GLOBAL_UNCERTAINTY_ASSIGNED_CONTEXT((#3602))
GLOBAL_UNIT_ASSIGNED_CONTEXT((#3611,#3610,#3609))
REPRESENTATION_CONTEXT('Front Clip Assembly','TOP_LEVEL_ASSEMBLY_PART')
);
#3596=(
GEOMETRIC_REPRESENTATION_CONTEXT(3)
GLOBAL_UNCERTAINTY_ASSIGNED_CONTEXT((#3603))
GLOBAL_UNIT_ASSIGNED_CONTEXT((#3611,#3610,#3609))
REPRESENTATION_CONTEXT('Simulation Pole','COMPONENT_PART')
);
#3597=(
GEOMETRIC_REPRESENTATION_CONTEXT(3)
GLOBAL_UNCERTAINTY_ASSIGNED_CONTEXT((#3604))
GLOBAL_UNIT_ASSIGNED_CONTEXT((#3611,#3610,#3609))
REPRESENTATION_CONTEXT('Part 1','COMPONENT_PART')
);
#3598=(
GEOMETRIC_REPRESENTATION_CONTEXT(3)
GLOBAL_UNCERTAINTY_ASSIGNED_CONTEXT((#3605))
GLOBAL_UNIT_ASSIGNED_CONTEXT((#3611,#3610,#3609))
REPRESENTATION_CONTEXT('Long Screw','COMPONENT_PART')
);
#3599=(
GEOMETRIC_REPRESENTATION_CONTEXT(3)
GLOBAL_UNCERTAINTY_ASSIGNED_CONTEXT((#3606))
GLOBAL_UNIT_ASSIGNED_CONTEXT((#3611,#3610,#3609))
REPRESENTATION_CONTEXT('Part 2','COMPONENT_PART')
);
#3600=(
GEOMETRIC_REPRESENTATION_CONTEXT(3)
GLOBAL_UNCERTAINTY_ASSIGNED_CONTEXT((#3607))
GLOBAL_UNIT_ASSIGNED_CONTEXT((#3611,#3610,#3609))
REPRESENTATION_CONTEXT('Top Clip','COMPONENT_PART')
);
#3601=(
GEOMETRIC_REPRESENTATION_CONTEXT(3)
GLOBAL_UNCERTAINTY_ASSIGNED_CONTEXT((#3608))
GLOBAL_UNIT_ASSIGNED_CONTEXT((#3611,#3610,#3609))
REPRESENTATION_CONTEXT('Clip Wheel','COMPONENT_PART')
);
#3602=UNCERTAINTY_MEASURE_WITH_UNIT(LENGTH_MEASURE(1.E-8),#3611,
'DISTANCE_ACCURACY_VALUE','Maximum Tolerance applied to model');
#3603=UNCERTAINTY_MEASURE_WITH_UNIT(LENGTH_MEASURE(1.E-8),#3611,
'DISTANCE_ACCURACY_VALUE','Maximum Tolerance applied to model');
#3604=UNCERTAINTY_MEASURE_WITH_UNIT(LENGTH_MEASURE(1.E-8),#3611,
'DISTANCE_ACCURACY_VALUE','Maximum Tolerance applied to model');
#3605=UNCERTAINTY_MEASURE_WITH_UNIT(LENGTH_MEASURE(1.E-8),#3611,
'DISTANCE_ACCURACY_VALUE','Maximum Tolerance applied to model');
#3606=UNCERTAINTY_MEASURE_WITH_UNIT(LENGTH_MEASURE(1.E-8),#3611,
'DISTANCE_ACCURACY_VALUE','Maximum Tolerance applied to model');
#3607=UNCERTAINTY_MEASURE_WITH_UNIT(LENGTH_MEASURE(1.E-8),#3611,
'DISTANCE_ACCURACY_VALUE','Maximum Tolerance applied to model');
#3608=UNCERTAINTY_MEASURE_WITH_UNIT(LENGTH_MEASURE(1.E-8),#3611,
'DISTANCE_ACCURACY_VALUE','Maximum Tolerance applied to model');
#3609=(
NAMED_UNIT(*)
SI_UNIT($,.STERADIAN.)
SOLID_ANGLE_UNIT()
);
#3610=(
NAMED_UNIT(*)
PLANE_ANGLE_UNIT()
SI_UNIT($,.RADIAN.)
);
#3611=(
LENGTH_UNIT()
NAMED_UNIT(*)
SI_UNIT($,.METRE.)
);
#3612=PRODUCT_DEFINITION_SHAPE('','',#3626);
#3613=PRODUCT_DEFINITION_SHAPE('','',#3627);
#3614=PRODUCT_DEFINITION_SHAPE(' ','NAUO PRDDFN',#309);
#3615=PRODUCT_DEFINITION_SHAPE('','',#3628);
#3616=PRODUCT_DEFINITION_SHAPE(' ','NAUO PRDDFN',#310);
#3617=PRODUCT_DEFINITION_SHAPE('','',#3629);
#3618=PRODUCT_DEFINITION_SHAPE(' ','NAUO PRDDFN',#311);
#3619=PRODUCT_DEFINITION_SHAPE('','',#3630);
#3620=PRODUCT_DEFINITION_SHAPE(' ','NAUO PRDDFN',#312);
#3621=PRODUCT_DEFINITION_SHAPE('','',#3631);
#3622=PRODUCT_DEFINITION_SHAPE(' ','NAUO PRDDFN',#313);
#3623=PRODUCT_DEFINITION_SHAPE(' ','NAUO PRDDFN',#314);
#3624=PRODUCT_DEFINITION_SHAPE('','',#3632);
#3625=PRODUCT_DEFINITION_SHAPE(' ','NAUO PRDDFN',#315);
#3626=PRODUCT_DEFINITION('','',#3640,#3633);
#3627=PRODUCT_DEFINITION('','',#3641,#3634);
#3628=PRODUCT_DEFINITION('','',#3642,#3635);
#3629=PRODUCT_DEFINITION('','',#3643,#3636);
#3630=PRODUCT_DEFINITION('','',#3644,#3637);
#3631=PRODUCT_DEFINITION('','',#3645,#3638);
#3632=PRODUCT_DEFINITION('','',#3646,#3639);
#3633=PRODUCT_DEFINITION_CONTEXT('',#3676,'design');
#3634=PRODUCT_DEFINITION_CONTEXT('',#3676,'design');
#3635=PRODUCT_DEFINITION_CONTEXT('',#3676,'design');
#3636=PRODUCT_DEFINITION_CONTEXT('',#3676,'design');
#3637=PRODUCT_DEFINITION_CONTEXT('',#3676,'design');
#3638=PRODUCT_DEFINITION_CONTEXT('',#3676,'design');
#3639=PRODUCT_DEFINITION_CONTEXT('',#3676,'design');
#3640=PRODUCT_DEFINITION_FORMATION_WITH_SPECIFIED_SOURCE('','',#3654,
 .NOT_KNOWN.);
#3641=PRODUCT_DEFINITION_FORMATION_WITH_SPECIFIED_SOURCE('','',#3655,
 .NOT_KNOWN.);
#3642=PRODUCT_DEFINITION_FORMATION_WITH_SPECIFIED_SOURCE('','',#3656,
 .NOT_KNOWN.);
#3643=PRODUCT_DEFINITION_FORMATION_WITH_SPECIFIED_SOURCE('','',#3657,
 .NOT_KNOWN.);
#3644=PRODUCT_DEFINITION_FORMATION_WITH_SPECIFIED_SOURCE('','',#3658,
 .NOT_KNOWN.);
#3645=PRODUCT_DEFINITION_FORMATION_WITH_SPECIFIED_SOURCE('','',#3659,
 .NOT_KNOWN.);
#3646=PRODUCT_DEFINITION_FORMATION_WITH_SPECIFIED_SOURCE('','',#3660,
 .NOT_KNOWN.);
#3647=PRODUCT_RELATED_PRODUCT_CATEGORY('','',(#3654));
#3648=PRODUCT_RELATED_PRODUCT_CATEGORY('','',(#3655));
#3649=PRODUCT_RELATED_PRODUCT_CATEGORY('','',(#3656));
#3650=PRODUCT_RELATED_PRODUCT_CATEGORY('','',(#3657));
#3651=PRODUCT_RELATED_PRODUCT_CATEGORY('','',(#3658));
#3652=PRODUCT_RELATED_PRODUCT_CATEGORY('','',(#3659));
#3653=PRODUCT_RELATED_PRODUCT_CATEGORY('','',(#3660));
#3654=PRODUCT('Front Clip Assembly','Front Clip Assembly',
'Front Clip Assembly',(#3668));
#3655=PRODUCT('Simulation Pole','Simulation Pole','Simulation Pole',(#3669));
#3656=PRODUCT('Part 1','Part 1','Part 1',(#3670));
#3657=PRODUCT('Long Screw','Long Screw','Long Screw',(#3671));
#3658=PRODUCT('Part 2','Part 2','Part 2',(#3672));
#3659=PRODUCT('Top Clip','Top Clip','Top Clip',(#3673));
#3660=PRODUCT('Clip Wheel','Clip Wheel','Clip Wheel',(#3674));
#3661=PRODUCT_CATEGORY('','');
#3662=PRODUCT_CATEGORY('','');
#3663=PRODUCT_CATEGORY('','');
#3664=PRODUCT_CATEGORY('','');
#3665=PRODUCT_CATEGORY('','');
#3666=PRODUCT_CATEGORY('','');
#3667=PRODUCT_CATEGORY('','');
#3668=PRODUCT_CONTEXT('',#3676,'mechanical');
#3669=PRODUCT_CONTEXT('',#3676,'mechanical');
#3670=PRODUCT_CONTEXT('',#3676,'mechanical');
#3671=PRODUCT_CONTEXT('',#3676,'mechanical');
#3672=PRODUCT_CONTEXT('',#3676,'mechanical');
#3673=PRODUCT_CONTEXT('',#3676,'mechanical');
#3674=PRODUCT_CONTEXT('',#3676,'mechanical');
#3675=APPLICATION_PROTOCOL_DEFINITION('international standard',
'ap242_managed_model_based_3d_engineering',2020,#3676);
#3676=APPLICATION_CONTEXT('managed model based 3d engineering');
ENDSEC;
END-ISO-10303-21;
