ISO-10303-21;
HEADER;
/* Generated by software containing ST-Developer
 * from STEP Tools, Inc. (www.steptools.com) 
 */
/* OPTION: using custom renumber hook */

FILE_DESCRIPTION(
/* description */ ('STEP AP242 Edition 2',
'CAx-IF Rec.Pracs.---Representation and Presentation of Product Manufa
cturing Information (PMI)---4.0---2014-10-13',
'CAx-IF Rec.Pracs.---3D Tessellated Geometry---0.4---2014-09-14','2;1',
'CAx-IF Rec.Pracs.---User Defined Attributes---1.5---2016-08-15'),
/* implementation_level */ '2;1');

FILE_NAME(
/* name */ 'OneWayClutch',
/* time_stamp */ '2026-08-06T20:04:09Z',
/* author */ (''),
/* organization */ (''),
/* preprocessor_version */ 'ST-DEVELOPER v20',
/* originating_system */ 'ONSHAPE BY PTC INC, 1.218',
/* authorisation */ '  ');

FILE_SCHEMA (('AP242_MANAGED_MODEL_BASED_3D_ENGINEERING_MIM_LF { 1 0 10303 442 3 1 4 }'));
ENDSEC;

DATA;
#10=SHAPE_REPRESENTATION_RELATIONSHIP('','',#178,#18);
#11=SHAPE_REPRESENTATION_RELATIONSHIP('','',#179,#19);
#12=SHAPE_REPRESENTATION_RELATIONSHIP('','',#180,#20);
#13=SHAPE_REPRESENTATION_RELATIONSHIP('','',#181,#21);
#14=SHAPE_REPRESENTATION_RELATIONSHIP('','',#182,#22);
#15=SHAPE_REPRESENTATION_RELATIONSHIP('','',#183,#23);
#16=SHAPE_REPRESENTATION_RELATIONSHIP('','',#184,#24);
#17=SHAPE_REPRESENTATION_RELATIONSHIP('','',#185,#25);
#18=TESSELLATED_SHAPE_REPRESENTATION('',(#162),#226);
#19=TESSELLATED_SHAPE_REPRESENTATION('',(#163),#227);
#20=TESSELLATED_SHAPE_REPRESENTATION('',(#164),#228);
#21=TESSELLATED_SHAPE_REPRESENTATION('',(#165),#229);
#22=TESSELLATED_SHAPE_REPRESENTATION('',(#166),#230);
#23=TESSELLATED_SHAPE_REPRESENTATION('',(#167),#231);
#24=TESSELLATED_SHAPE_REPRESENTATION('',(#168),#232);
#25=TESSELLATED_SHAPE_REPRESENTATION('',(#169),#233);
#26=STYLED_ITEM('',(#42),#146);
#27=STYLED_ITEM('',(#43),#162);
#28=STYLED_ITEM('',(#44),#147);
#29=STYLED_ITEM('',(#45),#163);
#30=STYLED_ITEM('',(#46),#148);
#31=STYLED_ITEM('',(#47),#164);
#32=STYLED_ITEM('',(#48),#149);
#33=STYLED_ITEM('',(#49),#165);
#34=STYLED_ITEM('',(#50),#150);
#35=STYLED_ITEM('',(#51),#166);
#36=STYLED_ITEM('',(#52),#151);
#37=STYLED_ITEM('',(#53),#167);
#38=STYLED_ITEM('',(#54),#152);
#39=STYLED_ITEM('',(#55),#168);
#40=STYLED_ITEM('',(#56),#153);
#41=STYLED_ITEM('',(#57),#169);
#42=PRESENTATION_STYLE_ASSIGNMENT((#58));
#43=PRESENTATION_STYLE_ASSIGNMENT((#59));
#44=PRESENTATION_STYLE_ASSIGNMENT((#60));
#45=PRESENTATION_STYLE_ASSIGNMENT((#61));
#46=PRESENTATION_STYLE_ASSIGNMENT((#62));
#47=PRESENTATION_STYLE_ASSIGNMENT((#63));
#48=PRESENTATION_STYLE_ASSIGNMENT((#64));
#49=PRESENTATION_STYLE_ASSIGNMENT((#65));
#50=PRESENTATION_STYLE_ASSIGNMENT((#66));
#51=PRESENTATION_STYLE_ASSIGNMENT((#67));
#52=PRESENTATION_STYLE_ASSIGNMENT((#68));
#53=PRESENTATION_STYLE_ASSIGNMENT((#69));
#54=PRESENTATION_STYLE_ASSIGNMENT((#70));
#55=PRESENTATION_STYLE_ASSIGNMENT((#71));
#56=PRESENTATION_STYLE_ASSIGNMENT((#72));
#57=PRESENTATION_STYLE_ASSIGNMENT((#73));
#58=SURFACE_STYLE_USAGE(.BOTH.,#74);
#59=SURFACE_STYLE_USAGE(.BOTH.,#75);
#60=SURFACE_STYLE_USAGE(.BOTH.,#76);
#61=SURFACE_STYLE_USAGE(.BOTH.,#77);
#62=SURFACE_STYLE_USAGE(.BOTH.,#78);
#63=SURFACE_STYLE_USAGE(.BOTH.,#79);
#64=SURFACE_STYLE_USAGE(.BOTH.,#80);
#65=SURFACE_STYLE_USAGE(.BOTH.,#81);
#66=SURFACE_STYLE_USAGE(.BOTH.,#82);
#67=SURFACE_STYLE_USAGE(.BOTH.,#83);
#68=SURFACE_STYLE_USAGE(.BOTH.,#84);
#69=SURFACE_STYLE_USAGE(.BOTH.,#85);
#70=SURFACE_STYLE_USAGE(.BOTH.,#86);
#71=SURFACE_STYLE_USAGE(.BOTH.,#87);
#72=SURFACE_STYLE_USAGE(.BOTH.,#88);
#73=SURFACE_STYLE_USAGE(.BOTH.,#89);
#74=SURFACE_SIDE_STYLE('',(#90));
#75=SURFACE_SIDE_STYLE('',(#91));
#76=SURFACE_SIDE_STYLE('',(#92));
#77=SURFACE_SIDE_STYLE('',(#93));
#78=SURFACE_SIDE_STYLE('',(#94));
#79=SURFACE_SIDE_STYLE('',(#95));
#80=SURFACE_SIDE_STYLE('',(#96));
#81=SURFACE_SIDE_STYLE('',(#97));
#82=SURFACE_SIDE_STYLE('',(#98));
#83=SURFACE_SIDE_STYLE('',(#99));
#84=SURFACE_SIDE_STYLE('',(#100));
#85=SURFACE_SIDE_STYLE('',(#101));
#86=SURFACE_SIDE_STYLE('',(#102));
#87=SURFACE_SIDE_STYLE('',(#103));
#88=SURFACE_SIDE_STYLE('',(#104));
#89=SURFACE_SIDE_STYLE('',(#105));
#90=SURFACE_STYLE_FILL_AREA(#106);
#91=SURFACE_STYLE_FILL_AREA(#107);
#92=SURFACE_STYLE_FILL_AREA(#108);
#93=SURFACE_STYLE_FILL_AREA(#109);
#94=SURFACE_STYLE_FILL_AREA(#110);
#95=SURFACE_STYLE_FILL_AREA(#111);
#96=SURFACE_STYLE_FILL_AREA(#112);
#97=SURFACE_STYLE_FILL_AREA(#113);
#98=SURFACE_STYLE_FILL_AREA(#114);
#99=SURFACE_STYLE_FILL_AREA(#115);
#100=SURFACE_STYLE_FILL_AREA(#116);
#101=SURFACE_STYLE_FILL_AREA(#117);
#102=SURFACE_STYLE_FILL_AREA(#118);
#103=SURFACE_STYLE_FILL_AREA(#119);
#104=SURFACE_STYLE_FILL_AREA(#120);
#105=SURFACE_STYLE_FILL_AREA(#121);
#106=FILL_AREA_STYLE('',(#122));
#107=FILL_AREA_STYLE('',(#123));
#108=FILL_AREA_STYLE('',(#124));
#109=FILL_AREA_STYLE('',(#125));
#110=FILL_AREA_STYLE('',(#126));
#111=FILL_AREA_STYLE('',(#127));
#112=FILL_AREA_STYLE('',(#128));
#113=FILL_AREA_STYLE('',(#129));
#114=FILL_AREA_STYLE('',(#130));
#115=FILL_AREA_STYLE('',(#131));
#116=FILL_AREA_STYLE('',(#132));
#117=FILL_AREA_STYLE('',(#133));
#118=FILL_AREA_STYLE('',(#134));
#119=FILL_AREA_STYLE('',(#135));
#120=FILL_AREA_STYLE('',(#136));
#121=FILL_AREA_STYLE('',(#137));
#122=FILL_AREA_STYLE_COLOUR('',#138);
#123=FILL_AREA_STYLE_COLOUR('',#138);
#124=FILL_AREA_STYLE_COLOUR('',#139);
#125=FILL_AREA_STYLE_COLOUR('',#139);
#126=FILL_AREA_STYLE_COLOUR('',#140);
#127=FILL_AREA_STYLE_COLOUR('',#140);
#128=FILL_AREA_STYLE_COLOUR('',#141);
#129=FILL_AREA_STYLE_COLOUR('',#141);
#130=FILL_AREA_STYLE_COLOUR('',#142);
#131=FILL_AREA_STYLE_COLOUR('',#142);
#132=FILL_AREA_STYLE_COLOUR('',#143);
#133=FILL_AREA_STYLE_COLOUR('',#143);
#134=FILL_AREA_STYLE_COLOUR('',#144);
#135=FILL_AREA_STYLE_COLOUR('',#144);
#136=FILL_AREA_STYLE_COLOUR('',#145);
#137=FILL_AREA_STYLE_COLOUR('',#145);
#138=COLOUR_RGB('',0.231372549019608,0.380392156862745,0.705882352941177);
#139=COLOUR_RGB('',0.917647058823529,0.917647058823529,0.917647058823529);
#140=COLOUR_RGB('',0.498039215686275,0.498039215686275,0.498039215686275);
#141=COLOUR_RGB('',0.615686274509804,0.811764705882353,0.929411764705882);
#142=COLOUR_RGB('',0.768627450980392,0.886274509803922,0.952941176470588);
#143=COLOUR_RGB('',0.980392156862745,0.713725490196078,0.00392156862745098);
#144=COLOUR_RGB('',0.647058823529412,0.647058823529412,0.647058823529412);
#145=COLOUR_RGB('',0.972549019607843,0.529411764705882,0.00392156862745098);
#146=COMPLEX_TRIANGULATED_FACE('ConvergentBody',#154,304,((-0.445704632720773,
0.845234867034631,0.294831137975944),(-0.445704632720773,0.845234867034631,
-0.294831137975944),(-0.534295037156094,0.792124142902148,0.295073135852632),
(-0.534295037156094,0.792124142902148,-0.295073135852632),(-0.534122770463605,
0.791870942557354,0.296062960205443),(0.,0.,1.),(-0.534122770463605,0.791870942557354,
-0.296062960205443),(0.,0.,-1.),(-0.423942088132542,0.855837401566916,0.296336713872933),
(0.,0.,1.),(-0.351647874291888,0.888605392325799,0.294489777811571),(-0.351647874291888,
0.888605392325799,-0.294489777811571),(-0.423942088132542,0.855837401566916,
-0.296336713872933),(0.,0.,-1.),(-0.616724255904537,0.72988071657395,0.294831022371277),
(-0.616724255904537,0.72988071657395,-0.294831022371277),(-0.634706328177624,
0.713675364594191,0.296336550129455),(0.,0.,1.),(0.,0.,1.),(0.764211113446224,
-0.573013447445783,0.296035408577389),(-0.692170637274491,0.65892007928062,
0.294489622934063),(-0.692170637274491,0.65892007928062,-0.294489622934063),
(-0.634706328177624,0.713675364594191,-0.296336550129455),(0.,0.,-1.),(-0.72420426884667,
0.622523610311124,0.296635351213344),(0.,0.,1.),(-0.759428870964067,0.580144634216034,
0.29444862597164),(-0.759428870964066,0.580144634216034,-0.29444862597164),
(-0.72420426884667,0.622523610311124,-0.296635351213344),(0.,0.,-1.),(-0.800852104310604,
0.520331285420128,0.296464602329375),(0.,0.,1.),(-0.817687364519839,0.494504304825635,
0.294708103745918),(-0.817687364519839,0.494504304825635,-0.294708103745918),
(-0.800852104310604,0.520331285420128,-0.296464602329375),(0.,0.,-1.),(-0.863178800608968,
0.408996690615725,0.296047403712054),(0.,0.,1.),(-0.866244684821885,0.403168441044889,
0.295085333697334),(-0.866244684821885,0.403168441044889,-0.295085333697334),
(-0.863178800608968,0.408996690615725,-0.296047403712054),(0.,0.,-1.),(-0.904685859619031,
0.307461415609253,0.294976225002844),(-0.904685859619031,0.307461415609253,
-0.294976225002844),(-0.909837639807733,0.290648708305585,0.296173593605827),
(0.,0.,1.),(-0.932775115225478,0.207771845934712,0.294552956958472),(-0.932775115225478,
0.207771845934712,-0.294552956958472),(-0.909837639807733,0.290648708305585,
-0.296173593605827),(0.,0.,-1.),(-0.940357844421337,0.166599264432632,0.296600420643266),
(0.,0.,1.),(-0.949820444680196,0.105603493329646,0.294430000278658),(-0.949820444680196,
0.105603493329646,-0.294430000278658),(-0.940357844421337,0.166599264432632,
-0.296600420643266),(0.,0.,-1.),(-0.95419312848904,0.0396106625351344,0.296557699205107),
(0.,0.,1.),(-0.955615834816606,0.00218655443365175,0.294607527445362),(-0.955615834816606,
0.00218655443365175,-0.294607527445362),(-0.95419312848904,0.0396106625351344,
-0.296557699205107),(0.,0.,-1.),(-0.95110185938848,-0.0881041950967143,
0.296045442245166),(0.,0.,1.),(-0.950092802405445,-0.101233924173771,0.295085342593879),
(-0.950092802405445,-0.101233924173771,-0.295085342593879),(-0.95110185938848,
-0.0881041950967143,-0.296045442245166),(0.,0.,-1.),(-0.930994372379876,
-0.213592240754579,0.296019987984662),(0.,0.,1.),(-0.933660705311776,-0.20295193039994,
0.295107101411768),(-0.933660705311776,-0.20295193039994,-0.295107101411768),
(-0.930994372379876,-0.213592240754579,-0.296019987984662),(0.,0.,-1.),
(-0.906356677381275,-0.302829410667259,0.294638628494799),(-0.906356677381275,
-0.302829410667259,-0.294638628494799),(-0.894023428049928,-0.335844783347385,
0.296530591332838),(0.,0.,1.),(-0.868315715347848,-0.399169873660427,0.294433745419701),
(-0.868315715347848,-0.399169873660427,-0.294433745419701),(-0.894023428049928,
-0.335844783347385,-0.296530591332838),(0.,0.,-1.),(-0.841181094745022,
-0.452143070466291,0.296615929566977),(0.,0.,1.),(0.,0.,1.),(0.681313429835763,
-0.669425113775059,0.296111511719281),(-0.819988792336816,-0.490785958244296,
0.294529325589556),(-0.819988792336816,-0.490785958244296,-0.294529325589556),
(-0.841181094745022,-0.452143070466291,-0.296615929566977),(0.,0.,-1.),
(-0.773410538136257,-0.560430989183068,0.296231743510167),(0.,0.,1.),(-0.76195872445162,
-0.576574370497606,0.294925240556569),(-0.76195872445162,-0.576574370497606,
-0.294925240556569),(-0.773410538136257,-0.560430989183068,-0.296231743510167),
(0.,0.,-1.),(-0.692069200489238,-0.658324455682605,0.296055962251037),(0.,
0.,1.),(-0.695304619993469,-0.655347386534194,0.295078444449168),(-0.695304619993469,
-0.655347386534194,-0.295078444449168),(-0.692069200489238,-0.658324455682605,
-0.296055962251037),(0.,0.,-1.),(-0.620493801435947,-0.726713077747059,
0.294746577606873),(-0.620493801435947,-0.726713077747059,-0.294746577606873),
(-0.598122390834717,-0.744567881122513,0.296425835552324),(0.,0.,1.),(-0.538248377309909,
-0.789672128870259,0.294459866889808),(-0.538248377309909,-0.789672128870259,
-0.294459866889808),(-0.598122390834717,-0.744567881122513,-0.296425835552324),
(0.,0.,-1.),(-0.493368808183182,-0.817674973235838,0.296639271263394),(0.,
0.,1.),(-0.449619882981045,-0.843283648553793,0.294473511389251),(-0.449619882981045,
-0.843283648553793,-0.294473511389251),(-0.493368808183182,-0.817674973235838,
-0.296639271263394),(0.,0.,-1.),(-0.379861208525779,-0.876277632000907,
0.296383153894107),(0.,0.,1.),(-0.355676375557502,-0.886901693930414,0.294787552609743),
(-0.355676375557502,-0.886901693930414,-0.294787552609743),(-0.379861208525779,
-0.876277632000907,-0.296383153894107),(0.,0.,-1.),(-0.259821638373634,
-0.919152074667621,0.296061108332467),(0.,0.,1.),(-0.25779284123653,-0.920040192696012,
0.295074388639683),(-0.25779284123653,-0.920040192696012,-0.295074388639683),
(-0.259821638373634,-0.919152074667621,-0.296061108332467),(0.,0.,-1.),
(-0.157035411891471,-0.942543109260998,0.29487686683883),(-0.157035411891471,
-0.942543109260998,-0.29487686683883),(-0.135232105652765,-0.945477047081315,
0.296286062856686),(0.,0.,1.),(-0.0541107635943175,-0.954115795321647,0.294508190685729),
(-0.0541107635943175,-0.954115795321647,-0.294508190685729),(-0.135232105652765,
-0.945477047081315,-0.296286062856686),(0.,0.,-1.),(-0.00783870337530793,
-0.954961069748174,0.296627561084294),(0.,0.,1.),(0.0494701363735694,-0.954388716191411,
0.294439949758336),(0.0494701363735694,-0.954388716191411,-0.294439949758336),
(-0.00783870337530793,-0.954961069748174,-0.296627561084294),(0.,0.,-1.),
(0.119684139686608,-0.947503947776555,0.296499537361056),(0.,0.,1.),(0.152459201554824,
-0.94335810472616,0.294672153602495),(0.152459201554824,-0.94335810472616,
-0.294672153602495),(0.119684139686608,-0.947503947776555,-0.296499537361056),
(0.,0.,-1.),(0.245009191564484,-0.923219103532693,0.296035442001813),(0.,
0.,1.),(0.253553477833199,-0.921210965615989,0.295094884244961),(0.253553477833199,
-0.921210965615989,-0.295094884244961),(0.245009191564484,-0.923219103532693,
-0.296035442001813),(0.,0.,-1.),(0.351329922789357,-0.888552102315305,0.295029569405976),
(0.351329922789357,-0.888552102315305,-0.295029569405976),(0.36545514402267,
-0.882474067593648,0.296111562982757),(0.,0.,1.),(0.,0.,1.),(0.585788789684664,
-0.754248730870271,0.296581094913957),(0.445497222901666,-0.845432050968774,
0.294579143154492),(0.445497222901666,-0.845432050968774,-0.294579143154492),
(0.36545514402267,-0.882474067593648,-0.296111562982757),(0.,0.,-1.),(0.479886772291153,
-0.825680520288938,0.296581125824568),(0.,0.,1.),(0.534406121412046,-0.792288936278172,
0.294428834947489),(0.534406121412046,-0.792288936278172,-0.294428834947489),
(0.479886772291153,-0.825680520288938,-0.296581125824568),(0.,0.,-1.),(0.616984758549213,
-0.729762266832851,0.294579092307904),(0.616984758549213,-0.729762266832851,
-0.294579092307904),(0.585788789684664,-0.754248730870271,-0.296581094913957),
(0.,0.,-1.),(0.692240386608506,-0.6586052127296,0.295029525494491),(0.692240386608506,
-0.6586052127296,-0.295029525494491),(0.681313429835763,-0.669425113775059,
-0.296111511719281),(0.,0.,-1.),(0.759149025599413,-0.580182589062727,0.29509476491448),
(0.759149025599413,-0.580182589062727,-0.29509476491448),(0.764211113446224,
-0.573013447445783,-0.296035408577389),(0.,0.,-1.),(0.817553984694353,-0.494746266840262,
0.294672044072745),(0.817553984694353,-0.494746266840262,-0.294672044072745),
(0.833676623850672,-0.465909118422052,0.296499545052147),(0.,0.,1.),(0.,
0.,1.),(-0.055862500343688,0.953538318572284,0.296047388216299),(0.,0.,
1.),(-0.182439008750986,0.937456509095859,0.296464671824087),(0.,0.,1.),
(-0.305902779484332,0.904671712669853,0.296635435844666),(0.866361711597007,
-0.403388739792734,0.294439992676153),(0.866361711597007,-0.403388739792734,
-0.294439992676153),(0.833676623850672,-0.465909118422052,-0.296499545052147),
(0.,0.,-1.),(0.888361679893269,-0.350464744733591,0.296627693238559),(0.,
0.,1.),(0.,0.,1.),(0.0713458367311357,0.952465753132664,0.296173531380779),
(0.904911047542956,-0.307247114636284,0.294508415130008),(0.904911047542956,
-0.307247114636284,-0.294508415130008),(0.888361679893269,-0.350464744733591,
-0.296627693238559),(0.,0.,-1.),(0.927289773145944,-0.228797161324971,0.296286239283193),
(0.,0.,1.),(0.,0.,1.),(0.197795826339556,0.934293839172468,0.296600460496984),
(0.932737181851806,-0.207482265081822,0.294877023973838),(0.932737181851806,
-0.207482265081822,-0.294877023973838),(0.927289773145944,-0.228797161324971,
-0.296286239283193),(0.,0.,-1.),(0.949553739469121,-0.103418963735965,0.296061165639783),
(0.,0.,1.),(0.,0.,1.),(0.320721371067377,0.899550604494778,0.29655777193279),
(0.949617278792142,-0.105631460079938,0.295074598128656),(0.949617278792142,
-0.105631460079938,-0.295074598128656),(0.949553739469121,-0.103418963735965,
-0.296061165639783),(0.,0.,-1.),(0.955559633940246,-0.00246118363978764,
0.294787599059177),(0.955559633940246,-0.00246118363978764,-0.294787599059177),
(0.954769006375969,0.0239411513349592,0.296383140101796),(0.,0.,1.),(0.,
0.,1.),(0.437977336056364,0.848842110154906,0.296045478142694),(0.950309614721307,
0.100980117812629,0.294473516593238),(0.950309614721307,0.100980117812629,
-0.294473516593238),(0.954769006375969,0.0239411513349592,-0.296383140101796),
(0.,0.,-1.),(0.942954165315698,0.151137544030316,0.296639317856315),(0.,
0.,1.),(0.,0.,1.),(0.546795671028803,0.783190028588901,0.2960200555082),
(0.933802707771948,0.20323840783145,0.294459933675051),(0.933802707771948,
0.20323840783145,-0.294459933675051),(0.942954165315698,0.151137544030316,
-0.296639317856315),(0.,0.,-1.),(0.914411798430612,0.275649662199433,0.296425920965477),
(0.,0.,1.),(0.,0.,1.),(0.646297211958146,0.703114168255022,0.296530572140842),
(0.906237823250736,0.303079817972442,0.294746724574777),(0.906237823250736,
0.303079817972442,-0.294746724574777),(0.914411798430612,0.275649662199433,
-0.296425920965477),(0.,0.,-1.),(0.869641726879564,0.395062120240506,0.296056055538485),
(0.,0.,1.),(0.,0.,1.),(0.7343315150813,0.610554003188352,0.296615972511733),
(0.868092973852143,0.399178178269038,0.295078584011709),(0.868092973852143,
0.399178178269038,-0.295078584011709),(0.869641726879564,0.395062120240506,
-0.296056055538485),(0.,0.,-1.),(0.82002513691617,0.490487350133949,0.294925302719508),
(0.82002513691617,0.490487350133949,-0.294925302719508),(0.809347438794403,
0.507152297947229,0.296231784256493),(0.,0.,1.),(0.762222039016358,0.576428675090115,
0.294529363173862),(0.762222039016358,0.576428675090115,-0.294529363173862),
(0.809347438794403,0.507152297947229,-0.296231784256493),(0.,0.,-1.),(0.695380356385052,
0.655556952642384,0.294433764701043),(0.695380356385052,0.655556952642384,
-0.294433764701043),(0.7343315150813,0.610554003188352,-0.296615972511733),
(0.,0.,-1.),(0.620306144636219,0.726917030867724,0.294638621299045),(0.620306144636219,
0.726917030867724,-0.294638621299045),(0.646297211958146,0.703114168255022,
-0.296530572140842),(0.,0.,-1.),(0.537929309131544,0.789647926051738,0.295107118279868),
(0.537929309131544,0.789647926051738,-0.295107118279868),(0.546795671028803,
0.783190028588901,-0.2960200555082),(0.,0.,-1.),(0.449773119241254,0.842987994767809,
0.29508538067031),(0.449773119241254,0.842987994767809,-0.29508538067031),
(0.355953336073991,0.886850376656219,0.294607589791096),(0.355953336073991,
0.886850376656219,-0.294607589791096),(0.437977336056364,0.848842110154906,
-0.296045478142694),(0.,0.,-1.),(0.257895027180932,0.920217962941208,0.29443005219522),
(0.257895027180932,0.920217962941208,-0.29443005219522),(0.320721371067377,
0.899550604494778,-0.29655777193279),(0.,0.,-1.),(0.156779777175777,0.942686943998561,
0.294552927473768),(0.156779777175777,0.942686943998561,-0.294552927473768),
(0.197795826339555,0.934293839172468,-0.296600460496984),(0.,0.,-1.),(0.0538283164472173,
0.953987184515346,0.294976209428728),(0.0538283164472173,0.953987184515346,
-0.294976209428729),(0.0713458367311357,0.952465753132664,-0.296173531380779),
(0.,0.,-1.),(-0.0493097301063262,0.954197639657646,0.295085436761321),(-0.0493097301063262,
0.954197639657646,-0.295085436761321),(-0.055862500343688,0.953538318572284,
-0.296047388216299),(0.,0.,-1.),(-0.152185929731439,0.943390981213502,0.294708159637299),
(-0.152185929731439,0.943390981213502,-0.294708159637299),(-0.253413936195534,
0.921456099123613,0.294448695581727),(-0.253413936195534,0.921456099123613,
-0.294448695581727),(-0.182439008750986,0.937456509095859,-0.296464671824087),
(0.,0.,-1.),(0.,0.,-1.),(-0.305902779484332,0.904671712669853,-0.296635435844666)),
$,(45,45,35,35,53,53,52,52,57,57,51,51,56,56,19,19,47,47,115,115,15,15,
46,46,41,41,13,13,40,40,37,37,11,11,36,36,31,31,9,9,30,30,7,7,27,27,5,5,
26,26,23,23,3,3,22,22,18,18,1,1,17,17,21,21,2,2,20,20,25,25,4,4,24,24,6,
6,29,29,8,8,28,28,33,33,109,109,10,10,32,32,39,39,12,12,38,38,44,44,14,
14,43,43,16,16,49,49,34,34,48,48,55,55,42,42,54,54,61,61,50,50,60,60,65,
65,58,58,64,64,66,66,71,71,72,72,70,70,77,77,80,80,76,76,83,83,86,86,82,
82,89,89,94,94,88,88,100,100,93,93,105,105,110,110,92,92,99,99,118,118,
98,98,134,134,104,104,138,138,108,108,140,140,114,114,142,142,121,121,75,
75,69,69,63,63,144,144,120,120,125,125,79,79,146,146,124,124,129,129,85,
85,148,148,128,128,133,133,91,91,150,150,132,132,152,152,136,136,97,97,
151,151,135,135,131,131,102,102,149,149,130,130,127,127,107,107,147,147,
126,126,123,123,113,113,145,145,122,122,143,143,117,117,141,141,116,116,
139,139,112,112,137,137,106,106,119,119,101,101,111,111,103,103,96,96,95,
95,90,90,87,87,84,84,81,81,78,78,73,73,74,74,67,67,59,59,68,68,62,62),((1,
3,5),(7,4,2),(9,1,5),(9,11,1),(13,2,12),(7,2,13),(5,3,15),(16,4,7),(5,15,
17),(19,6,18),(10,6,19),(17,15,21),(23,22,16),(23,16,7),(17,21,25),(19,
18,26),(25,21,27),(29,28,22),(29,22,23),(25,27,31),(26,32,19),(31,27,33),
(35,34,28),(35,28,29),(31,33,37),(19,32,38),(37,33,39),(41,40,34),(41,34,
35),(37,39,43),(37,43,45),(19,38,46),(41,44,40),(45,43,47),(49,48,44),(49,
44,41),(45,47,51),(46,52,19),(51,47,53),(55,54,48),(55,48,49),(51,53,57),
(19,52,58),(57,53,59),(61,60,54),(61,54,55),(57,59,63),(19,58,64),(63,59,
65),(67,66,60),(67,60,61),(63,65,69),(64,70,19),(69,65,71),(73,72,66),(73,
66,67),(69,71,75),(69,75,77),(19,70,78),(73,76,72),(77,75,79),(81,80,76),
(81,76,73),(77,79,83),(85,78,84),(19,78,85),(83,79,87),(89,88,80),(89,80,
81),(83,87,91),(85,84,92),(91,87,93),(95,94,88),(95,88,89),(91,93,97),(92,
98,85),(97,93,99),(101,100,94),(101,94,95),(97,99,103),(97,103,105),(85,
98,106),(101,104,100),(105,103,107),(109,108,104),(109,104,101),(105,107,
111),(85,106,112),(111,107,113),(115,114,108),(115,108,109),(111,113,117),
(112,118,85),(117,113,119),(121,120,114),(121,114,115),(117,119,123),(85,
118,124),(123,119,125),(127,126,120),(127,120,121),(123,125,129),(123,129,
131),(85,124,132),(127,130,126),(131,129,133),(135,134,130),(135,130,127),
(131,133,137),(132,138,85),(137,133,139),(141,140,134),(141,134,135),(137,
139,143),(85,138,144),(143,139,145),(147,146,140),(147,140,141),(143,145,
149),(85,144,150),(149,145,151),(153,152,146),(153,146,147),(149,151,155),
(149,155,157),(159,150,158),(85,150,159),(153,156,152),(157,155,161),(163,
162,156),(163,156,153),(157,161,165),(159,158,166),(165,161,167),(169,168,
162),(169,162,163),(165,167,160),(160,167,171),(173,172,168),(173,168,169),
(160,171,86),(86,171,175),(177,176,172),(177,172,173),(86,175,20),(20,175,
179),(181,180,176),(181,176,177),(20,179,183),(20,183,185),(186,187,19),
(19,187,189),(19,189,191),(191,10,19),(181,184,180),(185,183,193),(195,
194,184),(195,184,181),(185,193,197),(199,186,198),(187,186,199),(197,193,
201),(203,202,194),(203,194,195),(197,201,205),(207,198,206),(199,198,207),
(205,201,209),(211,210,202),(211,202,203),(205,209,213),(215,206,214),(207,
206,215),(213,209,217),(219,218,210),(219,210,211),(213,217,221),(213,221,
223),(225,214,224),(215,214,225),(219,222,218),(223,221,227),(229,228,222),
(229,222,219),(223,227,231),(233,224,232),(225,224,233),(231,227,235),(237,
236,228),(237,228,229),(231,235,239),(241,232,240),(233,232,241),(239,235,
243),(245,244,236),(245,236,237),(239,243,247),(249,240,248),(241,240,249),
(247,243,251),(253,252,244),(253,244,245),(247,251,255),(247,255,257),(249,
248,258),(253,256,252),(257,255,259),(261,260,256),(261,256,253),(257,259,
250),(250,259,263),(265,264,260),(265,260,261),(250,263,242),(242,263,267),
(269,268,264),(269,264,265),(242,267,234),(234,267,271),(273,272,268),(273,
268,269),(234,271,275),(234,275,226),(273,276,272),(226,275,277),(279,278,
276),(279,276,273),(226,277,216),(216,277,281),(283,282,278),(283,278,279),
(216,281,208),(208,281,285),(287,286,282),(287,282,283),(208,285,200),(200,
285,289),(291,290,286),(291,286,287),(200,289,188),(188,289,293),(295,294,
290),(295,290,291),(188,293,297),(188,297,190),(295,298,294),(190,297,299),
(301,300,298),(301,298,295),(190,299,192),(192,299,11),(304,12,300),(304,
300,301),(192,11,9),(13,12,304),(182,8,14),(24,8,182),(182,14,303),(303,
302,182),(182,302,296),(196,296,292),(182,296,196),(204,292,288),(196,292,
204),(212,288,284),(204,288,212),(220,284,280),(212,284,220),(230,280,274),
(220,280,230),(238,274,270),(230,274,238),(246,270,266),(238,270,246),(254,
266,262),(246,266,254),(178,82,182),(182,82,74),(182,74,68),(68,62,182),
(182,62,56),(182,56,50),(50,42,182),(182,42,36),(182,36,30),(30,24,182),
(174,154,178),(178,154,148),(178,148,142),(142,136,178),(178,136,128),(178,
128,122),(122,116,178),(178,116,110),(178,110,102),(102,96,178),(178,96,
90),(178,90,82),(170,164,174),(174,164,154)),());
#147=COMPLEX_TRIANGULATED_FACE('ConvergentBody',#155,304,((-0.954847226948182,
0.0366258468797537,0.294831003338705),(-0.954847226948182,0.0366258468797537,
-0.294831003338705),(-0.953147154266297,-0.0666513352560368,0.295073044893374),
(-0.953147154266297,-0.0666513352560368,-0.295073044893374),(-0.952841641552547,
-0.0666303002676464,0.296062846722939),(0.,0.,1.),(-0.952841641552547,-0.0666303002676464,
-0.296062846722939),(0.,0.,-1.),(-0.953148061983329,0.0607734704243542,
0.296336560737963),(0.,0.,1.),(-0.94537876299963,0.139767239876524,0.294489580675766),
(-0.94537876299963,0.139767239876524,-0.294489580675766),(-0.953148061983329,
0.0607734704243542,-0.296336560737963),(0.,0.,-1.),(-0.940457458949183,
-0.169158071622266,0.294830993472334),(-0.940457458949183,-0.169158071622266,
-0.294830993472334),(-0.935413847546317,-0.19283550487977,0.29633663606844),
(0.,0.,1.),(0.,0.,1.),(0.878349870783537,0.37531925395127,0.296035406848583),
(-0.916726796608349,-0.269977370520199,0.294489727812694),(-0.916726796608349,
-0.269977370520199,-0.294489727812694),(-0.935413847546318,-0.19283550487977,
-0.29633663606844),(0.,0.,-1.),(-0.901223151878652,-0.315918082124983,0.296635459620696),
(0.,0.,1.),(-0.882134374667242,-0.367612399096082,0.294448754558849),(-0.882134374667242,
-0.367612399096082,-0.294448754558849),(-0.901223151878652,-0.315918082124983,
-0.296635459620696),(0.,0.,-1.),(-0.851046731296376,-0.43339144175082,0.296464701721639),
(0.,0.,1.),(-0.837096991459703,-0.46088581774856,0.294708143571492),(-0.837096991459703,
-0.460885817748561,-0.294708143571492),(-0.851046731296376,-0.43339144175082,
-0.296464701721639),(0.,0.,-1.),(-0.785791110300621,-0.543036106493211,
0.296047492840611),(0.,0.,1.),(-0.782276444896237,-0.548605725880224,0.295085277999323),
(-0.782276444896237,-0.548605725880224,-0.295085277999323),(-0.785791110300621,
-0.543036106493211,-0.296047492840611),(0.,0.,-1.),(-0.718612614922035,
-0.629749902120264,0.294976220150767),(-0.718612614922034,-0.629749902120264,
-0.294976220150767),(-0.70662794302763,-0.642618191128861,0.296173615575075),
(0.,0.,1.),(-0.646322881284184,-0.703921356194786,0.29455297897221),(-0.646322881284184,
-0.703921356194786,-0.29455297897221),(-0.70662794302763,-0.642618191128861,
-0.296173615575075),(0.,0.,-1.),(-0.61445815392346,-0.731074125207831,0.296600405476083),
(0.,0.,1.),(-0.566365309809737,-0.769767069915368,0.294429947386522),(-0.566365309809737,
-0.769767069915368,-0.294429947386522),(-0.61445815392346,-0.731074125207831,
-0.296600405476083),(0.,0.,-1.),(-0.511400258102045,-0.806550265503053,
0.296557659199887),(0.,0.,1.),(-0.479702227203676,-0.826493896430006,0.2946075565558),
(-0.479702227203676,-0.826493896430006,-0.2946075565558),(-0.511400258102045,
-0.806550265503053,-0.296557659199887),(0.,0.,-1.),(-0.399251560935287,
-0.867729941779492,0.296045501958898),(0.,0.,1.),(-0.387375009517662,-0.873421579298422,
0.295085321249706),(-0.387375009517662,-0.873421579298422,-0.295085321249706),
(-0.399251560935287,-0.867729941779492,-0.296045501958898),(0.,0.,-1.),
(-0.280521354452989,-0.913060721747166,0.296020080566175),(0.,0.,1.),(-0.291069061388743,
-0.910049829153215,0.295106946648974),(-0.291069061388743,-0.910049829153215,
-0.295106946648974),(-0.280521354452989,-0.913060721747166,-0.296020080566175),
(0.,0.,-1.),(-0.190921473691159,-0.936342392100714,0.294638618715723),(-0.190921473691159,
-0.936342392100714,-0.294638618715723),(-0.156160930867736,-0.942169475179667,
0.2965306792057),(0.,0.,1.),(-0.0884670787607296,-0.951568318771891,0.29443388168684),
(-0.0884670787607297,-0.951568318771891,-0.29443388168684),(-0.156160930867736,
-0.942169475179667,-0.2965306792057),(0.,0.,-1.),(-0.0290234752663756,-0.954555678076499,
0.29661607396663),(0.,0.,1.),(0.,0.,1.),(0.920395730331827,0.2553227062461,
0.296111491269945),(0.0150386458356819,-0.955524059785533,0.294529472722852),
(0.0150386458356819,-0.955524059785533,-0.294529472722852),(-0.0290234752663756,
-0.954555678076499,-0.29661607396663),(0.,0.,-1.),(0.0986426803900175,-0.950008571185319,
0.296231896121773),(0.,0.,1.),(0.11834939428569,-0.948162670257707,0.29492536615555),
(0.11834939428569,-0.948162670257707,-0.29492536615555),(0.0986426803900175,
-0.950008571185319,-0.296231896121773),(0.,0.,-1.),(0.224091979035634,-0.928511517805082,
0.296055984967702),(0.,0.,1.),(0.219896372116597,-0.929824838800956,0.295078556792486),
(0.219896372116597,-0.929824838800956,-0.295078556792486),(0.224091979035634,
-0.928511517805082,-0.296055984967702),(0.,0.,-1.),(0.319105095775661,-0.900719916763981,
0.29474661897076),(0.319105095775661,-0.900719916763981,-0.29474661897076),
(0.34575391901977,-0.890272937018427,0.296425918392867),(0.,0.,1.),(0.41475167179417,
-0.860972921512438,0.294459978887248),(0.41475167179417,-0.860972921512438,
-0.294459978887248),(0.34575391901977,-0.890272937018427,-0.296425918392867),
(0.,0.,-1.),(0.461442425586606,-0.836107636853762,0.296639355891236),(0.,
0.,1.),(0.505495899091902,-0.811023568426659,0.294473542882474),(0.505495899091902,
-0.811023568426659,-0.294473542882474),(0.461442425586606,-0.836107636853762,
-0.296639355891236),(0.,0.,-1.),(0.568947760110399,-0.767108517356143,0.296383145379457),
(0.,0.,1.),(0.590241360458795,-0.751475532325972,0.29478748399338),(0.590241360458795,
-0.751475532325972,-0.29478748399338),(0.568947760110399,-0.767108517356143,
-0.296383145379457),(0.,0.,-1.),(0.666098265564867,-0.684588180707487,0.296061013048137),
(0.,0.,1.),(0.66788115867287,-0.683275820583041,0.295074415862095),(0.66788115867287,
-0.683275820583041,-0.295074415862095),(0.666098265564867,-0.684588180707487,
-0.296061013048137),(0.,0.,-1.),(0.737748466046544,-0.607268331894655,0.294876879262946),
(0.737748466046544,-0.607268331894655,-0.294876879262946),(0.751191510066017,
-0.589852388225223,0.296286137559181),(0.,0.,1.),(0.799233260227409,-0.523918971012047,
0.294508247015163),(0.799233260227409,-0.523918971012047,-0.294508247015163),
(0.751191510066017,-0.589852388225223,-0.296286137559181),(0.,0.,-1.),(0.823100951853805,
-0.484269462660349,0.296627562090943),(0.,0.,1.),(0.851259787789132,-0.434352253408871,
0.29443996612525),(0.851259787789132,-0.434352253408871,-0.29443996612525),
(0.823100951853805,-0.484269462660349,-0.296627562090943),(0.,0.,-1.),(0.880404053409602,
-0.370103656602983,0.29649955498962),(0.,0.,1.),(0.893201644802322,-0.339645659510788,
0.294672102001374),(0.893201644802322,-0.339645659510788,-0.294672102001374),
(0.880404053409602,-0.370103656602983,-0.29649955498962),(0.,0.,-1.),(0.922035937260939,
-0.249424920202541,0.29603536880126),(0.,0.,1.),(0.924568943947179,-0.241021346441014,
0.295094863473019),(0.924568943947179,-0.241021346441014,-0.295094863473019),
(0.922035937260939,-0.249424920202541,-0.29603536880126),(0.,0.,-1.),(0.945173787615396,
-0.140014612825913,0.295029522929444),(0.945173787615396,-0.140014612825913,
-0.295029522929444),(0.946972558413916,-0.124743649010125,0.296111458141424),
(0.,0.,1.),(0.,0.,1.),(0.94609289561115,0.130184304247234,0.296580983547114),
(0.954914293514659,-0.0369037738070708,0.294579027631291),(0.954914293514659,
-0.0369037738070708,-0.294579027631291),(0.946972558413916,-0.124743649010125,
-0.296111458141424),(0.,0.,-1.),(0.955003717292203,0.00275460788783668,
0.296581037987021),(0.,0.,1.),(0.953345402728243,0.0666652310627433,0.294428752101887),
(0.953345402728243,0.0666652310627433,-0.294428752101887),(0.955003717292203,
0.00275460788783668,-0.296581037987021),(0.,0.,-1.),(0.940485167019615,
0.169442748904523,0.294579030923394),(0.940485167019615,0.169442748904523,
-0.294579030923394),(0.94609289561115,0.130184304247234,-0.296580983547114),
(0.,0.,-1.),(0.916489254066273,0.270194334167441,0.295029606929304),(0.916489254066273,
0.270194334167441,-0.295029606929304),(0.920395730331827,0.2553227062461,
-0.296111491269945),(0.,0.,-1.),(0.882027290533514,0.367351173569433,0.295094855989168),
(0.882027290533514,0.367351173569433,-0.295094855989168),(0.878349870783537,
0.37531925395127,-0.296035406848583),(0.,0.,-1.),(0.837239943308875,0.460649146934877,
0.29467209022288),(0.837239943308875,0.460649146934877,-0.29467209022288),
(0.820327669275239,0.489030168204002,0.296499594616619),(0.,0.,1.),(0.,
0.,1.),(-0.853720067596921,0.428389971804708,0.296047425659252),(0.,0.,
1.),(-0.903080399221235,0.310732216815967,0.296464638658728),(0.,0.,1.),
(-0.936419558914363,0.187419016329582,0.296635335050768),(0.782525386726149,
0.548597394898383,0.294440006520511),(0.782525386726149,0.548597394898383,
-0.294440006520511),(0.820327669275239,0.489030168204002,-0.296499594616619),
(0.,0.,-1.),(0.747692833059174,0.594110663235004,0.296627623835694),(0.,
0.,1.),(0.,0.,1.),(-0.789186304454613,0.538020639403975,0.296173544457651),
(0.718539497880457,0.630052251249846,0.294508320223219),(0.718539497880457,
0.630052251249846,-0.294508320223219),(0.747692833059174,0.594110663235004,
-0.296627623835694),(0.,0.,-1.),(0.661789943728705,0.68865708256603,0.296286167431422),
(0.,0.,1.),(0.,0.,1.),(-0.710223917929655,0.638443546314311,0.296600446004818),
(0.646053128886905,0.704033379827393,0.29487684674158),(0.646053128886905,
0.704033379827393,-0.29487684674158),(0.661789943728705,0.68865708256603,
-0.296286167431422),(0.,0.,-1.),(0.564339825153433,0.770628566423733,0.296061099027709),
(0.,0.,1.),(0.,0.,1.),(-0.618673116813352,0.727528034414235,0.296557808317049),
(0.566288370891793,0.769576922787016,0.295074297264922),(0.566288370891793,
0.769576922787016,-0.295074297264922),(0.564339825153433,0.770628566423733,
-0.296061099027709),(0.,0.,-1.),(0.479911686734478,0.826308117002012,0.294787497550793),
(0.479911686734478,0.826308117002012,-0.294787497550793),(0.456649521352879,
0.838825517698976,0.296383139711476),(0.,0.,1.),(0.,0.,1.),(-0.516130931681723,
0.803720018887639,0.296045592097922),(0.387703572215844,0.873482275243501,
0.294473521605101),(0.387703572215844,0.873482275243501,-0.294473521605101),
(0.456649521352879,0.838825517698976,-0.296383139711476),(0.,0.,-1.),(0.340588302361186,
0.892190962638169,0.296639334009335),(0.,0.,1.),(0.,0.,1.),(-0.404865284687559,
0.865133615153406,0.296020149966957),(0.290891829860674,0.910316018934247,
0.294459995571575),(0.290891829860674,0.910316018934247,-0.294459995571575),
(0.340588302361186,0.892190962638169,-0.296639334009335),(0.,0.,-1.),(0.21848666698769,
0.929728573658583,0.29642596996786),(0.,0.,1.),(0.,0.,1.),(-0.285765730953637,
0.911267004189927,0.296530595533156),(0.190643279753508,0.936365067928591,
0.294746669952201),(0.190643279753508,0.936365067928591,-0.294746669952201),
(0.21848666698769,0.929728573658583,-0.29642596996786),(0.,0.,-1.),(0.0926867013131197,
0.95066292868776,0.296056027499026),(0.,0.,1.),(0.,0.,1.),(-0.161588851093217,
0.941226863900764,0.296615970362194),(0.0883491816298241,0.951379541815615,
0.295078615829834),(0.0883491816298241,0.951379541815615,-0.295078615829834),
(0.0926867013131197,0.95066292868776,-0.296056027499026),(0.,0.,-1.),(-0.0147616620860933,
0.955406246352631,0.294925410507184),(-0.0147616620860933,0.955406246352631,
-0.294925410507184),(-0.0345323592268854,0.954491593440281,0.296231858884319),
(0.,0.,1.),(-0.118091452560101,0.948317896678281,0.294529413933355),(-0.118091452560101,
0.948317896678281,-0.294529413933355),(-0.0345323592268854,0.954491593440281,
-0.296231858884319),(0.,0.,-1.),(-0.220038529075277,0.929995594941793,0.294433760141817),
(-0.220038529075277,0.929995594941793,-0.294433760141817),(-0.161588851093217,
0.941226863900764,-0.296615970362194),(0.,0.,-1.),(-0.319375675491649,0.90065934431648,
0.294638631886013),(-0.319375675491649,0.90065934431648,-0.294638631886013),
(-0.285765730953637,0.911267004189927,-0.296530595533156),(0.,0.,-1.),(-0.414890839995369,
0.860684262459769,0.295107084364338),(-0.414890839995369,0.860684262459769,
-0.295107084364338),(-0.404865284687559,0.865133615153406,-0.296020149966957),
(0.,0.,-1.),(-0.505162229657413,0.811009072850071,0.295085420653782),(-0.505162229657413,
0.811009072850071,-0.295085420653782),(-0.59005900535975,0.751689217606371,
0.294607688847701),(-0.59005900535975,0.751689217606371,-0.294607688847701),
(-0.516130931681723,0.803720018887639,-0.296045592097922),(0.,0.,-1.),(-0.667984841117712,
0.683452408882333,0.294430054223208),(-0.667984841117712,0.683452408882333,
-0.294430054223208),(-0.618673116813352,0.727528034414235,-0.296557808317049),
(0.,0.,-1.),(-0.738000490084206,0.607119298944753,0.294552938339278),(-0.738000490084206,
0.607119298944753,-0.294552938339278),(-0.710223917929655,0.638443546314311,
-0.296600446004818),(0.,0.,-1.),(-0.799263290284602,0.523609839003935,0.294976150394748),
(-0.799263290284602,0.523609839003935,-0.294976150394748),(-0.789186304454613,
0.538020639403975,-0.296173544457651),(0.,0.,-1.),(-0.851014356348429,0.434395246093845,
0.295085302005942),(-0.851014356348429,0.434395246093845,-0.295085302005942),
(-0.853720067596921,0.428389971804708,-0.296047425659252),(0.,0.,-1.),(-0.8930933526975,
0.339899046316926,0.294708163579469),(-0.8930933526975,0.339899046316926,
-0.294708163579469),(-0.924711326786365,0.241265285539228,0.294448678221988),
(-0.924711326786365,0.241265285539228,-0.294448678221988),(-0.903080399221235,
0.310732216815967,-0.296464638658728),(0.,0.,-1.),(0.,0.,-1.),(-0.936419558914363,
0.187419016329582,-0.296635335050768)),$,(1,1,2,2,20,20,19,19,18,18,3,3,
17,17,4,4,24,24,123,123,6,6,23,23,29,29,8,8,28,28,34,34,10,10,33,33,38,
38,12,12,37,37,14,14,44,44,16,16,43,43,49,49,30,30,48,48,54,54,40,40,53,
53,60,60,50,50,59,59,66,66,56,56,65,65,62,62,71,71,72,72,70,70,76,76,128,
128,78,78,75,75,82,82,84,84,81,81,88,88,90,90,87,87,100,100,94,94,106,106,
93,93,99,99,116,116,98,98,104,104,126,126,103,103,110,110,138,138,109,109,
140,140,115,115,142,142,114,114,120,120,144,144,119,119,125,125,146,146,
124,124,130,130,148,148,129,129,150,150,134,134,132,132,152,152,133,133,
136,136,151,151,135,135,149,149,131,131,147,147,127,127,145,145,122,122,
143,143,118,118,32,32,27,27,22,22,141,141,117,117,113,113,36,36,139,139,
112,112,108,108,42,42,137,137,107,107,102,102,47,47,121,121,101,101,111,
111,97,97,52,52,105,105,96,96,92,92,58,58,95,95,91,91,86,86,64,64,89,89,
85,85,80,80,69,69,83,83,79,79,77,77,74,74,67,67,73,73,61,61,68,68,55,55,
63,63,45,45,57,57,39,39,25,25,51,51,15,15,46,46,13,13,41,41,11,11,35,35,
9,9,31,31,7,7,5,5,26,26,21,21),((1,3,5),(7,4,2),(9,1,5),(9,11,1),(13,2,
12),(7,2,13),(5,3,15),(16,4,7),(5,15,17),(19,6,18),(10,6,19),(17,15,21),
(23,22,16),(23,16,7),(17,21,25),(19,18,26),(25,21,27),(29,28,22),(29,22,
23),(25,27,31),(26,32,19),(31,27,33),(35,34,28),(35,28,29),(31,33,37),(19,
32,38),(37,33,39),(41,40,34),(41,34,35),(37,39,43),(37,43,45),(19,38,46),
(41,44,40),(45,43,47),(49,48,44),(49,44,41),(45,47,51),(46,52,19),(51,47,
53),(55,54,48),(55,48,49),(51,53,57),(19,52,58),(57,53,59),(61,60,54),(61,
54,55),(57,59,63),(19,58,64),(63,59,65),(67,66,60),(67,60,61),(63,65,69),
(64,70,19),(69,65,71),(73,72,66),(73,66,67),(69,71,75),(69,75,77),(19,70,
78),(73,76,72),(77,75,79),(81,80,76),(81,76,73),(77,79,83),(85,78,84),(19,
78,85),(83,79,87),(89,88,80),(89,80,81),(83,87,91),(85,84,92),(91,87,93),
(95,94,88),(95,88,89),(91,93,97),(92,98,85),(97,93,99),(101,100,94),(101,
94,95),(97,99,103),(97,103,105),(85,98,106),(101,104,100),(105,103,107),
(109,108,104),(109,104,101),(105,107,111),(85,106,112),(111,107,113),(115,
114,108),(115,108,109),(111,113,117),(112,118,85),(117,113,119),(121,120,
114),(121,114,115),(117,119,123),(85,118,124),(123,119,125),(127,126,120),
(127,120,121),(123,125,129),(123,129,131),(85,124,132),(127,130,126),(131,
129,133),(135,134,130),(135,130,127),(131,133,137),(132,138,85),(137,133,
139),(141,140,134),(141,134,135),(137,139,143),(85,138,144),(143,139,145),
(147,146,140),(147,140,141),(143,145,149),(85,144,150),(149,145,151),(153,
152,146),(153,146,147),(149,151,155),(149,155,157),(159,150,158),(85,150,
159),(153,156,152),(157,155,161),(163,162,156),(163,156,153),(157,161,165),
(159,158,166),(165,161,167),(169,168,162),(169,162,163),(165,167,160),(160,
167,171),(173,172,168),(173,168,169),(160,171,86),(86,171,175),(177,176,
172),(177,172,173),(86,175,20),(20,175,179),(181,180,176),(181,176,177),
(20,179,183),(20,183,185),(186,187,19),(19,187,189),(19,189,191),(191,10,
19),(181,184,180),(185,183,193),(195,194,184),(195,184,181),(185,193,197),
(199,186,198),(187,186,199),(197,193,201),(203,202,194),(203,194,195),(197,
201,205),(207,198,206),(199,198,207),(205,201,209),(211,210,202),(211,202,
203),(205,209,213),(215,206,214),(207,206,215),(213,209,217),(219,218,210),
(219,210,211),(213,217,221),(213,221,223),(225,214,224),(215,214,225),(219,
222,218),(223,221,227),(229,228,222),(229,222,219),(223,227,231),(233,224,
232),(225,224,233),(231,227,235),(237,236,228),(237,228,229),(231,235,239),
(241,232,240),(233,232,241),(239,235,243),(245,244,236),(245,236,237),(239,
243,247),(249,240,248),(241,240,249),(247,243,251),(253,252,244),(253,244,
245),(247,251,255),(247,255,257),(249,248,258),(253,256,252),(257,255,259),
(261,260,256),(261,256,253),(257,259,250),(250,259,263),(265,264,260),(265,
260,261),(250,263,242),(242,263,267),(269,268,264),(269,264,265),(242,267,
234),(234,267,271),(273,272,268),(273,268,269),(234,271,275),(234,275,226),
(273,276,272),(226,275,277),(279,278,276),(279,276,273),(226,277,216),(216,
277,281),(283,282,278),(283,278,279),(216,281,208),(208,281,285),(287,286,
282),(287,282,283),(208,285,200),(200,285,289),(291,290,286),(291,286,287),
(200,289,188),(188,289,293),(295,294,290),(295,290,291),(188,293,297),(188,
297,190),(295,298,294),(190,297,299),(301,300,298),(301,298,295),(190,299,
192),(192,299,11),(304,12,300),(304,300,301),(192,11,9),(13,12,304),(182,
8,14),(24,8,182),(182,14,303),(303,302,182),(182,302,296),(196,296,292),
(182,296,196),(204,292,288),(196,292,204),(212,288,284),(204,288,212),(220,
284,280),(212,284,220),(230,280,274),(220,280,230),(238,274,270),(230,274,
238),(246,270,266),(238,270,246),(254,266,262),(246,266,254),(178,82,182),
(182,82,74),(182,74,68),(68,62,182),(182,62,56),(182,56,50),(50,42,182),
(182,42,36),(182,36,30),(30,24,182),(174,154,178),(178,154,148),(178,148,
142),(142,136,178),(178,136,128),(178,128,122),(122,116,178),(178,116,110),
(178,110,102),(102,96,178),(178,96,90),(178,90,82),(170,164,174),(174,164,
154)),());
#148=COMPLEX_TRIANGULATED_FACE('ConvergentBody',#156,304,((0.954847226948182,
-0.0366258468797537,0.294831003338705),(0.954847226948182,-0.0366258468797537,
-0.294831003338705),(0.953147154266297,0.0666513352560368,0.295073044893374),
(0.953147154266297,0.0666513352560368,-0.295073044893374),(0.952841641552547,
0.0666303002676464,0.296062846722939),(0.,0.,1.),(0.952841641552547,0.0666303002676464,
-0.296062846722939),(0.,0.,-1.),(0.953148061983329,-0.0607734704243542,
0.296336560737963),(0.,0.,1.),(0.94537876299963,-0.139767239876524,0.294489580675766),
(0.94537876299963,-0.139767239876524,-0.294489580675766),(0.953148061983329,
-0.0607734704243542,-0.296336560737963),(0.,0.,-1.),(0.940457458949183,
0.169158071622266,0.294830993472334),(0.940457458949183,0.169158071622266,
-0.294830993472334),(0.935413847546317,0.19283550487977,0.29633663606844),
(0.,0.,1.),(0.,0.,1.),(-0.878349870783537,-0.37531925395127,0.296035406848583),
(0.916726796608349,0.269977370520199,0.294489727812694),(0.916726796608349,
0.269977370520199,-0.294489727812694),(0.935413847546318,0.19283550487977,
-0.29633663606844),(0.,0.,-1.),(0.901223151878652,0.315918082124983,0.296635459620696),
(0.,0.,1.),(0.882134374667242,0.367612399096082,0.294448754558849),(0.882134374667242,
0.367612399096082,-0.294448754558849),(0.901223151878652,0.315918082124983,
-0.296635459620696),(0.,0.,-1.),(0.851046731296376,0.43339144175082,0.296464701721639),
(0.,0.,1.),(0.837096991459703,0.46088581774856,0.294708143571492),(0.837096991459703,
0.460885817748561,-0.294708143571492),(0.851046731296376,0.43339144175082,
-0.296464701721639),(0.,0.,-1.),(0.785791110300621,0.543036106493211,0.296047492840611),
(0.,0.,1.),(0.782276444896237,0.548605725880224,0.295085277999323),(0.782276444896237,
0.548605725880224,-0.295085277999323),(0.785791110300621,0.543036106493211,
-0.296047492840611),(0.,0.,-1.),(0.718612614922035,0.629749902120264,0.294976220150767),
(0.718612614922034,0.629749902120264,-0.294976220150767),(0.70662794302763,
0.642618191128861,0.296173615575075),(0.,0.,1.),(0.646322881284184,0.703921356194786,
0.29455297897221),(0.646322881284184,0.703921356194786,-0.29455297897221),
(0.70662794302763,0.642618191128861,-0.296173615575075),(0.,0.,-1.),(0.61445815392346,
0.731074125207831,0.296600405476083),(0.,0.,1.),(0.566365309809737,0.769767069915368,
0.294429947386522),(0.566365309809737,0.769767069915368,-0.294429947386522),
(0.61445815392346,0.731074125207831,-0.296600405476083),(0.,0.,-1.),(0.511400258102045,
0.806550265503053,0.296557659199887),(0.,0.,1.),(0.479702227203676,0.826493896430006,
0.2946075565558),(0.479702227203676,0.826493896430006,-0.2946075565558),
(0.511400258102045,0.806550265503053,-0.296557659199887),(0.,0.,-1.),(0.399251560935287,
0.867729941779492,0.296045501958898),(0.,0.,1.),(0.387375009517662,0.873421579298422,
0.295085321249706),(0.387375009517662,0.873421579298422,-0.295085321249706),
(0.399251560935287,0.867729941779492,-0.296045501958898),(0.,0.,-1.),(0.280521354452989,
0.913060721747166,0.296020080566175),(0.,0.,1.),(0.291069061388743,0.910049829153215,
0.295106946648974),(0.291069061388743,0.910049829153215,-0.295106946648974),
(0.280521354452989,0.913060721747166,-0.296020080566175),(0.,0.,-1.),(0.190921473691159,
0.936342392100714,0.294638618715723),(0.190921473691159,0.936342392100714,
-0.294638618715723),(0.156160930867736,0.942169475179667,0.2965306792057),
(0.,0.,1.),(0.0884670787607296,0.951568318771891,0.29443388168684),(0.0884670787607297,
0.951568318771891,-0.29443388168684),(0.156160930867736,0.942169475179667,
-0.2965306792057),(0.,0.,-1.),(0.0290234752663756,0.954555678076499,0.29661607396663),
(0.,0.,1.),(0.,0.,1.),(-0.920395730331827,-0.2553227062461,0.296111491269945),
(-0.0150386458356819,0.955524059785533,0.294529472722852),(-0.0150386458356819,
0.955524059785533,-0.294529472722852),(0.0290234752663756,0.954555678076499,
-0.29661607396663),(0.,0.,-1.),(-0.0986426803900175,0.950008571185319,0.296231896121773),
(0.,0.,1.),(-0.11834939428569,0.948162670257707,0.29492536615555),(-0.11834939428569,
0.948162670257707,-0.29492536615555),(-0.0986426803900175,0.950008571185319,
-0.296231896121773),(0.,0.,-1.),(-0.224091979035634,0.928511517805082,0.296055984967702),
(0.,0.,1.),(-0.219896372116597,0.929824838800956,0.295078556792486),(-0.219896372116597,
0.929824838800956,-0.295078556792486),(-0.224091979035634,0.928511517805082,
-0.296055984967702),(0.,0.,-1.),(-0.319105095775661,0.900719916763981,0.29474661897076),
(-0.319105095775661,0.900719916763981,-0.29474661897076),(-0.34575391901977,
0.890272937018427,0.296425918392867),(0.,0.,1.),(-0.41475167179417,0.860972921512438,
0.294459978887248),(-0.41475167179417,0.860972921512438,-0.294459978887248),
(-0.34575391901977,0.890272937018427,-0.296425918392867),(0.,0.,-1.),(-0.461442425586606,
0.836107636853762,0.296639355891236),(0.,0.,1.),(-0.505495899091902,0.811023568426659,
0.294473542882474),(-0.505495899091902,0.811023568426659,-0.294473542882474),
(-0.461442425586606,0.836107636853762,-0.296639355891236),(0.,0.,-1.),(-0.568947760110399,
0.767108517356143,0.296383145379457),(0.,0.,1.),(-0.590241360458795,0.751475532325972,
0.29478748399338),(-0.590241360458795,0.751475532325972,-0.29478748399338),
(-0.568947760110399,0.767108517356143,-0.296383145379457),(0.,0.,-1.),(-0.666098265564867,
0.684588180707487,0.296061013048137),(0.,0.,1.),(-0.66788115867287,0.683275820583041,
0.295074415862095),(-0.66788115867287,0.683275820583041,-0.295074415862095),
(-0.666098265564867,0.684588180707487,-0.296061013048137),(0.,0.,-1.),(-0.737748466046544,
0.607268331894655,0.294876879262946),(-0.737748466046544,0.607268331894655,
-0.294876879262946),(-0.751191510066017,0.589852388225223,0.296286137559181),
(0.,0.,1.),(-0.799233260227409,0.523918971012047,0.294508247015163),(-0.799233260227409,
0.523918971012047,-0.294508247015163),(-0.751191510066017,0.589852388225223,
-0.296286137559181),(0.,0.,-1.),(-0.823100951853805,0.484269462660349,0.296627562090943),
(0.,0.,1.),(-0.851259787789132,0.434352253408871,0.29443996612525),(-0.851259787789132,
0.434352253408871,-0.29443996612525),(-0.823100951853805,0.484269462660349,
-0.296627562090943),(0.,0.,-1.),(-0.880404053409602,0.370103656602983,0.29649955498962),
(0.,0.,1.),(-0.893201644802322,0.339645659510788,0.294672102001374),(-0.893201644802322,
0.339645659510788,-0.294672102001374),(-0.880404053409602,0.370103656602983,
-0.29649955498962),(0.,0.,-1.),(-0.922035937260939,0.249424920202541,0.29603536880126),
(0.,0.,1.),(-0.924568943947179,0.241021346441014,0.295094863473019),(-0.924568943947179,
0.241021346441014,-0.295094863473019),(-0.922035937260939,0.249424920202541,
-0.29603536880126),(0.,0.,-1.),(-0.945173787615396,0.140014612825913,0.295029522929444),
(-0.945173787615396,0.140014612825913,-0.295029522929444),(-0.946972558413916,
0.124743649010125,0.296111458141424),(0.,0.,1.),(0.,0.,1.),(-0.94609289561115,
-0.130184304247234,0.296580983547114),(-0.954914293514659,0.0369037738070708,
0.294579027631291),(-0.954914293514659,0.0369037738070708,-0.294579027631291),
(-0.946972558413916,0.124743649010125,-0.296111458141424),(0.,0.,-1.),(-0.955003717292203,
-0.00275460788783668,0.296581037987021),(0.,0.,1.),(-0.953345402728243,
-0.0666652310627433,0.294428752101887),(-0.953345402728243,-0.0666652310627433,
-0.294428752101887),(-0.955003717292203,-0.00275460788783668,-0.296581037987021),
(0.,0.,-1.),(-0.940485167019615,-0.169442748904523,0.294579030923394),(-0.940485167019615,
-0.169442748904523,-0.294579030923394),(-0.94609289561115,-0.130184304247234,
-0.296580983547114),(0.,0.,-1.),(-0.916489254066273,-0.270194334167441,
0.295029606929304),(-0.916489254066273,-0.270194334167441,-0.295029606929304),
(-0.920395730331827,-0.2553227062461,-0.296111491269945),(0.,0.,-1.),(-0.882027290533514,
-0.367351173569433,0.295094855989168),(-0.882027290533514,-0.367351173569433,
-0.295094855989168),(-0.878349870783537,-0.37531925395127,-0.296035406848583),
(0.,0.,-1.),(-0.837239943308875,-0.460649146934877,0.29467209022288),(-0.837239943308875,
-0.460649146934877,-0.29467209022288),(-0.820327669275239,-0.489030168204002,
0.296499594616619),(0.,0.,1.),(0.,0.,1.),(0.853720067596921,-0.428389971804708,
0.296047425659252),(0.,0.,1.),(0.903080399221235,-0.310732216815967,0.296464638658728),
(0.,0.,1.),(0.936419558914363,-0.187419016329582,0.296635335050768),(-0.782525386726149,
-0.548597394898383,0.294440006520511),(-0.782525386726149,-0.548597394898383,
-0.294440006520511),(-0.820327669275239,-0.489030168204002,-0.296499594616619),
(0.,0.,-1.),(-0.747692833059174,-0.594110663235004,0.296627623835694),(0.,
0.,1.),(0.,0.,1.),(0.789186304454613,-0.538020639403975,0.296173544457651),
(-0.718539497880457,-0.630052251249846,0.294508320223219),(-0.718539497880457,
-0.630052251249846,-0.294508320223219),(-0.747692833059174,-0.594110663235004,
-0.296627623835694),(0.,0.,-1.),(-0.661789943728705,-0.68865708256603,0.296286167431422),
(0.,0.,1.),(0.,0.,1.),(0.710223917929655,-0.638443546314311,0.296600446004818),
(-0.646053128886905,-0.704033379827393,0.29487684674158),(-0.646053128886905,
-0.704033379827393,-0.29487684674158),(-0.661789943728705,-0.68865708256603,
-0.296286167431422),(0.,0.,-1.),(-0.564339825153433,-0.770628566423733,
0.296061099027709),(0.,0.,1.),(0.,0.,1.),(0.618673116813352,-0.727528034414235,
0.296557808317049),(-0.566288370891793,-0.769576922787016,0.295074297264922),
(-0.566288370891793,-0.769576922787016,-0.295074297264922),(-0.564339825153433,
-0.770628566423733,-0.296061099027709),(0.,0.,-1.),(-0.479911686734478,
-0.826308117002012,0.294787497550793),(-0.479911686734478,-0.826308117002012,
-0.294787497550793),(-0.456649521352879,-0.838825517698976,0.296383139711476),
(0.,0.,1.),(0.,0.,1.),(0.516130931681723,-0.803720018887639,0.296045592097922),
(-0.387703572215844,-0.873482275243501,0.294473521605101),(-0.387703572215844,
-0.873482275243501,-0.294473521605101),(-0.456649521352879,-0.838825517698976,
-0.296383139711476),(0.,0.,-1.),(-0.340588302361186,-0.892190962638169,
0.296639334009335),(0.,0.,1.),(0.,0.,1.),(0.404865284687559,-0.865133615153406,
0.296020149966957),(-0.290891829860674,-0.910316018934247,0.294459995571575),
(-0.290891829860674,-0.910316018934247,-0.294459995571575),(-0.340588302361186,
-0.892190962638169,-0.296639334009335),(0.,0.,-1.),(-0.21848666698769,-0.929728573658583,
0.29642596996786),(0.,0.,1.),(0.,0.,1.),(0.285765730953637,-0.911267004189927,
0.296530595533156),(-0.190643279753508,-0.936365067928591,0.294746669952201),
(-0.190643279753508,-0.936365067928591,-0.294746669952201),(-0.21848666698769,
-0.929728573658583,-0.29642596996786),(0.,0.,-1.),(-0.0926867013131197,
-0.95066292868776,0.296056027499026),(0.,0.,1.),(0.,0.,1.),(0.161588851093217,
-0.941226863900764,0.296615970362194),(-0.0883491816298241,-0.951379541815615,
0.295078615829834),(-0.0883491816298241,-0.951379541815615,-0.295078615829834),
(-0.0926867013131197,-0.95066292868776,-0.296056027499026),(0.,0.,-1.),
(0.0147616620860933,-0.955406246352631,0.294925410507184),(0.0147616620860933,
-0.955406246352631,-0.294925410507184),(0.0345323592268854,-0.954491593440281,
0.296231858884319),(0.,0.,1.),(0.118091452560101,-0.948317896678281,0.294529413933355),
(0.118091452560101,-0.948317896678281,-0.294529413933355),(0.0345323592268854,
-0.954491593440281,-0.296231858884319),(0.,0.,-1.),(0.220038529075277,-0.929995594941793,
0.294433760141817),(0.220038529075277,-0.929995594941793,-0.294433760141817),
(0.161588851093217,-0.941226863900764,-0.296615970362194),(0.,0.,-1.),(0.319375675491649,
-0.90065934431648,0.294638631886013),(0.319375675491649,-0.90065934431648,
-0.294638631886013),(0.285765730953637,-0.911267004189927,-0.296530595533156),
(0.,0.,-1.),(0.414890839995369,-0.860684262459769,0.295107084364338),(0.414890839995369,
-0.860684262459769,-0.295107084364338),(0.404865284687559,-0.865133615153406,
-0.296020149966957),(0.,0.,-1.),(0.505162229657413,-0.811009072850071,0.295085420653782),
(0.505162229657413,-0.811009072850071,-0.295085420653782),(0.59005900535975,
-0.751689217606371,0.294607688847701),(0.59005900535975,-0.751689217606371,
-0.294607688847701),(0.516130931681723,-0.803720018887639,-0.296045592097922),
(0.,0.,-1.),(0.667984841117712,-0.683452408882333,0.294430054223208),(0.667984841117712,
-0.683452408882333,-0.294430054223208),(0.618673116813352,-0.727528034414235,
-0.296557808317049),(0.,0.,-1.),(0.738000490084206,-0.607119298944753,0.294552938339278),
(0.738000490084206,-0.607119298944753,-0.294552938339278),(0.710223917929655,
-0.638443546314311,-0.296600446004818),(0.,0.,-1.),(0.799263290284602,-0.523609839003935,
0.294976150394748),(0.799263290284602,-0.523609839003935,-0.294976150394748),
(0.789186304454613,-0.538020639403975,-0.296173544457651),(0.,0.,-1.),(0.851014356348429,
-0.434395246093845,0.295085302005942),(0.851014356348429,-0.434395246093845,
-0.295085302005942),(0.853720067596921,-0.428389971804708,-0.296047425659252),
(0.,0.,-1.),(0.8930933526975,-0.339899046316926,0.294708163579469),(0.8930933526975,
-0.339899046316926,-0.294708163579469),(0.924711326786365,-0.241265285539228,
0.294448678221988),(0.924711326786365,-0.241265285539228,-0.294448678221988),
(0.903080399221235,-0.310732216815967,-0.296464638658728),(0.,0.,-1.),(0.,
0.,-1.),(0.936419558914363,-0.187419016329582,-0.296635335050768)),$,(152,
152,151,151,134,134,133,133,136,136,150,150,135,135,149,149,130,130,31,
31,147,147,129,129,125,125,145,145,124,124,120,120,143,143,119,119,116,
116,141,141,115,115,139,139,110,110,137,137,109,109,105,105,123,123,104,
104,100,100,113,113,99,99,94,94,103,103,93,93,88,88,97,97,87,87,91,91,83,
83,81,81,82,82,78,78,26,26,75,75,77,77,72,72,69,69,71,71,66,66,63,63,65,
65,53,53,60,60,47,47,59,59,55,55,37,37,54,54,50,50,27,27,49,49,44,44,15,
15,43,43,13,13,39,39,11,11,38,38,34,34,9,9,33,33,29,29,7,7,28,28,24,24,
5,5,23,23,3,3,20,20,22,22,1,1,19,19,18,18,2,2,17,17,4,4,21,21,6,6,25,25,
8,8,30,30,10,10,36,36,122,122,127,127,132,132,12,12,35,35,41,41,118,118,
14,14,40,40,46,46,112,112,16,16,45,45,52,52,107,107,32,32,51,51,42,42,57,
57,102,102,48,48,56,56,62,62,96,96,58,58,61,61,68,68,90,90,64,64,67,67,
74,74,85,85,70,70,73,73,76,76,80,80,86,86,79,79,92,92,84,84,98,98,89,89,
108,108,95,95,114,114,128,128,101,101,138,138,106,106,140,140,111,111,142,
142,117,117,144,144,121,121,146,146,148,148,126,126,131,131),((1,3,5),(7,
4,2),(9,1,5),(9,11,1),(13,2,12),(7,2,13),(5,3,15),(16,4,7),(5,15,17),(19,
6,18),(10,6,19),(17,15,21),(23,22,16),(23,16,7),(17,21,25),(19,18,26),(25,
21,27),(29,28,22),(29,22,23),(25,27,31),(26,32,19),(31,27,33),(35,34,28),
(35,28,29),(31,33,37),(19,32,38),(37,33,39),(41,40,34),(41,34,35),(37,39,
43),(37,43,45),(19,38,46),(41,44,40),(45,43,47),(49,48,44),(49,44,41),(45,
47,51),(46,52,19),(51,47,53),(55,54,48),(55,48,49),(51,53,57),(19,52,58),
(57,53,59),(61,60,54),(61,54,55),(57,59,63),(19,58,64),(63,59,65),(67,66,
60),(67,60,61),(63,65,69),(64,70,19),(69,65,71),(73,72,66),(73,66,67),(69,
71,75),(69,75,77),(19,70,78),(73,76,72),(77,75,79),(81,80,76),(81,76,73),
(77,79,83),(85,78,84),(19,78,85),(83,79,87),(89,88,80),(89,80,81),(83,87,
91),(85,84,92),(91,87,93),(95,94,88),(95,88,89),(91,93,97),(92,98,85),(97,
93,99),(101,100,94),(101,94,95),(97,99,103),(97,103,105),(85,98,106),(101,
104,100),(105,103,107),(109,108,104),(109,104,101),(105,107,111),(85,106,
112),(111,107,113),(115,114,108),(115,108,109),(111,113,117),(112,118,85),
(117,113,119),(121,120,114),(121,114,115),(117,119,123),(85,118,124),(123,
119,125),(127,126,120),(127,120,121),(123,125,129),(123,129,131),(85,124,
132),(127,130,126),(131,129,133),(135,134,130),(135,130,127),(131,133,137),
(132,138,85),(137,133,139),(141,140,134),(141,134,135),(137,139,143),(85,
138,144),(143,139,145),(147,146,140),(147,140,141),(143,145,149),(85,144,
150),(149,145,151),(153,152,146),(153,146,147),(149,151,155),(149,155,157),
(159,150,158),(85,150,159),(153,156,152),(157,155,161),(163,162,156),(163,
156,153),(157,161,165),(159,158,166),(165,161,167),(169,168,162),(169,162,
163),(165,167,160),(160,167,171),(173,172,168),(173,168,169),(160,171,86),
(86,171,175),(177,176,172),(177,172,173),(86,175,20),(20,175,179),(181,
180,176),(181,176,177),(20,179,183),(20,183,185),(186,187,19),(19,187,189),
(19,189,191),(191,10,19),(181,184,180),(185,183,193),(195,194,184),(195,
184,181),(185,193,197),(199,186,198),(187,186,199),(197,193,201),(203,202,
194),(203,194,195),(197,201,205),(207,198,206),(199,198,207),(205,201,209),
(211,210,202),(211,202,203),(205,209,213),(215,206,214),(207,206,215),(213,
209,217),(219,218,210),(219,210,211),(213,217,221),(213,221,223),(225,214,
224),(215,214,225),(219,222,218),(223,221,227),(229,228,222),(229,222,219),
(223,227,231),(233,224,232),(225,224,233),(231,227,235),(237,236,228),(237,
228,229),(231,235,239),(241,232,240),(233,232,241),(239,235,243),(245,244,
236),(245,236,237),(239,243,247),(249,240,248),(241,240,249),(247,243,251),
(253,252,244),(253,244,245),(247,251,255),(247,255,257),(249,248,258),(253,
256,252),(257,255,259),(261,260,256),(261,256,253),(257,259,250),(250,259,
263),(265,264,260),(265,260,261),(250,263,242),(242,263,267),(269,268,264),
(269,264,265),(242,267,234),(234,267,271),(273,272,268),(273,268,269),(234,
271,275),(234,275,226),(273,276,272),(226,275,277),(279,278,276),(279,276,
273),(226,277,216),(216,277,281),(283,282,278),(283,278,279),(216,281,208),
(208,281,285),(287,286,282),(287,282,283),(208,285,200),(200,285,289),(291,
290,286),(291,286,287),(200,289,188),(188,289,293),(295,294,290),(295,290,
291),(188,293,297),(188,297,190),(295,298,294),(190,297,299),(301,300,298),
(301,298,295),(190,299,192),(192,299,11),(304,12,300),(304,300,301),(192,
11,9),(13,12,304),(182,8,14),(24,8,182),(182,14,303),(303,302,182),(182,
302,296),(196,296,292),(182,296,196),(204,292,288),(196,292,204),(212,288,
284),(204,288,212),(220,284,280),(212,284,220),(230,280,274),(220,280,230),
(238,274,270),(230,274,238),(246,270,266),(238,270,246),(254,266,262),(246,
266,254),(178,82,182),(182,82,74),(182,74,68),(68,62,182),(182,62,56),(182,
56,50),(50,42,182),(182,42,36),(182,36,30),(30,24,182),(174,154,178),(178,
154,148),(178,148,142),(142,136,178),(178,136,128),(178,128,122),(122,116,
178),(178,116,110),(178,110,102),(102,96,178),(178,96,90),(178,90,82),(170,
164,174),(174,164,154)),());
#149=COMPLEX_TRIANGULATED_FACE('ConvergentBody',#157,2158,((-0.927360129509694,
-0.240008013867146,-0.287052858329805),(0.,0.,-1.),(0.266138712323642,-0.920109593742405,
0.287347387852927),(-0.930080338534542,-0.232506164940079,-0.284414217535495),
(0.266138876263105,-0.92010940427629,0.287347842698955),(-0.9339096445143,
-0.215276986855457,-0.285427039387667),(0.,0.,-1.),(0.,0.,-1.),(0.248691668161029,
-0.923524321490069,0.29198507119987),(-0.934870531911659,-0.214035417248138,
-0.28320651250744),(0.266138963851632,-0.920109332100339,0.287347992688042),
(0.24125972536609,-0.924868288674674,0.2939598501841),(-0.939762550965465,
-0.190340757878292,-0.283930878372183),(0.266138863643963,-0.920109370938983,
0.287347961135223),(-0.943953822045798,-0.167618892303181,-0.284350292400386),
(0.,0.,-1.),(-0.9447208875989,-0.165552606922444,-0.283010209843264),(0.26613878286188,
-0.920109369458865,0.28734804069422),(0.26613878286188,-0.920109369458865,
-0.28734804069422),(-0.9447208875989,-0.165552606922444,0.283010209843264),
(0.239798426611233,-0.924783680690723,0.2954181079807),(0.239798358086436,
-0.92478364502431,-0.295418275254934),(-0.94868508107999,-0.141280508125811,
-0.282907113660942),(-0.94868508107999,-0.141280508125811,0.282907113660942),
(-0.951372795126579,-0.118693081243804,-0.28425649888418),(0.,0.,-1.),(0.,
0.,-1.),(-0.065118115327097,0.997835642573184,0.00914666424485908),(-0.943953822045798,
-0.167618892303181,0.284350292400386),(0.,0.,1.),(-0.939762536316191,-0.190340837166224,
0.283930873705946),(0.266138860972534,-0.920109340828035,-0.28734806002693),
(-0.953746882844957,-0.101455675064417,-0.282972842267155),(-0.953746882844957,
-0.101455675064417,0.282972842267155),(-0.951372795126579,-0.118693081243804,
0.28425649888418),(0.,0.,1.),(-0.956300252660204,-0.0693372591558227,-0.284046072415706),
(0.,0.,-1.),(-0.957069132931296,-0.0614542758135353,-0.283270271603588),
(-0.957069127119768,-0.0614542586013487,0.283270294972776),(-0.956300252660204,
-0.0693372591558227,0.284046072415706),(0.,0.,1.),(-0.95785304391707,-0.0444861964717142,
-0.283793101717224),(-0.0395764144296565,0.999216546810974,0.),(0.,0.,-1.),
(-0.95808928978505,-0.0416295280861132,-0.283428818560334),(-0.0395761634687499,
0.999216556750794,0.),(-0.958090568739093,-0.0416159387286768,-0.283426490887731),
(-0.0395761692898617,0.999216556520327,0.),(-0.958091141335788,-0.041611353739465,
-0.283425228471032),(-0.0395760739157346,0.999216560297794,0.),(-0.958091610893946,
-0.0416088985803999,-0.283424001618724),(-0.95809159671156,-0.041608897964474,
0.283424049651536),(-0.0395758341803852,0.999216569793019,0.),(-0.958091094946825,
-0.0416115215185892,0.283425360651622),(-0.0395760739157133,0.999216560297795,
0.),(-0.957853049609249,-0.0444861287895712,0.283793093114647),(0.,0.,1.),
(-0.0395764144296565,0.999216546810974,0.),(-0.95808935461535,-0.0416287304636347,
0.283428716563314),(-0.0395761634687448,0.999216556750794,0.),(-0.958090622898969,
-0.0416152342499475,0.283426411245297),(-0.039576169289819,0.999216556520329,
0.),(-0.0764244684112174,0.997075373594225,0.),(-0.6715314889347,0.683114952575648,
-0.287052993255106),(0.,0.,-1.),(-0.66376856875823,-0.690537769908635,0.287348004096531),
(-0.666394567069682,0.689221905781718,-0.284414214782995),(-0.663768512705139,
-0.690537754884524,0.287348169683138),(-0.65338895524667,0.701152030556892,
-0.285427229268009),(0.,0.,-1.),(0.,0.,-1.),(-0.675449499175169,-0.677135613129236,
0.291985163143793),(-0.652796675217983,0.702602675618373,-0.283206604863393),
(-0.663768620008716,-0.690537885724827,0.287347607385917),(-0.680329644233995,
-0.671371124436658,0.293959841558508),(-0.634719244232872,0.718689579293151,
-0.28393092402182),(-0.663768586440753,-0.690537730721702,0.287348057421948),
(-0.617138507517964,0.733679028198823,-0.284350393211843),(0.,0.,-1.),(-0.615731908756715,
0.735377058414026,-0.283010244509181),(-0.663768511443678,-0.690537479944251,
0.287348833316037),(-0.663768511443678,-0.690537479944251,-0.287348833316037),
(-0.615731908756715,0.735377058414026,0.283010244509181),(-0.680986411332834,
-0.670063909254213,0.295418119104076),(-0.680986414707219,-0.670063832076822,
-0.295418286378369),(-0.596694599117186,0.75094549096196,-0.282907096037342),
(-0.596694599117186,0.75094549096196,0.282907096037342),(-0.578477238440502,
0.764566774670332,-0.284256454062975),(0.,0.,-1.),(0.,0.,-1.),(0.831591126582574,
0.555313002468698,0.00914699285701767),(-0.617138507517964,0.733679028198823,
0.284350393211843),(0.,0.,1.),(-0.634719305574031,0.718689526962399,0.283930919355718),
(-0.663768561699688,-0.690537713352685,-0.28734815631351),(-0.564736000723851,
0.775241686398602,-0.282972749847546),(-0.564736000723851,0.775241686398602,
0.282972749847546),(-0.578477238440502,0.764566774670332,0.284256454062975),
(0.,0.,1.),(-0.538196274964282,0.793512849814692,-0.28404599415154),(0.,
0.,-1.),(-0.531753762877392,0.798120294126199,-0.283270068608818),(-0.531753745065454,
0.798120297699332,0.283270091977946),(-0.538196274964282,0.793512849814692,
0.28404599415154),(0.,0.,1.),(-0.517450352400514,0.807283505468833,-0.283793013653503),
(0.84555879947342,0.533882305974789,0.),(0.,0.,-1.),(-0.515098328641489,
0.808913800639954,-0.283429312113214),(0.845558901733288,0.533882144016423,
0.),(-0.515085596452452,0.80892284785415,-0.283426629918136),(0.845558779985225,
0.533882336840148,0.),(-0.515079463221194,0.808927451954218,-0.283424635560538),
(0.845558740836445,0.533882398843684,0.),(-0.515078083585602,0.808928643964748,
-0.283423740683693),(-0.515078075961047,0.808928631990405,0.283423788716469),
(0.845558946556697,0.533882073025428,0.),(-0.515079585327344,0.808927327891645,
0.283424767741096),(0.845558740836449,0.533882398843677,0.),(-0.517450296631937,
0.807283544239413,0.283793005050817),(0.,0.,1.),(0.84555879947342,0.533882305974789,
0.),(-0.515097670298743,0.808914255595421,0.28342921011659),(0.845558901733289,
0.53388214401642,0.),(-0.515085013439452,0.808923246994917,0.28342655027587),
(0.845558779985209,0.533882336840173,0.),(0.825281379190247,0.564721741357497,
0.),(-0.255830991926913,-0.923120144955579,-0.287053482032324),(0.,0.,-1.),
(0.929907652192621,-0.229571902073027,0.287347351079109),(-0.263689364611443,
-0.921724688077199,-0.284414342781449),(0.929907591318971,-0.229571648759324,
0.287347750458004),(-0.2805225432301,-0.916426937957751,-0.285427346491358),
(0.,0.,-1.),(0.,0.,-1.),(0.924141315571851,-0.246388998770682,0.291985085471688),
(-0.282077374494693,-0.916638618492967,-0.283206634607111),(0.929907594394066,
-0.229571520258794,0.28734784316975),(0.92158919387266,-0.253497287799761,
0.293960002067126),(-0.305043642978782,-0.909027826950645,-0.283930952359234),
(0.929907498312069,-0.229571585197004,0.287348102226418),(-0.326816757556688,
-0.901296681002401,-0.284350311753282),(0.,0.,-1.),(-0.3289908788967,-0.900927415078785,
-0.283010237203947),(0.929907399010893,-0.229571641560998,0.287348378550818),
(0.929907399010893,-0.229571641560998,-0.287348378550818),(-0.3289908788967,
-0.900927415078785,0.283010237203947),(0.920785184128501,-0.254720730042757,
0.295418337914096),(0.920785118977974,-0.25472077155381,-0.295418505188402),
(-0.351992662818321,-0.892224609209832,-0.282907073157302),(-0.351992662818321,
-0.892224609209832,0.282907073157302),(-0.37289721767703,-0.883258717303555,
-0.284256404248012),(0.,0.,-1.),(-0.326816757556688,-0.901296681002401,
0.284350311753282),(0.,0.,1.),(-0.305043627780775,-0.909027832342153,0.283930951425993),
(0.929907487368731,-0.229571596199734,-0.287348128850494),(-0.389012314753394,
-0.876695982015835,-0.282972744425143),(-0.389012314753394,-0.876695982015835,
0.282972744425143),(-0.37289721767703,-0.883258717303555,0.284256404248012),
(0.,0.,1.),(-0.418104611133366,-0.862847855535243,-0.284045968722053),(0.,
0.,-1.),(0.,0.,-1.),(-0.896710513500327,0.442522983892959,0.00914678656422855),
(-0.425316260624801,-0.859572094461877,-0.283269999948033),(-0.425316272625163,
-0.859572080822852,0.283270023317172),(-0.418104611133366,-0.862847855535243,
0.284045968722053),(0.,0.,1.),(-0.440402906260011,-0.851766880010282,-0.283792991941813),
(-0.885135106066456,0.465334120829868,0.),(0.,0.,-1.),(-0.442994176950116,
-0.850543509231849,-0.283428823678646),(-0.885135088136588,0.465334154935244,
0.),(-0.443005640149157,-0.850538262872682,-0.283426650450439),(-0.885135054914885,
0.465334218128018,0.),(-0.4430125535164,-0.850535321998384,-0.283424669815427),
(-0.885135100950963,0.465334130560533,0.),(-0.443014825899444,-0.850534531872342,
-0.283423489015962),(-0.443014819341632,-0.850534519282141,0.283423537048704),
(-0.885135449745369,0.465333467100814,0.),(-0.443012385020501,-0.850535365714963,
0.283424801996157),(-0.885135100950971,0.465334130560518,0.),(-0.440402967720491,
-0.851766851098591,0.283792983339222),(0.,0.,1.),(-0.885135106066456,0.465334120829868,
0.),(-0.442994900128019,-0.850543166562764,0.283428721681401),(-0.885135088136589,
0.465334154935243,0.),(-0.443006277325792,-0.850537957536183,0.283426570808245),
(-0.885135054914892,0.465334218128006,0.),(-0.901703835465855,0.432354244926734,
0.),(0.671527950129558,-0.683118425555918,-0.28705300705758),(0.,0.,-1.),
(0.663768538532639,0.690537560740305,0.28734857657743),(0.666390581783363,
-0.689225842330092,-0.284414012971946),(0.663768631086093,0.690537734297708,
0.287347945698385),(0.653384893188756,-0.701155865021238,-0.285427108556698),
(0.,0.,-1.),(0.,0.,-1.),(0.675448963120443,0.677136212182424,0.29198501394893),
(0.652792722453237,-0.702606446577467,-0.283206360698126),(0.663768576418238,
0.690537822077052,0.287347861033953),(0.680329396312864,0.671371406090408,
0.293959772072239),(0.63471665664223,-0.718691801491595,-0.283931083627127),
(0.663768636487292,0.690537800988551,0.287347772954128),(0.61713410210881,
-0.733682760417367,-0.284350324565851),(0.,0.,-1.),(0.615727489146466,-0.735380714408936,
-0.283010360207523),(0.663768701274183,0.690537846180533,0.287347514694551),
(0.663768660796646,0.690537804070576,-0.287347709393366),(0.615727572844639,
-0.73538064249817,0.283010364965365),(0.680987262500548,0.670063032010477,
0.295418146776626),(0.680987251587472,0.670062965068667,-0.295418323769409),
(0.596690036491335,-0.75094909389677,-0.282907155666995),(0.596690036491335,
-0.75094909389677,0.282907155666995),(0.578473263746326,-0.7645697865927,
-0.284256441545777),(0.,0.,-1.),(0.,0.,-1.),(-0.831592051633145,-0.55531162309378,
0.00914663421861732),(0.617134124766028,-0.733682752796696,0.284350295055116),
(0.,0.,1.),(0.634717068156975,-0.718691432614007,0.28393109741175),(0.663768628037957,
0.690537785694199,-0.287347829226465),(0.564732276151479,-0.775244394057031,
-0.28297276504271),(0.564732276151479,-0.775244394057031,0.28297276504271),
(0.578473263746326,-0.7645697865927,0.284256441545777),(0.,0.,1.),(0.538192746078934,
-0.793515252794313,-0.284045967496095),(0.,0.,-1.),(0.531750289636021,-0.798122702823786,
-0.283269801972011),(0.531750271824115,-0.798122706396829,0.283269825341106),
(0.538192746078934,-0.793515252794313,0.284045967496095),(0.,0.,1.),(0.517446668702372,
-0.807285876776006,-0.283792984773784),(-0.845558806293418,-0.533882295172887,
0.),(0.,0.,-1.),(0.515093551546378,-0.808916911114,-0.283429116480866),
(-0.845558724561596,-0.53388242461953,0.),(0.515081936632016,-0.808925160618405,
-0.283426680243585),(-0.845558717302932,-0.533882436115868,0.),(0.515077109338413,
-0.808928830949173,-0.283424977542187),(-0.845558813523032,-0.533882283723193,
0.),(0.515073827030486,-0.80893166684756,-0.283422848548589),(0.515073819406041,
-0.808931654873248,0.283422896581241),(-0.845559361565101,-0.533881415737258,
0.),(0.515077231446122,-0.808928706886007,0.283425109723063),(-0.845558813523049,
-0.533882283723164,0.),(0.517446612933585,-0.807285915546366,0.283792976171059),
(0.,0.,1.),(-0.845558806293418,-0.533882295172887,0.),(0.515092893192634,
-0.808917366071502,0.283429014482261),(-0.845558724561595,-0.533882424619532,
0.),(0.515081353612294,-0.808925559760014,0.283426600600358),(-0.84555871730295,
-0.533882436115839,0.),(-0.825281633349844,-0.564721369929821,0.),(0.927362330513223,
0.239999272180346,-0.287053056590568),(0.,0.,-1.),(-0.266138927227875,0.920109454677124,
0.287347634108517),(0.930082496047894,0.232497368450804,-0.284414353028765),
(-0.26613890235126,0.920109440881694,0.287347701323055),(0.933911451530903,
0.215268978184426,-0.285427167121273),(0.,0.,-1.),(0.,0.,-1.),(-0.248691059038954,
0.923524559332493,0.291984837729305),(0.934872127355239,0.214028283292611,
-0.283206637360617),(-0.266138848995744,0.920109348621447,0.287348046164642),
(-0.241261103321585,0.924868058058557,0.293959444833884),(0.939764505995556,
0.190331421685843,-0.283930666166891),(-0.266138883307909,0.920109407182298,
0.287347826868864),(0.943955114365533,0.167611648306115,-0.284350272402299),
(0.,0.,-1.),(0.944722068257001,0.165546200602113,-0.283010016102644),(-0.266138947968542,
0.920109491891736,0.287347495734571),(-0.266138931739022,0.920109435782189,
-0.287347690433375),(0.944722047829528,0.165546309041618,0.283010020860536),
(-0.239798691131496,0.924783592568155,0.295418169123631),(-0.239798638614651,
0.924783549646322,-0.29541834611633),(0.948685955226956,0.141274838624814,
-0.282907013569214),(0.948685955226956,0.141274838624814,0.282907013569214),
(0.951373688220397,0.118686028913499,-0.284256454460867),(0.,0.,-1.),(0.,
0.,-1.),(0.0651193353186277,-0.997835560950863,0.00914688305030041),(0.943955119094447,
0.167611671738166,0.284350242891625),(0.,0.,1.),(0.939764392297994,0.190331962503781,
0.283930679952417),(-0.266138874287284,0.920109392217838,-0.287347883141007),
(0.953747768827113,0.101447819257642,-0.282972672576652),(0.953747768827113,
0.101447819257642,0.282972672576652),(0.951373688220397,0.118686028913499,
0.284256454460867),(0.,0.,1.),(0.956300895599222,0.0693294763180091,-0.284045807555041),
(0.,0.,-1.),(0.957069726559232,0.0614462439254751,-0.283270008315897),(0.957069720747598,
0.0614462267133354,0.283270031684979),(0.956300895599222,0.0693294763180091,
0.284045807555041),(0.,0.,1.),(0.957853550251999,0.0444783386681405,-0.283792624391411),
(0.0395762863892065,-0.999216551882324,0.),(0.,0.,-1.),(0.958089465449948,
0.0416254742169794,-0.283428820147217),(0.0395762866827527,-0.999216551870697,
0.),(0.958090783110645,0.0416115209247677,-0.283426414867703),(0.0395762749557938,
-0.999216552335189,0.),(0.958091577079347,0.0416049365436018,-0.283424697556182),
(0.0395762665268698,-0.999216552669031,0.),(0.958091841307832,0.0416035549428211,
-0.28342400716151),(0.958091827125442,0.0416035543269742,0.283424055194323),
(0.0395758341803839,-0.999216569793019,0.),(0.958091530691554,0.0416051043224583,
0.283424829736974),(0.0395762665268682,-0.999216552669031,0.),(0.957853555943677,
0.0444782709858689,0.283792615788645),(0.,0.,1.),(0.0395762863892065,-0.999216551882324,
0.),(0.958089530277023,0.041624676596738,0.283428718149325),(0.0395762866827533,
-0.999216551870697,0.),(0.958090837267139,0.0416108164510467,0.283426335224923),
(0.039576274955812,-0.999216552335188,0.),(0.0764244867111673,-0.997075372191558,
0.),(-0.933909648873516,-0.215276989680846,0.285427022993443),(0.,0.,1.),
(0.,0.,1.),(0.248691660677882,-0.923524343981173,-0.291985006435983),(0.,
0.,1.),(-0.0651181170117351,0.997835642478897,-0.00914666253735564),(-0.934870313378736,
-0.214036487906651,0.283206424728908),(0.266138988033044,-0.920109311112929,
-0.287348037494671),(0.241259811088893,-0.924868292965211,-0.293959766330308),
(-0.930080453250935,-0.232505844354819,0.284414104469853),(0.266138897876247,
-0.92010943987318,-0.287347708697112),(-0.927360129509694,-0.240008013867146,
0.287052858329805),(0.266138712323642,-0.920109593742405,-0.287347387852927),
(0.,0.,1.),(0.,0.,1.),(-0.653388959873167,0.701152032919384,0.28542721287375),
(0.,0.,1.),(-0.675449522394545,-0.677135617894342,-0.291985098379744),(0.,
0.,1.),(0.83159112565853,0.555313003880596,-0.00914699114945621),(-0.652797493167828,
0.702601951032174,0.283206517085293),(-0.663768589742812,-0.690537896172694,
-0.287347652191954),(-0.680329605088197,-0.671371200820222,-0.293959757704608),
(-0.666394346793549,0.689222165419929,0.284414101716957),(-0.663768532726454,
-0.690537791400596,-0.287348035681048),(-0.6715314889347,0.683114952575648,
0.287052993255106),(-0.66376856875823,-0.690537769908635,-0.287348004096531),
(0.,0.,1.),(0.,0.,1.),(-0.280522543176653,-0.916426938995327,0.285427343212521),
(0.,0.,1.),(0.924141331308083,-0.246389016496928,-0.291985020707914),(-0.282077167197169,
-0.91663868770868,0.283206617051455),(0.929907587333615,-0.229571549089882,
-0.287347842984503),(0.921589239107034,-0.253497220774902,-0.293959918052646),
(-0.263689431610186,-0.921724675887726,0.284414320168244),(0.929907599107771,
-0.229571670631101,-0.287347707777993),(-0.255830991926913,-0.923120144955579,
0.287053482032324),(0.929907652192621,-0.229571902073027,-0.287347351079109),
(0.,0.,1.),(0.,0.,1.),(-0.896710514261044,0.442522982386768,-0.00914678485670364),
(0.653384916743763,-0.701155873896003,0.285427032834801),(0.,0.,1.),(0.,
0.,1.),(0.675448977800158,0.677136232193912,-0.291984933582118),(0.,0.,
1.),(-0.831592050709177,-0.555311624505567,-0.00914663251113905),(0.652792476201661,
-0.702606690624987,0.283206322852277),(0.663768612166788,0.690537817889491,
-0.287347788518715),(0.680329349522025,0.671371493992407,-0.293959679604773),
(0.666390736806661,-0.689225706667396,0.284413978501594),(0.663768645880064,
0.690537731272592,-0.287347918794356),(0.671527971958923,-0.683118447762054,
0.287052903144869),(0.663768560154226,0.690537583233866,-0.28734847257697),
(0.,0.,1.),(0.,0.,1.),(0.933911470994188,0.215268994146237,0.28542709139943),
(0.,0.,1.),(-0.248691069029342,0.923524582051249,-0.291984757362623),(0.,
0.,1.),(0.0651193370033745,-0.997835560856568,-0.0091468813427597),(0.934872215579387,
0.214027948010039,0.28320659951403),(-0.266138827495267,0.920109377486696,
-0.287347973649528),(-0.241261202841994,0.924868061487347,-0.293959352366735),
(0.930082456072561,0.232497570535401,0.284414318558629),(-0.2661388923345,
0.920109452180975,-0.287347674419321),(0.927362360659009,0.239999279982008,
0.287052952677843),(-0.266138935897024,0.92010948464856,-0.287347530108336),
(0.,0.,1.),(0.351994270806051,0.892223954135902,0.282907138449725),(0.351994270806052,
0.892223954135902,-0.282907138449725),(0.328992423892504,0.900926815451351,
0.283010350026324),(0.328992528018152,0.900926778922295,-0.283010345268372),
(-0.929907709193081,0.229571738343667,0.287347297424465),(-0.929907652486103,
0.229571724344085,-0.287347492123158),(0.326819415456912,0.901295728021536,
0.284350277528494),(0.,0.,1.),(0.326819433385235,0.901295712210199,-0.284350307039158),
(0.,0.,-1.),(0.372899008451617,0.8832579463804,0.284256450501443),(0.,0.,
1.),(0.389014290638746,0.876695110118896,0.28297272937944),(0.389014290638746,
0.876695110118896,-0.28297272937944),(0.372899008451617,0.8832579463804,
-0.284256450501443),(0.,0.,-1.),(0.305045173925962,0.90902727319212,0.283931080470911),
(-0.929907579600662,0.229571762309316,-0.287347697661619),(-0.920785717493417,
0.254719246937106,-0.295417954261292),(-0.920785780923056,0.254719222917035,
0.295417777268837),(0.305045699137866,0.909027101250667,-0.283931066685737),
(-0.92990759707058,0.229571761979459,0.287347641389426),(0.280524639556117,
0.916426390902482,0.285427042620985),(0.,0.,1.),(0.,0.,1.),(-0.92414154348193,
0.246388669794189,-0.291984641732894),(0.282078851407811,0.91663824346661,
0.283206377405062),(-0.929907470222481,0.22957179672848,-0.287348024129771),
(-0.921589797517527,0.253495731991442,-0.293959451240688),(0.263688836012801,
0.92172490514866,0.284414129379866),(-0.929907531098052,0.229571766314756,
-0.287347851424453),(0.255831545984327,0.923120154912731,0.287052956217428),
(-0.929907660906305,0.229571800377578,-0.287347404128106),(0.,0.,1.),(0.,
0.,1.),(0.41810739892824,0.862846514879675,0.284045937695754),(0.,0.,1.),
(0.896710567380345,-0.442522872791998,-0.00914687948623654),(0.425318636281034,
0.859570953468287,0.283269895304217),(0.425318624280699,0.859570967107327,
-0.283269871935136),(0.41810739892824,0.862846514879675,-0.284045937695754),
(0.,0.,-1.),(0.440406061860239,0.851765254101108,0.283792974865183),(0.,
0.,1.),(0.885135131400874,-0.465334072640013,0.),(0.442992708248151,0.850544069749676,
0.283429437166689),(0.885135015541728,-0.465334293021605,0.),(0.443009485922865,
0.850536377172728,0.283426298159239),(0.88513505217307,-0.465334223343369,
0.),(0.443014150957907,0.85053441703084,0.283424888633751),(0.885135191021967,
-0.465333959231959,0.),(0.44301732438097,0.850533313603374,0.28342323960676),
(0.885136477003997,-0.465331513092496,0.),(0.443017330938806,0.85053332619353,
-0.283423191574061),(0.443014319451913,0.850534373314852,-0.283424756453048),
(0.885135191021944,-0.465333959232003,0.),(0.440406000399656,0.851765283013067,
-0.283792983467963),(0.885135131400874,-0.465334072640013,0.),(0.,0.,-1.),
(0.442991985075193,0.850544412413962,-0.283429539163665),(0.88513501554173,
-0.465334293021601,0.),(0.443008848753246,0.850536682508278,-0.283426377802306),
(0.885135052173072,-0.465334223343365,0.),(0.901703588366919,-0.432354760267795,
0.),(0.255831537668005,0.923120124904846,-0.287053060130154),(0.,0.,-1.),
(-0.929907630615732,0.229571792899565,0.28734750812825),(0.263689031010174,
0.921724838727004,-0.284414163850175),(-0.929907526321006,0.229571751990402,
0.287347878328003),(0.28052464364789,0.9164263660659,-0.285427118342797),
(0.,0.,-1.),(0.,0.,-1.),(-0.924141518811736,0.246388667086775,0.291984722099532),
(0.282078516932894,0.916638334702068,-0.283206415251417),(-0.929907455974643,
0.229571763676153,0.287348096644796),(-0.92158974478785,0.253495816464344,
0.293959543707874),(0.,0.,-1.),(0.896710566619644,-0.442522874298159,0.0091468811937816),
(0.917154257576928,-0.39771224259777,0.0255546452991585),(0.,0.,-1.),(0.932879620318258,
-0.357873479856789,0.040769920407758),(0.917154238883178,-0.397712286511472,
-0.0255546327783172),(0.940952843963614,-0.338537657339309,0.),(0.,0.,1.),
(0.932889060826627,-0.357851597563363,-0.0407459729465703),(0.114150325023098,
-0.993134752360819,0.02555517462933),(0.,0.,-1.),(0.156513127490985,-0.98683404550418,
0.0407701797499733),(0.11415027764732,-0.993134758128341,-0.0255551621086959),
(0.177295781843547,-0.984157612245358,0.),(0.,0.,1.),(0.156536839255177,
-0.986831275284874,-0.0407461909339786),(-0.803004641560894,-0.595424611311145,
0.0255553884069711),(0.,0.,-1.),(-0.776367367351053,-0.628960668649387,
0.0407699424148574),(-0.803004670249859,-0.595424573157981,-0.0255553758835844),
(-0.763657549384329,-0.645621520140338,0.),(0.,0.,1.),(-0.776353078114902,
-0.628979864596112,-0.0407458959181529),(-0.917155326370229,0.39770972686684,
0.0255554390731499),(0.,0.,-1.),(-0.932880195412441,0.357871912000758,0.0407705237661694),
(-0.917155307671877,0.397709770791754,-0.0255554265484893),(-0.940953271024997,
0.338536470335707,0.),(0.,0.,1.),(-0.932889661092039,0.357849971292608,
-0.0407465124085564),(0.803004821246477,0.595424378504313,0.0255551665552217),
(0.,0.,-1.),(0.776366203883251,0.628962068385395,0.0407705040473553),(0.803004849933755,
0.595424340353375,-0.0255551540323381),(0.763658340731418,0.645620584113717,
0.),(0.,0.,1.),(0.776351952842664,0.628981212974417,-0.0407465218468196),
(0.,0.,-1.),(-0.499998317687743,-0.866026375065694,0.),(0.500001628285019,
-0.866024463691604,0.),(0.,0.,-1.),(0.837690477705459,0.464734349269326,
0.286873923825111),(0.,0.,-1.),(-0.999999999998193,-1.90089556317268E-6,
0.),(-0.499998317687743,-0.866026375065694,0.),(0.,0.,-1.),(0.810830665324983,
0.510078361968946,0.287008182496113),(-0.499998317687743,-0.866026375065694,
0.),(0.,0.,1.),(0.500001628285019,-0.866024463691604,0.),(0.500001628285019,
-0.866024463691604,0.),(0.,0.,-1.),(0.999999999998193,1.90089556460346E-6,
0.),(0.,0.,-1.),(-0.0363256562883816,0.957239142103959,0.287008138419967),
(0.500001628285019,-0.866024463691604,0.),(0.,0.,1.),(0.999999999998193,
1.90089556460346E-6,0.),(0.,0.,-1.),(0.0163731834437737,0.957828430760328,
0.286873867912581),(0.,0.,-1.),(0.069026181115678,0.95551205828205,0.286761386518803),
(0.,0.,-1.),(0.121472971722336,0.950296893265151,0.286670772475231),(0.,
0.,-1.),(-0.3395356457697,0.860875009740725,0.378958787806351),(0.,0.,-1.),
(0.811150565291082,0.512031239433396,0.282592940945555),(0.,0.,-1.),(-0.254499945729584,
0.892849826796769,0.371549410459252),(0.,0.,-1.),(-0.167627341243446,0.91753464164244,
0.360598469011909),(0.,0.,-1.),(-0.0800399166808952,0.934621043313248,0.346521452631395),
(0.,0.,-1.),(0.00724644420861509,0.943830331320375,0.330351017443571),(0.,
0.,-1.),(0.0943480354743394,0.945456839600732,0.311784882016959),(0.,0.,
-1.),(0.144649664743507,0.944924109964754,0.293589681182615),(0.,0.,-1.),
(0.862010732026414,0.417977685867256,0.286761489723321),(0.856979084401743,
0.427486004983905,0.287823842724768),(0.856979084401743,0.427486004983905,
-0.287823842724768),(0.833701437754185,0.4713554827679,0.287690669906489),
(0.833701437754185,0.4713554827679,-0.287690669906489),(0.,0.,-1.),(0.883717578338664,
0.369950078397849,0.286670858701528),(0.,0.,-1.),(0.890652781768372,0.347192488714501,
0.293589846739447),(0.,0.,-1.),(0.847156125259899,-0.447160909889315,0.287008048844617),
(0.,0.,-1.),(-0.500001668458619,0.866024440497263,0.),(-0.999999999998193,
-1.90089556317268E-6,0.),(-0.999999999998193,-1.90089556317268E-6,0.),(0.,
0.,1.),(-0.499998317687743,-0.866026375065694,0.),(0.,0.,-1.),(0.849006941076802,
-0.446462231526147,0.282592798606237),(0.,0.,-1.),(0.865963637233792,0.391020503642284,
0.311785093806867),(0.,0.,-1.),(0.821003965285846,0.465639719801336,0.33035154052653),
(0.,0.,-1.),(0.769385520470158,0.536627139625466,0.346521621126668),(0.,
0.,-1.),(0.710796008206838,0.603935472880221,0.360598085566422),(0.,0.,
-1.),(0.64598176253042,0.666827425810094,0.37154911743345),(0.,0.,-1.),
(0.575772689996189,0.724483657922775,0.378958096439946),(0.,0.,-1.),(0.500884078437812,
0.776077394464685,0.383169698395384),(0.877956842342536,0.382473664317512,
0.287933462951875),(0.877956842342536,0.382473664317512,-0.287933462951875),
(0.896579437093669,0.336437335145397,0.288019500209731),(0.896579437093669,
0.336437335145397,-0.288019500209731),(0.,0.,-1.),(-0.922544577698049,0.0457389505656852,
0.383170263148224),(0.,0.,-1.),(0.999999999998193,1.90089556460346E-6,0.),
(0.499998326675307,0.866026369876745,0.),(0.,0.,-1.),(-0.847155990264105,
0.447161071380323,0.287008195704662),(0.999999999998193,1.90089556460346E-6,
0.),(0.,0.,1.),(0.499998326675307,0.866026369876745,0.),(0.,0.,-1.),(-0.821317121549243,
0.493093853671998,0.286873904914625),(0.,0.,-1.),(-0.792984711911053,0.537534274072457,
0.286761487778155),(0.,0.,-1.),(-0.762244728893599,0.580347121314425,0.2866708775861),
(0.,0.,-1.),(-0.746003801288375,0.597731765292561,0.293589961040109),(0.,
0.,-1.),(-0.771615399036621,0.55443654516725,0.311784851063292),(0.,0.,
-1.),(-0.813757425426762,0.478191533090472,0.330350889575602),(0.,0.,-1.),
(-0.849425775414258,0.397993086061136,0.346521796586333),(0.,0.,-1.),(-0.878421527417681,
0.31359907592138,0.36059844668335),(0.,0.,-1.),(-0.900480304893423,0.226022854748444,
0.371549309823624),(0.,0.,-1.),(-0.915307385423565,0.136392503462575,0.378958408256485),
(0.00864437427967412,0.95768438241978,0.28769062977886),(0.00864437427967411,
0.95768438241978,-0.28769062977886),(0.,0.,-1.),(-0.0378558066714311,0.958492744646374,
0.282592633239999),(0.000233370087701924,0.959727090417063,0.280933902293763),
(0.000233412325396039,0.959727075962707,-0.280933951637675),(0.0582755392697126,
0.955908692541171,0.287823788188283),(0.0582755392697126,0.955908692541171,
-0.287823788188283),(0.107747025720901,0.951569733055438,0.287933363091362),
(0.107747025720901,0.951569733055438,-0.287933363091362),(0.,0.,-1.),(-0.849008143557546,
0.446459722005995,0.282593150658855),(0.,0.,-1.),(0.499998326675307,0.866026369876745,
0.),(-0.500001668458619,0.866024440497263,0.),(0.,0.,-1.),(-0.837690336908295,
-0.464734585756186,0.286873951854282),(0.499998326675307,0.866026369876745,
0.),(0.,0.,1.),(-0.500001668458619,0.866024440497263,0.),(0.,0.,-1.),(-0.862010737783881,
-0.417977694863301,0.286761459303809),(0.,0.,-1.),(-0.883717690882449,-0.369949810915867,
0.286670856950452),(0.,0.,-1.),(-0.890652888044226,-0.347192154273281,0.293589919836424),
(0.,0.,-1.),(-0.865963381780852,-0.391020912339895,0.311785290749174),(0.,
0.,-1.),(-0.821004891882217,-0.465638401087722,0.330351096468498),(0.,0.,
-1.),(-0.769386153494462,-0.536626321923531,0.346521481916806),(0.,0.,-1.),
(-0.710794172459031,-0.603937455682341,0.360598383277326),(0.,0.,-1.),(-0.645981903514651,
-0.66682739903937,0.371548920361743),(0.,0.,-1.),(-0.575772792514023,-0.724483408312809,
0.37895841787729),(0.,0.,-1.),(-0.500883249788526,-0.776077621773018,0.383170321220762),
(-0.825056768557636,0.486328493742237,0.28769067560774),(-0.825056768557636,
0.486328493742237,-0.287690675607739),(-0.831030460192404,0.480067561736535,
0.280933284608179),(-0.831030426555907,0.480067591088002,-0.280933333951794),
(-0.798703302917651,0.528422627693892,0.287823835791126),(-0.798703302917651,
0.528422627693892,-0.287823835791126),(-0.770210083962242,0.569096424888989,
0.287933474506609),(-0.770210083962241,0.569096424888989,-0.287933474506609),
(0.,0.,-1.),(-0.810830650661872,-0.510078387931197,0.28700817778028),(0.,
0.,-1.),(0.0363251272968776,-0.95723917971669,0.28700807992491),(-0.500001668458619,
0.866024440497263,0.),(0.,0.,1.),(-0.999999999998193,-1.90089556317268E-6,
0.),(0.,0.,-1.),(-0.0163732398086577,-0.957828436582234,0.286873845257113),
(0.,0.,-1.),(-0.0690260721358597,-0.955512057516915,0.286761415300747),
(0.,0.,-1.),(-0.12147304089149,-0.95029688725883,0.286670763076309),(0.,
0.,-1.),(-0.144649280889671,-0.94492416400547,0.293589696373466),(0.,0.,
-1.),(-0.0943482564903865,-0.94545683955066,0.311784815287887),(0.,0.,-1.),
(-0.00724642923652787,-0.943830256095936,0.330351232692115),(0.,0.,-1.),
(0.080039924951011,-0.934620938795168,0.346521732622176),(0.,0.,-1.),(0.167627413661783,
-0.917534610473175,0.36059851465709),(0.,0.,-1.),(0.254498386681616,-0.892850284051826,
0.371549379551398),(0.,0.,-1.),(0.339533908220549,-0.860875848664752,0.378958438821757),
(0.,0.,-1.),(-0.81115029228428,-0.512031749647741,0.282592800120242),(-0.856978827826699,
-0.427486499745266,0.287823871824971),(-0.856978827826699,-0.427486499745266,
-0.287823871824972),(-0.833701411236155,-0.471355533234469,0.287690664068358),
(-0.833701411236155,-0.471355533234469,-0.287690664068358),(-0.877957071893205,
-0.382473152072939,0.287933443448481),(-0.877957071893205,-0.382473152072939,
-0.287933443448481),(-0.896579444930263,-0.336437329793336,0.288019482066875),
(-0.896579444930263,-0.336437329793336,-0.288019482066875),(0.,0.,-1.),
(0.922544586819871,-0.0457397047073207,0.383170151163475),(0.,0.,-1.),(0.821317346043045,
-0.493093484364586,0.286873896975661),(0.,0.,-1.),(0.79298455560172,-0.537534507836934,
0.286761481830542),(0.,0.,-1.),(0.762244974174388,-0.580346797820037,0.286670880289429),
(0.,0.,-1.),(0.746003393466379,-0.597732471397523,0.293589559715014),(0.,
0.,-1.),(0.77161564028196,-0.554436237955576,0.311784800325367),(0.,0.,
-1.),(0.813757614071686,-0.478190992871752,0.330351206864278),(0.,0.,-1.),
(0.849425139401464,-0.397994689554945,0.346521513962505),(0.,0.,-1.),(0.878422212636656,
-0.313596945724211,0.360598630029244),(0.,0.,-1.),(0.900480338261612,-0.226022116228777,
0.371549678212374),(0.,0.,-1.),(0.915307214044978,-0.136393102221483,0.378958606688937),
(-0.00864507766831112,-0.957684399545887,0.28769055163238),(-0.00864507766831112,
-0.957684399545887,-0.28769055163238),(0.,0.,-1.),(0.0378575541787358,-0.958492593503395,
0.282592911784317),(-0.000233215948723598,-0.959727142957773,0.280933722931997),
(-0.000233258186345415,-0.95972712850346,-0.280933772275819),(-0.0582755007223692,
-0.95590869631707,0.28782378345258),(-0.0582755007223692,-0.95590869631707,
-0.28782378345258),(-0.107747062813055,-0.951569724000629,0.287933379135741),
(-0.107747062813055,-0.951569724000629,-0.287933379135741),(0.825056647955855,
-0.486328760885087,0.28769056988338),(0.825056647955855,-0.486328760885087,
-0.28769056988338),(0.831030794050059,-0.480066946755537,0.280933347919654),
(0.831030760413517,-0.480066976107089,-0.280933397263351),(0.798703147219606,
-0.528422865503512,0.287823831248481),(0.798703147219606,-0.528422865503512,
-0.287823831248481),(0.770210146164389,-0.569096351391785,0.287933453384613),
(0.770210146164389,-0.569096351391785,-0.287933453384613),(0.,0.,-1.),(-0.901967417150664,
0.303300721777989,0.307349069573198),(0.,0.,-1.),(0.969132580518006,-0.231696478981259,
0.0842542758926643),(0.967461291016554,-0.23962847599244,0.0812209571362115),
(0.944698396593157,-0.323743624078432,0.0522972785418277),(0.,0.,-1.),(-0.864274683466659,
0.382043829794067,0.327218250766807),(-0.892805416360129,0.324930741377903,
0.311959134864846),(0.,0.,-1.),(0.986885337891814,-0.0997750056773475,0.126894752043754),
(0.982653094572728,-0.148229190316045,0.111449553004443),(0.,0.,-1.),(-0.819373487146941,
0.458379356059732,0.344260736214468),(-0.85145710210552,0.405901721539691,
0.332061132512049),(0.,0.,-1.),(-0.767853508094587,0.530978614470041,0.358416937493629),
(0.,0.,-1.),(0.985383967818081,0.0345497651740711,0.16680752289244),(0.988507894874278,
-0.0553899327531012,0.14065595302308),(-0.7757187625158,0.520659236765109,
0.356615143610209),(-0.812939969881497,0.468222447434701,0.346260516211897),
(0.,0.,-1.),(-0.709346977186062,0.600028820849965,0.369854403929974),(-0.734833072520732,
0.571453573885005,0.365323375140157),(0.,0.,-1.),(0.964217087539187,0.169181996854583,
0.204114820720456),(0.969559027342119,0.14474905898887,0.197491778110486),
(0.984721435925763,0.0416941505745846,0.169071852879678),(0.,0.,-1.),(-0.645241130918709,
0.663986731239684,0.377869691439238),(-0.690850118051983,0.619459485854007,
0.372821753352793),(0.,0.,-1.),(0.923294663397965,0.301772668058787,0.237613596735373),
(0.942561950706907,0.247344856692684,0.224493855032308),(0.,0.,-1.),(-0.575390156304198,
0.722568703016504,0.383171811918985),(-0.595299477172614,0.706564085650433,
0.382603875237797),(-0.644392141503026,0.664356888409249,0.378666994590664),
(0.,0.,-1.),(0.86316450255825,0.429267722802208,0.265850077456404),(0.904673920133665,
0.345969031826386,0.248737868542568),(0.,0.,-1.),(-0.500279635399901,0.775632276147184,
0.384856932642354),(-0.543253752874158,0.746077016699583,0.385025252601427),
(0.860507549887113,0.43300915860723,0.268383727430589),(0.,0.,-1.),(-0.421659949555464,
0.821817066048051,0.383170454097204),(-0.486544638235985,0.783696783659086,
0.386126490008415),(0.831265304951614,0.479660692051361,0.2809334677188),
(0.831265313552551,0.47966064824548,-0.280933517062499),(-0.356991752338999,
0.852519331325723,0.381795335851385),(-0.423516553548913,0.819919735472749,
0.385182237716575),(-0.289704909891708,0.879995553272796,0.376402565619235),
(-0.221200044496464,0.902615142747008,0.36926473484285),(-0.151100986902536,
0.920508201367846,0.360323664184873),(-0.00975391313209534,0.941588418487911,
0.336624585180653),(-0.0803121311462549,0.933485665541344,0.349506042608109),
(0.0609203421436358,0.944848699956507,0.321791308309594),(0.127525924487606,
0.943821819885723,0.304856541493181),(0.156926798082883,0.944679206904537,
0.288019402272952),(0.156926798082883,0.944679206904537,-0.288019402272952),
(0.205704396723351,0.935251656497868,0.288079919790802),(0.205704369500382,
0.935251650383194,-0.288079959080743),(0.189894597197338,0.937321991046112,
0.292177218579089),(0.881137158364907,0.361469003154746,0.304856470994024),
(0.91280372076363,0.289481102413482,0.288079951932704),(0.912803701856676,
0.289481122931914,-0.288079991222623),(0.906691640182101,0.304207957610904,
0.292177665385453),(0.848723899459797,0.419664400952526,0.32179113266048),
(0.81056254016142,0.479241349149634,0.336624564986433),(0.721631670179771,
0.591112750537569,0.360324088489051),(0.768265573482987,0.536295876532526,
0.34950642542744),(0.671088630875888,0.642871515813753,0.369264490121178),
(0.6172443209917,0.690891111269023,0.376402604365259),(0.559807050197885,
0.735424064786537,0.381795117152629),(0.,0.,-1.),(0.421577068159561,0.821071381288973,
0.384856547859338),(0.435428802095945,0.813208581041794,0.386126354999606),
(0.498314655851244,0.776735071800052,0.385181946616952),(0.,0.,-1.),(0.803339360567747,
-0.532887927929779,0.265850198475213),(0.805250910982331,-0.528716451378559,
0.268383837821486),(0.,0.,-1.),(0.338068647335708,0.859586728743552,0.383171300408268),
(0.37449452204391,0.843510234237848,0.385025113070711),(0.,0.,-1.),(0.722990683670705,
-0.648709611702111,0.237613785396941),(0.751955714552515,-0.610485020495462,
0.248738101428938),(0.,0.,-1.),(0.252407540515079,0.890789252803327,0.377868946304429),
(0.314252547631223,0.868826623829955,0.382603755903581),(0.,0.,-1.),(0.628624150655538,
-0.750445791571102,0.204114651913639),(0.685487831557459,-0.69261023832839,
0.22449385414604),(0.,0.,-1.),(0.164964429920989,0.914327494021646,0.369853985427951),
(0.191042884072089,0.908023446883338,0.372821721946993),(0.253153480956449,
0.890238557483693,0.378666906197235),(0.,0.,-1.),(0.0759143847156262,0.93046976357029,
0.358417389749293),(0.,0.,-1.),(0.522611322097394,-0.836093782357789,0.166807053562672),
(0.610136897735142,-0.767287260748938,0.197492342926319),(0.127479986154314,
0.922110276151537,0.365323817654738),(0.,0.,-1.),(-0.0127179827777479,0.938787794946172,
0.344261134858655),(0.0630455206906188,0.932121640981622,0.356615351232356),
(0.,0.,-1.),(0.407034125989903,-0.904555685157658,0.126894573282691),(0.446281858441476,
-0.88376959737755,0.140654902428412),(0.528468744010748,-0.831946815109521,
0.169071829211219),(0.,0.,-1.),(-0.101278134482559,0.939505678135651,0.327218306680118),
(-0.0742081252563994,0.940334286912262,0.332061113355868),(-0.00097886148265601,
0.938137913062504,0.346260448080528),(0.,0.,-1.),(0.283912251771185,-0.955141344166152,
0.0842546494781875),(0.362954455005081,-0.925117944120121,0.111448880922715),
(0.,0.,-1.),(-0.188316809915925,0.932777144293278,0.307349277186666),(-0.165004861729506,
0.935657490948347,0.311959060195196),(0.276205901836302,-0.95766044378154,
0.0812205282360289),(0.191979716681009,-0.980004487055149,0.0522971675605238),
(0.739653078531577,-0.608241796335475,0.288019514285674),(0.739653078531577,
-0.608241796335475,-0.288019514285674),(0.753610817958155,-0.58235139570159,
0.304856666289013),(0.707099728083128,-0.645770781420267,0.288079975716159),
(0.707099736399141,-0.645770754787145,-0.288080015006087),(0.71679792078175,
-0.633113732567328,0.292177587089813),(0.787801798828683,-0.525184640868384,
0.321790955059706),(0.820315141806294,-0.462349887874305,0.336623898893019),
(0.872734569169088,-0.329394818431724,0.360324056048965),(0.848578905464318,
-0.397189121061317,0.349506285081568),(0.892287161625493,-0.259744770240086,
0.369264506189325),(0.906951169047466,-0.189104581394129,0.376402755382032),
(0.916799447858064,-0.117094441082752,0.381795317250837),(0.,0.,-1.),(0.921857184593783,
0.0454393004590644,0.384856598211094),(0.921973620026811,0.0295130422647141,
0.386126435654098),(0.921829683168837,-0.043184084522591,0.385181996039257),
(0.,0.,-1.),(-0.0598253446612528,-0.96215630125331,0.265849920245827),(0.,
0.,-1.),(0.913458324553681,0.137017223290233,0.383171201717218),(0.917748445039481,
0.0974337797028939,0.385025259171944),(-0.0552569376283998,-0.96172597689286,
0.268383710782538),(0.,0.,-1.),(-0.200306022333609,-0.950482736046268,0.237613269610282),
(-0.15271751524752,-0.95645523257398,0.248738313531467),(0.,0.,-1.),(0.897649980040086,
0.226802843173231,0.377869003310104),(0.909552400976063,0.162261095370496,
0.38260392942029),(0.,0.,-1.),(0.874313581190493,0.31429878142503,0.369854076279545),
(0.,0.,-1.),(-0.335592872072411,-0.919627388824438,0.204114893964493),(-0.257072835784393,
-0.939955236548716,0.224494343773774),(0.881892845643298,0.288563713766562,
0.3728216623272),(0.897545943606345,0.225881783082737,0.378667003034538),
(0.,0.,-1.),(0.843767359342036,0.399492101206726,0.358416942097332),(0.862310660789341,
0.350655148285459,0.365323543273564),(0.,0.,-1.),(-0.462768720757094,-0.870643497969946,
0.166808304743799),(-0.359422540743571,-0.912037440295917,0.197492138334434),
(0.,0.,-1.),(0.806654546354844,0.480409213817459,0.344260700813136),(0.83876365537868,
0.411462129383539,0.356615263973599),(0.,0.,-1.),(-0.579850965474239,-0.8047798643857,
0.126894553539253),(-0.542223278714897,-0.828377895209161,0.1406555322357),
(-0.456251720437311,-0.873641239306328,0.169072033705452),(0.,0.,-1.),(0.762997321252255,
0.557461388441459,0.327218410482669),(0.777248953270064,0.534433847686423,
0.332061029161321),(0.811961788330272,0.469916729560941,0.346260482253254),
(0.,0.,-1.),(-0.685220235766773,-0.723446170169856,0.0842547764954374),
(-0.619698288516063,-0.776886872364189,0.111448727038269),(0.,0.,-1.),(0.713649512854,
0.629476627913945,0.307349227611421),(0.727801951492585,0.610725465759822,
0.311959492364045),(-0.691256395561644,-0.718030559824277,0.0812201376110574),
(-0.752716963235053,-0.65626371328766,0.0522982971050944),(-0.156927246829095,
-0.944679122172086,0.288019435689358),(-0.156927246829095,-0.944679122172086,
-0.288019435689358),(-0.127525891637953,-0.943821814672674,0.304856571374024),
(-0.205704513859851,-0.935251565673116,0.288080131011612),(-0.205704486636855,
-0.935251559558428,-0.288080170301595),(-0.189893989010586,-0.937322043338632,
0.29217744609935),(-0.0609225556739461,-0.944848678497147,0.321790952253711),
(0.00975187067795346,-0.941588525796056,0.336624344199125),(0.151102880699746,
-0.920507757813747,0.36032400315403),(0.0803139345225836,-0.933485354000286,
0.349506460295746),(0.221198827728208,-0.902615497149564,0.369264597432669),
(0.289705069263359,-0.879995490033424,0.376402590803977),(0.,0.,-1.),(0.42166101195646,
-0.821816644450506,0.383170189210962),(0.356992840760878,-0.852518903482441,
0.381795273478568),(0.,0.,-1.),(0.50027991864987,-0.775632128394122,0.384856862220858),
(0.,0.,-1.),(-0.863163869063139,-0.429268968522928,0.265850122827156),(-0.860506842728541,
-0.43301043946574,0.268383928227909),(-0.831265255010658,-0.47966065702188,
0.280933675299712),(-0.831265263611617,-0.47966061321589,-0.280933724643492),
(0.486544572358627,-0.783696791349055,0.386126557410334),(0.423515277162977,
-0.81992049300643,0.38518202860162),(0.,0.,-1.),(0.575389434753769,-0.722569484432621,
0.383171421873441),(0.543254962688425,-0.746076096829891,0.385025328067484),
(0.,0.,-1.),(-0.923295370576204,-0.301770826500605,0.237613187651048),(-0.9046726250901,
-0.345972065884324,0.248738358602608),(0.,0.,-1.),(0.645242155169174,-0.663986067437402,
0.37786910887456),(0.595299320170226,-0.706564203372671,0.382603902119686),
(0.,0.,-1.),(-0.964217449656577,-0.169180297111302,0.204114518952225),(-0.942562043556764,
-0.247344575130095,0.224493775414396),(0.,0.,-1.),(0.709348341730829,-0.600027390125653,
0.369854107970591),(0.690850110953226,-0.619459558235202,0.372821646242493),
(0.644392347610386,-0.664356693146479,0.378666986430888),(0.,0.,-1.),(-0.985383846882517,
-0.0345508801866969,0.166808006346631),(-0.969559216925595,-0.144747818691953,
0.197491756431878),(0.,0.,-1.),(0.767853256779373,-0.530978661088502,0.358417406834506),
(0.73483117057859,-0.57145580005234,0.365323718546497),(0.,0.,-1.),(-0.986885309017401,
0.0997753678569257,0.12689469183005),(-0.98850788817144,0.0553911136458954,
0.140655535091614),(-0.984721330190772,-0.0416949996436409,0.169072259321373),
(0.,0.,-1.),(0.819373365656616,-0.458379404302649,0.344260961138056),(0.775717647884483,
-0.520660615822239,0.356615554753537),(0.,0.,-1.),(0.864275050579511,-0.382043193068668,
0.3272180245275),(0.,0.,-1.),(-0.969132953577451,0.231694720873284,0.0842548195042769),
(-0.98265279583293,0.148231841678918,0.11144866062094),(0.851458793429294,
-0.405898558023234,0.33206066266059),(0.812941517012282,-0.46821991496264,
0.34626030836662),(0.,0.,-1.),(0.90196723763359,-0.303301006667225,0.307349315259167),
(0.89280472141256,-0.324932270584805,0.311959530958814),(-0.967461206533458,
0.23962886012717,0.0812208301298271),(-0.944699950200768,0.323738833468255,
0.0522988699235424),(-0.881136696792959,-0.361469938990227,0.304856695467223),
(-0.912803923038823,-0.289480499997752,0.288079916353059),(-0.912803904131884,
-0.289480520516201,-0.288079955642978),(-0.90669205798562,-0.304207117400103,
0.292177243653438),(-0.848723013362272,-0.419665894836722,0.321791521485817),
(-0.810563677364779,-0.479239723254378,0.336624141427725),(-0.721629720284253,
-0.591114905653793,0.360324458115708),(-0.76826631043011,-0.536295100909286,
0.349505995655017),(-0.671087621618596,-0.642872417494366,0.369264754526135),
(-0.617247394720906,-0.690888488092247,0.376402378754258),(-0.559807255535491,
-0.73542384800268,0.38179523365117),(0.,0.,-1.),(-0.421576703439224,-0.821071396000893,
0.384856915991465),(-0.43542842177231,-0.813208680950379,0.386126573470177),
(-0.498313741322669,-0.776735617378575,0.385182029571122),(0.,0.,-1.),(-0.803339091845981,
0.532888466518168,0.265849930908381),(-0.805250484958857,0.528717216085102,
0.268383609575445),(0.,0.,-1.),(-0.338069332370653,-0.859586322019315,0.383171608431219),
(-0.374494542395779,-0.843510091997134,0.385025404895266),(0.,0.,-1.),(-0.722989487393173,
0.648711073206737,0.23761343526392),(-0.751955871522659,0.610484826648088,
0.248738102660312),(0.,0.,-1.),(-0.252407490772599,-0.890789070389789,0.377869409553058),
(-0.314254362584029,-0.868825876084673,0.382603963182044),(0.,0.,-1.),(-0.628624143237049,
0.750445734622062,0.204114884138909),(-0.68548880063436,0.692609133594202,
0.224494303417159),(0.,0.,-1.),(-0.164964275444337,-0.914327424201562,0.369854226932804),
(-0.19104107494377,-0.908023832382523,0.372821710083633),(-0.253153518029527,
-0.890238490045623,0.378667039958012),(0.,0.,-1.),(-0.0759144308600074,
-0.930469747345892,0.358417422095067),(0.,0.,-1.),(-0.522612744790197,0.83609276813283,
0.166807679855689),(-0.610135607581096,0.767288388834021,0.197491945967777),
(-0.127478077590448,-0.922110574864791,0.36532372966503),(0.,0.,-1.),(0.0127178284844903,
-0.938787790830507,0.344261151781922),(-0.0630452079494573,-0.932121638561449,
0.35661541284713),(0.,0.,-1.),(-0.407033522452429,0.904555972706998,0.126894459453768),
(-0.446283646530056,0.883768588447106,0.140655568371985),(-0.52846908310106,
0.831946564011873,0.169072004883018),(0.,0.,-1.),(0.101278089069456,-0.939505704450224,
0.32721824518191),(0.0742083451668172,-0.940334284942816,0.3320610697879),
(0.000978950317657879,-0.938137922398727,0.346260422534363),(0.,0.,-1.),
(-0.283912883685865,0.955141135261904,0.0842548883316492),(-0.362952359899565,
0.9251188350362,0.1114483086664),(0.,0.,-1.),(0.188317528822173,-0.932776987107947,
0.307349313745989),(0.165003294570133,-0.935657645943454,0.311959424234237),
(0.,0.,-1.),(-0.156512469287935,0.986834156979511,0.0407700082895665),(-0.276205880952471,
0.957660419349428,0.0812208873304607),(-0.114149559165272,0.993134844615079,
0.0255550103454727),(-0.191981848039579,0.980004020494095,0.0522980863772016),
(-0.739653172952903,0.608241696925224,0.288019481740779),(-0.739653172952903,
0.608241696925224,-0.288019481740779),(-0.753611353739592,0.582350558708543,
0.304856940689608),(-0.707099722817825,0.645770831807998,0.288079875688951),
(-0.707099731133842,0.645770805174886,-0.288079914978861),(-0.716796917122999,
0.633115029766495,0.292177238481601),(-0.787802180245783,0.525183972932904,
0.321791111397443),(-0.820315222571959,0.462349602493543,0.336624094043758),
(-0.872734165259896,0.32939608734933,0.360323874350652),(-0.848578568381325,
0.3971898006725,0.349506331166747),(-0.892287574851798,0.259743035641099,
0.369264727805193),(-0.906951117981426,0.189105121485743,0.376402607084625),
(-0.916799533007781,0.117094345546339,0.38179514208249),(0.,0.,-1.),(-0.921857083852329,
-0.0454392960575627,0.38485684003935),(-0.921973687348223,-0.0295112254455894,
0.386126413769144),(-0.921829730998287,0.04318430344971,0.385181857027547),
(0.,0.,-1.),(0.0598249680674444,0.962156295182819,0.265850026962198),(0.,
0.,-1.),(-0.913458346658248,-0.137016417147138,0.383171437286942),(-0.917748437478212,
-0.0974337787417397,0.385025277438256),(0.0552566032610823,0.961725947073731,
0.268383886478272),(0.,0.,-1.),(0.200306740373121,0.95048263864866,0.237613053910295),
(0.152717447811384,0.956455237075222,0.248738337626828),(0.,0.,-1.),(-0.897649661397838,
-0.226803486660963,0.377869374031262),(-0.909552441952046,-0.162260800962963,
0.382603956866532),(0.,0.,-1.),(-0.874312692468643,-0.314301107900701,0.369854200139224),
(0.,0.,-1.),(0.335593916090695,0.919627092134639,0.204114514170112),(0.257075329865302,
0.939954705592209,0.224493710846672),(-0.881892076469735,-0.28856613999102,
0.372821603867831),(-0.89754630333849,-0.225880232720952,0.378667075185234),
(0.,0.,-1.),(-0.843767650805158,-0.399491143439954,0.358417323476117),(-0.862309548582464,
-0.350657922443632,0.365323505746651),(0.,0.,-1.),(0.462768508863912,0.870643617278376,
0.16680826986782),(0.359422072819494,0.91203757683018,0.197492359396187),
(0.,0.,-1.),(-0.806655039525001,-0.480408054991473,0.344261162358214),(-0.83876402957381,
-0.411461098095374,0.356615573758711),(0.,0.,-1.),(0.579850948033204,0.804779888530645,
0.126894480106889),(0.542223269786507,0.828377852316399,0.140655819267098),
(0.456252044319619,0.873641051729252,0.169072128949675),(0.,0.,-1.),(-0.762997264376571,
-0.557461384399547,0.327218549989467),(-0.777249352460829,-0.534433224670621,
0.332061097491688),(-0.811962187564087,-0.469915971576474,0.346260574746073),
(0.,0.,-1.),(0.68522130824135,0.7234452155612,0.0842542510121693),(0.619697570450334,
0.776887369010592,0.111449257735324),(0.,0.,-1.),(-0.713650287660197,-0.629475573261472,
0.307349588562697),(-0.727801959408396,-0.610725393996438,0.311959614388135),
(0.691256007130177,0.71803088411172,0.0812205766304738),(0.752717244123204,
0.656263392367463,0.052298281405015),(-0.114149511788615,0.99313485038267,
-0.0255549978245482),(-0.177295789943759,0.984157610786107,0.),(0.,0.,1.),
(-0.156536158694709,0.98683138938488,-0.0407460420876892),(-0.225508003843009,
-0.974241315179531,0.),(0.,0.,1.),(-0.964270268072726,0.264920459970446,
0.),(-0.964270268072726,0.264920459970446,0.),(-0.225508003843009,-0.974241315179531,
0.),(0.,0.,1.),(0.,0.,1.),(-0.191010184304968,-0.981588054884422,0.),(-0.964270268072726,
0.264920459970446,0.),(0.,0.,1.),(0.217477053402109,0.976065433894437,0.),
(0.,0.,1.),(0.175631146500375,0.984456042888134,0.),(-0.191010184304968,
-0.981588054884422,0.),(0.,0.,1.),(0.,0.,1.),(-0.339535661366255,0.860875046997586,
-0.378958689196441),(-0.964270268072726,0.264920459970446,0.),(0.217477053402109,
0.976065433894437,0.),(0.,0.,1.),(0.,0.,1.),(0.862010732026414,0.417977685867256,
-0.286761489723321),(0.,0.,1.),(0.92329467771139,0.301772669989734,-0.237613538665386),
(0.,0.,1.),(-0.575390181819406,0.722568735880866,-0.383171711629863),(0.,
0.,1.),(0.863164514188547,0.429267737742596,-0.265850015570819),(0.,0.,
1.),(-0.500134625366479,0.775890935673959,-0.384523877605176),(0.,0.,1.),
(-0.421954882766908,0.82181867281385,-0.382842194544497),(0.,0.,1.),(0.837690477705459,
0.464734349269326,-0.286873923825111),(0.,0.,1.),(0.810830665324983,0.510078361968946,
-0.287008182496113),(0.,0.,1.),(0.81115058950272,0.512031225057448,-0.282592897496661),
(-0.121346194044516,-0.99261024636607,0.),(0.,0.,1.),(0.,0.,1.),(0.0910572582000741,
0.99584565858826,0.),(-0.121346194044516,-0.99261024636607,0.),(0.,0.,1.),
(0.,0.,1.),(-0.254499957470973,0.892849863424791,-0.371549314397974),(-0.0510773423624288,
-0.998694700645393,0.),(0.,0.,1.),(0.,0.,1.),(0.00582130305644342,0.999983056071814,
0.),(-0.0510773423624288,-0.998694700645393,0.),(0.,0.,1.),(0.,0.,1.),(-0.0805244476410714,
0.934769087006543,-0.346009490200854),(0.,0.,1.),(-0.167195606873757,0.917911032056604,
-0.359840195463065),(0.019445339200167,-0.999810921516359,0.),(0.,0.,1.),
(0.019445339200167,-0.999810921516359,0.),(0.,0.,1.),(0.,0.,1.),(0.72747922903989,
-0.686129704440441,0.),(-0.987576917737583,-0.157136347010917,0.),(0.,0.,
1.),(0.00724649487337441,0.94383039296987,-0.330350840196283),(0.0546909235492935,
-0.998503331432262,0.),(-0.987576917737583,-0.157136347010917,0.),(0.,0.,
1.),(0.,0.,1.),(-0.987576830919548,-0.157136892647471,0.),(-0.0368513300197131,
0.999320759053758,0.),(0.0546909235492935,-0.998503331432262,0.),(0.,0.,
1.),(-0.987576917737583,-0.157136347010917,0.),(-0.987576917737583,-0.157136347010917,
0.),(0.72747922903989,-0.686129704440441,0.),(0.,0.,1.),(0.72747922903989,
-0.686129704440441,0.),(0.,0.,1.),(0.450375521140128,0.892839229625221,
0.),(0.72747922903989,-0.686129704440441,0.),(0.,0.,1.),(0.450375521140128,
0.892839229625221,0.),(0.,0.,1.),(0.0163731834437737,0.957828430760328,
-0.286873867912581),(0.,0.,1.),(0.0943479989010964,0.945456894653901,-0.311784726140909),
(0.,0.,1.),(0.144649631572848,0.94492412823046,-0.293589638737038),(0.,
0.,1.),(0.121472971722336,0.950296893265151,-0.286670772475231),(0.,0.,
1.),(0.069026181115678,0.95551205828205,-0.286761386518803),(0.450375521140128,
0.892839229625221,0.),(0.,0.,1.),(-0.987576830919548,-0.157136892647471,
0.),(0.,0.,1.),(-0.0363256562883816,0.957239142103959,-0.287008138419967),
(0.,0.,1.),(-0.0378557821156983,0.958492758426234,-0.282592589791165),(0.,
0.,1.),(0.0598249609439009,0.96215631272513,-0.265849965076623),(0.,0.,
1.),(-0.913458387877165,-0.137016422811656,-0.383171336997887),(0.,0.,1.),
(-0.922008766978533,-0.045184077177463,-0.384523383923977),(0.,0.,1.),(-0.922693614768718,
0.0454840268334346,-0.382841607676141),(0.,0.,1.),(-0.915307425487146,0.136392508584069,
-0.378958309646639),(0.,0.,1.),(-0.90048034248488,0.226022862894192,-0.371549213762359),
(0.,0.,1.),(-0.878531583165686,0.314160959255334,-0.359840449449701),(0.450375521140128,
0.892839229625221,0.),(-0.987576830919548,-0.157136892647471,0.),(0.,0.,
1.),(-0.987576830919548,-0.157136892647471,0.),(0.,0.,1.),(-0.0368513300197131,
0.999320759053758,0.),(0.,0.,1.),(0.00582130305644342,0.999983056071814,
0.),(0.,0.,1.),(0.0910572582000741,0.99584565858826,0.),(0.175631146500375,
0.984456042888134,0.),(0.,0.,1.),(0.,0.,1.),(0.883717578338664,0.369950078397849,
-0.286670858701528),(0.,0.,1.),(-0.90196744001631,0.303300703088385,-0.307349020913546),
(0.,0.,1.),(0.969131438833873,-0.231721956646738,-0.0841973222353001),(0.944699507956751,
-0.323735233069453,-0.0523291365850824),(0.,0.,1.),(-0.864274680499742,
0.382043919669486,-0.327218153669145),(-0.89279618983853,0.325038285295535,
-0.311873494388256),(0.,0.,1.),(0.986885340322738,-0.0997749916436216,-0.126894744172437),
(0.982653129639469,-0.148228886494628,-0.11144964790577),(0.967453378494819,
-0.239653428042819,-0.0812415833565829),(0.,0.,1.),(-0.81937357369233,0.458379344277429,
-0.344260545916104),(-0.85150461975453,0.405973739713723,-0.331851179295098),
(0.,0.,1.),(-0.767853536055569,0.530978635805951,-0.358416845983291),(0.,
0.,1.),(0.985383975222831,0.0345497691730378,-0.166807478321991),(0.988507897619344,
-0.0553894940475155,-0.140656106491486),(-0.775771815949399,0.520780288322286,
-0.356322860441943),(-0.812981702428408,0.468323113387638,-0.346026318339396),
(0.,0.,1.),(-0.709347022732585,0.600028773365133,-0.369854393612339),(-0.73489824929894,
0.571594171752503,-0.364972144136951),(0.,0.,1.),(0.964217098286167,0.169182002065687,
-0.204114765633575),(0.969613161904555,0.144678164318101,-0.197277837151047),
(0.984738849232753,0.0418764062155682,-0.168925324964088),(0.,0.,1.),(-0.645241082262429,
0.663986780024628,-0.377869688799373),(-0.690926998508443,0.619619906130893,
-0.372412479192705),(0.94256198484584,0.247344727127448,-0.224493854449777),
(-0.595400337556926,0.7067625311496,-0.382080047372419),(-0.644480240942317,
0.664537103807855,-0.378200550895422),(0.904673912589487,0.345969032813529,
-0.24873789460816),(-0.543366462594361,0.746294775676579,-0.384443747673877),
(-0.423763298549585,0.820071306831669,-0.384587725381055),(-0.486467468132325,
0.783979264927558,-0.385649989773851),(-0.357171165140173,0.852831724561267,
-0.380928875742266),(-0.289887237956818,0.880330474178147,-0.375477889499563),
(-0.221396876457614,0.902973673705516,-0.368268879610504),(-0.0807449303994565,
0.933710570652081,-0.348804854420565),(-0.150934204130577,0.920808752433856,
-0.359624953895966),(-0.00999984932141314,0.942017918901353,-0.335413540994266),
(0.0606587066227829,0.945300951490457,-0.320509956822075),(0.126898510439495,
0.944093947558896,-0.304275181753127),(0.189894253920223,0.937322051581727,
-0.292177247482935),(0.0552570353133744,0.961725937759539,-0.268383830900654),
(0.,0.,1.),(0.200306745857462,0.950482652009866,-0.237612995840477),(0.152717443184868,
0.956455231035288,-0.248738363692276),(-0.917993408087097,-0.0974226081981846,
-0.384443673534238),(0.,0.,1.),(-0.897649679318783,-0.226803420130948,-0.377869371391477),
(-0.909774754092418,-0.16224876212972,-0.382080143429953),(-0.922084273181747,
0.0430461795126922,-0.384587596758204),(-0.922179640752483,-0.0293029261026039,
-0.385650163624296),(0.,0.,1.),(-0.874312674118666,-0.314301171087463,-0.369854189821498),
(0.,0.,1.),(0.335593916951398,0.919627104047268,-0.204114459083266),(0.257075459142051,
0.939954670374446,-0.224493710264163),(-0.88206944740108,-0.288552540066717,
-0.372412300525371),(-0.897746359022605,-0.225866493740435,-0.37820074281664),
(0.,0.,1.),(-0.843767683263121,-0.399491156987033,-0.358417231965689),(-0.86246390773904,
-0.350644000591169,-0.364972317713173),(0.,0.,1.),(0.462768509103118,0.870643625690607,
-0.166808225297172),(0.359510622362213,0.912049022615996,-0.19727821155399),
(0.,0.,1.),(-0.80665507259408,-0.480408135833132,-0.344260972059822),(-0.838895343587963,
-0.411446551211539,-0.356323361572834),(0.,0.,1.),(0.579850937095071,0.804779897652804,
-0.126894472235438),(0.542222891227207,0.828378074047614,-0.140655972736229),
(0.456102768717942,0.873747362566886,-0.168925459227547),(0.,0.,1.),(-0.762997340727509,
-0.557461336892407,-0.327218452891764),(-0.777335508842085,-0.534438305021732,
-0.331851178721298),(-0.812070227903964,-0.46990181451396,-0.346026342448797),
(0.,0.,1.),(0.685242832880064,0.723431468088171,-0.0841972147181726),(0.61969732486456,
0.776887551291971,-0.111449352637301),(0.,0.,1.),(-0.713650282907377,-0.629475602408572,
-0.307349539902999),(-0.727890432691643,-0.610663665751317,-0.311874021565016),
(0.752710523091247,0.656268557904368,-0.0523301856849536),(0.691273685446895,
0.718011527695565,-0.0812412327882112),(-0.91715976693373,0.117095181310528,
-0.380928707807538),(-0.907332352718058,0.189114740199391,-0.375477851211534),
(-0.89269653011821,0.259751758089819,-0.368268827467322),(0.,0.,1.),(-0.849796115077922,
0.397647618014669,-0.346010021077037),(-0.84898981637443,0.396927418296765,
-0.348804983187994),(-0.872911149356142,0.32969078145762,-0.359624962914984),
(0.,0.,1.),(-0.813757453484336,0.478191607791982,-0.330350712328593),(0.,
0.,1.),(-0.771615465000463,0.554436541020726,-0.311784695187389),(0.,0.,
1.),(-0.746003833692328,0.597731745698724,-0.293589918594466),(0.,0.,1.),
(-0.762244728893599,0.580347121314425,-0.2866708775861),(0.,0.,1.),(-0.792984711911053,
0.537534274072457,-0.286761487778155),(0.,0.,1.),(-0.821317121549243,0.493093853671998,
-0.286873904914625),(0.,0.,1.),(-0.847155990264105,0.447161071380323,-0.287008195704662),
(0.,0.,1.),(0.890652781001586,0.347192526574025,-0.293589804293823),(0.,
0.,1.),(0.865963666624649,0.391020562842255,-0.311784937930812),(0.,0.,
1.),(0.821004044008422,0.465639706749153,-0.330351363279131),(0.,0.,1.),
(0.769271536054982,0.53712046976433,-0.346009977855773),(0.,0.,1.),(0.711337501235353,
0.603749889639212,-0.359840284149625),(0.,0.,1.),(0.645981788380524,0.666827454292369,
-0.371549021372225),(0.,0.,1.),(0.575772714463315,0.724483690058037,-0.37895799783015),
(0.,0.,1.),(0.500738002865291,0.776333617358946,-0.382841438515808),(0.,
0.,1.),(0.849006940732657,-0.446462259681999,-0.282592755157344),(0.,0.,
1.),(0.847156125259899,-0.447160909889315,-0.287008048844617),(0.881059132291566,
0.3621483329023,-0.304275188573959),(0.906691520968822,0.304208285165121,
-0.292177694289178),(0.848984716702677,0.420117006183193,-0.320509987240562),
(0.810811474775214,0.479669026352524,-0.335413740819996),(0.768244001206447,
0.536783301741018,-0.348804876087361),(0.671300728151069,0.643221179398348,
-0.368268715420198),(0.721975410462645,0.591118771170395,-0.359624950548898),
(0.617443065700637,0.691216685479761,-0.375477768093627),(0.559988171821434,
0.735735407986563,-0.380928676860818),(0.,0.,1.),(0.421873578539651,0.821075128733852,
-0.384523493046703),(0.498322284033286,0.7770246542932,-0.384587555514191),
(0.,0.,1.),(0.803339379321649,-0.532887930531738,-0.2658501365896),(0.805250686889201,
-0.528716820891133,-0.268383782243345),(0.,0.,1.),(0.338068663039513,0.859586767272426,
-0.383171200119238),(0.37462667871539,0.843716778186148,-0.384443558668711),
(0.435712149852591,0.813282961111274,-0.385649773287773),(0.,0.,1.),(0.7229906924997,
-0.648709623132424,-0.237613727326921),(0.751955711634894,-0.610485013469004,
-0.248738127494379),(0.,0.,1.),(0.252407607092165,0.890789235058316,-0.377868943664636),
(0.314374053869005,0.86901319488639,-0.382079862551427),(0.,0.,1.),(0.628624160541991,
-0.750445798272671,-0.204114596826811),(0.68548773641976,-0.692610332676578,
-0.224493853563418),(0.,0.,1.),(0.164964366024713,0.914327509723545,-0.369853975110185),
(0.191143450874968,0.908170179752588,-0.372412547849507),(0.253265480394736,
0.890404975330125,-0.37820044466894),(0.,0.,1.),(0.075914389212507,0.930469798453261,
-0.358417298238855),(0.,0.,1.),(0.522611329262963,-0.836093786770974,-0.166807008992342),
(0.610102526100107,-0.767369691991532,-0.197278137306415),(0.127569101671057,
0.922236951915917,-0.364972778189933),(0.,0.,1.),(-0.0127180362541238,0.938787864005663,
-0.344260944560262),(0.0631237318245307,0.932228107861968,-0.356323096911552),
(0.,0.,1.),(0.407034139358886,-0.904555680246061,-0.126894565411433),(0.446282239741797,
-0.883769380405325,-0.140655055895735),(0.528635494689885,-0.83187067359956,
-0.168925119976266),(0.,0.,1.),(-0.101278055164703,0.939505720503989,-0.327218209582438),
(-0.0741692988644761,0.940411439458756,-0.331851231188106),(-0.000912586057951529,
0.938224458488575,-0.346026057805633),(0.,0.,1.),(0.283889577546634,-0.955153114607288,
-0.0841975974502288),(0.362954735652613,-0.925117822580088,-0.111448975823098),
(0.,0.,1.),(-0.188316837534439,0.932777154750752,-0.307349228526965),(-0.164907263426583,
0.935703201777559,-0.311873552345147),(0.191987552915244,-0.980001248383642,
-0.0523290807497989),(0.276180292426374,-0.957666077030811,-0.0812411901666851),
(-0.820810080632573,0.462351367981398,-0.335413213898438),(-0.788324591279498,
0.525183554446645,-0.320509864002342),(-0.754160709375848,0.581943280783064,
-0.304275602678166),(-0.716797141186719,0.633114762748229,-0.292177267385402),
(0.,0.,1.),(-0.849008143213486,0.44645975016189,-0.282593107209945),(0.,
0.,1.),(-0.500737053835104,-0.776334055484495,-0.382841791359744),(0.,0.,
1.),(-0.575772816981147,-0.724483440448151,-0.378958319267443),(0.,0.,1.),
(-0.645981929364709,-0.666827427521635,-0.371548824300558),(0.,0.,1.),(-0.711335868983549,
-0.603751804461314,-0.359840298058912),(0.,0.,1.),(-0.769272126116106,-0.537119837925831,
-0.346009646812536),(0.,0.,1.),(-0.821004970604727,-0.465638388035332,-0.330350919221045),
(0.,0.,1.),(-0.865963411171734,-0.391020971539932,-0.311785134873012),(0.,
0.,1.),(-0.890652887277451,-0.347192192132815,-0.293589877390809),(0.,0.,
1.),(-0.883717690882449,-0.369949810915867,-0.286670856950452),(0.,0.,1.),
(-0.862010737783881,-0.417977694863301,-0.286761459303809),(0.,0.,1.),(-0.837690336908295,
-0.464734585756186,-0.286873951854282),(0.,0.,1.),(-0.421873457564675,-0.821075146629751,
-0.384523587559151),(0.,0.,1.),(-0.803339110599924,0.532888469120015,-0.265849869022818),
(-0.805250260865655,0.528717585597021,-0.268383553997356),(-0.498321416342799,
-0.777025117511839,-0.384587743915247),(-0.559988174240227,-0.735735351085267,
-0.380928783205649),(0.,0.,1.),(-0.338069348074484,-0.859586360548245,-0.383171508142133),
(-0.374626835491155,-0.84371657914464,-0.384443842721339),(-0.435711712111083,
-0.81328301613999,-0.385650151805323),(0.,0.,1.),(-0.722989496222067,0.64871108463711,
-0.237613377193929),(-0.751955868605237,0.610484819621338,-0.248738128725867),
(0.,0.,1.),(-0.252407557349757,-0.890789052644767,-0.377869406913245),(-0.314375834125782,
-0.869012379482003,-0.382080252335481),(0.,0.,1.),(-0.628624153123516,0.750445741323652,
-0.204114829052021),(-0.685488705496758,0.69260922794255,-0.224494302834624),
(0.,0.,1.),(-0.164964211548021,-0.914327439903457,-0.369854216615046),(-0.19114173343162,
-0.908170574086629,-0.372412467707403),(-0.253265389576892,-0.890404951671722,
-0.37820056118539),(0.,0.,1.),(-0.0759144353568941,-0.930469782228867,-0.358417330584625),
(0.,0.,1.),(-0.522612751955753,0.836092772546084,-0.166807635285188),(-0.61010125276761,
0.767370779296674,-0.197277845824127),(-0.12756712420895,-0.922237301922634,
-0.364972584947853),(0.,0.,1.),(0.0127178819608672,-0.938787859889997,-0.344260961483565),
(-0.0631235667808793,-0.93222808906557,-0.356323175325455),(0.,0.,1.),(-0.40703353582148,
0.904555967795398,-0.12689445158239),(-0.446284027830177,0.883768371473839,
-0.140655721839363),(-0.528635751525471,0.831870460010794,-0.168925368049117),
(0.,0.,1.),(0.101278009751597,-0.939505746818539,-0.327218148084264),(0.0741695396797889,
-0.940411443068173,-0.331851167136903),(0.000912759196059897,-0.938224433261357,
-0.346026125750723),(0.,0.,1.),(-0.283890230858479,0.955152894630609,-0.0841978901272986),
(-0.362952640547963,0.925118713496616,-0.111448403566979),(0.,0.,1.),(0.188317556440706,
-0.932776997565409,-0.307349265086258),(0.164905674222142,-0.935703367010555,
-0.311873896910999),(-0.191989676761183,0.980000784855649,-0.0523299694195232),
(-0.27618029562311,0.95766604730299,-0.0812415297283254),(-0.617446202732741,
-0.691213916127955,-0.375477707569938),(-0.671299791467939,-0.643222066345139,
-0.3682688737075),(-0.76824456439445,-0.53678261798739,-0.348804687905691),
(-0.721973501419008,-0.591120878229444,-0.359625319700976),(-0.810812661776353,
-0.479667282689274,-0.335413365000015),(-0.848983895349059,-0.420118511137224,
-0.320510190224554),(-0.881058653890822,-0.36214940814779,-0.304275294071501),
(-0.906691938772782,-0.304207444954056,-0.292177272557224),(0.,0.,1.),(-0.810830650661872,
-0.510078387931197,-0.28700817778028),(0.,0.,1.),(-0.811150316495901,-0.51203173527181,
-0.282592756671397),(0.,0.,1.),(0.33953392381696,-0.860875885921599,-0.378958340211905),
(0.,0.,1.),(0.254498398422913,-0.892850320679871,-0.371549283490123),(0.,
0.,1.),(0.167195834733649,-0.917910865581093,-0.359840514250255),(0.,0.,
1.),(0.0805242812384046,-0.93476892926491,-0.3460099550764),(0.,0.,1.),
(-0.00724647990126497,-0.943830317745467,-0.330351055444859),(0.,0.,1.),
(-0.0943482199171268,-0.945456894603814,-0.31178465941188),(0.,0.,1.),(-0.144649247719024,
-0.944924182271163,-0.293589653927882),(0.,0.,1.),(-0.12147304089149,-0.95029688725883,
-0.286670763076309),(0.,0.,1.),(-0.0690260721358597,-0.955512057516915,
-0.286761415300747),(0.,0.,1.),(-0.0163732398086577,-0.957828436582234,
-0.286873845257113),(0.,0.,1.),(0.0363251272968776,-0.95723917971669,-0.28700807992491),
(0.,0.,1.),(-0.863163880693434,-0.42926898346331,-0.265850060941554),(0.,
0.,1.),(0.500134808049893,-0.775890967320702,-0.384523576139413),(-0.860507050687031,
-0.433010060643847,-0.268383872650945),(0.,0.,1.),(0.421956150259014,-0.821818251833467,
-0.382841701244753),(0.,0.,1.),(0.57538946026886,-0.722569517296974,-0.38317132158439),
(0.,0.,1.),(-0.923295384889549,-0.301770828431602,-0.237613129581183),(-0.904672617545854,
-0.345972066871515,-0.24873838466828),(0.423762183341061,-0.820071874922716,
-0.384587742824389),(0.54336769510908,-0.746293883395581,-0.384443737779911),
(0.486467291148653,-0.783979311188642,-0.385650118981797),(0.35717205646987,
-0.852831401325713,-0.380928763668358),(0.289887581039006,-0.880330407063832,
-0.375477781976753),(0.,0.,1.),(0.645242106512981,-0.66398611622234,-0.37786910623477),
(0.595400119108394,-0.706762690700073,-0.382080092650878),(0.,0.,1.),(-0.964217460403558,
-0.169180302322274,-0.204114463865393),(-0.942562077695832,-0.247344445564342,
-0.224493774831695),(0.,0.,1.),(0.709348387277235,-0.600027342640787,-0.369854097652872),
(0.690926866940495,-0.619620006560754,-0.372412556191977),(0.644480466481485,
-0.664536861221854,-0.378200592809178),(0.,0.,1.),(-0.985383854287308,-0.0345508841856422,
-0.166807961776048),(-0.969613382240461,-0.144676883455814,-0.197277693553342),
(0.,0.,1.),(0.767853284740472,-0.530978682424405,-0.358417315324065),(0.734896404897299,
-0.571596242967276,-0.364972614170872),(0.,0.,1.),(-0.986885311448345,0.0997753538231571,
-0.126894683958652),(-0.988507890917075,0.0553906749446585,-0.140655688558446),
(-0.984738753306557,-0.0418773587954139,-0.16892564801287),(0.,0.,1.),(0.819373452201953,
-0.458379392520463,-0.344260770839817),(0.775770682638117,-0.520781691446347,
-0.356323277114296),(0.,0.,1.),(0.864275047612636,-0.382043282943998,-0.327217927429945),
(0.,0.,1.),(-0.969131808918673,0.231720266530973,-0.084197713869409),(-0.982652830899947,
0.148231537862538,-0.111448755521209),(0.851506194582603,-0.405970836586699,
-0.331850689962443),(0.812983393919876,-0.468320506484655,-0.346025872466896),
(0.,0.,1.),(0.901967260499293,-0.303300987977605,-0.307349266599432),(0.892795507410814,
-0.325039665430439,-0.311874009567863),(-0.944701064539795,0.323730419719808,
-0.0523308131545325),(-0.967453272922828,0.239653878576031,-0.0812415115219641),
(0.22139562935248,-0.902974012275148,-0.368268799193389),(0.0807468078107898,
-0.9337103047023,-0.348805131729888),(0.150936168257413,-0.920808383874355,
-0.359625073233874),(0.00999770931797625,-0.942017992179603,-0.335413398984452),
(-0.0606609206172857,-0.945300924453153,-0.320509617543496),(-0.126898486165459,
-0.944093938584309,-0.304275219722675),(-0.189893645732477,-0.937322103874224,
-0.292177475003169),(0.,0.,1.),(0.922693528488651,-0.0454849445660735,-0.382841706587703),
(0.,0.,1.),(0.0378575296229924,-0.95849260728333,-0.282592868335434),(0.,
0.,1.),(0.915307254108588,-0.13639310734306,-0.378958508079053),(0.,0.,
1.),(0.900480375853145,-0.226022124374499,-0.371549582151047),(0.,0.,1.),
(0.878532255958719,-0.314158758853607,-0.35984072792785),(0.,0.,1.),(0.849795433932022,
-0.397649264336294,-0.346009801943661),(0.,0.,1.),(0.81375764212934,-0.478191067573606,
-0.330351029616849),(0.,0.,1.),(0.77161570624612,-0.554436233808628,-0.311784644449347),
(0.,0.,1.),(0.746003425870214,-0.597732451803787,-0.293589517269499),(0.,
0.,1.),(0.762244974174388,-0.580346797820037,-0.286670880289429),(0.,0.,
1.),(0.79298455560172,-0.537534507836933,-0.286761481830542),(0.,0.,1.),
(0.821317346043045,-0.493093484364586,-0.286873896975661),(0.917159696923203,
-0.11709545378317,-0.380928792614909),(0.,0.,1.),(0.922008770418701,0.045184245294227,
-0.384523355920269),(0.922084249960829,-0.0430460029584318,-0.384587672193842),
(0.907332471977617,-0.189114008876268,-0.375477931364459),(0.,0.,1.),(-0.0598253375376113,
-0.962156318795618,-0.26584985836027),(-0.0552573696792192,-0.961725967578591,
-0.268383655204927),(0.,0.,1.),(0.913458365772546,0.137017228954778,-0.383171101428203),
(0.9179934399173,0.097422572421361,-0.384443606594787),(0.922179648453522,
0.0293048828965114,-0.385649996520888),(0.,0.,1.),(-0.200306027818078,-0.950482749407489,
-0.237613211540359),(-0.152717510620932,-0.956455226534051,-0.248738339596941),
(0.,0.,1.),(0.897649997960954,0.226802776643313,-0.377869000670314),(0.909774701462904,
0.162249029328991,-0.382080155281432),(0.,0.,1.),(0.874313562840665,0.314298844611839,
-0.369854065961869),(0.,0.,1.),(-0.335592872933023,-0.919627400737136,-0.204114838877577),
(-0.257072965061766,-0.939955201331141,-0.224494343191283),(0.882070206216325,
0.288549923373742,-0.372412530705529),(0.897745995200706,0.225868114645976,
-0.378200638401584),(0.,0.,1.),(0.84376739179995,0.399492114753737,-0.358416850586989),
(0.862464911130999,0.350641458517542,-0.36497238886865),(0.,0.,1.),(-0.462768720996321,
-0.87064350638217,-0.166808260173136),(-0.359511116084558,-0.912048889417689,
-0.197277927613796),(0.,0.,1.),(0.80665457942371,0.480409294659091,-0.344260510514802),
(0.838895055942278,0.411447467884516,-0.356322980295997),(0.,0.,1.),(-0.579850954536096,
-0.80477987350787,-0.126894545667787),(-0.542222900159609,-0.828378116938155,
-0.14065568570271),(-0.456102400814155,-0.873747581370978,-0.168925320837138),
(0.,0.,1.),(0.76299739760313,0.557461340934332,-0.327218313385035),(0.777335222149617,
0.534438768117871,-0.33185110447045),(0.812069814887904,0.469902697991293,
-0.346026111974846),(0.,0.,1.),(-0.685241818155561,-0.723432385885894,-0.08419758727128),
(-0.619698042934664,-0.7768870546426,-0.111448821939457),(0.,0.,1.),(0.713649508101146,
0.629476657060982,-0.307349178951763),(0.727890337042854,0.610663798577791,
-0.311873984721686),(-0.752710223943256,-0.656268892922248,-0.052330287156676),
(-0.691274121172391,-0.718011151583143,-0.0812408493283236),(0.892696038261794,
-0.259753498027374,-0.368268792506561),(0.848990329704861,-0.396926501230085,
-0.348804777330924),(0.872911571277785,-0.329689722416307,-0.359624909680081),
(0.820809895967743,-0.46235171710275,-0.335413184555351),(0.788324178824248,
-0.525184272538325,-0.320509701818003),(0.754160205333456,-0.581944094953106,
-0.304275294824622),(0.716798144845101,-0.63311346554864,-0.292177615993444),
(0.860507757847573,0.433008779780714,-0.268383671852369),(-0.790096334622025,
0.554379782520556,0.261554657288495),(-0.79009631526397,0.554379753255162,
-0.261554777794333),(-0.71273990581689,0.661379787742041,0.233620639119116),
(-0.71273988349758,0.661379775369209,-0.233620742239277),(-0.622984431622305,
0.755660247933604,0.202158323225035),(-0.622798264795129,0.755756912915599,
-0.202370476968504),(-0.530784718906077,0.847506654521551,-0.000229602886072328),
(-0.417228710307757,0.908801520297433,0.),(-0.298722023965204,0.954340165977589,
0.),(-0.697753661916482,0.653565344500694,0.293244211792542),(-0.697753654795168,
0.653565288189166,-0.293244354240961),(-0.73645677859291,0.603096462137117,
0.306440974124295),(-0.732815229130206,0.605905256768404,0.309613726722925),
(-0.73281518499004,0.605905198082871,-0.309613946042762),(-0.736461438502768,
0.602723939432368,-0.307161850550424),(-0.771893229077984,0.547783476707137,
0.322667174578084),(-0.781392061281478,0.529749390128826,0.329836368862531),
(-0.781391992401531,0.529749453730021,-0.329836429891408),(-0.771345656016258,
0.547818692695752,-0.323914431413554),(-0.806622658244645,0.484616061639875,
0.338389066027554),(-0.823368188390953,0.448334642869832,0.347938032339926),
(-0.823368192179539,0.448334555697108,-0.347938135700694),(-0.806106103915835,
0.484650553620999,-0.339568535209745),(-0.837180289832191,0.418631347474093,
0.351961584876126),(-0.858143941505036,0.362363783563903,0.363705188331778),
(-0.858082604787309,0.361991306585354,-0.364220451537329),(-0.836695148637756,
0.41866567477619,-0.35307262852031),(-0.86342584690642,0.349952345642611,
0.363358174083323),(-0.88533453758713,0.273376743143421,0.376095616650445),
(-0.885104752303986,0.273626903936304,-0.376454372920719),(-0.884377721717486,
0.279885603277235,-0.373550658422559),(-0.863158632236097,0.349791165428086,
-0.364147382504352),(-0.884736602357112,0.279654936242823,0.372872982508275),
(-0.900980876488937,0.208099222387356,0.380694331246218),(-0.904994141958173,
0.181689233668898,0.384674700741027),(-0.904994112572933,0.181689294101869,
-0.384674741329728),(-0.90059044960966,0.208134253566659,-0.381597922641254),
(-0.912418133730876,0.134826046719532,0.386413103252268),(-0.919018059928791,
0.059342657866971,0.389723305028072),(-0.92046682105015,-0.0150818559025628,
0.390529600630176),(-0.917095381103912,-0.0839294520229468,0.389733125408911),
(-0.919845240969951,-0.00682504004903401,0.392222069105325),(-0.919845196479474,
-0.00682507254757137,-0.392222172879552),(-0.915049818301346,-0.101036325247021,
0.390481101984786),(-0.915049745874562,-0.101036333368677,-0.390481269607535),
(-0.909570856282652,-0.150208781427476,0.387450873509553),(-0.916854479140231,
-0.0839035507828654,-0.390305083551987),(-0.916598500813073,0.0878788815360489,
0.390031396796718),(-0.916598502442692,0.0878788488494752,-0.390031400331698),
(-0.918680660048761,0.0593768574319999,-0.390512782958348),(-0.920180088768103,
-0.0150170330724714,-0.391207225076974),(-0.901984235312296,-0.194811230162699,
0.385321974263846),(-0.901883243681731,-0.194936791650635,-0.385494827497175),
(-0.909354898292935,-0.150184010133594,-0.387967050212821),(-0.912054934605826,
0.134850378215622,-0.387261115729769),(-0.898291525077857,-0.215594816835969,
0.382872316741186),(-0.88111358247262,-0.285702501137813,0.376846037030859),
(-0.881069144404496,-0.285531790395823,-0.377079248237933),(-0.883019120714285,
-0.279329693481558,-0.377163299901342),(-0.89814135503075,-0.215676529002251,
-0.383178471760966),(-0.883096818823783,-0.27945481846804,0.376888594969799),
(-0.863638580593529,-0.342919200965861,0.369506189013568),(-0.852459654348655,
-0.374621100542625,0.364652668625918),(-0.852459610435702,-0.37462111525663,
-0.364652756166315),(-0.86349792413772,-0.342896139728479,-0.36985615091432),
(-0.84034648695431,-0.405216589903997,0.360024022990308),(-0.813528656041156,
-0.465194131883443,0.34894920183471),(-0.778355226944461,-0.530960884357538,
0.335027879392892),(-0.727426112179425,-0.61004317505997,0.314163294931598),
(-0.773409788975411,-0.539871846773655,0.332228366305789),(-0.773409719742226,
-0.539871815908671,-0.332228577632516),(-0.816414204626113,-0.459441750281986,
0.349830136755736),(-0.81641414142881,-0.459441733760418,-0.349830305940295),
(-0.723674770557375,-0.615273130522224,0.312624057481365),(-0.723674713267167,
-0.615273075632528,-0.312624298126958),(-0.72742666036041,-0.609980406036832,
-0.314283881304853),(-0.778266874240459,-0.530961271530347,-0.335232457549777),
(-0.840230973335207,-0.405195730767746,-0.360316987131836),(-0.813438388548365,
-0.465174200197748,-0.349186127310672),(-0.875154535140133,-0.407054705916227,
0.261554977041371),(-0.875154500116318,-0.407054703784507,-0.261555097547466),
(-0.929142101378592,-0.286559994692488,0.233620043848158),(-0.929142079503896,
-0.286559981549745,-0.233620146968076),(-0.965912926871295,-0.161691473436312,
0.202158564302683),(-0.965903559607938,-0.161481952105881,-0.202370681376501),
(-0.999354683567749,-0.0359188492591566,-0.000229562851924239),(-0.995659552687762,
0.0930701624668501,0.),(-0.975844578650644,0.218465920267093,0.),(-0.914880791811091,
-0.277489889931418,0.293244774481934),(-0.914880739482973,-0.277489911920032,
-0.293244916930715),(-0.89052548706845,-0.336241395165916,0.306440991152257),
(-0.891136540100419,-0.331684743457512,0.309614111201958),(-0.891136467207113,
-0.331684734573503,-0.309614330521909),(-0.890205167490224,-0.336431713750535,
-0.307161947116793),(-0.860341020168568,-0.394587385736787,0.322667203218294),
(-0.849471939430481,-0.411831560628992,0.329836610748575),(-0.849471960070824,
-0.411831469176541,-0.329836671777599),(-0.860097739393517,-0.39409549541615,
-0.323914524501235),(-0.822999471203742,-0.456250270813543,0.338389658206232),
(-0.799952099480024,-0.488891961936551,0.347938626903268),(-0.799952025880275,
-0.488892008803803,-0.347938730264147),(-0.822771131215378,-0.455785644387203,
-0.339569009200058),(-0.78113635708713,-0.515702716471532,0.351961219256511),
(-0.742888286395697,-0.561992606373092,0.363704968783827),(-0.742534887139135,
-0.562125784870994,-0.364220459837776),(-0.780923399946725,-0.515265546210625,
-0.353072315969284),(-0.734781490563246,-0.57277159467164,0.363357759601967),
(-0.679419628247075,-0.63003277678179,0.376095292357181),(-0.679521425758944,
-0.629708553199354,-0.376454206992176),(-0.684576409073852,-0.625951277259301,
-0.373550717623457),(-0.734508218779368,-0.572620775683928,-0.364147118347373),
(-0.684555850939245,-0.626377564405896,0.372873214047059),(-0.630710456236786,
-0.676221944710877,0.380694368076315),(-0.609844907455154,-0.69290302908381,
0.384674643221379),(-0.609844945098973,-0.692902973418962,-0.384674683810089),
(-0.630545473717782,-0.67586645051698,-0.381597886052317),(-0.572972992559068,
-0.722763390190149,0.3864130323873),(-0.510900629232595,-0.766222069942317,
0.389723346212476),(-0.44717285260972,-0.804688133994704,0.390529700403192),
(-0.385862417969112,-0.836192729919088,0.389733130269284),(-0.454011877037784,
-0.800022066426324,0.392221759645717),(-0.454011826648089,-0.800022044145727,
-0.392221863419873),(-0.370024688079761,-0.84297476873497,0.390480818335164),
(-0.370024644832776,-0.842974710072481,-0.390480985957825),(-0.324698740297144,
-0.862816713404679,0.387450702824237),(-0.38576453885046,-0.835971097497,
-0.390305066217636),(-0.534405133136199,-0.749857878434053,0.390031172892709),
(-0.534405105643615,-0.749857896188651,-0.390031176427689),(-0.510761526293139,
-0.765912816008884,-0.390512767437947),(-0.447085550484104,-0.804407405593731,
-0.391207408383696),(-0.282281737746267,-0.878546445327552,0.385322156042537),
(-0.282122628369008,-0.878521784380249,-0.385494872769413),(-0.324612152126491,
-0.862617378189046,-0.387966763445097),(-0.572812534394402,-0.722436620892344,
-0.387261060828886),(-0.26243637897018,-0.88574031675351,0.382872352449759),
(-0.193132318688589,-0.905917572301204,0.376846466978081),(-0.193257840106949,
-0.905793830067788,-0.377079493805117),(-0.199602986000061,-0.904381788797731,
-0.377163397045466),(-0.262290477902345,-0.885651030551151,-0.383178753697858),
(-0.199533374096485,-0.904511702155549,0.37688859532406),(-0.134843069184255,
-0.919392399450081,0.36950637684131),(-0.101798058164135,-0.925562224069566,
0.364652882518993),(-0.101798023465131,-0.92556219339679,-0.364652970059366),
(-0.134792553953092,-0.919259118118752,-0.369856243903408),(-0.0692451384301343,
-0.930369704446044,0.360024060102617),(-0.00389449483491797,-0.937133537536874,
0.348949230882667),(0.0706474634402582,-0.939555819133287,0.335028056500102),
(0.164601546034206,-0.934990891940952,0.314162956171812),(0.0808385873809333,
-0.939728538035808,0.332227930179474),(0.0808385952673639,-0.939728462645813,
-0.332228141506007),(-0.0103172852982255,-0.936756494339453,0.349829707053208),
(-0.0103172680076613,-0.93675643134831,-0.349829876237634),(0.171006426600984,
-0.934357219151571,0.312623398165437),(0.171006407710399,-0.934357142092261,
-0.31262363881058),(0.164546953716202,-0.934960005778578,-0.314283451071226),
(0.0706918558252827,-0.939479493074496,-0.3352326708608),(-0.0692055323022774,
-0.930259208718106,-0.360317081046572),(-0.00386651727510624,-0.937045388570798,
-0.349186182146951),(-0.0850558172328414,-0.96143340048404,0.261555585657332),
(-0.0850558015672404,-0.961433369086511,-0.261555706163553),(-0.21640364682896,
-0.947940326353017,0.23362063117983),(-0.216403647273224,-0.947940300837548,
-0.233620734299987),(-0.3429309836364,-0.917349772937395,0.20215769724124),
(-0.343107871963793,-0.917236821992509,-0.202369959671784),(-0.468570466811959,
-0.883426094735745,-0.000229720642032423),(-0.578429695816672,-0.815732239768315,
0.),(-0.677119406997804,-0.735873160719252,0.),(-0.217125172351431,-0.931055290667176,
0.293245128266476),(-0.217125127144691,-0.931055256343838,-0.293245270715337),
(-0.154067878151952,-0.939338513394852,0.306441260562125),(-0.158321228006169,
-0.937589202428095,0.30961407631577),(-0.158321199253391,-0.937589134858648,
-0.309614295635681),(-0.153742926635899,-0.939156283392132,-0.307162152412216),
(-0.0884506269123582,-0.942370813310358,0.322666603198387),(-0.0680809145093328,
-0.941580089391387,0.329836208353904),(-0.0680810040294452,-0.941580061540197,
-0.329836269382706),(-0.0887548840748511,-0.941914178441877,-0.323913956172042),
(-0.0163786997074719,-0.940863751930898,0.338389034246689),(0.0234170894782577,
-0.937224961843624,0.347938228450949),(0.0234171668662867,-0.937224921538059,
-0.347938331811739),(-0.0166669273404054,-0.940433629719244,-0.33956855217484),
(0.0560462109685335,-0.934334931654046,0.351961727645351),(0.115256331186725,
-0.924356356361627,0.363704969137393),(0.115548332543229,-0.924116920743153,
-0.36422039981675),(0.0557739288073172,-0.933931953673271,-0.353072761302006),
(0.128646033334636,-0.922724789561172,0.363358171556049),(0.205914953029752,
-0.903410895319215,0.376095448440006),(0.205583307093746,-0.90333695149039,
-0.376454321155233),(0.199801789269606,-0.905836187453995,-0.37355059430213),
(0.128652101645931,-0.922412796859236,-0.364147317623522),(0.20018111286425,
-0.906031541273304,0.372873126237801),(0.270269517554108,-0.884322541904633,
0.380694142009565),(0.295148302581217,-0.874593002280247,0.384674615546504),
(0.295148235552102,-0.874593007048284,-0.384674656135183),(0.270044163952622,
-0.884001849357071,-0.38159779853716),(0.339444546245242,-0.85759102069879,
0.386413044864131),(0.408117360952284,-0.825563991701727,0.38972338304861),
(0.47329359480656,-0.789607371559917,0.390529604375037),(0.531233503505084,
-0.752262639466429,0.389733095870385),(0.465833698290321,-0.793196689515837,
0.392221847018086),(0.465833704189603,-0.793196634736754,-0.392221950792254),
(0.545025066788763,-0.741938232976544,0.390480902246892),(0.545025037609029,
-0.741938166192292,-0.390481069869585),(0.584871362233522,-0.712606053231853,
0.38745077433969),(0.531090546996219,-0.752067016286701,-0.390305052369139),
(0.382193690867368,-0.837737182602629,0.390031275087253),(0.382193719989563,
-0.837737167670647,-0.390031278622242),(0.407919139958215,-0.825288886188088,
-0.390512777755318),(0.473094099785269,-0.789391422138904,-0.391207304893306),
(0.619703425636652,-0.683735768730344,0.385322024821999),(0.619761686399357,
-0.683585482547055,-0.385494928789388),(0.58474200208794,-0.712431364980479,
-0.387966933109304),(0.339241668570887,-0.85728869551858,-0.387261130041852),
(0.635856446061283,-0.670145729636205,0.382872408319891),(0.687981789734435,
-0.620215980535827,0.376846380481206),(0.687811680741425,-0.620262865049376,
-0.37707966012024),(0.68341749873901,-0.625050834164397,-0.377163064373631),
(0.635852119657598,-0.669974816685466,-0.38317858360589),(0.683564786608301,
-0.625055350403522,0.376888566344321),(0.72879523964629,-0.576474191897478,
0.36950643396977),(0.75066120908023,-0.550940924809554,0.364653049558344),
(0.75066119986632,-0.550940879422901,-0.364653137098774),(0.728705099255109,
-0.576363800099506,-0.369856253501897),(0.771100037487064,-0.525154557667582,
0.360024197448469),(0.809633452975255,-0.471940773630709,0.348949248470625),
(0.849003246515289,-0.408594889628473,0.335027914622044),(0.892026553352285,
-0.32494638707285,0.31416313221437),(0.854247717231083,-0.399856597563923,
0.332228142983231),(0.854247655884566,-0.39985655303906,-0.332228354309872),
(0.806095717391712,-0.477314042795666,0.349829957197491),(0.806095671485057,
-0.477313996325915,-0.34983012638199),(0.89468023377154,-0.319082800711243,
0.312623488542962),(0.894680157590918,-0.319082778541225,-0.312623729188143),
(0.891972512911514,-0.32497821999384,-0.314283618313069),(0.84895928797784,
-0.408518313083508,-0.335232628530641),(0.771024159507798,-0.525064974112451,
-0.360317246902761),(0.809571096644221,-0.471872390058277,-0.349186321294179),
(0.790096407014444,-0.554379646204752,0.261554727536628),(0.790096387656436,
-0.55437961693923,-0.261554848042556),(0.712739051432246,-0.661380848583806,
0.23362024246633),(0.712739029112969,-0.661380836211051,-0.233620345586321),
(0.622984790695867,-0.755659952050406,0.202158322680036),(0.622798532516119,
-0.7557566645782,-0.202370580474048),(0.530784615233654,-0.847506719420019,
-0.000229715431401135),(0.41722789750519,-0.908801893452802,0.),(0.298722040668123,
-0.954340160749338,0.),(0.697754644064935,-0.653564058280766,0.293244741486343),
(0.697754636943493,-0.653564001969028,-0.293244883935054),(0.736456390406195,
-0.603097019667304,0.306440809779464),(0.732814265683108,-0.605906552808522,
0.309613470758332),(0.732814221542931,-0.605906494123283,-0.309613690077911),
(0.736461051213097,-0.602724475113254,-0.307161727996104),(0.771892701107293,
-0.547784269592886,0.322667091541537),(0.781391943790384,-0.529749396796474,
0.329836636493367),(0.781391874910655,-0.529749460397479,-0.329836697521958),
(0.771345100013227,-0.547819531631504,-0.323914336590129),(0.806624088148759,
-0.484613181280809,0.338389782568972),(0.823369234840684,-0.448332006811043,
0.347938952672233),(0.823369238628997,-0.448331919638075,-0.347939056033015),
(0.806107573942613,-0.484647731981609,-0.339569072675114),(0.837179740409462,
-0.418632875499344,0.351961074266881),(0.858143789340648,-0.362364434202606,
0.363704899116164),(0.858082415007436,-0.361991725667191,-0.364220482130666),
(0.836694662962741,-0.418666941849167,-0.353072276980693),(0.863425232567053,
-0.349954355149275,0.363357698526653),(0.885334217374852,-0.273378128427145,
0.376095363495657),(0.885104289281242,-0.273628444045516,-0.376454342125545),
(0.88437827389376,-0.279883966382767,-0.373550577601674),(0.863157975056214,
-0.349793294637266,-0.364146894980119),(0.884737038590182,-0.279653177196576,
0.372873266714757),(0.900980729506422,-0.208100083265,0.380694208523291),
(0.90499402177882,-0.181689725713812,0.38467475107503),(0.904993992393503,
-0.181689786146774,-0.384674791663826),(0.900590312388301,-0.208134932503211,
-0.381597876178872),(0.912417899908688,-0.134827916567403,0.386413002938969),
(0.919018090814239,-0.0593412018306341,0.389723453902183),(0.920466718424214,
0.0150826209183894,0.390529812971547),(0.91709539239711,0.0839284262169842,
0.389733319741501),(0.919845251699158,0.00682534113047764,0.392222038703801),
(0.919845207208647,0.00682537362898507,-0.392222142478093),(0.915049803010889,
0.101036280262426,0.390481149455982),(0.915049730584092,0.101036288384126,
-0.390481317078731),(0.909570641814638,0.150209766994478,0.387450994899189),
(0.916854471756145,0.0839024884720119,-0.390305329260265),(0.916598509831969,
-0.087879567271804,0.390031221096382),(0.916598511461618,-0.0878795345852329,
-0.390031224631349),(0.918680724062442,-0.0593753490352091,-0.390512861712714),
(0.920179964312586,0.015017833047773,-0.391207487106571),(0.901984065690329,
0.194811644896473,0.385322161643312),(0.901883146298997,0.194937116274658,
-0.385494891172818),(0.909354702941682,0.150184969125799,-0.387967136864101),
(0.912054638870282,-0.13485241678562,-0.387261102361543),(0.898291232505287,
0.215595913806462,0.382872385468174),(0.881113415243016,0.285702504425507,
0.376846425541998),(0.881069008970709,0.28553191568149,-0.377079469818539),
(0.883018918729639,0.279330337217057,-0.377163296034682),(0.898141010146642,
0.21567761873068,-0.383178666774957),(0.883096571823462,0.279455571738491,
0.376888615187514),(0.863639031923501,0.342917775084775,0.369506457411971),
(0.852459676511143,0.374620640200453,0.364653089741908),(0.852459632598181,
0.374620654914337,-0.364653177282369),(0.86349832860405,0.342894943863072,
-0.369856315305218),(0.840346836291357,0.405215741749423,0.360024162208),
(0.813529359833625,0.465192725150228,0.348949436388708),(0.778355745303712,
0.530959978413939,0.33502811087336),(0.727425274349826,0.610044310695191,
0.314163029692403),(0.77340958641463,0.539872465998511,0.332227831613545),
(0.77340951718178,0.53987243513342,-0.332228042940023),(0.81641373143412,
0.459442812180118,0.349829846442299),(0.816413668236883,0.459442795658554,
-0.349830015626801),(0.72367438137304,0.615273907810643,0.312623428603437),
(0.723674324082944,0.615273852921317,-0.31262366924859),(0.727425822151369,
0.609981604104115,-0.314283496101808),(0.778267464255536,0.53096020749147,
-0.335232773072492),(0.840231330629813,0.40519476681002,-0.360317237969303),
(0.813438987422206,0.465172914702949,-0.349186444708696),(0.875154948602711,
0.407053969801007,0.261554739214236),(0.875154913579024,0.407053967669227,
-0.261554859720155),(0.929142569175782,0.286558477020257,0.233620044930346),
(0.929142547301016,0.286558463877712,-0.233620148050262),(0.965913131447792,
0.161690408647139,0.202158438478937),(0.965903769430894,0.161481007413776,
-0.202370433719511),(0.999354593191661,0.035921364507419,-0.000229431156748654),
(0.995659645001375,-0.0930691748955336,0.),(0.975844472027538,-0.218466396531125,
0.),(0.914880895927647,0.277490193425061,0.293244162464572),(0.914880843599793,
0.277490215413532,-0.293244304912955),(0.89052632785884,0.336239746399681,
0.306440356890747),(0.891137296110308,0.331683644328451,0.309613112716833),
(0.891137223217386,0.331683635444685,-0.309613332036273),(0.890206073518687,
0.336430027178248,-0.307161168579763),(0.860340284344057,0.394588828378768,
0.322667400977319),(0.849471813327475,0.411831980843481,0.329836410841292),
(0.849471833967858,0.411831889391325,-0.32983647187001),(0.860097010341226,
0.39409705801372,-0.323914559208157),(0.822999103096303,0.456250995881306,
0.338389575873721),(0.799952712759532,0.488891240605663,0.347938230448627),
(0.799952639159971,0.488891287473006,-0.347938333809288),(0.822770696462154,
0.455786436479845,-0.339568999415709),(0.781136516459708,0.515702529750968,
0.351961139135621),(0.742888650808378,0.56199219795052,0.363704855539284),
(0.742535375652088,0.562125329845072,-0.364220166179444),(0.780923606217605,
0.515265254176993,-0.353072285927413),(0.734781406596846,0.572771641328925,
0.363357855851406),(0.679418460763475,0.630033919688367,0.376095486832669),
(0.679520223033782,0.629709809787383,-0.376454276035825),(0.684575954922281,
0.625951815334921,-0.373550648267627),(0.734508218861625,0.572620749028272,
-0.364147160097431),(0.684555498230587,0.6263779962261,0.372873136181797),
(0.630709877933799,0.676222584478962,0.380694189760397),(0.609845471846312,
0.692902599054226,0.384674523061312),(0.609845509490145,0.692902543389295,
-0.384674563650045),(0.630544773635104,0.67586710822419,-0.381597877958103),
(0.572972779645034,0.722763521284206,0.386413102892097),(0.510900352276683,
0.766222195657772,0.389723462117621),(0.447172720524637,0.804688205637645,
0.390529704025522),(0.38586208329914,0.836192853357802,0.389733196771054),
(0.454011794816491,0.800021940932564,0.392222110791835),(0.454011744426713,
0.800021918651912,-0.392222214566088),(0.370025219348304,0.84297431575673,
0.390481292792257),(0.370025176101193,0.842974257094129,-0.390481460415065),
(0.32470054164974,0.862815948260909,0.387450897119871),(0.385764079167586,
0.835971290778103,-0.390305106575327),(0.534405767355536,0.749857364908145,
0.390031291193609),(0.534405739862978,0.749857382662734,-0.390031294728637),
(0.510761095359939,0.765913081457829,-0.390512810440949),(0.447085552687864,
0.8044074027479,-0.391207411716808),(0.282280400435479,0.878546819150749,
0.385322283407134),(0.282121256165487,0.878522152528062,-0.385495038018739),
(0.32461391615219,0.86261654686073,-0.387967135879328),(0.572812519410889,
0.722436602494963,-0.387261117311931),(0.26243622682027,0.88574029438598,
0.382872508484715),(0.193130754325437,0.90591807493199,0.376846060408232),
(0.193256303730465,0.905794305643466,-0.377079138818777),(0.199603008337966,
0.904381790324923,-0.377163381561785),(0.262290435377047,0.885650985838327,
-0.383178886152825),(0.199533427430014,0.90451164933617,0.376888693851637),
(0.134843028849261,0.919392432678063,0.369506308883989),(0.101799381662153,
0.925562077290396,0.364652885598194),(0.101799346962968,0.925562046617654,
-0.364652973138643),(0.134792617810658,0.919259167096149,-0.369856098899889),
(0.0692453048931074,0.930369734652282,0.360023950027359),(0.00389690249449478,
0.937133387710398,0.348949606375163),(-0.0706473810519081,0.939555817478193,
0.335028078514908),(-0.164602455824384,0.93499076481031,0.314162857855625),
(-0.0808385010230238,0.939728535558981,0.332227958198167),(-0.0808385089094974,
0.939728460168982,-0.332228169524687),(0.0103192137511857,0.936756310266184,
0.349830143075238),(0.0103191964605999,0.936756247274918,-0.349830312259844),
(-0.171006334530444,0.934357205575298,0.312623489104678),(-0.171006315639816,
0.934357128515948,-0.312623729749884),(-0.164547876055553,0.934959885814082,
-0.314283325049428),(-0.0706917463943009,0.939479496881016,-0.335232683269272),
(0.069205557010855,0.930259262480827,-0.360316937497318),(0.00386896546694215,
0.93704519546552,-0.349186673229666),(0.0850569412234099,0.961433309117298,
0.261555555990462),(0.085056925557607,0.961433277719784,-0.261555676496764),
(0.216405507741522,0.947940032816253,0.233620098457847),(0.216405508185873,
0.947940007300868,-0.233620201577783),(0.342929873850082,0.91735007085799,
0.202158227925573),(0.343106711320293,0.917237152537849,-0.202370429290524),
(0.468568985924075,0.883426880216471,-0.000229654254645856),(0.578429981102309,
0.815732037474305,0.),(0.677120468385955,0.735872184073284,0.),(0.217127093552095,
0.931055029975578,0.29324453345765),(0.217127048345451,0.931054995652475,
-0.293244675906249),(0.154068778363002,0.939338471603971,0.306440936068353),
(0.158320963124629,0.937589281986502,0.309613970840021),(0.158320934371643,
0.937589214417111,-0.309614190159938),(0.153743820658905,0.939156238476762,
-0.307161842258085),(0.088448658037994,0.942370898411831,0.322666894362834),
(0.068079283982428,0.941580159678331,0.329836344256616),(0.0680793735027304,
0.941580131827226,-0.329836405285559),(0.0887529243865185,0.941914256616803,
-0.323914265809422),(0.0163787725475264,0.940863817465386,0.338388848507596),
(-0.0234154246979157,0.937225181733539,0.347937748183136),(-0.0234155020858996,
0.937225141428188,-0.347937851543891),(0.0166669586639627,0.940433654385811,
-0.339568482323439),(-0.0560442520523398,0.934335146161432,0.351961470134714),
(-0.115254383226543,0.92435675189177,0.363704581190788),(-0.115546416665942,
0.924117291035077,-0.364220068098467),(-0.0557718276479694,0.933932182165484,
-0.353072488812739),(-0.128645592356989,0.922724819980769,0.363358250434165),
(-0.205915096041508,0.903410833384324,0.376095518912493),(-0.205583414314065,
0.903336881450182,-0.376454430669677),(-0.199801922800562,0.905836101351658,
-0.373550731672723),(-0.12865178769861,0.922412849479347,-0.364147295249249),
(-0.20018125249373,0.90603146587226,0.372873234490498),(-0.270271743970018,
0.884321722929059,0.38069446379897),(-0.295150282916942,0.874592204743231,
0.384674909366887),(-0.295150215887789,0.874592209511365,-0.384674949955701),
(-0.270046263492867,0.88400112833214,-0.381597983067317),(-0.339444554730233,
0.857591068945515,0.386412930333449),(-0.408117244744005,0.825564123300561,
0.389723225971379),(-0.473295250640638,0.789606368821402,0.390529625044881),
(-0.531233698767174,0.752262498118382,0.389733102544341),(-0.465832941874696,
0.793197109618638,0.392221895815371),(-0.46583294777405,0.793197054839486,
-0.392221999589652),(-0.545023867218678,0.741938831230455,0.390481439859033),
(-0.545023838038977,0.741938764445978,-0.390481607481887),(-0.584871286435535,
0.712606088416701,0.387450824046989),(-0.531090758962325,0.752066906715464,
-0.390304975074948),(-0.382194010532036,0.837737069197106,0.390031205426541),
(-0.382194039654256,0.837737054265118,-0.390031208961492),(-0.407918894250646,
0.825289043801302,-0.390512701323354),(-0.473095776049113,0.789390449117721,
-0.391207241147464),(-0.619703286002482,0.683735543108703,0.385322649746383),
(-0.619761472376469,0.683585448105191,-0.385495333949163),(-0.584741981594573,
0.712431351001154,-0.387966989667322),(-0.339241893906945,0.857288679195819,
-0.387260968780897),(-0.635855416902143,0.670146656172056,0.382872495770607),
(-0.687982489760712,0.620215180906507,0.376846418525851),(-0.687812597157763,
0.620262005979953,-0.377079401623607),(-0.683415071028722,0.625053162444482,
-0.377163604830795),(-0.635850904345545,0.66997577327756,-0.383178927740146),
(-0.68356225331261,0.625057984363444,0.376888792655999),(-0.728795156847416,
0.57647432876011,0.369506383755857),(-0.750661395498524,0.550940867260584,
0.364652752753033),(-0.750661386284666,0.550940821873938,-0.364652840293412),
(-0.728704896456832,0.576363983887655,-0.369856366657368),(-0.771101068250603,
0.525153182415702,0.360023995785612),(-0.809634289836068,0.471939450719382,
0.348949095967211),(-0.849002893437789,0.408595593369779,0.335027951092235),
(-0.892026461047786,0.324946725478552,0.314163044280082),(-0.854247439958259,
0.399857096886924,0.332228254960233),(-0.85424737861177,0.399857052361881,
-0.332228466286961),(-0.806095903189956,0.477313748185337,0.349829931043121),
(-0.80609585728328,0.477313701715636,-0.349830100227596),(-0.894680124559284,
0.319083208263442,0.312623385118408),(-0.894680048378604,0.31908318609367,
-0.312623625763587),(-0.891972345552276,0.324978602349431,-0.314283697930678),
(-0.848959083932207,0.408518815960036,-0.335232532454113),(-0.771025207555573,
0.525063575839067,-0.360317041840901),(-0.80957187949568,0.471871283351431,
-0.349186001835849)),$,(28,28,28,22,22,26,26,38,38,14,14,48,8,8,24,24,5,
5,5,5,80,80,4,4,20,20,30,30,25,25,9,9,3,3,21,21,18,18,2,2,19,19,16,16,16,
12,12,10,10,6,6,1,1,1,7,7,17,17,17,13,13,11,11,67,58,58,58,56,56,90,90,
182,182,60,60,280,62,62,126,126,66,66,66,66,365,365,92,92,156,156,375,375,
127,127,63,63,123,123,157,157,189,189,153,153,190,190,249,249,249,230,230,
215,215,195,195,181,181,181,196,196,250,250,250,231,231,216,216,444,518,
518,518,511,511,504,504,552,552,499,499,528,487,487,474,474,445,445,445,
445,513,513,400,400,414,414,475,475,488,488,349,349,415,415,358,358,401,
401,304,304,359,359,312,312,312,293,293,276,276,255,255,236,236,236,256,
256,313,313,313,294,294,277,277,468,1302,1302,1302,1304,1304,1270,1270,
1178,1178,1300,1300,1080,1298,1298,1234,1234,1295,1295,1295,1295,996,996,
1269,1269,1204,1204,985,985,1235,1235,1299,1299,1238,1238,1205,1205,1171,
1171,1208,1208,1172,1172,1111,1111,1111,1130,1130,1145,1145,1165,1165,1180,
1180,1180,1166,1166,1112,1112,1112,1131,1131,1146,1146,917,1332,1332,1332,
1338,1338,1334,1334,1322,1322,1346,1346,1312,1352,1352,1336,1336,1356,1356,
1356,1356,1281,1281,1357,1357,1340,1340,1330,1330,1337,1337,1353,1353,1358,
1358,1341,1341,1342,1342,1359,1359,1343,1343,1344,1344,1344,1348,1348,1350,
1350,1354,1354,1360,1360,1360,1355,1355,1345,1345,1345,1349,1349,1351,1351,
1294,27,27,39,39,31,31,15,15,49,23,23,29,29,29,91,91,183,183,376,376,61,
61,281,57,57,59,59,59,505,505,553,553,500,500,529,512,512,519,519,519,402,
402,1271,1271,1179,1179,986,986,1301,1301,1081,1305,1305,1303,1303,1303,
1335,1335,1323,1323,1331,1331,1347,1347,1313,1339,1339,1333,1333,1333,961,
961,916,916,916,916,887,887,886,886,947,947,1012,1012,946,946,874,874,848,
848,873,873,857,857,809,809,862,862,833,850,850,843,843,843,1003,1003,960,
960,1057,1057,1002,1002,1049,1049,1049,1068,1068,1085,1085,1108,1108,1125,
1125,1125,1107,1107,1048,1048,1048,1067,1067,1084,1084,893,842,842,842,
849,849,856,856,808,808,861,861,832,959,959,910,950,950,911,884,951,951,
1314,1328,1328,1315,1278,1329,1329,927,966,966,928,909,967,967,450,410,
410,451,477,411,411,433,394,394,434,452,395,395,679,679,679,1022,1022,820,
820,820,1004,1004,680,680,680,538,538,538,521,521,539,539,539,560,560,598,
598,628,628,732,732,964,964,719,719,709,709,698,698,689,689,673,673,662,
662,1060,1060,954,954,929,929,1095,1095,1132,1132,1267,1267,822,822,822,
821,821,821,1286,1286,1143,1143,1154,1154,1161,1161,1176,1176,1186,1186,
1196,1196,1206,1206,968,968,997,997,269,269,540,540,540,93,93,541,541,541,
117,117,145,145,167,167,197,197,211,211,223,223,234,234,243,243,257,257,
261,261,550,550,502,502,520,520,586,586,614,614,74,74,681,681,681,338,338,
682,682,682,300,300,265,265,228,228,217,217,206,206,199,199,184,184,174,
174,164,164,154,154,180,180,166,166,208,208,245,245,356,356,839,839,823,
823,823,800,800,764,764,728,728,696,696,685,685,669,669,660,660,647,647,
635,635,624,624,396,396,407,407,432,432,393,393,364,364,1091,1091,1243,
1243,1215,1215,1193,1193,1163,1163,1149,1149,1137,1137,1126,1126,1117,1117,
1103,1103,1099,1099,811,811,858,858,841,841,775,775,747,747,1181,1181,1195,
1195,1153,1153,1116,1116,802,802,942,942,900,905,796,796,825,936,936,894,
791,791,816,785,785,934,934,889,806,812,776,776,798,940,940,898,891,768,
768,789,948,948,907,760,760,778,783,955,955,912,751,751,772,918,741,741,
766,904,904,748,755,739,730,721,705,712,694,687,639,639,668,668,683,1097,
1015,1015,1076,1113,1121,1147,1135,1159,1173,1184,1217,1217,1200,1191,1292,
1292,1228,1230,1230,1211,1308,1308,1236,1247,1247,1221,1316,1316,1245,1257,
1257,1241,1226,1276,1276,1320,1320,1255,1251,1288,1288,1259,1324,1324,1274,
1264,1310,1310,1284,1272,1326,1326,1282,1318,1318,1296,1290,1306,1064,1064,
1082,1021,1021,1069,1072,1058,1044,1050,1039,1035,1031,1093,1093,1025,1027,
866,866,1101,1101,1029,851,877,877,854,1105,1105,1033,1119,1119,902,902,
863,1042,1037,1128,1128,1046,922,922,868,1139,1139,1053,938,938,882,871,
1151,1151,1074,1062,957,957,896,1167,1167,1087,914,920,716,716,671,691,
691,677,664,653,633,642,626,619,617,617,612,609,609,405,405,442,457,457,
596,605,602,602,588,412,412,448,592,592,582,420,420,453,584,584,571,577,
426,426,462,575,575,562,424,424,471,469,569,569,554,564,564,418,418,466,
544,548,558,558,535,460,455,263,346,346,284,247,239,213,225,201,187,176,
143,143,160,169,68,68,132,130,130,149,52,52,124,113,113,139,44,44,115,103,
103,119,134,84,84,40,40,105,109,72,72,101,36,36,86,96,50,50,76,88,34,34,
78,42,42,64,32,32,70,46,54,297,297,278,340,340,291,288,302,316,310,321,
325,329,267,267,335,333,494,494,259,259,331,509,483,483,506,253,253,327,
241,241,458,458,497,318,323,232,232,314,438,438,492,221,221,307,422,422,
478,489,209,209,286,298,403,403,464,193,193,273,446,440,47,83,33,33,757,
757,757,758,758,758,734,734,745,745,745,723,723,735,735,733,733,746,746,
746,1061,1061,949,949,761,761,956,956,752,752,742,742,1023,1023,1005,1005,
965,965,714,714,702,702,715,715,720,720,692,692,675,675,693,693,699,699,
710,710,666,666,667,667,641,641,641,690,690,644,644,644,651,651,651,645,
645,645,640,640,640,594,594,594,595,595,595,561,561,674,674,663,663,629,
629,599,599,656,656,656,522,522,503,503,495,495,260,260,268,268,270,270,
262,262,258,258,244,244,655,655,655,652,652,652,676,676,703,703,724,724,
1096,1096,803,803,943,943,906,797,797,826,937,937,895,901,792,792,817,786,
786,935,935,890,807,813,777,777,799,941,941,899,892,769,769,790,908,779,
784,913,773,756,767,749,740,731,713,722,706,695,688,684,510,484,484,507,
332,254,254,328,334,336,242,242,459,459,498,319,324,233,233,315,439,439,
493,222,222,308,423,423,479,490,210,210,287,299,404,404,465,194,194,274,
441,447,330,326,322,235,235,311,317,224,224,212,212,198,198,168,168,146,
146,118,118,94,94,1133,1133,1144,1144,1155,1155,1162,1162,1177,1177,1187,
1187,1197,1197,1207,1207,1287,1287,1268,1268,1098,1077,1114,1122,1136,1160,
1148,1174,1185,1218,1218,1192,1293,1293,1229,1231,1231,1212,1201,1309,1309,
1237,1248,1248,1222,1317,1317,1246,1258,1258,1242,1227,1277,1277,1321,1321,
1256,1252,1289,1289,1260,1325,1325,1275,1265,1311,1311,1285,1273,1327,1327,
1283,1319,1319,1297,1307,1291,303,289,279,292,75,75,155,155,165,165,175,
175,185,185,200,200,207,207,218,218,229,229,266,266,301,301,339,339,144,
144,69,69,133,170,177,131,131,150,161,53,53,125,114,114,140,45,45,116,104,
104,120,135,85,85,41,41,106,110,73,73,102,37,37,87,97,51,51,77,89,35,35,
79,43,43,65,55,71,188,202,226,214,240,248,264,285,357,357,397,397,625,625,
636,636,648,648,661,661,670,670,686,686,697,697,729,729,765,765,801,801,
840,840,406,406,610,610,443,618,618,603,603,413,413,449,606,589,597,613,
620,593,593,583,421,421,454,585,585,572,578,427,427,463,576,576,563,425,
425,472,470,570,570,555,565,565,419,419,467,545,549,559,559,536,456,461,
627,643,634,654,665,672,678,1092,1092,859,859,1100,1100,1104,1104,1118,
1118,1127,1127,1138,1138,1150,1150,1164,1164,1194,1194,1216,1216,1244,1244,
1032,1094,1094,1028,1036,867,867,852,1102,1102,1030,1026,878,878,855,1106,
1106,1034,1120,1120,903,903,864,1043,1038,1129,1129,1047,923,923,869,1140,
1140,1054,939,939,883,872,1152,1152,1075,1063,958,958,897,1168,1168,1088,
921,915,1040,1051,1045,1059,1073,1083,1070,919,159,159,148,148,138,138,
128,112,98,366,366,344,392,392,345,347,399,399,348,352,409,409,353,360,
417,417,361,367,429,429,374,368,373,379,431,431,380,383,388,390,385,437,
437,435,435,381,386,436,436,389,391,430,430,382,384,377,428,428,372,378,
371,369,416,416,370,362,354,350,342,398,398,408,408,387,387,343,351,363,
355,473,473,480,480,482,482,486,485,481,341,341,305,337,337,306,295,320,
320,296,282,309,309,283,271,290,290,272,251,275,275,238,252,237,219,246,
246,220,204,191,178,171,203,203,186,186,162,172,227,227,192,179,173,173,
163,205,151,158,158,142,152,141,136,147,147,137,121,107,99,81,111,111,129,
129,95,95,82,100,122,108,846,846,853,853,860,860,865,870,885,657,657,658,
646,646,659,649,632,632,650,637,623,623,638,630,611,611,631,621,604,604,
616,622,615,607,587,587,608,600,590,580,573,566,566,551,551,567,574,579,
579,591,581,537,537,568,601,556,532,532,547,557,546,542,525,525,543,533,
530,526,523,516,516,517,517,514,514,524,527,534,531,1202,1202,1213,1213,
1223,1223,1233,1249,1263,995,995,1016,969,969,1017,1013,962,962,1014,1008,
952,952,1009,1000,944,944,1001,993,932,932,988,994,987,981,930,930,982,
977,972,970,975,924,924,926,926,979,976,925,925,973,971,931,931,980,978,
983,933,933,990,984,989,991,945,945,992,998,1006,1010,1018,963,963,953,
953,974,974,1019,1011,999,1007,888,888,881,881,879,879,875,876,880,1020,
1020,1055,1024,1024,1056,1065,1041,1041,1066,1078,1052,1052,1079,1089,1071,
1071,1090,1109,1086,1086,1124,1110,1123,1141,1115,1115,1142,1156,1169,1182,
1189,1158,1158,1175,1175,1198,1190,1134,1134,1170,1183,1188,1188,1199,1157,
1209,1203,1203,1220,1210,1219,1224,1214,1214,1225,1239,1253,1261,1279,1250,
1250,1232,1232,1266,1266,1280,1262,1240,1254,515,515,508,508,501,501,496,
491,476,704,704,700,711,711,701,707,725,725,708,717,736,736,718,726,750,
750,727,737,759,759,744,738,743,753,774,774,754,762,770,780,787,795,795,
810,810,793,788,782,782,771,781,824,824,794,763,804,829,829,815,805,814,
818,836,836,819,827,830,834,837,845,845,844,844,847,847,838,835,828,831),
((1,4,6),(3,9,5),(2,7,8),(6,4,10),(12,11,5),(5,9,12),(6,10,13),(6,13,15),
(8,7,16),(12,14,11),(15,13,17),(18,14,21),(21,14,12),(15,17,23),(15,23,
25),(27,16,26),(27,8,16),(24,20,29),(29,20,31),(19,22,32),(25,23,33),(24,
35,34),(29,35,24),(25,33,37),(26,38,27),(37,33,39),(34,41,40),(34,35,41),
(37,39,43),(27,38,45),(43,39,46),(46,39,48),(48,39,50),(50,39,52),(40,55,
53),(40,41,57),(40,57,60),(60,62,40),(40,62,55),(44,47,28),(28,47,49),(64,
49,51),(28,49,64),(56,51,54),(64,51,56),(65,68,70),(67,73,69),(66,71,72),
(70,68,74),(76,75,69),(69,73,76),(70,74,77),(70,77,79),(72,71,80),(76,78,
75),(79,77,81),(82,78,85),(85,78,76),(79,81,87),(79,87,89),(91,80,90),(72,
80,91),(88,84,93),(93,84,95),(83,86,96),(89,87,97),(88,99,98),(93,99,88),
(89,97,101),(91,90,102),(101,97,103),(98,105,104),(98,99,105),(101,103,
107),(102,109,91),(107,103,110),(110,103,112),(112,103,114),(114,103,116),
(104,119,117),(104,105,121),(104,121,124),(124,126,104),(104,126,119),(108,
111,92),(92,111,113),(128,113,115),(92,113,128),(120,115,118),(128,115,
120),(129,132,134),(131,137,133),(130,135,136),(134,132,138),(140,139,133),
(133,137,140),(134,138,141),(134,141,143),(136,135,144),(140,142,139),(143,
141,145),(146,142,149),(149,142,140),(143,145,151),(143,151,153),(136,144,
154),(152,148,155),(155,148,157),(147,150,158),(153,151,159),(152,161,160),
(155,161,152),(153,159,163),(165,154,164),(165,136,154),(163,159,167),(160,
169,168),(160,161,169),(163,167,171),(164,173,165),(171,167,174),(174,167,
176),(176,167,178),(178,167,180),(168,183,181),(168,169,185),(168,185,188),
(188,190,168),(168,190,183),(172,175,166),(166,175,177),(192,177,179),(166,
177,192),(184,179,182),(192,179,184),(193,196,198),(195,201,197),(194,199,
200),(198,196,202),(204,203,197),(197,201,204),(198,202,205),(198,205,207),
(200,199,208),(204,206,203),(207,205,209),(210,206,213),(213,206,204),(207,
209,215),(207,215,217),(219,208,218),(200,208,219),(216,212,221),(221,212,
223),(211,214,224),(217,215,225),(216,227,226),(221,227,216),(217,225,229),
(219,218,230),(229,225,231),(226,233,232),(226,227,233),(229,231,235),(230,
237,219),(235,231,238),(238,231,240),(240,231,242),(242,231,244),(232,247,
245),(232,233,249),(232,249,252),(252,254,232),(232,254,247),(236,239,220),
(220,239,241),(256,241,243),(220,241,256),(248,243,246),(256,243,248),(257,
260,262),(259,265,261),(258,263,264),(262,260,266),(268,267,261),(261,265,
268),(262,266,269),(262,269,271),(264,263,272),(268,270,267),(271,269,273),
(274,270,277),(277,270,268),(271,273,279),(271,279,281),(283,272,282),(283,
264,272),(280,276,285),(285,276,287),(275,278,288),(281,279,289),(280,291,
290),(285,291,280),(281,289,293),(282,294,283),(293,289,295),(290,297,296),
(290,291,297),(293,295,299),(283,294,301),(299,295,302),(302,295,304),(304,
295,306),(306,295,308),(296,311,309),(296,297,313),(296,313,316),(316,318,
296),(296,318,311),(300,303,284),(284,303,305),(320,305,307),(284,305,320),
(312,307,310),(320,307,312),(29,31,321),(30,322,323),(30,325,36),(323,325,
30),(321,31,327),(329,328,32),(32,22,329),(321,327,330),(330,332,321),(323,
322,334),(329,331,328),(333,331,324),(324,331,329),(36,325,42),(42,325,
58),(326,61,59),(326,63,61),(56,63,64),(64,63,326),(93,95,336),(337,94,
335),(339,100,94),(339,94,337),(336,95,341),(343,342,96),(96,86,343),(336,
341,344),(344,346,336),(337,335,348),(343,345,342),(347,345,338),(338,345,
343),(339,106,100),(122,106,339),(340,125,123),(340,127,125),(120,127,128),
(128,127,340),(155,157,350),(351,156,349),(162,156,351),(350,157,353),(355,
354,158),(158,150,355),(350,353,356),(356,358,350),(351,349,360),(355,357,
354),(359,357,352),(352,357,355),(162,361,170),(351,361,162),(170,361,186),
(362,189,187),(362,191,189),(184,191,192),(192,191,362),(221,223,363),(365,
222,364),(367,228,222),(367,222,365),(363,223,369),(371,370,224),(224,214,
371),(363,369,372),(372,374,363),(365,364,376),(371,373,370),(375,373,366),
(366,373,371),(367,234,228),(250,234,367),(368,253,251),(368,255,253),(248,
255,256),(256,255,368),(285,287,378),(286,377,379),(286,381,292),(379,381,
286),(378,287,383),(385,384,288),(288,278,385),(378,383,386),(386,388,378),
(379,377,390),(385,387,384),(389,387,380),(380,387,385),(292,381,298),(298,
381,314),(382,317,315),(382,319,317),(312,319,320),(320,319,382),(391,393,
397),(399,394,392),(397,401,391),(391,401,403),(405,392,404),(399,392,405),
(397,393,407),(396,409,408),(399,411,394),(395,412,410),(397,407,413),(415,
398,414),(415,402,398),(413,407,417),(419,418,408),(408,409,419),(413,417,
420),(420,422,413),(414,424,415),(419,421,418),(423,421,416),(416,421,419),
(403,401,426),(427,425,402),(427,402,415),(403,426,429),(431,404,430),(405,
404,431),(429,426,433),(434,425,427),(429,433,436),(436,438,429),(429,438,
440),(429,440,442),(445,430,444),(431,430,447),(447,430,450),(450,430,452),
(452,430,445),(428,437,435),(428,439,437),(441,439,454),(454,439,428),(441,
446,443),(454,446,441),(455,458,460),(457,463,459),(456,461,462),(460,458,
464),(466,465,459),(459,463,466),(460,464,411),(460,411,399),(462,461,400),
(466,412,465),(410,412,466),(462,400,406),(467,406,432),(462,406,467),(467,
432,449),(448,451,468),(468,451,453),(454,453,446),(468,453,454),(469,468,
454),(467,470,462),(469,471,468),(454,428,472),(454,473,469),(472,473,454),
(427,415,474),(472,428,475),(476,284,320),(477,264,283),(476,478,284),(320,
382,479),(320,480,476),(479,480,320),(379,481,381),(479,382,482),(483,220,
256),(219,484,200),(483,485,220),(256,368,486),(256,487,483),(486,487,256),
(365,488,367),(486,368,489),(490,166,192),(491,136,165),(490,492,166),(192,
362,493),(192,494,490),(493,494,192),(351,495,361),(493,362,496),(497,92,
128),(91,498,72),(497,499,92),(128,340,500),(128,501,497),(500,501,128),
(337,502,339),(500,340,503),(504,507,509),(504,512,507),(505,511,514),(518,
520,504),(517,506,522),(504,520,525),(504,525,527),(529,504,527),(531,533,
504),(533,512,504),(531,504,535),(535,504,537),(537,504,539),(539,504,541),
(541,504,543),(543,504,545),(545,504,529),(522,506,516),(509,507,547),(508,
549,548),(513,551,508),(508,551,549),(509,547,553),(553,555,509),(509,557,
559),(510,561,562),(565,557,509),(509,555,567),(509,567,569),(569,571,509),
(509,571,573),(509,573,575),(575,577,509),(509,577,579),(509,579,565),(514,
511,564),(548,581,554),(548,549,581),(554,583,556),(554,581,583),(585,520,
518),(587,590,518),(588,519,592),(518,590,595),(518,595,597),(597,599,518),
(518,599,601),(518,601,603),(603,605,518),(518,605,607),(518,607,609),(609,
611,518),(518,611,613),(518,613,585),(592,519,524),(521,615,526),(585,617,
520),(618,619,521),(521,619,615),(526,621,528),(526,615,621),(528,623,530),
(528,621,623),(625,590,587),(627,630,587),(628,589,632),(587,630,635),(587,
635,637),(637,639,587),(587,639,641),(587,641,643),(643,645,587),(587,645,
647),(587,647,649),(649,651,587),(587,651,653),(587,653,625),(632,589,594),
(591,655,596),(626,657,591),(591,657,655),(596,659,598),(596,655,659),(598,
661,600),(598,659,661),(627,663,630),(559,665,627),(560,629,667),(627,665,
670),(627,670,672),(672,674,627),(627,674,676),(627,676,678),(678,680,627),
(627,680,682),(627,682,684),(684,686,627),(627,686,688),(627,688,690),(690,
663,627),(667,629,634),(631,692,636),(664,694,631),(631,694,692),(636,696,
638),(636,692,696),(638,698,640),(638,696,698),(700,665,559),(559,557,702),
(559,702,704),(704,706,559),(559,706,708),(559,708,710),(710,712,559),(559,
712,714),(559,714,716),(716,718,559),(559,718,720),(559,720,700),(562,561,
669),(666,722,671),(700,724,665),(725,726,666),(666,726,722),(671,728,673),
(671,722,728),(673,730,675),(673,728,730),(558,732,703),(566,734,558),(558,
734,732),(703,736,705),(703,732,736),(705,738,707),(705,736,738),(462,470,
740),(466,463,741),(740,470,742),(743,471,744),(745,744,471),(745,471,469),
(740,742,746),(748,741,747),(748,466,741),(746,742,749),(750,743,751),(751,
743,744),(746,749,752),(754,747,753),(748,747,754),(752,749,755),(755,749,
757),(758,750,759),(759,750,751),(756,760,753),(753,760,761),(753,761,754),
(755,757,762),(763,764,756),(756,764,760),(762,757,765),(767,766,758),(767,
758,768),(768,758,759),(762,765,769),(763,770,771),(771,764,763),(769,765,
772),(774,773,766),(774,766,767),(769,772,775),(777,770,776),(771,770,778),
(778,770,777),(775,772,779),(781,780,773),(781,773,774),(775,779,782),(784,
776,783),(777,776,784),(782,779,533),(785,534,780),(785,780,781),(782,533,
786),(788,783,787),(784,783,788),(786,533,531),(534,789,513),(789,534,785),
(532,791,787),(787,791,792),(787,792,788),(536,793,532),(532,793,791),(536,
538,794),(794,793,536),(538,540,795),(794,538,795),(796,540,542),(795,540,
797),(797,540,796),(798,542,544),(796,542,798),(799,544,546),(798,544,799),
(530,800,546),(546,800,802),(546,802,804),(799,546,804),(530,623,800),(513,
789,551),(805,568,556),(556,583,806),(556,806,808),(805,556,808),(809,570,
568),(809,568,805),(810,572,570),(810,570,809),(574,572,811),(811,572,812),
(812,572,810),(576,574,813),(813,574,811),(576,814,578),(813,814,576),(578,
815,580),(578,814,815),(565,579,816),(818,817,580),(580,815,819),(580,819,
818),(565,816,820),(822,566,821),(734,566,822),(820,816,823),(825,824,817),
(825,817,818),(820,823,826),(828,821,827),(822,821,828),(826,823,829),(831,
830,824),(831,824,825),(826,829,832),(834,827,833),(828,827,834),(832,829,
835),(836,830,837),(837,830,838),(838,830,831),(832,835,839),(832,839,841),
(843,833,842),(834,833,843),(836,844,840),(837,844,836),(841,839,845),(840,
847,846),(840,844,847),(841,845,848),(842,849,850),(843,842,851),(851,842,
850),(848,845,852),(854,853,846),(846,847,855),(846,855,854),(848,852,856),
(849,857,858),(850,849,858),(856,852,859),(861,860,853),(861,853,854),(856,
859,477),(857,478,862),(858,857,862),(477,859,264),(268,265,860),(861,268,
860),(863,862,478),(863,478,476),(707,864,709),(707,738,864),(866,711,709),
(709,864,867),(709,867,869),(866,709,869),(870,713,711),(870,711,866),(871,
715,713),(871,713,870),(717,715,872),(872,715,873),(873,715,871),(719,717,
874),(874,717,872),(719,875,721),(874,875,719),(721,876,701),(721,875,876),
(877,724,700),(879,878,701),(701,876,880),(701,880,879),(724,877,881),(881,
877,883),(885,884,878),(885,878,879),(886,725,882),(726,725,886),(881,883,
887),(889,882,888),(886,882,889),(887,883,890),(892,891,884),(892,884,885),
(887,890,893),(887,893,895),(897,888,896),(889,888,897),(894,891,898),(898,
891,899),(899,891,892),(895,893,900),(894,902,901),(898,902,894),(895,900,
903),(905,896,904),(897,896,905),(903,900,906),(901,908,907),(901,902,908),
(903,906,909),(904,910,911),(905,904,912),(912,904,911),(909,906,913),(915,
914,907),(907,908,916),(907,916,915),(909,913,917),(910,918,919),(911,910,
919),(917,913,920),(922,921,914),(922,914,915),(917,920,200),(200,484,917),
(918,485,923),(919,918,923),(204,201,921),(922,204,921),(924,923,485),(924,
485,483),(675,925,677),(675,730,925),(927,679,677),(677,925,928),(677,928,
930),(927,677,930),(931,681,679),(931,679,927),(932,683,681),(932,681,931),
(685,683,933),(933,683,934),(934,683,932),(687,685,935),(935,685,933),(687,
936,689),(935,936,687),(690,688,937),(689,939,938),(689,936,939),(690,937,
940),(690,940,942),(944,691,943),(691,945,664),(945,691,944),(947,941,938),
(938,939,948),(938,948,947),(942,940,949),(951,950,941),(951,941,947),(942,
949,952),(954,943,953),(944,943,954),(952,949,955),(957,956,950),(957,950,
951),(952,955,958),(960,953,959),(954,953,960),(958,955,961),(962,956,963),
(963,956,964),(964,956,957),(958,961,965),(967,959,966),(960,959,967),(965,
961,968),(962,970,969),(963,970,962),(965,968,971),(966,972,973),(967,966,
974),(974,966,973),(971,968,975),(969,977,976),(969,970,977),(971,975,978),
(971,978,980),(972,981,982),(973,972,982),(983,979,976),(976,977,984),(976,
984,983),(980,978,985),(987,986,979),(987,979,983),(980,985,491),(981,492,
988),(982,981,988),(491,985,136),(140,137,986),(987,140,986),(989,988,492),
(989,492,490),(664,945,694),(990,642,640),(640,698,991),(640,991,993),(990,
640,993),(994,644,642),(994,642,990),(995,646,644),(995,644,994),(648,646,
996),(996,646,997),(997,646,995),(650,648,998),(998,648,996),(650,999,652),
(998,999,650),(652,1000,654),(652,999,1000),(625,653,1001),(1003,1002,654),
(654,1000,1004),(654,1004,1003),(625,1001,1005),(1007,626,1006),(657,626,
1007),(1005,1001,1008),(1010,1009,1002),(1010,1002,1003),(1005,1008,1011),
(1013,1006,1012),(1007,1006,1013),(1011,1008,1014),(1016,1015,1009),(1016,
1009,1010),(1011,1014,1017),(1019,1012,1018),(1013,1012,1019),(1017,1014,
1020),(1021,1015,1022),(1022,1015,1023),(1023,1015,1016),(1017,1020,1024),
(1017,1024,1026),(1028,1018,1027),(1019,1018,1028),(1021,1029,1025),(1022,
1029,1021),(1026,1024,1030),(1025,1032,1031),(1025,1029,1032),(1026,1030,
1033),(1027,1034,1035),(1028,1027,1036),(1036,1027,1035),(1033,1030,1037),
(1039,1038,1031),(1031,1032,1040),(1031,1040,1039),(1033,1037,1041),(1034,
1042,1043),(1035,1034,1043),(1041,1037,1044),(1046,1045,1038),(1046,1038,
1039),(1041,1044,1047),(1042,1048,1049),(1043,1042,1049),(1047,1044,8),
(12,9,1045),(1046,12,1045),(1047,8,27),(1050,1048,28),(1051,1049,1048),
(1051,1048,1050),(1050,28,64),(600,1052,602),(600,661,1052),(1054,604,602),
(602,1052,1055),(602,1055,1057),(1054,602,1057),(1058,606,604),(1058,604,
1054),(1059,608,606),(1059,606,1058),(610,608,1060),(1060,608,1061),(1061,
608,1059),(612,610,1062),(1062,610,1060),(612,1063,614),(1062,1063,612),
(614,1064,586),(614,1063,1064),(1065,617,585),(1067,1066,586),(586,1064,
1068),(586,1068,1067),(617,1065,1069),(1069,1065,1071),(1073,1072,1066),
(1073,1066,1067),(1074,618,1070),(619,618,1074),(1069,1071,1075),(1077,
1070,1076),(1074,1070,1077),(1075,1071,1078),(1080,1079,1072),(1080,1072,
1073),(1075,1078,1081),(1075,1081,1083),(1085,1076,1084),(1077,1076,1085),
(1082,1079,1086),(1086,1079,1087),(1087,1079,1080),(1083,1081,1088),(1082,
1090,1089),(1086,1090,1082),(1083,1088,1091),(1093,1084,1092),(1085,1084,
1093),(1091,1088,1094),(1089,1096,1095),(1089,1090,1096),(1091,1094,1097),
(1092,1098,1099),(1093,1092,1100),(1100,1092,1099),(1097,1094,1101),(1103,
1102,1095),(1095,1096,1104),(1095,1104,1103),(1097,1101,1105),(1098,1106,
1107),(1099,1098,1107),(1105,1101,1108),(1110,1109,1102),(1110,1102,1103),
(1105,1108,72),(72,498,1105),(1106,499,1111),(1107,1106,1111),(76,73,1109),
(1110,76,1109),(1112,1111,499),(1112,499,497),(64,326,1113),(64,1114,1050),
(1113,1114,64),(323,1115,325),(1113,326,1116),(1117,1121,1124),(1125,1120,
1119),(1128,1118,1123),(1126,1118,1128),(1124,1121,1130),(1122,1132,1131),
(1134,1120,1125),(1136,1137,1122),(1139,1141,1122),(1122,1143,1139),(1122,
1141,1145),(1122,1145,1147),(1147,1132,1122),(1122,1137,1149),(1122,1149,
1151),(1151,1153,1122),(1122,1153,1143),(1124,1130,1155),(1157,1123,1156),
(1128,1123,1157),(1155,1130,1159),(1131,1161,1160),(1131,1132,1161),(1155,
1159,1163),(1165,1156,1164),(1157,1156,1165),(1163,1159,1167),(1160,1169,
1168),(1160,1161,1171),(1160,1171,1169),(1163,1167,1173),(1165,1164,1174),
(1173,1167,1175),(1177,1176,1168),(1168,1180,1177),(1168,1169,1180),(1173,
1175,1182),(1185,1174,1184),(1165,1174,1185),(1182,1175,1188),(1189,1176,
1177),(1190,1179,1183),(1183,1179,1191),(1195,1184,1193),(1185,1184,1195),
(1178,1197,1192),(1177,1200,1198),(1177,1180,1202),(1177,1202,1204),(1204,
1206,1177),(1177,1206,1208),(1177,1208,1200),(1192,1197,1194),(1199,1210,
1196),(1198,523,1211),(1198,1200,1213),(1198,1213,1215),(1215,1217,1198),
(1198,1217,1219),(1198,1219,1221),(1221,1223,1198),(1198,1223,1225),(1198,
1225,1227),(1227,1229,1198),(1198,1229,523),(1196,1210,1231),(1195,1233,
1185),(1212,1234,1232),(1211,1237,1235),(1239,1237,1211),(1211,515,1239),
(1211,523,515),(1232,1234,1186),(1187,1236,1166),(1166,1236,1238),(1166,
1238,1158),(1158,1238,1240),(1158,1240,1129),(1129,1240,1241),(1239,515,
1242),(1129,1241,1127),(1127,1241,1135),(1242,515,1136),(1136,515,563),
(1136,563,1243),(1243,1137,1136),(474,415,1245),(419,1246,416),(474,1245,
1247),(1249,475,1248),(472,475,1249),(1247,1245,1250),(1252,1251,1246),
(1252,1246,419),(1247,1250,1253),(1248,1254,1255),(1249,1248,1256),(1256,
1248,1255),(1253,1250,1257),(1259,1258,1251),(1259,1251,1252),(1253,1257,
1260),(1253,1260,1262),(1254,1263,1264),(1255,1254,1264),(1258,1265,1261),
(1266,1265,1258),(1266,1258,1259),(1262,1260,1267),(1261,1269,1268),(1261,
1265,1269),(1262,1267,1270),(1272,1263,1271),(1264,1263,1273),(1272,1273,
1263),(1270,1267,1274),(1268,1276,1275),(1268,1269,1276),(1270,1274,1139),
(1277,1271,1140),(1272,1271,1277),(1139,1274,1141),(1278,1142,1275),(1275,
1276,1279),(1275,1279,1278),(1280,1140,1144),(1277,1140,1280),(1146,1142,
1281),(1278,1281,1142),(1282,1148,1146),(1283,1146,1281),(1282,1146,1283),
(1284,1133,1148),(1284,1148,1282),(1285,1162,1133),(1285,1133,1284),(1286,
1172,1162),(1286,1162,1285),(1172,1287,1170),(1288,1287,1172),(1288,1172,
1286),(1170,1289,1181),(1170,1287,1289),(1181,1290,1203),(1181,1289,1290),
(1203,1291,1205),(1203,1290,1291),(801,1207,1205),(801,1205,803),(803,1205,
1292),(1205,1291,1292),(624,1209,1207),(624,1207,801),(622,1201,1209),(622,
1209,624),(616,1214,1201),(616,1201,622),(1216,1214,620),(620,1214,616),
(1293,1218,1216),(1293,1216,620),(1217,1294,1219),(1296,1295,1218),(1296,
1218,1293),(1222,1220,1297),(1219,1294,1298),(1300,1220,1299),(1300,1297,
1220),(1301,1224,1222),(1302,1222,1297),(1301,1222,1302),(1298,1294,1303),
(1303,1294,1305),(1307,1306,1295),(1307,1295,1296),(1304,1308,1299),(1299,
1308,1309),(1299,1309,1300),(1303,1305,1310),(1311,1312,1304),(1304,1312,
1308),(1310,1305,1313),(1315,1314,1306),(1315,1306,1307),(1310,1313,1316),
(1317,1318,1311),(1311,1318,1312),(1316,1313,1319),(1320,1314,1321),(1321,
1314,1322),(1315,1322,1314),(1316,1319,1323),(1325,1317,1324),(1326,1318,
1317),(1326,1317,1325),(1323,1319,1327),(1328,1320,1329),(1329,1320,1321),
(1323,1327,1330),(1332,1324,1331),(1325,1324,1332),(1330,1327,337),(337,
1327,502),(1333,503,1328),(1333,1328,1334),(1334,1328,1329),(343,1331,338),
(1332,1331,343),(500,503,1333),(1335,1226,1224),(1335,1224,1301),(1336,
1228,1226),(1336,1226,1335),(1337,1230,1228),(1337,1228,1336),(1229,1338,
523),(1230,1340,1339),(1341,1340,1230),(1341,1230,1337),(523,1338,1342),
(523,1342,1344),(1344,1346,523),(523,1346,1348),(523,1348,1350),(1350,1352,
523),(523,1352,1354),(523,1354,593),(1243,563,1356),(1356,563,1358),(1358,
563,1360),(1360,563,1362),(1362,563,1364),(1364,563,1366),(1366,563,1368),
(1368,563,1370),(1370,563,1372),(563,1374,1372),(668,1374,563),(584,1244,
1357),(582,1138,1244),(582,1244,584),(1359,1376,1357),(584,1357,807),(807,
1357,1377),(1357,1376,1377),(1361,1378,1359),(1359,1378,1376),(1363,1379,
1361),(1361,1379,1378),(1365,1380,1363),(1363,1380,1379),(1381,1365,1367),
(1382,1380,1365),(1382,1365,1381),(1383,1367,1369),(1381,1367,1383),(1384,
1369,1371),(1383,1369,1384),(1370,1372,1385),(1387,1371,1386),(1384,1371,
1387),(1385,1372,1388),(1390,1389,1373),(1373,1375,735),(1390,1373,735),
(1385,1388,1391),(1386,1392,1393),(1394,1386,1393),(1387,1386,1394),(1391,
1388,1395),(1397,1396,1389),(1397,1389,1390),(1391,1395,1398),(1400,1392,
1399),(1400,1393,1392),(1398,1395,1401),(1403,1402,1396),(1403,1396,1397),
(1398,1401,1404),(1405,1406,1399),(1399,1406,1407),(1399,1407,1400),(1404,
1401,1408),(1408,1401,1410),(1412,1411,1402),(1412,1402,1403),(1409,1413,
1405),(1405,1413,1406),(1408,1410,1414),(1415,1416,1409),(1409,1416,1413),
(1414,1410,1417),(1418,1411,1419),(1419,1411,1420),(1412,1420,1411),(1414,
1417,1421),(1423,1415,1422),(1424,1416,1415),(1424,1415,1423),(1421,1417,
1425),(1426,1418,1427),(1427,1418,1419),(1421,1425,1428),(1430,1422,1429),
(1423,1422,1430),(1428,1425,481),(1431,482,1426),(1431,1426,1432),(1432,
1426,1427),(1428,481,379),(385,1429,380),(1430,1429,385),(479,482,1431),
(1339,1433,1343),(1339,1340,1433),(1343,1434,1345),(1343,1433,1434),(1345,
1435,1347),(1345,1434,1435),(1053,1349,1347),(1053,1347,1056),(1056,1347,
1436),(1347,1435,1436),(662,1351,1349),(662,1349,1053),(660,1353,1351),
(660,1351,662),(656,1355,1353),(656,1353,660),(593,1354,1437),(1438,1355,
658),(658,1355,656),(593,1437,1439),(1439,1441,593),(593,1441,1443),(593,
1443,1445),(1445,1447,593),(593,1447,1449),(593,1449,1451),(1451,1453,593),
(593,1453,1455),(593,1455,1457),(1457,1459,593),(593,1459,633),(1439,1437,
1461),(1461,1437,1463),(1465,1464,1438),(1465,1438,658),(1466,1440,1462),
(1467,1442,1440),(1467,1440,1466),(1461,1463,1468),(1462,1469,1470),(1471,
1462,1470),(1466,1462,1471),(1468,1463,1472),(1474,1473,1464),(1474,1464,
1465),(1468,1472,1475),(1477,1469,1476),(1477,1470,1469),(1475,1472,1478),
(1480,1479,1473),(1480,1473,1474),(1475,1478,1481),(1482,1483,1476),(1476,
1483,1484),(1476,1484,1477),(1481,1478,1485),(1485,1478,1487),(1489,1488,
1479),(1489,1479,1480),(1486,1490,1482),(1482,1490,1483),(1485,1487,1491),
(1492,1493,1486),(1486,1493,1490),(1491,1487,1494),(1495,1488,1496),(1496,
1488,1497),(1489,1497,1488),(1491,1494,1498),(1500,1492,1499),(1501,1493,
1492),(1501,1492,1500),(1498,1494,1502),(1503,1495,1504),(1504,1495,1496),
(1498,1502,1505),(1507,1499,1506),(1500,1499,1507),(1505,1502,1115),(1508,
1116,1503),(1508,1503,1509),(1509,1503,1504),(1505,1115,323),(329,1506,
324),(1507,1506,329),(1113,1116,1508),(1510,1444,1442),(1510,1442,1467),
(1511,1446,1444),(1511,1444,1510),(1446,1512,1448),(1513,1512,1446),(1513,
1446,1511),(1448,1514,1450),(1448,1512,1514),(1450,1515,1452),(1450,1514,
1515),(1452,1516,1454),(1452,1515,1516),(699,1456,1454),(699,1454,992),
(992,1454,1517),(1454,1516,1517),(697,1458,1456),(697,1456,699),(693,1460,
1458),(693,1458,697),(633,1459,1518),(695,1519,1460),(695,1460,693),(633,
1518,1520),(1520,1522,633),(633,1522,1524),(633,1524,1526),(1526,1528,633),
(633,1528,1530),(633,1530,1532),(1532,1534,633),(633,1534,1536),(633,1536,
1538),(1538,1540,633),(633,1540,1542),(633,1542,668),(1521,1519,946),(946,
1519,695),(1544,1546,1520),(1548,1545,1521),(1520,1546,1549),(1520,1549,
1522),(1548,1521,946),(1546,1544,1551),(1551,1544,1553),(1555,1554,1545),
(1555,1545,1548),(1556,1550,1547),(1547,1552,1557),(1558,1547,1557),(1556,
1547,1558),(1559,1523,1550),(1559,1550,1556),(1560,1525,1523),(1560,1523,
1559),(1551,1553,1561),(1563,1552,1562),(1563,1557,1552),(1561,1553,1564),
(1566,1565,1554),(1566,1554,1555),(1561,1564,1567),(1568,1569,1562),(1562,
1569,1570),(1562,1570,1563),(1567,1564,1571),(1573,1572,1565),(1573,1565,
1566),(1567,1571,1574),(1575,1576,1568),(1568,1576,1569),(1574,1571,1577),
(1578,1572,1579),(1579,1572,1580),(1573,1580,1572),(1574,1577,1581),(1582,
1583,1575),(1575,1583,1576),(1581,1577,1584),(1584,1577,1586),(1587,1578,
1588),(1588,1578,1579),(1589,1582,1585),(1590,1583,1582),(1590,1582,1589),
(1584,1586,1591),(1593,1585,1592),(1589,1585,1593),(1591,1586,495),(1594,
496,1587),(1594,1587,1595),(1595,1587,1588),(1591,495,351),(355,1592,352),
(1593,1592,355),(493,496,1594),(1596,1527,1525),(1596,1525,1560),(1527,
1597,1529),(1598,1597,1527),(1598,1527,1596),(1529,1599,1531),(1529,1597,
1599),(1531,1600,1533),(1531,1599,1600),(1533,1601,1535),(1533,1600,1601),
(926,1537,1535),(926,1535,929),(929,1535,1602),(1535,1601,1602),(731,1539,
1537),(731,1537,926),(729,1541,1539),(729,1539,731),(723,1543,1541),(723,
1541,729),(668,1542,1603),(1542,1605,1603),(1606,1543,727),(727,1543,723),
(668,1603,1607),(1607,1609,668),(668,1609,1611),(668,1611,1613),(1613,1615,
668),(668,1615,1617),(668,1617,1619),(1619,1621,668),(668,1621,1623),(668,
1623,1625),(1625,1374,668),(1627,1608,1604),(1603,1605,1628),(1630,1604,
1629),(1627,1604,1630),(1631,1610,1608),(1631,1608,1627),(1628,1605,1632),
(1634,1633,1606),(1634,1606,727),(1628,1632,1635),(1629,1636,1637),(1638,
1629,1637),(1630,1629,1638),(1635,1632,1639),(1641,1640,1633),(1641,1633,
1634),(1635,1639,1642),(1644,1636,1643),(1644,1637,1636),(1642,1639,1645),
(1645,1639,1647),(1649,1648,1640),(1649,1640,1641),(1646,1650,1643),(1643,
1650,1651),(1643,1651,1644),(1645,1647,1652),(1653,1654,1646),(1646,1654,
1650),(1652,1647,1655),(1657,1656,1648),(1657,1648,1649),(1652,1655,1658),
(1659,1660,1653),(1653,1660,1654),(1658,1655,1661),(1662,1656,1663),(1663,
1656,1664),(1657,1664,1656),(1658,1661,1665),(1667,1659,1666),(1668,1660,
1659),(1668,1659,1667),(1665,1661,1669),(1670,1662,1671),(1671,1662,1663),
(1665,1669,1672),(1674,1666,1673),(1667,1666,1674),(1672,1669,365),(365,
1669,488),(1675,489,1670),(1675,1670,1676),(1676,1670,1671),(371,1673,366),
(1674,1673,371),(486,489,1675),(1677,1612,1610),(1677,1610,1631),(1612,
1678,1614),(1679,1678,1612),(1679,1612,1677),(1614,1680,1616),(1614,1678,
1680),(1616,1681,1618),(1616,1680,1681),(1618,1682,1620),(1618,1681,1682),
(865,1622,1620),(865,1620,868),(868,1620,1683),(1620,1682,1683),(739,1624,
1622),(739,1622,865),(737,1626,1624),(737,1624,739),(733,1375,1626),(733,
1626,737),(735,1375,733),(550,1150,1138),(550,1138,582),(552,1152,1150),
(552,1150,550),(1154,1152,790),(790,1152,552),(1684,1144,1154),(1684,1154,
790),(1280,1144,1684),(1007,1685,657),(658,1686,1465),(1013,1685,1007),
(1019,1687,1013),(1013,1687,1685),(1028,1689,1019),(1019,1689,1687),(1036,
1689,1028),(1036,1035,1691),(1691,1689,1036),(1691,1035,1692),(1692,1035,
1043),(1692,1496,1691),(1690,1691,1489),(1691,1496,1497),(1691,1497,1489),
(1692,1043,1693),(1693,1504,1692),(1692,1504,1496),(1693,1043,1049),(1693,
1049,1051),(1114,1693,1051),(1508,1693,1114),(1509,1693,1508),(1509,1504,
1693),(1050,1114,1051),(1508,1114,1113),(1688,1690,1480),(1480,1690,1489),
(1686,1688,1474),(1474,1688,1480),(1465,1686,1474),(1057,1055,1694),(1056,
1436,1695),(1057,1694,1696),(1054,1057,1696),(1696,1694,1697),(1695,1699,
1698),(1436,1699,1695),(1696,1697,1700),(1054,1696,1700),(1700,1697,1701),
(1698,1703,1702),(1698,1699,1703),(1700,1701,1704),(1704,1058,1700),(1058,
1054,1700),(1704,1701,1705),(1702,1707,1706),(1702,1703,1707),(1704,1705,
1708),(1708,1059,1704),(1059,1058,1704),(1708,1705,1709),(1706,1711,1710),
(1706,1707,1711),(1708,1709,1712),(1712,1061,1708),(1061,1059,1708),(1712,
1709,1713),(1715,1714,1710),(1715,1710,1716),(1716,1710,1711),(1712,1713,
1717),(1717,1060,1712),(1060,1061,1712),(1717,1713,1718),(1713,1719,1718),
(1721,1720,1714),(1721,1714,1715),(1717,1718,1062),(1062,1060,1717),(1062,
1718,1063),(1718,1722,1063),(1718,1719,1722),(1063,1722,1064),(1064,1723,
1068),(1722,1723,1064),(1067,1068,1724),(1723,1724,1068),(1067,1724,1725),
(1073,1067,1725),(1725,1724,1726),(1723,1726,1724),(1725,1726,1728),(1725,
1728,1730),(1730,1073,1725),(1731,1729,1727),(1732,1726,1723),(1733,1734,
1727),(1727,1735,1731),(1727,1734,1735),(1730,1728,1736),(1738,1737,1729),
(1731,1738,1729),(1719,1732,1722),(1739,1733,1720),(1739,1720,1721),(1722,
1732,1723),(1734,1733,1739),(1730,1736,1740),(1740,1080,1730),(1080,1073,
1730),(1740,1736,1741),(1742,1737,1743),(1744,1737,1738),(1743,1737,1744),
(1740,1741,1745),(1745,1087,1740),(1087,1080,1740),(1745,1741,1746),(1741,
1747,1746),(1748,1742,1749),(1749,1742,1743),(1745,1746,1086),(1086,1087,
1745),(1086,1746,1090),(1746,1750,1090),(1746,1747,1750),(1090,1750,1096),
(1096,1751,1104),(1750,1751,1096),(1103,1104,1752),(1104,1751,1752),(1103,
1752,1753),(1110,1103,1753),(1753,1752,1754),(1752,1756,1754),(1751,1756,
1752),(1753,1754,1758),(1758,85,1753),(1753,85,76),(1753,76,1110),(1760,
1759,1755),(1761,1755,1757),(1760,1755,1761),(1760,86,1759),(1747,1756,
1750),(1757,1748,1762),(1762,1748,1749),(1750,1756,1751),(1761,1757,1763),
(1763,1757,1762),(343,86,1760),(1436,1435,1699),(1332,343,1760),(1332,1760,
1761),(1763,1325,1761),(1325,1332,1761),(1763,1762,1326),(1326,1325,1763),
(1326,1762,1318),(1762,1749,1318),(1318,1749,1312),(1312,1743,1308),(1749,
1743,1312),(1308,1744,1309),(1743,1744,1308),(1300,1309,1738),(1309,1744,
1738),(1300,1738,1731),(1731,1297,1300),(1731,1735,1297),(1302,1735,1734),
(1739,1301,1734),(1301,1302,1734),(1302,1297,1735),(1721,1335,1739),(1335,
1301,1739),(1715,1336,1721),(1336,1335,1721),(1716,1337,1715),(1337,1336,
1715),(1716,1711,1341),(1341,1337,1716),(1341,1711,1340),(1340,1711,1707),
(1433,1340,1707),(1434,1433,1703),(1703,1433,1707),(1435,1434,1699),(1699,
1434,1703),(944,1764,945),(946,1765,1548),(954,1764,944),(960,1766,954),
(954,1766,1764),(967,1768,960),(960,1768,1766),(974,1768,967),(974,973,
1770),(1770,1768,974),(1770,973,1771),(1771,973,982),(1771,1579,1770),(1769,
1770,1573),(1770,1579,1580),(1770,1580,1573),(1771,982,1772),(1772,1588,
1771),(1771,1588,1579),(1772,982,988),(1772,988,989),(494,1772,989),(1594,
1772,494),(1595,1772,1594),(1595,1588,1772),(490,494,989),(1594,494,493),
(1767,1769,1566),(1566,1769,1573),(1765,1767,1555),(1555,1767,1566),(1548,
1765,1555),(993,991,1773),(992,1517,1774),(993,1773,1775),(990,993,1775),
(1775,1773,1776),(1774,1778,1777),(1517,1778,1774),(1775,1776,1779),(990,
1775,1779),(1779,1776,1780),(1777,1782,1781),(1777,1778,1782),(1779,1780,
1783),(1783,994,1779),(994,990,1779),(1783,1780,1784),(1781,1786,1785),
(1781,1782,1786),(1783,1784,1787),(1787,995,1783),(995,994,1783),(1787,
1784,1788),(1785,1790,1789),(1785,1786,1790),(1787,1788,1791),(1791,997,
1787),(997,995,1787),(1791,1788,1792),(1794,1793,1789),(1794,1789,1795),
(1795,1789,1790),(1791,1792,1796),(1796,996,1791),(996,997,1791),(1796,
1792,1797),(1792,1798,1797),(1800,1799,1793),(1800,1793,1794),(1796,1797,
998),(998,996,1796),(998,1797,999),(1797,1801,999),(1797,1798,1801),(999,
1801,1000),(1000,1802,1004),(1801,1802,1000),(1003,1004,1803),(1802,1803,
1004),(1003,1803,1804),(1010,1003,1804),(1804,1803,1805),(1802,1805,1803),
(1804,1805,1807),(1804,1807,1809),(1809,1010,1804),(1810,1808,1806),(1811,
1805,1802),(1812,1813,1806),(1806,1814,1810),(1806,1813,1814),(1809,1807,
1815),(1817,1816,1808),(1810,1817,1808),(1798,1811,1801),(1818,1812,1799),
(1818,1799,1800),(1801,1811,1802),(1813,1812,1818),(1809,1815,1819),(1819,
1016,1809),(1016,1010,1809),(1819,1815,1820),(1821,1816,1822),(1823,1816,
1817),(1822,1816,1823),(1819,1820,1824),(1824,1023,1819),(1023,1016,1819),
(1824,1820,1825),(1820,1826,1825),(1827,1821,1828),(1828,1821,1822),(1824,
1825,1022),(1022,1023,1824),(1022,1825,1029),(1825,1829,1029),(1825,1826,
1829),(1029,1829,1032),(1032,1830,1040),(1829,1830,1032),(1039,1040,1831),
(1040,1830,1831),(1039,1831,1832),(1046,1039,1832),(1832,1831,1833),(1831,
1835,1833),(1830,1835,1831),(1832,1833,1837),(1837,21,1832),(1832,21,12),
(1832,12,1046),(1839,1838,1834),(1840,1834,1836),(1839,1834,1840),(1839,
22,1838),(1826,1835,1829),(1836,1827,1841),(1841,1827,1828),(1829,1835,
1830),(1840,1836,1842),(1842,1836,1841),(329,22,1839),(1517,1516,1778),
(1507,329,1839),(1507,1839,1840),(1842,1500,1840),(1500,1507,1840),(1842,
1841,1501),(1501,1500,1842),(1501,1841,1493),(1841,1828,1493),(1493,1828,
1490),(1490,1822,1483),(1828,1822,1490),(1483,1823,1484),(1822,1823,1483),
(1477,1484,1817),(1484,1823,1817),(1477,1817,1810),(1810,1470,1477),(1810,
1814,1470),(1471,1814,1813),(1818,1466,1813),(1466,1471,1813),(1471,1470,
1814),(1800,1467,1818),(1467,1466,1818),(1794,1510,1800),(1510,1467,1800),
(1795,1511,1794),(1511,1510,1794),(1795,1790,1513),(1513,1511,1795),(1513,
1790,1512),(1512,1790,1786),(1514,1512,1786),(1515,1514,1782),(1782,1514,
1786),(1516,1515,1778),(1778,1515,1782),(886,1843,726),(727,1844,1634),
(889,1843,886),(897,1845,889),(889,1845,1843),(905,1847,897),(897,1847,
1845),(912,1847,905),(912,911,1849),(1849,1847,912),(1849,911,1850),(1850,
911,919),(1850,1663,1849),(1848,1849,1657),(1849,1663,1664),(1849,1664,
1657),(1850,919,1851),(1851,1671,1850),(1850,1671,1663),(1851,919,923),
(1851,923,924),(487,1851,924),(1675,1851,487),(1676,1851,1675),(1676,1671,
1851),(483,487,924),(1675,487,486),(1846,1848,1649),(1649,1848,1657),(1844,
1846,1641),(1641,1846,1649),(1634,1844,1641),(930,928,1852),(929,1602,1853),
(930,1852,1854),(927,930,1854),(1854,1852,1855),(1853,1857,1856),(1602,
1857,1853),(1854,1855,1858),(927,1854,1858),(1858,1855,1859),(1856,1861,
1860),(1856,1857,1861),(1858,1859,1862),(1862,931,1858),(931,927,1858),
(1862,1859,1863),(1860,1865,1864),(1860,1861,1865),(1862,1863,1866),(1866,
932,1862),(932,931,1862),(1866,1863,1867),(1864,1869,1868),(1864,1865,1869),
(1866,1867,1870),(1870,934,1866),(934,932,1866),(1870,1867,1871),(1873,
1872,1868),(1873,1868,1874),(1874,1868,1869),(1870,1871,1875),(1875,933,
1870),(933,934,1870),(1875,1871,1876),(1871,1877,1876),(1879,1878,1872),
(1879,1872,1873),(1875,1876,935),(935,933,1875),(935,1876,936),(1876,1880,
936),(1876,1877,1880),(936,1880,939),(939,1881,948),(1880,1881,939),(947,
948,1882),(1881,1882,948),(947,1882,1883),(951,947,1883),(1883,1882,1884),
(1881,1884,1882),(1883,1884,1886),(1883,1886,1888),(1888,951,1883),(1889,
1887,1885),(1890,1884,1881),(1891,1892,1885),(1885,1893,1889),(1885,1892,
1893),(1888,1886,1894),(1896,1895,1887),(1889,1896,1887),(1877,1890,1880),
(1897,1891,1878),(1897,1878,1879),(1880,1890,1881),(1892,1891,1897),(1888,
1894,1898),(1898,957,1888),(957,951,1888),(1898,1894,1899),(1900,1895,1901),
(1902,1895,1896),(1901,1895,1902),(1898,1899,1903),(1903,964,1898),(964,
957,1898),(1903,1899,1904),(1899,1905,1904),(1906,1900,1907),(1907,1900,
1901),(1903,1904,963),(963,964,1903),(963,1904,970),(1904,1908,970),(1904,
1905,1908),(970,1908,977),(977,1909,984),(1908,1909,977),(983,984,1910),
(984,1909,1910),(983,1910,1911),(987,983,1911),(1911,1910,1912),(1910,1914,
1912),(1909,1914,1910),(1911,1912,1916),(1916,149,1911),(1911,149,140),
(1911,140,987),(1918,1917,1913),(1919,1913,1915),(1918,1913,1919),(1918,
150,1917),(1905,1914,1908),(1915,1906,1920),(1920,1906,1907),(1908,1914,
1909),(1919,1915,1921),(1921,1915,1920),(355,150,1918),(1602,1601,1857),
(1593,355,1918),(1593,1918,1919),(1921,1589,1919),(1589,1593,1919),(1921,
1920,1590),(1590,1589,1921),(1590,1920,1583),(1920,1907,1583),(1583,1907,
1576),(1576,1901,1569),(1907,1901,1576),(1569,1902,1570),(1901,1902,1569),
(1563,1570,1896),(1570,1902,1896),(1563,1896,1889),(1889,1557,1563),(1889,
1893,1557),(1558,1893,1892),(1897,1556,1892),(1556,1558,1892),(1558,1557,
1893),(1879,1559,1897),(1559,1556,1897),(1873,1560,1879),(1560,1559,1879),
(1874,1596,1873),(1596,1560,1873),(1874,1869,1598),(1598,1596,1874),(1598,
1869,1597),(1597,1869,1865),(1599,1597,1865),(1600,1599,1861),(1861,1599,
1865),(1601,1600,1857),(1857,1600,1861),(822,1922,734),(735,1923,1390),
(828,1922,822),(834,1924,828),(828,1924,1922),(843,1926,834),(834,1926,
1924),(851,1926,843),(851,850,1928),(1928,1926,851),(1928,850,1929),(1929,
850,858),(1929,1419,1928),(1927,1928,1412),(1928,1419,1420),(1928,1420,
1412),(1929,858,1930),(1930,1427,1929),(1929,1427,1419),(1930,858,862),
(1930,862,863),(480,1930,863),(1431,1930,480),(1432,1930,1431),(1432,1427,
1930),(476,480,863),(1431,480,479),(1925,1927,1403),(1403,1927,1412),(1923,
1925,1397),(1397,1925,1403),(1390,1923,1397),(869,867,1931),(868,1683,1932),
(869,1931,1933),(866,869,1933),(1933,1931,1934),(1932,1936,1935),(1683,
1936,1932),(1933,1934,1937),(866,1933,1937),(1937,1934,1938),(1935,1940,
1939),(1935,1936,1940),(1937,1938,1941),(1941,870,1937),(870,866,1937),
(1941,1938,1942),(1939,1944,1943),(1939,1940,1944),(1941,1942,1945),(1945,
871,1941),(871,870,1941),(1945,1942,1946),(1943,1948,1947),(1943,1944,1948),
(1945,1946,1949),(1949,873,1945),(873,871,1945),(1949,1946,1950),(1952,
1951,1947),(1952,1947,1953),(1953,1947,1948),(1949,1950,1954),(1954,872,
1949),(872,873,1949),(1954,1950,1955),(1950,1956,1955),(1958,1957,1951),
(1958,1951,1952),(1954,1955,874),(874,872,1954),(874,1955,875),(1955,1959,
875),(1955,1956,1959),(875,1959,876),(876,1960,880),(1959,1960,876),(879,
880,1961),(1960,1961,880),(879,1961,1962),(885,879,1962),(1962,1961,1963),
(1960,1963,1961),(1962,1963,1965),(1962,1965,1967),(1967,885,1962),(1968,
1966,1964),(1969,1963,1960),(1970,1971,1964),(1964,1972,1968),(1964,1971,
1972),(1967,1965,1973),(1975,1974,1966),(1968,1975,1966),(1956,1969,1959),
(1976,1970,1957),(1976,1957,1958),(1959,1969,1960),(1971,1970,1976),(1967,
1973,1977),(1977,892,1967),(892,885,1967),(1977,1973,1978),(1979,1974,1980),
(1981,1974,1975),(1980,1974,1981),(1977,1978,1982),(1982,899,1977),(899,
892,1977),(1982,1978,1983),(1978,1984,1983),(1985,1979,1986),(1986,1979,
1980),(1982,1983,898),(898,899,1982),(898,1983,902),(1983,1987,902),(1983,
1984,1987),(902,1987,908),(908,1988,916),(1987,1988,908),(915,916,1989),
(916,1988,1989),(915,1989,1990),(922,915,1990),(1990,1989,1991),(1989,1993,
1991),(1988,1993,1989),(1990,1991,1995),(1995,213,1990),(1990,213,204),
(1990,204,922),(1997,1996,1992),(1998,1992,1994),(1997,1992,1998),(1997,
214,1996),(1984,1993,1987),(1994,1985,1999),(1999,1985,1986),(1987,1993,
1988),(1998,1994,2000),(2000,1994,1999),(371,214,1997),(1683,1682,1936),
(1674,371,1997),(1674,1997,1998),(2000,1667,1998),(1667,1674,1998),(2000,
1999,1668),(1668,1667,2000),(1668,1999,1660),(1999,1986,1660),(1660,1986,
1654),(1654,1980,1650),(1986,1980,1654),(1650,1981,1651),(1980,1981,1650),
(1644,1651,1975),(1651,1981,1975),(1644,1975,1968),(1968,1637,1644),(1968,
1972,1637),(1638,1972,1971),(1976,1630,1971),(1630,1638,1971),(1638,1637,
1972),(1958,1627,1976),(1627,1630,1976),(1952,1631,1958),(1631,1627,1958),
(1953,1677,1952),(1677,1631,1952),(1953,1948,1679),(1679,1677,1953),(1679,
1948,1678),(1678,1948,1944),(1680,1678,1944),(1681,1680,1940),(1940,1680,
1944),(1682,1681,1936),(1936,1681,1940),(785,2001,789),(790,2002,1684),
(781,2001,785),(774,2003,781),(781,2003,2001),(767,2005,774),(774,2005,
2003),(768,2005,767),(768,759,2007),(2007,2005,768),(2007,759,2008),(2008,
759,751),(2008,1264,2007),(2006,2007,1272),(2007,1264,1273),(2007,1273,
1272),(2008,751,2009),(2009,1255,2008),(2008,1255,1264),(2009,751,744),
(2009,744,745),(473,2009,745),(1249,2009,473),(1256,2009,1249),(1256,1255,
2009),(469,473,745),(1249,473,472),(2004,2006,1277),(1277,2006,1272),(2002,
2004,1280),(1280,2004,1277),(1684,2002,1280),(808,806,2010),(807,1377,2011),
(808,2010,2012),(805,808,2012),(2012,2010,2013),(2011,2015,2014),(1377,
2015,2011),(2012,2013,2016),(805,2012,2016),(2016,2013,2017),(2014,2019,
2018),(2014,2015,2019),(2016,2017,2020),(2020,809,2016),(809,805,2016),
(2020,2017,2021),(2018,2023,2022),(2018,2019,2023),(2020,2021,2024),(2024,
810,2020),(810,809,2020),(2024,2021,2025),(2022,2027,2026),(2022,2023,2027),
(2024,2025,2028),(2028,812,2024),(812,810,2024),(2028,2025,2029),(2031,
2030,2026),(2031,2026,2032),(2032,2026,2027),(2028,2029,2033),(2033,811,
2028),(811,812,2028),(2033,2029,2034),(2029,2035,2034),(2037,2036,2030),
(2037,2030,2031),(2033,2034,813),(813,811,2033),(813,2034,814),(2034,2038,
814),(2034,2035,2038),(814,2038,815),(815,2039,819),(2038,2039,815),(818,
819,2040),(2039,2040,819),(818,2040,2041),(825,818,2041),(2041,2040,2042),
(2039,2042,2040),(2041,2042,2044),(2041,2044,2046),(2046,825,2041),(2047,
2045,2043),(2048,2042,2039),(2049,2050,2043),(2043,2051,2047),(2043,2050,
2051),(2046,2044,2052),(2054,2053,2045),(2047,2054,2045),(2035,2048,2038),
(2055,2049,2036),(2055,2036,2037),(2038,2048,2039),(2050,2049,2055),(2046,
2052,2056),(2056,831,2046),(831,825,2046),(2056,2052,2057),(2058,2053,2059),
(2060,2053,2054),(2059,2053,2060),(2056,2057,2061),(2061,838,2056),(838,
831,2056),(2061,2057,2062),(2057,2063,2062),(2064,2058,2065),(2065,2058,
2059),(2061,2062,837),(837,838,2061),(837,2062,844),(2062,2066,844),(2062,
2063,2066),(844,2066,847),(847,2067,855),(2066,2067,847),(854,855,2068),
(855,2067,2068),(854,2068,2069),(861,854,2069),(2069,2068,2070),(2068,2072,
2070),(2067,2072,2068),(2069,2070,2074),(2074,277,2069),(2069,277,268),
(2069,268,861),(2076,2075,2071),(2077,2071,2073),(2076,2071,2077),(2076,
278,2075),(2063,2072,2066),(2073,2064,2078),(2078,2064,2065),(2066,2072,
2067),(2077,2073,2079),(2079,2073,2078),(385,278,2076),(1377,1376,2015),
(1430,385,2076),(1430,2076,2077),(2079,1423,2077),(1423,1430,2077),(2079,
2078,1424),(1424,1423,2079),(1424,2078,1416),(2078,2065,1416),(1416,2065,
1413),(1413,2059,1406),(2065,2059,1413),(1406,2060,1407),(2059,2060,1406),
(1400,1407,2054),(1407,2060,2054),(1400,2054,2047),(2047,1393,1400),(2047,
2051,1393),(1394,2051,2050),(2055,1387,2050),(1387,1394,2050),(1394,1393,
2051),(2037,1384,2055),(1384,1387,2055),(2031,1383,2037),(1383,1384,2037),
(2032,1381,2031),(1381,1383,2031),(2032,2027,1382),(1382,1381,2032),(1382,
2027,1380),(1380,2027,2023),(1379,1380,2023),(1378,1379,2019),(2019,1379,
2023),(1376,1378,2015),(2015,1378,2019),(1074,2080,619),(620,2081,1293),
(1077,2080,1074),(1085,2082,1077),(1077,2082,2080),(1093,2084,1085),(1085,
2084,2082),(1100,2084,1093),(1100,1099,2086),(2086,2084,1100),(2086,1099,
2087),(2087,1099,1107),(2087,1321,2086),(2085,2086,1315),(2086,1321,1322),
(2086,1322,1315),(2087,1107,2088),(2088,1329,2087),(2087,1329,1321),(2088,
1107,1111),(2088,1111,1112),(501,2088,1112),(1333,2088,501),(1334,2088,
1333),(1334,1329,2088),(497,501,1112),(1333,501,500),(2083,2085,1307),(1307,
2085,1315),(2081,2083,1296),(1296,2083,1307),(1293,2081,1296),(804,802,
2089),(803,1292,2090),(804,2089,2091),(799,804,2091),(2091,2089,2092),(2090,
2094,2093),(1292,2094,2090),(2091,2092,2095),(799,2091,2095),(2095,2092,
2096),(2093,2098,2097),(2093,2094,2098),(2095,2096,2099),(2099,798,2095),
(798,799,2095),(2099,2096,2100),(2097,2102,2101),(2097,2098,2102),(2099,
2100,2103),(2103,796,2099),(796,798,2099),(2103,2100,2104),(2101,2106,2105),
(2101,2102,2106),(2103,2104,2107),(2107,797,2103),(797,796,2103),(2107,
2104,2108),(2110,2109,2105),(2110,2105,2111),(2111,2105,2106),(2107,2108,
2112),(2112,795,2107),(795,797,2107),(2112,2108,2113),(2108,2114,2113),
(2116,2115,2109),(2116,2109,2110),(2112,2113,794),(794,795,2112),(794,2113,
793),(2113,2117,793),(2113,2114,2117),(793,2117,791),(791,2118,792),(2117,
2118,791),(788,792,2119),(2118,2119,792),(788,2119,2120),(784,788,2120),
(2120,2119,2121),(2118,2121,2119),(2120,2121,2123),(2120,2123,2125),(2125,
784,2120),(2126,2124,2122),(2127,2121,2118),(2128,2129,2122),(2122,2130,
2126),(2122,2129,2130),(2125,2123,2131),(2133,2132,2124),(2126,2133,2124),
(2114,2127,2117),(2134,2128,2115),(2134,2115,2116),(2117,2127,2118),(2129,
2128,2134),(2125,2131,2135),(2135,777,2125),(777,784,2125),(2135,2131,2136),
(2137,2132,2138),(2139,2132,2133),(2138,2132,2139),(2135,2136,2140),(2140,
778,2135),(778,777,2135),(2140,2136,2141),(2136,2142,2141),(2143,2137,2144),
(2144,2137,2138),(2140,2141,771),(771,778,2140),(771,2141,764),(2141,2145,
764),(2141,2142,2145),(764,2145,760),(760,2146,761),(2145,2146,760),(754,
761,2147),(761,2146,2147),(754,2147,2148),(748,754,2148),(2148,2147,2149),
(2147,2151,2149),(2146,2151,2147),(2148,2149,2153),(2153,410,2148),(2148,
410,466),(2148,466,748),(2155,2154,2150),(2156,2150,2152),(2155,2150,2156),
(2155,409,2154),(2142,2151,2145),(2152,2143,2157),(2157,2143,2144),(2145,
2151,2146),(2156,2152,2158),(2158,2152,2157),(419,409,2155),(1292,1291,
2094),(1252,419,2155),(1252,2155,2156),(2158,1259,2156),(1259,1252,2156),
(2158,2157,1266),(1266,1259,2158),(1266,2157,1265),(2157,2144,1265),(1265,
2144,1269),(1269,2138,1276),(2144,2138,1269),(1276,2139,1279),(2138,2139,
1276),(1278,1279,2133),(1279,2139,2133),(1278,2133,2126),(2126,1281,1278),
(2126,2130,1281),(1283,2130,2129),(2134,1282,2129),(1282,1283,2129),(1283,
1281,2130),(2116,1284,2134),(1284,1282,2134),(2110,1285,2116),(1285,1284,
2116),(2111,1286,2110),(1286,1285,2110),(2111,2106,1288),(1288,1286,2111),
(1288,2106,1287),(1287,2106,2102),(1289,1287,2102),(1290,1289,2098),(2098,
1289,2102),(1291,1290,2094),(2094,1290,2098)),());
#150=COMPLEX_TRIANGULATED_FACE('ConvergentBody',#158,304,((-0.509142117681126,
-0.808609293768705,0.294830992322814),(-0.509142117681126,-0.808609293768704,
-0.294830992322814),(-0.418853026724035,-0.858774695161043,0.295073151871146),
(-0.418853026724035,-0.858774695161043,-0.295073151871146),(-0.418717657354139,
-0.85850004589201,0.296062822088958),(0.,0.,1.),(-0.418717657354139,-0.85850004589201,
-0.296062822088958),(0.,0.,-1.),(-0.529205655341625,-0.795063503573587,
0.29633663229465),(0.,0.,1.),(-0.593730307402413,-0.748839186117982,0.294489720374063),
(-0.593730307402413,-0.748839186117982,-0.294489720374063),(-0.529205655341625,
-0.795063503573587,-0.29633663229465),(0.,0.,-1.),(-0.323732790280136,-0.899039326499925,
0.294831087071901),(-0.323732790280136,-0.899039326499925,-0.294831087071901),
(-0.300707790741313,-0.906509489126909,0.296336583482954),(0.,0.,1.),(0.,
0.,1.),(0.114137817989579,0.948333055468025,0.296035427628614),(-0.224555737303761,
-0.928897512096699,0.294489614187879),(-0.224555737303761,-0.928897512096699,
-0.294489614187879),(-0.300707790741313,-0.906509489126909,-0.296336583482954),
(0.,0.,-1.),(-0.177019021930605,-0.93844112738718,0.296635325446938),(0.,
0.,1.),(-0.122706257889157,-0.947756917110987,0.294448637869354),(-0.122706257889157,
-0.947756917110987,-0.294448637869354),(-0.177019021930605,-0.93844112738718,
-0.296635325446938),(0.,0.,-1.),(-0.0501939788264228,-0.953723904497427,
0.296464632763769),(0.,0.,1.),(-0.0194087556486121,-0.95539020333534,0.294708092143785),
(-0.0194087556486121,-0.95539020333534,-0.294708092143784),(-0.0501939788264228,
-0.953723904497427,-0.296464632763769),(0.,0.,-1.),(0.0773881664044744,
-0.952033089410934,0.296047408985835),(0.,0.,1.),(0.0839686973390881,-0.951774119047426,
0.295085215113658),(0.0839686973390881,-0.951774119047426,-0.295085215113658),
(0.0773881664044744,-0.952033089410934,-0.296047408985835),(0.,0.,-1.),
(0.186072436598848,-0.937211873469492,0.294976189828897),(0.186072436598848,
-0.937211873469492,-0.294976189828897),(0.203209137611851,-0.933266975976825,
0.296173594268834),(0.,0.,1.),(0.286451369207492,-0.911693020023019,0.294552966918447),
(0.286451369207492,-0.911693020023019,-0.294552966918447),(0.203209137611851,
-0.933266975976825,-0.296173594268834),(0.,0.,-1.),(0.325899474110856,-0.897673497885185,
0.296600444990976),(0.,0.,1.),(0.383454273154123,-0.875370652725571,0.294430026910727),
(0.383454273154123,-0.875370652725571,-0.294430026910727),(0.325899474110856,
-0.897673497885185,-0.296600444990976),(0.,0.,-1.),(0.44279254953243,-0.846160889709232,
0.296557763015996),(0.,0.,1.),(0.475913693915166,-0.828681177762889,0.294607640032522),
(0.475913693915166,-0.828681177762889,-0.294607640032522),(0.44279254953243,
-0.846160889709232,-0.296557763015996),(0.,0.,-1.),(0.551851579944696,-0.779626094436833,
0.296045581939188),(0.,0.,1.),(0.562718380023881,-0.772186905231111,0.295085425212595),
(0.562718380023881,-0.772186905231111,-0.295085425212595),(0.551851579944696,
-0.779626094436833,-0.296045581939188),(0.,0.,-1.),(0.650473880054615,-0.699468274296667,
0.296020040907939),(0.,0.,1.),(0.642592250525714,-0.707097586414203,0.295107104034291),
(0.642592250525714,-0.707097586414203,-0.295107104034291),(0.650473880054615,
-0.699468274296667,-0.296020040907939),(0.,0.,-1.),(0.715435607956911,-0.633513962768356,
0.294638676763352),(0.715435607956911,-0.633513962768356,-0.294638676763352),
(0.737861911970953,-0.606324447182862,0.296530712761707),(0.,0.,1.),(0.779848947746665,
-0.552398683000047,0.294433886837492),(0.779848947746665,-0.552398683000047,
-0.294433886837492),(0.737861911970953,-0.606324447182862,-0.296530712761707),
(0.,0.,-1.),(0.812158220877764,-0.502412101498025,0.296616089464148),(0.,
0.,1.),(0.,0.,1.),(0.23908229468056,0.924747365341322,0.296111409210387),
(0.835027472610397,-0.464738089853583,0.294529502469847),(0.835027472610397,
-0.464738089853583,-0.294529502469847),(0.812158220877764,-0.502412101498025,
-0.296616089464148),(0.,0.,-1.),(0.872052745903072,-0.3895775390112,0.296231918369526),
(0.,0.,1.),(0.880307726625854,-0.371587578978386,0.29492537631035),(0.880307726625854,
-0.371587578978386,-0.29492537631035),(0.872052745903072,-0.3895775390112,
-0.296231918369526),(0.,0.,-1.),(0.916160274766165,-0.270187184646831,0.296056136894684),
(0.,0.,1.),(0.915199916540728,-0.274477397384504,0.295078415152438),(0.915199916540728,
-0.274477397384504,-0.295078415152438),(0.916160274766165,-0.270187184646831,
-0.296056136894684),(0.,0.,-1.),(0.939598848277091,-0.174006928101457,0.294746659504494),
(0.939598848277091,-0.174006928101456,-0.294746659504494),(0.943875811116222,
-0.145705711175472,0.296425874242693),(0.,0.,1.),(0.953000396466597,-0.0712996296653048,
0.294459856591863),(0.953000396466597,-0.0712996296653048,-0.294459856591863),
(0.943875811116222,-0.145705711175472,-0.296425874242693),(0.,0.,-1.),(0.954811721554233,
-0.018432145960313,0.296639229330749),(0.,0.,1.),(0.955115040229971,0.0322586091453069,
0.294473499762732),(0.955115040229971,0.0322586091453069,-0.294473499762732),
(0.954811721554233,-0.018432145960313,-0.296639229330749),(0.,0.,-1.),(0.948809173923008,
0.109170251343666,0.29638321089613),(0.,0.,1.),(0.945917626267666,0.135425395825785,
0.294787731226341),(0.945917626267666,0.135425395825785,-0.294787731226341),
(0.948809173923008,0.109170251343666,-0.29638321089613),(0.,0.,-1.),(0.925920019196072,
0.234563177961025,0.296061199073384),(0.,0.,1.),(0.925674383233711,0.236765668472031,
0.295074489676559),(0.925674383233711,0.236765668472031,-0.295074489676559),
(0.925920019196072,0.234563177961025,-0.296061199073384),(0.,0.,-1.),(0.894784191173314,
0.335274311090794,0.294876902365905),(0.894784191173314,0.335274311090794,
-0.294876902365905),(0.886423459294282,0.355623386102675,0.296286108465493),
(0.,0.,1.),(0.853343943256595,0.430196482449363,0.294508235870374),(0.853343943256595,
0.430196482449363,-0.294508235870375),(0.886423459294282,0.355623386102675,
-0.296286108465493),(0.,0.,-1.),(0.830939890800417,0.470692006973385,0.296627598931654),
(0.,0.,1.),(0.801789958957877,0.520036492745426,0.294439990367075),(0.801789958957877,
0.520036492745426,-0.294439990367075),(0.830939890800417,0.470692006973385,
-0.296627598931654),(0.,0.,-1.),(0.760720560512651,0.57740126250504,0.296499596746612),
(0.,0.,1.),(0.740742469797769,0.60371258080698,0.294672213167915),(0.740742469797769,
0.60371258080698,-0.294672213167915),(0.760720560512651,0.57740126250504,
-0.296499596746612),(0.,0.,-1.),(0.677026483612417,0.673793818136292,0.296035523423666),
(0.,0.,1.),(0.671014985051233,0.680189612352215,0.295094867940529),(0.671014985051233,
0.680189612352215,-0.295094867940529),(0.677026483612417,0.673793818136292,
-0.296035523423666),(0.,0.,-1.),(0.593842756716861,0.748537455898293,0.29502958735054),
(0.593842756716861,0.748537455898293,-0.29502958735054),(0.581517477777683,
0.757730440241548,0.29611147051479),(0.,0.,1.),(0.,0.,1.),(0.360304363665111,
0.884432313765762,0.296580929749065),(0.509416311921921,0.808528435356597,
0.294579005307033),(0.509416311921921,0.808528435356597,-0.294579005307033),
(0.581517477777683,0.757730440241548,-0.29611147051479),(0.,0.,-1.),(0.475116930966551,
0.828434447582976,0.296580963594792),(0.,0.,1.),(0.41893941053721,0.858953734766719,
0.294428687170664),(0.41893941053721,0.858953734766719,-0.294428687170664),
(0.475116930966551,0.828434447582976,-0.296580963594792),(0.,0.,-1.),(0.323500774525127,
0.899205479975565,0.29457894300774),(0.323500774525127,0.899205479975565,
-0.29457894300774),(0.360304363665111,0.884432313765762,-0.296580929749065),
(0.,0.,-1.),(0.224249724191974,0.928800113949374,0.295029506198032),(0.224249724191974,
0.928800113949374,-0.295029506198032),(0.23908229468056,0.924747365341322,
-0.296111409210387),(0.,0.,-1.),(0.122878871208483,0.947533542818576,0.295094846183744),
(0.122878871208483,0.947533542818576,-0.295094846183744),(0.114137817989579,
0.948333055468025,-0.296035427628614),(0.,0.,-1.),(0.0196856408282312,0.955395619161581,
0.294672167725493),(0.0196856408282312,0.955395619161581,-0.294672167725493),
(-0.0133490067837843,0.954939667475385,0.296499638279522),(0.,0.,1.),(0.,
0.,1.),(-0.7978567435671,-0.52514809969371,0.29604744574576),(0.,0.,1.),
(-0.720641476529888,-0.626725231490899,0.29646474751225),(0.,0.,1.),(-0.63051867387111,
-0.717254202840132,0.296635484067538),(-0.0838372168106999,0.951985495640298,
0.294440040021617),(-0.0838372168106999,0.951985495640298,-0.294440040021617),
(-0.0133490067837843,0.954939667475385,-0.296499638279522),(0.,0.,-1.),
(-0.140667995811449,0.94457639715907,0.296627619894676),(0.,0.,1.),(0.,
0.,1.),(-0.860532588052912,-0.414445220566322,0.29617363834192),(-0.186371752361882,
0.937299552755575,0.294508265292777),(-0.186371752361882,0.937299552755575,
-0.294508265292777),(-0.140667995811449,0.94457639715907,-0.296627619894676),
(0.,0.,-1.),(-0.265500646585479,0.917455143310938,0.296286122987559),(0.,
0.,1.),(0.,0.,1.),(-0.908019977084321,-0.295851163775167,0.296600421625912),
(-0.286683690423584,0.911515264254192,0.294876897495762),(-0.286683690423584,
0.911515264254192,-0.294876897495762),(-0.265500646585479,0.917455143310938,
-0.296286122987559),(0.,0.,-1.),(-0.385214148438994,0.874046837934694,0.296061116897819),
(0.,0.,1.),(0.,0.,1.),(-0.939394212477503,-0.172023400924224,0.296557689325763),
(-0.383328398329408,0.875208768035894,0.295074484473503),(-0.383328398329408,
0.875208768035894,-0.295074484473503),(-0.385214148438994,0.874046837934694,
-0.296061116897819),(0.,0.,-1.),(-0.475648133214431,0.82876963057595,0.294787640182948),
(-0.475648133214431,0.82876963057595,-0.294787640182948),(-0.498118023356897,
0.814883704382072,0.296383169460699),(0.,0.,1.),(0.,0.,1.),(-0.954107548790754,
-0.0451209627270544,0.296045408785683),(-0.56260698200274,0.772501615178458,
0.294473493456445),(-0.56260698200274,0.772501615178458,-0.294473493456445),
(-0.498118023356897,0.814883704382072,-0.296383169460699),(0.,0.,-1.),(-0.602364955740809,
0.74105441541456,0.296639197494125),(0.,0.,1.),(0.,0.,1.),(-0.951660269653784,
0.0819441945025262,0.296020067140421),(-0.64291094319876,0.707077755840822,
0.294459787255215),(-0.64291094319876,0.707077755840823,-0.294459787255215),
(-0.602364955740809,0.74105441541456,-0.296639197494125),(0.,0.,-1.),(-0.695925466291163,
0.654079117439461,0.296425797624031),(0.,0.,1.),(0.,0.,1.),(-0.932063653949357,
0.208151365118956,0.29653052825247),(-0.715594126205772,0.633284708595802,
0.294746542640501),(-0.715594126205771,0.633284708595802,-0.294746542640501),
(-0.695925466291163,0.654079117439461,-0.296425797624031),(0.,0.,-1.),(-0.776955491490158,
0.555599715780138,0.296055940775247),(0.,0.,1.),(0.,0.,1.),(-0.895921032253973,
0.330672892267454,0.296615815971524),(-0.779744513106781,0.55220213820972,
0.295078452002993),(-0.779744513106781,0.55220213820972,-0.295078452002993),
(-0.776955491490158,0.555599715780138,-0.296055940775247),(0.,0.,-1.),(-0.83478712108538,
0.464918850376927,0.294925287207081),(-0.83478712108538,0.464918850376927,
-0.294925287207081),(-0.843879916584041,0.447340469769191,0.296231650052439),
(0.,0.,1.),(-0.880313085988374,0.371888998352419,0.294529189626529),(-0.880313085988374,
0.371888998352419,-0.294529189626529),(-0.843879916584041,0.447340469769191,
-0.296231650052439),(0.,0.,-1.),(-0.915418888126703,0.274439589805819,0.294433644151079),
(-0.915418888126703,0.274439589805819,-0.294433644151079),(-0.895921032253973,
0.330672892267454,-0.296615815971524),(0.,0.,-1.),(-0.939681699058418,0.173742230332141,
0.294638663202742),(-0.939681699058418,0.173742230332141,-0.294638663202742),
(-0.932063653949357,0.208151365118956,-0.29653052825247),(0.,0.,-1.),(-0.952819855005545,
0.071036023706621,0.295107111475079),(-0.952819855005545,0.071036023706621,
-0.295107111475079),(-0.951660269653784,0.0819441945025262,-0.296020067140421),
(0.,0.,-1.),(-0.954935591149311,-0.031978962299181,0.295085348207232),(-0.954935591149311,
-0.031978962299181,-0.295085348207232),(-0.946011572036567,-0.135161132284637,
0.294607491236117),(-0.946011572036567,-0.135161132284637,-0.294607491236117),
(-0.954107548790754,-0.0451209627270544,-0.296045408785683),(0.,0.,-1.),
(-0.92587974587571,-0.236765035543578,0.294429981695444),(-0.92587974587571,
-0.236765035543578,-0.294429981695444),(-0.939394212477503,-0.172023400924224,
-0.296557689325763),(0.,0.,-1.),(-0.894781207503919,-0.335566860482675,
0.294553005151247),(-0.894781207503919,-0.335566860482675,-0.294553005151247),
(-0.908019977084321,-0.295851163775167,-0.296600421625912),(0.,0.,-1.),
(-0.853091129891841,-0.430377188072891,0.294976270378369),(-0.853091129891841,
-0.430377188072891,-0.294976270378369),(-0.860532588052912,-0.414445220566322,
-0.29617363834192),(0.,0.,-1.),(-0.801704151916639,-0.519802903731685,0.295085401319231),
(-0.801704151916639,-0.519802903731685,-0.295085401319231),(-0.7978567435671,
-0.52514809969371,-0.296047445745759),(0.,0.,-1.),(-0.740908092929846,-0.603491746111602,
0.294708178044363),(-0.740908092929846,-0.603491746111602,-0.294708178044363),
(-0.671297826050433,-0.680190511080716,0.2944488026393),(-0.671297826050433,
-0.680190511080716,-0.2944488026393),(-0.720641476529888,-0.626725231490899,
-0.29646474751225),(0.,0.,-1.),(0.,0.,-1.),(-0.63051867387111,-0.717254202840132,
-0.296635484067538)),$,(37,37,45,45,58,58,57,57,52,52,25,25,51,51,53,53,
63,63,82,82,61,61,62,62,69,69,67,67,68,68,74,74,75,75,73,73,80,80,83,83,
79,79,89,89,86,86,95,95,85,85,91,91,105,105,90,90,97,97,111,111,96,96,102,
102,121,121,101,101,108,108,137,137,107,107,139,139,113,113,141,141,112,
112,118,118,88,88,143,143,117,117,123,123,145,145,122,122,127,127,147,147,
126,126,149,149,132,132,151,151,131,131,136,136,152,152,135,135,134,134,
150,150,133,133,130,130,148,148,129,129,146,146,125,125,144,144,124,124,
120,120,142,142,119,119,115,115,140,140,114,114,110,110,138,138,109,109,
128,128,104,104,94,94,116,116,103,103,99,99,106,106,98,98,100,100,93,93,
92,92,87,87,84,84,81,81,78,78,77,77,36,36,42,42,47,47,72,72,76,76,71,71,
32,32,64,64,70,70,66,66,27,27,56,56,65,65,60,60,22,22,50,50,59,59,40,40,
55,55,18,18,30,30,54,54,49,49,20,20,16,16,48,48,44,44,24,24,14,14,43,43,
39,39,29,29,12,12,38,38,10,10,34,34,8,8,33,33,6,6,28,28,4,4,23,23,2,2,19,
19,1,1,3,3,17,17,5,5,21,21,7,7,26,26,9,9,31,31,11,11,35,35,13,13,15,15,
41,41,46,46),((1,3,5),(7,4,2),(9,1,5),(9,11,1),(13,2,12),(7,2,13),(5,3,
15),(16,4,7),(5,15,17),(19,6,18),(10,6,19),(17,15,21),(23,22,16),(23,16,
7),(17,21,25),(19,18,26),(25,21,27),(29,28,22),(29,22,23),(25,27,31),(26,
32,19),(31,27,33),(35,34,28),(35,28,29),(31,33,37),(19,32,38),(37,33,39),
(41,40,34),(41,34,35),(37,39,43),(37,43,45),(19,38,46),(41,44,40),(45,43,
47),(49,48,44),(49,44,41),(45,47,51),(46,52,19),(51,47,53),(55,54,48),(55,
48,49),(51,53,57),(19,52,58),(57,53,59),(61,60,54),(61,54,55),(57,59,63),
(19,58,64),(63,59,65),(67,66,60),(67,60,61),(63,65,69),(64,70,19),(69,65,
71),(73,72,66),(73,66,67),(69,71,75),(69,75,77),(19,70,78),(73,76,72),(77,
75,79),(81,80,76),(81,76,73),(77,79,83),(85,78,84),(19,78,85),(83,79,87),
(89,88,80),(89,80,81),(83,87,91),(85,84,92),(91,87,93),(95,94,88),(95,88,
89),(91,93,97),(92,98,85),(97,93,99),(101,100,94),(101,94,95),(97,99,103),
(97,103,105),(85,98,106),(101,104,100),(105,103,107),(109,108,104),(109,
104,101),(105,107,111),(85,106,112),(111,107,113),(115,114,108),(115,108,
109),(111,113,117),(112,118,85),(117,113,119),(121,120,114),(121,114,115),
(117,119,123),(85,118,124),(123,119,125),(127,126,120),(127,120,121),(123,
125,129),(123,129,131),(85,124,132),(127,130,126),(131,129,133),(135,134,
130),(135,130,127),(131,133,137),(132,138,85),(137,133,139),(141,140,134),
(141,134,135),(137,139,143),(85,138,144),(143,139,145),(147,146,140),(147,
140,141),(143,145,149),(85,144,150),(149,145,151),(153,152,146),(153,146,
147),(149,151,155),(149,155,157),(159,150,158),(85,150,159),(153,156,152),
(157,155,161),(163,162,156),(163,156,153),(157,161,165),(159,158,166),(165,
161,167),(169,168,162),(169,162,163),(165,167,160),(160,167,171),(173,172,
168),(173,168,169),(160,171,86),(86,171,175),(177,176,172),(177,172,173),
(86,175,20),(20,175,179),(181,180,176),(181,176,177),(20,179,183),(20,183,
185),(186,187,19),(19,187,189),(19,189,191),(191,10,19),(181,184,180),(185,
183,193),(195,194,184),(195,184,181),(185,193,197),(199,186,198),(187,186,
199),(197,193,201),(203,202,194),(203,194,195),(197,201,205),(207,198,206),
(199,198,207),(205,201,209),(211,210,202),(211,202,203),(205,209,213),(215,
206,214),(207,206,215),(213,209,217),(219,218,210),(219,210,211),(213,217,
221),(213,221,223),(225,214,224),(215,214,225),(219,222,218),(223,221,227),
(229,228,222),(229,222,219),(223,227,231),(233,224,232),(225,224,233),(231,
227,235),(237,236,228),(237,228,229),(231,235,239),(241,232,240),(233,232,
241),(239,235,243),(245,244,236),(245,236,237),(239,243,247),(249,240,248),
(241,240,249),(247,243,251),(253,252,244),(253,244,245),(247,251,255),(247,
255,257),(249,248,258),(253,256,252),(257,255,259),(261,260,256),(261,256,
253),(257,259,250),(250,259,263),(265,264,260),(265,260,261),(250,263,242),
(242,263,267),(269,268,264),(269,264,265),(242,267,234),(234,267,271),(273,
272,268),(273,268,269),(234,271,275),(234,275,226),(273,276,272),(226,275,
277),(279,278,276),(279,276,273),(226,277,216),(216,277,281),(283,282,278),
(283,278,279),(216,281,208),(208,281,285),(287,286,282),(287,282,283),(208,
285,200),(200,285,289),(291,290,286),(291,286,287),(200,289,188),(188,289,
293),(295,294,290),(295,290,291),(188,293,297),(188,297,190),(295,298,294),
(190,297,299),(301,300,298),(301,298,295),(190,299,192),(192,299,11),(304,
12,300),(304,300,301),(192,11,9),(13,12,304),(182,8,14),(24,8,182),(182,
14,303),(303,302,182),(182,302,296),(196,296,292),(182,296,196),(204,292,
288),(196,292,204),(212,288,284),(204,288,212),(220,284,280),(212,284,220),
(230,280,274),(220,280,230),(238,274,270),(230,274,238),(246,270,266),(238,
270,246),(254,266,262),(246,266,254),(178,82,182),(182,82,74),(182,74,68),
(68,62,182),(182,62,56),(182,56,50),(50,42,182),(182,42,36),(182,36,30),
(30,24,182),(174,154,178),(178,154,148),(178,148,142),(142,136,178),(178,
136,128),(178,128,122),(122,116,178),(178,116,110),(178,110,102),(102,96,
178),(178,96,90),(178,90,82),(170,164,174),(174,164,154)),());
#151=COMPLEX_TRIANGULATED_FACE('ConvergentBody',#159,3450,((-0.14150859065394,
-0.989937027679607,0.),(0.,0.,1.),(0.970123558515926,-0.24261137898375,
0.),(0.970123558515926,-0.24261137898375,0.),(-0.14150859065394,-0.989937027679607,
0.),(0.,0.,1.),(0.,0.,1.),(-0.106511298332998,-0.994311492102661,0.),(0.970123558515926,
-0.24261137898375,0.),(0.,0.,1.),(-0.784511235368347,-0.620114603586167,
0.),(0.,0.,1.),(0.123809715643949,0.992305978170123,0.),(0.970123353082397,
-0.242612200443768,0.),(0.,0.,1.),(-0.370845723461274,0.928694486572675,
0.),(-0.784511235368347,-0.620114603586167,0.),(-0.106511298332998,-0.994311492102661,
0.),(0.,0.,1.),(0.,0.,1.),(0.970123558515926,-0.24261137898375,0.),(-0.784511235368347,
-0.620114603586167,0.),(-0.0361603544497527,-0.999346000525378,0.),(0.,
0.,1.),(0.,0.,1.),(0.081355426325486,0.996685153199042,0.),(-0.0361603544497527,
-0.999346000525378,0.),(0.,0.,1.),(0.00313703214218624,0.0399515377741536,
0.999196694179289),(0.0343726135873458,-0.999409087128577,0.),(0.,0.,1.),
(0.0343726135873458,-0.999409087128577,0.),(0.,0.,1.),(0.00103847356951026,
0.0400693287485761,0.999196362316379),(0.104732719623751,-0.994500405952764,
0.),(0.,0.,1.),(0.,0.,1.),(-0.00391834531044661,0.999992323255548,0.),(0.104732719623751,
-0.994500405952764,0.),(0.,0.,1.),(0.139738478734723,-0.990188445479397,
0.),(0.983690238107322,0.179870829909579,0.),(0.,0.,1.),(0.,0.,1.),(-0.0891614623788041,
0.996017185407196,0.),(0.139738478734723,-0.990188445479397,0.),(0.,0.,
1.),(0.983690238107322,0.179870829909579,0.),(-0.00106283655461224,0.0400670674055597,
0.99919642737951),(0.983690238107322,0.179870829909579,0.),(0.,0.,1.),(-0.131578031122208,
0.991305816449194,0.),(-0.131578031122208,0.991305816449194,0.),(0.983690238107322,
0.179870829909579,0.),(0.,0.,1.),(0.,0.,1.),(0.0841102246175249,-0.953811799484893,
-0.288389530458682),(-0.00316172208804953,0.0399443998380135,0.999196901734097),
(-0.784511235368347,-0.620114603586167,0.),(-0.370845723461274,0.928694486572675,
0.),(0.,0.,1.),(0.00730558444042858,0.0393581809683582,0.999198459780061),
(0.00522766320920395,0.0397141378705874,0.999197407317777),(-0.370845723461274,
0.928694486572675,0.),(0.,0.,1.),(0.970123353082397,-0.242612200443768,
0.),(0.970123353082397,-0.242612200443768,0.),(-0.370845723461274,0.928694486572675,
0.),(0.,0.,1.),(0.,0.,1.),(-0.136135487239292,-0.947883394009852,-0.288069784035891),
(0.00936636360567901,0.0388857487387698,0.999199764700649),(0.011406416910568,
0.0382999220905259,0.999201185758465),(0.,0.,1.),(-0.244302260077358,-0.926003834839003,
-0.287807754559454),(0.,0.,1.),(-0.190532650375534,-0.938500744526013,-0.287947324462294),
(0.970123353082397,-0.242612200443768,0.),(0.123809715643949,0.992305978170123,
0.),(0.,0.,1.),(0.,0.,1.),(0.081355426325486,0.996685153199042,0.),(0.,
0.,1.),(-0.0812910233144069,-0.954120931501352,-0.288175324411181),(-0.0891614623788041,
0.996017185407196,0.),(0.,0.,1.),(0.,0.,1.),(-0.0261807176127843,-0.957193062989697,
-0.288263785775601),(0.,0.,1.),(0.0290139211373867,-0.957089904452795,-0.288335060606188),
(-0.00391834531044661,0.999992323255548,0.),(0.,0.,1.),(-0.0193503248516029,
0.0348849704552527,-0.999203985062346),(-0.0694885458000407,0.14151929348948,
-0.987493610902285),(-0.0174208738747924,0.0358807890873408,-0.999204224434579),
(-0.076488077230135,0.137870189463245,-0.987492473337901),(0.,0.,-1.),(0.451914713125621,
-0.844191577778322,0.288294419073167),(-0.021194978498685,0.0337917741113623,
-0.999204127738095),(-0.0833414703419866,0.133845013338325,-0.987491626154723),
(0.,0.,-1.),(0.499817749864317,-0.816771473933513,0.288212727493163),(-0.0622729413547166,
0.144834697480464,-0.987494299315583),(-0.136567519731472,0.278472293282867,
-0.950685276223512),(-0.0154524174077515,0.0367791466357819,-0.999203941730116),
(0.,0.,-1.),(0.402514685644462,-0.868810093147744,0.288359064163326),(-0.0548683147245381,
0.14777099120959,-0.987498456807009),(-0.122313289509819,0.285023043352267,
-0.950684660635428),(-0.0134573432288638,0.0375802198873212,-0.999202995885441),
(0.,0.,-1.),(0.351781659332479,-0.890545479799033,0.288406679130005),(-0.0473110307021387,
0.15032509350484,-0.987503940567663),(-0.10772011445562,0.290854281491851,
-0.950684050502335),(-0.0114374600002774,0.0382777685963935,-0.999201679812451),
(0.,0.,-1.),(0.29988344807381,-0.909326036045145,0.288437302965109),(-0.0396232903682371,
0.152493405948703,-0.987509876407603),(-0.092850795259691,0.295936026046785,
-0.950684278983975),(-0.00939469023919141,0.0388662845448002,-0.999200256065315),
(0.,0.,-1.),(0.246990373988503,-0.92509019113199,0.288450850975339),(-0.0318277633986825,
0.154272835139818,-0.987515511683214),(-0.0777425001726901,0.30025888086371,
-0.95068433674347),(-0.00733208859252248,0.0393423135804893,-0.999198890531313),
(0.,0.,-1.),(0.193278847115782,-0.937785326819168,0.288447513527609),(-0.0239466498147254,
0.155659862173065,-0.987520412584425),(-0.0624345345918581,0.303811298191898,
-0.950684292486865),(-0.00525299690545022,0.0397023473553227,-0.999197743010856),
(0.,0.,-1.),(0.138925733171686,-0.947369737861004,0.288427149290566),(-0.0160018683325503,
0.156651442093586,-0.987524311548768),(-0.0469668157745729,0.306583330965426,
-0.95068437422214),(-0.00316172208804953,0.0399443998380135,-0.999196901734097),
(0.,0.,-1.),(0.0841102246175249,-0.953811799484893,0.288389530458682),(-0.00801448518277541,
0.157247339374995,-0.987526729910001),(-0.0313784618035103,0.308568269308374,
-0.950684498301556),(-0.00106283655461224,0.0400670674055597,-0.99919642737951),
(0.,0.,-1.),(0.0290139211373868,-0.957089904452795,0.288335060606188),(-5.95445987010764E-6,
0.157444679023708,-0.987527808728274),(-0.0157094045918075,0.30976153109595,
-0.950684494698669),(0.00103847356951026,0.0400693287485761,-0.999196362316379),
(0.,0.,-1.),(-0.0261807176127843,-0.957193062989697,0.288263785775601),
(0.00800287671976751,0.157244594377621,-0.987527261144332),(0.,0.310160469793187,
-0.95068421832786),(0.00313703214218624,0.0399515377741536,-0.999196694179289),
(0.015990496044988,0.156646273284,-0.987525315676752),(0.0157093412490269,
0.309761660318076,-0.950684453640907),(0.00522766320920395,0.0397141378705874,
-0.999197407317777),(0.,0.,-1.),(-0.0812910233144069,-0.954120931501352,
0.288175324411181),(0.0239364261628876,0.155652292631949,-0.987521853581462),
(0.0313783832749298,0.308568294554938,-0.950684492699081),(0.00730558444042858,
0.0393581809683582,-0.999198459780061),(0.,0.,-1.),(-0.136135487239292,
-0.947883394009852,0.288069784035891),(0.0318188399959022,0.154263204472324,
-0.987517303730545),(0.0469668423115893,0.306583358911492,-0.950684363898884),
(0.00936636360567901,0.0388857487387698,-0.999199764700649),(0.,0.,-1.),
(-0.190532650375534,-0.938500744526013,0.287947324462294),(0.0396164415652821,
0.152482284545552,-0.98751186851474),(0.0624346247190206,0.303811275853059,
-0.950684293706766),(0.011406416910568,0.0382999220905259,-0.999201185758465),
(0.,0.,-1.),(-0.244302260077358,-0.926003834839003,0.287807754559454),(0.0473071494714611,
0.150313070987345,-0.987505956589244),(0.0777424170695366,0.300258821668853,
-0.950684362235026),(0.0134224964263426,0.037603922337506,-0.99920257286224),
(0.,0.,-1.),(-0.297267104830134,-0.910433546643206,0.287650874381747),(0.0548684522433513,
0.147759093484503,-0.987500229489116),(0.0928506610413573,0.295936047462037,
-0.950684285426413),(0.0154127575888108,0.0368032122862587,-0.999203668162263),
(0.,0.,-1.),(-0.349206824485409,-0.891840671231502,0.28753227796225),(0.0622782928700808,
0.144824236698001,-0.98749549604139),(0.107720599567335,0.290854366015083,
-0.950683969675947),(0.0173752883303656,0.0359033292476956,-0.999204208510137),
(0.,0.,-1.),(-0.399920118433238,-0.870264145358084,0.28758340733865),(0.0695136188370685,
0.141512496456282,-0.987492820299411),(0.122312932435661,0.28502342495159,
-0.950684592169167),(0.019307692843437,0.0349103425356265,-0.999203923621754),
(0.,0.,-1.),(-0.449376740915157,-0.845731756560548,0.287747008098228),(0.0765534135751644,
0.137829587160182,-0.987493078341941),(0.13659308608598,0.278463149570133,
-0.950684281538824),(0.0211523155333044,0.0338246864275842,-0.999203918194707),
(0.,0.,-1.),(-0.497337872801725,-0.818396228183271,0.287893476779956),(0.0833599781103009,
0.133822839931309,-0.98749306912108),(0.150521166858753,0.271187386191392,
-0.950684374489326),(0.0899966316967681,0.129455446306939,-0.987492730962971),
(0.0229581378091728,0.0326166484019722,-0.999204222446721),(0.,0.,-1.),
(-0.54364435934654,-0.788348680408631,0.288022861329895),(0.164063723685365,
0.263215900451669,-0.950684219033802),(0.177184654378577,0.254568174376222,
-0.950684302409323),(0.0964032938685128,0.124736288700334,-0.987495449717399),
(0.240675876758453,0.386128921172218,-0.890494008166775),(0.22081013683899,
0.397823634885606,-0.890493817494288),(0.25992448363142,0.373443686924284,
-0.890493725696783),(0.189850734582128,0.245266877909068,-0.950684415134362),
(0.311354794890445,0.499522860047897,-0.808415180453891),(0.285655322832158,
0.51465200068387,-0.808414717041782),(0.336255893133117,0.483112001463749,
-0.808414972878991),(0.278505404670454,0.359799205965736,-0.890493835439512),
(0.37436795785056,0.600617672711003,-0.706475083327091),(0.343466108145875,
0.618807628777102,-0.706475867331918),(0.404307829529336,0.580885140978314,
-0.706475499909149),(0.360293292604503,0.46546067337591,-0.80841518098354),
(0.428171501095551,0.686937871550583,-0.587184405684567),(0.392829344498743,
0.707743049166828,-0.587183857455847),(0.462414609247415,0.664369577895067,
-0.587184632906968),(0.433210206605485,0.559661709023381,-0.706475539807191),
(0.4714473973062,0.756368378948997,-0.453480128450273),(0.432533649523153,
0.779276716039793,-0.453478160299279),(0.509152476242803,0.731519045750311,
-0.45347948315263),(0.495471507788519,0.640096404530944,-0.587183598098865),
(0.503138048004708,0.80721117056255,-0.308645801476466),(0.461607473551681,
0.831658513425246,-0.308646492623105),(0.543377831374689,0.780691451414691,
-0.308644439539357),(0.545549983217002,0.704792260845853,-0.453478869258227),
(0.521742861274764,0.838639561084846,-0.156422739051067),(0.478596096886435,
0.863989050320892,-0.156424732605406),(0.56354962576526,0.811137339978235,
-0.156422616628377),(0.582221020990116,0.752167686263011,-0.308646163849439),
(0.531794919199783,0.845972475888977,-0.0390478418298675),(0.488264176868048,
0.871821831805772,-0.0390485233292724),(0.573959926684638,0.817951854066584,
-0.0390482648680216),(0.603909483661553,0.781553068929745,-0.156422939462641),
(0.531794919199783,0.845972475888977,0.0390478418298675),(0.488264176868048,
0.871821831805772,0.0390485233292724),(0.614651863185028,0.787831460975989,
-0.0390471020642046),(0.573959926684638,0.817951854066584,0.0390482648680216),
(-0.0899843535589555,0.129458961628995,-0.987493389025223),(-0.0229999715919503,
0.0325904831644461,-0.999204114139787),(0.,0.,-1.),(0.546065297398593,-0.786640292991902,
0.288114110065093),(-0.150473436821493,0.271212952169591,-0.950684637188686),
(-0.177184604360297,0.254567930781494,-0.950684376959732),(-0.164044681914749,
0.263230864274709,-0.950683361813321),(-0.200345522942879,0.408509810125623,
-0.890495034499279),(-0.179430073141325,0.418122286714906,-0.890493459944989),
(-0.1580218227617,0.426672691100157,-0.890493974263959),(-0.136209191123192,
0.43412873216319,-0.890493851839499),(-0.11404587457748,0.440470931917149,
-0.89049362525955),(-0.0915896270055464,0.44568168110548,-0.890493784005244),
(-0.0688990102833775,0.449748217810412,-0.890493945492236),(-0.0460312467350475,
0.452660763326685,-0.890493884127522),(-0.0230449289916962,0.454412162242062,
-0.890493412695603),(0.,0.454995879062864,-0.890493542950094),(0.0230450996994446,
0.454412054033023,-0.890493463496129),(0.0460311421496223,0.452660889284995,
-0.890493825505892),(0.0688989315772153,0.449748244204777,-0.89049393825126),
(0.0915895985649192,0.445681625949419,-0.890493814535396),(0.114045981900161,
0.440470883575459,-0.890493635426263),(0.136209215707424,0.434128834811179,
-0.890493798036717),(0.158021492934124,0.42667248566691,-0.890494131224732),
(0.179430401492511,0.418122192496527,-0.890493438023062),(0.200377353923794,
0.40849646645696,-0.890493993762269),(-0.0963918306561506,0.124733699316851,
-0.987496895811571),(-0.189850773908893,0.245266921820001,-0.950684395952272),
(-0.0247373075080888,0.0313166772686872,-0.999203348344119),(0.,0.,-1.),
(0.590504529539836,-0.753897413125369,0.287998422002298),(-0.102555303561431,
0.119674833179867,-0.987502072916707),(-0.202029916086878,0.235336847155942,
-0.950684217485822),(-0.0264005759326549,0.0299685776940229,-0.999202128671382),
(-0.1084599571271,0.114300065727245,-0.987507940562877),(-0.213689952235176,
0.224801657297914,-0.95068439515427),(-0.0279841187572385,0.028545260948346,
-0.999200709154458),(0.,0.,-1.),(0.632988788145789,-0.718650538007546,0.287865590689806),
(-0.114090849444774,0.108626526788638,-0.987513825599828),(-0.224801614907674,
0.213689951684793,-0.950684405301703),(-0.0294827235336518,0.0270465469293114,
-0.999199306100759),(0.,0.,-1.),(0.673377166640579,-0.681016078160846,0.28771564561825),
(-0.119434555791694,0.102672608979309,-0.987518973107972),(-0.235336418018131,
0.20202977169033,-0.950684354402211),(-0.0308918224080056,0.0254733283317456,
-0.999198080888877),(0.,0.,-1.),(0.711535432035079,-0.641118648444431,0.287548617759569),
(-0.124476802621383,0.0964546521343881,-0.987523177292964),(-0.245266932787688,
0.189850717910431,-0.950684404305558),(-0.0322071738458416,0.0238278763413119,
-0.999197142841155),(0.,0.,-1.),(0.747220840255494,-0.599154895209307,0.287531611191879),
(-0.129204945083453,0.0899905480465395,-0.987526092530352),(-0.2545682325822,
0.177184831768629,-0.950684253762046),(-0.033425457032229,0.0221134700775578,
-0.999196543860774),(0.,0.,-1.),(0.780457760417099,-0.555088933416955,0.287683785088337),
(-0.133606652779011,0.0832974123844283,-0.987527621600149),(-0.2632151751353,
0.164063140770054,-0.95068452044785),(-0.0345429090042702,0.0203337571581836,
-0.999196339943934),(0.,0.,-1.),(0.811105507116491,-0.50917355635132,0.287837012626675),
(-0.137671137080713,0.0763939509647709,-0.987527529880001),(-0.271186656033525,
0.150520528319562,-0.950684683869344),(-0.0355566715947061,0.0184929129937189,
-0.999196544866981),(0.,0.,-1.),(0.839059904223604,-0.461573418808218,0.287973012926508),
(-0.141386521421266,0.0692969949331584,-0.987526089809088),(-0.27846345016955,
0.136593037068209,-0.95068420053357),(-0.0364644961377824,0.0165957775791902,
-0.999197138050325),(0.,0.,-1.),(0.864229307256484,-0.412444638595743,0.288092215397439),
(-0.144743950436484,0.0620260841790513,-0.987523140839471),(-0.285024184272562,
0.122313689269543,-0.950684267145005),(-0.037264276703045,0.0146468292917751,
-0.999198100515357),(0.,0.,-1.),(0.886529484141714,-0.361952387741517,0.288194279533168),
(-0.147733063097101,0.0545996823780698,-0.987519020957147),(-0.290853810448753,
0.10772061188211,-0.950684138251599),(-0.0379561580578944,0.0126513220298628,
-0.999199316511166),(0.,0.,-1.),(0.90588762355219,-0.310262285209503,0.288279253279772),
(-0.150346091130592,0.0470380581134793,-0.98751378419274),(-0.295935684620839,
0.0928500869697179,-0.950684454442015),(-0.0385394140648844,0.0106135343956192,
-0.999200713796366),(0.,0.,-1.),(0.922239585397579,-0.257545832408946,0.288347518342857),
(-0.152573774797466,0.0393612858119842,-0.987507940435559),(-0.300259009010902,
0.0777423514170821,-0.950684308434684),(-0.0390151122316421,0.00853810580965982,
-0.999202142595149),(0.,0.,-1.),(0.935531676829186,-0.203977098710314,0.288398725466834),
(-0.154408845374785,0.0315910129764772,-0.987501856387696),(-0.30380958827983,
0.062434285790999,-0.950684855263303),(-0.039386513835193,0.00642942997930844,
-0.999203365165496),(-0.155840651265125,0.0237468650046189,-0.987496722939228),
(-0.306583000270932,0.0469669571423981,-0.950684473882717),(-0.0396575790054791,
0.00429201066186052,-0.999204110816155),(0.,0.,-1.),(0.945720226018825,
-0.149732967118499,0.288432475038428),(-0.156861406164385,0.0158510345333609,
-0.987493414641513),(-0.308568356685737,0.0313784269164058,-0.950684471092547),
(-0.0398321641255896,0.00213075250244005,-0.999204112579029),(0.,0.,-1.),
(0.952771264672226,-0.0949937312660466,0.288449489919884),(-0.157465580761998,
0.00792535336596658,-0.987492673212977),(-0.309762027950239,0.0157095672742719,
-0.950684330120262),(-0.0398926179629303,-2.05684075051091E-5,-0.999203972474592),
(0.,0.,-1.),(0.956661698061773,-0.0399393693538628,0.288449722199867),(-0.157666852267243,
1.56934683027513E-5,-0.987492361210888),(-0.310160009683026,0.,-0.950684368438561),
(-0.15746670424391,-0.00791068049582849,-0.987492611713452),(-0.0398264976575539,
-0.00218297968640851,-0.999204225713653),(0.,0.,-1.),(0.957378804330393,
0.0152480327984941,0.288432526797314),(-0.309762098123174,-0.0157094640104747,
-0.950684308962146),(-0.308567983062768,-0.0313784903892588,-0.950684590266123),
(-0.15685674626956,-0.0158400415269322,-0.987494331241528),(-0.452660876689253,
-0.0460309880824679,-0.890493839872612),(-0.454411628806271,-0.0230452888398164,
-0.890493675591198),(-0.449747497684989,-0.0688985726273466,-0.890494343056712),
(-0.306582698791945,-0.0469667743461727,-0.950684580136316),(-0.581826598549062,
-0.0891319663155597,-0.808414065811296),(-0.585592543842776,-0.0595489925702845,
-0.808415295550258),(-0.576564529474356,-0.11848710500142,-0.808414589984864),
(-0.445679593445358,-0.0915900644967999,-0.890494783854377),(-0.693250016599168,
-0.142466147447465,-0.706475626838414),(-0.699577932758233,-0.10717074667069,
-0.706473741235839),(-0.685143425328131,-0.177395934361876,-0.706476587865098),
(-0.569820980668955,-0.147537165311717,-0.808416250975482),(-0.783615102633345,
-0.202891953005929,-0.587181595701341),(-0.79288689461037,-0.162941076681982,
-0.587180192006543),(-0.772333436427576,-0.24232094615746,-0.587181081123468),
(-0.675279862414374,-0.211870674328453,-0.706475707138774),(-0.85039356702554,
-0.266812268781412,-0.45347766691348),(-0.862815931017607,-0.223398230268249,
-0.45347756272525),(-0.835787755030101,-0.309541096721671,-0.453478927825857),
(-0.759065951339067,-0.281127791725614,-0.587184848439737),(-0.891968135025355,
-0.330348160465135,-0.308646948756491),(-0.907554494001978,-0.284746912668588,
-0.308648726131378),(-0.874091504486603,-0.375102877654489,-0.308645221831909),
(-0.819035481943295,-0.351476829656596,-0.453480889930835),(-0.907315585923526,
-0.390270336195465,-0.156420881681847),(-0.92591831434921,-0.343813937366034,
-0.156420112599316),(-0.886384020571758,-0.435723568964191,-0.156423590050074),
(-0.853970554806191,-0.418893228080586,-0.308646650706326),(-0.898793644143143,
-0.436629499398677,-0.0390469653462468),(-0.919754935708349,-0.390546139723609,
-0.0390457550460705),(-0.875525596585115,-0.481591430390606,-0.0390464325977191),
(-0.863177218975755,-0.480058564257516,-0.156425264980737),(-0.875525596585115,
-0.481591430390606,0.0390464325977191),(-0.898793644143143,-0.436629499398676,
0.0390469653462468),(-0.850008726739455,-0.525319240763506,-0.0390494526264262),
(-0.850008726739455,-0.525319240763506,0.0390494526264262),(-0.837753949091227,
-0.523162513291117,-0.156426677612789),(-0.831658207837038,-0.461607968202324,
-0.308646576247668),(-0.822310813236181,-0.567697119300899,-0.0390500598246721),
(-0.822310813236181,-0.567697119300899,0.0390500598246721),(-0.81018196675087,
-0.56492180163215,-0.156424226999458),(-0.80721084879757,-0.503138745516145,
-0.30864550595132),(-0.792502405198181,-0.608617439669309,-0.0390480458598585),
(-0.792502405198181,-0.608617439669309,0.0390480458598585),(-0.780529623663696,
-0.60523178186604,-0.156422494554545),(-0.780692910018295,-0.543376944981332,
-0.30864231062821),(-0.760659050982998,-0.647976157145712,-0.0390475086058056),
(-0.760659050982998,-0.647976157145712,0.0390475086058056),(-0.748872795141671,
-0.643988577842428,-0.156423298473045),(-0.752167771627787,-0.582221338980562,
-0.308645355967281),(-0.726863413206426,-0.685671119771688,-0.0390473309324002),
(-0.726863413206426,-0.685671119771688,0.0390473309324002),(-0.715294245878634,
-0.681091651143894,-0.156423478272925),(-0.721712772224258,-0.619570637795417,
-0.308646884303334),(-0.691201743731186,-0.721606146682883,-0.0390476443905289),
(-0.691201743731186,-0.721606146682883,0.0390476443905289),(-0.679879552926102,
-0.716446578917302,-0.15642280227223),(-0.689406373883857,-0.655329321207631,
-0.308645966138969),(-0.653765845998312,-0.755688785295819,-0.0390471302945671),
(-0.653765845998312,-0.755688785295819,0.0390471302945671),(-0.642719346454529,
-0.749962471659311,-0.156422929251823),(-0.655329567451171,-0.689406203406103,
-0.308645824092024),(-0.61465214265052,-0.787831241362652,-0.0390471339294826),
(-0.61465214265052,-0.787831241362652,0.0390471339294826),(-0.603909793710115,
-0.781552820859346,-0.156422981904216),(-0.619570488074095,-0.721713360855181,
-0.308645808445128),(-0.573959652566052,-0.817952047650103,-0.0390482390289235),
(-0.573959652566052,-0.817952047650103,0.0390482390289235),(-0.563549181801544,
-0.811137287831977,-0.15642448650833),(-0.582220932167025,-0.752167668104577,
-0.308646375654541),(-0.531794588472767,-0.845972790562015,-0.0390455285506282),
(-0.531794588472767,-0.845972790562015,0.0390455285506282),(-0.521742653733444,
-0.838639803017825,-0.156422134205512),(-0.543377256884368,-0.780690961794608,
-0.308646689392627),(-0.48826377167124,-0.871822103408495,-0.0390475259365229),
(-0.48826377167124,-0.871822103408495,0.0390475259365229),(-0.478596616342867,
-0.863989336073996,-0.156421564931355),(-0.503138095041942,-0.807210418128265,
-0.308647692657434),(-0.443480752175049,-0.895432995006601,-0.0390457923951061),
(-0.443480752175049,-0.895432995006601,0.0390457923951061),(-0.434222318569641,
-0.88712079286856,-0.156421472043526),(-0.461608661618457,-0.831658661691606,
-0.308644316247917),(-0.397558480052891,-0.916745693095438,-0.039045987361069),
(-0.397558480052891,-0.916745693095438,0.039045987361069),(-0.388732983750866,
-0.907975283831921,-0.156421070494006),(-0.41889270420136,-0.853970951148788,
-0.308646265101177),(-0.350615518430813,-0.93570516059675,-0.0390462631771879),
(-0.350615518430813,-0.93570516059675,0.0390462631771879),(-0.342245567363438,
-0.926498975305632,-0.156421291318327),(-0.375102482896923,-0.874091607041452,
-0.308645411150492),(-0.302773126227476,-0.95226250484815,-0.0390455617806618),
(-0.302773126227476,-0.95226250484815,0.0390455617806618),(-0.294879855807495,
-0.942644120857872,-0.156422287577699),(-0.330348125978857,-0.891968211920776,
-0.30864676344506),(-0.254153461965557,-0.96637538556449,-0.0390465356466522),
(-0.254153461965557,-0.96637538556449,0.0390465356466522),(-0.246757667562429,
-0.956369532036516,-0.156422414287099),(-0.284747148216375,-0.907555274601207,
-0.308646213529616),(-0.204880979166524,-0.978007733271279,-0.0390468697508705),
(-0.204880979166524,-0.978007733271279,0.0390468697508705),(-0.198001276931841,
-0.967640133001096,-0.156422720021683),(-0.238415155963015,-0.92081264177005,
-0.308645900934377),(-0.155082237239222,-0.987129583239051,-0.0390472225283001),
(-0.155082237239222,-0.987129583239051,0.0390472225283001),(-0.148737028648336,
-0.976426875423188,-0.156422035724431),(-0.191470623412568,-0.931706382419953,
-0.308645779702115),(-0.104886612696052,-0.99371735836785,-0.0390462566140439),
(-0.104886612696052,-0.99371735836785,0.0390462566140439),(-0.0990913679179157,
-0.982707106038339,-0.156421368571909),(-0.144034820994552,-0.940208550760452,
-0.308645186934767),(-0.0544203082773014,-0.997754361459396,-0.0390469491222463),
(-0.0544203082773014,-0.997754361459396,0.0390469491222463),(-0.0491902779687504,
-0.986464538183486,-0.156422605335031),(-0.0962290704131818,-0.946296927270376,
-0.308645575775936),(-0.00381516632804873,-0.999230164549725,-0.039045137467037),
(-0.00381516632804873,-0.999230164549724,0.039045137467037),(0.000836827367239131,
-0.987689437860283,-0.156425298654646),(-0.0481754739822669,-0.949956177482043,
-0.308646050631284),(0.0468003538465214,-0.998140857867176,-0.0390455469422459),
(0.0468003538465214,-0.998140857867176,0.0390455469422459),(0.0508607333574267,
-0.986379959255552,-0.156421743313904),(0.,-0.951175570449297,-0.308650342912367),
(0.0972941504184834,-0.994489525788575,-0.0390439674106204),(0.0972941504184834,
-0.994489525788575,0.0390439674106204),(0.100754578959393,-0.982538282240519,
-0.156419432138613),(0.0481748053334492,-0.949956383960065,-0.308645519495426),
(0.147539873119575,-0.988285030525782,-0.0390472057708783),(0.147539873119575,
-0.988285030525782,0.0390472057708783),(0.150390554151694,-0.976173549634667,
-0.156422128279859),(0.0962290472919992,-0.946296983322071,-0.308645411131968),
(0.197406117273513,-0.979543925198336,-0.0390451465617987),(0.197406117273513,
-0.979543925198336,0.0390451465617987),(0.199639549566719,-0.9673037695673,
-0.156420803059213),(0.144034675844475,-0.940208469655297,-0.308645501737547),
(0.246765806428891,-0.968288180513556,-0.0390465908274484),(0.246765806428891,
-0.968288180513556,0.0390465908274484),(0.248376701141145,-0.955950333638448,
-0.156422421496352),(0.191470650106885,-0.931706344010951,-0.308645879087013),
(0.295492006595609,-0.954546917983976,-0.0390468360484194),(0.295492006595609,
-0.954546917983976,0.0390468360484194),(0.296475777102505,-0.942143233587992,
-0.156423275109006),(0.238415198954116,-0.920812589693343,-0.30864602309103),
(0.343460318382686,-0.938355098602886,-0.0390476455427363),(0.343460318382686,
-0.938355098602886,0.0390476455427363),(0.343814152526803,-0.925917784601117,
-0.156422775456889),(0.284747275480023,-0.907555299805301,-0.308646022009054),
(0.390545926236048,-0.919755010715117,-0.0390461235574236),(0.390545926236048,
-0.919755010715117,0.0390461235574236),(0.39026952692819,-0.907315918036916,
-0.156420974386671),(0.330348476585414,-0.891968173876652,-0.308646498131515),
(0.436629483050658,-0.898793651699185,-0.0390469742254064),(0.436629483050658,
-0.898793651699185,0.0390469742254064),(0.435715180070745,-0.886389316089797,
-0.156416949777769),(0.375102076176002,-0.874091872494573,-0.308645153675518),
(0.481604901001596,-0.875518377504992,-0.0390421564756405),(0.481604901001596,
-0.875518377504992,0.0390421564756405),(0.480042345459487,-0.86318654042836,
-0.156423601125517),(0.461572677186885,-0.831678094735317,-0.308645768498396),
(0.418872356435314,-0.853981837408928,-0.308643759680961),(0.525314662352883,
-0.850011458127822,-0.0390515885527211),(0.525314662352883,-0.850011458127822,
0.0390515885527211),(0.523153640593647,-0.837759692080651,-0.156425594640218),
(0.503124391905665,-0.807217850892191,-0.308650591236348),(0.567697194885593,
-0.822310879465558,-0.0390475662699956),(0.567697194885593,-0.822310879465558,
0.0390475662699956),(0.564922293990671,-0.810181623065615,-0.156424228938755),
(0.608617670379358,-0.792502243146947,-0.0390477388469476),(0.608617670379358,
-0.792502243146947,0.0390477388469476),(0.605232082131549,-0.780529189864619,
-0.156423497365296),(0.543377019896895,-0.78069116232106,-0.308646599400935),
(0.647976097556196,-0.760659093722741,-0.0390476648820564),(0.647976097556196,
-0.760659093722741,0.0390476648820564),(0.643988488446226,-0.748872821809273,
-0.156423538842986),(0.582220983217628,-0.75216763947514,-0.308646349123871),
(0.685671096368281,-0.726863431562769,-0.0390474001940699),(0.685671096368281,
-0.726863431562769,0.0390474001940699),(0.681091816604758,-0.715294264946389,
-0.156422670635797),(0.619570426547023,-0.721713436991773,-0.308645753921649),
(0.721606236648168,-0.691201596054214,-0.039048595910432),(0.721606236648168,
-0.691201596054213,0.039048595910432),(0.716446759856383,-0.679879140042381,
-0.156423768099745),(0.655329679766003,-0.689406130307017,-0.308645748898138),
(0.755688801691696,-0.653765759295089,-0.0390482646360095),(0.755688801691696,
-0.653765759295089,0.0390482646360095),(0.74996224209556,-0.642719612612987,
-0.156422936277301),(0.689406541578084,-0.655329597408125,-0.308645005127654),
(0.787831528309104,-0.614651783742771,-0.0390469940452735),(0.787831528309104,
-0.614651783742771,0.0390469940452735),(0.781553235067304,-0.603909299557749,
-0.15642282014943),(0.721713411233584,-0.6195708802246,-0.308644903446172),
(0.817951627300632,-0.573960250155155,-0.0390482603720042),(0.817951627300632,
-0.573960250155155,0.0390482603720042),(0.811137270387589,-0.563549636823243,
-0.156422937654815),(0.752167967538177,-0.582221034582434,-0.308645452743513),
(0.845972447537824,-0.531794797961691,-0.0390501071413069),(0.845972447537824,
-0.531794797961691,0.0390501071413069),(0.838639017807563,-0.521742670610785,
-0.156426287671515),(0.780692188563158,-0.543377867158181,-0.308642511976385),
(0.87182153955095,-0.488264856508772,-0.0390465500842148),(0.87182153955095,
-0.488264856508772,0.0390465500842148),(0.863988687164352,-0.478596614409162,
-0.156425155036225),(0.807210950928483,-0.50313833096789,-0.308645914620591),
(0.895433325269102,-0.443479691303279,-0.0390502675927779),(0.895433325269102,
-0.443479691303278,0.0390502675927779),(0.887120309935457,-0.434221227383449,
-0.15642723992205),(0.831658285542418,-0.461607869772904,-0.308646514077785),
(0.916745503906948,-0.39755882537935,-0.0390469131864126),(0.916745503906948,
-0.39755882537935,0.0390469131864126),(0.907975102599248,-0.388732933881075,
-0.156422246423253),(0.853970797502393,-0.418893147114654,-0.308646089094787),
(0.935704995186873,-0.350615173431008,-0.0390533243434894),(0.935704995186873,
-0.350615173431008,0.0390533243434894),(0.926498492095468,-0.342245776919479,
-0.156423694898202),(0.874091842537422,-0.375102784316035,-0.308644377897756),
(0.952262120728307,-0.302773875253906,-0.0390491214979291),(0.952262120728307,
-0.302773875253906,0.0390491214979291),(0.942643613587401,-0.294880143478213,
-0.156424802205904),(0.891969376745686,-0.330349320143348,-0.308642119012845),
(0.966375544341393,-0.254152057308873,-0.0390517485465526),(0.966375544341393,
-0.254152057308873,0.0390517485465526),(0.95636936183049,-0.246756683840261,
-0.156425006735175),(0.907554788747038,-0.284746298812186,-0.308648425777745),
(0.978007924168331,-0.204879522133813,-0.0390497333431631),(0.978007924168331,
-0.204879522133813,0.0390497333431631),(0.967639663598012,-0.198000063860818,
-0.156427159224473),(0.920812829033592,-0.238414159924961,-0.308646111646377),
(0.987129519741021,-0.155082608564135,-0.0390473530063763),(0.987129519741021,
-0.155082608564135,0.0390473530063763),(0.976426640674736,-0.148738368549056,
-0.156422227007597),(0.931707048581486,-0.191470604936605,-0.308643780220478),
(0.993717338397315,-0.104886749818958,-0.0390463965171195),(0.993717338397315,
-0.104886749818958,0.0390463965171195),(0.982707108752964,-0.0990911711389195,
-0.156421476174814),(0.940209194322701,-0.144036293582998,-0.308642539261732),
(0.99775431200886,-0.0544211030561173,-0.039047105012807),(0.99775431200886,
-0.0544211030561172,0.039047105012807),(0.986464235605666,-0.0491837089903426,
-0.156426579074281),(0.946297050856215,-0.0962287205788523,-0.30864530593642),
(0.999229684959174,-0.00383007861147549,-0.0390559495367908),(0.999229684959174,
-0.00383007861147549,0.0390559495367908),(0.987690073041681,0.000857453275482621,
-0.156421176279938),(0.949956219874494,-0.0481584732143735,-0.308648573266463),
(0.998140762188985,0.0468055978391586,-0.0390417067725097),(0.998140762188985,
0.0468055978391586,0.0390417067725097),(0.986379922041174,0.0508747440055445,
-0.156417421716441),(0.951177159560503,4.38235475897916E-5,-0.3086454425549),
(0.994489625974289,0.0972931336226843,-0.0390439493314565),(0.994489625974289,
0.0972931336226843,0.0390439493314565),(0.982538279376215,0.100754289065321,
-0.156419636859853),(0.949956051761616,0.0482004610311033,-0.308642536403961),
(0.988284871419431,0.147540240898618,-0.0390498430093785),(0.988284871419431,
0.147540240898618,0.0390498430093785),(0.976172951810633,0.150391354859195,
-0.156425089218228),(0.946296942490901,0.0962291320726898,-0.308645509886196),
(0.979543648544892,0.197406876771245,-0.0390482470641732),(0.979543648544892,
0.197406876771245,0.0390482470641732),(0.96730277816086,0.199640130455896,
-0.156426192416215),(0.94020899174849,0.144035838088812,-0.308643368924946),
(0.968288181436108,0.24676566518267,-0.0390474605846363),(0.968288181436108,
0.24676566518267,0.0390474605846363),(0.955951009468632,0.248375164252081,
-0.156420731613988),(0.93170725524791,0.191470432758865,-0.308643263165646),
(0.954546955711599,0.295491899041875,-0.0390467276778026),(0.954546955711599,
0.295491899041875,0.0390467276778026),(0.942142972476827,0.296476636701667,
-0.156423218553372),(0.92081314008914,0.238414111837989,-0.308645220788659),
(0.938354844830031,0.343460761829688,-0.0390498433720158),(0.938354844830031,
0.343460761829688,0.0390498433720158),(0.92591831258979,0.343813926414899,
-0.156420147084851),(0.907554439108712,0.284747639841364,-0.308648216678542),
(0.91975522201576,0.390545393385853,-0.039046475895143),(0.91975522201576,
0.390545393385853,0.039046475895143),(0.907316012153493,0.390269499959096,
-0.156420495752825),(0.8919698466084,0.330348015263872,-0.308642157769492),
(0.898793644143143,0.436629499398675,-0.0390469653462493),(0.898793644143143,
0.436629499398675,0.0390469653462493),(0.886384020571758,0.43572356896419,
-0.156423590050075),(0.874091504486603,0.375102877654491,-0.308645221831908),
(0.875525596585115,0.481591430390606,-0.0390464325977252),(0.875525596585115,
0.481591430390607,0.0390464325977252),(0.863177218975755,0.480058564257514,
-0.156425264980743),(0.85397055480619,0.418893228080587,-0.308646650706326),
(0.850008726739456,0.525319240763506,-0.0390494526264129),(0.850008726739456,
0.525319240763506,0.0390494526264129),(0.837753949091226,0.523162513291119,
-0.15642667761279),(0.831658207837038,0.461607968202322,-0.308646576247671),
(0.822310611447326,0.567697413794096,-0.0390500278184365),(0.822310611447326,
0.567697413794096,0.0390500278184365),(0.810181886785657,0.564921959254667,
-0.156424071920859),(0.807210848797565,0.503138745516144,-0.308645505951335),
(0.792502499620941,0.608617384366489,-0.0390469914520152),(0.792502499620941,
0.608617384366489,0.0390469914520152),(0.780529507225254,0.605231902832191,
-0.156422607524702),(0.780692762321298,0.543377098499774,-0.308642413943884),
(0.760659068170506,0.647976083259919,-0.0390483998790214),(0.760659068170506,
0.647976083259919,0.0390483998790214),(0.748872715630437,0.643988617259944,
-0.156423516850632),(0.752167660833848,0.582221497521969,-0.308645326902925),
(0.726863177846099,0.685671308058286,-0.0390484058203167),(0.7268631778461,
0.685671308058286,0.0390484058203167),(0.715294276648435,0.681091666282431,
-0.156423271652955),(0.721713512919309,0.619570812095753,-0.308644802432634),
(0.691201932981086,0.72160600776975,-0.0390468615104131),(0.691201932981086,
0.721606007769751,0.0390468615104131),(0.679879905555703,0.716446456477769,
-0.15642183038827),(0.689406627506224,0.655329535976374,-0.308644943628572),
(0.653765992528227,0.755688663549958,-0.0390470331223962),(0.653765992528227,
0.755688663549958,0.0390470331223962),(0.642719346454538,0.749962471659302,
-0.156422929251824),(0.655329567451172,0.689406203406108,-0.30864582409201),
(0.614651863185028,0.787831460975989,0.0390471020642046),(0.619570488074095,
0.721713360855179,-0.308645808445134),(-0.039657314504597,-0.00433981217390447,
-0.9992039148425),(0.,0.,-1.),(0.954920050815561,0.0703855896691315,0.288398275510336),
(-0.155831433893288,-0.0237394150160749,-0.987498356649497),(-0.303809921483889,
-0.0624347505996498,-0.950684718256012),(-0.440470317785807,-0.114045539289771,
-0.890493971971611),(-0.56161798060791,-0.176208639800609,-0.808415585647328),
(-0.663682229630554,-0.245801601667847,-0.706475385763819),(-0.743852282663361,
-0.319212932441672,-0.587185562951352),(-0.800183710980109,-0.392508969087017,
-0.453478486665407),(-0.0393889496401852,-0.00647286058807971,-0.999202988747557),
(0.,0.,-1.),(0.949293319882975,0.1252911076468,0.28834758741872),(-0.154396881473118,
-0.0315869245475902,-0.98750385780968),(-0.300259508093162,-0.0777420987261053,
-0.950684171470901),(-0.434129004188112,-0.136208538391372,-0.890493819064413),
(-0.551973479118267,-0.20442860210314,-0.808414636799849),(-0.650381778293764,
-0.279100817257796,-0.706474540425535),(-0.726731529534029,-0.356478317599948,
-0.587183525877762),(-0.779276947880885,-0.432533656827436,-0.453477754926236),
(-0.0390189375380524,-0.00857740357694868,-0.999201656654591),(0.,0.,-1.),
(0.940517202891566,0.179783753030038,0.288279713492746),(-0.152560273045856,
-0.0393608748899628,-0.987510042792513),(-0.295935652852227,-0.0928503673370986,
-0.950684436948608),(-0.426672436469262,-0.158022389627137,-0.890493995675385),
(-0.540910252343685,-0.232122861860082,-0.808415163088482),(-0.635411615366251,
-0.311684114560626,-0.706473702120758),(-0.7077417628887,-0.392829055535363,
-0.587185601143617),(-0.756368795819129,-0.471448148616009,-0.453478652063863),
(-0.0385421582350128,-0.0106489217838132,-0.999200231436837),(0.,0.,-1.),
(0.928620760325867,0.233682346240861,0.288194456135393),(-0.15033277179237,
-0.0470400833463162,-0.987515715461782),(-0.290853778071396,-0.107720357849656,
-0.950684176941184),(-0.418121635936664,-0.179430046212355,-0.890493770937158),
(-0.52845911891932,-0.259221787707305,-0.80841513123447),(-0.618807647774918,
-0.343466592690993,-0.706475615120942),(-0.686938710238449,-0.428171615043103,
-0.587183341425247),(-0.731519770524021,-0.509152023332083,-0.453478822514712),
(-0.0379571249727884,-0.0126831492583951,-0.999198876294749),(0.,0.,-1.),
(0.913642941788467,0.286809071637248,0.288092227154248),(-0.147721079809932,
-0.0546041354075925,-0.987520567368689),(-0.285024068031968,-0.122313732091519,
-0.950684296485617),(-0.408495559681504,-0.200376781297931,-0.890494538577961),
(-0.514652998096369,-0.285655237910687,-0.808414112076606),(-0.600619616091518,
-0.374368198982614,-0.706473303357311),(-0.664369284491574,-0.462414794411902,
-0.587184819058831),(-0.704791199175426,-0.545549929436837,-0.453480583990458),
(-0.0372630452174197,-0.014675696799853,-0.999197722867983),(0.,0.,-1.),
(0.895633260141233,0.338987538610976,0.287973109847531),(-0.144733230033242,
-0.0620325773632386,-0.987524304242594),(-0.278463248632383,-0.136592670055877,
-0.950684312297256),(-0.397824321819428,-0.220809812346601,-0.890493591072036),
(-0.499523270744942,-0.311355092580027,-0.808414812029541),(-0.580885489816064,
-0.404308626551878,-0.706474756956599),(-0.640096044494586,-0.495471403216663,
-0.587184078817619),(-0.676256058006399,-0.58054689637273,-0.453478825439112),
(-0.0364593414896247,-0.0166215655964403,-0.999196897500821),(0.,0.,-1.),
(0.874650456134575,0.390046798773448,0.287836888445808),(-0.141377510591989,
-0.069305230705411,-0.987526801912577),(-0.271186414181728,-0.150520743293691,
-0.95068471882195),(-0.386128281757971,-0.240675898404245,-0.89049427957396),
(-0.483111501938885,-0.336255905569412,-0.808415266224017),(-0.559662331521684,
-0.433210922932696,-0.706474607418777),(-0.614179801591075,-0.527255800248198,
-0.587183525332737),(-0.645984214239297,-0.614053440702501,-0.453478518691964),
(-0.0355479804544765,-0.0185160726405132,-0.999196425203563),(0.,0.,-1.),
(0.850763789589092,0.439817162177588,0.287683573006978),(-0.137664571987085,
-0.0764036046316454,-0.987527698254031),(-0.263215317010566,-0.164063246555679,
-0.950684462911137),(-0.373443582931593,-0.259924453372208,-0.890493778140181),
(-0.465460705983141,-0.360293567658756,-0.808415039623461),(-0.537001636216925,
-0.461000760288927,-0.706475436029716),(-0.586686399462228,-0.557686878326418,
-0.587183458919427),(-0.614053295066221,-0.64598379764374,-0.453479309340667),
(-0.0345300524950398,-0.0203544337652589,-0.999196363334448),(0.,0.,-1.),
(0.824054657846498,0.488118309688721,0.287531627178851),(-0.133602226386049,
-0.083308604656891,-0.987527276329526),(-0.254568310066405,-0.177184718728383,
-0.950684254081805),(-0.359799083306153,-0.278505324400964,-0.890493910104031),
(-0.446615059021301,-0.383406311459412,-0.808414862176895),(-0.512963495442448,
-0.487607969494653,-0.706474996322423),(-0.557686664001161,-0.586686102329304,
-0.587183959359336),(-0.580546878128785,-0.676256247719057,-0.453478565883618),
(-0.0334083846130872,-0.0221319317977647,-0.999196706075657),(-0.129203178250214,
-0.0900026039849851,-0.987525224997299),(-0.245267191036567,-0.189850941357817,
-0.950684293057681),(-0.345231862184758,-0.29637168416024,-0.890493563233597),
(-0.426622079630607,-0.405534577944767,-0.808415306177966),(-0.487607912753254,
-0.512963317593955,-0.706475164618982),(-0.527255818208552,-0.614179571016085,
-0.587183750381198),(-0.545549716053493,-0.704792472235547,-0.453478862124862),
(-0.0321859640818971,-0.0238446146317673,-0.999197426972859),(0.,0.,-1.),
(0.794625296937979,0.534683452045073,0.287548680357594),(-0.124477422132763,
-0.096467351023572,-0.987521858778669),(-0.235336672125611,-0.202029879468629,
-0.950684268595381),(-0.329777300208482,-0.31347677485063,-0.890493820246077),
(-0.405534956144015,-0.426622344177533,-0.808414976848981),(-0.461001113972045,
-0.537001936406098,-0.7064749770605),(-0.495471264996639,-0.640096600240711,
-0.587183589623308),(-0.509152254954233,-0.731519154380775,-0.453479556373885),
(-0.0308662555371323,-0.0254886691504935,-0.999198479789703),(0.,0.,-1.),
(0.762456537474922,0.579551273263247,0.287715745347213),(-0.119437474750337,
-0.102685129731358,-0.987517318206277),(-0.224801823054854,-0.213690221312307,
-0.950684295477059),(-0.31347640757494,-0.329777110226378,-0.890494019892694),
(-0.38340577006846,-0.446614522274135,-0.808415415471561),(-0.433210114036951,
-0.559661917045032,-0.70647543177776),(-0.462415220034002,-0.664369930264701,
-0.58718375321613),(-0.471448863729692,-0.756368469757145,-0.453478452459671),
(-0.0294530556024557,-0.0270612909547433,-0.999199781849226),(0.,0.,-1.),
(0.727762962892874,0.62249055504034,0.287865556687414),(-0.114096639201501,
-0.108638882275596,-0.987511797489444),(-0.213689873693643,-0.22480177550961,
-0.950684384855732),(-0.29637110100486,-0.345231142681383,-0.890494036258567),
(-0.360293263705906,-0.465460680116977,-0.808415189981725),(-0.404308796181044,
-0.580885576445523,-0.706474588650001),(-0.428172696490164,-0.686938520411908,
-0.587182774913093),(-0.43253334999028,-0.779275988259144,-0.453479696644646),
(-0.0279506104653234,-0.0285606397412618,-0.999201207581429),(0.,0.,-1.),
(0.690657675883189,0.663361827121036,0.287998369895167),(-0.108467806579931,
-0.114310402793243,-0.987505881880703),(-0.202030037123158,-0.235336727602005,
-0.95068422135933),(-0.278505411927218,-0.359799189391123,-0.890493839866813),
(-0.336256187485585,-0.483111917183496,-0.808414900810806),(-0.374367876460306,
-0.600617468085536,-0.706475300421127),(-0.392829156263444,-0.707742916017469,
-0.587184143873488),(-0.392509075325995,-0.800183596235734,-0.453478597181808),
(-0.0263636694440408,-0.0299858944007586,-0.999202583598758),(0.,0.,-1.),
(0.651263705269551,0.702029784562968,0.288114157557465),(-0.102565180574336,
-0.119682140854444,-0.98750016146543),(-0.189850646951825,-0.245266927972662,
-0.950684419718145),(-0.259924360533366,-0.373443302206533,-0.890493922965452),
(-0.311355015598816,-0.499522676930336,-0.808415208598782),(-0.343467069787237,
-0.61880863151817,-0.706474521501221),(-0.356479194501292,-0.72673150544267,
-0.587183023328111),(-0.351476040761161,-0.819036601179588,-0.453479479909562),
(-0.0246975242857961,-0.0313375559623442,-0.999203677875767),(0.,0.,-1.),
(0.609713795426378,0.738364751713306,0.288212735829125),(-0.0964032609168525,
-0.124736363415599,-0.98749544349655),(-0.177184612171401,-0.254567963624392,
-0.950684366709478),(-0.240675810338117,-0.386128689781203,-0.890494126452242),
(-0.285654433339733,-0.514651200642798,-0.808415540665989),(-0.311682824090804,
-0.63540952593828,-0.706476150704093),(-0.319212105034222,-0.743853225010314,
-0.587184818980682),(-0.309541409997731,-0.835787601997917,-0.4534789960331),
(-0.0229581618262018,-0.0326167039681126,-0.999204220081069),(0.,0.,-1.),
(0.566142787284427,0.772249109070257,0.288294394579592),(-0.0899965176527978,
-0.129455312787613,-0.987492758860252),(-0.164063658157008,-0.263215652552135,
-0.950684298978212),(-0.22080990712381,-0.397823484461045,-0.890493941656678),
(-0.259220867586027,-0.528458638814819,-0.80841574011763),(-0.279099998522745,
-0.650380228472017,-0.706476290640592),(-0.281127579009599,-0.759067248614672,
-0.587183273263768),(-0.266812411260659,-0.850392801285792,-0.453479019050029),
(-0.0211523230012341,-0.0338247018866134,-0.999203917513304),(0.,0.,-1.),
(0.520695995254102,0.803570015187717,0.288358997115664),(-0.0833599089604676,
-0.133822628436406,-0.987493103619703),(-0.150521397914122,-0.271187490467843,
-0.950684308161091),(-0.200377762816877,-0.408497729404246,-0.890493322400611),
(-0.232123028150488,-0.540910385719845,-0.808415026099006),(-0.24580044963899,
-0.663681809435453,-0.706476181326557),(-0.242319772157844,-0.772330770708082,
-0.587185071880094),(-0.223398343393575,-0.862814728325645,-0.453479795308843),
(-0.0765531031899735,-0.137829031769316,-0.987493179922534),(-0.0193077976891315,
-0.0349104434696237,-0.999203918069355),(0.,0.,-1.),(0.473523993243792,
0.832223919418476,0.288406615337101),(-0.136592680621159,-0.278463283230865,
-0.950684300645074),(-0.179430172505279,-0.418121791333295,-0.890493672524944),
(-0.204428497539581,-0.551973046800697,-0.808414958421271),(-0.211870838484354,
-0.675280960115789,-0.706474608676798),(-0.202891861192318,-0.78361342271589,
-0.587183869330047),(-0.179410735585815,-0.873022126749015,-0.453480048252603),
(-0.0695136000405116,-0.141512546419368,-0.987492814462624),(-0.0173751070906657,
-0.0359031161387242,-0.999204219319113),(0.,0.,-1.),(0.424782028386454,
0.858116672351551,0.288437176855189),(-0.0622781510854786,-0.144824242820207,
-0.987495504085425),(-0.122313254490013,-0.285023871840956,-0.950684416752926),
(-0.0154127551880187,-0.0368031913865921,-0.999203668969083),(0.,0.,-1.),
(0.374631831578478,0.881162379311443,0.288450779257661),(-0.054868616136705,
-0.147759045719329,-0.987500227529774),(-0.107719942817779,-0.290852453837144,
-0.950684629104861),(-0.0134226321496023,-0.0376041205489425,-0.999202563579536),
(0.,0.,-1.),(0.323239267931663,0.90128490912471,0.288447375184912),(-0.0473070564735184,
-0.150312960655315,-0.987505977838537),(-0.0928506721361027,-0.295936033056771,
-0.950684288826999),(-0.0114063025355489,-0.0382997565008734,-0.999201193411237),
(-0.0396163003669762,-0.1524822267615,-0.987511883101711),(-0.0777421248571693,
-0.300258869086779,-0.950684371154497),(-0.00936637024034209,-0.0388857631882158,
-0.999199764076129),(0.,0.,-1.),(0.270774048238521,0.918417785530022,0.288427089613049),
(-0.0318189827480884,-0.154263161317017,-0.987517305872336),(-0.0624348666135846,
-0.303811121425714,-0.95068432717122),(-0.00730561046966477,-0.039358067154165,
-0.999198464072856),(0.,0.,-1.),(0.217409405124305,0.932504407881712,0.288389805375766),
(-0.0239364527738547,-0.155652199507681,-0.987521867614599),(-0.0469668804881024,
-0.306583451172773,-0.950684332259772),(-0.00522764583574058,-0.0397138919631792,
-0.999197417182487),(0.,0.,-1.),(0.163321985636719,0.943498106707225,0.288335311135425),
(-0.0159906883925122,-0.156646797540403,-0.987525229401796),(-0.0313783732063782,
-0.308568908286234,-0.950684293829431),(-0.00313704939251603,-0.039951540828174,
-0.999196694003019),(0.,0.,-1.),(0.108690625275932,0.951362372625923,0.288263740225338),
(-0.00800278804211243,-0.157244691518732,-0.987527246395122),(-0.0157095882959858,
-0.309762687596307,-0.950684114839774),(-0.00103845832169535,-0.0400693346527821,
-0.999196362095458),(0.,0.,-1.),(0.053695530258154,0.956071021009413,0.288175281411008),
(5.91137229763869E-6,-0.157445205999958,-0.9875277247109),(0.,-0.310160080576841,
-0.950684345309501),(0.00106283041960401,-0.0400668155644115,-0.999196437484655),
(0.,0.,-1.),(-0.00148142890032537,0.957608269890812,0.288069795023947),
(0.00801453383044689,-0.157247268923232,-0.987526740733468),(0.0157094213495129,
-0.309762708127203,-0.950684110908857),(0.00316170815888219,-0.0399444017883782,
-0.999196901700204),(0.,0.,-1.),(-0.0566572594953048,0.955968827257838,
0.287947141430081),(0.01600183261843,-0.156652093499282,-0.98752420879447),
(0.0313784342050724,-0.308568776844375,-0.950684334478908),(0.00525301964729316,
-0.0397023652409366,-0.999197742180626),(0.,0.,-1.),(-0.11165027608573,
0.951157722529096,0.287807579335991),(0.0239468191361622,-0.155659831484004,
-0.987520413315913),(0.0469669091782784,-0.306583481668798,-0.950684321007808),
(0.00733211044164755,-0.0393422199950779,-0.999198894055798),(0.,0.,-1.),
(-0.166277780068134,0.943190632179931,0.287651058095804),(0.0318278566814902,
-0.154272765763345,-0.987515519514904),(0.0624348606193188,-0.303811232022916,
-0.950684292221221),(0.00939476768235497,-0.0388665495572573,-0.999200245028847),
(0.,0.,-1.),(-0.220315943878975,0.93208686493424,0.28753253918431),(0.0396232433754022,
-0.152493574490887,-0.987509852266501),(0.0777422074382139,-0.300258868345378,
-0.950684364635596),(0.0114373344861024,-0.0382775830560309,-0.999201688356881),
(0.,0.,-1.),(-0.273559847765503,0.91785660018726,0.2875835029747),(0.0473109692700595,
-0.150325168783317,-0.98750393205141),(0.092850460786664,-0.295936099165914,
-0.950684288889938),(0.0134574319308865,-0.0375803827291338,-0.999202988566266),
(0.,0.,-1.),(-0.325975270973877,0.900523045463726,0.28774705437631),(0.0548685362850102,
-0.147771192442337,-0.987498414383593),(0.107720196591935,-0.290852431871001,
-0.950684607070568),(0.0154525211593076,-0.036779370489158,-0.9992039318859),
(0.0622729035678967,-0.144834814523504,-0.987494284531898),(0.122313324591869,
-0.28502420051878,-0.950684309193075),(0.0174208966864061,-0.0358808442416046,
-0.999204222056308),(0.,0.,-1.),(-0.377303846237458,0.880204007362844,0.287893579360171),
(0.0694884092797501,-0.141519239272425,-0.987493628278949),(0.136567600154644,
-0.27847252726675,-0.950685196132595),(0.0193502886552397,-0.034884874396869,
-0.999203989116974),(0.,0.,-1.),(-0.427375533131011,0.856967300528378,0.288022914897562),
(0.0764883100844722,-0.137870394758338,-0.987492426639112),(0.0833414613730536,
-0.133845064850412,-0.987491619929705),(0.0211948797279669,-0.033791618205574,
-0.999204135105718),(0.,0.,-1.),(-0.476026423315425,0.830889267309315,0.288135158867699),
(0.150473818262486,-0.271213167859118,-0.950684515282189),(0.164044320368864,
-0.263230562214192,-0.950683507835872),(0.17718464451986,-0.254568148757005,
-0.950684311106901),(0.0899843966743946,-0.12945908940578,-0.987493368345009),
(0.220749622121667,-0.397856623496196,-0.890494082784017),(0.200345812892985,
-0.408511178693779,-0.890494341441016),(0.240650340327572,-0.38614612101648,
-0.890493451365112),(0.259924488972394,-0.37344374982122,-0.890493697760914),
(0.285588058167263,-0.514688134024606,-0.808415478406074),(0.259186247006777,
-0.528474951506906,-0.808416176849719),(0.311326258377929,-0.49954089145572,
-0.808415028687631),(0.336255947876181,-0.483111813166316,-0.808415062636172),
(0.343399175515835,-0.618843922270085,-0.706476613996827),(0.311648053309454,
-0.635426821764243,-0.706475933808803),(0.374339537987034,-0.600634990189658,
-0.706475419855159),(0.404308394347221,-0.580885511287555,-0.706474872190489),
(0.392768015164137,-0.707776041875503,-0.587185116305812),(0.356446170991274,
-0.726748066315088,-0.58718257407125),(0.428146695614509,-0.686953492879138,
-0.587184217818845),(0.46241528530318,-0.664369808632226,-0.587183839436984),
(0.432483868411649,-0.779304306885028,-0.453478225314228),(0.392481346828413,
-0.800198216182734,-0.453476798976227),(0.471427959541461,-0.756380527738984,
-0.45348007257196),(0.509152441008203,-0.731519102386685,-0.453479431351375),
(0.0229999332679544,-0.0325904513611553,-0.999204116059249),(0.,0.,-1.),
(-0.523094569975523,0.802056893871185,0.288230480442007),(0.189850833347658,
-0.245266874515587,-0.950684396286462),(0.0963918982925925,-0.124733643644526,
-0.987496896241558),(0.278505356311501,-0.359799107608222,-0.890493890304774),
(0.296371283279593,-0.345231151216653,-0.890493972285513),(0.20202971479907,
-0.235336550012553,-0.950684333817696),(0.383405913772982,-0.446614293074283,
-0.808415473940018),(0.360293300841926,-0.465460762728389,-0.808415125865873),
(0.40553469993209,-0.426622410120372,-0.808415070575799),(0.313476693525566,
-0.329777522349474,-0.890493766608908),(0.487608037902622,-0.512963293127669,
-0.706475096005778),(0.461000893759107,-0.537001592852784,-0.706475381897259),
(0.512963212850216,-0.487608003553873,-0.70647517800174),(0.426622473980956,
-0.405534950957775,-0.808414910949844),(0.586685916335577,-0.557686867420175,
-0.587183951995077),(0.55768668534626,-0.586685945918803,-0.587184095364359),
(0.614179257946816,-0.52725542804752,-0.587184428184472),(0.537001737270929,
-0.461000676191718,-0.706475414093642),(0.676256108514119,-0.580547015668491,
-0.453478597395455),(0.645983872901461,-0.614053731984039,-0.453478610507379),
(0.704792097138123,-0.545549902503051,-0.453479220792483),(0.6400958341436,
-0.495471231750629,-0.587184452808079),(0.731519656369887,-0.509152266138269,
-0.45347873404466),(0.0247373273603924,-0.0313166805813726,-0.99920334774881),
(0.,0.,-1.),(-0.568424300852462,0.770565949923914,0.288308742528291),(0.102555315674138,
-0.119674861457249,-0.987502068231842),(0.213689885661686,-0.224801741145019,
-0.950684390291575),(0.329777305743309,-0.313476730934366,-0.890493833656016),
(0.446614982660678,-0.38340649167583,-0.808414818891783),(0.559662287080304,
-0.433211217243837,-0.706474462152848),(0.664369498183336,-0.462414410790729,
-0.587184879383559),(0.75636882372321,-0.471448003723079,-0.45347875615633),
(0.0264006064968922,-0.0299686334045091,-0.999202126192925),(0.,0.,-1.),
(-0.611867016483919,0.736519875671141,0.288369947949564),(0.108459919554982,
-0.114300141784277,-0.987507935886199),(0.224801873548546,-0.213690268582943,
-0.950684272911892),(0.345231504582246,-0.296371566809164,-0.890493740927447),
(0.465460689393204,-0.360293536913071,-0.808415062878143),(0.580885735890486,
-0.404308353750204,-0.706474710748211),(0.686938459489735,-0.428172351912766,
-0.587183097450326),(0.779276781154439,-0.432533814500489,-0.453477891045675),
(0.0279840585735625,-0.0285452528022272,-0.99920071107271),(0.,0.,-1.),
(-0.653278462266421,0.700031804048183,0.288414153709326),(0.114091119780451,
-0.108626879293218,-0.987513755591414),(0.235336371905658,-0.202029567700089,
-0.950684409166994),(0.359799153551592,-0.278505111270275,-0.890493948379151),
(0.483111294665416,-0.336255510802249,-0.80841555429236),(0.600619046749236,
-0.374368788609717,-0.706473474942217),(0.707742275860281,-0.392828423289596,
-0.587185405826746),(0.80018355301923,-0.392509249524602,-0.453478522661388),
(0.029482763880536,-0.0270465168984617,-0.99919930572315),(0.,0.,-1.),(-0.692521125839484,
0.661223197673605,0.288441281934999),(0.119434506544626,-0.10267236247154,
-0.987519004693557),(0.245267026885435,-0.189850716505725,-0.950684380309807),
(0.373443050640327,-0.259924233807466,-0.890494065453582),(0.499523163183081,
-0.311354945038139,-0.808414935317172),(0.618807947803308,-0.34346565338186,
-0.706475808986005),(0.726731021892418,-0.356478843062868,-0.587183835155363),
(0.819035620467307,-0.351476130622632,-0.453481181537091),(0.0308918961390927,
-0.0254733847032413,-0.999198077172235),(0.,0.,-1.),(-0.729466646628135,
0.620221059800713,0.288451466345352),(0.124476736613058,-0.096454559028935,
-0.987523194707191),(0.254567979383688,-0.177184655250639,-0.950684354460627),
(0.386128705711746,-0.240675512301279,-0.890494200095592),(0.51465140414544,
-0.285654524268848,-0.808415378982776),(0.635411470544174,-0.311684814095933,
-0.706473523752217),(0.74385267704203,-0.319212599915409,-0.587185244120329),
(0.835787370106551,-0.309541038649319,-0.453479676901044),(0.0322073828158953,
-0.0238280010082531,-0.999197133132447),(0.,0.,-1.),(-0.763992299557774,
0.57716153291899,0.288444676038622),(0.129204817651422,-0.0899904496720535,
-0.98752611816776),(0.26321538427359,-0.164063150959455,-0.950684460785471),
(0.397823197908481,-0.220809697479873,-0.890494121656464),(0.528458996052147,
-0.259221802549737,-0.808415206793157),(0.650381630995727,-0.279100646136894,
-0.70647474363158),(0.759066492464209,-0.281127471947325,-0.587184302016487),
(0.850393353006573,-0.266812428703738,-0.453477974163522),(0.0334254726618377,
-0.0221135216591306,-0.999196542196361),(0.,0.,-1.),(-0.79598396570276,
0.532186910383397,0.28842090555416),(0.133606611784637,-0.0832975381269063,
-0.987527616540128),(0.27118807088659,-0.150521612404578,-0.950684108633323),
(0.408495513126117,-0.20037669076081,-0.890494580306684),(0.540910245117754,
-0.232122702143932,-0.808415213783147),(0.6636822686985,-0.245801496033844,
-0.7064753858152),(0.77233329361223,-0.242320795187984,-0.587181331274716),
(0.862814250417237,-0.223397501794877,-0.453481119197646),(0.0345429100227108,
-0.0203337581531344,-0.999196339888479),(0.,0.,-1.),(-0.825335717438757,
0.485446073937855,0.288380066610324),(0.137671123965295,-0.0763939204209109,
-0.987527534071256),(0.278463340562695,-0.136592965116007,-0.950684242976332),
(0.418121525126681,-0.17943040334437,-0.890493751006381),(0.551973324309954,
-0.204428973557634,-0.80841464856866),(0.675280574630189,-0.21187051059801,
-0.706475075474047),(0.783614543101885,-0.202891227995338,-0.587182592931507),
(0.873023164949982,-0.179411714517554,-0.453477662244337),(0.0355566529343414,
-0.0184928897568338,-0.999196545961078),(0.141386393952825,-0.0692969102554143,
-0.987526114001078),(0.285024163198456,-0.122313685546568,-0.950684273942214),
(0.426672442047942,-0.158022238884099,-0.890494019752464),(0.561617785357379,
-0.176209073337574,-0.808415626793413),(0.685148616252392,-0.177397324326498,
-0.706471204628491),(0.792883327565636,-0.162941667291473,-0.587184844770979),
(0.880988650596181,-0.134962953922948,-0.453479876719036),(0.0364645100016947,
-0.0165957989551729,-0.999197137189342),(0.,0.,-1.),(-0.851950398353447,
0.43709362206826,0.288322188346045),(0.144743962002589,-0.0620261116023745,
-0.987523137421743),(0.29085378674026,-0.107720572945304,-0.950684149916883),
(0.43412863690246,-0.136208903218825,-0.890493942318047),(0.569821878419148,
-0.147536938848639,-0.808415659515602),(0.693253142118501,-0.142466660873107,
-0.706472456280139),(0.800118111528276,-0.122573871785771,-0.587185365587283),
(0.886693181870793,-0.0901673073548279,-0.453481044706644),(0.037264276703045,
-0.0146468292917751,-0.999198100515357),(0.,0.,-1.),(-0.875740159520425,
0.387288796550152,0.288247395599467),(0.147733111841877,-0.0545997118406493,
-0.987519012035937),(0.295935756091263,-0.0928501446802218,-0.950684426557811),
(0.44046820499675,-0.114044868914088,-0.890495102884519),(0.576564417753766,
-0.118486630870636,-0.808414739156324),(0.699578106191536,-0.107171485062151,
-0.706473457482329),(0.80529990716793,-0.0818910382742339,-0.587184738702983),
(0.890123336923297,-0.0451158896028571,-0.453480982588992),(0.0379561580578944,
-0.0126513220298628,-0.999199316511166),(0.,0.,-1.),(-0.896626301328878,
0.336195916671919,0.288155481256949),(0.150346091130592,-0.0470380581134792,
-0.987513784192739),(0.300259062491807,-0.0777426757272296,-0.950684265022995),
(0.445681710347302,-0.0915904023504561,-0.89049368962345),(0.581826410682224,
-0.0891323515024387,-0.808414158552586),(0.704106972717254,-0.0716003128006285,
-0.706474887152967),(0.808414637551736,-0.0409660659458492,-0.58718613337937),
(0.891268311900411,6.12180247295725E-5,-0.453476341670153),(0.0385394140648843,
-0.0106135343956191,-0.999200713796367),(0.,0.,-1.),(-0.914539084462774,
0.283984793169868,0.288046698016587),(0.15257359100243,-0.0393614349014918,
-0.98750796288998),(0.303810528776977,-0.0624346026511143,-0.95068453389968),
(0.449747571384032,-0.0688982531788048,-0.890494330550776),(0.585592671164124,
-0.0595483908213852,-0.808415247647797),(0.706831151899535,-0.0358103711443837,
-0.706475293285532),(0.809452120435135,7.47310119039423E-5,-0.587185881249148),
(0.890122405739631,0.0451749936420364,-0.453476926369726),(0.0390151122316421,
-0.00853810580965986,-0.999202142595149),(0.,0.,-1.),(-0.929419276919437,
0.230827695114647,0.287920792681965),(0.154407656924585,-0.031590577249477,
-0.987502056155887),(0.306582845452796,-0.0469664866317155,-0.950684547054143),
(0.452660639884988,-0.0460310502679659,-0.890493957031793),(0.587861126799683,
-0.0297769260496186,-0.808413650474089),(0.70773779538106,8.17645725039651E-5,
-0.706475198647278),(0.80841235452778,0.0410373712847977,-0.58718429747813),
(0.886693278409107,0.0901678281037575,-0.453480752402084),(0.0393865149451732,
-0.00642942816283769,-0.999203365133431),(0.,0.,-1.),(-0.941217583940758,
0.176899773989251,0.287777569736202),(0.15584064886207,-0.0237468621036808,
-0.987496723388223),(0.308568356685737,-0.0313784269164058,-0.950684471092547),
(0.45441473470048,-0.0230126958643762,-0.890492933557671),(0.588615017456536,
8.14641217488069E-5,-0.808413479964454),(0.706828396143512,0.0358882350395874,
-0.706474099306502),(0.805299655439142,0.0818908751373173,-0.587185106690253),
(0.880988985196951,0.134963081827301,-0.453479188613242),(0.0396575650769973,
-0.00429200808257495,-0.999204111380044),(0.,0.,-1.),(-0.949894473234944,
0.122379205468427,0.287617488666154),(0.156861396291809,-0.0158510365514698,
-0.987493416177358),(0.309766075554467,-0.0156839833311879,-0.950683433695177),
(0.454994717086704,7.39817493073149E-5,-0.890494133585332),(0.587855741983938,
0.0298545515633549,-0.808414703210837),(0.704107092607256,0.0716006808414007,
-0.706474730364225),(0.800117820421541,0.122574045299974,-0.587185726037922),
(0.873023042939808,0.179410756374367,-0.45347827620879),(0.0398321641844519,
-0.00213075337542394,-0.999204112574821),(0.,0.,-1.),(-0.955388337832982,
0.0675137442782423,0.28753263861041),(0.157472563984454,-0.00791387863694938,
-0.987491651669563),(0.31015847625594,5.8255952527032E-5,-0.950684866931644),
(0.454407810419106,0.0230825084537925,-0.89049466008146),(0.585592543842776,
0.0595489925702845,-0.808415295550258),(0.69957815315316,0.107171382382412,
-0.706473426555491),(0.792883244262179,0.162942026617787,-0.587184857544854),
(0.86281326434554,0.223398576642406,-0.453482465839133),(0.0398926307380118,
1.16453280383456E-5,-0.999203972108391),(0.,0.,-1.),(-0.957664780133599,
0.0124214608426984,0.287617586740101),(0.157665575832567,3.38948858436421E-5,
-0.987492564553537),(0.309757231735601,0.0157379661206898,-0.950685423160512),
(0.452660876689253,0.0460309880824678,-0.890493839872612),(0.581826598549062,
0.0891319663155597,-0.808414065811296),(0.693253185028958,0.142466782793236,
-0.706472389586281),(0.783615207336902,0.202891119087161,-0.587181744118381),
(0.850393630231653,0.266811601257251,-0.453477941134927),(0.157458931657648,
0.00792305913565544,-0.987493751866393),(0.0398264980289978,0.00218297925136616,
-0.999204225699799),(0.,0.,-1.),(-0.956741334350293,-0.0427776860484713,
0.287777846127807),(0.308567983204675,0.0313784906230183,-0.950684590212348),
(0.449747497684989,0.0688985726273466,-0.890494343056712),(0.576564917346717,
0.118486524229918,-0.808414398474499),(0.685148967221492,0.177396197627159,
-0.70647114716933),(0.77233399608138,0.242320157495806,-0.587180670465382),
(0.8357877545526,0.309541124514674,-0.453478909734636),(0.156856747356782,
0.015840041659605,-0.987494331066702),(0.0396573162213165,0.00433981257415559,
-0.999203914772627),(0.,0.,-1.),(-0.95264426417417,-0.0978288185980276,
0.287920871400058),(0.155831322950619,0.0237392037102351,-0.987498379236474),
(0.306582877689052,0.0469664945060747,-0.950684536269372),(0.0393889495100617,
0.00647286080864387,-0.999202988751257),(0.,0.,-1.),(-0.945387462937071,
-0.152550524078744,0.28804666726888),(0.154395614533866,0.0315868634810377,
-0.987504057848949),(0.303810920867383,0.0624347993784699,-0.950684395679388),
(0.039018937661317,0.00857740236198873,-0.999201656660207),(0.152560294268883,
0.0393608739541654,-0.98751003955107),(0.300259178924177,0.0777424537525343,
-0.950684246401672),(0.0385421911677089,0.0106489308455753,-0.999200230069949),
(0.,0.,-1.),(-0.934995206220148,-0.206761894225509,0.288155311319474),(0.150332776615938,
0.0470400832422691,-0.98751571473243),(0.295935587957626,0.092850342415415,
-0.95068445958347),(0.037957123261529,0.0126831518646759,-0.999198876326673),
(0.,0.,-1.),(-0.921501874879438,-0.260284000873976,0.288247347746197),(0.147721025976816,
0.0546041221519264,-0.987520576154428),(0.290853816917953,0.107720375792107,
-0.95068416302338),(0.0372630452174197,0.014675696799853,-0.999197722867983),
(0.,0.,-1.),(-0.90495252848845,-0.312939493335809,0.288322379799224),(0.144733233985974,
0.0620325694290601,-0.98752430416167),(0.285024050118331,0.122313747043709,
-0.950684299932565),(0.0364593261276884,0.0166215465572115,-0.999196898378073),
(0.,0.,-1.),(-0.885402328519889,-0.364554047718846,0.288380066827379),(0.141377625777583,
0.0693052724240464,-0.98752678249439),(0.278463432598196,0.136593045476888,
-0.950684204472221),(0.0355479483022626,0.018516068994867,-0.999196426414985),
(0.,0.,-1.),(-0.862915444332952,-0.414958268089079,0.288420823929509),(0.137664541762863,
0.0764036245955743,-0.987527700922804),(0.271188105763681,0.15052137330181,
-0.950684136541493),(0.0345300524950399,0.020354433765259,-0.999196363334448),
(0.,0.,-1.),(-0.837566394616423,-0.463985103028602,0.288444723953799),(0.133602212732799,
0.0833086822945897,-0.987527271627087),(0.263215263576718,0.164063366897481,
-0.950684456937475),(0.0334084576159151,0.0221320309545002,-0.999196701438488),
(0.,0.,-1.),(-0.809439306529714,-0.511472106915187,0.288451543404495),(0.129202979537115,
0.0900025486724306,-0.98752525603713),(0.254568056349308,0.177184535600629,
-0.950684356151149),(0.03218608788329,0.0238446797413541,-0.999197421431221),
(0.,0.,-1.),(-0.778627241631684,-0.557262270312629,0.288441295023873),(0.124477323335736,
0.0964672944352264,-0.987521876759962),(0.245266703962015,0.189850589491522,
-0.950684488985347),(0.0308663294230089,0.0254887290526396,-0.999198475979238),
(0.,0.,-1.),(-0.745231933731388,-0.60120434185326,0.288414119425114),(0.119437711337848,
0.102685263557661,-0.98751727567596),(0.235336183298578,0.202029517331766,
-0.950684466559306),(0.0294531507388439,0.0270613988963634,-0.999199776121535),
(0.,0.,-1.),(-0.709363568542392,-0.643153258639164,0.288369924795613),(0.114096377009711,
0.108638646892133,-0.987511853678073),(0.224801649621915,0.213689886895103,
-0.950684411656163),(0.0279506654568954,0.0285606487678269,-0.99920120578514),
(0.,0.,-1.),(-0.671140978821493,-0.682969859054027,0.288308789616707),(0.108467899837384,
0.11431041244671,-0.987505870519832),(0.213689833729385,0.224801714145387,
-0.950684408349061),(0.026363696383561,0.0299859589254437,-0.999202580951589),
(0.,0.,-1.),(-0.630689842862003,-0.720523089481743,0.288230462710633),(0.102565172171052,
0.119682166990981,-0.987500159170552),(0.202029754369867,0.235336497537281,
-0.95068433839847),(0.0246974975395235,0.0313374931326209,-0.999203680507357),
(0.,0.,-1.),(-0.588143999520997,-0.755688289551014,0.288135115636586),(-0.390546034608531,
0.919754885398799,-0.0390479914540376),(-0.390269818574663,0.907315469989637,
-0.156422845605057),(-0.436629930795367,0.89879342582575,-0.0390471666839503),
(-0.34381408797825,0.925917874198998,-0.156422386973519),(-0.436629930795367,
0.89879342582575,0.0390471666839503),(-0.343459532790215,0.938355404505487,
-0.0390472043925062),(-0.390546034608531,0.919754885398799,0.0390479914540376),
(-0.435715190052284,0.886389323940091,-0.156416877486834),(-0.375102510450424,
0.874091602918016,-0.308645389341884),(-0.330348813333451,0.891968753103247,
-0.308644463771213),(-0.481605096976017,0.875518270584554,-0.0390421367160165),
(-0.481605096976017,0.875518270584554,0.0390421367160166),(-0.480042224364109,
0.863186796892214,-0.156422557511755),(-0.461571925260496,0.831678501786255,
-0.308645796144853),(-0.418872243808232,0.853981850241753,-0.308643877024523),
(-0.52531457593735,0.850011543496558,-0.0390508928241221),(-0.52531457593735,
0.850011543496558,0.0390508928241221),(-0.523153889302534,0.837760270352644,
-0.1564216657829),(-0.503124513099836,0.807218596368431,-0.308648444018486),
(-0.567696774489534,0.822311171931641,-0.0390475191349018),(-0.567696774489534,
0.822311171931641,0.0390475191349018),(-0.564922292319674,0.810182091497606,
-0.156421808763516),(-0.608617350495019,0.792502486851235,-0.0390477785671915),
(-0.608617350495019,0.792502486851235,0.0390477785671915),(-0.605232058359263,
0.780529247661776,-0.156423300945705),(-0.543377546137298,0.780691598428019,
-0.30864456984971),(-0.647976097556201,0.760659093722737,-0.0390476648820554),
(-0.647976097556201,0.760659093722737,0.0390476648820554),(-0.643988488446227,
0.748872821809259,-0.156423538843045),(-0.58222126931682,0.752167415986638,
-0.308646354073874),(-0.685671096368288,0.726863431562761,-0.0390474001940884),
(-0.685671096368288,0.726863431562761,0.0390474001940884),(-0.681091685918075,
0.715294410869158,-0.156422572388447),(-0.619570426547027,0.72171343699177,
-0.308645753921647),(-0.721606147494145,0.69120174284972,-0.0390476450015621),
(-0.721606147494145,0.69120174284972,0.0390476450015621),(-0.716446671974503,
0.679879257931408,-0.15642365822118),(-0.655329562316262,0.689406199341543,
-0.308645844073471),(-0.755688601162488,0.653766057337269,-0.0390471554247503),
(-0.755688601162488,0.653766057337269,0.0390471554247503),(-0.749962265867408,
0.642719531707116,-0.156423154734868),(-0.689406289671001,0.655329380910719,
-0.308646027476844),(-0.787831695801777,0.614651512218099,-0.039047888779043),
(-0.787831695801777,0.614651512218099,0.039047888779043),(-0.781553346810425,
0.603909135963234,-0.156422893431759),(-0.721713020512899,0.619570449569955,
-0.308646681566208),(-0.817951754404047,0.573960061114903,-0.0390483765644428),
(-0.817951754404047,0.573960061114903,0.0390483765644428),(-0.811137370075048,
0.563549524615316,-0.156422824976362),(-0.752167891749434,0.582221115278096,
-0.308645485218142),(-0.845972447537824,0.531794797961693,-0.0390501071412916),
(-0.845972447537824,0.531794797961693,0.0390501071412916),(-0.838639017807563,
0.521742670610786,-0.156426287671515),(-0.780692286226594,0.543377665206089,
-0.308642620487632),(-0.871821539550951,0.488264856508771,-0.0390465500842127),
(-0.871821539550951,0.488264856508771,0.0390465500842127),(-0.863988687164353,
0.478596614409159,-0.156425155036228),(-0.80721095092848,0.503138330967885,
-0.308645914620606),(-0.895433283766422,0.443479774368631,-0.0390502759174708),
(-0.895433283766422,0.443479774368631,0.0390502759174708),(-0.887120284202597,
0.434221265428182,-0.156427280249487),(-0.831658285542417,0.461607869772903,
-0.308646514077787),(-0.916745499548934,0.39755880937691,-0.0390471784331288),
(-0.916745499548934,0.39755880937691,0.0390471784331288),(-0.907974756603006,
0.388733846448146,-0.156421986937069),(-0.853970797502393,0.418893147114655,
-0.308646089094787),(-0.935704901590244,0.350615969746607,-0.0390484173640703),
(-0.935704901590244,0.350615969746607,0.0390484173640703),(-0.926498557966111,
0.342245614516525,-0.156423660073928),(-0.874091418560779,0.375103360897802,
-0.30864487788003),(-0.952262394606913,0.30277310858783,-0.0390483870802648),
(-0.952262394606913,0.30277310858783,0.0390483870802648),(-0.942643839074041,
0.29487921406074,-0.156425195447137),(-0.891968156814677,0.330348146701892,
-0.308646900517813),(-0.966375544341393,0.254152057308873,-0.0390517485465525),
(-0.966375544341393,0.254152057308873,0.0390517485465525),(-0.956369356440949,
0.246756714683864,-0.15642499103133),(-0.907554788747037,0.284746298812185,
-0.308648425777749),(-0.978007910056527,0.204879613965213,-0.0390496049702171),
(-0.978007910056527,0.204879613965213,0.0390496049702171),(-0.967640296031649,
0.19800101615637,-0.156422041595253),(-0.920812720916734,0.238415204367622,
-0.308645627418025),(-0.987129512886256,0.15508260400399,-0.03904754440788),
(-0.987129512886256,0.15508260400399,0.03904754440788),(-0.976426812761315,
0.148737620541741,-0.156421864061138),(-0.93170577002731,0.191469602515548,
-0.308648261635076),(-0.993717346377218,0.10488671905354,-0.0390462760734474),
(-0.993717346377218,0.10488671905354,0.0390462760734474),(-0.982707123541527,
0.0990912321375255,-0.156421344624717),(-0.940208926388831,0.144035916503965,
-0.308643531433311),(-0.997754313852346,0.0544210863360429,-0.0390470812102335),
(-0.997754313852346,0.0544210863360429,0.0390470812102335),(-0.986464431156576,
0.0491902096271425,-0.156423301780042),(-0.946297012124129,0.0962287359146116,
-0.308645419906438),(-0.999229946255035,0.00381631111616851,-0.0390506117317516),
(-0.999229946255035,0.00381631111616851,0.0390506117317516),(-0.987689738157059,
-0.000835703885412302,-0.156423408536756),(-0.949956405610745,0.0481761960569185,
-0.30864523578471),(-0.998140579396428,-0.0468012691096173,-0.0390515681105472),
(-0.998140579396428,-0.0468012691096173,0.0390515681105472),(-0.986379202467737,
-0.0508616510452906,-0.156426217086708),(-0.951177302525497,0.,-0.308645005079161),
(-0.994489483863093,-0.0972943037904962,-0.0390446530992526),(-0.994489483863093,
-0.0972943037904962,0.0390446530992526),(-0.982538260820806,-0.100754267279429,
-0.156419767447122),(-0.949956231593236,-0.0481762919087281,-0.308645756418426),
(-0.988284878689591,-0.1475401985237,-0.0390498191172083),(-0.988284878689591,
-0.1475401985237,0.0390498191172083),(-0.976172962284168,-0.15039132133924,
-0.15642505608498),(-0.946296988144604,-0.096229078323093,-0.308645386671402),
(-0.97954364034079,-0.197406893056493,-0.0390483705382829),(-0.97954364034079,
-0.197406893056493,0.0390483705382829),(-0.967303726021518,-0.199639568689758,
-0.156421047938743),(-0.9402093047594,-0.144034839232033,-0.308642881549612),
(-0.968288186590387,-0.246765641489633,-0.0390474825015636),(-0.968288186590387,
-0.246765641489633,0.0390474825015636),(-0.955950920760162,-0.248375856109197,
-0.156420175168746),(-0.931705804378567,-0.191470699472483,-0.308647477441184),
(-0.954546955711599,-0.295491899041876,-0.0390467276778067),(-0.954546955711599,
-0.295491899041876,0.0390467276778067),(-0.942143365673571,-0.296475664665918,
-0.156422692657357),(-0.920812721041066,-0.238414403105027,-0.30864624598563),
(-0.938355296325273,-0.343460091102031,-0.0390448931166741),(-0.938355296325273,
-0.343460091102031,0.0390448931166742),(-0.919754935708349,-0.390546139723609,
0.0390457550460705),(-0.296475548383962,0.942143729452926,-0.156420721974298),
(-0.284747408203455,0.907555395523324,-0.30864561810905),(-0.295492524824855,
0.954546760483083,-0.0390467645763997),(-0.343459532790215,0.938355404505487,
0.0390472043925061),(-0.248376965475549,0.955949803716708,-0.156425240275173),
(-0.23841454856268,0.92081360556458,-0.308643494732696),(-0.246766727372421,
0.968287816228664,-0.039049804161215),(-0.295492524824855,0.954546760483083,
0.0390467645763997),(-0.199639912053135,0.967303137764586,-0.156424247436908),
(-0.191470689876438,0.931706345224219,-0.308645850753203),(-0.197405943224497,
0.979543857676577,-0.0390477203910432),(-0.246766727372421,0.968287816228664,
0.039049804161215),(-0.150390172999407,0.976173538066676,-0.156422566925611),
(-0.144034937032082,0.940207676757423,-0.308647795197978),(-0.147538615737139,
0.98828531612584,-0.0390447281514085),(-0.197405943224497,0.979543857676577,
0.0390477203910432),(-0.100754097577515,0.982538372911901,-0.156419172664267),
(-0.0962287288108199,0.946296928855944,-0.308645677418724),(-0.097294762426887,
0.994489454168,-0.0390442665820292),(-0.147538615737139,0.98828531612584,
0.0390447281514085),(-0.0508618676437213,0.986379575896709,-0.156423791903987),
(-0.0481765833507893,0.949956285940699,-0.308645543655496),(-0.0468012064075344,
0.998140702705359,-0.0390484914132534),(-0.097294762426887,0.994489454168,
0.0390442665820291),(-0.000836018680082204,0.987689795585946,-0.156423044236324),
(0.,0.951177242917995,-0.308645188776556),(0.00381572974810069,0.999230055541915,
-0.0390478720059282),(-0.0468012064075344,0.998140702705359,0.0390484914132534),
(0.0491906928362175,0.98646444548562,-0.156423059460683),(0.0481765449417123,
0.949956289565335,-0.308645538494794),(0.054420670744821,0.997754323990374,
-0.0390474013757184),(0.00381572974810069,0.999230055541915,0.0390478720059282),
(0.0990903598830527,0.982706759264355,-0.156424185707955),(0.0962290364553335,
0.946296923872346,-0.308645596781508),(0.104885303912848,0.993717397488113,
-0.0390487765821384),(0.054420670744821,0.997754323990374,0.0390474013757184),
(0.148736892058742,0.976426456968438,-0.156424777681701),(0.144034258471217,
0.940207736301946,-0.308647930471948),(0.155083210103276,0.987129436520454,
-0.0390470677372069),(0.104885303912848,0.993717397488113,0.0390487765821384),
(0.198002288925955,0.967639977920159,-0.156422398366595),(0.191470649312643,
0.931706372241534,-0.308645794360323),(0.204881266535328,0.978007676782383,
-0.0390467767889359),(0.155083210103276,0.987129436520454,0.0390470677372069),
(0.246756917463519,0.956369424469246,-0.15642425523002),(0.238415193642575,
0.920813311766619,-0.308643872956787),(0.254152504309785,0.966375534642447,
-0.0390490793436958),(0.204881266535328,0.978007676782383,0.0390467767889359),
(0.294880232779565,0.942643950870552,-0.156422601317796),(0.284747041554322,
0.907555458541945,-0.308645771065767),(0.302773109053064,0.95226237667337,
-0.0390488208109671),(0.254152504309785,0.966375534642447,0.0390490793436958),
(0.342245546285409,0.926498535585911,-0.156423941917357),(0.330349218566659,
0.891968700648068,-0.308644181634117),(0.350615510685485,0.93570505248708,
-0.0390489233770525),(0.302773109053064,0.95226237667337,0.0390488208109671),
(0.388732585096979,0.907974898390151,-0.156424298551136),(0.375102504867779,
0.874091762998454,-0.308644942774335),(0.397558106513015,0.916745712687651,
-0.0390493305268785),(0.350615510685485,0.93570505248708,0.0390489233770525),
(0.43422176011408,0.887120442211569,-0.156425010959822),(0.418892807936362,
0.853970901776372,-0.308646260917642),(0.443480481367862,0.8954329961153,
-0.0390488426679459),(0.397558106513015,0.916745712687651,0.0390493305268785),
(0.443480481367862,0.8954329961153,0.0390488426679459),(-0.454995000780467,
0.,-0.890493991706159),(-0.454411594900661,0.0230454627862438,-0.890493688391336),
(-0.452660639884988,0.0460310502679658,-0.890493957031793),(-0.449747322470285,
0.0688985121386987,-0.890494436229606),(-0.445680013243363,0.0915897494328106,
-0.890494606156731),(-0.440470370636106,0.114045784438894,-0.890493914433674),
(-0.434129031349359,0.136208635948726,-0.890493790900674),(-0.426672416025996,
0.158022234972443,-0.890494032914793),(-0.418121505283873,0.179430416318656,
-0.890493757709094),(-0.408495525489975,0.200376090595153,-0.890494709682473),
(-0.397823852542356,0.220810133950006,-0.890493720973561),(-0.386128728353349,
0.24067578526657,-0.890494116503049),(-0.373443483515069,0.259924518107651,
-0.890493800936669),(-0.359799224715877,0.2785053301309,-0.89049385117615),
(-0.345231507448792,0.296371692267337,-0.890493698061491),(-0.32977730574331,
0.313476730934368,-0.890493833656015),(-0.313476495895097,0.32977714657761,
-0.890493975339789),(-0.29637112536689,0.345231065688769,-0.890494057999356),
(-0.278505275746161,0.359799113449104,-0.890493913141911),(-0.259924300839462,
0.373443540843112,-0.890493840313158),(-0.220749754710727,0.397856590053605,
-0.890494064857297),(-0.240650782211444,0.38614657142322,-0.890493136637847),
(-0.259186658706225,0.528475333684402,-0.80841579501879),(-0.285588406040907,
0.514688088607632,-0.808415384428349),(-0.232122954138424,0.540911447516685,
-0.80841433690123),(-0.311648580913,0.635427799430682,-0.706474821720913),
(-0.204428159234121,0.551973674494147,-0.808414615390876),(-0.279100254837355,
0.650382051405767,-0.706474511188443),(-0.176209391058963,0.561618143363697,
-0.808415308827921),(-0.245800990992897,0.663682567172498,-0.706475281137446),
(-0.147537386144313,0.569823688127464,-0.808414302284737),(-0.211870849055372,
0.675279701432391,-0.70647580861197),(-0.118486796779602,0.576563253746728,
-0.808415545012523),(-0.177396340918536,0.685144446766337,-0.706475495182929),
(-0.0891323430825137,0.581824801288611,-0.808415317780464),(-0.142466549483723,
0.693249916189872,-0.706475644294222),(-0.0595489284392847,0.585592595903783,
-0.808415262562751),(-0.107171200873032,0.699575290539224,-0.706476288753127),
(-0.0298124867125881,0.58785681069906,-0.808415478421054),(-0.0716004648061899,
0.704106720174149,-0.706475123443948),(0.,0.588612138679318,-0.808415580131506),
(-0.0358462057540916,0.706829099825987,-0.706475529068219),(0.0298125137820582,
0.587856820935262,-0.808415469979318),(0.,0.707736848867864,-0.706476151582329),
(0.0595489024687882,0.585592369283991,-0.808415428632534),(0.0358461770353051,
0.706828951038463,-0.706475679387351),(0.0891324244523147,0.58182482572553,
-0.808415291221479),(0.0716009095021319,0.704106965522894,-0.706474833848035),
(0.118486428524365,0.576563294932879,-0.808415569612364),(0.107170758818931,
0.699575366625423,-0.706476280468835),(0.14753785926919,0.569823300160631,
-0.808414489402752),(0.142466664967616,0.693250094183617,-0.706475446344323),
(0.176208795515067,0.561617839176932,-0.808415649960689),(0.177396334215215,
0.685144387882669,-0.706475553971889),(0.204428409281175,0.55197370695844,
-0.808414529993942),(0.211870979188517,0.675280094574253,-0.706475393803272),
(0.232123209202698,0.540911291295834,-0.808414368191284),(0.245800932541174,
0.663682525845558,-0.706475340297982),(0.259221554679123,0.528458831301819,
-0.808415393970732),(0.279100360553433,0.650381704894436,-0.706474788423162),
(0.311683979422192,0.635410303218507,-0.706474941901913),(-0.588612009884677,
0.,-0.80841567390761),(-0.587855660697946,-0.0298132229186147,-0.808416287518124),
(-0.587855704605948,0.0298128342728785,-0.808416269922162),(-0.585592305700572,
0.0595488774218225,-0.808415476535481),(-0.581826410682224,0.0891323515024388,
-0.808414158552586),(-0.576564562765689,0.118487371411439,-0.808414527194321),
(-0.569821242261629,0.147536714020813,-0.808416148950127),(-0.561617810065303,
0.176208472562072,-0.808415740578321),(-0.551973348739063,0.204429007503373,
-0.808414623304756),(-0.540910244513755,0.232122733559,-0.808415205166978),
(-0.528459358051732,0.259221581515717,-0.808415041030312),(-0.51465296564159,
0.285655816505867,-0.808413928289637),(-0.499523253265386,0.311354901875187,
-0.808414896278797),(-0.483111693379652,0.336255823300337,-0.808415186037755),
(-0.465460930657935,0.360293791904566,-0.80841481032084),(-0.446614683289724,
0.383406109396955,-0.808415165584559),(-0.426621807920986,0.405533998208422,
-0.808415740385676),(-0.405534636575861,0.426622420182327,-0.808415097047957),
(-0.383405946143754,0.446614481144657,-0.808415354686873),(-0.360293307139753,
0.465460749475856,-0.808415130689471),(-0.336255826254442,0.483112041798777,
-0.808414976592443),(-0.311326398341471,0.499540800342367,-0.808415031088015),
(-0.343400122529212,0.618844964563037,-0.706475240671529),(-0.356446382710342,
0.726748459659203,-0.587181958711002),(-0.319212578502582,0.7438540163001,
-0.587183559170336),(-0.281127389346959,0.759064823489376,-0.587186499078449),
(-0.242320493245242,0.772331868429674,-0.587183330452518),(-0.20289184149945,
0.783612423350351,-0.587185209813695),(-0.16294175902768,0.792884756200605,
-0.58718289020515),(-0.122573810440667,0.800119744462917,-0.587183153296015),
(-0.0818908512530591,0.80530138708644,-0.587182735132518),(-0.0409983082620774,
0.808415052667724,-0.58718331153047),(0.,0.809453562040251,-0.587183898706647),
(0.0409984655047156,0.808415167094349,-0.58718314301253),(0.0818909336395729,
0.805301089331416,-0.587183132003359),(0.122573656889151,0.800119717240808,
-0.587183222443651),(0.162942173889187,0.792884694125492,-0.587182858903248),
(0.20289102686283,0.78361258170165,-0.587185279973384),(0.242321578439763,
0.77233165902143,-0.587183158048379),(0.281126365885267,0.759065392102689,
-0.58718625402519),(0.319212951056923,0.743853851171309,-0.587183565825154),
(0.356478726208824,0.726731265596467,-0.587183604475714),(-0.706830589361779,
-0.0358466701072237,-0.706474015222573),(-0.704106695056935,-0.0716015230333941,
-0.706475041226015),(-0.707738498065949,0.,-0.706474499437411),(-0.808416265422281,
-0.0409980619452263,-0.587181659043798),(-0.805299861559056,-0.0818914770362873,
-0.587184740062087),(-0.8094549064554,0.,-0.587182045378827),(-0.706830620652837,
0.0358469656211391,-0.706473968921207),(-0.890123127650383,-0.0451414406473393,
-0.453478850618398),(-0.886693325383504,-0.090167844958531,-0.45348065720147),
(-0.891266054668867,0.,-0.453480782167106),(-0.808416351538094,0.0409987386315983,
-0.587181493233952),(-0.890122861261367,0.0451420325608488,-0.453479314584637),
(-0.704107158643829,0.0716010915507266,-0.706474622923753),(-0.699578104584735,
0.107171487230431,-0.706473458744522),(-0.693250061446208,0.1424659029173,
-0.706475632142247),(-0.685143462710751,0.177395518835894,-0.706476655949555),
(-0.675280026217701,0.211870895132141,-0.70647548434983),(-0.663682342764709,
0.245801566414698,-0.706475291748004),(-0.650381630995725,0.279100646136892,
-0.706474743631582),(-0.635411209731467,0.311684596686571,-0.706473854247929),
(-0.618807881550833,0.343465696632628,-0.706475845989963),(-0.600618760033619,
0.3743685003639,-0.706473871442506),(-0.580885652349151,0.404308396925799,
-0.70647475472956),(-0.55966233221266,0.43321107624159,-0.706474512862205),
(-0.537001894264331,0.46100047171323,-0.706475428190322),(-0.512963375613811,
0.487608273007934,-0.706474873844148),(-0.487607942902122,0.512963465606221,
-0.706475036340292),(-0.461000977198679,0.537001984498622,-0.706475029754346),
(-0.433210316107205,0.559661685938564,-0.706475490948341),(-0.404308058812119,
0.580885442926143,-0.706475120422563),(-0.374339293891385,0.600634776727375,
-0.70647573067626),(-0.392768637271216,0.707776865943185,-0.587183706868434),
(-0.392481338825017,0.800198247600777,-0.453476750463315),(-0.351476672956612,
0.819036303261091,-0.453479527991901),(-0.309541610906384,0.835787661925042,
-0.453478748445121),(-0.266812683863428,0.850392552842603,-0.453479324555636),
(-0.223398290210673,0.862815936567423,-0.453477522636159),(-0.179410647677359,
0.873023434140845,-0.453477566083391),(-0.13496261976987,0.880989952401628,
-0.453477447104297),(-0.090168115920895,0.886694179722334,-0.453478932826888),
(-0.0451422397855866,0.890123095886079,-0.453478833417088),(0.,0.891267214897697,
-0.453478501859236),(0.045142202013602,0.890123120612643,-0.453478788641954),
(0.0901679165026815,0.88669433786333,-0.453478663262867),(0.134962795989198,
0.880989846935266,-0.453477599552343),(0.179410355500774,0.873023128615389,
-0.453478269867128),(0.223398789707527,0.862815902562994,-0.453477341265932),
(0.266812327864762,0.850392530269172,-0.453479576344715),(0.309541675594185,
0.835787457432668,-0.453479081180798),(0.351476480635138,0.819036555924314,
-0.453479220714659),(0.392509061890014,0.800183744920576,-0.453478346450086),
(-0.805299908230127,0.0818910451306523,-0.587184736290001),(-0.800117945590558,
0.122572864766864,-0.587185801911788),(-0.792886146224908,0.162941996213996,
-0.58718094740413),(-0.78361539150872,0.202891669117293,-0.587181308280019),
(-0.772333291554315,0.242321707891204,-0.587180957321989),(-0.759066490169481,
0.281127508906868,-0.587184287287734),(-0.743852688976934,0.319212493896478,
-0.587185286636318),(-0.726731040451995,0.356478916017487,-0.58718376789431),
(-0.707742280802916,0.392828400197347,-0.587185415318091),(-0.686938478355111,
0.428172430890864,-0.58718301778932),(-0.664369459100984,0.462414530583472,
-0.587184829265141),(-0.640095923411265,0.49547118489093,-0.587184395037076),
(-0.614180028984463,0.527256082606735,-0.587183033943288),(-0.586686601935565,
0.557687391138911,-0.587182769564959),(-0.557686747067219,0.586685982146979,
-0.587184000546523),(-0.5272558041008,0.614179550317949,-0.587183784698846),
(-0.495471360180849,0.640096575734294,-0.587183536020698),(-0.46241491277929,
0.664369437398544,-0.587184552836724),(-0.428145623073173,0.686952884015319,
-0.587185712178286),(-0.432483137493628,0.779304302706833,-0.45347892957257),
(-0.886693131086675,0.0901672570435251,-0.453481154008582),(-0.880989040485736,
0.134963452625396,-0.453478970845898),(-0.873023083680108,0.179410988171356,
-0.453478106070241),(-0.862815690430038,0.223398263399342,-0.453478004161057),
(-0.85039342250402,0.266812467722894,-0.453477820879389),(-0.83578737010655,
0.309541038649317,-0.453479676901048),(-0.819035669009052,0.351476077767566,
-0.453481134831453),(-0.800183734743333,0.392509401755278,-0.453478070237058),
(-0.779276846329911,0.432533756574952,-0.453477834295424),(-0.7563690206596,
0.471448211092963,-0.453478212093683),(-0.731519656369888,0.509152266138265,
-0.453478734044663),(-0.704791728601305,0.545549709487083,-0.453480025771525),
(-0.676255933178591,0.58054707721247,-0.453478780077759),(-0.645984074713609,
0.614053516977515,-0.453478614163829),(-0.614053478565847,0.645983626166297,
-0.453479305135554),(-0.580546755934977,0.676256384426895,-0.453478518449592),
(-0.545549936396558,0.704792263538864,-0.453478921399303),(-0.509152537231347,
0.731518962189404,-0.453479549470777),(-0.471426859432393,0.756380061149143,
-0.453481994462547),(-0.800118422709973,-0.122573925736708,-0.587184930298451),
(-0.880988488258403,-0.134963240891092,-0.453480106690853),(-0.873022553088439,
-0.179410869574248,-0.453479174469517),(-0.158022565190273,-0.426673095073454,
-0.890493648956086),(-0.176209384264604,-0.561619456772435,-0.808414397862708),
(-0.177396371707565,-0.685144964533764,-0.706474985317257),(-0.162941800135232,
-0.792883511469837,-0.587184559578971),(-0.134962736456011,-0.880988795349233,
-0.453479660224594),(-0.136208698546719,-0.434128993345723,-0.890493799853114),
(-0.114045715068181,-0.440470847895854,-0.890493687247975),(-0.0915895957818324,
-0.445680345713102,-0.890494455563632),(-0.0688989581459049,-0.449748306720584,
-0.890493904621686),(-0.046030891160847,-0.452660744193646,-0.890493912233538),
(-0.023045456609585,-0.454411599710677,-0.890493686096673),(0.,-0.454995001283534,
-0.890493991449117),(0.0230452763680344,-0.45441164903403,-0.890493665591898),
(0.0460309597024757,-0.452660856428065,-0.890493851638898),(0.0688987606675709,
-0.449748178001863,-0.89049398491089),(0.0915899951371334,-0.445680239288593,
-0.890494467752856),(0.114045429845802,-0.440470942209011,-0.890493677125667),
(0.136208781898717,-0.434128933669255,-0.890493816196869),(0.158022525118666,
-0.42667319824452,-0.890493606633373),(0.179430276776059,-0.41812172872608,
-0.890493680911426),(-0.147537154687254,-0.569822322980053,-0.80841530677023),
(-0.142467111211852,-0.69325111399189,-0.706474355636461),(-0.122573891752867,
-0.800119331691232,-0.587183698781338),(-0.0901677912922385,-0.886693190028992,
-0.453480932531556),(-0.118487048701634,-0.576563473153827,-0.808415351607558),
(-0.0891320774637592,-0.581824795287857,-0.808415351385189),(-0.0595486521579551,
-0.585592499472333,-0.808415352766087),(-0.0298128995562787,-0.587857310204522,
-0.808415099969782),(0.,-0.588613625232998,-0.808414497760922),(0.0298130296008564,
-0.587857132427102,-0.8084152244488),(0.0595487184930491,-0.585592420964264,
-0.808415404748727),(0.0891320280292247,-0.581825047194585,-0.8084151755357),
(0.118487072683863,-0.576563408670678,-0.808415394082063),(0.147537274534441,
-0.569822016285251,-0.808415501075753),(0.176209006087651,-0.561619299673519,
-0.808414589432816),(0.204428582487038,-0.551972783763155,-0.808415116537966),
(0.232122799939941,-0.54091020290262,-0.808415213948803),(-0.107171080142548,
-0.699576975255984,-0.706474638803665),(-0.0818909500529083,-0.805299814205649,
-0.587184878500612),(-0.0451408196220397,-0.89012306755589,-0.453479030395831),
(-0.0716004958980525,-0.704106821987443,-0.706475018820833),(-0.0358461243614751,
-0.706828746499525,-0.706475886701147),(0.,-0.707738064397495,-0.706474933881491),
(0.0358465125201179,-0.706828933369381,-0.706475680042879),(0.0716003629323998,
-0.704107014598458,-0.706474840331342),(0.107171119590332,-0.699576838463121,
-0.706474768276758),(0.142466796206013,-0.693251344552445,-0.706474192915085),
(0.177396608724308,-0.685144692568028,-0.70647518955656),(0.211870517706015,
-0.675281211716491,-0.706474464386146),(0.245800809659041,-0.66368174344887,
-0.706476118056108),(0.279100080455102,-0.650380314455763,-0.706476179116026),
(-0.0409977126292606,-0.808414161030071,-0.587184580694362),(0.,-0.891268228948997,
-0.453476508835906),(0.,-0.809454789797704,-0.587182206196104),(0.0409982621859845,
-0.808413731164727,-0.587185134145997),(0.0818911881551745,-0.805299666115257,
-0.587185048393766),(0.122573456158625,-0.800119488221859,-0.587183576416201),
(0.162942022585,-0.792883305348577,-0.587184776178185),(0.202891541314402,
-0.783613567800345,-0.587183786239267),(0.242320459237356,-0.772330945129913,
-0.587184558916302),(0.281126980679606,-0.759067580799566,-0.587183130303539),
(0.319212565236079,-0.743852911308623,-0.587184966201527),(0.0451408658071488,
-0.890123328471216,-0.453478513653629),(0.0901683254976823,-0.886693095913732,
-0.453481010336558),(0.134962345203273,-0.880988738838728,-0.453479886452067),
(0.179410793069156,-0.873022020405263,-0.453480230239213),(0.223398418016817,
-0.862814704076425,-0.453479804684944),(0.266812386234163,-0.850392470166446,
-0.453479654710377),(0.30954123906984,-0.835787579989582,-0.453479153269768),
(0.351476236771491,-0.819036637190985,-0.45347926294797),(0.43321023284501,
-0.559661698829814,-0.706475531792361),(0.495471240704357,-0.640096743511,
-0.587183453940503),(0.545549667631158,-0.70479247606657,-0.45347891442435),
(0.527255886771643,-0.614179420975003,-0.587183845754852),(0.580546755934964,
-0.676256384426885,-0.453478518449624),(0.614053317938302,-0.645983277754569,
-0.453480018953896),(0.445681208812607,0.0915896560145865,-0.890494017398468),
(0.569821773376676,0.147537229795282,-0.80841568045789),(0.675279869526283,
0.211871230588488,-0.706475533519375),(0.759065926396652,0.281127824674929,
-0.587184864908093),(0.819035481943295,0.351476829656596,-0.453480889930836),
(0.440467765851911,0.114045615533195,-0.890495224480784),(0.561617540124488,
0.176209273412499,-0.808415753550089),(0.663682340839047,0.245801613620043,
-0.706475277133026),(0.743852344109719,0.319212859201556,-0.587185524926189),
(0.800183957919623,0.392508994244041,-0.453478029154245),(0.434129026641617,
0.136208536610019,-0.890493808390468),(0.551973508375343,0.204428643120352,
-0.808414606451286),(0.650381775195112,0.279100772412049,-0.706474560994983),
(0.726731552220806,0.356478367684646,-0.587183467392968),(0.779276934480442,
0.432533735273071,-0.453477703131577),(0.426672388686139,0.158022395416039,
-0.890494017542983),(0.54091022495169,0.232122888387937,-0.808415173799424),
(0.635411299211147,0.311684018215318,-0.706474028980511),(0.707741761298932,
0.392829056986019,-0.587185602089289),(0.75636908556374,0.471448211714392,
-0.453478103192176),(0.41812163943487,0.179430062767641,-0.890493765958806),
(0.528459118919324,0.259221787707306,-0.808415131234467),(0.618807649592786,
0.343466506018955,-0.706475655665914),(0.686938738197203,0.4281716680582,
-0.587183270058244),(0.731519702979176,0.509152261627873,-0.453478663921997),
(0.408495208269376,0.200377078775684,-0.890494632843052),(0.514651099582717,
0.285654565869282,-0.808415558173104),(0.600619247745825,0.37436804818662,
-0.706473696420595),(0.664369174226233,0.462414881677301,-0.587184875095843),
(0.704791806066489,0.545549967122774,-0.45347959543278),(0.397823539358323,
0.220809581140349,-0.890493997963513),(0.499523266947231,0.311354680214606,
-0.80841497319559),(0.580885489816064,0.404308626551878,-0.706474756956599),
(0.640096078826899,0.495471265554515,-0.587184157552156),(0.676256129320405,
0.58054688910155,-0.453478728399797),(0.386128681176812,0.240675640866251,
-0.890494175986724),(0.483111075448966,0.336255702761083,-0.808415605452538),
(0.55966243946592,0.433210854257591,-0.706474564018028),(0.614179680109907,
0.527255739144099,-0.587183707266901),(0.645984046865472,0.614053550736355,
-0.453478608121026),(0.373443128795163,0.259924175944661,-0.890494049567524),
(0.46546104491664,0.36029353474692,-0.808414859143917),(0.537001684722467,
0.461000839557204,-0.706475347434562),(0.58668622060661,0.55768703518889,
-0.58718348864095),(0.614052973951968,0.645983604670188,-0.453480019050515),
(0.359799314067112,0.278505273068326,-0.890493832920797),(0.446614638550511,
0.383406145861821,-0.808415173006903),(0.512963269743412,0.487608195462773,
-0.706475004237012),(0.557686573398389,0.586686086466442,-0.587184061260056),
(0.580546935772209,0.676256147944253,-0.453478640878596),(0.345231206092934,
0.296371388371534,-0.890493916034437),(0.426622007484415,0.405534630348514,
-0.808415317963522),(0.487608001905455,0.512963355686128,-0.706475075427999),
(0.527255974897252,0.614179501769639,-0.587183682114162),(0.329777303389901,
0.313476736401416,-0.890493832603012),(0.405534722287728,0.426622323225386,
-0.808415105218099),(0.461000830737414,0.537001588418262,-0.706475426391944),
(0.313476754733948,0.329777461451067,-0.890493767614553),(0.383405780907681,
0.446614416304308,-0.808415468874596),(0.29637120846756,0.345231215273505,
-0.890493972350322),(-0.390269996105978,0.907315407869374,0.156422762992701),
(-0.343813944988067,0.925917944945392,0.15642228249148),(-0.435715055299535,
0.886389400346268,0.156416819872758),(-0.480042237739721,0.863186821076429,
0.156422383007708),(-0.523153895849337,0.837760300295065,0.156421483521873),
(-0.56492245974272,0.810181982293714,0.156421769728076),(-0.605231934612618,
0.78052934501555,0.156423293964371),(-0.643988406164203,0.748872940992684,
0.156423307007164),(-0.681091875958513,0.715294264314868,0.15642241508673),
(-0.716446573043881,0.679879384676014,0.156423560457636),(-0.749962225116377,
0.642719654504289,0.156422845557739),(-0.781553432715745,0.603909114719337,
0.156422546230209),(-0.811137596671004,0.563549196662934,0.156422831477218),
(-0.838638949540664,0.521742702337264,0.156426547846397),(-0.863988460720342,
0.478597081825494,0.156424975659945),(-0.887120375312391,0.434221277025774,
0.156426731359154),(-0.907974908546915,0.388733622575092,0.156421661316035),
(-0.926498614343736,0.342245463134071,0.156423657364487),(-0.942643696262699,
0.294879878517884,0.156424803472708),(-0.956369563493644,0.246756239892361,
0.15642447409904),(-0.967640333173563,0.198000815988038,0.156422065207651),
(-0.976426778980705,0.148737803271647,0.156421901175283),(-0.982707139315161,
0.0990912068438884,0.156421261551093),(-0.986464479544604,0.0491907643031756,
0.156422822196966),(-0.987689765072283,-0.000836658509381216,0.156423233485303),
(-0.986379209919583,-0.0508611016274768,0.156426348738499),(-0.982538299981607,
-0.10075429624667,0.156419502802855),(-0.976173055405143,-0.150391131303424,
0.156424657667083),(-0.967303734667999,-0.199639816082043,0.156420678722701),
(-0.95595076920495,-0.248376323826971,0.156420358709037),(-0.942143562278947,
-0.296475017129306,0.156422735797946),(-0.925918309564051,-0.343814107821907,
0.156419766259499),(-0.907315484358376,-0.390270581718634,0.156420858227171),
(-0.886383979013887,-0.435723581751209,0.156423789921505),(-0.863177494497766,
-0.480058124082847,0.156425095475815),(-0.837754064398468,-0.523162510789134,
0.156426068443393),(-0.810181785000074,-0.564922160756163,0.156423871390151),
(-0.780529581356342,-0.605231836898225,0.156422492732003),(-0.74887287796548,
-0.643988491196874,0.156423258672338),(-0.715294385072755,-0.681091562652791,
0.156423227068644),(-0.679879400697572,-0.716446765244993,0.156422610504675),
(-0.642719464882797,-0.749962394597718,0.156422812115201),(-0.603909694199436,
-0.781552921192857,0.156422864782794),(-0.563549269790682,-0.811137243107824,
0.156424401427104),(-0.521743022341075,-0.83863965823066,0.156421680981768),
(-0.478596035304834,-0.863989699628554,0.156421334626239),(-0.434222735965112,
-0.887120599232014,0.15642141154332),(-0.388732827910103,-0.907975396453588,
0.156420804051008),(-0.342245386795639,-0.926499038632645,0.15642131130344),
(-0.294880222086683,-0.94264402633414,0.156422166711339),(-0.246757501217066,
-0.95636961883713,0.156422145997405),(-0.198001442321256,-0.967640139808693,
0.1564224685578),(-0.148736856722113,-0.976426939594547,0.156421798629387),
(-0.0990913312190167,-0.982707121279994,0.156421296065565),(-0.0491897352601692,
-0.986464507423459,0.156422969984677),(0.000835573543650462,-0.987689466529723,
0.156425124334567),(0.0508612786766492,-0.986380044328888,0.156421029536046),
(0.100754621147,-0.982538321945746,0.156419155558272),(0.150390734500567,
-0.976173539800397,0.156422016257119),(0.199639395371211,-0.967303817158342,
0.156420705556259),(0.248376833742427,-0.955950318669024,0.156422302427369),
(0.296475532623378,-0.942143347240439,0.156423053947513),(0.343814293593284,
-0.925917786926668,0.156422451629466),(0.390269704336106,-0.907315855988103,
0.156420891667271),(0.43571504545253,-0.886389392448738,0.156416892056633),
(0.480042358835169,-0.863186564612924,0.156423426620519),(0.523153567262177,
-0.837759786265035,0.156425335473583),(0.564922328084628,-0.81018166509801,
0.156423888106836),(0.605232215325238,-0.780529133063638,0.156423265441655),
(0.643988406164206,-0.748872940992693,0.156423307007109),(0.681091923029421,
-0.715294219539657,0.156422414881108),(0.716446761904346,-0.679879183036323,
0.156423571851047),(0.749962361558858,-0.642719495841195,0.156422843314846),
(0.781553041920387,-0.603909612604894,0.15642257659429),(0.811137596671001,
-0.563549196662937,0.15642283147722),(0.838638949540666,-0.52174270233726,
0.156426547846397),(0.86398846072034,-0.478597081825498,0.156424975659944),
(0.887120401045228,-0.434221238981032,0.156426691031714),(0.907975060428192,
-0.388733371522087,0.156421403604148),(0.926499025847387,-0.34224432883096,
0.156423701806628),(0.942643182922716,-0.294881448459479,0.156424937410151),
(0.956369662638453,-0.246755510469574,0.156425018579868),(0.967639419157258,
-0.198001246897828,0.156427173853874),(0.976426798327606,-0.148737860419828,
0.15642172606589),(0.982707124541533,-0.0990911477425213,0.156421391805538),
(0.986464251001,-0.0491837819404982,0.15642645905046),(0.987690100678507,
0.000857453291355362,0.156421001772569),(0.986379962276258,0.0508746720626049,
0.156417191390235),(0.98253831854883,0.100754319929242,0.156419370919439),
(0.976172843529264,0.15039188697016,0.156425253362572),(0.967303086738361,
0.199638922711077,0.156425825633746),(0.955950757415723,0.248376371720121,
0.156420354709526),(0.942143458062401,0.296475348890879,0.156422734697525),
(0.925917828286543,0.343815392781308,0.156419790780342),(0.907316105704142,
0.390269084503046,0.156420989675375),(0.886383979013887,0.435723581751208,
0.156423789921508),(0.863177494497765,0.480058124082845,0.156425095475822),
(0.837754064398469,0.523162510789133,0.156426068443393),(0.810181605133027,
0.564922430463147,0.156423828950971),(0.78052974455075,0.605231623998236,
0.156422502166406),(0.748872637907418,0.64398876984441,0.156423260763445),
(0.715294314694985,0.681091661406744,0.156423118902652),(0.679879837077784,
0.716446541826583,0.156421737107786),(0.642719464882812,0.749962394597705,
0.156422812115208),(0.603909641425327,0.781553015471221,0.156422597476751),
(0.563549399214108,0.811137542333591,0.156422383508367),(0.521742814540293,
0.83863958383524,0.156422772959148),(0.478596264105058,0.863988969826681,
0.156424665582231),(0.434221900991091,0.887120427483642,0.156424703422841),
(0.388732429380084,0.907975010941249,0.156424032215312),(0.34224576717197,
0.92649850289915,0.156423652234893),(0.294879820360191,0.942644100399233,
0.156422477690587),(0.246757132281525,0.956369362692455,0.156424294057624),
(0.198002090201616,0.967640014924922,0.156422421001239),(0.148737440044457,
0.976426411795094,0.156424538605616),(0.0990899640185883,0.982706854696607,
0.156423836940209),(0.0491908932501184,0.986464466282279,0.156422865284057),
(-0.000836243778736374,0.987689823041025,0.156422869675541),(-0.0508616700935144,
0.986379610632503,0.156423637100567),(-0.100754499077089,0.982538331783946,
0.156419172389271),(-0.150389633446378,0.976173638773615,0.156422457196352),
(-0.19964012180061,0.96730315458274,0.156423875740621),(-0.24837681210565,
0.955949900751236,0.156424890800466),(-0.296475872047438,0.942143666181901,
0.156420489601071),(-0.957735226896893,0.0148438827338931,0.28726798343383),
(-0.957735226896893,0.0148438827338931,-0.28726798343383),(-0.957144192356706,
-0.0379452885148092,0.287115220978195),(-0.957144192356706,-0.0379452885148092,
-0.287115220978195),(-0.950304679210762,0.119991947577356,0.287268078955397),
(-0.950304679210762,0.119991947577356,-0.287268078955397),(-0.955443665347561,
0.067517491914346,0.287347856495946),(-0.955443665347561,0.067517491914346,
-0.287347856495946),(-0.942295761407276,0.172173211603349,0.287115104513974),
(-0.942295761407276,0.172173211603349,-0.287115104513974),(-0.931419360007139,
0.223834284555039,0.286977680075691),(-0.931419360007139,0.223834284555039,
-0.286977680075691),(-0.917707567150199,0.27482091898767,0.286855858720083),
(-0.917707567150199,0.27482091898767,-0.286855858720083),(-0.901202920934299,
0.324974155789854,0.286749181983419),(-0.901202920934299,0.324974155789854,
-0.286749181983419),(-0.881955358471517,0.374141565982299,0.286658044135677),
(-0.881955358471517,0.374141565982299,-0.286658044135677),(-0.860022968252026,
0.422174149486424,0.286582416739739),(-0.860022968252026,0.422174149486424,
-0.286582416739739),(-0.835473451627703,0.468923370613742,0.286522222728954),
(-0.835473451627703,0.468923370613742,-0.286522222728954),(-0.80838080795251,
0.514248097277866,0.28647751007739),(-0.80838080795251,0.514248097277866,
-0.28647751007739),(-0.953640893788443,-0.0906242282813209,0.286977864900403),
(-0.953640893788443,-0.0906242282813209,-0.286977864900403),(-0.947235720721493,
-0.143032193113547,0.286855854258481),(-0.947235720721493,-0.143032193113547,
-0.286855854258481),(-0.937948120532102,-0.195008419285426,0.286749088225399),
(-0.937948120532102,-0.195008419285426,-0.286749088225399),(-0.92580672226559,
-0.246392338439135,0.286657859767247),(-0.92580672226559,-0.246392338439135,
-0.286657859767247),(-0.910847262322067,-0.297031581510258,0.286582456381947),
(-0.910847262322067,-0.297031581510258,-0.286582456381947),(-0.893115454394849,
-0.34677043608393,0.286522337312894),(-0.893115454394849,-0.34677043608393,
-0.286522337312894),(-0.872666356249262,-0.395454304704971,0.2864774398813),
(-0.872666356249262,-0.395454304704971,-0.2864774398813),(-0.849561637853401,
-0.442936215888967,0.286448131677986),(-0.849561637853401,-0.442936215888967,
-0.286448131677986),(-0.82387120836219,-0.489072195425873,0.286434320033654),
(-0.82387120836219,-0.489072195425873,-0.286434320033654),(-0.795674168308781,
-0.533720075692239,0.286435854405835),(-0.795674168308781,-0.533720075692238,
-0.286435854405835),(-0.765056928645345,-0.576743161602085,0.286452825919003),
(-0.765056928645345,-0.576743161602085,-0.286452825919003),(-0.732112287969045,
-0.618011156963366,0.286485266067092),(-0.732112287969045,-0.618011156963366,
-0.286485266067092),(-0.696941348362834,-0.657397519640066,0.286533171052296),
(-0.696941348362834,-0.657397519640066,-0.286533171052296),(-0.659650606734218,
-0.694783094039741,0.286596457186306),(-0.659650606734218,-0.694783094039741,
-0.286596457186306),(-0.620354872251709,-0.730052904292374,0.286675058921832),
(-0.620354872251709,-0.730052904292374,-0.286675058921832),(-0.579174704261566,
-0.763098963745126,0.286769303578053),(-0.579174704261566,-0.763098963745126,
-0.286769303578053),(-0.536234544145387,-0.793821764409557,0.286878929192938),
(-0.536234544145387,-0.793821764409557,-0.286878929192938),(-0.491666819540644,
-0.822126783330741,0.287003990726673),(-0.491666819540644,-0.822126783330741,
-0.287003990726673),(-0.445606729653051,-0.847928466906603,0.287144488885528),
(-0.445606729653051,-0.847928466906603,-0.287144488885528),(-0.398195906767852,
-0.871147795788036,0.287300431129114),(-0.398195906767852,-0.871147795788036,
-0.287300431129114),(-0.300066989667959,-0.909645669717094,0.287236065417538),
(-0.300066989667959,-0.909645669717094,-0.287236065417538),(-0.349676752463844,
-0.891715871033297,0.287348175796661),(-0.349676752463844,-0.891715871033297,
-0.287348175796661),(-0.249507932221586,-0.92483900928545,0.287086395815642),
(-0.249507932221586,-0.92483900928545,-0.287086395815642),(-0.198183992080347,
-0.937220122622007,0.286952168549896),(-0.198183992080347,-0.937220122622007,
-0.286952168549896),(-0.146253551215242,-0.946750554920734,0.286833201554863),
(-0.146253551215242,-0.946750554920734,-0.286833201554863),(-0.0938752620174081,
-0.953401024757957,0.286729700539795),(-0.0938752620174081,-0.953401024757957,
-0.286729700539795),(-0.0412072612534242,-0.957151218411425,0.286641774194753),
(-0.0412072612534242,-0.957151218411425,-0.286641774194753),(0.0115896248638955,
-0.957989461860745,0.286569139230438),(0.0115896248638955,-0.957989461860745,
-0.286569139230438),(0.0643519101995066,-0.955913042799259,0.286511930397211),
(0.0643519101995066,-0.955913042799259,-0.286511930397211),(0.116920461286153,
-0.950928133201996,0.286470401992248),(0.116920461286153,-0.950928133201996,
-0.286470401992248),(0.169136233654349,-0.943049625511095,0.286444302244965),
(0.169136233654349,-0.943049625511095,-0.286444302244965),(0.220836664989829,
-0.932302023612627,0.286433420124067),(0.220836664989829,-0.932302023612627,
-0.286433420124067),(0.271864930866345,-0.918717968562144,0.286438044969737),
(0.271864930866345,-0.918717968562144,-0.286438044969737),(0.322066534963315,
-0.90233855869547,0.286458151477848),(0.322066534963315,-0.90233855869547,
-0.286458151477848),(0.371286608659448,-0.883214389034977,0.286493625115356),
(0.371286608659448,-0.883214389034977,-0.286493625115356),(0.41937621555656,
-0.861403399443864,0.286544539735121),(0.41937621555656,-0.861403399443864,
-0.286544539735121),(0.466188143827224,-0.836972408180441,0.286610890406421),
(0.466188143827224,-0.836972408180441,-0.286610890406421),(0.511578742324197,
-0.809996583706518,0.286692735844079),(0.511578742324197,-0.809996583706518,
-0.286692735844079),(0.555410460614915,-0.78055792460721,0.286790074047922),
(0.555410460614915,-0.78055792460721,-0.286790074047922),(0.597549775123663,
-0.748746340220712,0.286902743548662),(0.597549775123663,-0.748746340220712,
-0.286902743548662),(0.637867740849766,-0.714659381888587,0.287030857333907),
(0.637867740849766,-0.714659381888587,-0.287030857333907),(0.676241424740407,
-0.678401345937182,0.287174423122402),(0.676241424740407,-0.678401345937182,
-0.287174423122401),(0.712553483305067,-0.640083576636687,0.287333514143065),
(0.712553483305067,-0.640083576636687,-0.287333514143065),(0.778604361275949,
-0.557932366880082,0.287205018392195),(0.778604361275949,-0.557932366880082,
-0.287205018392195),(0.746658218654704,-0.599943187754619,0.287349397045147),
(0.746658218654704,-0.599943187754619,-0.287349397045147),(0.808197308220447,
-0.51421254833032,0.287058471613122),(0.808197308220447,-0.51421254833032,
-0.287058471613122),(0.83533369715164,-0.468924802500133,0.286927070878967),
(0.83533369715164,-0.468924802500133,-0.286927070878967),(0.859930611805902,
-0.422206976194525,0.286811108801251),(0.859930611805902,-0.422206976194525,
-0.286811108801251),(0.881913329173557,-0.374200176542208,0.286710843362776),
(0.881913329173557,-0.374200176542208,-0.286710843362776),(0.901214018167262,
-0.325052161526257,0.286625863707249),(0.901214018167262,-0.325052161526257,
-0.286625863707249),(0.917773097724814,-0.274914439538795,0.286556437766926),
(0.917773097724814,-0.274914439538795,-0.286556437766926),(0.931541012362667,
-0.223936504096059,0.286502677857597),(0.931541012362667,-0.223936504096059,
-0.286502677857597),(0.942475564337849,-0.172273451535257,0.286464078938674),
(0.942475564337849,-0.172273451535257,-0.286464078938674),(0.950542105137546,
-0.120089098288587,0.286440770200257),(0.950542105137546,-0.120089098288587,
-0.286440770200257),(0.955716768928413,-0.0675386397555082,0.286433220365604),
(0.955716768928413,-0.0675386397555082,-0.286433220365604),(0.95798390475109,
-0.0147792101912696,0.286440941878038),(0.95798390475109,-0.0147792101912696,
-0.286440941878038),(0.957336265939369,0.0380228633150055,0.28646384725231),
(0.957336265939369,0.0380228633150055,-0.28646384725231),(0.953776156299179,
0.0907047839540237,0.28650250582328),(0.953776156299179,0.0907047839540237,
-0.28650250582328),(0.947314044685662,0.143112856205733,0.286556820072264),
(0.947314044685662,0.143112856205733,-0.286556820072264),(0.937969797740469,
0.195084852335517,0.286626165790795),(0.937969797740469,0.195084852335517,
-0.286626165790795),(0.92577278911371,0.246458083109132,0.286710927951472),
(0.92577278911371,0.246458083109132,-0.286710927951472),(0.910760145927684,
0.297077882487728,0.286811241631829),(0.910760145927684,0.297077882487728,
-0.286811241631829),(0.892977696219941,0.346790564570298,0.286927061077793),
(0.892977696219941,0.346790564570298,-0.286927061077793),(0.872479664884187,
0.395445049434802,0.28705826454064),(0.872479664884187,0.395445049434802,
-0.28705826454064),(0.849329556856366,0.442891090997211,0.287205127679623),
(0.849329556856366,0.442891090997211,-0.287205127679623),(0.795487667218472,
0.533515494554667,0.287333583789649),(0.795487667218472,0.533515494554667,
-0.287333583789649),(0.823608649146945,0.488977494124987,0.287349618565248),
(0.823608649146945,0.488977494124987,-0.287349618565248),(0.764925071806219,
0.57655917666539,0.287174424914855),(0.764925071806219,0.57655917666539,
-0.287174424914855),(0.732031818006792,0.617853278132766,0.287030911447297),
(0.732031818006792,0.617853278132766,-0.287030911447297),(0.696908834494709,
0.657270837198464,0.28690263674574),(0.696908834494709,0.657270837198464,
-0.28690263674574),(0.659661532812029,0.694692855148101,0.286789991342556),
(0.659661532812029,0.694692855148101,-0.286789991342556),(0.620405198733032,
0.730003188748711,0.286692751568192),(0.620405198733032,0.730003188748711,
-0.286692751568192),(0.579259389559038,0.763094209867649,0.286610862449697),
(0.579259389559038,0.763094209867649,-0.286610862449697),(0.536348438604445,
0.793865615010809,0.286544477716957),(0.536348438604445,0.793865615010809,
-0.286544477716957),(0.491804446852801,0.822222493417625,0.286493555553898),
(0.491804446852801,0.822222493417625,-0.286493555553898),(0.445762390698706,
0.848078823754758,0.286458024389824),(0.445762390698706,0.848078823754758,
-0.286458024389824),(0.398363556899377,0.871355141134116,0.286437941889026),
(0.398363556899377,0.871355141134116,-0.286437941889026),(0.349752267088904,
0.891980548889046,0.28643332918808),(0.349752267088904,0.891980548889046,
-0.28643332918808),(0.300077610879986,0.909891839253283,0.286444180092453),
(0.300077610879986,0.909891839253283,-0.286444180092453),(0.249490020198007,
0.925034781279278,0.286470562615423),(0.249490020198007,0.925034781279278,
-0.286470562615423),(0.198143381410549,0.937363290499292,0.286512237134009),
(0.198143381410549,0.937363290499292,-0.286512237134009),(0.146196361575614,
0.946839319677229,0.286569235221113),(0.146196361575614,0.946839319677229,
-0.286569235221113),(0.0938077650752652,0.95343412417087,0.286641717267586),
(0.0938077650752652,0.95343412417087,-0.286641717267586),(0.041135802710737,
0.957127942790607,0.286729745343529),(0.041135802710737,0.957127942790607,
-0.286729745343529),(-0.0116587563912773,0.957909617477493,0.286833118979542),
(-0.0116587563912773,0.957909617477493,-0.286833118979542),(-0.0644123212342361,
0.955776959251797,0.286952011731243),(-0.0644123212342361,0.955776959251797,
-0.286952011731243),(-0.116965763266627,0.950736725795425,0.287086552188098),
(-0.116965763266627,0.950736725795425,-0.287086552188098),(-0.169160147759504,
0.942804399068329,0.287236330409978),(-0.169160147759504,0.942804399068329,
-0.287236330409978),(-0.271728122343252,0.918489120252587,0.287300475992364),
(-0.271728122343252,0.918489120252587,-0.287300475992364),(-0.220799149663881,
0.932029383657653,0.287348157304764),(-0.220799149663881,0.932029383657653,
-0.287348157304764),(-0.321933537542387,0.902167851373531,0.287144502565365),
(-0.321933537542387,0.902167851373531,-0.287144502565365),(-0.371163880903155,
0.883100264056102,0.28700400195285),(-0.371163880903155,0.883100264056102,
-0.28700400195285),(-0.419269595205191,0.861343978738218,0.286878993354152),
(-0.419269595205191,0.861343978738218,-0.286878993354152),(-0.466103637276502,
0.836965216156766,0.2867692910011),(-0.466103637276501,0.836965216156766,
-0.2867692910011),(-0.511521959843005,0.810038691353778,0.286675082817168),
(-0.511521959843005,0.810038691353778,-0.286675082817168),(-0.555386850526624,
0.780645842354869,0.286596432420529),(-0.555386850526624,0.780645842354869,
-0.286596432420529),(-0.597564275324175,0.748876300245148,0.286533111153722),
(-0.597564275324175,0.748876300245148,-0.286533111153722),(-0.637925210435253,
0.714826983762728,0.286485268689017),(-0.637925210435253,0.714826983762728,
-0.286485268689017),(-0.676346065749506,0.678602065169898,0.286452852128085),
(-0.676346065749506,0.678602065169898,-0.286452852128085),(-0.712709381944264,
0.640312323001807,0.286435797170421),(-0.712709381944264,0.640312323001807,
-0.286435797170421),(-0.746904848504796,0.600073798353461,0.286434257395439),
(-0.746904848504796,0.600073798353461,-0.286434257395439),(-0.778827722475796,
0.558009701104621,0.286448166648517),(-0.778827722475796,0.558009701104621,
-0.286448166648517),(-0.418872137005,0.853981914168407,0.308643845093544),
(-0.461571908690609,0.831678471827449,0.308645901651825),(-0.375102469395823,
0.874091575580091,0.308645516657977),(-0.330349178533378,0.891968648129667,
0.308644376258595),(-0.284746851788127,0.907555471474472,0.308645908110733),
(-0.238415141186985,0.92081330183237,0.308643943114648),(-0.191470642421033,
0.93170633870697,0.308645899866058),(-0.144034331141445,0.940207763422593,
0.308647813944181),(-0.0962290669495825,0.946296893210261,0.308645681282958),
(-0.0481765230104254,0.949956256531151,0.308645643591398),(0.,0.951177208687136,
0.308645294268594),(0.048176601926447,0.949956250590586,0.308645649557378),
(0.0962286646780812,0.946296900719754,0.308645783678413),(0.14403491904527,
0.940207569338785,0.308648130811896),(0.191470643215329,0.931706310476379,
0.308645984592706),(0.238414592967185,0.920813571115244,0.308643563208893),
(0.284747568787967,0.907555315685584,0.308645704716885),(0.330348879903561,
0.891968676873667,0.308644612819831),(0.375102392823825,0.874091783618013,
0.3086450205484),(0.418892944486871,0.853970757757176,0.308646474068235),
(0.461607572663839,0.831658474399235,0.308646449549214),(0.503138148482335,
0.807211142169191,0.308645711941181),(0.543377416167499,0.780691676465911,
0.308644601274634),(0.582221248360916,0.752167388913812,0.308646459580594),
(0.619570404247112,0.721713411015519,0.308645859426973),(0.655329656178585,
0.689406105493041,0.308645854405621),(0.689406516764383,0.655329573820995,
0.308645110634193),(0.721713385257015,0.619570857924379,0.308645008953178),
(0.752167940465828,0.582221013626922,0.308645558248671),(0.780692160464355,
0.543377847600859,0.308642617482024),(0.807210921875403,0.503138312858886,
0.30864602012431),(0.831658255610581,0.461607853159444,0.308646619576975),
(0.8539707667661,0.418893132037775,0.308646194599095),(0.874091811076322,
0.375102770815118,0.308644483404672),(0.891969344638646,0.33034930825206,
0.30864222452913),(0.907554756080947,0.284746288563249,0.308648531284872),
(0.920812785793922,0.238414170637795,0.308646232372158),(0.931706979413159,
0.19147056174859,0.308644015811884),(0.940209165599776,0.144036348761953,
0.308642601008835),(0.946296978064047,0.0962287324510102,0.308645525413418),
(0.951177125326724,4.38234924797377E-5,0.308645548055843),(0.949955977301897,
0.0482004744201906,0.3086427634889),(0.949956221804855,-0.0481584675763988,
0.308648568204907),(0.94629695408458,-0.0962290748595199,0.308645492178206),
(0.94020895343524,-0.144035825041287,0.308643491726113),(0.931707263651252,
-0.191470417005034,0.30864324757139),(0.920813106944375,-0.238414103256486,
0.308645326301651),(0.907554406442737,-0.284747629592152,0.308648322185657),
(0.891969814501244,-0.330348003372913,0.308642263285743),(0.874091473025472,
-0.375102864153436,0.308645327338759),(0.853970524069841,-0.418893213003708,
0.308646756210577),(0.831658177905273,-0.461607951588731,0.308646681746843),
(0.807210819744519,-0.503138727407188,0.308645611455041),(0.780692734222458,
-0.543377078942523,0.308642519449529),(0.752167633761533,-0.58222147656642,
0.308645432408117),(0.721713486942728,-0.619570789795575,0.30864490793962),
(0.689406602692553,-0.655329512389217,0.308645049135124),(0.655329543863714,
-0.689406178592143,0.308645929599524),(0.619570465774217,-0.721713334878891,
0.308645913950451),(0.582220911211098,-0.752167641031778,0.308646481161229),
(0.543377106366855,-0.780690996960372,0.308646865432656),(0.503124204467741,
-0.807217918710048,0.308650719409692),(0.461572660617261,-0.831678064777019,
0.308645874003615),(0.418872176501676,-0.853981917839345,0.308643781334053),
(0.375102491366708,-0.874091731537304,0.308645048281366),(0.330348142231545,
-0.891968200229914,0.308646779835421),(0.284747317482108,-0.907555196335593,
0.308646287505627),(0.238415191256203,-0.920812585420091,0.308646041786113),
(0.19147061652107,-0.93170634888538,0.308645885207816),(0.144034737955742,
-0.940208455959182,0.30864551447392),(0.0962290329917442,-0.946296889812273,
0.308645702288387),(0.0481754924430653,-0.949956142133441,0.308646156546322),
(0.,-0.95117553621025,0.308650448427798),(-0.0481747832935171,-0.949956350927383,
0.30864562460426),(-0.0962291044979425,-0.946296943338088,0.308645515885969),
(-0.144034683462809,-0.940208509391935,0.308645377134931),(-0.191470682984905,
-0.931706311689647,0.308645956258896),(-0.238415137387301,-0.920812557858379,
0.30864616562482),(-0.28474709439847,-0.907555314310964,0.308646146416177),
(-0.330348386235107,-0.89196818589676,0.308646560097311),(-0.375102166801123,
-0.874091628872028,0.308645733482497),(-0.418893101085098,-0.853970746254201,
0.308646293360788),(-0.461607891914189,-0.831659070919472,0.30864436473051),
(-0.503138653868182,-0.807209922556751,0.308648077767605),(-0.543377110750877,
-0.780691028084795,0.308646778988434),(-0.582220962261743,-0.752167612402314,
0.308646454630556),(-0.619570404247108,-0.721713411015522,0.308645859426975),
(-0.655329538728861,-0.689406174527519,0.30864594958099),(-0.689406264857583,
-0.655329357323799,0.308646132981919),(-0.721712994536257,-0.61957042726967,
0.30864678707284),(-0.752167864676402,-0.582221094322031,0.308645590725996),
(-0.780692258127761,-0.543377645648781,0.308642725993284),(-0.807210921875405,
-0.503138312858891,0.308646020124295),(-0.831658255610582,-0.461607853159445,
0.308646619576973),(-0.853970766766101,-0.418893132037774,0.308646194599095),
(-0.874091387099687,-0.375103347396725,0.308644983386928),(-0.891968124709353,
-0.330348134811348,0.308647006026535),(-0.907554756080948,-0.28474628856325,
0.308648531284867),(-0.920812697866957,-0.238415176491037,0.308645717718106),
(-0.931705772127274,-0.19146963192198,0.308648237053739),(-0.940208887431501,
-0.144035850956988,0.308643680696552),(-0.946297016796196,-0.0962287171152349,
0.308645411443254),(-0.949956375609258,-0.0481762306187213,0.308645322729334),
(-0.951177268147089,0.,0.308645111025969),(-0.949956197190667,0.0481762432007992,
0.308645869906119),(-0.946296908430812,0.0962291286091371,0.308645615393144),
(-0.940209275392391,0.144034841911716,0.308642969758883),(-0.931705728905809,
0.191470701442342,0.308647704046658),(-0.920812687896242,0.238414394523289,
0.30864635149859),(-0.907554461335903,0.284746902419503,0.308648831638476),
(-0.891968102920016,0.330348148574645,0.308647054265178),(-0.874091473025472,
0.375102864153438,0.308645327338757),(-0.85397052406984,0.418893213003709,
0.308646756210578),(-0.831658177905273,0.461607951588728,0.308646681746847),
(-0.807210819744515,0.503138727407187,0.308645611455056),(-0.780692881919466,
0.543376925424062,0.3086424161339),(-0.752167744554732,0.582221318024526,
0.308645461475188),(-0.7217127462476,0.61957061549511,0.308646989809974),
(-0.689406349070471,0.655329297620685,0.308646071644047),(-0.655329543863715,
0.689406178592148,0.30864592959951),(-0.619570465774217,0.721713334878888,
0.308645913950458),(-0.582221000034235,0.752167659190192,0.308646269356172),
(-0.543377942776673,0.780691360050081,0.308644474512255),(-0.503124356956249,
0.807218699975693,0.308648427578876),(-0.0154524174077515,0.0367791466357819,
0.999203941730116),(-0.0622735732755006,0.144836053455099,0.987494060585203),
(-0.0174208738747924,0.0358807890873408,0.999204224434579),(-0.0548688221597164,
0.147772361778731,0.987498223516955),(0.,0.,1.),(0.402514685644462,-0.868810093147744,
-0.288359064163326),(-0.0134573432288638,0.0375802198873212,0.999202995885441),
(0.,0.,1.),(0.351781659332479,-0.890545479799033,-0.288406679130005),(-0.0694891798217897,
0.141520659259044,0.987493370555256),(-0.122313398796279,0.285024576385061,
0.950684186957698),(-0.107721085148233,0.290855566957797,0.950683547235433),
(-0.0193503248516029,0.0348849704552527,0.999203985062346),(0.,0.,1.),(0.451914713125621,
-0.844191577778322,-0.288294419073167),(-0.0764887960610216,0.13787148520079,
0.987492236752099),(-0.136568218047657,0.27847329543428,0.950684882360743),
(-0.0833422530115294,0.133846270898332,0.987491389648321),(-0.021194978498685,
0.0337917741113623,0.999204127738095),(0.,0.,1.),(0.499817749864317,-0.816771473933513,
-0.288212727493163),(-0.150474107603091,0.271214161084135,0.950684186135692),
(-0.164045528611821,0.26323204542042,0.950682888668062),(-0.0899852009065607,
0.129460176834206,0.987493152498721),(-0.2207489036512,0.397855056157111,
0.890494961146336),(-0.200344787389178,0.408508624873237,0.890495743712547),
(-0.240649786593518,0.386144980334458,0.890494095642973),(-0.177185374560908,
0.254569174487528,0.950683900380378),(-0.285588342330886,0.514687973858648,
0.808415479991555),(-0.259186242793839,0.528475151119434,0.808416047710401),
(-0.311326298006064,0.49954078016513,0.80841508219593),(-0.25992321283324,
0.373441982783064,0.890494811284996),(-0.343400880227572,0.618846329979176,
0.706473676317974),(-0.311649247162747,0.635429267042546,0.706473207792529),
(-0.374340056928402,0.600636096594329,0.706474204233083),(-0.336255922595522,
0.483111956935533,0.808414987234499),(-0.392768434196443,0.707776500109967,
0.587184283671625),(-0.356446213586362,0.726747980931117,0.587182653892713),
(-0.428145462046816,0.686952568165957,0.587186199104607),(-0.404309016274067,
0.580886593653488,0.706473626311092),(-0.432482813307119,0.779303718508111,
0.45348024269354),(-0.392481197469233,0.800197606901388,0.453478003372169),
(-0.471426374672402,0.756379467848175,0.453483487991512),(-0.462414490008852,
0.664369195386606,0.587185159597216),(-0.509152156517616,0.731518413194644,
0.453480862518642),(-0.0473114524607119,0.150326509743589,0.987503704769946),
(-0.0928510617334374,0.295937271514467,0.95068386525887),(-0.0114374600002773,
0.0382777685963935,0.999201679812451),(0.,0.,1.),(0.29988344807381,-0.909326036045145,
-0.288437302965109),(-0.0396236398027113,0.152494882483785,0.987509634375808),
(-0.0777427764931059,0.300260172650949,0.950683906155335),(-0.00939469023919141,
0.0388662845448002,0.999200256065315),(0.,0.,1.),(0.246990373988503,-0.92509019113199,
-0.288450850975339),(-0.0318280984434046,0.154274316365608,0.987515269481642),
(-0.0624348524703753,0.303812579834245,0.95068386203378),(-0.00733208859252249,
0.0393423135804893,0.999198890531312),(0.,0.,1.),(0.193278847115782,-0.937785326819168,
-0.288447513527609),(-0.0239469624477154,0.155661254626332,0.98752018551404),
(-0.0469670751344906,0.30658473172922,0.950683909679676),(-0.00525299690545022,
0.0397023473553227,0.999197743010856),(0.,0.,1.),(0.138925733171686,-0.947369737861004,
-0.288427149290566),(-0.0160018745659241,0.156652904924558,0.987524079397092),
(-0.0313785180581472,0.308569664531327,0.950684043589403),(-0.00801467701354151,
0.157248805577537,0.987526494883457),(-0.015709378750595,0.309763027433757,
0.950684007572623),(-5.8279372339005E-6,0.157446159854674,0.98752757263433),
(0.,0.310161854759471,0.950683766481869),(0.00800284088097379,0.157246090003329,
0.987527023284173),(0.0157095036408515,0.30976292042946,0.950684040374282),
(0.0159907847731905,0.156647762102227,0.987525074836432),(0.0313786077325072,
0.308569642944742,0.950684047636082),(0.0239365535237653,0.15565382399664,
0.987521609120847),(0.0469670109747047,0.306584706734812,0.9506839209098),
(0.0318191274105495,0.154264626898823,0.987517072266904),(0.0624348427704243,
0.303812691803336,0.950683826888542),(0.039616830039153,0.152483696238522,
0.987511634948717),(0.0777428552339669,0.300260172300729,0.95068389982686),
(0.0473076098487506,0.150314489402204,0.987505718629595),(0.092851206553817,
0.295937448327451,0.950683796074666),(0.0134224964263426,0.037603922337506,
0.99920257286224),(0.,0.,1.),(-0.297267104830134,-0.910433546643206,-0.287650874381747),
(0.0548689414598325,0.147760492588024,0.987499992958593),(0.107720607363227,
0.290855709684137,0.950683557706472),(0.0154127575888108,0.0368032122862587,
0.999203668162263),(0.,0.,1.),(-0.349206824485409,-0.891840671231502,-0.28753227796225),
(0.0622788340905901,0.144825571792966,0.987495266104682),(0.12231391896908,
0.285024482197322,0.95068414827143),(0.0173752883303656,0.0359033292476956,
0.999204208510137),(0.,0.,1.),(-0.399920118433238,-0.870264145358084,-0.28758340733865),
(0.0695144163184232,0.141513801647258,0.987492577120076),(0.136593476072163,
0.278464498725276,0.950683830326468),(0.019307692843437,0.0349103425356265,
0.999203923621754),(0.,0.,1.),(-0.449376740915157,-0.845731756560548,-0.287747008098228),
(0.0765540688878518,0.137830992469966,0.98749283139244),(0.150521925874739,
0.271188427338956,0.950683957321456),(0.0211523155333044,0.0338246864275842,
0.999203918194707),(0.,0.,1.),(-0.497337872801725,-0.818396228183271,-0.287893476779956),
(0.0833607683613564,0.133824085417903,0.987492833624764),(0.164064358643707,
0.263217182604436,0.950683754465496),(0.0899974406160323,0.129456663019138,
0.9874924977348),(0.0229581378091728,0.0326166484019722,0.999204222446721),
(0.,0.,1.),(-0.54364435934654,-0.788348680408631,-0.288022861329895),(0.17718543432018,
0.254569283494125,0.950683860053413),(0.189851679607409,0.245267967792272,
0.950683945233796),(0.0964041916216777,0.124737425254689,0.987495218509235),
(0.278504282563633,0.359797720440557,0.890494786598717),(0.259923415721295,
0.373442432217782,0.890494563587584),(0.296370140651838,0.345229820215467,
0.890494868578144),(0.20203061534471,0.235337599022643,0.950683882765294),
(0.383405828291123,0.44661419350044,0.808415569491551),(0.360293220511897,
0.465460658950865,0.808415221419162),(0.405534504160485,0.426622338254222,
0.808415206708663),(0.313475484949749,0.329776250927141,0.890494662903691),
(0.487609049532345,0.512964552869637,0.706473483092902),(0.46100191091345,
0.537002777695584,0.706473817548375),(0.512964329112874,0.487609314128249,
0.706473462936264),(0.42662198386927,0.405534468605092,0.808415411563037),
(0.586685852721744,0.557686930278938,0.587183955853884),(0.557686397067012,
0.586685642649447,0.587184672173432),(0.61417928126457,0.527255429830862,
0.58718440219339),(0.537003017796738,0.46100165153296,0.706473804299267),
(0.676255601573685,0.580546580474289,0.453479910514042),(0.645983388653979,
0.614053271672348,0.45347992362574),(0.704791568804504,0.545549493541925,
0.453480533913237),(0.640095592532486,0.495470928771715,0.587184971846674),
(0.731519108001247,0.509151884462749,0.453480047165353),(0.0246974975395235,
0.0313374931326209,0.999203680507357),(0.,0.,1.),(-0.588143999520997,-0.755688289551013,
-0.288135115636586),(0.102566155070716,0.119683271473503,0.987499923221977),
(0.213690838183149,0.224802743197944,0.950683939239147),(0.329776034322602,
0.313475522359153,0.890494729949658),(0.446614583714265,0.383406023913418,
0.808415261137886),(0.559663567051377,0.433212032078483,0.706472948510953),
(0.664369115672645,0.462414291550614,0.587185406077238),(0.75636845366507,
0.471447857682504,0.453479525212426),(0.0263636963835609,0.0299859589254437,
0.999202580951589),(0.,0.,1.),(-0.630689842862003,-0.720523089481743,-0.288230462710633),
(0.108468832460163,0.114311510396329,0.987505640984212),(0.224802638023763,
0.213690845260626,0.950683962518226),(0.345229952269209,0.296370276458812,
0.890494772184501),(0.465460826881009,0.360293711575639,0.8084149058734),
(0.580886934015643,0.404309288992151,0.706473190379201),(0.686938123264907,
0.428172209561329,0.587183594597683),(0.779276262163478,0.43253343233642,
0.453479147414514),(0.0279506654568954,0.0285606487678269,0.99920120578514),
(0.114097533662247,0.108639569174272,0.98751161857561),(0.235337184975987,
0.202030362614313,0.950684038968525),(0.359797795503742,0.278504175664474,
0.890494789702949),(0.483111252277121,0.336255408509586,0.808415622171716),
(0.600620085236058,0.374369326368371,0.706472307090322),(0.707741914955468,
0.392828197135485,0.587185992127241),(0.800183134904699,0.392509107520076,
0.453479383354836),(0.0294531507388439,0.0270613988963634,0.999199776121535),
(0.,0.,1.),(-0.671140978821493,-0.682969859054027,-0.288308789616707),(0.119438803299439,
0.102686307831826,0.987517035017759),(0.2452678932988,0.189851407884864,
0.950684018715421),(0.373441628083589,0.259923132974396,0.890494983343002),
(0.499523051816233,0.311354875623141,0.808415030865889),(0.618809246894372,
0.34346645445868,0.706474281640601),(0.726730664793,0.356478731747854,0.587184344700168),
(0.819035055029854,0.351475814288313,0.453482447954286),(0.0308663294230089,
0.0254887290526396,0.999198475979238),(0.,0.,1.),(-0.709363568542392,-0.643153258639164,
-0.288369924795613),(0.124478508187741,0.0964681702499547,0.987521641852967),
(0.254569114117658,0.177185445049056,0.950683903408551),(0.386127217031778,
0.240674584401021,0.890495096387785),(0.514651289401541,0.28565446057985,
0.80841547453532),(0.63541261170089,0.311685284387121,0.70647228989393),
(0.743852304460631,0.319212328887735,0.58718586344928),(0.835786743575601,
0.30954080660841,0.453480990017781),(0.03218608788329,0.0238446797413541,
0.999197421431221),(0.,0.,1.),(-0.745231933731388,-0.60120434185326,-0.288414119425114),
(0.12920417873791,0.0900034140152411,0.987525020271519),(0.263216557552574,
0.164063882269166,0.950684009734539),(0.397821664146059,0.220808846172944,
0.890495017946666),(0.528458878238707,0.259221744761993,0.808415302337378),
(0.650383065998604,0.279101261943746,0.706473179281184),(0.759066097796257,
0.281127363587286,0.587184864092072),(0.850392785029317,0.266812267714224,
0.453479133993257),(0.0334084576159151,0.0221320309545002,0.999196701438488),
(0.,0.,1.),(-0.778627241631684,-0.557262270312629,-0.288441295023873),(0.133603558777609,
0.0833094121728697,0.987527027946764),(0.271189279704951,0.150522283354069,
0.950683657578581),(0.408493938215942,0.200375918231011,0.890495476593738),
(0.540910123915727,0.232122681803016,0.808415300719901),(0.663683807118771,
0.245802108754229,0.706473727395654),(0.772332902312968,0.242320702102517,
0.587181884374314),(0.862813616791073,0.22339731469309,0.453482416933472),
(0.0345300524950399,0.020354433765259,0.999196363334448),(0.,0.,1.),(-0.809439306529715,
-0.511472106915186,-0.288451543404495),(0.13766576448558,0.0764044786463039,
0.987527464393466),(0.278464691415023,0.136593645928124,0.950683749480971),
(0.418119893262242,0.179429724543628,0.890494654003363),(0.551973225679707,
0.204428961930056,0.808414718852236),(0.675281982878088,0.211870899938671,
0.706473612641983),(0.783614136635247,0.202891087997529,0.587183183748118),
(0.873022510803008,0.179411591020874,0.453478970447993),(0.0355479483022626,
0.018516068994867,0.999196426414985),(0.,0.,1.),(-0.837566394616423,-0.463985103028602,
-0.288444723953799),(0.141378963374662,0.0693058202086395,0.98752655255457),
(0.285025454763571,0.122314234481821,0.950683816092367),(0.426670771039952,
0.158021625736977,0.890494929204886),(0.561617738288801,0.176209082561369,
0.808415657482123),(0.685150271866685,0.177397772892207,0.706469486343107),
(0.792882913030877,0.162941589647825,0.587185426068044),(0.880987979931698,
0.134962889039746,0.453481198946453),(0.0364593261276884,0.0166215465572115,
0.999196898378073),(0.,0.,1.),(-0.862915444332952,-0.414958268089079,-0.288420823929509),
(0.144734519031838,0.0620332286131681,0.987524074414619),(0.290855106918383,
0.107721092041329,0.950683687200385),(0.434126975517622,0.136208420061891,
0.890494826168106),(0.569821801734263,0.147536950807178,0.808415711385447),
(0.693254692624379,0.142466950759993,0.70647087632501),(0.800117673633428,
0.122573797495592,0.587185977784672),(0.886692466389543,0.0901671894507534,
0.453482467130297),(0.0372630452174197,0.014675696799853,0.999197722867983),
(0.,0.,1.),(-0.885402328519889,-0.364554047718846,-0.288380066827379),(0.147722366348377,
0.0546045593158609,0.987520351477557),(0.295937003745031,0.0928505008465522,
0.950684003392798),(0.440466353451032,0.114044329551901,0.890496087792983),
(0.576564280277275,0.118486558843586,0.808414847761812),(0.699579648130367,
0.107171723693184,0.706471894389596),(0.805299491951482,0.0818910027993184,
0.587185313102436),(0.890121675722142,0.0451752773261944,0.453478331045825),
(0.891267643785737,6.12179591414034E-5,0.453477654789056),(0.890122736969936,
-0.045115550597745,0.453482193943061),(0.037957123261529,0.0126831518646759,
0.999198876326673),(0.,0.,1.),(-0.90495252848845,-0.312939493335809,-0.288322379799224),
(0.150334174443162,0.0470405066162989,0.987515481768147),(0.300260400885148,
0.0777430222613835,0.950683813972846),(0.445679992068775,0.0915900492327881,
0.890494585919034),(0.581826280962244,0.0891323316313013,0.808414254104671),
(0.704108517023063,0.0716004659979629,0.70647333249349),(0.80841215673113,
0.0410373415030423,0.587184571878116),(0.809451702017205,7.47310317648933E-5,
0.587186458049505),(0.808413998266699,-0.0409660530327388,0.587187014421614),
(0.886692660686997,-0.0901677773658562,0.453481970323755),(0.0385421911677089,
0.0106489308455753,0.999200230069949),(0.,0.,1.),(-0.921501874879438,-0.260284000873975,
-0.288247347746197),(0.152561770780385,0.039361200242992,0.987509798438367),
(0.303811883005287,0.0624348809513448,0.950684082850541),(0.4497458374253,
0.0688979875475199,0.890495226843197),(0.585592540601945,0.0595483775432148,
0.808415343201334),(0.706829622523105,0.0358883709604482,0.70647286540507),
(0.707739356944123,8.17647313504855E-5,0.706473634289949),(0.706833045310425,
-0.0358103948874098,0.706473397712326),(0.805299240690542,-0.0818908321782573,
0.587185681491288),(0.880988324667375,-0.134962964702932,0.453480506701629),
(0.039018937661317,0.00857740236198874,0.999201656660207),(0.,0.,1.),(-0.934995206220148,
-0.206761894225509,-0.288155311319474),(0.15439727075624,0.0315870527523593,
0.98750379284408),(0.30658421205559,0.0469666959884893,0.95068409599939),
(0.452658894699627,0.0460308728005567,0.890494853325122),(0.587855848828577,
0.0298548639646454,0.808414613979538),(0.58861488621204,8.14641385190612E-5,
0.808413575525041),(0.587860757796656,-0.0297766003497278,0.808413930801761),
(0.704108655271732,-0.0716008397501684,0.706473156827989),(0.800117434367249,
-0.12257398012778,0.587186265691906),(0.873022393479861,-0.179410611068921,
0.45347958401517),(0.0393889495100617,0.00647286080864387,0.999202988751257),
(0.,0.,1.),(-0.945387462937071,-0.152550524078744,-0.28804666726888),(0.155832741784664,
0.0237398004350437,0.987498140992265),(0.308569732126329,0.0313785667847887,
0.950684020041369),(0.454405927845461,0.0230824784748159,0.890495621508812),
(0.454992962909397,7.3981445886185E-5,0.89049502987365),(0.454413113418799,
-0.0230125481301063,0.890493764706746),(0.585592413280392,-0.0595489792948636,
0.808415391103724),(0.699579696698596,-0.107171618843954,0.706471862200801),
(0.792882834398817,-0.162941942388232,0.587185434361623),(0.862812617547114,
-0.223398409174208,0.453483778960099),(0.0396573162213165,0.00433981257415559,
0.999203914772627),(0.156858070552842,0.0158400397025282,0.987494120916505),
(0.309758734057043,0.0157381361544386,0.950684930850259),(0.310159858789578,
5.82561596235755E-5,0.950684415882499),(0.309767334570621,-0.0156839535686344,
0.950683023953552),(0.452659131503858,-0.0460308106154323,0.890494736166508),
(0.581826468829773,-0.0891319464430127,0.808414161363071),(0.6932547146133,
-0.142467097130039,0.706470825230435),(0.783614785916886,-0.202891041125065,
0.587182333456671),(0.850392907416269,-0.266811408129912,0.453479410235831),
(0.0398264980289978,0.00218297925136616,0.999204225699799),(0.,0.,1.),(-0.95264426417417,
-0.0978288185980275,-0.287920871400058),(0.157460381062983,0.00792308848880995,
0.987493520517628),(0.157667057596046,3.3895225797562E-5,0.987492327970258),
(0.157474074485546,-0.00791399962732033,0.987491409823306),(0.308569358501463,
-0.0313786302589695,0.950684139216105),(0.449745763726265,-0.0688983069959966,
0.890495239349074),(0.576564767530592,-0.118486529658694,0.80841450452836),
(0.685150321499632,-0.177396614335901,0.70646972912582),(0.772333589883494,
-0.24232000832871,0.587181266306453),(0.835787128499784,-0.309540864681194,
0.453480240943863),(0.0398926307380118,1.16453280383455E-5,0.999203972108391),
(0.,0.,1.),(-0.956741334350293,-0.0427776860484713,-0.287777846127807),
(0.156863021655516,-0.0158513380847919,0.987493153149946),(0.0398321641844519,
-0.00213075337542394,0.999204112574821),(0.306584244292597,-0.0469667038586943,
0.95068408521453),(0.445679501350753,-0.0915893296939967,0.890494905522737),
(0.569821610722382,-0.147537158479072,0.808415808122078),(0.675281461697103,
-0.21187167820589,0.706473877409805),(0.75906555896565,-0.281127646406542,
0.587185425243239),(0.819034867964611,-0.351476566176926,0.453482203053957),
(0.,0.,1.),(-0.957664780133599,0.0124214608426984,-0.287617586740101),(0.0396575650769973,
-0.00429200808257495,0.999204111380044),(0.,0.,1.),(-0.955388337832982,
0.0675137442782423,-0.28753263861041),(0.15584215946678,-0.0237467141181086,
0.987496488551389),(0.0393865149451732,-0.00642942816283769,0.999203365133431),
(0.,0.,1.),(-0.949894473234944,0.122379205468427,-0.287617488666154),(0.154408903638067,
-0.0315909845138471,0.98750184818801),(0.303812275097197,-0.0624350776806948,
0.950683944628955),(0.0390151122316421,-0.00853810580965986,0.999202142595149),
(0.,0.,1.),(-0.941217583940758,0.176899773989251,-0.287777569736202),(0.152574983492386,
-0.0393618514153064,0.98750773114212),(0.300260522060326,-0.0777428127440017,
0.950683792834774),(0.0385394140648843,-0.0106135343956191,0.999200713796367),
(0.,0.,1.),(-0.929419276919437,0.230827695114647,-0.287920792681965),(0.150347524220844,
-0.0470385311936019,0.987513543473613),(0.295936971976017,-0.0928507812140624,
0.950683985899418),(0.0379561580578944,-0.0126513220298628,0.999199316511166),
(0.,0.,1.),(-0.914539084462774,0.283984793169868,-0.288046698016587),(0.147734555727997,
-0.054600287733384,0.987518764187943),(0.290855074540811,-0.107720838009346,
0.950683725890174),(0.037264276703045,-0.0146468292917751,0.999198100515357),
(0.,0.,1.),(-0.896626301328878,0.336195916671919,-0.288155481256949),(0.144745384830681,
-0.0620266017319475,0.987522898087839),(0.28502533852303,-0.122314277302565,
0.950683845433267),(0.0364645100016947,-0.0165957989551729,0.999197137189342),
(0.,0.,1.),(-0.875740159520425,0.387288796550152,-0.288247395599467),(0.141387699386586,
-0.0692977076495412,0.987525871142973),(0.278464544987237,-0.136593618035323,
0.950683796378728),(0.0355566529343414,-0.0184928897568338,0.999196545961078),
(0.,0.,1.),(-0.851950398353447,0.43709362206826,-0.288322188346044),(0.137672518542064,
-0.0763944927782947,0.98752729537539),(0.271189310854041,-0.150522017833141,
0.950683690733122),(0.0345429100227108,-0.0203337581531344,0.999196339888479),
(0.,0.,1.),(-0.825335717438757,0.485446073937855,-0.288380066610324),(0.133607780839804,
-0.0832983759293221,0.987527387704564),(0.26321643685563,-0.16406409820834,
0.950684005886346),(0.0334254726618377,-0.0221135216591306,0.999196542196361),
(0.129206050912768,-0.0899912773894774,0.987525881383034),(0.254569191604939,
-0.177185382751626,0.950683894270208),(0.0322073828158953,-0.0238280010082531,
0.999197133132447),(0.,0.,1.),(-0.79598396570276,0.532186910383397,-0.28842090555416),
(0.124477896211157,-0.0964554589297891,0.987522960643188),(0.245268113500552,
-0.189851565522136,0.950683930425183),(0.0308918961390927,-0.0254733847032413,
0.999198077172235),(0.,0.,1.),(-0.763992299557774,0.57716153291899,-0.288444676038622),
(0.119435616777507,-0.102673380412541,0.987518764581027),(0.235337360402859,
-0.202030517858083,0.950683962551493),(0.029482763880536,-0.0270465168984617,
0.99919930572315),(0.,0.,1.),(-0.729466646628135,0.620221059800713,-0.288451466345352),
(0.114092243565654,-0.10862789074327,0.987513514495282),(0.224802917912412,
-0.213691100146434,0.950683839042335),(0.0279840585735625,-0.0285452528022272,
0.99920071107271),(0.,0.,1.),(-0.692521125839484,0.661223197673605,-0.288441281934999),
(0.108460942083282,-0.114301202675722,0.987507700784804),(0.213690772963283,
-0.224802796596047,0.950683941272256),(0.0264006064968922,-0.0299686334045091,
0.999202126192925),(0.,0.,1.),(-0.653278462266421,0.700031804048183,-0.288414153709326),
(0.102556263154282,-0.119676005649894,0.987501831167677),(0.202030654915255,
-0.235337546547541,0.950683887346103),(0.0247373273603924,-0.0313166805813726,
0.99920334774881),(0.,0.,1.),(-0.611867016483919,0.736519875671141,-0.288369947949564),
(0.0963928145444539,-0.124734850638378,0.987496654343912),(0.189851580841535,
-0.245267971185548,0.95068396408191),(0.0229999332679544,-0.0325904513611553,
0.999204116059249),(0.,0.,1.),(-0.568424300852462,0.770565949923914,-0.288308742528291),
(0.0899852807368696,-0.129460305105551,0.987493128407831),(0.177185471589174,
-0.254569232985167,0.950683866632366),(0.0211948797279669,-0.033791618205574,
0.999204135105718),(0.,0.,1.),(-0.523094569975523,0.802056893871185,-0.288230480442007),
(0.0833422434880317,-0.133846322368732,0.987491383475698),(0.164045032052764,
-0.263231735779326,0.950683060087541),(0.0193502886552397,-0.034884874396869,
0.999203989116974),(0.,0.,1.),(-0.476026423315425,0.830889267309315,-0.288135158867698),
(0.0764890289186051,-0.137871690499241,0.987492190052139),(0.150474489047976,
-0.271214376777598,0.950684064226854),(0.0694890381109835,-0.141520615037666,
0.987493386864829),(0.0174208966864061,-0.0358808442416046,0.999204222056308),
(0.,0.,1.),(-0.427375533131011,0.856967300528378,-0.288022914897562),(0.13656820524743,
-0.278473680037961,0.950684771541867),(0.12231387855158,-0.285025261394044,
0.95068391986029),(0.0622735292867521,-0.144836202401514,0.987494041513203),
(0.179429597706893,-0.418120352289675,0.890494464029901),(0.200345128780135,
-0.408509607686058,0.89049521604681),(0.158021961120344,-0.426671444549216,
0.890494546984969),(0.10772041756195,-0.290853845847296,0.950684149439821),
(0.204428537495575,-0.551972886872919,0.808415057513525),(0.232122775071722,
-0.540910004213872,0.808415354031795),(0.17620931933656,-0.561619149500127,
0.808414625482308),(0.136208074960029,-0.434127146041359,0.890494795821776),
(0.211871537914205,-0.675282616843867,0.706472815337129),(0.245800970549588,
-0.663683273683666,0.706474624533262),(0.177396631835887,-0.685146354137864,
0.706473572347102),(0.147537013480055,-0.56982202567237,0.808415542101971),
(0.202891774833766,-0.783613018420223,0.587184438713384),(0.242319829723162,
-0.772330500059348,0.587185404111014),(0.162941544707316,-0.792882994003093,
0.587185329201168),(0.142467410636226,-0.693252753774376,0.706472686160515),
(0.179410508909123,-0.873021371891439,0.45348159115201),(0.223398289434143,
-0.862814053394602,0.453481106048174),(0.134962514273095,-0.880988049095792,
0.453481176115916),(0.122573839320686,-0.800118942387961,0.587184240205881),
(0.090167727509094,-0.886692520432949,0.453482254475421),(0.0154525211593076,
-0.036779370489158,0.9992039318859),(0.,0.,1.),(-0.377303846237458,0.880204007362844,
-0.287893579360171),(0.0548690753203191,-0.147772574045205,0.987498177686191),
(0.0928510992039852,-0.295937447265213,0.950683806889946),(0.114045274776992,
-0.440469074780268,0.890494620681818),(0.118487073303477,-0.576563376803248,
0.808415416719159),(0.107171294552643,-0.699578535749622,0.706473061016713),
(0.0818909164243641,-0.805299401028821,0.587185449845106),(0.0451407985103096,
-0.890122427186354,0.453480289461102),(0.0134574319308865,-0.0375803827291338,
0.999202988566266),(0.,0.,1.),(-0.325975270973877,0.900523045463726,-0.28774705437631),
(0.0473113990798411,-0.150326577105956,0.987503697072935),(0.0777424585047922,
-0.300260194905468,0.950683925130199),(0.0915892181366488,-0.44567858458478,
0.89049537582383),(0.0891320223949537,-0.58182465680417,0.808415457124921),
(0.071600668528959,-0.704108377346305,0.706473451176306),(0.0409977704430837,
-0.808413751060849,0.587185141087906),(0.,-0.891267562452501,0.453477818773786),
(0.0114373344861024,-0.0382775830560309,0.999201688356881),(0.039623595967517,
-0.152495031081773,0.987509613187625),(0.0624351954668396,-0.303812525918795,
0.950683856737801),(0.0688986789277464,-0.449746583388089,0.890494796600605),
(0.0595486367742635,-0.585592362169086,0.808415453357713),(0.035846193332957,
-0.706830263626385,0.706474365313697),(0.,-0.809454367496324,0.587182788355438),
(-0.0451408388820546,-0.890122629530851,0.4534798882664),(0.00939476768235497,
-0.0388665495572573,0.999200245028847),(0.,0.,1.),(-0.273559847765503,0.91785660018726,
-0.2875835029747),(0.0318281645403021,-0.154274247792754,0.987515278064079),
(0.046967066374842,-0.306584811546122,0.950683884372387),(0.0460307076360233,
-0.452658990801015,0.890494813012144),(0.0298129076458836,-0.587857176913282,
0.808415196597172),(0.,-0.707739628100099,0.706473367379613),(-0.0409981663069452,
-0.808413314237883,0.58718571484871),(-0.0901682601869903,-0.886692442496835,
0.453482300948833),(0.00733211044164755,-0.0393422199950779,0.999198894055798),
(0.,0.,1.),(-0.220315943878975,0.93208686493424,-0.28753253918431),(0.023947057352327,
-0.155661315959874,0.987520173544725),(0.0313785181612151,-0.308570289195941,
0.950683840834344),(0.0230453783080102,-0.454409869582336,0.890494570991202),
(0.,-0.588613494006271,0.80841459330822),(-0.0358465836247666,-0.706830531213855,
0.706474077787977),(-0.0818911292547286,-0.805299256010023,0.587185619049963),
(-0.134962338055396,-0.880988154562756,0.453481023667728),(0.00525301964729316,
-0.0397023652409366,0.999197742180626),(0.,0.,1.),(-0.166277780068134,0.943190632179931,
-0.287651058095804),(0.0160020370958872,-0.156653533104015,0.987523977113878),
(0.0157096908450418,-0.309764082004229,0.950683658802249),(0.,-0.454993248522209,
0.890494887014629),(-0.0298130089675252,-0.587857002944548,0.80841531936583),
(-0.0716005216053938,-0.70410855879985,0.706473285220774),(-0.122573425800243,
-0.800119055452434,0.587184172461671),(-0.179410716528607,-0.873021459959342,
0.453481339467405),(0.00316170815888219,-0.0399444017883782,0.999196901700204),
(0.,0.,1.),(-0.11165027608573,0.951157722529096,-0.287807579335991),(0.0080145248984876,
-0.15724874323889,0.987526506044492),(0.,-0.310161460679396,0.950683895050933),
(-0.0230451857601783,-0.454409872708769,0.890494574378799),(-0.0595487048391867,
-0.585592297801281,0.808415494970124),(-0.107171356052746,-0.699578382009355,
0.706473203927076),(-0.162942035530585,-0.792883017912108,0.587185160714861),
(-0.223398228507519,-0.86281409240729,0.453481061835097),(0.00106283041960401,
-0.0400668155644115,0.999196437484655),(0.,0.,1.),(-0.0566572594953048,
0.955968827257838,-0.287947141430081),(5.98024765285286E-6,-0.157446688843721,
0.987527488294065),(-0.0157094623490915,-0.309764080316079,0.950683663128086),
(-0.046030779099836,-0.452659115675152,0.890494745841687),(-0.0891320355491073,
-0.581824902916787,0.808415278544848),(-0.14246719764192,-0.693252729729829,
0.706472752707561),(-0.2028914177511,-0.783613163641634,0.587184368295425),
(-0.266812092007848,-0.850392043702959,0.453480627552158),(-0.00103845832169535,
-0.0400693346527821,0.999196362095458),(0.,0.,1.),(-0.00148142890032537,
0.957608269890812,-0.288069795023947),(-0.00800294121575267,-0.157246175117596,
0.987527008918128),(-0.0313785680144382,-0.308570154093414,0.950683883040062),
(-0.0688985190080599,-0.449746452693318,0.890494874981475),(-0.11848704210382,
-0.576563263750743,0.808415501921245),(-0.177396995594422,-0.685146326277247,
0.706473508026214),(-0.242320232287946,-0.772330388472471,0.587185384751594),
(-0.309541084193236,-0.835786902432605,0.453480507760352),(-0.00313704939251603,
-0.039951540828174,0.999196694003019),(0.,0.,1.),(0.053695530258154,0.956071021009413,
-0.288175281411008),(-0.0159907886447751,-0.156648303205601,0.987524988940191),
(-0.0469671326868322,-0.306584839090258,0.95068387221367),(-0.0915896598146749,
-0.445678552951225,0.890495346228342),(-0.147537308185646,-0.569822081466448,
0.808415448990541),(-0.211870880010512,-0.675282518988414,0.706473106177605),
(-0.281126851688932,-0.759067188658393,0.587183698991818),(-0.351476005699629,
-0.819035986500712,0.453480617264111),(-0.00522764583574059,-0.0397138919631792,
0.999197417182487),(0.,0.,1.),(0.108690625275932,0.951362372625923,-0.288263740225338),
(-0.0239366721712173,-0.155653650183108,0.987521633641533),(-0.062435109046502,
-0.303812546885968,0.95068385571283),(-0.114045006211595,-0.440469307595262,
0.890494539918549),(-0.176208965265935,-0.561619345581554,0.808414566437577),
(-0.245801306129644,-0.663683201538549,0.70647457555138),(-0.319212506179235,
-0.743852517445578,0.587185497256743),(-0.392508465784206,-0.800183213383144,
0.453479800330239),(-0.00730561046966477,-0.039358067154165,0.999198464072856),
(0.,0.,1.),(0.163321985636719,0.943498106707225,-0.288335311135425),(-0.0318192456410799,
-0.154264581584529,0.987517075536106),(-0.0777425454479575,-0.300260253709444,
0.950683899447978),(-0.136208305334329,-0.434127453138659,0.890494610870437),
(-0.204428543888701,-0.551972716641181,0.808415172128344),(-0.27910065197685,
-0.650381742548212,0.706474638629051),(-0.356478474107206,-0.726731207561858,
0.587183829353195),(-0.432533371064863,-0.779275084947029,0.453481228824376),
(-0.00936637024034209,-0.0388857631882158,0.999199764076129),(0.,0.,1.),
(0.217409405124305,0.932504407881712,-0.288389805375766),(-0.0396166956094766,
-0.152483619962697,0.987511652119638),(-0.0928508772533707,-0.295937315145897,
0.95068386969461),(-0.158021915879644,-0.426671553249073,0.890494502930675),
(-0.232122817864892,-0.540910330705822,0.808415123288884),(-0.311683829514105,
-0.635410896099613,0.70647447479531),(-0.39282939715414,-0.707742456146167,
0.587184537006643),(-0.471448159282478,-0.756368108366198,0.453479787593342),
(-0.0114063025355489,-0.0382997565008734,0.999201193411237),(0.,0.,1.),
(0.270774048238521,0.918417785530022,-0.288427089613049),(-0.0473075189838408,
-0.150314373046552,0.987505740693803),(-0.107720664007926,-0.29085359663095,
0.95068419776103),(-0.179429554157455,-0.418119960145575,0.890494656931034),
(-0.259221073347236,-0.528458530367767,0.808415745031136),(-0.343467312120502,
-0.618810029422812,0.706473179243527),(-0.428172117433527,-0.68693841346231,
0.587183322278804),(-0.50915215047864,-0.731518528739501,0.453480682911381),
(-0.0134226321496023,-0.0376041205489425,0.999202563579536),(0.,0.,1.),
(0.323239267931663,0.90128490912471,-0.288447375184912),(-0.0548691390523345,
-0.147760452649812,0.987499987955635),(-0.122313785554642,-0.285025302656539,
0.950683919454222),(-0.200376633840404,-0.40849614640514,0.890494302611162),
(-0.285654491536659,-0.514651346945306,0.808415426963337),(-0.374368983028726,
-0.60061860908093,0.706473744007325),(-0.462415133537487,-0.664369354940641,
0.587184472283851),(-0.545549258671766,-0.70479194773412,0.453480227542317),
(-0.0154127551880187,-0.0368031913865921,0.999203668969083),(-0.0622786896857172,
-0.144825610660525,0.987495269511625),(-0.136593284128873,-0.278464650947868,
0.95068381331722),(-0.220809147819759,-0.397821793463947,0.890494885377923),
(-0.311354934614031,-0.499522503225824,0.808415347122072),(-0.404309422770488,
-0.580887131136266,0.706472951739324),(-0.495470984587336,-0.640096412634548,
0.587184030747123),(-0.580546320741041,-0.676255877486526,0.45347983156803),
(-0.0173751070906657,-0.0359031161387242,0.999204219319113),(0.,0.,1.),
(0.374631831578478,0.881162379311443,-0.288450779257661),(-0.0695142271450757,
-0.141513835142071,0.987492585636877),(-0.150522055002918,-0.271188636891054,
0.950683877100517),(-0.240675040444154,-0.3861272643355,0.890494952621287),
(-0.336255943244262,-0.483111785117372,0.808415081324945),(-0.433211271944949,
-0.559662920779344,0.706473926599257),(-0.527255531552926,-0.614179232837725,
0.587184361506423),(-0.614053018253086,-0.645983141917603,0.453480618254559),
(-0.0193077976891315,-0.0349104434696237,0.999203918069355),(0.,0.,1.),
(0.424782028386454,0.858116672351551,-0.288437176855189),(-0.0765539321681299,
-0.137830299494921,0.987492938714367),(-0.164064299759525,-0.263216741013387,
0.950683886891278),(-0.259923369869009,-0.373441978901628,0.890494767076132),
(-0.360293226809934,-0.465460645697592,0.80841522624309),(-0.461001994352455,
-0.537003169341259,0.7064734654044),(-0.557686458789042,-0.586685678878526,
0.587184577353818),(-0.645983590465903,-0.614053056666044,0.4534799272822),
(-0.0211523230012341,-0.0338247018866134,0.999203917513304),(0.,0.,1.),
(0.473523993243792,0.832223919418477,-0.288406615337101),(-0.0833606597493067,
-0.133823972002609,0.987492858163341),(-0.177185394159926,-0.254569065516884,
0.950683925907161),(-0.27850420199874,-0.359797726281357,0.890494809435636),
(-0.383405860663238,-0.446614381572868,0.808415450236675),(-0.487609082992248,
-0.512964469472773,0.706473520552593),(-0.586686059012386,-0.557686751723228,
0.587183919324184),(-0.676255426238303,-0.580546642018374,0.453480093195324),
(-0.0899973632839456,-0.129456529989753,0.987492522222295),(-0.0229581618262018,
-0.0326167039681126,0.999204220081069),(0.,0.,1.),(0.520695995254102,0.803570015187717,
-0.288358997115664),(-0.189851620168051,-0.24526801509716,0.9506839448996),
(-0.296369982740273,-0.34522973468883,0.890494954290708),(-0.40553465151578,
-0.426622301812245,0.808415152020542),(-0.512964522955939,-0.487609114149132,
0.706473460214384),(-0.614179370708223,-0.527255535729116,0.58718421354755),
(-0.704791200266387,-0.545549300524714,0.45348133889286),(-0.0964041493437569,
-0.12473753511936,0.987495208758834),(-0.0246975242857961,-0.0313375559623442,
0.999203677875767),(0.,0.,1.),(0.566142787284427,0.772249109070257,-0.288294394579592),
(-0.102566162654727,-0.119683246010598,0.987499925520327),(-0.202030816632052,
-0.235337896165448,0.95068376643309),(-0.0263636694440408,-0.0299858944007586,
0.999202583598758),(0.,0.,1.),(0.609713795426378,0.738364751713306,-0.288212735829125),
(-0.108468825977137,-0.114311489264446,0.987505644142496),(-0.213690904757184,
-0.224802659350732,0.950683944101769),(-0.0279506104653234,-0.0285606397412618,
0.999201207581429),(0.,0.,1.),(0.651263705269551,0.702029784562968,-0.288114157557465),
(-0.114097664154077,-0.108639912564113,0.987511565720952),(-0.224802854532872,
-0.2136912800471,0.950683813591935),(-0.0294530556024557,-0.0270612909547433,
0.999199781849226),(0.,0.,1.),(0.690657675883189,0.663361827121036,-0.287998369895167),
(-0.119438659015389,-0.102686032471763,0.987517081101797),(-0.23533770296721,
-0.202030777867178,0.95068382249647),(-0.0308662555371323,-0.0254886691504935,
0.999198479789703),(0.,0.,1.),(0.727762962892874,0.62249055504034,-0.287865556687414),
(-0.124478605824527,-0.0964683120522637,0.987521615693434),(-0.245268252924872,
-0.189851719047278,0.950683863795938),(-0.0321859640818971,-0.0238446146317673,
0.999197426972859),(0.,0.,1.),(0.762456537474922,0.579551273263247,-0.287715745347213),
(-0.129204327844675,-0.0900034869680161,0.987524994113974),(-0.254569367318033,
-0.177185621568369,0.950683802708728),(-0.0334083846130872,-0.0221319317977647,
0.999196706075657),(0.,0.,1.),(0.794625296937979,0.534683452045073,-0.287548680357594),
(-0.133603568317884,-0.0833092822900809,0.987527037613168),(-0.263216348415551,
-0.164063872079288,0.950684069396944),(-0.0345300524950398,-0.0203544337652589,
0.999196363334448),(0.,0.,1.),(0.824054657846498,0.488118309688721,-0.287531627178851),
(-0.137665768699852,-0.0764044705525746,0.987527464432185),(-0.271187864852607,
-0.150521199269487,0.950684232817164),(-0.0355479804544765,-0.0185160726405133,
0.999196425203563),(-0.141378865953657,-0.0693057384821663,0.987526572237476),
(-0.278464581806965,-0.13659357397511,0.950683791924412),(-0.0364593414896247,
-0.0166215655964403,0.999196897500821),(0.,0.,1.),(0.850763789589092,0.439817162177588,
-0.287683573006978),(-0.144734530694513,-0.0620332559567518,0.987524070987661),
(-0.285025433689196,-0.12231423075884,0.950683822889692),(-0.0372630452174197,
-0.014675696799853,0.999197722867983),(0.,0.,1.),(0.874650456134575,0.390046798773448,
-0.287836888445809),(-0.147722415093753,-0.0546045887788504,0.987520342556629),
(-0.290855083210584,-0.107721053104842,0.950683698865479),(-0.0379571249727884,
-0.0126831492583951,0.999198876294749),(0.,0.,1.),(0.895633260141233,0.338987538610976,
-0.287973109847531),(-0.150334166418677,-0.0470404974340152,0.987515483427152),
(-0.295937075215407,-0.0928505585570634,0.950683975508472),(-0.0385421582350128,
-0.0106489217838132,0.999200231436837),(0.,0.,1.),(0.913642941788467,0.286809071637248,
-0.288092227154248),(-0.152561933355015,-0.0393610520873802,0.987509779227302),
(-0.300260347403329,-0.0777426979481886,0.950683857385287),(-0.0390189375380524,
-0.00857740357694868,0.999201656654591),(0.,0.,1.),(0.928620760325867,0.233682346240861,
-0.288194456135393),(-0.154398459222266,-0.0315874884850045,0.98750359308764),
(-0.303810942524704,-0.0624345640969174,0.950684404210082),(-0.0393889496401852,
-0.00647286058807971,0.999202988747557),(0.,0.,1.),(0.940517202891566,0.179783753030038,
-0.288279713492746),(-0.155832741460537,-0.0237398000602119,0.987498141052425),
(-0.306584366873458,-0.046967166499705,0.950684022827664),(-0.039657314504597,
-0.00433981217390447,0.9992039148425),(0.,0.,1.),(0.949293319882975,0.1252911076468,
-0.288347587418721),(-0.156858069268611,-0.0158400397868041,0.987494121119147),
(-0.308569732126329,-0.0313785667847887,0.950684020041369),(-0.0398264976575539,
-0.00218297968640851,0.999204225713653),(0.,0.,1.),(0.954920050815561,0.0703855896691315,
-0.288398275510336),(-0.157468258460045,-0.00791058150463893,0.987492364668112),
(-0.309763407044155,-0.0157096413682656,0.950683879543814),(-0.0398926179629303,
-2.05684075051091E-5,0.999203972474592),(0.,0.,1.),(0.957378804330393,0.0152480327984941,
-0.288432526797314),(-0.157668334130863,1.5427361077575E-5,0.98749212461386),
(-0.310161392173885,0.,0.950683917400919),(-0.157466986216157,0.00792560210500079,
0.987492447101887),(-0.0398321641255896,0.00213075250244005,0.999204112579029),
(0.,0.,1.),(0.956661698061773,-0.0399393693538628,-0.288449722199867),(-0.309763480670544,
0.0157095296305597,0.950683857400375),(-0.308569358643372,0.0313786304927319,
0.950684139162329),(-0.156863031331077,0.0158513362836348,0.987493151641898),
(-0.452659131503858,0.0460308106154323,0.890494736166508),(-0.454409877657463,
0.0230451941474876,0.890494571636478),(-0.449745763726265,0.0688983069959967,
0.890495239349074),(-0.306584065393427,0.0469669837012576,0.950684129082233),
(-0.581826468829773,0.0891319464430127,0.808414161363071),(-0.585592413280392,
0.0595489792948636,0.808415391103724),(-0.576564422196207,0.118487046738296,
0.808414675035523),(-0.44567786434948,0.0915896845861327,0.890495688314267),
(-0.693251546191546,0.142466461785912,0.706474062488662),(-0.699579476304152,
0.107170983132037,0.706472176882091),(-0.685145094457167,0.177396300466566,
0.706474877205167),(-0.569820889247534,0.147537170835392,0.808416314406778),
(-0.783614713933153,0.202891821213514,0.587182159974335),(-0.792886484765136,
0.162940992457568,0.587180768804402),(-0.77233304417604,0.242320844809371,
0.587181638885825),(-0.675281250124624,0.211871161658385,0.706474234553286),
(-0.850393014891365,0.266812061892603,0.45347882403988),(-0.862815284231168,
0.22339806280413,0.453478875839272),(-0.835787128022302,0.309540892474188,
0.453480222852678),(-0.759065534023256,0.28112767935582,0.58718544171156),
(-0.81903486796461,0.351476566176926,0.453482203053957),(-0.0396575790054791,
0.00429201066186052,0.999204110816155),(0.,0.,1.),(0.952771264672226,-0.0949937312660466,
-0.288449489919884),(-0.155842273137573,0.0237469287021543,0.98749646545217),
(-0.303811275731127,0.0624350289033089,0.950684267201508),(-0.440468471461913,
0.114045061298584,0.890494946443498),(-0.561617924300078,0.176208629460358,
0.808415627019032),(-0.663683805193713,0.245802155957539,0.706473712780751),
(-0.743851959593571,0.319212694191868,0.58718610173911),(-0.800183358080927,
0.392508700009276,0.453479342271904),(-0.039386513835193,0.00642942997930844,
0.999203365165496),(0.,0.,1.),(0.945720226018825,-0.149732967118499,-0.288432475038428),
(-0.154410170589173,0.031591045580744,0.987501648129125),(-0.300260841743942,
0.077742432803749,0.9506837229368),(-0.434127352903849,0.136208011473515,
0.890494704684496),(-0.551973385318008,0.204428597542459,0.808414701998548),
(-0.650383210197072,0.279101388220535,0.706472996643978),(-0.726731176561776,
0.35647818341552,0.587184044199012),(-0.779276350314263,0.432533411034369,
0.453479016250869),(-0.0390151122316421,0.00853810580965982,0.999202142595149),
(0.,0.,1.),(0.935531676829186,-0.203977098710314,-0.288398725466834),(-0.152574983492386,
0.0393618514153067,0.98750773114212),(-0.29593690708155,0.0928507562923011,
0.950684008534357),(-0.42667074370082,0.158021786178278,0.89049491383321),
(-0.540910104351107,0.232122836636673,0.808415269352712),(-0.635412701181524,
0.31168470591429,0.706472464627123),(-0.707741395451384,0.39282885392405,
0.587186178898349),(-0.756368518569146,0.471447858304222,0.453479416311124),
(-0.0385394140648844,0.0106135343956192,0.999200713796366),(-0.150347521019886,
0.0470385219071694,0.987513544403298),(-0.290855113386595,0.107720855951655,
0.950683711972554),(-0.418120027412347,0.179429370995794,0.890494662252813),
(-0.528459001107796,0.259221729914969,0.808415226778938),(-0.618809014935671,
0.343467263846186,0.706474091315711),(-0.686938383106782,0.428171446728646,
0.587183846866497),(-0.731519196877741,0.509151732803017,0.453480074074958),
(-0.0379561580578944,0.0126513220298628,0.999199316511166),(0.,0.,1.),(0.922239585397579,
-0.257545832408946,-0.288347518342857),(-0.147734501894349,0.0546002744776391,
0.987518772974466),(-0.285025320609391,0.122314292254782,0.950683848880229),
(-0.408493984772961,0.20037600876629,0.890495434864884),(-0.51465288334458,
0.285655174222084,0.808414207634465),(-0.600620572948652,0.374368874190181,
0.70647213206779),(-0.664368830798094,0.462414642644285,0.58718545190777),
(-0.704790670840038,0.545549520474058,0.453481897110981),(-0.037264276703045,
0.0146468292917751,0.999198100515357),(0.,0.,1.),(0.90588762355219,-0.310262285209503,
-0.288279253279772),(-0.144745388879844,0.0620265937176366,0.987522897997717),
(-0.278464618731146,0.136593315218527,0.950683818286884),(-0.397822788045249,
0.220808961037115,0.890494487370705),(-0.499523159378335,0.311355023161998,
0.808414907579318),(-0.58088677148221,0.404309518618939,0.706473192606128),
(-0.64009571361592,0.495471147097348,0.587184655627652),(-0.676255551065931,
0.580546461178819,0.453480138556545),(-0.0364644961377824,0.0165957775791902,
0.999197138050325),(0.,0.,1.),(0.886529484141714,-0.361952387741517,-0.288194279533168),
(-0.141387844623046,0.069297752321334,0.987525847214168),(-0.271187626730566,
0.150521440658492,0.950684262523755),(-0.386126793080558,0.240674970502458,
0.890495175865072),(-0.483111394225515,0.336255830599528,0.808415361777163),
(-0.559663674305052,0.433211810094079,0.706472999666923),(-0.614179852840753,
0.527255705160361,0.587183557110007),(-0.645983729991742,0.614052980391023,
0.453479831810476),(-0.0355566715947061,0.0184929129937189,0.999196544866981),
(0.,0.,1.),(0.864229307256484,-0.412444638595743,-0.288092215397439),(-0.137672505647156,
0.0763945351926617,0.987527293891936),(-0.26321649029009,0.164063977866244,
0.95068401185992),(-0.373442208668725,0.259923411057166,0.890494658697643),
(-0.465460932268551,0.360293550435906,0.808414917011049),(-0.537003000233735,
0.461001782597411,0.70647373212454),(-0.586686440526533,0.557686899126353,
0.587183398134808),(-0.614052834753434,0.645983313395092,0.453480622459626),
(-0.0345429090042702,0.0203337571581836,0.999196339943934),(0.,0.,1.),(0.839059904223604,
-0.461573418808218,-0.287973012926508),(-0.133607825947356,0.0832983024296024,
0.987527387801456),(-0.254569444280834,0.177185451174387,0.950683813857518),
(-0.359797802320919,0.278504335391621,0.890494736993492),(-0.44661455774452,
0.383405948728721,0.808415311142792),(-0.512964549971492,0.487609192444553,
0.706473386558981),(-0.557686333663865,0.586685903738347,0.587184471524304),
(-0.580546442934909,0.676255740778628,0.453479879001895),(-0.033425457032229,
0.0221134700775578,0.999196543860774),(0.,0.,1.),(0.811105507116491,-0.50917355635132,
-0.287837012626675),(-0.129206227958688,0.0899913581278406,0.987525850861128),
(-0.245267968048713,0.189851657843644,0.950683949513862),(-0.345230171655084,
0.296370431939606,0.890494635385824),(-0.426621566266456,0.405534200947229,
0.808415766210957),(-0.487608836758459,0.51296451560145,0.706473657009822),
(-0.527255545660719,0.614179253535772,0.587184327188881),(-0.545549574257245,
0.704791732513639,0.453480182376432),(-0.0322071738458416,0.0238278763413119,
0.999197142841155),(0.,0.,1.),(0.780457760417099,-0.555088933416955,-0.287683785088337),
(-0.124477961634469,0.0964555435719111,0.987522944129186),(-0.235337593038334,
0.202030680031271,0.950683870500087),(-0.329776037713168,0.313475505771045,
0.890494734533445),(-0.405534865728558,0.426622249060498,0.808415072400981),
(-0.461002131126077,0.537003121248625,0.706473412710237),(-0.495471251671221,
0.640096073654783,0.587184174905187),(-0.0308918224080056,0.0254733283317456,
0.999198080888877),(0.,0.,1.),(0.747220840255494,-0.599154895209307,-0.287531611191879),
(-0.11943566667628,0.102673504938434,0.987518745598913),(-0.224802558863742,
0.213690913100708,0.950683965987909),(-0.313475198999479,0.329775838805821,
0.890494916185463),(-0.383405684589098,0.446614422701341,0.808415511021351),
(-0.433211126835766,0.559663026475104,0.706473931849161),(-0.0294827235336518,
0.0270465469293114,0.999199306100759),(0.,0.,1.),(0.711535432035079,-0.641118648444431,
-0.287548617759569),(-0.114091840042497,0.108627646497531,0.98751358798354),
(-0.213690839503688,0.22480269716369,0.950683949827775),(-0.296369958379199,
0.345229811680371,0.890494932550123),(-0.360293183375216,0.465460576339915,
0.80841528553502),(-0.0279841187572385,0.028545260948346,0.999200709154458),
(0.,0.,1.),(0.673377166640578,-0.681016078160846,-0.28771564561825),(-0.108461066195328,
0.114301116476256,0.987507697130536),(-0.202030937668075,0.235337776611684,
0.950683770306629),(-0.278504338178798,0.359797802223693,0.890494736161079),
(-0.0264005759326549,0.0299685776940229,0.999202128671382),(0.,0.,1.),(0.632988788145789,
-0.718650538007546,-0.287865590689806),(-0.102556251861685,0.119675976699757,
0.987501835848948),(-0.189851493211065,0.245268021249645,0.950683968665619),
(-0.0247373075080888,0.0313166772686872,0.999203348344119),(0.,0.,1.),(0.590504529539836,
-0.753897413125369,-0.287998422002298),(-0.0963927562329104,0.124734871161965,
0.987496657443472),(-0.0229999715919503,0.0325904831644461,0.999204114139787),
(0.,0.,1.),(0.546065297398593,-0.786640292991902,-0.288114110065093),(-0.891265386543156,
0.,0.453482095291523),(-0.890122192713763,-0.0451420110984048,0.453480628993603),
(-0.890122457102544,0.0451413820084777,0.453480172655976),(-0.886692613712402,
0.0901677605110431,0.453482065524418),(-0.880987827951797,0.134963155669335,
0.453481414848006),(-0.873021893665304,0.179410745896518,0.453480492896775),
(-0.809454488034162,0.,0.587182622189503),(-0.808415933536493,-0.0409987297346521,
0.587182069348568),(-0.808415848973574,0.0409980286898411,0.587182234720945),
(-0.805299443750342,0.0818914353323663,0.587185318885439),(-0.800117981561387,
0.122573864185298,0.587185544270988),(-0.886692517173876,-0.09016723976211,
0.453482357828327),(-0.880988390314333,-0.134963315162802,0.453480274864989),
(-0.873022428945958,-0.179410842684469,0.453479424102735),(-0.862815030472069,
-0.223398115569393,0.45347933266195),(-0.850392715531433,-0.266812228694971,
0.453479287277708),(-0.835786743575603,-0.309540806608412,0.453480990017777),
(-0.819035006488087,-0.351475867143329,0.453482494659832),(-0.800182953179379,
-0.3925089552889,0.453479835780098),(-0.779276196987987,-0.432533490261893,
0.453479204164652),(-0.756368256727292,-0.471447650311864,0.453480069276192),
(-0.731519108001247,-0.509151884462753,0.45348004716535),(-0.707740059618471,
0.,0.70647293508756),(-0.706832179464183,-0.0358470534862645,0.706472404861128),
(-0.706832148962278,0.0358467388754612,0.706472451342133),(-0.704108239476204,
0.0716016800864257,0.706473486063364),(-0.805299490889261,-0.0818909959428955,
0.58718531551545),(-0.800117556282365,-0.122572812334084,0.587186343340212),
(-0.792885741051436,-0.162941905402955,0.587181519720238),(-0.783614987854928,
-0.202891599361571,0.587181871073712),(-0.772332884403028,-0.2423215504629,
0.587181557825989),(-0.759066100090958,-0.281127326627747,0.587184878820835),
(-0.743852292525753,-0.319212434906559,0.58718582093338),(-0.726730646232612,
-0.356478658792889,0.587184411962336),(-0.707741910012801,-0.392828220227607,
0.587185982636032),(-0.686938104398599,-0.428172130582728,0.587183674260028),
(-0.664369154754906,-0.462414171757863,0.58718545619569),(-0.640095503264737,
-0.495470975631401,0.587185029617693),(-0.58861187865363,0.,0.808415769457656),
(-0.58785557277809,-0.0298128350039703,0.80841636575639),(-0.587855530399183,
0.0298132088157033,0.808416382787488),(-0.704108721422526,-0.0716012543124866,
0.706473048882697),(-0.699579649737167,-0.107171721524903,0.706471893127399),
(-0.693251570116793,-0.142466241704915,0.706474083392362),(-0.68514483050642,
-0.17739585308462,0.706475245524363),(-0.675281597852389,-0.211871440735382,
0.706473818483486),(-0.663683733052713,-0.245802038373346,0.706473821463133),
(-0.650383065998606,-0.279101261943747,0.706473179281182),(-0.635412872512804,
-0.311685501796116,0.706471959397633),(-0.618809313146816,-0.34346641120786,
0.706474244636532),(-0.60062037195077,-0.374369614613655,0.706471910589333),
(-0.580887017556948,-0.40430924581649,0.70647314639772),(-0.559663521918823,
-0.433212173080852,0.706472897801455),(-0.537002983425745,-0.461001530681433,
0.706473909285562),(-0.454993246599815,0.,0.890494887996864),(-0.454409842193507,
-0.0230453797130023,0.890494584931068),(-0.585592175136967,-0.0595488641454058,
0.808415572089842),(-0.581826280962244,-0.0891323316313013,0.808414254104671),
(-0.576564443151772,-0.118487390601114,0.80841460969086),(-0.569821064882281,
-0.147536636289545,0.808416288163957),(-0.561617606705377,-0.176208384763404,
0.80841590099255),(-0.551973201249973,-0.204428927983908,0.808414744116661),
(-0.540910124519762,-0.232122650388071,0.808415309336008),(-0.528459240236171,
-0.259221523729133,0.808415136575606),(-0.514652850892341,-0.285655752811598,
0.808414023847944),(-0.499523141898006,-0.311354832460401,0.808414991827774),
(-0.483111520343468,-0.336255775652239,0.808415309263706),(-0.465460585617077,
-0.360293456585162,0.808415158429705),(-0.446614883085336,-0.383406406192808,
0.80841491444492),(-0.426622107797592,-0.405534299728804,0.80841543087809),
(-0.452658894699627,-0.0460308728005568,0.890494853325122),(-0.449745588511353,
-0.0688982465073323,0.890495332521621),(-0.445678294963061,-0.0915893963148295,
0.890495502448779),(-0.440468825829291,-0.114045444427875,0.890494722094305),
(-0.434127345262186,-0.136208068827401,0.890494699637183),(-0.426670797061557,
-0.158021629648415,0.890494916042823),(-0.418119913104942,-0.179429711569422,
0.890494647300718),(-0.408493950579697,-0.20037531806873,0.890495605968186),
(-0.397822318771527,-0.220809282636105,0.890494617271196),(-0.386127239673976,
-0.240674857366551,0.890495012795325),(-0.373442026532464,-0.259923614720998,
0.890494675632424),(-0.359797808428783,-0.278504118242207,0.890494802439619),
(-0.345230397757885,-0.296370697361262,0.890494459392944),(-0.329776034322601,
-0.313475522359151,0.890494729949659),(-0.313475287319823,-0.32977587515645,
0.890494871632932),(-0.351476233331245,0.819035906194459,0.453480585877171),
(-0.309541495248788,0.835786857139154,0.45348031065593),(-0.266812137850403,
0.850392074240908,0.45348054331354),(-0.223398508734771,0.862815283912648,
0.453478656765473),(-0.179410313194886,0.873022574585994,0.453479353204263),
(-0.134962815828444,0.880989272360524,0.453478709896432),(-0.0901678451002338,
0.886693678071227,0.453479967560309),(-0.0451421554410081,0.890122426458026,
0.453480155815682),(0.,0.891266545162956,0.453479818154334),(0.0451421990353623,
0.890122460303212,0.453480085042341),(0.0901680460455115,0.886693503750698,
0.45348026845569),(0.134962424574532,0.88098921585064,0.453478936123651),
(0.179410455234764,0.873022685700559,0.453479083094951),(0.223398144788491,
0.862815254654889,0.45347889172472),(0.266812578068486,0.850391704345668,
0.453480977952237),(0.309541301700758,0.835787086421023,0.453480020191912),
(0.351476377073051,0.819035726003004,0.453480799913662),(0.392508650388125,
0.800183097659711,0.45347984474528),(0.432533019197138,0.779276351649744,
0.453479387694383),(0.471447427447724,0.75636767262273,0.453481275207917),
(0.509152064408192,0.731518439097994,0.453480924150631),(0.545549527436921,
0.70479173520652,0.453480234517377),(0.580546320741054,0.676255877486536,
0.453479831567998),(0.614052857624112,0.645982793504417,0.453481332074311),
(-0.319212866652584,0.743853505390042,0.587184049751342),(-0.281126262495762,
0.759064957962976,0.58718686474395),(-0.242321270355043,0.772331131206144,
0.587183979433496),(-0.202890903463889,0.783612175866528,0.58718586420769),
(-0.16294226086252,0.79288439187955,0.587183242896804),(-0.122573582600303,
0.800119279354816,0.587183834632099),(-0.0818908826069396,0.805300669956548,
0.587183714278071),(-0.0409983653076655,0.808414741294966,0.587183736235169),
(0.,0.809453147506813,0.587184470155073),(0.0409983617541209,0.80841463382616,
0.587183884442679),(0.0818908254904482,0.805300964640171,0.587183318095894),
(0.122573714078761,0.800119350043347,0.587183710863262),(0.162941577627376,
0.792884223924363,0.587183659285715),(0.202891755305241,0.783612017378592,
0.587185781375035),(0.242320469674019,0.772331626622898,0.587183658232236),
(0.281127227698488,0.75906443087969,0.587187084002923),(0.319212307543694,
0.743853641140115,0.587184181731101),(0.356478574242488,0.726731161202551,
0.58718382593804),(0.392829080075194,0.707742616060467,0.587184556386801),
(0.42817126731583,0.686937332670436,0.587185206582031),(0.462414586481841,
0.664369204238731,0.587185073607992),(0.495471104063684,0.640096244857999,
0.587184112827146),(0.527255614223663,0.614179103494714,0.587184422562501),
(-0.279100872583812,0.650383083435199,0.706473317050459),(-0.24580149630299,
0.663683990305838,0.706473768392664),(-0.211871214700776,0.675281417726596,
0.706474058444028),(-0.17739685690497,0.685146021694035,0.706473838239657),
(-0.142466994222674,0.69325151358171,0.70647398711759),(-0.107171017334233,
0.69957689322911,0.706474729557577),(-0.0716010528305243,0.704108517248508,
0.706473272793577),(-0.0358462662450876,0.706830553016609,0.706474072078035),
(0.,0.707738408278416,0.706474589385576),(0.0358462928330234,0.70683062108528,
0.706474002625947),(0.0716006220921665,0.704108283057368,0.706473549855916),
(0.107171437336336,0.699576834090256,0.706474724405281),(0.142466776725035,
0.693251590190649,0.706473955802842),(0.177396736865155,0.685145836469434,
0.706474048014642),(0.211871421697377,0.675281374042479,0.706474038121171),
(0.245801579196161,0.663684037791471,0.70647369494234),(0.279100914932974,
0.650383493321016,0.70647292297662),(0.311684475318102,0.635411539292675,
0.70647361138219),(0.343467173607036,0.61880882999567,0.70647429717845),
(0.374368599076263,0.600619227900514,0.70647342136974),(0.404308814522854,
0.580886386411663,0.706473912172788),(0.433211188682505,0.559662933670641,
0.706473967443573),(-0.232123358770899,0.54091143159997,0.808414231367427),
(-0.204428278170518,0.551973620755909,0.808414622006461),(-0.176208781873021,
0.561617896022095,0.808415613443074),(-0.147537934688647,0.569823343378175,
0.808414445175943),(-0.118486351092762,0.576563134196179,0.808415695598868),
(-0.0891324397753178,0.581824704767408,0.808415376586825),(-0.0595488912990626,
0.585592245464471,0.808415519146516),(-0.0298124923966615,0.587856692089733,
0.808415564460764),(0.,0.588612007440339,0.808415675687361),(0.0298124940527383,
0.58785667804428,0.808415574613144),(0.0595489155393156,0.585592457943899,
0.808415363447105),(0.0891322958177472,0.581824686124029,0.808415405876788),
(0.118486774525897,0.576563141575345,0.808415628274972),(0.147537286705866,
0.56982336885373,0.808414545477539),(0.176209353306845,0.561617847027723,
0.808415522925635),(0.20442810667574,0.55197349548662,0.808414750905285),
(0.232122832705977,0.540911078510273,0.808414618671265),(0.259221926536771,
0.52845868090275,0.808415373048466),(0.285654981025332,0.514651999490084,
0.808414838579968),(0.311354864041311,0.499522630508517,0.8084152956542),
(0.336255680946088,0.483111854421602,0.808415149009965),(-0.17942959274183,
0.418120407490885,0.890494439111305),(-0.158020878532079,0.426670846209882,
0.890495025782005),(-0.136208789018021,0.434127334643532,0.890494594654873),
(-0.114045542807542,0.440469260315408,0.890494494583167),(-0.0915892699838848,
0.445679950529108,0.8904946868568),(-0.0688986795297553,0.449746499622867,
0.890494838859853),(-0.0460309707394921,0.452659152306035,0.890494717315247),
(-0.0230450003047169,0.454410280293171,0.890494371192113),(0.,0.454994123455044,
0.890494439972184),(0.0230448419041446,0.454410434698034,0.890494296500071),
(0.0460310724017341,0.452659013708387,0.890494782512563),(0.0688987206785118,
0.449746475204947,0.890494848008449),(0.0915892560973522,0.44567993089221,
0.890494698113048),(0.114045418830345,0.440469170153745,0.890494555057964),
(0.136208617410212,0.434126865221497,0.89049484975274),(0.158021213526131,
0.426671046114993,0.890494870553934),(0.179429412211186,0.418120831240704,
0.890494276520703),(0.20037674555901,0.408494648673066,0.89049496452515),
(0.220809200815096,0.397822236398869,0.890494674359146),(0.240675073615493,
0.386127307574593,0.89049492490714),(0.266812201251902,-0.850391982352966,
0.453480678323683),(0.281127391758911,-0.759066898004084,0.587183816157504),
(0.279100718102281,-0.650381719936632,0.706474633321721),(0.259186133059763,
-0.528474937140479,0.808416222773822),(0.220748771063544,-0.397855089599828,
0.890494979072565),(0.309541126260958,-0.835786949230504,0.453480392794513),
(0.319211859423162,-0.743852801765748,0.5871854886736),(0.311648681998326,
-0.635428145154276,0.706474466173054),(0.285587994457054,-0.514688019273775,
0.808415573970489),(0.240649227170721,-0.386144643264656,0.89049439298636),
(0.351475761111944,-0.819036022960192,0.453480740985031),(0.356446208347277,
-0.72674752461492,0.587183221848969),(0.343399933215898,-0.618845287690136,
0.706475049645088),(0.311326217181663,-0.499540927304501,0.808415022400695),
(0.259923627109245,-0.373442126804545,0.890494629965882),(0.39248122013408,
-0.800197623221017,0.453477954958672),(0.392767812088858,-0.707775676041858,
0.587185693107745),(0.374340292829895,-0.600636243723468,0.706473954148199),
(0.336256008082241,-0.483111746285812,0.808415077561812),(0.278504330922142,
-0.359797818797871,0.890494731733941),(0.432483544225488,-0.77930372268776,
0.453479538434933),(0.428146715117371,-0.686953183890089,0.587184565087907),
(0.404309393569733,-0.580886687105164,0.706473333548594),(0.360293212274633,
-0.465460569598879,0.808415276536456),(0.29637006584066,-0.345229884271693,
0.890494868642911),(0.471427696978794,-0.756379760575391,0.453481625110857),
(0.46241486120971,-0.664369625921729,0.587184380143943),(0.433211105481462,
-0.559663069275202,0.706473911037761),(0.38340569542646,-0.446614316729828,
0.808415564426182),(0.313475546157467,-0.329776190029499,0.890494663909282),
(0.509151811326835,-0.731518690197559,0.453480803247778),(0.495471008879386,
-0.640096269364352,0.58718416642982),(0.461001847891741,-0.537002773261141,
0.706473862043207),(0.40553463187021,-0.426622228106679,0.808415200771971),
(0.329776023044664,-0.313475588329871,0.890494710902927),(0.545549307093981,
-0.704791943903228,0.453480175242962),(0.527255702349274,-0.614179184289444,
0.587184258921956),(0.487609229620712,-0.512964421286815,0.706473454336806),
(0.426622330616082,-0.405534826515806,0.808415049032672),(0.345230234616106,
-0.296370355335022,0.890494636472057),(0.580546500578219,-0.676255641003792,
0.453479953996794),(0.557686327178442,-0.586685678519673,0.587184702711276),
(0.512964478823549,-0.487609124233275,0.706473485298453),(0.446614940675433,
-0.383406337626848,0.808414915147566),(0.359797820717173,-0.278504114582375,
0.890494798619206),(0.614052513637828,-0.645983120419956,0.453481332170973),
(0.586685573006335,-0.557686437832744,0.587184703039557),(0.53700269039291,
-0.461001851558042,0.706473922640343),(0.465460611079347,-0.360293391312901,
0.808415172859769),(0.373441623518273,-0.259923214039681,0.890494961595695),
(0.645983562617926,-0.614053090424648,0.45347992123951),(0.614178993900432,
-0.527255289137341,0.587184829102517),(0.559663566360486,-0.433211878769477,
0.706473043067944),(0.483110967737227,-0.3362556277918,0.808415701004342),
(0.38612719249672,-0.240674712966076,0.890495072279066),(0.676255622379822,
-0.580546453907358,0.453480041518115),(0.640095747948207,-0.495471009435285,
0.587184734362028),(0.58088677148221,-0.404309518618939,0.706473192606128),
(0.499523155580742,-0.311354610798915,0.808415068744338),(0.397822005594699,
-0.220808729834043,0.890494894254699),(0.704791277732535,-0.545549558161401,
0.453480908552984),(0.664368941063334,-0.46241455537899,0.587185395870874),
(0.600620941293481,-0.374369024985585,0.706471739003815),(0.514650984838125,
-0.285654502182513,0.808415653725241),(0.408493633360974,-0.200376306243146,
0.890495529129654),(0.73151917988842,-0.509151788805409,0.453480038603271),
(0.686938355147198,-0.428171393712887,0.587183918234845),(0.618809013117735,
-0.343467350518226,0.706474050770617),(0.528459001107793,-0.259221729914968,
0.808415226778941),(0.418120023914131,-0.179429354440506,0.890494667231146),
(0.756368228823195,-0.471447795204999,0.45347996518392),(0.707741397041033,
-0.392828852473417,0.587186177952807),(0.635413017335865,-0.31168480225918,
0.706472137766796),(0.5409101317432,-0.232122810108761,0.808415258641724),
(0.426670791483452,-0.158021780389437,0.890494891965943),(0.779276363714647,
-0.432533332588749,0.453479068045426),(0.72673115387426,-0.356478133330339,
0.587184102684927),(0.650383213295681,-0.279101433066211,0.706472976074508),
(0.551973356060209,-0.204428556525279,0.808414732347587),(0.43412733045077,
-0.13620801325484,0.890494715358186),(0.800183111140227,-0.392508674851678,
0.453479799783989),(0.743851898147172,-0.319212767431929,0.587186139764299),
(0.663683693985333,-0.245802144005465,0.706473821411877),(0.561617346002735,
-0.176209205186099,0.808415903280315),(0.440466215819619,-0.114045214142191,
0.890496042581216)),$,(1669,1669,1669,1670,1670,1670,1619,1619,1673,1673,
1673,1630,1630,1630,1725,1725,1725,1620,1620,1674,1674,1674,1606,1606,1613,
1613,1607,1607,1616,1561,1561,1562,1562,1558,1546,1546,1564,1564,1547,1547,
1497,1497,1497,1553,1553,1498,1498,1498,1500,1506,1506,1506,1505,1505,1505,
1452,1452,1448,1726,1726,1726,1728,1676,1622,1622,1622,1623,1623,1623,1672,
1672,1778,1828,1760,1760,1722,1722,1631,1631,1631,1614,1614,1612,1612,1554,
1554,1556,1556,1504,1504,1565,1565,1056,1092,1097,1040,1138,1138,1010,996,
1088,1088,1142,1086,1145,1184,1184,1192,1136,1195,1230,1230,1242,1188,1247,
1275,1275,1292,1238,1297,1311,1311,1342,1288,1347,1351,1351,1392,1338,1397,
1401,1401,1442,1388,1447,1451,1451,1492,1438,1499,1503,1503,1528,1488,1557,
1555,1555,1570,1530,1615,1628,1574,1675,1611,1611,1684,1634,1727,1671,1671,
1736,1688,1777,1721,1721,1786,1740,1827,1759,1759,1836,1790,1877,1800,1800,
1886,1840,1927,1842,1842,1936,1890,1973,1892,1892,1988,1942,2017,1938,1938,
2038,1992,2066,1984,1984,2082,2042,2122,2112,2032,2032,2092,2145,2172,2099,
2047,2149,2189,2103,2053,2155,2201,2109,2057,2160,2206,2118,2064,2168,2216,
2126,2072,2178,2225,2130,2078,2183,2231,2136,2086,2193,2239,2141,2088,2195,
2245,2142,2089,2247,2196,956,962,1044,1044,1036,933,986,1081,1131,1182,
1234,1284,1334,1384,1434,1482,1532,1580,1638,1692,1744,1794,1846,1896,1947,
1997,904,889,912,1008,1008,858,843,864,812,797,814,971,971,759,749,762,
925,925,711,696,713,879,879,661,646,669,849,849,617,589,623,808,808,556,
533,566,770,770,517,496,520,740,740,476,456,483,703,703,438,405,445,677,
677,397,367,407,648,648,359,329,383,631,631,341,287,351,604,604,303,259,
323,275,225,311,585,585,263,217,297,577,577,251,201,289,572,572,239,197,
249,299,570,570,199,215,261,165,157,189,223,151,129,173,219,139,113,169,
203,143,109,185,211,161,123,207,229,193,147,253,269,233,181,305,315,291,
227,355,361,356,292,411,412,424,375,472,473,479,431,528,529,535,489,594,
595,600,545,655,656,663,608,717,718,722,673,772,773,778,728,829,830,831,
785,881,882,883,837,935,936,938,893,988,989,990,946,1042,1043,1046,998,
1094,1095,1099,1050,1147,1148,1151,1105,1201,1202,1203,1155,1251,1252,1253,
1207,1301,1302,1303,1257,1353,1354,1355,1307,1403,1404,1406,1359,1454,1455,
1456,1410,1508,1509,1510,1460,1576,1577,1602,1512,1644,1645,1662,1598,1702,
1703,1717,1658,1761,1762,1771,1713,1811,1812,1821,1767,1865,1866,1871,1817,
1915,1916,1923,1867,1967,1968,1975,1917,2022,2023,2028,1969,2074,2075,2084,
2076,2024,2132,2133,2134,2128,2185,2186,2191,2241,2242,2243,2181,2293,2294,
2296,2237,2350,2351,2352,2289,2409,2410,2411,2346,2472,2473,2474,2401,2537,
2538,2539,2466,2589,2590,2595,2529,2648,2649,2650,2585,2707,2708,2713,2643,
2767,2768,2769,2699,2839,2840,2841,2759,2897,2898,2893,2821,2943,2944,2939,
2881,2981,2982,2977,2927,3015,3016,3011,2969,3041,3042,3033,2999,3059,3060,
3051,3025,3069,3070,3065,3047,3075,3076,3071,3055,3073,3074,3067,3061,3063,
3064,3053,3057,3043,3044,3035,3049,3021,3022,3013,3027,2983,2984,2979,3001,
2949,2950,2941,2971,2899,2900,2895,2929,2849,2850,2843,2883,2785,2786,2771,
2823,2721,2722,2715,2761,2665,2666,2652,2701,2604,2605,2597,2645,2548,2549,
2541,2587,2482,2483,2476,2531,2421,2422,2413,2468,2359,2360,2354,2403,2304,
2305,2298,2348,2248,2291,313,575,575,273,257,241,245,265,281,331,325,579,
579,301,285,277,293,319,347,387,353,592,592,339,327,335,343,371,399,441,
385,613,613,357,365,379,391,419,458,502,409,638,638,395,403,415,447,468,
507,550,451,657,657,436,454,463,498,524,562,619,485,692,692,474,494,511,
541,581,633,684,522,720,720,515,531,558,596,640,688,736,568,755,755,554,
587,627,651,699,743,789,625,615,644,679,705,751,799,845,671,793,793,659,
694,732,766,803,851,898,715,823,823,709,747,774,818,860,906,950,764,868,
868,757,795,825,870,916,958,1004,816,910,910,810,841,875,921,967,1014,1061,
866,942,942,856,887,927,973,1019,1065,1111,914,981,981,902,931,977,1023,
1069,1115,1163,964,1031,1031,954,984,1027,1073,1121,1167,1213,1012,1077,
1077,994,1034,1079,1125,1171,1217,1261,1038,1059,1119,1119,1084,1129,1175,
1221,1267,1313,1090,1103,1161,1161,1140,1134,1149,1199,1199,1190,1186,1197,
1245,1245,1240,1236,1249,1290,1286,1299,1295,1295,1340,1336,1349,1344,1344,
1390,1386,1399,1394,1394,1440,1436,1449,1444,1444,1490,1486,1501,1494,1494,
1526,1524,1559,1548,1548,1568,1572,1617,1566,1566,1626,1632,1677,1624,1624,
1682,1686,1729,1680,1680,1734,1738,1779,1732,1732,1784,1788,1829,1782,1782,
1834,1838,1881,1831,1831,1884,1888,1931,1934,1940,1979,1879,1879,1986,1990,
2020,1921,1921,2036,2080,2068,1957,1957,2040,2090,2143,2120,2045,1995,2097,
2147,2051,1999,2101,2153,2055,2005,2107,2158,2060,2009,2116,2166,2070,2013,
2124,2176,2114,2003,2003,2187,2170,2199,2249,2233,2256,2204,2308,2300,2323,
2270,2375,2369,2386,2331,2441,2434,2455,2392,2524,2512,2572,2164,2049,2049,
2218,2279,2342,2423,2493,2567,2633,2212,2095,2095,2266,2327,2397,2478,2550,
2616,2687,2262,2138,2138,2317,2380,2447,2533,2606,2675,2743,2314,2174,2174,
2365,2430,2516,2576,2655,2727,2805,2363,2208,2208,2415,2487,2563,2627,2703,
2793,2867,2407,2254,2254,2459,2543,2611,2683,2755,2845,2913,2453,2283,2283,
2520,2580,2659,2731,2809,2889,2951,2510,2321,2321,2559,2620,2695,2781,2863,
2931,2985,2556,2600,2671,2739,2829,2905,2965,3007,2593,2356,2356,2638,2709,
2797,2871,2935,2993,3029,2631,2384,2384,2679,2747,2833,2901,2961,3003,3037,
2669,2419,2419,2717,2789,2855,2923,2973,3017,3045,2693,2438,2438,2735,2817,
2885,2945,2989,3023,3039,2725,2463,2463,2773,2851,2909,2955,2997,3019,3031,
2753,2484,2484,2801,2859,2917,2959,2991,3005,3009,2765,2497,2497,2813,2875,
2921,2957,2975,2995,2987,2779,2501,2501,2825,2879,2919,2947,2963,2967,2953,
2787,2506,2506,2837,2877,2911,2925,2937,2933,2915,2827,2777,2504,2504,2861,
2887,2903,2907,2891,2869,2815,2763,2499,2499,2803,2853,2751,2491,2491,2775,
2819,2723,2737,2791,2691,2470,2470,2719,2749,2667,2445,2445,2681,2711,2625,
2428,2428,2640,2673,2591,2390,2390,2602,2622,2554,2373,2373,2561,2582,2508,
2335,2335,2522,2545,2451,2306,2306,2461,2489,2405,2264,2264,2417,2432,2361,
2227,2227,2367,2382,2312,2197,2197,2319,2329,2260,2151,2151,2268,2281,2210,
2105,2105,2220,2235,2162,2062,2062,1109,1101,1054,1153,1055,1159,1110,1048,
1107,1157,1002,1003,992,1000,1052,944,945,940,948,891,892,885,835,836,833,
895,783,784,780,839,726,727,724,787,667,668,665,730,606,607,602,675,539,
540,537,610,487,488,481,547,428,429,426,491,369,370,363,433,309,310,307,
377,237,238,235,317,179,180,183,255,133,134,137,195,95,96,99,149,61,62,
65,107,35,36,43,77,17,18,25,51,7,8,11,29,1,2,5,21,3,4,9,15,13,14,23,19,
33,34,41,27,55,56,63,49,93,94,97,75,127,128,135,105,177,178,228,1205,1209,
1211,1160,1255,1259,1265,1212,1305,1309,1317,1266,1357,1361,1372,1318,1408,
1412,1426,1373,1458,1462,1484,1427,1544,1542,1550,1485,1604,1600,1608,1551,
1664,1660,1667,1609,1719,1715,1723,1668,1773,1769,1775,1724,1823,1819,1825,
1776,1873,1869,1875,1826,1925,1919,1929,1876,1977,1971,1982,1930,2030,2026,
2034,1983,2035,155,159,167,191,221,243,279,337,381,417,465,513,560,629,
681,734,776,827,877,929,1029,979,1075,1025,1127,1071,1177,1123,1227,1173,
1280,1223,1330,1273,1380,1326,1430,1376,1478,1424,1534,1474,1584,1536,1642,
1588,1696,1648,1748,1700,1798,1752,1851,1805,1901,1855,1951,1905,2001,1955,
2007,117,119,121,131,153,175,205,247,295,345,393,449,500,543,598,653,707,
768,820,872,923,975,1021,1067,1117,1169,1219,1269,1321,1370,1420,1470,1538,
1592,1652,1706,1757,1809,1859,1909,1961,2011,85,101,79,57,71,53,87,37,45,
31,59,39,103,115,141,171,213,267,321,373,421,470,526,583,642,701,753,806,
862,918,969,1016,1063,1113,1165,1215,1263,1315,1366,1416,1466,1540,1596,
1656,1710,1765,1815,1863,1913,1965,2015,73,83,111,145,187,231,283,349,401,
460,509,564,635,690,745,801,853,908,960,1006,47,69,91,125,163,209,271,333,
389,443,504,552,621,686,738,791,847,900,952,81,67,89,1180,1225,1271,1319,
1364,1232,1282,1332,1382,1432,1480,1522,1578,1636,1690,1742,1792,1844,1894,
1945,1278,1324,1368,1414,1328,1378,1428,1476,1520,1582,1640,1694,1746,1796,
1849,1899,1949,1374,1418,1464,1422,1472,1518,1586,1646,1698,1750,1803,1853,
1903,1953,1468,1514,1516,1590,1650,1704,1755,1807,1857,1907,1959,1594,1654,
1708,1763,1813,1861,1911,1963,2214,2223,2229,2275,2285,2338,2857,2873,2865,
2847,2807,2835,2831,2811,2795,2745,2799,2783,2757,2729,2689,2741,2733,2705,
2677,2635,2697,2685,2657,2618,2574,2661,2629,2608,2569,2526,2613,2578,2552,
2514,2457,2565,2535,2495,2443,2394,2518,2480,2436,2388,2340,2449,2425,2377,
2333,2287,2399,2371,2325,2277,2344,2310,2272,2302,2258,2251,1102,1154,1049,
993,941,886,834,781,725,666,603,538,482,427,364,308,236,184,138,100,66,
44,26,12,6,10,24,42,64,98,136,182,234,306,362,425,480,536,601,664,723,779,
832,884,939,991,1047,1100,1152,1204,1254,1304,1356,1407,1457,1511,1603,
1663,1718,1772,1822,1872,1924,1976,2029,2085,2135,2192,2244,2297,2353,2412,
2475,2540,2596,2651,2714,2770,2842,2894,2940,2978,3012,3034,3052,3066,3072,
3068,3054,3036,3014,2980,2942,2896,2844,2772,2716,2653,2598,2542,2477,2414,
2355,2299,2246,2194,2137,2087,2031,1978,1926,1874,1824,1774,1720,1665,1605,
1545,1459,1409,1358,1306,1256,1206,2664,2664,2663,2663,2642,2642,2654,2654,
2624,2624,2610,2610,2584,2584,2558,2558,2528,2528,2486,2486,2440,2440,2396,
2396,2647,2647,2637,2637,2615,2615,2599,2599,2571,2571,2547,2547,2503,2503,
2465,2465,2427,2427,2379,2379,2337,2337,2295,2295,2253,2253,2203,2203,2157,
2157,2111,2111,2059,2059,2019,2019,1981,1981,1933,1933,1833,1833,1883,1883,
1781,1781,1731,1731,1679,1679,1621,1621,1563,1563,1507,1507,1453,1453,1405,
1405,1363,1363,1323,1323,1277,1277,1229,1229,1179,1179,1133,1133,1083,1083,
1033,1033,983,983,937,937,897,897,855,855,805,805,719,719,761,761,683,683,
637,637,591,591,549,549,519,519,493,493,467,467,453,453,435,435,423,423,
413,413,414,414,430,430,440,440,462,462,478,478,506,506,530,530,574,574,
612,612,698,698,650,650,742,742,782,782,822,822,874,874,920,920,966,966,
1018,1018,1058,1058,1096,1096,1144,1144,1194,1194,1244,1244,1294,1294,1346,
1346,1396,1396,1446,1446,1496,1496,1552,1552,1610,1610,1666,1666,1712,1712,
1802,1802,1754,1754,1848,1848,1898,1898,1944,1944,1994,1994,2044,2044,2094,
2094,2140,2140,2180,2180,2222,2222,2274,2274,2316,2316,2358,2358,1053,1001,
1108,1158,1210,1260,1310,1362,1413,1463,1543,1601,1661,1716,1770,1820,1870,
1920,1972,2027,2079,2131,2184,2240,2292,2349,2404,2469,2532,2588,2646,2702,
2762,2824,2884,2930,2972,3002,3028,3050,3062,3058,3056,3048,3026,3000,2970,
2928,2882,2822,2760,2700,2644,2586,2530,2467,2402,2347,2290,2238,2182,2129,
2077,2025,1970,1918,1868,1818,1768,1714,1659,1599,1513,1461,1411,1360,1308,
1258,1208,1156,1106,1051,999,947,894,838,786,729,674,609,546,490,432,376,
316,254,194,148,106,76,50,28,20,16,22,30,52,78,108,150,196,256,318,378,
434,492,548,611,676,731,788,840,896,949,1146,1143,1098,1193,1185,1185,1196,
1231,1231,1093,1137,1189,1057,1139,1139,1041,1087,997,1011,1089,1089,1037,
987,957,1030,1082,980,934,1026,1076,976,930,1022,1072,970,924,1017,1068,
961,919,1007,1064,953,909,901,1243,1239,1248,1276,1276,1293,1289,1298,1312,
1312,1343,1339,1348,1352,1352,1393,1389,1398,1402,1402,1443,1439,1493,1489,
1529,1531,1571,1575,1629,1635,1685,1689,1737,1741,1787,1791,1837,1841,1878,
1801,1801,1887,1891,1928,1843,1843,1937,1943,1974,1893,1893,1989,1993,2018,
1939,1939,2039,2043,2067,1985,1985,2083,2093,2123,2113,2033,2033,2146,2190,
2173,2202,2150,2252,2236,2259,2207,2311,2303,2326,2273,2378,2372,2389,2334,
2444,2437,2458,2395,2527,2515,2575,2163,2063,2063,2221,2282,2345,2426,2496,
2570,2636,2211,2106,2106,2269,2330,2400,2481,2553,2619,2690,2261,2320,2383,
2450,2536,2609,2678,2746,2313,2152,2152,2368,2433,2519,2579,2658,2730,2808,
2362,2198,2198,2418,2490,2566,2630,2706,2796,2870,2406,2228,2228,2462,2546,
2614,2686,2758,2848,2916,2452,2265,2265,2523,2583,2662,2734,2812,2892,2954,
2509,2307,2307,2562,2623,2698,2784,2866,2934,2988,2555,2336,2336,2603,2674,
2742,2832,2908,2968,3010,2592,2374,2374,2641,2712,2800,2874,2938,2996,3032,
2626,2391,2391,2682,2750,2836,2904,2964,3006,3040,3046,3038,2668,2429,2429,
2720,2792,2858,2926,2976,3020,3024,3018,3030,2692,2446,2446,2738,2820,2888,
2948,2992,2998,2990,3004,3008,2724,2471,2471,2776,2854,2912,2958,2960,2956,
2974,2994,2986,2752,2492,2492,2804,2862,2920,2922,2918,2946,2962,2966,2952,
2764,2816,2878,2880,2876,2910,2924,2936,2932,2914,2778,2500,2500,2828,2838,
2826,2860,2886,2902,2906,2890,2868,2788,2505,2505,2814,2780,2852,2856,2872,
2864,2846,2806,2507,2507,2766,2502,2502,2802,2754,2498,2498,2774,2818,2726,
2485,2485,2736,2790,2694,2464,2464,2718,2748,2670,2439,2439,2680,2710,2632,
2420,2420,2639,2672,2594,2385,2385,2601,2621,2557,2357,2357,2560,2581,2511,
2322,2322,2521,2544,2454,2460,2488,2408,2284,2284,2416,2431,2364,2255,2255,
2366,2381,2315,2209,2209,2318,2328,2263,2175,2175,2267,2280,2213,2139,2139,
2219,2234,2165,2096,2096,2171,2188,2115,2050,2050,2121,2144,2069,2004,2004,
2081,2091,2021,1958,1958,2037,2041,1987,1980,1922,1922,1991,1941,1935,1946,
1996,1895,1889,1900,1950,1850,1845,1854,1904,1804,1797,1808,1858,1756,1751,
1764,1814,1709,1705,1655,1932,1880,1880,1885,1839,1793,1747,1699,1651,1595,
1882,1832,1832,1835,1789,1743,1695,1647,1591,1515,1830,1785,1739,1691,1641,
1587,1517,1465,1780,1783,1783,1735,1687,1637,1583,1519,1469,1415,1730,1733,
1733,1683,1633,1579,1521,1473,1419,1365,1678,1681,1681,1627,1573,1523,1477,
1423,1369,1314,1618,1625,1625,1569,1525,1481,1429,1375,1320,1262,1560,1567,
1567,1527,1487,1433,1379,1325,1268,1214,1502,1549,1549,1491,1437,1383,1329,
1272,1218,1164,1450,1495,1495,1441,1387,1333,1279,1222,1168,1112,1400,1445,
1445,1391,1337,1283,1226,1172,1116,1062,1350,1395,1395,1341,1287,1233,1176,
1122,1066,1005,1300,1345,1345,1291,1237,1181,1126,1070,1015,951,1250,1296,
1296,1241,1187,1130,1074,1020,959,899,1198,1246,1246,1191,1135,1080,1024,
968,907,846,1150,1141,1085,1028,974,917,852,790,1104,1200,1200,1091,1035,
978,922,861,800,737,1060,1162,1162,1039,985,928,871,804,744,685,1013,1120,
1120,995,932,876,819,752,689,620,955,965,1078,1078,888,826,767,700,634,
551,903,915,1032,1032,857,842,867,982,982,811,796,817,943,943,758,748,765,
911,911,710,695,716,869,869,660,645,672,824,824,616,588,626,794,794,555,
532,569,756,756,516,495,523,475,455,486,721,721,437,404,452,693,693,396,
366,410,658,658,358,328,386,639,639,340,286,354,614,614,302,258,326,593,
593,274,224,314,580,580,262,216,300,576,576,250,200,290,571,571,240,198,
252,298,573,573,202,218,264,168,160,192,226,154,132,176,222,142,116,172,
206,146,112,188,214,164,126,210,232,272,312,578,578,276,260,244,248,268,
284,334,324,586,586,304,288,280,296,322,350,390,352,605,605,342,330,338,
346,374,402,444,384,360,368,382,394,422,461,505,408,632,632,398,406,418,
450,471,510,553,446,649,649,439,457,466,501,527,565,622,484,678,678,477,
497,514,544,584,636,687,521,704,704,518,534,561,599,643,691,739,567,741,
741,557,590,630,654,702,746,792,624,771,771,618,647,682,708,754,802,848,
670,809,809,662,697,735,769,807,854,714,850,850,712,750,777,821,863,763,
880,880,760,798,828,873,815,926,926,813,844,878,865,972,972,859,890,913,
1009,1009,905,963,1045,1045,32,38,40,48,70,92,54,58,60,74,84,46,68,90,124,
162,208,270,332,388,442,503,80,86,88,104,72,82,110,144,186,230,282,348,
400,459,508,563,118,120,122,102,114,140,170,212,266,320,372,420,469,525,
582,641,156,158,130,152,174,204,246,294,344,392,448,499,542,597,652,706,
166,190,220,242,278,336,380,416,464,512,559,628,680,733,775,1114,1166,1216,
1264,1316,1367,1417,1467,1541,1597,1657,1711,1766,1816,1864,1914,1966,2016,
2073,2127,2179,2232,2288,2341,1118,1170,1220,1270,1322,1371,1421,1471,1539,
1593,1653,1707,1758,1810,1860,1910,1962,2012,2065,2119,2169,2226,2278,1124,
1174,1224,1274,1327,1377,1425,1475,1537,1589,1649,1701,1753,1806,1856,1906,
1956,2008,2058,2110,2161,2217,1128,1178,1228,1281,1331,1381,1431,1479,1535,
1585,1643,1697,1749,1799,1852,1902,1952,2002,2054,2104,2156,1132,1183,1235,
1285,1335,1385,1435,1483,1533,1581,1639,1693,1745,1795,1847,1897,1948,1998,
2048,2100,1862,1908,1954,2000,2046,1912,1960,2006,2052,2098,1964,2010,2056,
2102,2148,2014,2061,2108,2154,2200,2071,2117,2159,2205,2250,2125,2167,2215,
2257,2301,2177,2224,2271,2309,2343,2230,2276,2324,2370,2398,2286,2332,2376,
2424,2448,2339,2387,2435,2479,2517,2393,2442,2494,2534,2564,2456,2513,2551,
2577,2612,2525,2568,2607,2628,2660,2573,2617,2656,2684,2696,2634,2676,2704,
2732,2740,2688,2728,2756,2782,2798,2744,2794,2810,2830,2834),((1,5,8),(9,
4,3),(7,12,2),(2,15,10),(2,12,15),(8,5,18),(20,19,6),(21,4,9),(8,18,23),
(24,25,7),(7,25,12),(23,18,27),(29,28,19),(29,19,20),(23,27,30),(31,25,
24),(30,27,32),(34,33,28),(34,28,29),(30,32,35),(36,37,31),(31,37,25),(35,
32,39),(34,40,33),(35,39,41),(43,44,36),(36,44,37),(41,39,46),(40,49,47),
(49,40,34),(48,50,42),(42,50,54),(55,44,43),(47,56,51),(47,49,58),(47,58,
56),(17,22,11),(59,22,17),(61,62,20),(20,63,29),(20,62,63),(64,60,16),(68,
60,64),(69,70,61),(61,72,62),(73,72,61),(61,74,73),(61,70,76),(61,76,74),
(12,65,15),(14,67,66),(78,67,14),(80,81,69),(69,81,83),(69,83,70),(13,82,
79),(26,82,13),(53,52,45),(45,52,85),(87,86,51),(51,56,89),(51,89,87),(45,
85,38),(38,85,91),(87,92,86),(38,91,26),(26,91,82),(81,92,83),(83,92,87),
(93,94,95),(93,96,94),(95,97,93),(99,100,93),(93,101,99),(93,100,96),(93,
97,101),(95,94,103),(94,104,103),(94,96,104),(95,103,105),(105,106,95),
(95,106,97),(105,103,108),(103,109,108),(103,104,109),(105,108,110),(110,
111,105),(105,111,106),(110,108,113),(108,114,113),(108,109,114),(110,113,
115),(115,116,110),(110,116,111),(115,113,118),(113,119,118),(113,114,119),
(115,118,120),(120,121,115),(115,121,116),(120,118,123),(118,124,123),(118,
119,124),(120,123,125),(125,126,120),(120,126,121),(125,123,128),(123,129,
128),(123,124,129),(125,128,130),(130,131,125),(125,131,126),(130,128,133),
(128,134,133),(128,129,134),(130,133,135),(135,136,130),(130,136,131),(135,
133,138),(133,139,138),(133,134,139),(135,138,140),(140,141,135),(135,141,
136),(140,138,143),(138,144,143),(138,139,144),(140,143,145),(145,146,140),
(140,146,141),(145,143,148),(143,149,148),(143,144,149),(145,148,150),(150,
146,145),(150,148,151),(148,152,151),(148,149,152),(150,151,153),(153,154,
150),(150,154,146),(153,151,156),(151,157,156),(151,152,157),(153,156,158),
(158,159,153),(153,159,154),(158,156,161),(156,162,161),(156,157,162),(158,
161,163),(163,164,158),(158,164,159),(163,161,166),(161,167,166),(161,162,
167),(163,166,168),(168,169,163),(163,169,164),(168,166,171),(166,172,171),
(166,167,172),(168,171,173),(173,174,168),(168,174,169),(173,171,176),(171,
177,176),(171,172,177),(173,176,178),(178,179,173),(173,179,174),(178,176,
181),(176,182,181),(176,177,182),(178,181,183),(183,184,178),(178,184,179),
(183,181,186),(181,187,186),(181,182,187),(183,186,188),(188,189,183),(183,
189,184),(188,186,191),(186,192,191),(186,187,192),(188,191,193),(193,194,
188),(188,194,189),(193,191,196),(191,197,196),(191,192,197),(193,196,198),
(198,199,193),(199,200,193),(193,200,194),(198,196,202),(196,197,202),(198,
202,203),(198,203,204),(204,199,198),(203,202,205),(202,206,205),(197,206,
202),(203,205,207),(208,203,207),(208,204,203),(207,205,209),(205,210,209),
(206,210,205),(207,209,211),(212,207,211),(212,208,207),(211,209,213),(209,
214,213),(210,214,209),(211,213,215),(216,211,215),(216,212,211),(215,213,
217),(213,218,217),(214,218,213),(215,217,219),(220,215,219),(220,216,215),
(219,217,221),(217,222,221),(218,222,217),(219,221,223),(224,219,223),(224,
220,219),(223,221,225),(221,226,225),(222,226,221),(223,225,227),(228,223,
227),(228,224,223),(227,225,229),(225,230,229),(226,230,225),(227,229,231),
(232,227,231),(232,228,227),(231,229,233),(229,234,233),(230,234,229),(231,
233,235),(235,236,231),(236,232,231),(237,235,233),(238,233,234),(237,233,
238),(239,236,235),(240,239,235),(240,235,237),(100,99,241),(241,99,242),
(99,243,242),(99,101,243),(245,96,100),(241,246,100),(100,246,247),(100,
247,245),(245,104,96),(104,248,109),(248,104,245),(109,249,114),(109,248,
249),(114,250,119),(114,249,250),(119,251,124),(119,250,251),(124,252,129),
(124,251,252),(129,253,134),(129,252,253),(134,254,139),(134,253,254),(139,
255,144),(139,254,255),(144,256,149),(144,255,256),(149,257,152),(149,256,
257),(152,258,157),(152,257,258),(157,259,162),(157,258,259),(162,260,167),
(162,259,260),(167,261,172),(167,260,261),(172,262,177),(172,261,262),(177,
263,182),(177,262,263),(182,264,187),(182,263,264),(187,265,192),(187,264,
265),(192,266,197),(192,265,266),(197,266,206),(241,242,267),(267,268,241),
(241,268,246),(267,242,269),(242,270,269),(242,243,270),(267,269,272),(272,
273,267),(267,273,268),(272,269,274),(269,270,274),(272,274,275),(275,276,
272),(272,276,273),(275,274,277),(274,278,277),(274,270,278),(275,277,280),
(280,281,275),(275,281,276),(280,277,282),(277,283,282),(277,278,283),(280,
282,285),(285,286,280),(280,286,281),(285,282,287),(282,288,287),(282,283,
288),(285,287,290),(290,291,285),(285,291,286),(290,287,292),(287,293,292),
(287,288,293),(290,292,295),(295,296,290),(290,296,291),(295,292,297),(292,
298,297),(292,293,298),(295,297,300),(300,301,295),(295,301,296),(300,297,
302),(297,303,302),(297,298,303),(300,302,305),(305,306,300),(300,306,301),
(305,302,307),(302,308,307),(302,303,308),(305,307,310),(310,311,305),(305,
311,306),(310,307,312),(307,313,312),(307,308,313),(310,312,315),(315,316,
310),(310,316,311),(315,312,317),(312,318,317),(312,313,318),(315,317,320),
(320,321,315),(315,321,316),(320,317,322),(317,323,322),(317,318,323),(320,
322,325),(325,326,320),(320,326,321),(325,322,327),(322,328,327),(322,323,
328),(325,327,330),(330,331,325),(325,331,326),(330,327,332),(327,333,332),
(327,328,333),(330,332,335),(335,336,330),(330,336,331),(335,332,337),(332,
333,337),(335,337,338),(338,339,335),(335,339,336),(338,337,340),(337,341,
340),(337,333,341),(338,340,343),(343,344,338),(338,344,339),(343,340,345),
(340,346,345),(340,341,346),(343,345,348),(348,349,343),(343,349,344),(348,
345,350),(345,351,350),(345,346,351),(348,350,353),(353,354,348),(348,354,
349),(353,350,355),(350,356,355),(350,357,356),(350,351,357),(353,355,359),
(353,359,354),(359,355,360),(355,361,360),(355,356,361),(359,360,362),(359,
362,363),(354,359,363),(362,360,364),(360,365,364),(360,361,365),(362,364,
366),(362,366,367),(363,362,367),(366,364,368),(364,369,368),(364,365,369),
(366,368,370),(366,370,371),(367,366,371),(370,368,372),(368,373,372),(368,
369,373),(370,372,374),(370,374,375),(371,370,375),(374,372,376),(372,377,
376),(372,373,377),(374,376,378),(374,378,379),(375,374,379),(378,376,380),
(376,381,380),(376,377,381),(378,380,382),(382,383,378),(379,378,383),(382,
380,384),(380,385,384),(380,381,385),(382,384,386),(386,387,382),(387,383,
382),(386,384,388),(384,389,388),(384,385,389),(386,388,390),(391,386,390),
(391,387,386),(390,388,392),(392,388,393),(388,389,393),(394,390,392),(395,
391,390),(395,390,394),(392,393,396),(397,392,396),(394,392,397),(396,393,
398),(393,399,398),(389,399,393),(396,398,400),(401,396,400),(397,396,401),
(400,398,402),(398,403,402),(399,403,398),(400,402,404),(405,400,404),(401,
400,405),(404,402,406),(402,407,406),(403,407,402),(404,406,408),(409,404,
408),(405,404,409),(408,406,410),(406,411,410),(407,411,406),(408,410,412),
(413,408,412),(409,408,413),(412,410,414),(410,415,414),(411,415,410),(412,
414,416),(417,412,416),(413,412,417),(416,414,418),(414,419,418),(415,419,
414),(416,418,420),(421,416,420),(417,416,421),(420,418,422),(418,423,422),
(419,423,418),(420,422,424),(425,420,424),(421,420,425),(424,422,426),(422,
427,426),(423,427,422),(424,426,428),(429,424,428),(425,424,429),(428,426,
430),(426,431,430),(427,431,426),(428,430,432),(433,428,432),(429,428,433),
(432,430,434),(430,435,434),(431,435,430),(432,434,436),(437,432,436),(433,
432,437),(436,434,438),(434,439,438),(435,439,434),(436,438,440),(441,436,
440),(437,436,441),(440,438,442),(438,443,442),(439,443,438),(440,442,444),
(445,440,444),(441,440,445),(444,442,446),(442,447,446),(443,447,442),(444,
446,448),(449,444,448),(445,444,449),(448,446,450),(446,451,450),(447,451,
446),(448,450,452),(453,448,452),(449,448,453),(452,450,454),(450,455,454),
(451,455,450),(452,454,456),(457,452,456),(453,452,457),(456,454,458),(454,
459,458),(455,459,454),(456,458,460),(461,456,460),(457,456,461),(460,458,
462),(458,463,462),(459,463,458),(460,462,464),(465,460,464),(461,460,465),
(464,462,466),(462,467,466),(463,467,462),(464,466,468),(469,464,468),(465,
464,469),(468,466,470),(466,471,470),(467,471,466),(468,470,472),(473,468,
472),(469,468,473),(472,470,474),(470,475,474),(471,475,470),(472,474,476),
(477,472,476),(473,472,477),(476,474,478),(474,479,478),(475,479,474),(476,
478,480),(481,476,480),(477,476,481),(480,478,482),(478,483,482),(479,483,
478),(480,482,484),(485,480,484),(481,480,485),(484,482,486),(482,487,486),
(483,487,482),(484,486,488),(489,484,488),(485,484,489),(488,486,490),(486,
491,490),(487,491,486),(488,490,492),(493,488,492),(489,488,493),(492,490,
494),(490,495,494),(491,495,490),(492,494,496),(497,492,496),(493,492,497),
(496,494,498),(498,494,499),(499,494,495),(496,498,500),(501,496,500),(497,
496,501),(500,498,502),(502,498,503),(498,499,503),(500,502,504),(505,500,
504),(501,500,505),(504,502,506),(506,502,507),(502,503,507),(504,506,508),
(509,504,508),(505,504,509),(508,506,510),(510,506,511),(506,507,511),(508,
510,512),(513,508,512),(509,508,513),(512,510,514),(514,510,515),(510,511,
515),(512,514,516),(517,512,516),(513,512,517),(516,514,518),(514,519,518),
(520,519,514),(514,515,520),(516,518,521),(522,516,521),(517,516,522),(521,
518,523),(518,524,523),(519,524,518),(521,523,525),(526,521,525),(522,521,
526),(525,523,527),(524,527,523),(525,527,528),(529,525,528),(526,525,529),
(528,527,530),(531,530,527),(524,531,527),(528,530,532),(533,528,532),(529,
528,533),(532,530,534),(535,534,530),(531,535,530),(532,534,536),(537,532,
536),(533,532,537),(536,534,538),(539,538,534),(535,539,534),(536,538,540),
(541,536,540),(537,536,541),(540,538,542),(543,542,538),(539,543,538),(540,
542,544),(545,540,544),(541,540,545),(544,542,546),(547,546,542),(543,547,
542),(544,546,548),(549,544,548),(545,544,549),(548,546,550),(550,546,551),
(547,551,546),(548,550,552),(553,548,552),(549,548,553),(552,550,554),(554,
550,555),(550,551,555),(552,554,556),(557,552,556),(553,552,557),(556,554,
558),(554,559,558),(555,559,554),(556,558,560),(561,556,560),(557,556,561),
(560,558,562),(558,563,562),(559,563,558),(560,562,564),(565,560,564),(561,
560,565),(564,562,566),(562,567,566),(563,567,562),(564,566,568),(569,564,
568),(565,564,569),(568,566,570),(566,571,570),(567,571,566),(568,570,572),
(573,568,572),(569,568,573),(572,570,574),(570,575,574),(571,575,570),(572,
574,576),(577,572,576),(573,572,577),(576,574,578),(574,579,578),(575,579,
574),(576,578,580),(581,576,580),(577,576,581),(580,578,582),(578,583,582),
(579,583,578),(580,582,584),(585,580,584),(581,580,585),(584,582,586),(582,
587,586),(583,587,582),(584,586,588),(589,584,588),(585,584,589),(588,586,
590),(586,591,590),(587,591,586),(588,590,592),(593,588,592),(589,588,593),
(592,590,594),(590,595,594),(591,595,590),(592,594,596),(597,592,596),(593,
592,597),(596,594,598),(594,599,598),(595,599,594),(596,598,600),(601,596,
600),(597,596,601),(600,598,602),(598,603,602),(599,603,598),(600,602,604),
(605,600,604),(601,600,605),(604,602,606),(602,607,606),(603,607,602),(604,
606,608),(609,604,608),(605,604,609),(608,606,610),(606,611,610),(607,611,
606),(608,610,612),(613,608,612),(609,608,613),(612,610,614),(610,615,614),
(611,615,610),(612,614,616),(617,612,616),(613,612,617),(616,614,618),(614,
619,618),(615,619,614),(616,618,620),(621,616,620),(617,616,621),(620,618,
622),(618,623,622),(619,623,618),(620,622,624),(625,620,624),(621,620,625),
(624,622,626),(622,627,626),(623,627,622),(624,626,628),(629,624,628),(625,
624,629),(628,626,630),(626,631,630),(627,631,626),(628,630,632),(633,628,
632),(629,628,633),(632,630,634),(630,635,634),(631,635,630),(632,634,636),
(637,632,636),(633,632,637),(636,634,638),(634,639,638),(635,639,634),(636,
638,640),(641,636,640),(637,636,641),(640,638,642),(638,643,642),(639,643,
638),(640,642,644),(645,640,644),(641,640,645),(644,642,646),(642,647,646),
(643,647,642),(644,646,648),(649,644,648),(645,644,649),(648,646,650),(646,
651,650),(647,651,646),(648,650,652),(653,648,652),(649,648,653),(652,650,
654),(650,655,654),(651,655,650),(652,654,656),(657,652,656),(653,652,657),
(656,654,658),(654,659,658),(655,659,654),(656,658,660),(661,656,660),(657,
656,661),(660,658,662),(658,663,662),(659,663,658),(660,662,664),(665,660,
664),(661,660,665),(664,662,666),(662,667,666),(663,667,662),(664,666,668),
(669,664,668),(665,664,669),(668,666,670),(666,671,670),(667,671,666),(668,
670,239),(672,668,239),(669,668,672),(239,670,236),(670,673,236),(671,673,
670),(672,239,240),(673,232,236),(356,674,361),(356,675,674),(356,357,675),
(361,677,365),(361,674,677),(365,678,369),(365,677,678),(369,679,373),(369,
678,679),(373,680,377),(373,679,680),(377,681,381),(377,680,681),(381,682,
385),(381,681,682),(385,683,389),(385,682,683),(389,683,399),(674,684,677),
(674,685,684),(674,675,685),(677,687,678),(677,684,687),(678,688,679),(678,
687,688),(679,689,680),(679,688,689),(680,690,681),(680,689,690),(681,691,
682),(681,690,691),(682,692,683),(682,691,692),(683,693,399),(683,692,693),
(399,693,403),(684,694,687),(684,695,694),(684,685,695),(687,697,688),(687,
694,697),(688,698,689),(688,697,698),(689,699,690),(689,698,699),(690,700,
691),(690,699,700),(691,701,692),(691,700,701),(692,702,693),(692,701,702),
(693,703,403),(693,702,703),(403,703,407),(694,704,697),(694,705,704),(694,
695,705),(697,707,698),(697,704,707),(698,708,699),(698,707,708),(699,709,
700),(699,708,709),(700,710,701),(700,709,710),(701,711,702),(701,710,711),
(702,712,703),(702,711,712),(703,713,407),(703,712,713),(407,713,411),(704,
714,707),(704,715,714),(704,705,715),(707,717,708),(707,714,717),(708,718,
709),(708,717,718),(709,719,710),(709,718,719),(710,720,711),(710,719,720),
(711,721,712),(711,720,721),(712,722,713),(712,721,722),(713,723,411),(713,
722,723),(411,723,415),(714,724,717),(714,725,724),(714,715,725),(717,727,
718),(717,724,727),(718,728,719),(718,727,728),(719,729,720),(719,728,729),
(720,730,721),(720,729,730),(721,731,722),(721,730,731),(722,732,723),(722,
731,732),(723,733,415),(723,732,733),(415,733,419),(724,734,727),(724,735,
734),(724,725,735),(727,737,728),(727,734,737),(728,738,729),(728,737,738),
(729,739,730),(729,738,739),(730,740,731),(730,739,740),(731,741,732),(731,
740,741),(732,742,733),(732,741,742),(733,743,419),(733,742,743),(419,743,
423),(734,744,737),(734,745,744),(734,735,745),(737,747,738),(737,744,747),
(738,748,739),(738,747,748),(739,749,740),(739,748,749),(740,750,741),(740,
749,750),(741,751,742),(741,750,751),(742,752,743),(742,751,752),(743,753,
423),(743,752,753),(423,753,427),(744,754,747),(744,755,754),(744,745,755),
(747,757,748),(747,754,757),(748,758,749),(748,757,758),(749,759,750),(749,
758,759),(750,760,751),(750,759,760),(751,761,752),(751,760,761),(752,762,
753),(752,761,762),(753,763,427),(753,762,763),(427,763,431),(754,764,757),
(754,755,764),(757,765,758),(757,764,765),(758,766,759),(758,765,766),(759,
767,760),(759,766,767),(760,768,761),(760,767,768),(761,769,762),(761,768,
769),(762,770,763),(762,769,770),(763,771,431),(763,770,771),(431,771,435),
(764,772,765),(764,773,772),(764,755,773),(765,775,766),(765,772,775),(766,
776,767),(766,775,776),(767,777,768),(767,776,777),(768,778,769),(768,777,
778),(769,779,770),(769,778,779),(770,780,771),(770,779,780),(771,781,435),
(771,780,781),(435,781,439),(772,782,775),(772,783,782),(772,773,783),(775,
785,776),(775,782,785),(776,786,777),(776,785,786),(777,787,778),(777,786,
787),(778,788,779),(778,787,788),(779,789,780),(779,788,789),(780,790,781),
(780,789,790),(781,791,439),(781,790,791),(439,791,443),(782,792,785),(782,
793,792),(782,783,793),(785,795,786),(785,792,795),(786,796,787),(786,795,
796),(787,797,788),(787,796,797),(788,798,789),(788,797,798),(789,799,790),
(789,798,799),(790,800,791),(790,799,800),(791,801,443),(791,800,801),(443,
801,447),(792,802,795),(792,803,802),(792,793,803),(795,805,796),(795,802,
805),(796,806,797),(796,805,806),(797,807,798),(797,806,807),(798,808,799),
(798,807,808),(799,809,800),(799,808,809),(800,810,801),(800,809,810),(801,
811,447),(801,810,811),(447,811,451),(802,812,805),(802,813,812),(802,803,
813),(805,815,806),(805,812,815),(806,816,807),(806,815,816),(807,817,808),
(807,816,817),(808,818,809),(808,817,818),(809,819,810),(809,818,819),(810,
820,811),(810,819,820),(811,821,451),(811,820,821),(451,821,455),(812,822,
815),(812,823,822),(812,813,823),(815,825,816),(815,822,825),(816,826,817),
(816,825,826),(817,827,818),(817,826,827),(818,828,819),(818,827,828),(819,
829,820),(819,828,829),(820,830,821),(820,829,830),(821,831,455),(821,830,
831),(455,831,459),(822,832,825),(822,833,832),(822,823,833),(825,835,826),
(825,832,835),(826,836,827),(826,835,836),(827,837,828),(827,836,837),(828,
838,829),(828,837,838),(829,839,830),(829,838,839),(830,840,831),(830,839,
840),(831,841,459),(831,840,841),(459,841,463),(832,842,835),(832,843,842),
(832,833,843),(835,845,836),(835,842,845),(836,846,837),(836,845,846),(837,
847,838),(837,846,847),(838,848,839),(838,847,848),(839,849,840),(839,848,
849),(840,850,841),(840,849,850),(841,851,463),(841,850,851),(463,851,467),
(845,842,852),(852,842,853),(842,854,853),(842,843,854),(852,846,845),(846,
856,847),(852,856,846),(847,857,848),(847,856,857),(848,858,849),(848,857,
858),(849,859,850),(849,858,859),(850,860,851),(850,859,860),(851,861,467),
(851,860,861),(467,861,471),(852,853,862),(862,856,852),(862,853,863),(853,
864,863),(853,854,864),(862,863,866),(867,862,866),(856,862,867),(866,863,
868),(863,869,868),(863,864,869),(866,868,871),(872,866,871),(867,866,872),
(871,868,873),(868,874,873),(868,869,874),(871,873,876),(877,871,876),(872,
871,877),(876,873,878),(873,874,878),(876,878,879),(880,876,879),(877,876,
880),(879,878,881),(878,882,881),(878,874,882),(879,881,884),(885,879,884),
(880,879,885),(884,881,886),(881,887,886),(881,882,887),(884,886,889),(890,
884,889),(885,884,890),(889,886,891),(886,892,891),(886,887,892),(889,891,
894),(895,889,894),(890,889,895),(894,891,896),(891,897,896),(891,892,897),
(894,896,899),(900,894,899),(895,894,900),(899,896,901),(896,902,901),(896,
897,902),(899,901,904),(905,899,904),(900,899,905),(904,901,906),(901,907,
906),(901,902,907),(904,906,909),(910,904,909),(905,904,910),(909,906,911),
(906,912,911),(906,907,912),(909,911,914),(915,909,914),(910,909,915),(914,
911,916),(911,917,916),(911,912,917),(914,916,919),(920,914,919),(915,914,
920),(919,916,921),(916,922,921),(916,917,922),(919,921,924),(925,919,924),
(920,919,925),(924,921,926),(921,927,926),(921,922,927),(924,926,929),(930,
924,929),(925,924,930),(929,926,931),(926,932,931),(926,927,932),(929,931,
934),(935,929,934),(930,929,935),(934,931,936),(931,937,936),(931,932,937),
(934,936,939),(940,934,939),(935,934,940),(939,936,941),(936,937,941),(939,
941,942),(943,939,942),(940,939,943),(942,941,944),(941,945,944),(941,937,
945),(942,944,947),(948,942,947),(943,942,948),(947,944,949),(944,950,949),
(944,945,950),(947,949,952),(948,947,952),(952,949,953),(949,954,953),(949,
955,954),(949,950,955),(952,953,957),(957,948,952),(957,953,958),(953,959,
958),(953,954,960),(953,960,959),(957,958,961),(961,962,957),(962,948,957),
(961,958,963),(958,964,963),(958,959,964),(961,963,965),(965,966,961),(966,
962,961),(965,963,967),(963,968,967),(963,964,968),(965,967,969),(969,970,
965),(970,966,965),(969,967,971),(967,972,971),(967,968,972),(969,971,973),
(973,974,969),(974,970,969),(973,971,975),(971,976,975),(971,972,976),(973,
975,977),(977,978,973),(978,974,973),(977,975,979),(975,980,979),(975,976,
980),(977,979,519),(977,519,520),(520,978,977),(519,979,524),(979,531,524),
(979,980,531),(954,981,960),(954,982,981),(954,955,982),(959,960,984),(960,
985,984),(960,981,985),(959,984,986),(959,986,964),(986,984,987),(984,988,
987),(984,985,988),(986,987,989),(986,989,990),(964,986,990),(989,987,991),
(987,992,991),(987,988,992),(989,991,993),(989,993,994),(990,989,994),(993,
991,995),(991,996,995),(991,992,996),(993,995,997),(993,997,998),(994,993,
998),(997,995,999),(995,1000,999),(995,996,1000),(997,999,1001),(997,1001,
1002),(998,997,1002),(1001,999,1003),(999,1004,1003),(999,1000,1004),(1001,
1003,555),(555,551,1001),(1002,1001,551),(555,1003,559),(1003,1005,559),
(1003,1004,1005),(559,1005,563),(981,1006,985),(981,1007,1006),(981,982,
1007),(985,1009,988),(985,1006,1009),(988,1010,992),(988,1009,1010),(992,
1011,996),(992,1010,1011),(996,1012,1000),(996,1011,1012),(1000,1013,1004),
(1000,1012,1013),(1004,1014,1005),(1004,1013,1014),(1005,1015,563),(1005,
1014,1015),(563,1015,567),(1006,1016,1009),(1006,1017,1016),(1006,1007,
1017),(1009,1019,1010),(1009,1016,1019),(1010,1020,1011),(1010,1019,1020),
(1011,1021,1012),(1011,1020,1021),(1012,1022,1013),(1012,1021,1022),(1013,
1023,1014),(1013,1022,1023),(1014,1024,1015),(1014,1023,1024),(1015,1025,
567),(1015,1024,1025),(567,1025,571),(1016,1026,1019),(1016,1027,1026),
(1016,1017,1027),(1019,1029,1020),(1019,1026,1029),(1020,1030,1021),(1020,
1029,1030),(1021,1031,1022),(1021,1030,1031),(1022,1032,1023),(1022,1031,
1032),(1023,1033,1024),(1023,1032,1033),(1024,1034,1025),(1024,1033,1034),
(1025,1035,571),(1025,1034,1035),(571,1035,575),(1026,1036,1029),(1026,
1037,1036),(1026,1027,1037),(1029,1039,1030),(1029,1036,1039),(1030,1040,
1031),(1030,1039,1040),(1031,1041,1032),(1031,1040,1041),(1032,1042,1033),
(1032,1041,1042),(1033,1043,1034),(1033,1042,1043),(1034,1044,1035),(1034,
1043,1044),(1035,1045,575),(1035,1044,1045),(575,1045,579),(1036,1046,1039),
(1036,1047,1046),(1036,1037,1047),(1039,1049,1040),(1039,1046,1049),(1040,
1050,1041),(1040,1049,1050),(1041,1051,1042),(1041,1050,1051),(1042,1052,
1043),(1042,1051,1052),(1043,1053,1044),(1043,1052,1053),(1044,1054,1045),
(1044,1053,1054),(1045,1055,579),(1045,1054,1055),(579,1055,583),(1046,
1056,1049),(1046,1057,1056),(1046,1047,1057),(1049,1059,1050),(1049,1056,
1059),(1050,1060,1051),(1050,1059,1060),(1051,1061,1052),(1051,1060,1061),
(1052,1062,1053),(1052,1061,1062),(1053,1063,1054),(1053,1062,1063),(1054,
1064,1055),(1054,1063,1064),(1055,1065,583),(1055,1064,1065),(583,1065,
587),(1056,1066,1059),(1056,1067,1066),(1056,1057,1067),(1059,1069,1060),
(1059,1066,1069),(1060,1070,1061),(1060,1069,1070),(1061,1071,1062),(1061,
1070,1071),(1062,1072,1063),(1062,1071,1072),(1063,1073,1064),(1063,1072,
1073),(1064,1074,1065),(1064,1073,1074),(1065,1075,587),(1065,1074,1075),
(587,1075,591),(1066,1076,1069),(1077,1076,1066),(1066,1067,1077),(1069,
1079,1070),(1069,1076,1079),(1070,1080,1071),(1070,1079,1080),(1071,1081,
1072),(1071,1080,1081),(1072,1082,1073),(1072,1081,1082),(1073,1083,1074),
(1073,1082,1083),(1074,1084,1075),(1074,1083,1084),(1075,1085,591),(1075,
1084,1085),(591,1085,595),(1076,1086,1079),(1077,1086,1076),(1079,1087,
1080),(1079,1086,1087),(1080,1088,1081),(1080,1087,1088),(1081,1089,1082),
(1081,1088,1089),(1082,1090,1083),(1082,1089,1090),(1083,1091,1084),(1083,
1090,1091),(1084,1092,1085),(1084,1091,1092),(1085,1093,595),(1085,1092,
1093),(595,1093,599),(1086,1094,1087),(1095,1094,1086),(1095,1086,1077),
(1087,1097,1088),(1087,1094,1097),(1088,1098,1089),(1088,1097,1098),(1089,
1099,1090),(1089,1098,1099),(1090,1100,1091),(1090,1099,1100),(1091,1101,
1092),(1091,1100,1101),(1092,1102,1093),(1092,1101,1102),(1093,1103,599),
(1093,1102,1103),(599,1103,603),(1094,1104,1097),(1105,1104,1094),(1105,
1094,1095),(1097,1107,1098),(1097,1104,1107),(1098,1108,1099),(1098,1107,
1108),(1099,1109,1100),(1099,1108,1109),(1100,1110,1101),(1100,1109,1110),
(1101,1111,1102),(1101,1110,1111),(1102,1112,1103),(1102,1111,1112),(1103,
1113,603),(1103,1112,1113),(603,1113,607),(1104,1114,1107),(1115,1114,1104),
(1115,1104,1105),(1107,1117,1108),(1107,1114,1117),(1108,1118,1109),(1108,
1117,1118),(1109,1119,1110),(1109,1118,1119),(1110,1120,1111),(1110,1119,
1120),(1111,1121,1112),(1111,1120,1121),(1112,1122,1113),(1112,1121,1122),
(1113,1123,607),(1113,1122,1123),(607,1123,611),(1114,1124,1117),(1125,
1124,1114),(1125,1114,1115),(1117,1127,1118),(1117,1124,1127),(1118,1128,
1119),(1118,1127,1128),(1119,1129,1120),(1119,1128,1129),(1120,1130,1121),
(1120,1129,1130),(1121,1131,1122),(1121,1130,1131),(1122,1132,1123),(1122,
1131,1132),(1123,1133,611),(1123,1132,1133),(611,1133,615),(1124,1134,1127),
(1135,1134,1124),(1135,1124,1125),(1127,1137,1128),(1127,1134,1137),(1128,
1138,1129),(1128,1137,1138),(1129,1139,1130),(1129,1138,1139),(1130,1140,
1131),(1130,1139,1140),(1131,1141,1132),(1131,1140,1141),(1132,1142,1133),
(1132,1141,1142),(1133,1143,615),(1133,1142,1143),(615,1143,619),(1134,
1144,1137),(1145,1144,1134),(1145,1134,1135),(1137,1147,1138),(1137,1144,
1147),(1138,1148,1139),(1138,1147,1148),(1139,1149,1140),(1139,1148,1149),
(1140,1150,1141),(1140,1149,1150),(1141,1151,1142),(1141,1150,1151),(1142,
1152,1143),(1142,1151,1152),(1143,1153,619),(1143,1152,1153),(619,1153,
623),(1144,1154,1147),(1155,1154,1144),(1155,1144,1145),(1147,1157,1148),
(1147,1154,1157),(1148,1158,1149),(1148,1157,1158),(1149,1159,1150),(1149,
1158,1159),(1150,1160,1151),(1150,1159,1160),(1151,1161,1152),(1151,1160,
1161),(1152,1162,1153),(1152,1161,1162),(1153,1163,623),(1153,1162,1163),
(623,1163,627),(1154,1164,1157),(1165,1164,1154),(1165,1154,1155),(1157,
1167,1158),(1157,1164,1167),(1158,1168,1159),(1158,1167,1168),(1159,1169,
1160),(1159,1168,1169),(1160,1170,1161),(1160,1169,1170),(1161,1171,1162),
(1161,1170,1171),(1162,1172,1163),(1162,1171,1172),(1163,1173,627),(1163,
1172,1173),(627,1173,631),(1164,1174,1167),(1164,1175,1174),(1175,1164,
1165),(1167,1177,1168),(1167,1174,1177),(1168,1178,1169),(1168,1177,1178),
(1169,1179,1170),(1169,1178,1179),(1170,1180,1171),(1170,1179,1180),(1171,
1181,1172),(1171,1180,1181),(1172,1182,1173),(1172,1181,1182),(1173,1183,
631),(1173,1182,1183),(631,1183,635),(1177,1174,1184),(1184,1174,1185),
(1174,1186,1185),(1174,1175,1186),(1177,1184,1178),(1178,1188,1179),(1178,
1184,1188),(1179,1189,1180),(1179,1188,1189),(1180,1190,1181),(1180,1189,
1190),(1181,1191,1182),(1181,1190,1191),(1182,1192,1183),(1182,1191,1192),
(1183,1193,635),(1183,1192,1193),(635,1193,639),(1184,1185,1194),(1184,
1194,1188),(1194,1185,1195),(1185,1196,1195),(1185,1186,1196),(1194,1195,
1198),(1194,1198,1199),(1188,1194,1199),(1198,1195,1200),(1195,1201,1200),
(1195,1196,1201),(1198,1200,1203),(1198,1203,1204),(1199,1198,1204),(1203,
1200,1205),(1200,1201,1205),(1203,1205,1206),(1203,1206,1207),(1204,1203,
1207),(1206,1205,1208),(1205,1209,1208),(1205,1201,1209),(1206,1208,1211),
(1206,1211,1212),(1207,1206,1212),(1211,1208,1213),(1208,1214,1213),(1208,
1209,1214),(1211,1213,1216),(1211,1216,1217),(1212,1211,1217),(1216,1213,
1218),(1213,1219,1218),(1213,1214,1219),(1216,1218,1221),(1216,1221,1222),
(1217,1216,1222),(1221,1218,1223),(1218,1224,1223),(1218,1219,1224),(1221,
1223,1226),(1221,1226,1227),(1222,1221,1227),(1226,1223,1228),(1223,1229,
1228),(1223,1224,1229),(1226,1228,1231),(1226,1231,1232),(1227,1226,1232),
(1231,1228,1233),(1228,1234,1233),(1228,1229,1234),(1231,1233,1236),(1231,
1236,1237),(1232,1231,1237),(1236,1233,1238),(1233,1239,1238),(1233,1234,
1239),(1236,1238,1241),(1236,1241,1242),(1237,1236,1242),(1241,1238,1243),
(1238,1244,1243),(1238,1239,1244),(1241,1243,1246),(1241,1246,1247),(1242,
1241,1247),(1246,1243,1248),(1243,1249,1248),(1243,1244,1249),(1246,1248,
1251),(1246,1251,1252),(1247,1246,1252),(1251,1248,1253),(1248,1254,1253),
(1248,1249,1254),(1251,1253,1256),(1251,1256,1257),(1252,1251,1257),(1256,
1253,1258),(1253,1259,1258),(1253,1254,1259),(1256,1258,1261),(1256,1261,
1262),(1257,1256,1262),(1261,1258,1263),(1258,1264,1263),(1258,1259,1264),
(1261,1263,1266),(1261,1266,1267),(1262,1261,1267),(1266,1263,1268),(1263,
1264,1268),(1266,1268,204),(1266,204,208),(1267,1266,208),(204,1268,199),
(1268,1269,199),(1268,1264,1269),(199,1269,200),(1271,1272,1273),(1272,
1271,1274),(1275,1271,1273),(1274,1271,1276),(1277,1276,1271),(1277,1271,
1275),(1273,1272,1278),(1279,1278,1272),(1280,1272,1274),(1279,1272,1280),
(1273,1278,1281),(1282,1273,1281),(1275,1273,1282),(1281,1278,1283),(1284,
1283,1278),(1285,1278,1279),(1285,1284,1278),(1281,1283,1286),(1287,1281,
1286),(1282,1281,1287),(1286,1283,1288),(1289,1288,1283),(1284,1289,1283),
(1286,1288,1290),(1291,1286,1290),(1287,1286,1291),(1290,1288,1292),(1289,
1292,1288),(1290,1292,1293),(1294,1290,1293),(1291,1290,1294),(1293,1292,
1295),(1296,1295,1292),(1296,1292,1289),(1293,1295,1297),(1298,1293,1297),
(1294,1293,1298),(1297,1295,1299),(1300,1299,1295),(1300,1295,1296),(1297,
1299,1301),(1302,1297,1301),(1298,1297,1302),(1301,1299,1303),(1304,1303,
1299),(1304,1299,1300),(1301,1303,1305),(1306,1301,1305),(1302,1301,1306),
(1305,1303,1307),(1308,1307,1303),(1308,1303,1304),(1305,1307,1309),(1310,
1305,1309),(1306,1305,1310),(1309,1307,1311),(1312,1311,1307),(1312,1307,
1308),(1309,1311,1313),(1314,1309,1313),(1310,1309,1314),(1313,1311,1315),
(1316,1315,1311),(1316,1311,1312),(1313,1315,1317),(1318,1313,1317),(1314,
1313,1318),(1317,1315,1319),(1320,1319,1315),(1320,1315,1316),(1317,1319,
1321),(1322,1317,1321),(1318,1317,1322),(1321,1319,1323),(1324,1323,1319),
(1324,1319,1320),(1321,1323,1325),(1326,1321,1325),(1322,1321,1326),(1325,
1323,1327),(1328,1327,1323),(1328,1323,1324),(1325,1327,1329),(1330,1325,
1329),(1326,1325,1330),(1329,1327,1331),(1332,1331,1327),(1332,1327,1328),
(1329,1331,1333),(1334,1329,1333),(1330,1329,1334),(1333,1331,1335),(1336,
1335,1331),(1336,1331,1332),(1333,1335,1337),(1338,1333,1337),(1334,1333,
1338),(1337,1335,1339),(1340,1339,1335),(1340,1335,1336),(1337,1339,1341),
(1342,1337,1341),(1338,1337,1342),(1341,1339,1343),(1344,1343,1339),(1344,
1339,1340),(1341,1343,1345),(1346,1341,1345),(1342,1341,1346),(1345,1343,
1347),(1348,1347,1343),(1348,1343,1344),(1345,1347,1349),(1350,1345,1349),
(1346,1345,1350),(1349,1347,1351),(1352,1351,1347),(1352,1347,1348),(1349,
1351,1353),(1354,1349,1353),(1350,1349,1354),(1353,1351,1355),(1356,1355,
1351),(1356,1351,1352),(1353,1355,1357),(1358,1353,1357),(1354,1353,1358),
(1357,1355,1359),(1360,1359,1355),(1360,1355,1356),(1357,1359,1361),(1362,
1357,1361),(1358,1357,1362),(1361,1359,1363),(1364,1363,1359),(1364,1359,
1360),(1361,1363,1365),(1366,1361,1365),(1362,1361,1366),(1365,1363,1367),
(1368,1367,1363),(1368,1363,1364),(1365,1367,1369),(1370,1365,1369),(1366,
1365,1370),(1369,1367,1371),(1372,1371,1367),(1372,1367,1368),(1369,1371,
1373),(1374,1369,1373),(1370,1369,1374),(1373,1371,1375),(1376,1375,1371),
(1372,1376,1371),(1373,1375,1377),(1378,1373,1377),(1374,1373,1378),(1377,
1375,1379),(1380,1379,1375),(1376,1380,1375),(1377,1379,1381),(1382,1377,
1381),(1378,1377,1382),(1381,1379,1383),(1384,1383,1379),(1380,1384,1379),
(1381,1383,1385),(1386,1381,1385),(1382,1381,1386),(1385,1383,1387),(1388,
1387,1383),(1384,1388,1383),(1385,1387,1389),(1390,1385,1389),(1386,1385,
1390),(1389,1387,1391),(1392,1391,1387),(1388,1392,1387),(1389,1391,1393),
(1394,1389,1393),(1390,1389,1394),(1393,1391,387),(387,1391,383),(1392,
383,1391),(1393,387,391),(1395,1393,391),(1394,1393,1395),(1395,391,395),
(1274,1276,1396),(1397,1274,1396),(1280,1274,1397),(1396,1276,1398),(1399,
1398,1276),(1399,1276,1277),(1396,1398,1400),(1401,1396,1400),(1397,1396,
1401),(1400,1398,1402),(1403,1402,1398),(1403,1398,1399),(1400,1402,1404),
(1405,1400,1404),(1401,1400,1405),(1404,1402,1406),(1407,1406,1402),(1407,
1402,1403),(1404,1406,1408),(1409,1404,1408),(1405,1404,1409),(1408,1406,
1410),(1411,1410,1406),(1411,1406,1407),(1408,1410,1412),(1413,1408,1412),
(1409,1408,1413),(1412,1410,1414),(1415,1414,1410),(1415,1410,1411),(1412,
1414,1416),(1417,1412,1416),(1413,1412,1417),(1416,1414,1418),(1419,1418,
1414),(1419,1414,1415),(1416,1418,1420),(1421,1416,1420),(1417,1416,1421),
(1420,1418,1422),(1423,1422,1418),(1423,1418,1419),(1420,1422,1424),(1425,
1420,1424),(1421,1420,1425),(1424,1422,1426),(1427,1426,1422),(1427,1422,
1423),(1424,1426,1428),(1429,1424,1428),(1425,1424,1429),(1428,1426,1430),
(1431,1430,1426),(1431,1426,1427),(1428,1430,1432),(1433,1428,1432),(1429,
1428,1433),(1432,1430,1434),(1435,1434,1430),(1435,1430,1431),(1432,1434,
1436),(1437,1432,1436),(1433,1432,1437),(1436,1434,1438),(1439,1438,1434),
(1439,1434,1435),(1436,1438,1440),(1441,1436,1440),(1437,1436,1441),(1440,
1438,1442),(1443,1442,1438),(1443,1438,1439),(1440,1442,1444),(1445,1440,
1444),(1441,1440,1445),(1444,1442,1446),(1447,1446,1442),(1447,1442,1443),
(1444,1446,1448),(1449,1444,1448),(1445,1444,1449),(1448,1446,1450),(1451,
1450,1446),(1451,1446,1447),(1448,1450,1452),(1453,1448,1452),(1449,1448,
1453),(1452,1450,1454),(1455,1454,1450),(1455,1450,1451),(1452,1454,1456),
(1457,1452,1456),(1453,1452,1457),(1456,1454,1458),(1459,1458,1454),(1459,
1454,1455),(1456,1458,230),(226,1456,230),(1457,1456,226),(230,1458,234),
(1460,234,1458),(1460,1458,1459),(238,234,1460),(354,1461,349),(354,363,
1461),(349,1462,344),(349,1461,1462),(344,1463,339),(344,1462,1463),(339,
1464,336),(339,1463,1464),(336,1465,331),(336,1464,1465),(331,1466,326),
(331,1465,1466),(326,1467,321),(326,1466,1467),(321,1468,316),(321,1467,
1468),(316,1469,311),(316,1468,1469),(311,1470,306),(311,1469,1470),(306,
1471,301),(306,1470,1471),(301,1472,296),(301,1471,1472),(296,1473,291),
(296,1472,1473),(291,1474,286),(291,1473,1474),(286,1475,281),(286,1474,
1475),(281,1476,276),(281,1475,1476),(276,1477,273),(276,1476,1477),(273,
1478,268),(273,1477,1478),(268,1479,246),(268,1478,1479),(246,1480,247),
(246,1479,1480),(245,247,1481),(247,1482,1481),(247,1480,1482),(245,1481,
248),(248,1481,1483),(1481,1484,1483),(1481,1482,1484),(248,1483,249),(249,
1483,1485),(1483,1486,1485),(1483,1484,1486),(249,1485,250),(250,1485,1487),
(1485,1488,1487),(1485,1486,1488),(250,1487,251),(251,1487,1489),(1487,
1490,1489),(1487,1488,1490),(251,1489,252),(252,1489,1491),(1489,1492,1491),
(1489,1490,1492),(252,1491,253),(253,1491,1493),(1491,1494,1493),(1491,
1492,1494),(253,1493,254),(254,1493,1495),(1493,1496,1495),(1493,1494,1496),
(254,1495,255),(255,1495,1497),(1495,1498,1497),(1495,1496,1498),(255,1497,
256),(256,1497,1499),(1497,1500,1499),(1497,1498,1500),(256,1499,257),(257,
1499,1501),(1499,1502,1501),(1499,1500,1502),(257,1501,258),(258,1501,1503),
(1501,1504,1503),(1501,1502,1504),(258,1503,259),(259,1503,1505),(1503,
1506,1505),(1503,1504,1506),(259,1505,260),(260,1505,1507),(1505,1508,1507),
(1505,1506,1508),(260,1507,261),(261,1507,1509),(1507,1510,1509),(1507,
1508,1510),(261,1509,262),(262,1509,1511),(1509,1512,1511),(1509,1510,1512),
(262,1511,263),(263,1511,1513),(1511,1514,1513),(1511,1512,1514),(263,1513,
264),(264,1513,1515),(1513,1516,1515),(1513,1514,1516),(264,1515,265),(265,
1515,1517),(1515,1518,1517),(1515,1516,1518),(265,1517,266),(266,1517,1519),
(1517,1520,1519),(1517,1518,1520),(266,1519,206),(206,1519,210),(1519,1521,
210),(1519,1520,1521),(210,1521,214),(1461,1522,1462),(1461,363,1523),(1461,
1523,1522),(1462,1524,1463),(1462,1522,1524),(1463,1525,1464),(1463,1524,
1525),(1464,1526,1465),(1464,1525,1526),(1465,1527,1466),(1465,1526,1527),
(1466,1528,1467),(1466,1527,1528),(1467,1529,1468),(1467,1528,1529),(1468,
1530,1469),(1468,1529,1530),(1469,1531,1470),(1469,1530,1531),(1470,1532,
1471),(1470,1531,1532),(1471,1533,1472),(1471,1532,1533),(1472,1534,1473),
(1472,1533,1534),(1473,1535,1474),(1473,1534,1535),(1474,1536,1475),(1474,
1535,1536),(1475,1537,1476),(1475,1536,1537),(1476,1538,1477),(1476,1537,
1538),(1477,1539,1478),(1477,1538,1539),(1478,1540,1479),(1478,1539,1540),
(1479,1541,1480),(1479,1540,1541),(1480,1542,1482),(1480,1541,1542),(1482,
1543,1484),(1482,1542,1543),(1484,1544,1486),(1484,1543,1544),(1486,1545,
1488),(1486,1544,1545),(1488,1546,1490),(1488,1545,1546),(1490,1547,1492),
(1490,1546,1547),(1492,1548,1494),(1492,1547,1548),(1494,1549,1496),(1494,
1548,1549),(1496,1550,1498),(1496,1549,1550),(1498,1551,1500),(1498,1550,
1551),(1500,1552,1502),(1500,1551,1552),(1502,1553,1504),(1502,1552,1553),
(1504,1554,1506),(1504,1553,1554),(1506,1555,1508),(1506,1554,1555),(1508,
1556,1510),(1508,1555,1556),(1510,1557,1512),(1510,1556,1557),(1512,1558,
1514),(1512,1557,1558),(1514,1559,1516),(1514,1558,1559),(1516,1560,1518),
(1516,1559,1560),(1518,1561,1520),(1518,1560,1561),(1520,1562,1521),(1520,
1561,1562),(1521,1563,214),(1521,1562,1563),(214,1563,218),(363,367,1523),
(1522,1523,1564),(1523,1565,1564),(1523,367,1565),(1522,1564,1566),(1522,
1566,1524),(1566,1564,1567),(1564,1568,1567),(1564,1565,1568),(1566,1567,
1569),(1566,1569,1570),(1524,1566,1570),(1569,1567,1571),(1567,1572,1571),
(1567,1568,1572),(1569,1571,1573),(1569,1573,1574),(1570,1569,1574),(1573,
1571,1376),(1571,1380,1376),(1571,1572,1380),(1573,1376,1372),(1573,1372,
1575),(1574,1573,1575),(1575,1372,1368),(1524,1570,1525),(1525,1576,1526),
(1525,1570,1576),(1526,1577,1527),(1526,1576,1577),(1527,1578,1528),(1527,
1577,1578),(1528,1579,1529),(1528,1578,1579),(1529,1580,1530),(1529,1579,
1580),(1530,1581,1531),(1530,1580,1581),(1531,1582,1532),(1531,1581,1582),
(1532,1583,1533),(1532,1582,1583),(1533,1584,1534),(1533,1583,1584),(1534,
1585,1535),(1534,1584,1585),(1535,1586,1536),(1535,1585,1586),(1536,1587,
1537),(1536,1586,1587),(1537,1588,1538),(1537,1587,1588),(1538,1589,1539),
(1538,1588,1589),(1539,1590,1540),(1539,1589,1590),(1540,1591,1541),(1540,
1590,1591),(1541,1592,1542),(1541,1591,1592),(1542,1593,1543),(1542,1592,
1593),(1543,1594,1544),(1543,1593,1594),(1544,1595,1545),(1544,1594,1595),
(1545,1596,1546),(1545,1595,1596),(1546,1597,1547),(1546,1596,1597),(1547,
1598,1548),(1547,1597,1598),(1548,1599,1549),(1548,1598,1599),(1549,1600,
1550),(1549,1599,1600),(1550,1601,1551),(1550,1600,1601),(1551,1602,1552),
(1551,1601,1602),(1552,1603,1553),(1552,1602,1603),(1553,1604,1554),(1553,
1603,1604),(1554,1605,1555),(1554,1604,1605),(1555,1606,1556),(1555,1605,
1606),(1556,1607,1557),(1556,1606,1607),(1557,1608,1558),(1557,1607,1608),
(1558,1609,1559),(1558,1608,1609),(1559,1610,1560),(1559,1609,1610),(1560,
1611,1561),(1560,1610,1611),(1561,1612,1562),(1561,1611,1612),(1562,1613,
1563),(1562,1612,1613),(1563,1614,218),(1563,1613,1614),(218,1614,222),
(1570,1574,1576),(1576,1615,1577),(1576,1574,1615),(1577,1616,1578),(1577,
1615,1616),(1578,1617,1579),(1578,1616,1617),(1579,1618,1580),(1579,1617,
1618),(1580,1619,1581),(1580,1618,1619),(1581,1620,1582),(1581,1619,1620),
(1582,1621,1583),(1582,1620,1621),(1583,1622,1584),(1583,1621,1622),(1584,
1623,1585),(1584,1622,1623),(1585,1624,1586),(1585,1623,1624),(1586,1625,
1587),(1586,1624,1625),(1587,1626,1588),(1587,1625,1626),(1588,1627,1589),
(1588,1626,1627),(1589,1628,1590),(1589,1627,1628),(1590,1629,1591),(1590,
1628,1629),(1591,1630,1592),(1591,1629,1630),(1592,1631,1593),(1592,1630,
1631),(1593,1632,1594),(1593,1631,1632),(1594,1633,1595),(1594,1632,1633),
(1595,1634,1596),(1595,1633,1634),(1596,1285,1597),(1596,1634,1285),(1597,
1279,1598),(1597,1285,1279),(1598,1280,1599),(1598,1279,1280),(1599,1397,
1600),(1599,1280,1397),(1600,1401,1601),(1600,1397,1401),(1601,1405,1602),
(1601,1401,1405),(1602,1409,1603),(1602,1405,1409),(1603,1413,1604),(1603,
1409,1413),(1604,1417,1605),(1604,1413,1417),(1605,1421,1606),(1605,1417,
1421),(1606,1425,1607),(1606,1421,1425),(1607,1429,1608),(1607,1425,1429),
(1608,1433,1609),(1608,1429,1433),(1609,1437,1610),(1609,1433,1437),(1610,
1441,1611),(1610,1437,1441),(1611,1445,1612),(1611,1441,1445),(1612,1449,
1613),(1612,1445,1449),(1613,1453,1614),(1613,1449,1453),(1614,1457,222),
(1614,1453,1457),(222,1457,226),(1574,1575,1615),(1615,1635,1616),(1615,
1575,1635),(1616,1636,1617),(1616,1635,1636),(1617,1637,1618),(1617,1636,
1637),(1618,1638,1619),(1618,1637,1638),(1619,1639,1620),(1619,1638,1639),
(1620,1640,1621),(1620,1639,1640),(1621,1641,1622),(1621,1640,1641),(1622,
1642,1623),(1622,1641,1642),(1623,1643,1624),(1623,1642,1643),(1624,1644,
1625),(1624,1643,1644),(1625,1645,1626),(1625,1644,1645),(1626,1646,1627),
(1626,1645,1646),(1627,1647,1628),(1627,1646,1647),(1628,1648,1629),(1628,
1647,1648),(1629,1649,1630),(1629,1648,1649),(1630,1650,1631),(1630,1649,
1650),(1631,1651,1632),(1631,1650,1651),(1632,1652,1633),(1632,1651,1652),
(1633,1653,1634),(1633,1652,1653),(1634,1284,1285),(1634,1653,1284),(1575,
1368,1635),(1635,1364,1636),(1635,1368,1364),(1636,1360,1637),(1636,1364,
1360),(1637,1356,1638),(1637,1360,1356),(1638,1352,1639),(1638,1356,1352),
(1639,1348,1640),(1639,1352,1348),(1640,1344,1641),(1640,1348,1344),(1641,
1340,1642),(1641,1344,1340),(1642,1336,1643),(1642,1340,1336),(1643,1332,
1644),(1643,1336,1332),(1644,1328,1645),(1644,1332,1328),(1645,1324,1646),
(1645,1328,1324),(1646,1320,1647),(1646,1324,1320),(1647,1316,1648),(1647,
1320,1316),(1648,1312,1649),(1648,1316,1312),(1649,1308,1650),(1649,1312,
1308),(1650,1304,1651),(1650,1308,1304),(1651,1300,1652),(1651,1304,1300),
(1652,1296,1653),(1652,1300,1296),(1653,1289,1284),(1653,1296,1289),(367,
371,1565),(1565,1654,1568),(1565,371,1654),(1568,1655,1572),(1568,1654,
1655),(1572,1384,1380),(1572,1655,1384),(371,375,1654),(1654,1656,1655),
(1654,375,1656),(1655,1388,1384),(1655,1656,1388),(375,379,1656),(1656,
1392,1388),(1656,379,1392),(379,383,1392),(856,867,857),(857,1657,858),
(857,867,1657),(858,1658,859),(858,1657,1658),(859,1659,860),(859,1658,
1659),(860,1660,861),(860,1659,1660),(861,1661,471),(861,1660,1661),(471,
1661,475),(1657,867,872),(1662,872,877),(1657,872,1662),(1663,877,880),
(1662,877,1663),(1664,880,885),(1663,880,1664),(1665,885,890),(1664,885,
1665),(1666,890,895),(1665,890,1666),(1667,895,900),(1666,895,1667),(1668,
900,905),(1667,900,1668),(1669,905,910),(1668,905,1669),(1670,910,915),
(1669,910,1670),(1671,915,920),(1670,915,1671),(1672,920,925),(1671,920,
1672),(1673,925,930),(1672,925,1673),(1674,930,935),(1673,930,1674),(1675,
935,940),(1674,935,1675),(1676,940,943),(1675,940,1676),(962,943,948),(1676,
943,962),(1657,1662,1658),(1658,1677,1659),(1658,1662,1677),(1659,1678,
1660),(1659,1677,1678),(1660,1679,1661),(1660,1678,1679),(1661,1680,475),
(1661,1679,1680),(475,1680,479),(1677,1662,1663),(1681,1663,1664),(1677,
1663,1681),(1682,1664,1665),(1681,1664,1682),(1683,1665,1666),(1682,1665,
1683),(1684,1666,1667),(1683,1666,1684),(1685,1667,1668),(1684,1667,1685),
(1686,1668,1669),(1685,1668,1686),(1687,1669,1670),(1686,1669,1687),(1688,
1670,1671),(1687,1670,1688),(1689,1671,1672),(1688,1671,1689),(1690,1672,
1673),(1689,1672,1690),(1691,1673,1674),(1690,1673,1691),(1692,1674,1675),
(1691,1674,1692),(1693,1675,1676),(1692,1675,1693),(966,1676,962),(1693,
1676,966),(1677,1681,1678),(1678,1694,1679),(1678,1681,1694),(1679,1695,
1680),(1679,1694,1695),(1680,1696,479),(1680,1695,1696),(479,1696,483),
(1694,1681,1682),(1697,1682,1683),(1694,1682,1697),(1698,1683,1684),(1697,
1683,1698),(1699,1684,1685),(1698,1684,1699),(1700,1685,1686),(1699,1685,
1700),(1701,1686,1687),(1700,1686,1701),(1702,1687,1688),(1701,1687,1702),
(1703,1688,1689),(1702,1688,1703),(1704,1689,1690),(1703,1689,1704),(1705,
1690,1691),(1704,1690,1705),(1706,1691,1692),(1705,1691,1706),(1707,1692,
1693),(1706,1692,1707),(970,1693,966),(1707,1693,970),(1694,1697,1695),
(1695,1708,1696),(1695,1697,1708),(1696,1709,483),(1696,1708,1709),(483,
1709,487),(1708,1697,1698),(1710,1698,1699),(1708,1698,1710),(1711,1699,
1700),(1710,1699,1711),(1712,1700,1701),(1711,1700,1712),(1713,1701,1702),
(1712,1701,1713),(1714,1702,1703),(1713,1702,1714),(1715,1703,1704),(1714,
1703,1715),(1716,1704,1705),(1715,1704,1716),(1717,1705,1706),(1716,1705,
1717),(1718,1706,1707),(1717,1706,1718),(974,1707,970),(1718,1707,974),
(1708,1710,1709),(1709,1719,487),(1709,1710,1719),(487,1719,491),(1719,
1710,1711),(1720,1711,1712),(1719,1711,1720),(1721,1712,1713),(1720,1712,
1721),(1722,1713,1714),(1721,1713,1722),(1723,1714,1715),(1722,1714,1723),
(1724,1715,1716),(1723,1715,1724),(1725,1716,1717),(1724,1716,1725),(1726,
1717,1718),(1725,1717,1726),(978,1718,974),(1726,1718,978),(1719,1720,491),
(491,1720,495),(495,1720,1721),(499,1721,1722),(495,1721,499),(503,1722,
1723),(499,1722,503),(507,1723,1724),(503,1723,507),(511,1724,1725),(507,
1724,511),(515,1725,1726),(511,1725,515),(520,1726,978),(515,1726,520),
(964,990,968),(968,1727,972),(968,990,1727),(972,1728,976),(972,1727,1728),
(976,1729,980),(976,1728,1729),(980,535,531),(980,1729,535),(990,994,1727),
(1727,1730,1728),(1727,994,1730),(1728,1731,1729),(1728,1730,1731),(1729,
539,535),(1729,1731,539),(994,998,1730),(1730,1732,1731),(1730,998,1732),
(1731,543,539),(1731,1732,543),(998,1002,1732),(1732,547,543),(1732,1002,
547),(1002,551,547),(1188,1199,1189),(1189,1733,1190),(1189,1199,1733),
(1190,1734,1191),(1190,1733,1734),(1191,1735,1192),(1191,1734,1735),(1192,
1736,1193),(1192,1735,1736),(1193,1737,639),(1193,1736,1737),(639,1737,
643),(1199,1204,1733),(1733,1738,1734),(1733,1204,1738),(1734,1739,1735),
(1734,1738,1739),(1735,1740,1736),(1735,1739,1740),(1736,1741,1737),(1736,
1740,1741),(1737,1742,643),(1737,1741,1742),(643,1742,647),(1204,1207,1738),
(1738,1743,1739),(1738,1207,1743),(1739,1744,1740),(1739,1743,1744),(1740,
1745,1741),(1740,1744,1745),(1741,1746,1742),(1741,1745,1746),(1742,1747,
647),(1742,1746,1747),(647,1747,651),(1207,1212,1743),(1743,1748,1744),
(1743,1212,1748),(1744,1749,1745),(1744,1748,1749),(1745,1750,1746),(1745,
1749,1750),(1746,1751,1747),(1746,1750,1751),(1747,1752,651),(1747,1751,
1752),(651,1752,655),(1212,1217,1748),(1748,1753,1749),(1748,1217,1753),
(1749,1754,1750),(1749,1753,1754),(1750,1755,1751),(1750,1754,1755),(1751,
1756,1752),(1751,1755,1756),(1752,1757,655),(1752,1756,1757),(655,1757,
659),(1217,1222,1753),(1753,1758,1754),(1753,1222,1758),(1754,1759,1755),
(1754,1758,1759),(1755,1760,1756),(1755,1759,1760),(1756,1761,1757),(1756,
1760,1761),(1757,1762,659),(1757,1761,1762),(659,1762,663),(1222,1227,1758),
(1758,1763,1759),(1758,1227,1763),(1759,1764,1760),(1759,1763,1764),(1760,
1765,1761),(1760,1764,1765),(1761,1766,1762),(1761,1765,1766),(1762,1767,
663),(1762,1766,1767),(663,1767,667),(1227,1232,1763),(1763,1768,1764),
(1763,1232,1768),(1764,1769,1765),(1764,1768,1769),(1765,1770,1766),(1765,
1769,1770),(1766,1771,1767),(1766,1770,1771),(1767,1772,667),(1767,1771,
1772),(667,1772,671),(1232,1237,1768),(1768,1773,1769),(1768,1237,1773),
(1769,1774,1770),(1769,1773,1774),(1770,1775,1771),(1770,1774,1775),(1771,
1776,1772),(1771,1775,1776),(1772,1777,671),(1772,1776,1777),(671,1777,
673),(1237,1242,1773),(1773,1778,1774),(1773,1242,1778),(1774,1779,1775),
(1774,1778,1779),(1775,1780,1776),(1775,1779,1780),(1776,1781,1777),(1776,
1780,1781),(1777,1782,673),(1777,1781,1782),(673,1782,232),(1242,1247,1778),
(1778,1783,1779),(1778,1247,1783),(1779,1784,1780),(1779,1783,1784),(1780,
1785,1781),(1780,1784,1785),(1781,1786,1782),(1781,1785,1786),(1782,228,
232),(1782,1786,228),(1247,1252,1783),(1783,1787,1784),(1783,1252,1787),
(1784,1788,1785),(1784,1787,1788),(1785,1789,1786),(1785,1788,1789),(1786,
224,228),(1786,1789,224),(1252,1257,1787),(1787,1790,1788),(1787,1257,1790),
(1788,1791,1789),(1788,1790,1791),(1789,220,224),(1789,1791,220),(1257,
1262,1790),(1790,1792,1791),(1790,1262,1792),(1791,216,220),(1791,1792,
216),(1262,1267,1792),(1792,212,216),(1792,1267,212),(1267,208,212),(1275,
1793,1277),(1277,1794,1399),(1277,1793,1794),(1282,1795,1275),(1275,1795,
1793),(1287,1796,1282),(1282,1796,1795),(1291,1797,1287),(1287,1797,1796),
(1294,1798,1291),(1291,1798,1797),(1298,1799,1294),(1294,1799,1798),(1302,
1800,1298),(1298,1800,1799),(1306,1801,1302),(1302,1801,1800),(1310,1802,
1306),(1306,1802,1801),(1314,1803,1310),(1310,1803,1802),(1318,1804,1314),
(1314,1804,1803),(1322,1805,1318),(1318,1805,1804),(1326,1806,1322),(1322,
1806,1805),(1330,1807,1326),(1326,1807,1806),(1334,1808,1330),(1330,1808,
1807),(1338,1809,1334),(1334,1809,1808),(1342,1810,1338),(1338,1810,1809),
(1346,1811,1342),(1342,1811,1810),(1350,1812,1346),(1346,1812,1811),(1354,
1813,1350),(1350,1813,1812),(1358,1814,1354),(1354,1814,1813),(1362,1815,
1358),(1358,1815,1814),(1366,1816,1362),(1362,1816,1815),(1370,1817,1366),
(1366,1817,1816),(1374,1818,1370),(1370,1818,1817),(1378,1819,1374),(1374,
1819,1818),(1382,1820,1378),(1378,1820,1819),(1386,1821,1382),(1382,1821,
1820),(1390,1822,1386),(1386,1822,1821),(1394,1823,1390),(1390,1823,1822),
(1395,1824,1394),(1394,1824,1823),(395,1825,1395),(1395,1825,1824),(394,
1826,395),(395,1826,1825),(397,1827,394),(394,1827,1826),(401,1828,397),
(397,1828,1827),(405,1829,401),(401,1829,1828),(409,1830,405),(405,1830,
1829),(413,1831,409),(409,1831,1830),(417,1832,413),(413,1832,1831),(421,
1833,417),(417,1833,1832),(425,1834,421),(421,1834,1833),(429,1835,425),
(425,1835,1834),(433,1836,429),(429,1836,1835),(437,1837,433),(433,1837,
1836),(441,1838,437),(437,1838,1837),(445,1839,441),(441,1839,1838),(449,
1840,445),(445,1840,1839),(453,1841,449),(449,1841,1840),(457,1842,453),
(453,1842,1841),(461,1843,457),(457,1843,1842),(465,1844,461),(461,1844,
1843),(469,1845,465),(465,1845,1844),(473,1846,469),(469,1846,1845),(477,
1847,473),(473,1847,1846),(481,1848,477),(477,1848,1847),(485,1849,481),
(481,1849,1848),(489,1850,485),(485,1850,1849),(493,1851,489),(489,1851,
1850),(497,1852,493),(493,1852,1851),(501,1853,497),(497,1853,1852),(505,
1854,501),(501,1854,1853),(509,1855,505),(505,1855,1854),(513,1856,509),
(509,1856,1855),(517,1857,513),(513,1857,1856),(522,1858,517),(517,1858,
1857),(526,1859,522),(522,1859,1858),(529,1860,526),(526,1860,1859),(533,
1861,529),(529,1861,1860),(537,1862,533),(533,1862,1861),(541,1863,537),
(537,1863,1862),(545,1864,541),(541,1864,1863),(549,1865,545),(545,1865,
1864),(553,1866,549),(549,1866,1865),(557,1867,553),(553,1867,1866),(561,
1868,557),(557,1868,1867),(565,1869,561),(561,1869,1868),(569,1870,565),
(565,1870,1869),(573,1871,569),(569,1871,1870),(577,1872,573),(573,1872,
1871),(581,1873,577),(577,1873,1872),(585,1874,581),(581,1874,1873),(589,
1875,585),(585,1875,1874),(593,1876,589),(589,1876,1875),(597,1877,593),
(593,1877,1876),(601,1878,597),(597,1878,1877),(605,1879,601),(601,1879,
1878),(609,1880,605),(605,1880,1879),(613,1881,609),(609,1881,1880),(617,
1882,613),(613,1882,1881),(621,1883,617),(617,1883,1882),(625,1884,621),
(621,1884,1883),(629,1885,625),(625,1885,1884),(633,1886,629),(629,1886,
1885),(637,1887,633),(633,1887,1886),(641,1888,637),(637,1888,1887),(645,
1889,641),(641,1889,1888),(649,1890,645),(645,1890,1889),(653,1891,649),
(649,1891,1890),(657,1892,653),(653,1892,1891),(661,1893,657),(657,1893,
1892),(665,1894,661),(661,1894,1893),(669,1895,665),(665,1895,1894),(672,
1896,669),(669,1896,1895),(240,1897,672),(672,1897,1896),(237,1898,240),
(240,1898,1897),(238,1899,237),(237,1899,1898),(1460,1900,238),(238,1900,
1899),(1459,1901,1460),(1460,1901,1900),(1455,1902,1459),(1459,1902,1901),
(1451,1903,1455),(1455,1903,1902),(1447,1904,1451),(1451,1904,1903),(1443,
1905,1447),(1447,1905,1904),(1439,1906,1443),(1443,1906,1905),(1435,1907,
1439),(1439,1907,1906),(1431,1908,1435),(1435,1908,1907),(1427,1909,1431),
(1431,1909,1908),(1423,1910,1427),(1427,1910,1909),(1419,1911,1423),(1423,
1911,1910),(1415,1912,1419),(1419,1912,1911),(1411,1913,1415),(1415,1913,
1912),(1407,1914,1411),(1411,1914,1913),(1403,1915,1407),(1407,1915,1914),
(1399,1916,1403),(1403,1916,1915),(1399,1794,1916),(1917,1176,1166),(1919,
1187,1176),(1919,1176,1917),(1156,1921,1166),(1166,1923,1917),(1166,1921,
1923),(1925,1156,1146),(1921,1156,1925),(1927,1146,1136),(1925,1146,1927),
(1929,1136,1126),(1927,1136,1929),(1931,1126,1116),(1929,1126,1931),(1933,
1116,1106),(1931,1116,1933),(1935,1106,1096),(1933,1106,1935),(1937,1096,
1078),(1935,1096,1937),(1939,1078,1068),(1937,1078,1939),(1941,1197,1187),
(1941,1187,1919),(1943,1202,1197),(1943,1197,1941),(1945,1210,1202),(1945,
1202,1943),(1947,1215,1210),(1947,1210,1945),(1949,1220,1215),(1949,1215,
1947),(1951,1225,1220),(1951,1220,1949),(1953,1230,1225),(1953,1225,1951),
(1955,1235,1230),(1955,1230,1953),(1957,1240,1235),(1957,1235,1955),(1959,
1245,1240),(1959,1240,1957),(1961,1250,1245),(1961,1245,1959),(1963,1255,
1250),(1963,1250,1961),(1965,1260,1255),(1965,1255,1963),(1967,1265,1260),
(1967,1260,1965),(1969,1270,1265),(1969,1265,1967),(1971,201,1270),(1971,
1270,1969),(1973,195,201),(1973,201,1971),(1975,190,195),(1975,195,1973),
(1977,185,190),(1977,190,1975),(1979,180,185),(1979,185,1977),(1981,175,
180),(1981,180,1983),(1983,180,1979),(1985,170,175),(1985,175,1981),(1987,
165,170),(1987,170,1985),(1989,160,165),(1989,165,1987),(1991,155,160),
(1991,160,1989),(1993,147,155),(1993,155,1991),(1995,142,147),(1995,147,
1993),(1997,137,142),(1997,142,1995),(1999,132,137),(1999,137,1997),(2001,
127,132),(2001,132,1999),(2003,122,127),(2003,127,2001),(2005,117,122),
(2005,122,2003),(2007,112,117),(2007,117,2005),(2009,107,112),(2009,112,
2007),(2011,98,107),(2011,107,2009),(2013,102,98),(2013,98,2011),(2015,
244,102),(2015,102,2013),(2017,271,244),(2017,244,2015),(2019,279,271),
(2019,271,2017),(2021,284,279),(2021,279,2019),(2023,289,284),(2023,284,
2021),(2025,294,289),(2025,289,2023),(2027,299,294),(2027,294,2029),(2029,
294,2025),(2031,304,299),(2031,299,2027),(2033,309,304),(2033,304,2031),
(2035,314,309),(2035,309,2033),(2037,319,314),(2037,314,2035),(2039,324,
319),(2039,319,2037),(2041,329,324),(2041,324,2039),(2043,334,329),(2043,
329,2041),(2045,342,334),(2045,334,2043),(2047,347,342),(2047,342,2045),
(2049,352,347),(2049,347,2047),(2051,358,352),(2051,352,2049),(2053,676,
358),(2053,358,2051),(2055,686,676),(2055,676,2053),(2057,696,686),(2057,
686,2055),(2059,706,696),(2059,696,2057),(2061,716,706),(2061,706,2059),
(2063,726,716),(2063,716,2061),(2065,736,726),(2065,726,2063),(2067,746,
736),(2067,736,2065),(2069,756,746),(2069,746,2067),(2071,774,756),(2071,
756,2073),(2073,756,2069),(2075,784,774),(2075,774,2071),(2077,794,784),
(2077,784,2075),(2079,804,794),(2079,794,2077),(2081,814,804),(2081,804,
2079),(2083,824,814),(2083,814,2081),(2085,834,824),(2085,824,2083),(2087,
844,834),(2087,834,2085),(2089,855,844),(2089,844,2087),(2091,865,855),
(2091,855,2089),(2093,870,865),(2093,865,2091),(2095,875,870),(2095,870,
2093),(2097,883,875),(2097,875,2095),(2099,888,883),(2099,883,2097),(2101,
893,888),(2101,888,2099),(2103,898,893),(2103,893,2101),(2105,903,898),
(2105,898,2103),(2107,908,903),(2107,903,2105),(2109,913,908),(2109,908,
2107),(2111,918,913),(2111,913,2109),(2113,923,918),(2113,918,2111),(2115,
928,923),(2115,923,2113),(2117,933,928),(2117,928,2119),(2119,928,2115),
(2121,938,933),(2121,933,2117),(2123,946,938),(2123,938,2121),(2125,951,
946),(2125,946,2123),(2127,956,951),(2127,951,2125),(2129,983,956),(2129,
956,2127),(2131,1008,983),(2131,983,2129),(2133,1018,1008),(2133,1008,2131),
(2135,1028,1018),(2135,1018,2133),(2137,1038,1028),(2137,1028,2135),(2139,
1048,1038),(2139,1038,2137),(2141,1058,1048),(2141,1048,2139),(2143,1068,
1058),(2143,1058,2141),(1939,1068,2143),(1795,2145,1793),(1796,2146,1795),
(1795,2146,2145),(1793,2147,1794),(1793,2145,2147),(1794,2148,1916),(1794,
2147,2148),(1916,2149,1915),(1916,2148,2149),(1915,2150,1914),(1915,2149,
2150),(1914,2151,1913),(1914,2150,2151),(1913,2152,1912),(1913,2151,2152),
(1912,2153,1911),(1912,2152,2153),(1911,2154,1910),(1911,2153,2154),(1910,
2155,1909),(1910,2154,2155),(1909,2156,1908),(1909,2155,2156),(1908,2157,
1907),(1908,2156,2157),(1907,2158,1906),(1907,2157,2158),(1906,2159,1905),
(1906,2158,2159),(1905,2160,1904),(1905,2159,2160),(1904,2161,1903),(1904,
2160,2161),(1903,2162,1902),(1903,2161,2162),(1902,2163,1901),(1902,2162,
2163),(1901,2164,1900),(1901,2163,2164),(1900,2165,1899),(1900,2164,2165),
(1899,2166,1898),(1899,2165,2166),(1898,2167,1897),(1898,2166,2167),(1897,
2168,1896),(1897,2167,2168),(1896,2169,1895),(1896,2168,2169),(1895,2170,
1894),(1895,2169,2170),(1894,2171,1893),(1894,2170,2171),(1893,2172,1892),
(1893,2171,2172),(1892,2173,1891),(1892,2172,2173),(1891,2174,1890),(2173,
2174,1891),(1890,2175,1889),(2174,2175,1890),(1889,2176,1888),(2175,2176,
1889),(1888,2177,1887),(2176,2177,1888),(1887,2178,1886),(2177,2178,1887),
(1886,2179,1885),(2178,2179,1886),(1885,2180,1884),(2179,2180,1885),(1884,
2181,1883),(2180,2181,1884),(1883,2182,1882),(2181,2182,1883),(1882,2183,
1881),(2182,2183,1882),(1881,2184,1880),(2183,2184,1881),(1880,2185,1879),
(2184,2186,1880),(1880,2186,2185),(1879,2187,1878),(1879,2185,2187),(1878,
2187,1877),(1877,2188,1876),(2187,2188,1877),(1876,2189,1875),(2188,2189,
1876),(1875,2190,1874),(2189,2190,1875),(1874,2191,1873),(2190,2191,1874),
(1873,2192,1872),(2191,2192,1873),(1872,2193,1871),(2192,2193,1872),(1871,
2194,1870),(2193,2194,1871),(1869,1870,2195),(2195,1870,2194),(1868,1869,
2196),(2196,1869,2195),(1867,1868,2197),(2197,1868,2196),(1866,1867,2198),
(2198,1867,2197),(1865,1866,2199),(2199,1866,2198),(1864,1865,2200),(2200,
1865,2199),(1863,1864,2201),(2201,1864,2200),(1862,1863,2202),(2202,1863,
2201),(1861,1862,2203),(2203,1862,2202),(1860,1861,2204),(2204,1861,2203),
(1859,1860,2205),(2205,1860,2204),(1858,1859,2206),(2206,1859,2205),(1857,
1858,2207),(2207,1858,2206),(1856,1857,2208),(2208,1857,2207),(1855,1856,
2209),(2209,1856,2208),(1854,1855,2210),(2210,1855,2209),(1853,1854,2211),
(2211,1854,2210),(1852,1853,2212),(2212,1853,2211),(1851,1852,2213),(2213,
1852,2212),(1850,1851,2214),(2214,1851,2213),(1850,2215,1849),(2214,2215,
1850),(1849,2216,1848),(2215,2216,1849),(1848,2217,1847),(2216,2217,1848),
(1847,2218,1846),(2217,2218,1847),(1846,2219,1845),(2218,2219,1846),(1845,
2220,1844),(2219,2220,1845),(1844,2221,1843),(2220,2221,1844),(1843,2222,
1842),(2221,2222,1843),(1842,2223,1841),(2222,2223,1842),(1841,2224,1840),
(2223,2224,1841),(1840,2225,1839),(2224,2225,1840),(1839,2226,1838),(2225,
2226,1839),(1838,2227,1837),(2226,2227,1838),(1837,2228,1836),(2227,2228,
1837),(1836,2229,1835),(2228,2229,1836),(1835,2230,1834),(2229,2230,1835),
(1834,2231,1833),(2230,2231,1834),(1833,2232,1832),(2231,2232,1833),(1832,
2233,1831),(2232,2233,1832),(1831,2234,1830),(2233,2234,1831),(1830,2235,
1829),(2234,2235,1830),(2236,1828,1829),(2236,1829,2235),(2237,1827,1828),
(2237,1828,2236),(2238,1826,1827),(2238,1827,2237),(2239,1825,1826),(2239,
1826,2238),(2240,1824,1825),(2240,1825,2239),(2241,1823,1824),(2241,1824,
2240),(2242,1822,1823),(2242,1823,2241),(2243,1821,1822),(2243,1822,2242),
(2244,1820,1821),(2244,1821,2243),(2245,1819,1820),(2245,1820,2244),(2246,
1818,1819),(2246,1819,2245),(2247,1817,1818),(2247,1818,2246),(1817,2248,
1816),(2248,1817,2247),(1816,2249,1815),(1816,2248,2249),(1815,2250,1814),
(1815,2249,2250),(1814,2251,1813),(1814,2250,2251),(1813,2252,1812),(1813,
2251,2252),(1812,2253,1811),(1812,2252,2253),(1811,2254,1810),(1811,2253,
2254),(1810,2255,1809),(1810,2254,2255),(1809,2256,1808),(2255,2256,1809),
(1808,2257,1807),(2256,2257,1808),(1807,2258,1806),(2257,2258,1807),(1806,
2259,1805),(2258,2259,1806),(1805,2260,1804),(2259,2260,1805),(1804,2261,
1803),(2260,2261,1804),(1803,2262,1802),(2261,2262,1803),(1802,2263,1801),
(2262,2263,1802),(1801,2264,1800),(2263,2264,1801),(1800,2265,1799),(2264,
2265,1800),(1799,2266,1798),(2265,2266,1799),(1798,2267,1797),(2266,2267,
1798),(2268,1796,1797),(2267,2268,1797),(2268,2146,1796),(2269,2270,2271),
(2270,2269,2272),(2273,2269,2271),(2272,2269,2275),(2276,2275,2269),(2276,
2269,2273),(2271,2270,2278),(2279,2278,2270),(2280,2270,2272),(2279,2270,
2280),(2271,2278,2281),(2282,2271,2281),(2273,2271,2282),(2281,2278,2284),
(2285,2284,2278),(2285,2278,2279),(2281,2284,2286),(2287,2281,2286),(2288,
2281,2287),(2282,2281,2288),(2286,2284,2290),(2290,2284,2285),(2286,2290,
2291),(2292,2286,2291),(2292,2287,2286),(2291,2290,2293),(2293,2290,2294),
(2294,2290,2285),(2291,2293,2295),(2296,2291,2295),(2296,2292,2291),(2295,
2293,2297),(2297,2293,2298),(2298,2293,2294),(2295,2297,2299),(2300,2295,
2299),(2300,2296,2295),(2299,2297,2301),(2301,2297,2302),(2302,2297,2298),
(2299,2301,2303),(2304,2299,2303),(2304,2300,2299),(2303,2301,2305),(2305,
2301,2306),(2306,2301,2302),(2303,2305,2307),(2308,2303,2307),(2308,2304,
2303),(2307,2305,2309),(2309,2305,2310),(2310,2305,2306),(2307,2309,2311),
(2312,2307,2311),(2312,2308,2307),(2311,2309,2146),(2146,2309,2145),(2145,
2309,2310),(2311,2146,2268),(2313,2311,2268),(2313,2312,2311),(2267,2313,
2268),(2272,2275,2314),(2315,2272,2314),(2280,2272,2315),(2314,2275,2316),
(2317,2316,2275),(2317,2275,2276),(2314,2316,2319),(2320,2314,2319),(2315,
2314,2320),(2319,2316,2321),(2322,2321,2316),(2322,2316,2317),(2319,2321,
2324),(2325,2319,2324),(2320,2319,2325),(2324,2321,2326),(2327,2326,2321),
(2327,2321,2322),(2324,2326,2329),(2330,2324,2329),(2325,2324,2330),(2329,
2326,2331),(2332,2331,2326),(2332,2326,2327),(2329,2331,2334),(2335,2329,
2334),(2330,2329,2335),(2334,2331,58),(56,58,2331),(56,2331,2332),(2334,
58,2336),(2337,2334,2336),(2335,2334,2337),(2336,58,49),(2336,49,2338),
(2339,2336,2338),(2337,2336,2339),(2338,49,34),(2338,34,2340),(2341,2338,
2340),(2339,2338,2341),(2340,34,29),(2340,29,2342),(2343,2340,2342),(2341,
2340,2343),(2342,29,63),(2342,63,2344),(2345,2342,2344),(2343,2342,2345),
(2344,63,62),(2344,62,2346),(2347,2344,2346),(2345,2344,2347),(2346,62,
72),(2346,72,2348),(2349,2346,2348),(2347,2346,2349),(2348,72,73),(2348,
73,2350),(2351,2348,2350),(2349,2348,2351),(2350,73,2352),(73,2353,2352),
(73,74,2353),(2350,2352,2355),(2356,2350,2355),(2351,2350,2356),(2355,2352,
2357),(2352,2358,2357),(2352,2353,2358),(2355,2357,2360),(2361,2355,2360),
(2356,2355,2361),(2360,2357,2362),(2357,2363,2362),(2357,2358,2363),(2360,
2362,2365),(2366,2360,2365),(2361,2360,2366),(2365,2362,2367),(2362,2368,
2367),(2362,2363,2368),(2365,2367,2370),(2371,2365,2370),(2366,2365,2371),
(2370,2367,2372),(2367,2373,2372),(2367,2368,2373),(2370,2372,2375),(2376,
2370,2375),(2371,2370,2376),(2375,2372,2377),(2372,2378,2377),(2372,2379,
2378),(2372,2373,2379),(2375,2377,2381),(2376,2375,2381),(2381,2377,2382),
(2377,2383,2382),(2377,2378,2383),(2381,2382,2384),(2385,2381,2384),(2385,
2376,2381),(2384,2382,2386),(2382,2387,2386),(2382,2383,2387),(2384,2386,
2388),(2389,2384,2388),(2389,2385,2384),(2388,2386,2390),(2386,2391,2390),
(2386,2387,2391),(2388,2390,2392),(2393,2388,2392),(2393,2389,2388),(2392,
2390,2394),(2390,2395,2394),(2390,2391,2395),(2392,2394,2396),(2397,2392,
2396),(2397,2393,2392),(2396,2394,2398),(2394,2399,2398),(2394,2395,2399),
(2396,2398,2400),(2401,2396,2400),(2401,2397,2396),(2400,2398,2402),(2398,
2403,2402),(2398,2399,2403),(2400,2402,2173),(2172,2400,2173),(2172,2401,
2400),(2173,2402,2174),(2402,2404,2174),(2402,2403,2404),(2174,2404,2175),
(2378,2405,2383),(2378,2406,2405),(2378,2379,2406),(2383,2408,2387),(2383,
2405,2408),(2387,2409,2391),(2387,2408,2409),(2391,2410,2395),(2391,2409,
2410),(2395,2411,2399),(2395,2410,2411),(2399,2412,2403),(2399,2411,2412),
(2403,2413,2404),(2403,2412,2413),(2404,2414,2175),(2404,2413,2414),(2175,
2414,2176),(2405,2415,2408),(2405,2416,2415),(2405,2406,2416),(2408,2418,
2409),(2408,2415,2418),(2409,2419,2410),(2409,2418,2419),(2410,2420,2411),
(2410,2419,2420),(2411,2421,2412),(2411,2420,2421),(2412,2422,2413),(2412,
2421,2422),(2413,2423,2414),(2413,2422,2423),(2414,2424,2176),(2414,2423,
2424),(2176,2424,2177),(2415,2425,2418),(2415,2416,2425),(2418,2426,2419),
(2418,2425,2426),(2419,2427,2420),(2419,2426,2427),(2420,2428,2421),(2420,
2427,2428),(2421,2429,2422),(2421,2428,2429),(2422,2430,2423),(2422,2429,
2430),(2423,2431,2424),(2423,2430,2431),(2424,2432,2177),(2424,2431,2432),
(2177,2432,2178),(2425,2433,2426),(2425,2434,2433),(2425,2416,2434),(2426,
2436,2427),(2426,2433,2436),(2427,2437,2428),(2427,2436,2437),(2428,2438,
2429),(2428,2437,2438),(2429,2439,2430),(2429,2438,2439),(2430,2440,2431),
(2430,2439,2440),(2431,2441,2432),(2431,2440,2441),(2432,2442,2178),(2432,
2441,2442),(2178,2442,2179),(2433,2443,2436),(2433,2444,2443),(2433,2434,
2444),(2436,2446,2437),(2436,2443,2446),(2437,2447,2438),(2437,2446,2447),
(2438,2448,2439),(2438,2447,2448),(2439,2449,2440),(2439,2448,2449),(2440,
2450,2441),(2440,2449,2450),(2441,2451,2442),(2441,2450,2451),(2442,2452,
2179),(2442,2451,2452),(2179,2452,2180),(2443,2453,2446),(2443,2454,2453),
(2443,2444,2454),(2446,2456,2447),(2446,2453,2456),(2447,2457,2448),(2447,
2456,2457),(2448,2458,2449),(2448,2457,2458),(2449,2459,2450),(2449,2458,
2459),(2450,2460,2451),(2450,2459,2460),(2451,2461,2452),(2451,2460,2461),
(2452,2462,2180),(2452,2461,2462),(2180,2462,2181),(2453,2463,2456),(2453,
2464,2463),(2453,2454,2464),(2456,2466,2457),(2456,2463,2466),(2457,2467,
2458),(2457,2466,2467),(2458,2468,2459),(2458,2467,2468),(2459,2469,2460),
(2459,2468,2469),(2460,2470,2461),(2460,2469,2470),(2461,2471,2462),(2461,
2470,2471),(2462,2472,2181),(2462,2471,2472),(2181,2472,2182),(2463,2473,
2466),(2463,2474,2473),(2463,2464,2474),(2466,2476,2467),(2466,2473,2476),
(2467,2477,2468),(2467,2476,2477),(2468,2478,2469),(2468,2477,2478),(2469,
2479,2470),(2469,2478,2479),(2470,2480,2471),(2470,2479,2480),(2471,2481,
2472),(2471,2480,2481),(2472,2482,2182),(2472,2481,2482),(2182,2482,2183),
(2473,2483,2476),(2473,2484,2483),(2473,2474,2484),(2476,2486,2477),(2476,
2483,2486),(2477,2487,2478),(2477,2486,2487),(2478,2488,2479),(2478,2487,
2488),(2479,2489,2480),(2479,2488,2489),(2480,2490,2481),(2480,2489,2490),
(2481,2491,2482),(2481,2490,2491),(2482,2492,2183),(2482,2491,2492),(2183,
2492,2184),(2483,2493,2486),(2483,2494,2493),(2483,2484,2494),(2486,2496,
2487),(2486,2493,2496),(2487,2497,2488),(2487,2496,2497),(2488,2498,2489),
(2488,2497,2498),(2489,2499,2490),(2489,2498,2499),(2490,2500,2491),(2490,
2499,2500),(2491,2501,2492),(2491,2500,2501),(2492,2502,2184),(2492,2501,
2502),(2184,2502,2186),(2493,2503,2496),(2493,2504,2503),(2493,2494,2504),
(2496,2506,2497),(2496,2503,2506),(2497,2507,2498),(2497,2506,2507),(2498,
2508,2499),(2498,2507,2508),(2499,2509,2500),(2499,2508,2509),(2500,2510,
2501),(2500,2509,2510),(2501,2511,2502),(2501,2510,2511),(2502,2512,2186),
(2502,2511,2512),(2186,2513,2185),(2186,2512,2513),(2185,2514,2187),(2185,
2513,2514),(2187,2514,2188),(2503,2515,2506),(2503,2516,2515),(2503,2504,
2516),(2506,2518,2507),(2506,2515,2518),(2507,2519,2508),(2507,2518,2519),
(2508,2520,2509),(2508,2519,2520),(2509,2521,2510),(2509,2520,2521),(2510,
2522,2511),(2510,2521,2522),(2511,2523,2512),(2511,2522,2523),(2512,2524,
2513),(2512,2523,2524),(2513,2525,2514),(2513,2524,2525),(2514,2526,2188),
(2514,2525,2526),(2188,2526,2189),(2515,2527,2518),(2515,2528,2527),(2515,
2516,2528),(2518,2530,2519),(2518,2527,2530),(2519,2531,2520),(2519,2530,
2531),(2520,2532,2521),(2520,2531,2532),(2521,2533,2522),(2521,2532,2533),
(2522,2534,2523),(2522,2533,2534),(2523,2535,2524),(2523,2534,2535),(2524,
2536,2525),(2524,2535,2536),(2525,2537,2526),(2525,2536,2537),(2526,2538,
2189),(2526,2537,2538),(2189,2538,2190),(2527,2539,2530),(2527,2540,2539),
(2527,2528,2540),(2530,2542,2531),(2530,2539,2542),(2531,2543,2532),(2531,
2542,2543),(2532,2544,2533),(2532,2543,2544),(2533,2545,2534),(2533,2544,
2545),(2534,2546,2535),(2534,2545,2546),(2535,2547,2536),(2535,2546,2547),
(2536,2548,2537),(2536,2547,2548),(2537,2549,2538),(2537,2548,2549),(2538,
2550,2190),(2538,2549,2550),(2190,2550,2191),(2539,2551,2542),(2552,2551,
2539),(2539,2540,2552),(2542,2554,2543),(2542,2551,2554),(2543,2555,2544),
(2543,2554,2555),(2544,2556,2545),(2544,2555,2556),(2545,2557,2546),(2545,
2556,2557),(2546,2558,2547),(2546,2557,2558),(2547,2559,2548),(2547,2558,
2559),(2548,2560,2549),(2548,2559,2560),(2549,2561,2550),(2549,2560,2561),
(2550,2562,2191),(2550,2561,2562),(2191,2562,2192),(2551,2563,2554),(2552,
2563,2551),(2554,2564,2555),(2554,2563,2564),(2555,2565,2556),(2555,2564,
2565),(2556,2566,2557),(2556,2565,2566),(2557,2567,2558),(2557,2566,2567),
(2558,2568,2559),(2558,2567,2568),(2559,2569,2560),(2559,2568,2569),(2560,
2570,2561),(2560,2569,2570),(2561,2571,2562),(2561,2570,2571),(2562,2572,
2192),(2562,2571,2572),(2192,2572,2193),(2563,2573,2564),(2574,2573,2563),
(2574,2563,2552),(2564,2576,2565),(2564,2573,2576),(2565,2577,2566),(2565,
2576,2577),(2566,2578,2567),(2566,2577,2578),(2567,2579,2568),(2567,2578,
2579),(2568,2580,2569),(2568,2579,2580),(2569,2581,2570),(2569,2580,2581),
(2570,2582,2571),(2570,2581,2582),(2571,2583,2572),(2571,2582,2583),(2572,
2584,2193),(2572,2583,2584),(2193,2584,2194),(2573,2585,2576),(2586,2585,
2573),(2586,2573,2574),(2576,2585,2577),(2577,2585,2578),(2588,2579,2578),
(2578,2585,2589),(2578,2589,2588),(2590,2580,2579),(2590,2579,2588),(2591,
2581,2580),(2591,2580,2590),(2592,2582,2581),(2592,2581,2591),(2593,2583,
2582),(2593,2582,2592),(2594,2584,2583),(2594,2583,2593),(2595,2194,2584),
(2595,2584,2594),(2195,2194,2595),(2596,2589,2585),(2596,2585,2586),(2588,
2589,2598),(2599,2598,2589),(2599,2589,2596),(2588,2598,2601),(2601,2590,
2588),(2601,2598,2602),(2598,2603,2602),(2603,2598,2599),(2601,2602,2605),
(2605,2606,2601),(2606,2590,2601),(2605,2602,2607),(2602,2608,2607),(2602,
2603,2608),(2605,2607,2610),(2610,2611,2605),(2611,2606,2605),(2610,2607,
2612),(2607,2613,2612),(2607,2608,2613),(2610,2612,2615),(2615,2616,2610),
(2616,2611,2610),(2615,2612,2617),(2612,2618,2617),(2612,2613,2618),(2615,
2617,2620),(2620,2621,2615),(2621,2616,2615),(2620,2617,2622),(2617,2623,
2622),(2617,2618,2623),(2620,2622,2625),(2625,2626,2620),(2626,2621,2620),
(2625,2622,2627),(2622,2628,2627),(2622,2623,2628),(2625,2627,2630),(2630,
2631,2625),(2631,2626,2625),(2630,2627,2632),(2627,2633,2632),(2627,2628,
2633),(2630,2632,2635),(2635,2636,2630),(2636,2631,2630),(2635,2632,2637),
(2632,2638,2637),(2632,2633,2638),(2635,2637,2640),(2640,2641,2635),(2641,
2636,2635),(2640,2637,2642),(2637,2638,2642),(2640,2642,2643),(2643,2644,
2640),(2644,2641,2640),(2643,2642,2645),(2642,2646,2645),(2642,2638,2646),
(2643,2645,2648),(2648,2649,2643),(2649,2644,2643),(2648,2645,2650),(2645,
2651,2650),(2645,2646,2651),(2648,2650,2653),(2653,2654,2648),(2654,2649,
2648),(2653,2650,2655),(2650,2656,2655),(2650,2651,2656),(2653,2655,2658),
(2658,2659,2653),(2659,2654,2653),(2658,2655,2660),(2655,2661,2660),(2655,
2656,2661),(2658,2660,2663),(2663,2664,2658),(2664,2659,2658),(2663,2660,
2665),(2660,2666,2665),(2660,2661,2666),(2663,2665,2668),(2668,2669,2663),
(2669,2664,2663),(2668,2665,2670),(2665,2671,2670),(2665,2666,2671),(2668,
2670,2673),(2673,2674,2668),(2674,2669,2668),(2673,2670,2675),(2670,2676,
2675),(2670,2671,2676),(2673,2675,2678),(2678,2679,2673),(2679,2674,2673),
(2678,2675,2680),(2675,2681,2680),(2675,2676,2681),(2678,2680,2683),(2683,
2684,2678),(2684,2679,2678),(2683,2680,2685),(2680,2686,2685),(2680,2681,
2686),(2683,2685,2688),(2688,2689,2683),(2689,2684,2683),(2688,2685,2690),
(2685,2691,2690),(2685,2692,2691),(2685,2686,2692),(2688,2690,2694),(2694,
2689,2688),(2694,2690,2695),(2690,2696,2695),(2690,2691,2696),(2694,2695,
2697),(2697,2698,2694),(2694,2698,2689),(2697,2695,2699),(2695,2700,2699),
(2695,2696,2700),(2697,2699,2701),(2701,2702,2697),(2697,2702,2698),(2701,
2699,2703),(2699,2704,2703),(2699,2700,2704),(2701,2703,2705),(2705,2706,
2701),(2701,2706,2702),(2705,2703,2707),(2703,2708,2707),(2703,2704,2708),
(2705,2707,2709),(2709,2710,2705),(2705,2710,2706),(2709,2707,2711),(2707,
2712,2711),(2707,2708,2712),(2709,2711,2713),(2713,2714,2709),(2709,2714,
2710),(2713,2711,2715),(2711,2716,2715),(2711,2712,2716),(2713,2715,2214),
(2214,2213,2713),(2713,2213,2714),(2214,2715,2215),(2715,2717,2215),(2715,
2716,2717),(2215,2717,2216),(2691,2718,2696),(2691,2719,2718),(2691,2692,
2719),(2696,2721,2700),(2696,2718,2721),(2700,2722,2704),(2700,2721,2722),
(2704,2723,2708),(2704,2722,2723),(2708,2724,2712),(2708,2723,2724),(2712,
2725,2716),(2712,2724,2725),(2716,2726,2717),(2716,2725,2726),(2717,2727,
2216),(2717,2726,2727),(2216,2727,2217),(2718,2728,2721),(2718,2729,2728),
(2718,2719,2729),(2721,2731,2722),(2721,2728,2731),(2722,2732,2723),(2722,
2731,2732),(2723,2733,2724),(2723,2732,2733),(2724,2734,2725),(2724,2733,
2734),(2725,2735,2726),(2725,2734,2735),(2726,2736,2727),(2726,2735,2736),
(2727,2737,2217),(2727,2736,2737),(2217,2737,2218),(2728,2738,2731),(2728,
2729,2738),(2731,2739,2732),(2731,2738,2739),(2732,2740,2733),(2732,2739,
2740),(2733,2741,2734),(2733,2740,2741),(2734,2742,2735),(2734,2741,2742),
(2735,2743,2736),(2735,2742,2743),(2736,2744,2737),(2736,2743,2744),(2737,
2745,2218),(2737,2744,2745),(2218,2745,2219),(2738,2746,2739),(2738,2747,
2746),(2738,2729,2747),(2739,2749,2740),(2739,2746,2749),(2740,2750,2741),
(2740,2749,2750),(2741,2751,2742),(2741,2750,2751),(2742,2752,2743),(2742,
2751,2752),(2743,2753,2744),(2743,2752,2753),(2744,2754,2745),(2744,2753,
2754),(2745,2755,2219),(2745,2754,2755),(2219,2755,2220),(2746,2756,2749),
(2746,2757,2756),(2746,2747,2757),(2749,2759,2750),(2749,2756,2759),(2750,
2760,2751),(2750,2759,2760),(2751,2761,2752),(2751,2760,2761),(2752,2762,
2753),(2752,2761,2762),(2753,2763,2754),(2753,2762,2763),(2754,2764,2755),
(2754,2763,2764),(2755,2765,2220),(2755,2764,2765),(2220,2765,2221),(2756,
2766,2759),(2756,2767,2766),(2756,2757,2767),(2759,2769,2760),(2759,2766,
2769),(2760,2770,2761),(2760,2769,2770),(2761,2771,2762),(2761,2770,2771),
(2762,2772,2763),(2762,2771,2772),(2763,2773,2764),(2763,2772,2773),(2764,
2774,2765),(2764,2773,2774),(2765,2775,2221),(2765,2774,2775),(2221,2775,
2222),(2766,2776,2769),(2766,2777,2776),(2766,2767,2777),(2769,2779,2770),
(2769,2776,2779),(2770,2780,2771),(2770,2779,2780),(2771,2781,2772),(2771,
2780,2781),(2772,2782,2773),(2772,2781,2782),(2773,2783,2774),(2773,2782,
2783),(2774,2784,2775),(2774,2783,2784),(2775,2785,2222),(2775,2784,2785),
(2222,2785,2223),(2776,2786,2779),(2776,2787,2786),(2776,2777,2787),(2779,
2789,2780),(2779,2786,2789),(2780,2790,2781),(2780,2789,2790),(2781,2791,
2782),(2781,2790,2791),(2782,2792,2783),(2782,2791,2792),(2783,2793,2784),
(2783,2792,2793),(2784,2794,2785),(2784,2793,2794),(2785,2795,2223),(2785,
2794,2795),(2223,2795,2224),(2786,2796,2789),(2786,2797,2796),(2786,2787,
2797),(2789,2799,2790),(2789,2796,2799),(2790,2800,2791),(2790,2799,2800),
(2791,2801,2792),(2791,2800,2801),(2792,2802,2793),(2792,2801,2802),(2793,
2803,2794),(2793,2802,2803),(2794,2804,2795),(2794,2803,2804),(2795,2805,
2224),(2795,2804,2805),(2224,2805,2225),(2796,2806,2799),(2796,2807,2806),
(2796,2797,2807),(2799,2809,2800),(2799,2806,2809),(2800,2810,2801),(2800,
2809,2810),(2801,2811,2802),(2801,2810,2811),(2802,2812,2803),(2802,2811,
2812),(2803,2813,2804),(2803,2812,2813),(2804,2814,2805),(2804,2813,2814),
(2805,2815,2225),(2805,2814,2815),(2225,2815,2226),(2806,2816,2809),(2806,
2817,2816),(2806,2807,2817),(2809,2819,2810),(2809,2816,2819),(2810,2820,
2811),(2810,2819,2820),(2811,2821,2812),(2811,2820,2821),(2812,2822,2813),
(2812,2821,2822),(2813,2823,2814),(2813,2822,2823),(2814,2824,2815),(2814,
2823,2824),(2815,2825,2226),(2815,2824,2825),(2226,2825,2227),(2816,2826,
2819),(2816,2827,2826),(2816,2817,2827),(2819,2829,2820),(2819,2826,2829),
(2820,2830,2821),(2820,2829,2830),(2821,2831,2822),(2821,2830,2831),(2822,
2832,2823),(2822,2831,2832),(2823,2833,2824),(2823,2832,2833),(2824,2834,
2825),(2824,2833,2834),(2825,2835,2227),(2825,2834,2835),(2227,2835,2228),
(2826,2836,2829),(2826,2837,2836),(2826,2827,2837),(2829,2839,2830),(2829,
2836,2839),(2830,2840,2831),(2830,2839,2840),(2831,2841,2832),(2831,2840,
2841),(2832,2842,2833),(2832,2841,2842),(2833,2843,2834),(2833,2842,2843),
(2834,2844,2835),(2834,2843,2844),(2835,2845,2228),(2835,2844,2845),(2228,
2845,2229),(2836,2846,2839),(2836,2847,2846),(2836,2837,2847),(2839,2849,
2840),(2839,2846,2849),(2840,2850,2841),(2840,2849,2850),(2841,2851,2842),
(2841,2850,2851),(2842,2852,2843),(2842,2851,2852),(2843,2853,2844),(2843,
2852,2853),(2844,2854,2845),(2844,2853,2854),(2845,2855,2229),(2845,2854,
2855),(2229,2855,2230),(2846,2856,2849),(2846,2857,2856),(2846,2847,2857),
(2849,2859,2850),(2849,2856,2859),(2850,2860,2851),(2850,2859,2860),(2851,
2861,2852),(2851,2860,2861),(2852,2862,2853),(2852,2861,2862),(2853,2863,
2854),(2853,2862,2863),(2854,2864,2855),(2854,2863,2864),(2855,2865,2230),
(2855,2864,2865),(2230,2865,2231),(2856,2866,2859),(2856,2857,2866),(2859,
2867,2860),(2859,2866,2867),(2860,2868,2861),(2860,2867,2868),(2861,2869,
2862),(2861,2868,2869),(2862,2870,2863),(2862,2869,2870),(2863,2871,2864),
(2863,2870,2871),(2864,2872,2865),(2864,2871,2872),(2865,2873,2231),(2865,
2872,2873),(2231,2873,2232),(2866,2874,2867),(2866,2875,2874),(2866,2857,
2875),(2867,2877,2868),(2867,2874,2877),(2868,2878,2869),(2868,2877,2878),
(2869,2879,2870),(2869,2878,2879),(2870,2880,2871),(2870,2879,2880),(2871,
2881,2872),(2871,2880,2881),(2872,2882,2873),(2872,2881,2882),(2873,2883,
2232),(2873,2882,2883),(2232,2883,2233),(2874,2884,2877),(2874,2885,2884),
(2874,2875,2885),(2877,2887,2878),(2877,2884,2887),(2878,2888,2879),(2878,
2887,2888),(2879,2889,2880),(2879,2888,2889),(2880,2890,2881),(2880,2889,
2890),(2881,2891,2882),(2881,2890,2891),(2882,2892,2883),(2882,2891,2892),
(2883,2893,2233),(2883,2892,2893),(2233,2893,2234),(2884,2894,2887),(2884,
2895,2894),(2884,2885,2895),(2887,2897,2888),(2887,2894,2897),(2888,2898,
2889),(2888,2897,2898),(2889,2899,2890),(2889,2898,2899),(2890,2900,2891),
(2890,2899,2900),(2891,2901,2892),(2891,2900,2901),(2892,2902,2893),(2892,
2901,2902),(2893,2903,2234),(2893,2902,2903),(2234,2903,2235),(2897,2894,
2904),(2904,2894,2905),(2894,2906,2905),(2894,2895,2906),(2897,2904,2898),
(2908,2899,2898),(2904,2908,2898),(2909,2900,2899),(2908,2909,2899),(2910,
2901,2900),(2909,2910,2900),(2911,2902,2901),(2910,2911,2901),(2912,2903,
2902),(2911,2912,2902),(2913,2235,2903),(2912,2913,2903),(2913,2236,2235),
(2904,2905,2914),(2904,2914,2908),(2914,2905,2915),(2905,2916,2915),(2905,
2906,2916),(2914,2915,2918),(2914,2918,2919),(2914,2919,2908),(2918,2915,
2920),(2915,2921,2920),(2915,2916,2921),(2918,2920,2923),(2918,2923,2924),
(2918,2924,2919),(2923,2920,2925),(2920,2926,2925),(2920,2921,2926),(2923,
2925,2928),(2923,2928,2929),(2923,2929,2924),(2928,2925,2930),(2925,2931,
2930),(2925,2926,2931),(2928,2930,2933),(2928,2933,2934),(2928,2934,2929),
(2933,2930,2935),(2930,2936,2935),(2930,2931,2936),(2933,2935,2938),(2933,
2938,2939),(2933,2939,2934),(2938,2935,2940),(2935,2941,2940),(2935,2936,
2941),(2938,2940,2943),(2938,2943,2944),(2938,2944,2939),(2943,2940,2945),
(2940,2946,2945),(2940,2941,2946),(2943,2945,2948),(2943,2948,2949),(2943,
2949,2944),(2948,2945,2950),(2945,2951,2950),(2945,2946,2951),(2948,2950,
2953),(2948,2953,2954),(2948,2954,2949),(2953,2950,2955),(2950,2951,2955),
(2953,2955,2956),(2953,2956,2957),(2953,2957,2954),(2956,2955,2958),(2955,
2959,2958),(2955,2951,2959),(2956,2958,2961),(2956,2961,2962),(2956,2962,
2957),(2961,2958,2963),(2958,2964,2963),(2958,2959,2964),(2961,2963,2966),
(2961,2966,2967),(2961,2967,2962),(2966,2963,2968),(2963,2969,2968),(2963,
2964,2969),(2966,2968,2971),(2966,2971,2972),(2966,2972,2967),(2971,2968,
2973),(2968,2974,2973),(2968,2969,2974),(2971,2973,2976),(2971,2976,2977),
(2971,2977,2972),(2976,2973,2978),(2973,2979,2978),(2973,2974,2979),(2976,
2978,2981),(2976,2981,2982),(2976,2982,2977),(2981,2978,2983),(2978,2984,
2983),(2978,2979,2984),(2981,2983,2986),(2981,2986,2987),(2981,2987,2982),
(2986,2983,2988),(2983,2989,2988),(2983,2984,2989),(2986,2988,2991),(2986,
2991,2992),(2986,2992,2987),(2991,2988,2993),(2988,2994,2993),(2988,2989,
2994),(2991,2993,2996),(2991,2996,2997),(2991,2997,2992),(2996,2993,2998),
(2993,2999,2998),(2993,2994,2999),(2996,2998,3001),(2996,3001,3002),(2997,
2996,3002),(3001,2998,3003),(2998,3004,3003),(2998,3005,3004),(2998,2999,
3005),(3001,3003,3007),(3002,3001,3007),(3007,3003,3008),(3003,3009,3008),
(3003,3004,3009),(3007,3008,3010),(3011,3007,3010),(3011,3002,3007),(3010,
3008,3012),(3008,3013,3012),(3008,3009,3013),(3010,3012,3014),(3015,3010,
3014),(3015,3011,3010),(3014,3012,3016),(3012,3017,3016),(3012,3013,3017),
(3014,3016,3018),(3019,3014,3018),(3019,3015,3014),(3018,3016,3020),(3016,
3021,3020),(3016,3017,3021),(3018,3020,3022),(3023,3018,3022),(3023,3019,
3018),(3022,3020,3024),(3020,3025,3024),(3020,3021,3025),(3022,3024,3026),
(3027,3022,3026),(3027,3023,3022),(3026,3024,3028),(3024,3029,3028),(3024,
3025,3029),(3026,3028,2255),(2254,3026,2255),(2254,3027,3026),(2255,3028,
2256),(3028,3030,2256),(3028,3029,3030),(2256,3030,2257),(3004,3031,3009),
(3004,3032,3031),(3004,3005,3032),(3009,3034,3013),(3009,3031,3034),(3013,
3035,3017),(3013,3034,3035),(3017,3036,3021),(3017,3035,3036),(3021,3037,
3025),(3021,3036,3037),(3025,3038,3029),(3025,3037,3038),(3029,3039,3030),
(3029,3038,3039),(3030,3040,2257),(3030,3039,3040),(2257,3040,2258),(3031,
3041,3034),(3031,3042,3041),(3031,3032,3042),(3034,3044,3035),(3034,3041,
3044),(3035,3045,3036),(3035,3044,3045),(3036,3046,3037),(3036,3045,3046),
(3037,3047,3038),(3037,3046,3047),(3038,3048,3039),(3038,3047,3048),(3039,
3049,3040),(3039,3048,3049),(3040,3050,2258),(3040,3049,3050),(2258,3050,
2259),(3041,3051,3044),(3041,3052,3051),(3041,3042,3052),(3044,3054,3045),
(3044,3051,3054),(3045,3055,3046),(3045,3054,3055),(3046,3056,3047),(3046,
3055,3056),(3047,3057,3048),(3047,3056,3057),(3048,3058,3049),(3048,3057,
3058),(3049,3059,3050),(3049,3058,3059),(3050,3060,2259),(3050,3059,3060),
(2259,3060,2260),(3051,3061,3054),(3051,3052,3061),(3054,3062,3055),(3054,
3061,3062),(3055,3063,3056),(3055,3062,3063),(3056,3064,3057),(3056,3063,
3064),(3057,3065,3058),(3057,3064,3065),(3058,3066,3059),(3058,3065,3066),
(3059,3067,3060),(3059,3066,3067),(3060,3068,2260),(3060,3067,3068),(2260,
3068,2261),(3061,3069,3062),(3061,3070,3069),(3061,3052,3070),(3062,3072,
3063),(3062,3069,3072),(3063,3073,3064),(3063,3072,3073),(3064,3074,3065),
(3064,3073,3074),(3065,3075,3066),(3065,3074,3075),(3066,3076,3067),(3066,
3075,3076),(3067,3077,3068),(3067,3076,3077),(3068,3078,2261),(3068,3077,
3078),(2261,3078,2262),(3069,3079,3072),(3069,3080,3079),(3069,3070,3080),
(3072,3082,3073),(3072,3079,3082),(3073,3083,3074),(3073,3082,3083),(3074,
3084,3075),(3074,3083,3084),(3075,3085,3076),(3075,3084,3085),(3076,3086,
3077),(3076,3085,3086),(3077,3087,3078),(3077,3086,3087),(3078,3088,2262),
(3078,3087,3088),(2262,3088,2263),(3079,3089,3082),(3079,3090,3089),(3079,
3080,3090),(3082,3092,3083),(3082,3089,3092),(3083,3093,3084),(3083,3092,
3093),(3084,3094,3085),(3084,3093,3094),(3085,3095,3086),(3085,3094,3095),
(3086,3096,3087),(3086,3095,3096),(3087,3097,3088),(3087,3096,3097),(3088,
3098,2263),(3088,3097,3098),(2263,3098,2264),(3089,3099,3092),(3089,3100,
3099),(3089,3090,3100),(3092,3102,3093),(3092,3099,3102),(3093,3103,3094),
(3093,3102,3103),(3094,3104,3095),(3094,3103,3104),(3095,3105,3096),(3095,
3104,3105),(3096,3106,3097),(3096,3105,3106),(3097,3107,3098),(3097,3106,
3107),(3098,3108,2264),(3098,3107,3108),(2264,3108,2265),(3099,3109,3102),
(3099,3110,3109),(3099,3100,3110),(3102,3112,3103),(3102,3109,3112),(3103,
3113,3104),(3103,3112,3113),(3104,3114,3105),(3104,3113,3114),(3105,3115,
3106),(3105,3114,3115),(3106,3116,3107),(3106,3115,3116),(3107,3117,3108),
(3107,3116,3117),(3108,3118,2265),(3108,3117,3118),(2265,3118,2266),(3109,
3119,3112),(3109,3120,3119),(3109,3110,3120),(3112,3122,3113),(3112,3119,
3122),(3113,3123,3114),(3113,3122,3123),(3114,3124,3115),(3114,3123,3124),
(3115,3125,3116),(3115,3124,3125),(3116,3126,3117),(3116,3125,3126),(3117,
3127,3118),(3117,3126,3127),(3118,3128,2266),(3118,3127,3128),(2266,3128,
2267),(3119,3129,3122),(3119,3130,3129),(3119,3120,3130),(3122,3132,3123),
(3122,3129,3132),(3123,3133,3124),(3123,3132,3133),(3124,3134,3125),(3124,
3133,3134),(3125,3135,3126),(3125,3134,3135),(3126,3136,3127),(3126,3135,
3136),(3127,3137,3128),(3127,3136,3137),(3128,2313,2267),(3128,3137,2313),
(3129,3138,3132),(3129,3139,3138),(3129,3130,3139),(3132,3141,3133),(3132,
3138,3141),(3133,3142,3134),(3133,3141,3142),(3134,3143,3135),(3134,3142,
3143),(3135,3144,3136),(3135,3143,3144),(3136,3145,3137),(3136,3144,3145),
(3137,2312,2313),(3137,3145,2312),(3138,3146,3141),(3138,3147,3146),(3138,
3139,3147),(3141,3149,3142),(3141,3146,3149),(3142,3150,3143),(3142,3149,
3150),(3143,3151,3144),(3143,3150,3151),(3144,3152,3145),(3144,3151,3152),
(3145,2308,2312),(3145,3152,2308),(3146,3153,3149),(3146,3154,3153),(3146,
3147,3154),(3149,3156,3150),(3149,3153,3156),(3150,3157,3151),(3150,3156,
3157),(3151,3158,3152),(3151,3157,3158),(3152,2304,2308),(3152,3158,2304),
(3153,3159,3156),(3153,3160,3159),(3153,3154,3160),(3156,3162,3157),(3156,
3159,3162),(3157,3163,3158),(3157,3162,3163),(3158,2300,2304),(3158,3163,
2300),(3159,3164,3162),(3165,3164,3159),(3159,3160,3165),(3162,3167,3163),
(3162,3164,3167),(3163,2296,2300),(3163,3167,2296),(3164,3168,3167),(3165,
3168,3164),(3167,2292,2296),(3167,3168,2292),(3168,2287,2292),(3169,2287,
3168),(3169,3168,3165),(2288,2287,3169),(2248,3171,2249),(3171,2248,3172),
(3172,2248,2247),(2249,3173,2250),(2249,3171,3173),(2250,3174,2251),(2250,
3173,3174),(2251,3175,2252),(2251,3174,3175),(2252,3176,2253),(2252,3175,
3176),(2253,3027,2254),(2253,3176,3027),(3171,3177,3173),(3177,3171,3178),
(3178,3171,3172),(3173,3179,3174),(3173,3177,3179),(3174,3180,3175),(3174,
3179,3180),(3175,3181,3176),(3175,3180,3181),(3176,3023,3027),(3176,3181,
3023),(3182,2247,2246),(3172,2247,3182),(3183,2246,2245),(3182,2246,3183),
(3184,2245,2244),(3183,2245,3184),(3185,2244,2243),(3184,2244,3185),(3186,
2243,2242),(3185,2243,3186),(3187,2242,2241),(3186,2242,3187),(3188,2241,
2240),(3187,2241,3188),(3189,2240,2239),(3188,2240,3189),(3190,2239,2238),
(3189,2239,3190),(3191,2238,2237),(3190,2238,3191),(3192,2237,2236),(3191,
2237,3192),(3192,2236,2913),(3177,3193,3179),(3193,3177,3194),(3194,3177,
3178),(3179,3195,3180),(3179,3193,3195),(3180,3196,3181),(3180,3195,3196),
(3181,3019,3023),(3181,3196,3019),(3197,3172,3182),(3178,3172,3197),(3198,
3182,3183),(3197,3182,3198),(3199,3183,3184),(3198,3183,3199),(3200,3184,
3185),(3199,3184,3200),(3201,3185,3186),(3200,3185,3201),(3202,3186,3187),
(3201,3186,3202),(3203,3187,3188),(3202,3187,3203),(3204,3188,3189),(3203,
3188,3204),(3205,3189,3190),(3204,3189,3205),(3206,3190,3191),(3205,3190,
3206),(3207,3191,3192),(3206,3191,3207),(3208,3192,2913),(3207,3192,3208),
(3208,2913,2912),(3193,3209,3195),(3209,3193,3210),(3210,3193,3194),(3195,
3211,3196),(3195,3209,3211),(3196,3015,3019),(3196,3211,3015),(3212,3178,
3197),(3194,3178,3212),(3213,3197,3198),(3212,3197,3213),(3214,3198,3199),
(3213,3198,3214),(3215,3199,3200),(3214,3199,3215),(3216,3200,3201),(3215,
3200,3216),(3217,3201,3202),(3216,3201,3217),(3218,3202,3203),(3217,3202,
3218),(3219,3203,3204),(3218,3203,3219),(3220,3204,3205),(3219,3204,3220),
(3221,3205,3206),(3220,3205,3221),(3222,3206,3207),(3221,3206,3222),(3223,
3207,3208),(3222,3207,3223),(3224,3208,2912),(3223,3208,3224),(3224,2912,
2911),(3209,3225,3211),(3225,3209,3226),(3226,3209,3210),(3211,3011,3015),
(3211,3225,3011),(3227,3194,3212),(3210,3194,3227),(3228,3212,3213),(3227,
3212,3228),(3229,3213,3214),(3228,3213,3229),(3230,3214,3215),(3229,3214,
3230),(3231,3215,3216),(3230,3215,3231),(3232,3216,3217),(3231,3216,3232),
(3233,3217,3218),(3232,3217,3233),(3234,3218,3219),(3233,3218,3234),(3235,
3219,3220),(3234,3219,3235),(3236,3220,3221),(3235,3220,3236),(3237,3221,
3222),(3236,3221,3237),(3238,3222,3223),(3237,3222,3238),(3239,3223,3224),
(3238,3223,3239),(3240,3224,2911),(3239,3224,3240),(3240,2911,2910),(3225,
3002,3011),(3002,3225,2997),(2997,3225,3226),(3241,3210,3227),(3226,3210,
3241),(3242,3227,3228),(3241,3227,3242),(3243,3228,3229),(3242,3228,3243),
(3244,3229,3230),(3243,3229,3244),(3245,3230,3231),(3244,3230,3245),(3246,
3231,3232),(3245,3231,3246),(3247,3232,3233),(3246,3232,3247),(3248,3233,
3234),(3247,3233,3248),(3249,3234,3235),(3248,3234,3249),(3250,3235,3236),
(3249,3235,3250),(3251,3236,3237),(3250,3236,3251),(3252,3237,3238),(3251,
3237,3252),(3253,3238,3239),(3252,3238,3253),(3254,3239,3240),(3253,3239,
3254),(3255,3240,2910),(3254,3240,3255),(3255,2910,2909),(2992,3226,3241),
(2997,3226,2992),(2987,3241,3242),(2992,3241,2987),(2982,3242,3243),(2987,
3242,2982),(2977,3243,3244),(2982,3243,2977),(2972,3244,3245),(2977,3244,
2972),(2967,3245,3246),(2972,3245,2967),(2962,3246,3247),(2967,3246,2962),
(2957,3247,3248),(2962,3247,2957),(2954,3248,3249),(2957,3248,2954),(2949,
3249,3250),(2954,3249,2949),(2944,3250,3251),(2949,3250,2944),(2939,3251,
3252),(2944,3251,2939),(2934,3252,3253),(2939,3252,2934),(2929,3253,3254),
(2934,3253,2929),(2924,3254,3255),(2929,3254,2924),(2919,3255,2909),(2924,
3255,2919),(2919,2909,2908),(2145,2310,2147),(2147,3256,2148),(2147,2310,
3256),(2148,3257,2149),(2148,3256,3257),(2149,3258,2150),(2149,3257,3258),
(2150,3259,2151),(2150,3258,3259),(2151,3260,2152),(2151,3259,3260),(2152,
3261,2153),(2152,3260,3261),(2153,3262,2154),(2153,3261,3262),(2154,3263,
2155),(2154,3262,3263),(2155,3264,2156),(2155,3263,3264),(2156,3265,2157),
(2156,3264,3265),(2157,3266,2158),(2157,3265,3266),(2158,3267,2159),(2158,
3266,3267),(2159,3268,2160),(2159,3267,3268),(2160,3269,2161),(2160,3268,
3269),(2161,3270,2162),(2161,3269,3270),(2162,3271,2163),(2162,3270,3271),
(2163,3272,2164),(2163,3271,3272),(2164,3273,2165),(2164,3272,3273),(2165,
3274,2166),(2165,3273,3274),(2166,3275,2167),(2166,3274,3275),(2167,3276,
2168),(2167,3275,3276),(2168,3277,2169),(2168,3276,3277),(2169,3278,2170),
(2169,3277,3278),(2170,3279,2171),(2170,3278,3279),(2171,2401,2172),(2171,
3279,2401),(2310,2306,3256),(3256,3280,3257),(3256,2306,3280),(3257,3281,
3258),(3257,3280,3281),(3258,3282,3259),(3258,3281,3282),(3259,3283,3260),
(3259,3282,3283),(3260,3284,3261),(3260,3283,3284),(3261,3285,3262),(3261,
3284,3285),(3262,3286,3263),(3262,3285,3286),(3263,3287,3264),(3263,3286,
3287),(3264,3288,3265),(3264,3287,3288),(3265,3289,3266),(3265,3288,3289),
(3266,3290,3267),(3266,3289,3290),(3267,3291,3268),(3267,3290,3291),(3268,
3292,3269),(3268,3291,3292),(3269,3293,3270),(3269,3292,3293),(3270,3294,
3271),(3270,3293,3294),(3271,3295,3272),(3271,3294,3295),(3272,3296,3273),
(3272,3295,3296),(3273,3297,3274),(3273,3296,3297),(3274,3298,3275),(3274,
3297,3298),(3275,3299,3276),(3275,3298,3299),(3276,3300,3277),(3276,3299,
3300),(3277,3301,3278),(3277,3300,3301),(3278,3302,3279),(3278,3301,3302),
(3279,2397,2401),(3279,3302,2397),(2306,2302,3280),(3280,3303,3281),(3280,
2302,3303),(3281,3304,3282),(3281,3303,3304),(3282,3305,3283),(3282,3304,
3305),(3283,3306,3284),(3283,3305,3306),(3284,3307,3285),(3284,3306,3307),
(3285,3308,3286),(3285,3307,3308),(3286,3309,3287),(3286,3308,3309),(3287,
3310,3288),(3287,3309,3310),(3288,3311,3289),(3288,3310,3311),(3289,3312,
3290),(3289,3311,3312),(3290,3313,3291),(3290,3312,3313),(3291,3314,3292),
(3291,3313,3314),(3292,3315,3293),(3292,3314,3315),(3293,3316,3294),(3293,
3315,3316),(3294,3317,3295),(3294,3316,3317),(3295,3318,3296),(3295,3317,
3318),(3296,3319,3297),(3296,3318,3319),(3297,3320,3298),(3297,3319,3320),
(3298,3321,3299),(3298,3320,3321),(3299,3322,3300),(3299,3321,3322),(3300,
3323,3301),(3300,3322,3323),(3301,3324,3302),(3301,3323,3324),(3302,2393,
2397),(3302,3324,2393),(2302,2298,3303),(3303,3325,3304),(3303,2298,3325),
(3304,3326,3305),(3304,3325,3326),(3305,3327,3306),(3305,3326,3327),(3306,
3328,3307),(3306,3327,3328),(3307,3329,3308),(3307,3328,3329),(3308,3330,
3309),(3308,3329,3330),(3309,3331,3310),(3309,3330,3331),(3310,3332,3311),
(3310,3331,3332),(3311,3333,3312),(3311,3332,3333),(3312,3334,3313),(3312,
3333,3334),(3313,3335,3314),(3313,3334,3335),(3314,3336,3315),(3314,3335,
3336),(3315,3337,3316),(3315,3336,3337),(3316,3338,3317),(3316,3337,3338),
(3317,3339,3318),(3317,3338,3339),(3318,3340,3319),(3318,3339,3340),(3319,
3341,3320),(3319,3340,3341),(3320,3342,3321),(3320,3341,3342),(3321,3343,
3322),(3321,3342,3343),(3322,3344,3323),(3322,3343,3344),(3323,3345,3324),
(3323,3344,3345),(3324,2389,2393),(3324,3345,2389),(2298,2294,3325),(3325,
3346,3326),(3325,2294,3346),(3326,3347,3327),(3326,3346,3347),(3327,3348,
3328),(3327,3347,3348),(3328,3349,3329),(3328,3348,3349),(3329,3350,3330),
(3329,3349,3350),(3330,3351,3331),(3330,3350,3351),(3331,3352,3332),(3331,
3351,3352),(3332,3353,3333),(3332,3352,3353),(3333,3354,3334),(3333,3353,
3354),(3334,3355,3335),(3334,3354,3355),(3335,3356,3336),(3335,3355,3356),
(3336,3357,3337),(3336,3356,3357),(3337,3358,3338),(3337,3357,3358),(3338,
3359,3339),(3338,3358,3359),(3339,3360,3340),(3339,3359,3360),(3340,3361,
3341),(3340,3360,3361),(3341,3362,3342),(3341,3361,3362),(3342,3363,3343),
(3342,3362,3363),(3343,3364,3344),(3343,3363,3364),(3344,3365,3345),(3344,
3364,3365),(3345,2385,2389),(3345,3365,2385),(2294,2285,3346),(3346,2279,
3347),(3346,2285,2279),(3347,2280,3348),(3347,2279,2280),(3348,2315,3349),
(3348,2280,2315),(3349,2320,3350),(3349,2315,2320),(3350,2325,3351),(3350,
2320,2325),(3351,2330,3352),(3351,2325,2330),(3352,2335,3353),(3352,2330,
2335),(3353,2337,3354),(3353,2335,2337),(3354,2339,3355),(3354,2337,2339),
(3355,2341,3356),(3355,2339,2341),(3356,2343,3357),(3356,2341,2343),(3357,
2345,3358),(3357,2343,2345),(3358,2347,3359),(3358,2345,2347),(3359,2349,
3360),(3359,2347,2349),(3360,2351,3361),(3360,2349,2351),(3361,2356,3362),
(3361,2351,2356),(3362,2361,3363),(3362,2356,2361),(3363,2366,3364),(3363,
2361,2366),(3364,2371,3365),(3364,2366,2371),(3365,2376,2385),(3365,2371,
2376),(2213,2212,2714),(2714,3366,2710),(2714,2212,3366),(2710,3367,2706),
(2710,3366,3367),(2706,3368,2702),(2706,3367,3368),(2702,3369,2698),(2702,
3368,3369),(2698,3370,2689),(2698,3369,3370),(2689,3370,2684),(2212,2211,
3366),(3366,3371,3367),(3366,2211,3371),(3367,3372,3368),(3367,3371,3372),
(3368,3373,3369),(3368,3372,3373),(3369,3374,3370),(3369,3373,3374),(3370,
3375,2684),(3370,3374,3375),(2684,3375,2679),(2211,2210,3371),(3371,3376,
3372),(3371,2210,3376),(3372,3377,3373),(3372,3376,3377),(3373,3378,3374),
(3373,3377,3378),(3374,3379,3375),(3374,3378,3379),(3375,3380,2679),(3375,
3379,3380),(2679,3380,2674),(2210,2209,3376),(3376,3381,3377),(3376,2209,
3381),(3377,3382,3378),(3377,3381,3382),(3378,3383,3379),(3378,3382,3383),
(3379,3384,3380),(3379,3383,3384),(3380,3385,2674),(3380,3384,3385),(2674,
3385,2669),(2209,2208,3381),(3381,3386,3382),(3381,2208,3386),(3382,3387,
3383),(3382,3386,3387),(3383,3388,3384),(3383,3387,3388),(3384,3389,3385),
(3384,3388,3389),(3385,3390,2669),(3385,3389,3390),(2669,3390,2664),(2208,
2207,3386),(3386,3391,3387),(3386,2207,3391),(3387,3392,3388),(3387,3391,
3392),(3388,3393,3389),(3388,3392,3393),(3389,3394,3390),(3389,3393,3394),
(3390,3395,2664),(3390,3394,3395),(2664,3395,2659),(2207,2206,3391),(3391,
3396,3392),(3391,2206,3396),(3392,3397,3393),(3392,3396,3397),(3393,3398,
3394),(3393,3397,3398),(3394,3399,3395),(3394,3398,3399),(3395,3400,2659),
(3395,3399,3400),(2659,3400,2654),(2206,2205,3396),(3396,3401,3397),(3396,
2205,3401),(3397,3402,3398),(3397,3401,3402),(3398,3403,3399),(3398,3402,
3403),(3399,3404,3400),(3399,3403,3404),(3400,3405,2654),(3400,3404,3405),
(2654,3405,2649),(2205,2204,3401),(3401,3406,3402),(3401,2204,3406),(3402,
3407,3403),(3402,3406,3407),(3403,3408,3404),(3403,3407,3408),(3404,3409,
3405),(3404,3408,3409),(3405,3410,2649),(3405,3409,3410),(2649,3410,2644),
(2204,2203,3406),(3406,3411,3407),(3406,2203,3411),(3407,3412,3408),(3407,
3411,3412),(3408,3413,3409),(3408,3412,3413),(3409,3414,3410),(3409,3413,
3414),(3410,3415,2644),(3410,3414,3415),(2644,3415,2641),(2203,2202,3411),
(3411,3416,3412),(3411,2202,3416),(3412,3417,3413),(3412,3416,3417),(3413,
3418,3414),(3413,3417,3418),(3414,3419,3415),(3414,3418,3419),(3415,3420,
2641),(3415,3419,3420),(2641,3420,2636),(2202,2201,3416),(3416,3421,3417),
(3416,2201,3421),(3417,3422,3418),(3417,3421,3422),(3418,3423,3419),(3418,
3422,3423),(3419,3424,3420),(3419,3423,3424),(3420,3425,2636),(3420,3424,
3425),(2636,3425,2631),(2201,2200,3421),(3421,3426,3422),(3421,2200,3426),
(3422,3427,3423),(3422,3426,3427),(3423,3428,3424),(3423,3427,3428),(3424,
3429,3425),(3424,3428,3429),(3425,3430,2631),(3425,3429,3430),(2631,3430,
2626),(2200,2199,3426),(3426,3431,3427),(3426,2199,3431),(3427,3432,3428),
(3427,3431,3432),(3428,3433,3429),(3428,3432,3433),(3429,3434,3430),(3429,
3433,3434),(3430,3435,2626),(3430,3434,3435),(2626,3435,2621),(2199,2198,
3431),(3431,3436,3432),(3431,2198,3436),(3432,3437,3433),(3432,3436,3437),
(3433,3438,3434),(3433,3437,3438),(3434,3439,3435),(3434,3438,3439),(3435,
3440,2621),(3435,3439,3440),(2621,3440,2616),(2198,2197,3436),(3436,3441,
3437),(3436,2197,3441),(3437,3442,3438),(3437,3441,3442),(3438,3443,3439),
(3438,3442,3443),(3439,3444,3440),(3439,3443,3444),(3440,3445,2616),(3440,
3444,3445),(2616,3445,2611),(2197,2196,3441),(3441,3446,3442),(3441,2196,
3446),(3442,3447,3443),(3442,3446,3447),(3443,3448,3444),(3443,3447,3448),
(3444,3449,3445),(3444,3448,3449),(3445,3450,2611),(3445,3449,3450),(2611,
3450,2606),(2196,2195,3446),(3446,2595,3447),(3446,2195,2595),(3447,2594,
3448),(3447,2595,2594),(3448,2593,3449),(3448,2594,2593),(3449,2592,3450),
(3449,2593,2592),(3450,2591,2606),(3450,2592,2591),(2606,2591,2590),(2333,
2000,57),(57,1998,90),(57,2000,1998),(2328,2002,2333),(2333,2002,2000),
(2323,2004,2328),(2328,2004,2002),(2318,2006,2323),(2323,2006,2004),(2277,
2008,2318),(2318,2008,2006),(2274,2010,2277),(2277,2010,2008),(2283,2012,
2274),(2274,2012,2010),(2289,2014,2283),(2283,2014,2012),(3170,2016,2289),
(2289,2016,2014),(3166,2018,3170),(3170,2018,2016),(3161,2020,3166),(3166,
2020,2018),(71,1990,77),(84,1992,71),(71,1992,1990),(77,1988,75),(77,1990,
1988),(75,1986,2354),(75,1988,1986),(88,1994,84),(84,1994,1992),(90,1996,
88),(88,1996,1994),(90,1998,1996),(2600,1922,2604),(2604,1926,2609),(2604,
1922,1926),(2597,1918,2600),(1918,1924,2600),(2600,1924,1922),(2587,1920,
2597),(2597,1920,1918),(2575,1942,2587),(2587,1942,1920),(2553,1944,2575),
(2575,1944,1942),(2541,1946,2553),(2553,1946,1944),(2609,1928,2614),(2609,
1926,1928),(2614,1930,2619),(2614,1928,1930),(2619,1932,2624),(2619,1930,
1932),(2624,1934,2629),(2624,1932,1934),(2629,1936,2634),(2629,1934,1936),
(2634,1938,2639),(2634,1936,1938),(2639,1940,2647),(2639,1938,1940),(2647,
2144,2652),(2647,1940,2144),(2652,2142,2657),(2652,2144,2142),(2657,2140,
2662),(2657,2142,2140),(2662,2138,2667),(2662,2140,2138),(2667,2136,2672),
(2667,2138,2136),(2672,2134,2677),(2672,2136,2134),(2677,2132,2682),(2677,
2134,2132),(2682,2130,2687),(2682,2132,2130),(2687,2128,2693),(2687,2130,
2128),(2693,2126,2720),(2693,2128,2126),(2720,2124,2730),(2720,2126,2124),
(2730,2122,2748),(2730,2124,2122),(2748,2118,2758),(2748,2122,2118),(2758,
2116,2768),(2758,2118,2120),(2758,2120,2116),(2768,2114,2778),(2768,2116,
2114),(2778,2112,2788),(2778,2114,2112),(2788,2110,2798),(2788,2112,2110),
(2798,2108,2808),(2798,2110,2108),(2808,2106,2818),(2808,2108,2106),(2818,
2104,2828),(2818,2106,2104),(2828,2102,2838),(2828,2104,2102),(2838,2100,
2848),(2838,2102,2100),(2848,2098,2858),(2848,2100,2098),(2858,2096,2876),
(2858,2098,2096),(2876,2094,2886),(2876,2096,2094),(2886,2092,2896),(2886,
2094,2092),(2896,2090,2907),(2896,2092,2090),(2907,2088,2917),(2907,2090,
2088),(2917,2086,2922),(2917,2088,2086),(2922,2084,2927),(2922,2086,2084),
(2927,2082,2932),(2927,2084,2082),(2932,2080,2937),(2932,2082,2080),(2937,
2078,2942),(2937,2080,2078),(2942,2076,2947),(2942,2078,2076),(2947,2072,
2952),(2947,2076,2072),(2952,2070,2960),(2952,2072,2074),(2952,2074,2070),
(2960,2068,2965),(2960,2070,2068),(2965,2066,2970),(2965,2068,2066),(2970,
2064,2975),(2970,2066,2064),(2975,2062,2980),(2975,2064,2062),(2980,2060,
2985),(2980,2062,2060),(2985,2058,2990),(2985,2060,2058),(2990,2056,2995),
(2990,2058,2056),(2995,2054,3000),(2995,2056,2054),(3000,2052,3006),(3000,
2054,2052),(3006,2050,3033),(3006,2052,2050),(3033,2048,3043),(3033,2050,
2048),(3043,2046,3053),(3043,2048,2046),(3053,2044,3071),(3053,2046,2044),
(3071,2042,3081),(3071,2044,2042),(3081,2040,3091),(3081,2042,2040),(3091,
2038,3101),(3091,2040,2038),(3101,2036,3111),(3101,2038,2036),(3111,2034,
3121),(3111,2036,2034),(3121,2032,3131),(3121,2034,2032),(3131,2028,3140),
(3131,2032,2028),(3140,2026,3148),(3140,2028,2030),(3140,2030,2026),(3148,
2024,3155),(3148,2026,2024),(3155,2022,3161),(3155,2024,2022),(3161,2022,
2020),(2354,1982,2359),(2354,1986,1982),(2359,1980,2364),(2359,1982,1984),
(2359,1984,1980),(2364,1978,2369),(2364,1980,1978),(2369,1976,2374),(2369,
1978,1976),(2374,1974,2380),(2374,1976,1974),(2380,1972,2407),(2380,1974,
1972),(2407,1970,2417),(2407,1972,1970),(2417,1968,2435),(2417,1970,1968),
(2435,1966,2445),(2435,1968,1966),(2445,1964,2455),(2445,1966,1964),(2455,
1962,2465),(2455,1964,1962),(2465,1960,2475),(2465,1962,1960),(2475,1958,
2485),(2475,1960,1958),(2485,1956,2495),(2485,1958,1956),(2495,1954,2505),
(2495,1956,1954),(2505,1952,2517),(2505,1954,1952),(2517,1950,2529),(2517,
1952,1950),(2529,1948,2541),(2529,1950,1948),(2541,1948,1946)),());
#152=COMPLEX_TRIANGULATED_FACE('ConvergentBody',#160,304,((0.509142117681126,
0.808609293768705,0.294830992322814),(0.509142117681126,0.808609293768704,
-0.294830992322814),(0.418853026724035,0.858774695161043,0.295073151871146),
(0.418853026724035,0.858774695161043,-0.295073151871146),(0.418717657354139,
0.85850004589201,0.296062822088958),(0.,0.,1.),(0.418717657354139,0.85850004589201,
-0.296062822088958),(0.,0.,-1.),(0.529205655341625,0.795063503573587,0.29633663229465),
(0.,0.,1.),(0.593730307402413,0.748839186117982,0.294489720374063),(0.593730307402413,
0.748839186117982,-0.294489720374063),(0.529205655341625,0.795063503573587,
-0.29633663229465),(0.,0.,-1.),(0.323732790280136,0.899039326499925,0.294831087071901),
(0.323732790280136,0.899039326499925,-0.294831087071901),(0.300707790741313,
0.906509489126909,0.296336583482954),(0.,0.,1.),(0.,0.,1.),(-0.114137817989579,
-0.948333055468025,0.296035427628614),(0.224555737303761,0.928897512096699,
0.294489614187879),(0.224555737303761,0.928897512096699,-0.294489614187879),
(0.300707790741313,0.906509489126909,-0.296336583482954),(0.,0.,-1.),(0.177019021930605,
0.93844112738718,0.296635325446938),(0.,0.,1.),(0.122706257889157,0.947756917110987,
0.294448637869354),(0.122706257889157,0.947756917110987,-0.294448637869354),
(0.177019021930605,0.93844112738718,-0.296635325446938),(0.,0.,-1.),(0.0501939788264228,
0.953723904497427,0.296464632763769),(0.,0.,1.),(0.0194087556486121,0.95539020333534,
0.294708092143785),(0.0194087556486121,0.95539020333534,-0.294708092143784),
(0.0501939788264228,0.953723904497427,-0.296464632763769),(0.,0.,-1.),(-0.0773881664044744,
0.952033089410934,0.296047408985835),(0.,0.,1.),(-0.0839686973390881,0.951774119047426,
0.295085215113658),(-0.0839686973390881,0.951774119047426,-0.295085215113658),
(-0.0773881664044744,0.952033089410934,-0.296047408985835),(0.,0.,-1.),
(-0.186072436598848,0.937211873469492,0.294976189828897),(-0.186072436598848,
0.937211873469492,-0.294976189828897),(-0.203209137611851,0.933266975976825,
0.296173594268834),(0.,0.,1.),(-0.286451369207492,0.911693020023019,0.294552966918447),
(-0.286451369207492,0.911693020023019,-0.294552966918447),(-0.203209137611851,
0.933266975976825,-0.296173594268834),(0.,0.,-1.),(-0.325899474110856,0.897673497885185,
0.296600444990976),(0.,0.,1.),(-0.383454273154123,0.875370652725571,0.294430026910727),
(-0.383454273154123,0.875370652725571,-0.294430026910727),(-0.325899474110856,
0.897673497885185,-0.296600444990976),(0.,0.,-1.),(-0.44279254953243,0.846160889709232,
0.296557763015996),(0.,0.,1.),(-0.475913693915166,0.828681177762889,0.294607640032522),
(-0.475913693915166,0.828681177762889,-0.294607640032522),(-0.44279254953243,
0.846160889709232,-0.296557763015996),(0.,0.,-1.),(-0.551851579944696,0.779626094436833,
0.296045581939188),(0.,0.,1.),(-0.562718380023881,0.772186905231111,0.295085425212595),
(-0.562718380023881,0.772186905231111,-0.295085425212595),(-0.551851579944696,
0.779626094436833,-0.296045581939188),(0.,0.,-1.),(-0.650473880054615,0.699468274296667,
0.296020040907939),(0.,0.,1.),(-0.642592250525714,0.707097586414203,0.295107104034291),
(-0.642592250525714,0.707097586414203,-0.295107104034291),(-0.650473880054615,
0.699468274296667,-0.296020040907939),(0.,0.,-1.),(-0.715435607956911,0.633513962768356,
0.294638676763352),(-0.715435607956911,0.633513962768356,-0.294638676763352),
(-0.737861911970953,0.606324447182862,0.296530712761707),(0.,0.,1.),(-0.779848947746665,
0.552398683000047,0.294433886837492),(-0.779848947746665,0.552398683000047,
-0.294433886837492),(-0.737861911970953,0.606324447182862,-0.296530712761707),
(0.,0.,-1.),(-0.812158220877764,0.502412101498025,0.296616089464148),(0.,
0.,1.),(0.,0.,1.),(-0.23908229468056,-0.924747365341322,0.296111409210387),
(-0.835027472610397,0.464738089853583,0.294529502469847),(-0.835027472610397,
0.464738089853583,-0.294529502469847),(-0.812158220877764,0.502412101498025,
-0.296616089464148),(0.,0.,-1.),(-0.872052745903072,0.3895775390112,0.296231918369526),
(0.,0.,1.),(-0.880307726625854,0.371587578978386,0.29492537631035),(-0.880307726625854,
0.371587578978386,-0.29492537631035),(-0.872052745903072,0.3895775390112,
-0.296231918369526),(0.,0.,-1.),(-0.916160274766165,0.270187184646831,0.296056136894684),
(0.,0.,1.),(-0.915199916540728,0.274477397384504,0.295078415152438),(-0.915199916540728,
0.274477397384504,-0.295078415152438),(-0.916160274766165,0.270187184646831,
-0.296056136894684),(0.,0.,-1.),(-0.939598848277091,0.174006928101457,0.294746659504494),
(-0.939598848277091,0.174006928101456,-0.294746659504494),(-0.943875811116222,
0.145705711175472,0.296425874242693),(0.,0.,1.),(-0.953000396466597,0.0712996296653048,
0.294459856591863),(-0.953000396466597,0.0712996296653048,-0.294459856591863),
(-0.943875811116222,0.145705711175472,-0.296425874242693),(0.,0.,-1.),(-0.954811721554233,
0.018432145960313,0.296639229330749),(0.,0.,1.),(-0.955115040229971,-0.0322586091453069,
0.294473499762732),(-0.955115040229971,-0.0322586091453069,-0.294473499762732),
(-0.954811721554233,0.018432145960313,-0.296639229330749),(0.,0.,-1.),(-0.948809173923008,
-0.109170251343666,0.29638321089613),(0.,0.,1.),(-0.945917626267666,-0.135425395825785,
0.294787731226341),(-0.945917626267666,-0.135425395825785,-0.294787731226341),
(-0.948809173923008,-0.109170251343666,-0.29638321089613),(0.,0.,-1.),(-0.925920019196072,
-0.234563177961025,0.296061199073384),(0.,0.,1.),(-0.925674383233711,-0.236765668472031,
0.295074489676559),(-0.925674383233711,-0.236765668472031,-0.295074489676559),
(-0.925920019196072,-0.234563177961025,-0.296061199073384),(0.,0.,-1.),
(-0.894784191173314,-0.335274311090794,0.294876902365905),(-0.894784191173314,
-0.335274311090794,-0.294876902365905),(-0.886423459294282,-0.355623386102675,
0.296286108465493),(0.,0.,1.),(-0.853343943256595,-0.430196482449363,0.294508235870374),
(-0.853343943256595,-0.430196482449363,-0.294508235870375),(-0.886423459294282,
-0.355623386102675,-0.296286108465493),(0.,0.,-1.),(-0.830939890800417,
-0.470692006973385,0.296627598931654),(0.,0.,1.),(-0.801789958957877,-0.520036492745426,
0.294439990367075),(-0.801789958957877,-0.520036492745426,-0.294439990367075),
(-0.830939890800417,-0.470692006973385,-0.296627598931654),(0.,0.,-1.),
(-0.760720560512651,-0.57740126250504,0.296499596746612),(0.,0.,1.),(-0.740742469797769,
-0.60371258080698,0.294672213167915),(-0.740742469797769,-0.60371258080698,
-0.294672213167915),(-0.760720560512651,-0.57740126250504,-0.296499596746612),
(0.,0.,-1.),(-0.677026483612417,-0.673793818136292,0.296035523423666),(0.,
0.,1.),(-0.671014985051233,-0.680189612352215,0.295094867940529),(-0.671014985051233,
-0.680189612352215,-0.295094867940529),(-0.677026483612417,-0.673793818136292,
-0.296035523423666),(0.,0.,-1.),(-0.593842756716861,-0.748537455898293,
0.29502958735054),(-0.593842756716861,-0.748537455898293,-0.29502958735054),
(-0.581517477777683,-0.757730440241548,0.29611147051479),(0.,0.,1.),(0.,
0.,1.),(-0.360304363665111,-0.884432313765762,0.296580929749065),(-0.509416311921921,
-0.808528435356597,0.294579005307033),(-0.509416311921921,-0.808528435356597,
-0.294579005307033),(-0.581517477777683,-0.757730440241548,-0.29611147051479),
(0.,0.,-1.),(-0.475116930966551,-0.828434447582976,0.296580963594792),(0.,
0.,1.),(-0.41893941053721,-0.858953734766719,0.294428687170664),(-0.41893941053721,
-0.858953734766719,-0.294428687170664),(-0.475116930966551,-0.828434447582976,
-0.296580963594792),(0.,0.,-1.),(-0.323500774525127,-0.899205479975565,
0.29457894300774),(-0.323500774525127,-0.899205479975565,-0.29457894300774),
(-0.360304363665111,-0.884432313765762,-0.296580929749065),(0.,0.,-1.),
(-0.224249724191974,-0.928800113949374,0.295029506198032),(-0.224249724191974,
-0.928800113949374,-0.295029506198032),(-0.23908229468056,-0.924747365341322,
-0.296111409210387),(0.,0.,-1.),(-0.122878871208483,-0.947533542818576,
0.295094846183744),(-0.122878871208483,-0.947533542818576,-0.295094846183744),
(-0.114137817989579,-0.948333055468025,-0.296035427628614),(0.,0.,-1.),
(-0.0196856408282312,-0.955395619161581,0.294672167725493),(-0.0196856408282312,
-0.955395619161581,-0.294672167725493),(0.0133490067837843,-0.954939667475385,
0.296499638279522),(0.,0.,1.),(0.,0.,1.),(0.7978567435671,0.52514809969371,
0.29604744574576),(0.,0.,1.),(0.720641476529888,0.626725231490899,0.29646474751225),
(0.,0.,1.),(0.63051867387111,0.717254202840132,0.296635484067538),(0.0838372168106999,
-0.951985495640298,0.294440040021617),(0.0838372168106999,-0.951985495640298,
-0.294440040021617),(0.0133490067837843,-0.954939667475385,-0.296499638279522),
(0.,0.,-1.),(0.140667995811449,-0.94457639715907,0.296627619894676),(0.,
0.,1.),(0.,0.,1.),(0.860532588052912,0.414445220566322,0.29617363834192),
(0.186371752361882,-0.937299552755575,0.294508265292777),(0.186371752361882,
-0.937299552755575,-0.294508265292777),(0.140667995811449,-0.94457639715907,
-0.296627619894676),(0.,0.,-1.),(0.265500646585479,-0.917455143310938,0.296286122987559),
(0.,0.,1.),(0.,0.,1.),(0.908019977084321,0.295851163775167,0.296600421625912),
(0.286683690423584,-0.911515264254192,0.294876897495762),(0.286683690423584,
-0.911515264254192,-0.294876897495762),(0.265500646585479,-0.917455143310938,
-0.296286122987559),(0.,0.,-1.),(0.385214148438994,-0.874046837934694,0.296061116897819),
(0.,0.,1.),(0.,0.,1.),(0.939394212477503,0.172023400924224,0.296557689325763),
(0.383328398329408,-0.875208768035894,0.295074484473503),(0.383328398329408,
-0.875208768035894,-0.295074484473503),(0.385214148438994,-0.874046837934694,
-0.296061116897819),(0.,0.,-1.),(0.475648133214431,-0.82876963057595,0.294787640182948),
(0.475648133214431,-0.82876963057595,-0.294787640182948),(0.498118023356897,
-0.814883704382072,0.296383169460699),(0.,0.,1.),(0.,0.,1.),(0.954107548790754,
0.0451209627270544,0.296045408785683),(0.56260698200274,-0.772501615178458,
0.294473493456445),(0.56260698200274,-0.772501615178458,-0.294473493456445),
(0.498118023356897,-0.814883704382072,-0.296383169460699),(0.,0.,-1.),(0.602364955740809,
-0.74105441541456,0.296639197494125),(0.,0.,1.),(0.,0.,1.),(0.951660269653784,
-0.0819441945025262,0.296020067140421),(0.64291094319876,-0.707077755840822,
0.294459787255215),(0.64291094319876,-0.707077755840823,-0.294459787255215),
(0.602364955740809,-0.74105441541456,-0.296639197494125),(0.,0.,-1.),(0.695925466291163,
-0.654079117439461,0.296425797624031),(0.,0.,1.),(0.,0.,1.),(0.932063653949357,
-0.208151365118956,0.29653052825247),(0.715594126205772,-0.633284708595802,
0.294746542640501),(0.715594126205771,-0.633284708595802,-0.294746542640501),
(0.695925466291163,-0.654079117439461,-0.296425797624031),(0.,0.,-1.),(0.776955491490158,
-0.555599715780138,0.296055940775247),(0.,0.,1.),(0.,0.,1.),(0.895921032253973,
-0.330672892267454,0.296615815971524),(0.779744513106781,-0.55220213820972,
0.295078452002993),(0.779744513106781,-0.55220213820972,-0.295078452002993),
(0.776955491490158,-0.555599715780138,-0.296055940775247),(0.,0.,-1.),(0.83478712108538,
-0.464918850376927,0.294925287207081),(0.83478712108538,-0.464918850376927,
-0.294925287207081),(0.843879916584041,-0.447340469769191,0.296231650052439),
(0.,0.,1.),(0.880313085988374,-0.371888998352419,0.294529189626529),(0.880313085988374,
-0.371888998352419,-0.294529189626529),(0.843879916584041,-0.447340469769191,
-0.296231650052439),(0.,0.,-1.),(0.915418888126703,-0.274439589805819,0.294433644151079),
(0.915418888126703,-0.274439589805819,-0.294433644151079),(0.895921032253973,
-0.330672892267454,-0.296615815971524),(0.,0.,-1.),(0.939681699058418,-0.173742230332141,
0.294638663202742),(0.939681699058418,-0.173742230332141,-0.294638663202742),
(0.932063653949357,-0.208151365118956,-0.29653052825247),(0.,0.,-1.),(0.952819855005545,
-0.071036023706621,0.295107111475079),(0.952819855005545,-0.071036023706621,
-0.295107111475079),(0.951660269653784,-0.0819441945025262,-0.296020067140421),
(0.,0.,-1.),(0.954935591149311,0.031978962299181,0.295085348207232),(0.954935591149311,
0.031978962299181,-0.295085348207232),(0.946011572036567,0.135161132284637,
0.294607491236117),(0.946011572036567,0.135161132284637,-0.294607491236117),
(0.954107548790754,0.0451209627270544,-0.296045408785683),(0.,0.,-1.),(0.92587974587571,
0.236765035543578,0.294429981695444),(0.92587974587571,0.236765035543578,
-0.294429981695444),(0.939394212477503,0.172023400924224,-0.296557689325763),
(0.,0.,-1.),(0.894781207503919,0.335566860482675,0.294553005151247),(0.894781207503919,
0.335566860482675,-0.294553005151247),(0.908019977084321,0.295851163775167,
-0.296600421625912),(0.,0.,-1.),(0.853091129891841,0.430377188072891,0.294976270378369),
(0.853091129891841,0.430377188072891,-0.294976270378369),(0.860532588052912,
0.414445220566322,-0.29617363834192),(0.,0.,-1.),(0.801704151916639,0.519802903731685,
0.295085401319231),(0.801704151916639,0.519802903731685,-0.295085401319231),
(0.7978567435671,0.52514809969371,-0.296047445745759),(0.,0.,-1.),(0.740908092929846,
0.603491746111602,0.294708178044363),(0.740908092929846,0.603491746111602,
-0.294708178044363),(0.671297826050433,0.680190511080716,0.2944488026393),
(0.671297826050433,0.680190511080716,-0.2944488026393),(0.720641476529888,
0.626725231490899,-0.29646474751225),(0.,0.,-1.),(0.,0.,-1.),(0.63051867387111,
0.717254202840132,-0.296635484067538)),$,(116,116,108,108,96,96,95,95,102,
102,128,128,101,101,100,100,91,91,72,72,92,92,90,90,85,85,86,86,84,84,80,
80,78,78,79,79,74,74,70,70,73,73,64,64,68,68,58,58,67,67,63,63,48,48,62,
62,57,57,42,42,56,56,52,52,32,32,51,51,46,46,16,16,45,45,14,14,41,41,12,
12,40,40,36,36,66,66,10,10,35,35,31,31,8,8,30,30,27,27,6,6,26,26,4,4,22,
22,2,2,21,21,18,18,1,1,17,17,20,20,3,3,19,19,24,24,5,5,23,23,7,7,29,29,
9,9,28,28,34,34,11,11,33,33,39,39,13,13,38,38,44,44,15,15,43,43,25,25,50,
50,60,60,37,37,49,49,55,55,47,47,54,54,53,53,59,59,61,61,65,65,69,69,71,
71,75,75,77,77,118,118,112,112,107,107,81,81,76,76,83,83,122,122,89,89,
82,82,88,88,127,127,97,97,87,87,94,94,132,132,103,103,93,93,113,113,99,
99,136,136,123,123,98,98,105,105,134,134,137,137,104,104,110,110,130,130,
139,139,109,109,115,115,125,125,141,141,114,114,143,143,120,120,145,145,
119,119,147,147,124,124,149,149,129,129,151,151,133,133,152,152,150,150,
135,135,148,148,131,131,146,146,126,126,144,144,121,121,142,142,117,117,
140,140,138,138,111,111,106,106),((1,3,5),(7,4,2),(9,1,5),(9,11,1),(13,
2,12),(7,2,13),(5,3,15),(16,4,7),(5,15,17),(19,6,18),(10,6,19),(17,15,21),
(23,22,16),(23,16,7),(17,21,25),(19,18,26),(25,21,27),(29,28,22),(29,22,
23),(25,27,31),(26,32,19),(31,27,33),(35,34,28),(35,28,29),(31,33,37),(19,
32,38),(37,33,39),(41,40,34),(41,34,35),(37,39,43),(37,43,45),(19,38,46),
(41,44,40),(45,43,47),(49,48,44),(49,44,41),(45,47,51),(46,52,19),(51,47,
53),(55,54,48),(55,48,49),(51,53,57),(19,52,58),(57,53,59),(61,60,54),(61,
54,55),(57,59,63),(19,58,64),(63,59,65),(67,66,60),(67,60,61),(63,65,69),
(64,70,19),(69,65,71),(73,72,66),(73,66,67),(69,71,75),(69,75,77),(19,70,
78),(73,76,72),(77,75,79),(81,80,76),(81,76,73),(77,79,83),(85,78,84),(19,
78,85),(83,79,87),(89,88,80),(89,80,81),(83,87,91),(85,84,92),(91,87,93),
(95,94,88),(95,88,89),(91,93,97),(92,98,85),(97,93,99),(101,100,94),(101,
94,95),(97,99,103),(97,103,105),(85,98,106),(101,104,100),(105,103,107),
(109,108,104),(109,104,101),(105,107,111),(85,106,112),(111,107,113),(115,
114,108),(115,108,109),(111,113,117),(112,118,85),(117,113,119),(121,120,
114),(121,114,115),(117,119,123),(85,118,124),(123,119,125),(127,126,120),
(127,120,121),(123,125,129),(123,129,131),(85,124,132),(127,130,126),(131,
129,133),(135,134,130),(135,130,127),(131,133,137),(132,138,85),(137,133,
139),(141,140,134),(141,134,135),(137,139,143),(85,138,144),(143,139,145),
(147,146,140),(147,140,141),(143,145,149),(85,144,150),(149,145,151),(153,
152,146),(153,146,147),(149,151,155),(149,155,157),(159,150,158),(85,150,
159),(153,156,152),(157,155,161),(163,162,156),(163,156,153),(157,161,165),
(159,158,166),(165,161,167),(169,168,162),(169,162,163),(165,167,160),(160,
167,171),(173,172,168),(173,168,169),(160,171,86),(86,171,175),(177,176,
172),(177,172,173),(86,175,20),(20,175,179),(181,180,176),(181,176,177),
(20,179,183),(20,183,185),(186,187,19),(19,187,189),(19,189,191),(191,10,
19),(181,184,180),(185,183,193),(195,194,184),(195,184,181),(185,193,197),
(199,186,198),(187,186,199),(197,193,201),(203,202,194),(203,194,195),(197,
201,205),(207,198,206),(199,198,207),(205,201,209),(211,210,202),(211,202,
203),(205,209,213),(215,206,214),(207,206,215),(213,209,217),(219,218,210),
(219,210,211),(213,217,221),(213,221,223),(225,214,224),(215,214,225),(219,
222,218),(223,221,227),(229,228,222),(229,222,219),(223,227,231),(233,224,
232),(225,224,233),(231,227,235),(237,236,228),(237,228,229),(231,235,239),
(241,232,240),(233,232,241),(239,235,243),(245,244,236),(245,236,237),(239,
243,247),(249,240,248),(241,240,249),(247,243,251),(253,252,244),(253,244,
245),(247,251,255),(247,255,257),(249,248,258),(253,256,252),(257,255,259),
(261,260,256),(261,256,253),(257,259,250),(250,259,263),(265,264,260),(265,
260,261),(250,263,242),(242,263,267),(269,268,264),(269,264,265),(242,267,
234),(234,267,271),(273,272,268),(273,268,269),(234,271,275),(234,275,226),
(273,276,272),(226,275,277),(279,278,276),(279,276,273),(226,277,216),(216,
277,281),(283,282,278),(283,278,279),(216,281,208),(208,281,285),(287,286,
282),(287,282,283),(208,285,200),(200,285,289),(291,290,286),(291,286,287),
(200,289,188),(188,289,293),(295,294,290),(295,290,291),(188,293,297),(188,
297,190),(295,298,294),(190,297,299),(301,300,298),(301,298,295),(190,299,
192),(192,299,11),(304,12,300),(304,300,301),(192,11,9),(13,12,304),(182,
8,14),(24,8,182),(182,14,303),(303,302,182),(182,302,296),(196,296,292),
(182,296,196),(204,292,288),(196,292,204),(212,288,284),(204,288,212),(220,
284,280),(212,284,220),(230,280,274),(220,280,230),(238,274,270),(230,274,
238),(246,270,266),(238,270,246),(254,266,262),(246,266,254),(178,82,182),
(182,82,74),(182,74,68),(68,62,182),(182,62,56),(182,56,50),(50,42,182),
(182,42,36),(182,36,30),(30,24,182),(174,154,178),(178,154,148),(178,148,
142),(142,136,178),(178,136,128),(178,128,122),(122,116,178),(178,116,110),
(178,110,102),(102,96,178),(178,96,90),(178,90,82),(170,164,174),(174,164,
154)),());
#153=COMPLEX_TRIANGULATED_FACE('ConvergentBody',#161,304,((0.445704632720773,
-0.845234867034631,0.294831137975944),(0.445704632720773,-0.845234867034631,
-0.294831137975944),(0.534295037156094,-0.792124142902148,0.295073135852632),
(0.534295037156094,-0.792124142902148,-0.295073135852632),(0.534122770463605,
-0.791870942557354,0.296062960205443),(0.,0.,1.),(0.534122770463605,-0.791870942557354,
-0.296062960205443),(0.,0.,-1.),(0.423942088132542,-0.855837401566916,0.296336713872933),
(0.,0.,1.),(0.351647874291888,-0.888605392325799,0.294489777811571),(0.351647874291888,
-0.888605392325799,-0.294489777811571),(0.423942088132542,-0.855837401566916,
-0.296336713872933),(0.,0.,-1.),(0.616724255904537,-0.72988071657395,0.294831022371277),
(0.616724255904537,-0.72988071657395,-0.294831022371277),(0.634706328177624,
-0.713675364594191,0.296336550129455),(0.,0.,1.),(0.,0.,1.),(-0.764211113446224,
0.573013447445783,0.296035408577389),(0.692170637274491,-0.65892007928062,
0.294489622934063),(0.692170637274491,-0.65892007928062,-0.294489622934063),
(0.634706328177624,-0.713675364594191,-0.296336550129455),(0.,0.,-1.),(0.72420426884667,
-0.622523610311124,0.296635351213344),(0.,0.,1.),(0.759428870964067,-0.580144634216034,
0.29444862597164),(0.759428870964066,-0.580144634216034,-0.29444862597164),
(0.72420426884667,-0.622523610311124,-0.296635351213344),(0.,0.,-1.),(0.800852104310604,
-0.520331285420128,0.296464602329375),(0.,0.,1.),(0.817687364519839,-0.494504304825635,
0.294708103745918),(0.817687364519839,-0.494504304825635,-0.294708103745918),
(0.800852104310604,-0.520331285420128,-0.296464602329375),(0.,0.,-1.),(0.863178800608968,
-0.408996690615725,0.296047403712054),(0.,0.,1.),(0.866244684821885,-0.403168441044889,
0.295085333697334),(0.866244684821885,-0.403168441044889,-0.295085333697334),
(0.863178800608968,-0.408996690615725,-0.296047403712054),(0.,0.,-1.),(0.904685859619031,
-0.307461415609253,0.294976225002844),(0.904685859619031,-0.307461415609253,
-0.294976225002844),(0.909837639807733,-0.290648708305585,0.296173593605827),
(0.,0.,1.),(0.932775115225478,-0.207771845934712,0.294552956958472),(0.932775115225478,
-0.207771845934712,-0.294552956958472),(0.909837639807733,-0.290648708305585,
-0.296173593605827),(0.,0.,-1.),(0.940357844421337,-0.166599264432632,0.296600420643266),
(0.,0.,1.),(0.949820444680196,-0.105603493329646,0.294430000278658),(0.949820444680196,
-0.105603493329646,-0.294430000278658),(0.940357844421337,-0.166599264432632,
-0.296600420643266),(0.,0.,-1.),(0.95419312848904,-0.0396106625351344,0.296557699205107),
(0.,0.,1.),(0.955615834816606,-0.00218655443365175,0.294607527445362),(0.955615834816606,
-0.00218655443365175,-0.294607527445362),(0.95419312848904,-0.0396106625351344,
-0.296557699205107),(0.,0.,-1.),(0.95110185938848,0.0881041950967143,0.296045442245166),
(0.,0.,1.),(0.950092802405445,0.101233924173771,0.295085342593879),(0.950092802405445,
0.101233924173771,-0.295085342593879),(0.95110185938848,0.0881041950967143,
-0.296045442245166),(0.,0.,-1.),(0.930994372379876,0.213592240754579,0.296019987984662),
(0.,0.,1.),(0.933660705311776,0.20295193039994,0.295107101411768),(0.933660705311776,
0.20295193039994,-0.295107101411768),(0.930994372379876,0.213592240754579,
-0.296019987984662),(0.,0.,-1.),(0.906356677381275,0.302829410667259,0.294638628494799),
(0.906356677381275,0.302829410667259,-0.294638628494799),(0.894023428049928,
0.335844783347385,0.296530591332838),(0.,0.,1.),(0.868315715347848,0.399169873660427,
0.294433745419701),(0.868315715347848,0.399169873660427,-0.294433745419701),
(0.894023428049928,0.335844783347385,-0.296530591332838),(0.,0.,-1.),(0.841181094745022,
0.452143070466291,0.296615929566977),(0.,0.,1.),(0.,0.,1.),(-0.681313429835763,
0.669425113775059,0.296111511719281),(0.819988792336816,0.490785958244296,
0.294529325589556),(0.819988792336816,0.490785958244296,-0.294529325589556),
(0.841181094745022,0.452143070466291,-0.296615929566977),(0.,0.,-1.),(0.773410538136257,
0.560430989183068,0.296231743510167),(0.,0.,1.),(0.76195872445162,0.576574370497606,
0.294925240556569),(0.76195872445162,0.576574370497606,-0.294925240556569),
(0.773410538136257,0.560430989183068,-0.296231743510167),(0.,0.,-1.),(0.692069200489238,
0.658324455682605,0.296055962251037),(0.,0.,1.),(0.695304619993469,0.655347386534194,
0.295078444449168),(0.695304619993469,0.655347386534194,-0.295078444449168),
(0.692069200489238,0.658324455682605,-0.296055962251037),(0.,0.,-1.),(0.620493801435947,
0.726713077747059,0.294746577606873),(0.620493801435947,0.726713077747059,
-0.294746577606873),(0.598122390834717,0.744567881122513,0.296425835552324),
(0.,0.,1.),(0.538248377309909,0.789672128870259,0.294459866889808),(0.538248377309909,
0.789672128870259,-0.294459866889808),(0.598122390834717,0.744567881122513,
-0.296425835552324),(0.,0.,-1.),(0.493368808183182,0.817674973235838,0.296639271263394),
(0.,0.,1.),(0.449619882981045,0.843283648553793,0.294473511389251),(0.449619882981045,
0.843283648553793,-0.294473511389251),(0.493368808183182,0.817674973235838,
-0.296639271263394),(0.,0.,-1.),(0.379861208525779,0.876277632000907,0.296383153894107),
(0.,0.,1.),(0.355676375557502,0.886901693930414,0.294787552609743),(0.355676375557502,
0.886901693930414,-0.294787552609743),(0.379861208525779,0.876277632000907,
-0.296383153894107),(0.,0.,-1.),(0.259821638373634,0.919152074667621,0.296061108332467),
(0.,0.,1.),(0.25779284123653,0.920040192696012,0.295074388639683),(0.25779284123653,
0.920040192696012,-0.295074388639683),(0.259821638373634,0.919152074667621,
-0.296061108332467),(0.,0.,-1.),(0.157035411891471,0.942543109260998,0.29487686683883),
(0.157035411891471,0.942543109260998,-0.29487686683883),(0.135232105652765,
0.945477047081315,0.296286062856686),(0.,0.,1.),(0.0541107635943175,0.954115795321647,
0.294508190685729),(0.0541107635943175,0.954115795321647,-0.294508190685729),
(0.135232105652765,0.945477047081315,-0.296286062856686),(0.,0.,-1.),(0.00783870337530793,
0.954961069748174,0.296627561084294),(0.,0.,1.),(-0.0494701363735694,0.954388716191411,
0.294439949758336),(-0.0494701363735694,0.954388716191411,-0.294439949758336),
(0.00783870337530793,0.954961069748174,-0.296627561084294),(0.,0.,-1.),
(-0.119684139686608,0.947503947776555,0.296499537361056),(0.,0.,1.),(-0.152459201554824,
0.94335810472616,0.294672153602495),(-0.152459201554824,0.94335810472616,
-0.294672153602495),(-0.119684139686608,0.947503947776555,-0.296499537361056),
(0.,0.,-1.),(-0.245009191564484,0.923219103532693,0.296035442001813),(0.,
0.,1.),(-0.253553477833199,0.921210965615989,0.295094884244961),(-0.253553477833199,
0.921210965615989,-0.295094884244961),(-0.245009191564484,0.923219103532693,
-0.296035442001813),(0.,0.,-1.),(-0.351329922789357,0.888552102315305,0.295029569405976),
(-0.351329922789357,0.888552102315305,-0.295029569405976),(-0.36545514402267,
0.882474067593648,0.296111562982757),(0.,0.,1.),(0.,0.,1.),(-0.585788789684664,
0.754248730870271,0.296581094913957),(-0.445497222901666,0.845432050968774,
0.294579143154492),(-0.445497222901666,0.845432050968774,-0.294579143154492),
(-0.36545514402267,0.882474067593648,-0.296111562982757),(0.,0.,-1.),(-0.479886772291153,
0.825680520288938,0.296581125824568),(0.,0.,1.),(-0.534406121412046,0.792288936278172,
0.294428834947489),(-0.534406121412046,0.792288936278172,-0.294428834947489),
(-0.479886772291153,0.825680520288938,-0.296581125824568),(0.,0.,-1.),(-0.616984758549213,
0.729762266832851,0.294579092307904),(-0.616984758549213,0.729762266832851,
-0.294579092307904),(-0.585788789684664,0.754248730870271,-0.296581094913957),
(0.,0.,-1.),(-0.692240386608506,0.6586052127296,0.295029525494491),(-0.692240386608506,
0.6586052127296,-0.295029525494491),(-0.681313429835763,0.669425113775059,
-0.296111511719281),(0.,0.,-1.),(-0.759149025599413,0.580182589062727,0.29509476491448),
(-0.759149025599413,0.580182589062727,-0.29509476491448),(-0.764211113446224,
0.573013447445783,-0.296035408577389),(0.,0.,-1.),(-0.817553984694353,0.494746266840262,
0.294672044072745),(-0.817553984694353,0.494746266840262,-0.294672044072745),
(-0.833676623850672,0.465909118422052,0.296499545052147),(0.,0.,1.),(0.,
0.,1.),(0.055862500343688,-0.953538318572284,0.296047388216299),(0.,0.,
1.),(0.182439008750986,-0.937456509095859,0.296464671824087),(0.,0.,1.),
(0.305902779484332,-0.904671712669853,0.296635435844666),(-0.866361711597007,
0.403388739792734,0.294439992676153),(-0.866361711597007,0.403388739792734,
-0.294439992676153),(-0.833676623850672,0.465909118422052,-0.296499545052147),
(0.,0.,-1.),(-0.888361679893269,0.350464744733591,0.296627693238559),(0.,
0.,1.),(0.,0.,1.),(-0.0713458367311357,-0.952465753132664,0.296173531380779),
(-0.904911047542956,0.307247114636284,0.294508415130008),(-0.904911047542956,
0.307247114636284,-0.294508415130008),(-0.888361679893269,0.350464744733591,
-0.296627693238559),(0.,0.,-1.),(-0.927289773145944,0.228797161324971,0.296286239283193),
(0.,0.,1.),(0.,0.,1.),(-0.197795826339556,-0.934293839172468,0.296600460496984),
(-0.932737181851806,0.207482265081822,0.294877023973838),(-0.932737181851806,
0.207482265081822,-0.294877023973838),(-0.927289773145944,0.228797161324971,
-0.296286239283193),(0.,0.,-1.),(-0.949553739469121,0.103418963735965,0.296061165639783),
(0.,0.,1.),(0.,0.,1.),(-0.320721371067377,-0.899550604494778,0.29655777193279),
(-0.949617278792142,0.105631460079938,0.295074598128656),(-0.949617278792142,
0.105631460079938,-0.295074598128656),(-0.949553739469121,0.103418963735965,
-0.296061165639783),(0.,0.,-1.),(-0.955559633940246,0.00246118363978764,
0.294787599059177),(-0.955559633940246,0.00246118363978764,-0.294787599059177),
(-0.954769006375969,-0.0239411513349592,0.296383140101796),(0.,0.,1.),(0.,
0.,1.),(-0.437977336056364,-0.848842110154906,0.296045478142694),(-0.950309614721307,
-0.100980117812629,0.294473516593238),(-0.950309614721307,-0.100980117812629,
-0.294473516593238),(-0.954769006375969,-0.0239411513349592,-0.296383140101796),
(0.,0.,-1.),(-0.942954165315698,-0.151137544030316,0.296639317856315),(0.,
0.,1.),(0.,0.,1.),(-0.546795671028803,-0.783190028588901,0.2960200555082),
(-0.933802707771948,-0.20323840783145,0.294459933675051),(-0.933802707771948,
-0.20323840783145,-0.294459933675051),(-0.942954165315698,-0.151137544030316,
-0.296639317856315),(0.,0.,-1.),(-0.914411798430612,-0.275649662199433,
0.296425920965477),(0.,0.,1.),(0.,0.,1.),(-0.646297211958146,-0.703114168255022,
0.296530572140842),(-0.906237823250736,-0.303079817972442,0.294746724574777),
(-0.906237823250736,-0.303079817972442,-0.294746724574777),(-0.914411798430612,
-0.275649662199433,-0.296425920965477),(0.,0.,-1.),(-0.869641726879564,
-0.395062120240506,0.296056055538485),(0.,0.,1.),(0.,0.,1.),(-0.7343315150813,
-0.610554003188352,0.296615972511733),(-0.868092973852143,-0.399178178269038,
0.295078584011709),(-0.868092973852143,-0.399178178269038,-0.295078584011709),
(-0.869641726879564,-0.395062120240506,-0.296056055538485),(0.,0.,-1.),
(-0.82002513691617,-0.490487350133949,0.294925302719508),(-0.82002513691617,
-0.490487350133949,-0.294925302719508),(-0.809347438794403,-0.507152297947229,
0.296231784256493),(0.,0.,1.),(-0.762222039016358,-0.576428675090115,0.294529363173862),
(-0.762222039016358,-0.576428675090115,-0.294529363173862),(-0.809347438794403,
-0.507152297947229,-0.296231784256493),(0.,0.,-1.),(-0.695380356385052,
-0.655556952642384,0.294433764701043),(-0.695380356385052,-0.655556952642384,
-0.294433764701043),(-0.7343315150813,-0.610554003188352,-0.296615972511733),
(0.,0.,-1.),(-0.620306144636219,-0.726917030867724,0.294638621299045),(-0.620306144636219,
-0.726917030867724,-0.294638621299045),(-0.646297211958146,-0.703114168255022,
-0.296530572140842),(0.,0.,-1.),(-0.537929309131544,-0.789647926051738,
0.295107118279868),(-0.537929309131544,-0.789647926051738,-0.295107118279868),
(-0.546795671028803,-0.783190028588901,-0.2960200555082),(0.,0.,-1.),(-0.449773119241254,
-0.842987994767809,0.29508538067031),(-0.449773119241254,-0.842987994767809,
-0.29508538067031),(-0.355953336073991,-0.886850376656219,0.294607589791096),
(-0.355953336073991,-0.886850376656219,-0.294607589791096),(-0.437977336056364,
-0.848842110154906,-0.296045478142694),(0.,0.,-1.),(-0.257895027180932,
-0.920217962941208,0.29443005219522),(-0.257895027180932,-0.920217962941208,
-0.29443005219522),(-0.320721371067377,-0.899550604494778,-0.29655777193279),
(0.,0.,-1.),(-0.156779777175777,-0.942686943998561,0.294552927473768),(-0.156779777175777,
-0.942686943998561,-0.294552927473768),(-0.197795826339555,-0.934293839172468,
-0.296600460496984),(0.,0.,-1.),(-0.0538283164472173,-0.953987184515346,
0.294976209428728),(-0.0538283164472173,-0.953987184515346,-0.294976209428729),
(-0.0713458367311357,-0.952465753132664,-0.296173531380779),(0.,0.,-1.),
(0.0493097301063262,-0.954197639657646,0.295085436761321),(0.0493097301063262,
-0.954197639657646,-0.295085436761321),(0.055862500343688,-0.953538318572284,
-0.296047388216299),(0.,0.,-1.),(0.152185929731439,-0.943390981213502,0.294708159637299),
(0.152185929731439,-0.943390981213502,-0.294708159637299),(0.253413936195534,
-0.921456099123613,0.294448695581727),(0.253413936195534,-0.921456099123613,
-0.294448695581727),(0.182439008750986,-0.937456509095859,-0.296464671824087),
(0.,0.,-1.),(0.,0.,-1.),(0.305902779484332,-0.904671712669853,-0.296635435844666)),
$,(108,108,118,118,101,101,100,100,97,97,102,102,96,96,134,134,107,107,
39,39,138,138,106,106,113,113,140,140,112,112,117,117,142,142,116,116,123,
123,144,144,122,122,146,146,127,127,148,148,126,126,131,131,150,150,130,
130,136,136,152,152,135,135,133,133,151,151,132,132,129,129,149,149,128,
128,147,147,125,125,145,145,124,124,121,121,45,45,143,143,120,120,115,115,
141,141,114,114,110,110,139,139,109,109,137,137,105,105,119,119,104,104,
99,99,111,111,98,98,93,93,103,103,92,92,89,89,95,95,88,88,87,87,83,83,81,
81,82,82,77,77,73,73,76,76,71,71,67,67,70,70,65,65,59,59,64,64,53,53,61,
61,49,49,43,43,60,60,55,55,35,35,54,54,19,19,48,48,15,15,44,44,13,13,38,
38,11,11,33,33,79,79,85,85,91,91,9,9,32,32,29,29,75,75,7,7,28,28,25,25,
69,69,5,5,24,24,21,21,63,63,3,3,20,20,1,1,18,18,57,57,2,2,17,17,23,23,52,
52,4,4,22,22,27,27,47,47,6,6,26,26,31,31,41,41,8,8,30,30,10,10,37,37,12,
12,36,36,14,14,40,40,16,16,46,46,34,34,51,51,42,42,50,50,56,56,58,58,62,
62,66,66,68,68,72,72,74,74,80,80,78,78,86,86,94,94,84,84,90,90),((1,3,5),
(7,4,2),(9,1,5),(9,11,1),(13,2,12),(7,2,13),(5,3,15),(16,4,7),(5,15,17),
(19,6,18),(10,6,19),(17,15,21),(23,22,16),(23,16,7),(17,21,25),(19,18,26),
(25,21,27),(29,28,22),(29,22,23),(25,27,31),(26,32,19),(31,27,33),(35,34,
28),(35,28,29),(31,33,37),(19,32,38),(37,33,39),(41,40,34),(41,34,35),(37,
39,43),(37,43,45),(19,38,46),(41,44,40),(45,43,47),(49,48,44),(49,44,41),
(45,47,51),(46,52,19),(51,47,53),(55,54,48),(55,48,49),(51,53,57),(19,52,
58),(57,53,59),(61,60,54),(61,54,55),(57,59,63),(19,58,64),(63,59,65),(67,
66,60),(67,60,61),(63,65,69),(64,70,19),(69,65,71),(73,72,66),(73,66,67),
(69,71,75),(69,75,77),(19,70,78),(73,76,72),(77,75,79),(81,80,76),(81,76,
73),(77,79,83),(85,78,84),(19,78,85),(83,79,87),(89,88,80),(89,80,81),(83,
87,91),(85,84,92),(91,87,93),(95,94,88),(95,88,89),(91,93,97),(92,98,85),
(97,93,99),(101,100,94),(101,94,95),(97,99,103),(97,103,105),(85,98,106),
(101,104,100),(105,103,107),(109,108,104),(109,104,101),(105,107,111),(85,
106,112),(111,107,113),(115,114,108),(115,108,109),(111,113,117),(112,118,
85),(117,113,119),(121,120,114),(121,114,115),(117,119,123),(85,118,124),
(123,119,125),(127,126,120),(127,120,121),(123,125,129),(123,129,131),(85,
124,132),(127,130,126),(131,129,133),(135,134,130),(135,130,127),(131,133,
137),(132,138,85),(137,133,139),(141,140,134),(141,134,135),(137,139,143),
(85,138,144),(143,139,145),(147,146,140),(147,140,141),(143,145,149),(85,
144,150),(149,145,151),(153,152,146),(153,146,147),(149,151,155),(149,155,
157),(159,150,158),(85,150,159),(153,156,152),(157,155,161),(163,162,156),
(163,156,153),(157,161,165),(159,158,166),(165,161,167),(169,168,162),(169,
162,163),(165,167,160),(160,167,171),(173,172,168),(173,168,169),(160,171,
86),(86,171,175),(177,176,172),(177,172,173),(86,175,20),(20,175,179),(181,
180,176),(181,176,177),(20,179,183),(20,183,185),(186,187,19),(19,187,189),
(19,189,191),(191,10,19),(181,184,180),(185,183,193),(195,194,184),(195,
184,181),(185,193,197),(199,186,198),(187,186,199),(197,193,201),(203,202,
194),(203,194,195),(197,201,205),(207,198,206),(199,198,207),(205,201,209),
(211,210,202),(211,202,203),(205,209,213),(215,206,214),(207,206,215),(213,
209,217),(219,218,210),(219,210,211),(213,217,221),(213,221,223),(225,214,
224),(215,214,225),(219,222,218),(223,221,227),(229,228,222),(229,222,219),
(223,227,231),(233,224,232),(225,224,233),(231,227,235),(237,236,228),(237,
228,229),(231,235,239),(241,232,240),(233,232,241),(239,235,243),(245,244,
236),(245,236,237),(239,243,247),(249,240,248),(241,240,249),(247,243,251),
(253,252,244),(253,244,245),(247,251,255),(247,255,257),(249,248,258),(253,
256,252),(257,255,259),(261,260,256),(261,256,253),(257,259,250),(250,259,
263),(265,264,260),(265,260,261),(250,263,242),(242,263,267),(269,268,264),
(269,264,265),(242,267,234),(234,267,271),(273,272,268),(273,268,269),(234,
271,275),(234,275,226),(273,276,272),(226,275,277),(279,278,276),(279,276,
273),(226,277,216),(216,277,281),(283,282,278),(283,278,279),(216,281,208),
(208,281,285),(287,286,282),(287,282,283),(208,285,200),(200,285,289),(291,
290,286),(291,286,287),(200,289,188),(188,289,293),(295,294,290),(295,290,
291),(188,293,297),(188,297,190),(295,298,294),(190,297,299),(301,300,298),
(301,298,295),(190,299,192),(192,299,11),(304,12,300),(304,300,301),(192,
11,9),(13,12,304),(182,8,14),(24,8,182),(182,14,303),(303,302,182),(182,
302,296),(196,296,292),(182,296,196),(204,292,288),(196,292,204),(212,288,
284),(204,288,212),(220,284,280),(212,284,220),(230,280,274),(220,280,230),
(238,274,270),(230,274,238),(246,270,266),(238,270,246),(254,266,262),(246,
266,254),(178,82,182),(182,82,74),(182,74,68),(68,62,182),(182,62,56),(182,
56,50),(50,42,182),(182,42,36),(182,36,30),(30,24,182),(174,154,178),(178,
154,148),(178,148,142),(142,136,178),(178,136,128),(178,128,122),(122,116,
178),(178,116,110),(178,110,102),(102,96,178),(178,96,90),(178,90,82),(170,
164,174),(174,164,154)),());
#154=COORDINATES_LIST('',152,((0.0748135962486267,0.0837684903144836,0.005),
(0.0748381037712097,0.0832954082489014,0.005),(0.0748403811454773,0.0842414469718933,
0.005),(0.074913616657257,0.0828277502059937,0.005),(0.0749181447029113,
0.0847087359428406,0.005),(0.0750392498970031,0.0823709979057312,0.005),
(0.0750459752082824,0.0851648778915405,0.005),(0.0752135300636291,0.0819305067062378,
0.005),(0.0752223744392395,0.0856045250892639,0.005),(0.0754344143867492,
0.0815114402770996,0.005),(0.0754452738761902,0.0860225231647491,0.005),
(0.0756993126869201,0.0811187124252319,0.005),(0.0757120594978332,0.0864139711856842,
0.005),(0.0760051198005676,0.0807569265365601,0.005),(0.0760196051597595,
0.0867742800712585,0.005),(0.0763482489585876,0.080430326461792,0.005),
(0.0763601489067077,0.0838756618499756,0.),(0.0763601489067077,0.0838756618499756,
0.01),(0.0763643040657043,0.0870992250442505,0.005),(0.0763696970939636,
0.0834976181983948,0.),(0.0763696970939636,0.0834976181983948,0.01),(0.0764010739326477,
0.0842516050338745,0.),(0.0764010739326477,0.0842516050338745,0.01),(0.0764295487403869,
0.0831242208480835,0.),(0.0764295487403869,0.0831242208480835,0.01),(0.0764917426109314,
0.0846187391281128,0.),(0.0764917426109314,0.0846187391281128,0.01),(0.0765386347770691,
0.0827621321678162,0.),(0.0765386347770691,0.0827621321678162,0.01),(0.0766305365562439,
0.0849705128669739,0.),(0.0766305365562439,0.0849705128669739,0.01),(0.0766950097084045,
0.0824178133010864,0.),(0.0766950097084045,0.0824178133010864,0.01),(0.0767246794700622,
0.0801427383422851,0.005),(0.0767421145439148,0.0873849971294403,0.005),
(0.0768149781227112,0.0853006482124329,0.),(0.0768149781227112,0.0853006482124329,
0.01),(0.0768958821296691,0.0820974102020264,0.),(0.0768958821296691,0.0820974102020264,
0.01),(0.0770417771339416,0.0856032543182373,0.),(0.0770417771339416,0.0856032543182373,
0.01),(0.0771299967765808,0.079897536277771,0.005),(0.0771376681327819,
0.0818066387176514,0.),(0.0771376681327819,0.0818066387176514,0.01),(0.0771486077308654,
0.0876282451152802,0.005),(0.0773068861961364,0.0858729300498962,0.),(0.0773068861961364,
0.0858729300498962,0.01),(0.0774160523414612,0.0815506896972656,0.),(0.0774160523414612,
0.0815506896972656,0.01),(0.0775594496726989,0.0796975936889648,0.005),
(0.077579017162323,0.0878261170387268,0.005),(0.0776055741310119,0.0861048650741577,
0.),(0.0776055741310119,0.0861048650741577,0.01),(0.0777260680198669,0.0813341283798218,
0.),(0.0777260680198669,0.0813341283798218,0.01),(0.077932511806488,0.0862949190139771,
0.),(0.077932511806488,0.0862949190139771,0.01),(0.0780080018043518,0.0795452556610107,
0.005),(0.0780282979011535,0.0879762940406799,0.005),(0.0780621819496154,
0.0811608209609985,0.),(0.0780621819496154,0.0811608209609985,0.01),(0.0782818617820739,
0.0864397010803223,0.),(0.0782818617820739,0.0864397010803223,0.01),(0.0784183964729309,
0.0810338592529297,0.),(0.0784183964729309,0.0810338592529297,0.01),(0.0784703955650329,
0.079442307472229,0.005),(0.0784911828041076,0.0880770149230957,0.005),
(0.0786473937034607,0.0865366280078888,0.),(0.0786473937034607,0.0865366280078888,
0.01),(0.0787883553504943,0.080955509185791,0.),(0.0787883553504943,0.080955509185791,
0.01),(0.0789412093162536,0.0793899564743042,0.005),(0.078962242603302,
0.0881270990371704,0.005),(0.0790225825309753,0.0865839681625366,0.),(0.0790225825309753,
0.0865839681625366,0.01),(0.0791654562950134,0.0809271688461304,0.),(0.0791654562950134,
0.0809271688461304,0.01),(0.079400734424591,0.0865808789730072,0.),(0.079400734424591,
0.0865808789730072,0.01),(0.0794149231910705,0.0793888158798218,0.005),
(0.0794359564781189,0.0881259579658508,0.005),(0.0795429692268371,0.0809493446350098,
0.),(0.0795429692268371,0.0809493446350098,0.01),(0.0797751002311706,0.0865274150371552,
0.),(0.0797751002311706,0.0865274150371552,0.01),(0.0798859839439392,0.0794388999938965,
0.005),(0.0799067711830139,0.088073606967926,0.005),(0.0799141592979431,
0.0810216398239136,0.),(0.0799141592979431,0.0810216398239136,0.01),(0.0801389994621276,
0.0864245290756226,0.),(0.0801389994621276,0.0864245290756226,0.01),(0.0802724003791809,
0.0811427640914917,0.),(0.0802724003791809,0.0811427640914917,0.01),(0.080348867893219,
0.0795396203994751,0.005),(0.080369164943695,0.0879706592559815,0.005),
(0.0804859385490417,0.0862740581035614,0.),(0.0804859385490417,0.0862740581035614,
0.01),(0.0806113009452819,0.0813105564117432,0.),(0.0806113009452819,0.0813105564117432,
0.01),(0.0807981486320495,0.0796897974014282,0.005),(0.0808097262382507,
0.0860786881446838,0.),(0.0808097262382507,0.0860786881446838,0.01),(0.0808177170753479,
0.087818320274353,0.005),(0.080924813747406,0.0815220232009888,0.),(0.080924813747406,
0.0815220232009888,0.01),(0.0811045842170715,0.0858419041633606,0.),(0.0811045842170715,
0.0858419041633606,0.01),(0.0812073426246643,0.0817733907699585,0.),(0.0812073426246643,
0.0817733907699585,0.01),(0.0812285590171814,0.0798876686096191,0.005),
(0.0812471690177917,0.087618378162384,0.005),(0.0813652520179748,0.0855679321289062,
0.),(0.0813652520179748,0.0855679321289062,0.01),(0.0814538474082946,0.0820601720809937,
0.),(0.0814538474082946,0.0820601720809937,0.01),(0.0815870766639709,0.0852616610527039,
0.),(0.0815870766639709,0.0852616610527039,0.01),(0.081635052204132,0.0801309175491333,
0.005),(0.0816524872779846,0.0873731760978699,0.005),(0.0816599287986755,
0.0823772511482239,0.),(0.0816599287986755,0.0823772511482239,0.01),(0.0817661004066467,
0.0849285559654236,0.),(0.0817661004066467,0.0849285559654236,0.01),(0.0818219075202942,
0.0827189688682556,0.),(0.0818219075202942,0.0827189688682556,0.01),(0.0818991274833679,
0.0845745620727539,0.),(0.0818991274833679,0.0845745620727539,0.01),(0.0819368948936462,
0.0830792269706726,0.),(0.0819368948936462,0.0830792269706726,0.01),(0.0819837861061096,
0.0842059960365295,0.),(0.0819837861061096,0.0842059960365295,0.01),(0.0820028395652771,
0.0834515972137451,0.),(0.0820028395652771,0.0834515972137451,0.01),(0.0820128631591796,
0.0804166889190674,0.005),(0.0820185632705688,0.0838294339179993,0.),(0.0820185632705688,
0.0838294339179993,0.01),(0.082028917312622,0.087085587978363,0.005),(0.0823575611114502,
0.0807416343688965,0.005),(0.0823720474243164,0.0867589871883392,0.005),
(0.0826651062965393,0.0811019430160523,0.005),(0.0826778545379638,0.0863972020149231,
0.005),(0.0829318923950195,0.0814933910369873,0.005),(0.0829427523612976,
0.0860044741630554,0.005),(0.0831547923088073,0.0819113893508911,0.005),
(0.0831636371612548,0.0855854082107544,0.005),(0.0833311915397644,0.0823510360717774,
0.005),(0.0833379173278808,0.085144917011261,0.005),(0.0834590215682983,
0.0828071780204773,0.005),(0.0834635505676269,0.0846881642341614,0.005),
(0.0835367865562439,0.0832744679450989,0.005),(0.0835390634536743,0.0842205061912537,
0.005),(0.0835635704994201,0.0837474250793457,0.005)));
#155=COORDINATES_LIST('',152,((0.0856282906532288,0.0776844339370728,0.005),
(0.0856357035636902,0.0772107763290406,0.005),(0.0856721339225769,0.0781561164855957,
0.005),(0.0856942839622498,0.0767406969070435,0.005),(0.0857667169570923,
0.0786202926635742,0.005),(0.0858033447265625,0.0762797069549561,0.005),
(0.0859109325408936,0.0790715227127076,0.005),(0.0859616088867188,0.0758332099914551,
0.005),(0.0861030888557434,0.0795045146942139,0.005),(0.0861672198772431,
0.0754064426422119,0.005),(0.0863409337997437,0.0799141931533814,0.005),
(0.0864177668094635,0.0750044078826905,0.005),(0.0866216778755188,0.0802957544326783,
0.005),(0.0867103128433228,0.074631817817688,0.005),(0.0869420306682587,
0.0806447248458863,0.005),(0.0870414278507233,0.0742930421829224,0.005),
(0.0871749358177185,0.0776966514587403,0.),(0.0871749358177185,0.0776966514587403,
0.01),(0.0871760597229004,0.0773184881210327,0.),(0.0871760597229004,0.0773184881210327,
0.01),(0.0872242267131806,0.0780715894699097,0.),(0.0872242267131806,0.0780715894699097,
0.01),(0.0872275776863098,0.0769438495635987,0.),(0.0872275776863098,0.0769438495635987,
0.01),(0.0872982358932495,0.0809570140838623,0.005),(0.0873230528831482,
0.0784366121292115,0.),(0.0873230528831482,0.0784366121292115,0.01),(0.0873285698890686,
0.076579421043396,0.),(0.0873285698890686,0.076579421043396,0.01),(0.0874072308540344,
0.0739920530319214,0.005),(0.0874696488380432,0.0787852058410645,0.),(0.0874696488380432,
0.0787852058410645,0.01),(0.0874772348403931,0.0762317037582398,0.),(0.0874772348403931,
0.0762317037582398,0.01),(0.0876613998413086,0.0791111497879029,0.),(0.0876613998413086,
0.0791111497879029,0.01),(0.0876709187030792,0.0759069051742554,0.),(0.0876709187030792,
0.0759069051742554,0.01),(0.0876861166954041,0.0812289590835572,0.005),
(0.0878034317493439,0.0737323770523072,0.005),(0.0878948838710785,0.0794086275100708,
0.),(0.0878948838710785,0.0794086275100708,0.01),(0.0879061667919159,0.0756108198165894,
0.),(0.0879061667919159,0.0756108198165894,0.01),(0.0881011267900467,0.0814573736190796,
0.005),(0.088165935754776,0.0796723308563233,0.),(0.088165935754776,0.0796723308563233,
0.01),(0.0881787797212601,0.0753487310409546,0.),(0.0881787797212601,0.0753487310409546,
0.01),(0.0882253857851029,0.0735170602798462,0.005),(0.0884697167873383,
0.0798975534439087,0.),(0.0884697167873383,0.0798975534439087,0.01),(0.0884838937520981,
0.0751253175735474,0.),(0.0884838937520981,0.0751253175735474,0.01),(0.0885383998155594,
0.0816395778656006,0.005),(0.088668145775795,0.0733486280441284,0.005),
(0.0888008058071137,0.0800802774429322,0.),(0.0888008058071137,0.0800802774429322,
0.01),(0.0888160628080368,0.074944564819336,0.),(0.0888160628080368,0.074944564819336,
0.01),(0.0889928097724915,0.0817734365463257,0.005),(0.0891265217661858,
0.0732290525436402,0.005),(0.0891532967686653,0.0802172403335572,0.),(0.0891532967686653,
0.0802172403335572,0.01),(0.0891693607568741,0.0748096981048584,0.),(0.0891693607568741,
0.0748096981048584,0.01),(0.0894590287804604,0.0818573808670044,0.005),
(0.0895208967626095,0.0803059988021851,0.),(0.0895208967626095,0.0803059988021851,
0.01),(0.0895374817848206,0.0747231254577637,0.),(0.0895374817848206,0.0747231254577637,
0.01),(0.0895951387882233,0.0731597375869751,0.005),(0.0898970477730036,
0.0803449687957764,0.),(0.0898970477730036,0.0803449687957764,0.01),(0.0899138577729464,
0.0746863908767701,0.),(0.0899138577729464,0.0746863908767701,0.01),(0.0899315897747874,
0.0818904256820679,0.005),(0.090068501777947,0.0731414957046509,0.005),
(0.0902750357687473,0.0803334550857544,0.),(0.0902750357687473,0.0803334550857544,
0.01),(0.090291770786047,0.0747001495361328,0.),(0.090291770786047,0.0747001495361328,
0.01),(0.0904049527645111,0.0818721837997437,0.005),(0.090541062772274,
0.0731745405197144,0.005),(0.0906481167674065,0.0802716636657715,0.),(0.0906481167674065,
0.0802716636657715,0.01),(0.0906644787788391,0.0747641572952271,0.),(0.0906644787788391,
0.0747641572952271,0.01),(0.0908735697865486,0.0818028688430786,0.005),
(0.0910072817802429,0.0732584848403931,0.005),(0.0910096337795258,0.0801606960296631,
0.),(0.0910096337795258,0.0801606960296631,0.01),(0.0910253298282623,0.0748772706985474,
0.),(0.0910253298282623,0.0748772706985474,0.01),(0.0913319457769394,0.081683295249939,
0.005),(0.0913531347513199,0.0800025339126587,0.),(0.0913531347513199,0.0800025339126587,
0.01),(0.0913678847551346,0.0750374717712403,0.),(0.0913678847551346,0.0750374717712403,
0.01),(0.091461691737175,0.0733923444747925,0.005),(0.0916724897623062,
0.0797999982833863,0.),(0.0916724897623062,0.0797999982833863,0.01),(0.0916860307455063,
0.0752419004440308,0.),(0.0916860307455063,0.0752419004440308,0.01),(0.0917747057676316,
0.0815148611068726,0.005),(0.0918989647626877,0.0735745477676392,0.005),
(0.0919619997739792,0.0795567035675049,0.),(0.0919619997739792,0.0795567035675049,
0.01),(0.0919740897417069,0.0754869108200074,0.),(0.0919740897417069,0.0754869108200074,
0.01),(0.0921966598033905,0.081299545288086,0.005),(0.0922164976596832,
0.0792769918441773,0.),(0.0922164976596832,0.0792769918441773,0.01),(0.092226922750473,
0.0757681293487549,0.),(0.092226922750473,0.0757681293487549,0.01),(0.0923139748573303,
0.0738029623031616,0.005),(0.0924314448833466,0.0789658555984497,0.),(0.0924314448833466,
0.0789658555984497,0.01),(0.0924400157928467,0.0760805387496949,0.),(0.0924400157928467,
0.0760805387496949,0.01),(0.0925928606987,0.0810398693084717,0.005),(0.0926030018329621,
0.0786288442611695,0.),(0.0926030018329621,0.0786288442611695,0.01),(0.0926095688343048,
0.0764185619354248,0.),(0.0926095688343048,0.0764185619354248,0.01),(0.0927018556594849,
0.0740749082565308,0.005),(0.0927281098365784,0.0782719745635987,0.),(0.0927281098365784,
0.0782719745635987,0.01),(0.0927325537204743,0.0767761688232422,0.),(0.0927325537204743,
0.0767761688232422,0.01),(0.0928045358657837,0.077901614189148,0.),(0.0928045358657837,
0.077901614189148,0.01),(0.092806777715683,0.0771469774246216,0.),(0.092806777715683,
0.0771469774246216,0.01),(0.0928309156894684,0.0775243711471558,0.),(0.0928309156894684,
0.0775243711471558,0.01),(0.0929586637020111,0.0807388792037964,0.005),
(0.0930580608844757,0.0743871965408325,0.005),(0.0932897787094116,0.0804001035690308,
0.005),(0.0933784136772156,0.0747361669540406,0.005),(0.0935823247432709,
0.0800275144577027,0.005),(0.0936591577529907,0.0751177282333374,0.005),
(0.0938328716754914,0.0796254787445069,0.005),(0.093897002696991,0.0755274066925049,
0.005),(0.0940384826660157,0.0791987104415894,0.005),(0.0940891590118408,
0.0759603986740113,0.005),(0.0941967468261719,0.0787522144317627,0.005),
(0.0942333745956421,0.0764116287231446,0.005),(0.0943058075904846,0.0782912244796753,
0.005),(0.0943279576301575,0.0768758058547974,0.005),(0.0943643879890442,
0.0778211450576783,0.005),(0.0943718008995056,0.0773474893569947,0.005)));
#156=COORDINATES_LIST('',152,((0.0856282906532288,0.102652426719666,0.005),
(0.0856357035636902,0.102178771018982,0.005),(0.0856721339225769,0.103124110221863,
0.005),(0.0856942839622498,0.101708691596985,0.005),(0.0857667169570923,
0.103588287353516,0.005),(0.0858033447265625,0.101247701644897,0.005),(0.0859109325408936,
0.104039517402649,0.005),(0.0859616088867188,0.100801205635071,0.005),(0.0861030888557434,
0.104472509384155,0.005),(0.0861672198772431,0.100374437332153,0.005),(0.0863409337997437,
0.104882187843323,0.005),(0.0864177668094635,0.0999724016189575,0.005),
(0.0866216778755188,0.10526374912262,0.005),(0.0867103128433228,0.0995998125076294,
0.005),(0.0869420306682587,0.105612719535828,0.005),(0.0870414278507233,
0.0992610368728638,0.005),(0.087169175863266,0.102475544929504,0.),(0.087169175863266,
0.102475544929504,0.01),(0.0871933138370514,0.102852938652039,0.),(0.0871933138370514,
0.102852938652039,0.01),(0.0871955556869507,0.102098301887512,0.),(0.0871955556869507,
0.102098301887512,0.01),(0.0872675378322602,0.103223747253418,0.),(0.0872675378322602,
0.103223747253418,0.01),(0.087271981716156,0.101727941513062,0.),(0.087271981716156,
0.101727941513062,0.01),(0.0872982358932495,0.105925007820129,0.005),(0.0873905227184296,
0.103581354141235,0.),(0.0873905227184296,0.103581354141235,0.01),(0.0873970897197724,
0.101371071815491,0.),(0.0873970897197724,0.101371071815491,0.01),(0.0874072308540344,
0.0989600467681885,0.005),(0.0875600757598877,0.103919377326965,0.),(0.0875600757598877,
0.103919377326965,0.01),(0.0875686466693878,0.10103406047821,0.),(0.0875686466693878,
0.10103406047821,0.01),(0.0876861166954041,0.106196953773499,0.005),(0.0877731688022614,
0.104231786727905,0.),(0.0877731688022614,0.104231786727905,0.01),(0.0877835938930512,
0.100722924232483,0.),(0.0877835938930512,0.100722924232483,0.01),(0.0878034317493439,
0.0987003707885742,0.005),(0.0880260018110275,0.104513005256653,0.),(0.0880260018110275,
0.104513005256653,0.01),(0.0880380917787552,0.100443212509155,0.),(0.0880380917787552,
0.100443212509155,0.01),(0.0881011267900467,0.106425368309021,0.005),(0.0882253857851029,
0.0984850549697876,0.005),(0.0883140608072281,0.104758015632629,0.),(0.0883140608072281,
0.104758015632629,0.01),(0.0883276017904282,0.100199917793274,0.),(0.0883276017904282,
0.100199917793274,0.01),(0.0885383998155594,0.106607571601868,0.005),(0.0886322067975998,
0.10496244430542,0.),(0.0886322067975998,0.10496244430542,0.01),(0.0886469568014145,
0.0999973821640015,0.),(0.0886469568014145,0.0999973821640015,0.01),(0.088668145775795,
0.0983166208267212,0.005),(0.0889747617244721,0.105122645378113,0.),(0.0889747617244721,
0.105122645378113,0.01),(0.0889904577732086,0.0998392200469971,0.),(0.0889904577732086,
0.0998392200469971,0.01),(0.0889928097724915,0.106741431236267,0.005),(0.0891265217661858,
0.0981970472335816,0.005),(0.0893356127738953,0.105235758781433,0.),(0.0893356127738953,
0.105235758781433,0.01),(0.0893519747853279,0.0997282524108887,0.),(0.0893519747853279,
0.0997282524108887,0.01),(0.0894590287804604,0.106825375556946,0.005),(0.0895951387882233,
0.0981277322769165,0.005),(0.0897083207666874,0.105299766540527,0.),(0.0897083207666874,
0.105299766540527,0.01),(0.0897250557839871,0.0996664609909058,0.),(0.0897250557839871,
0.0996664609909058,0.01),(0.0899315897747874,0.106858420372009,0.005),(0.090068501777947,
0.0981094903945923,0.005),(0.090086233779788,0.10531352519989,0.),(0.090086233779788,
0.10531352519989,0.01),(0.0901030437797308,0.0996549472808838,0.),(0.0901030437797308,
0.0996549472808838,0.01),(0.0904049527645111,0.106840178489685,0.005),(0.0904626097679138,
0.105276790618896,0.),(0.0904626097679138,0.105276790618896,0.01),(0.0904791947901249,
0.0996939172744751,0.),(0.0904791947901249,0.0996939172744751,0.01),(0.090541062772274,
0.0981425352096558,0.005),(0.0908307307958603,0.105190217971802,0.),(0.0908307307958603,
0.105190217971802,0.01),(0.0908467947840691,0.099782675743103,0.),(0.0908467947840691,
0.099782675743103,0.01),(0.0908735697865486,0.10677086353302,0.005),(0.0910072817802429,
0.0982264795303345,0.005),(0.0911840287446976,0.105055351257324,0.),(0.0911840287446976,
0.105055351257324,0.01),(0.0911992857456208,0.099919638633728,0.),(0.0911992857456208,
0.099919638633728,0.01),(0.0913319457769394,0.106651288032532,0.005),(0.091461691737175,
0.0983603382110596,0.005),(0.0915161978006363,0.104874598503113,0.),(0.0915161978006363,
0.104874598503113,0.01),(0.0915303747653961,0.100102362632751,0.),(0.0915303747653961,
0.100102362632751,0.01),(0.0917747057676316,0.106482855796814,0.005),(0.0918213118314743,
0.104651185035706,0.),(0.0918213118314743,0.104651185035706,0.01),(0.0918341557979584,
0.100327585220337,0.),(0.0918341557979584,0.100327585220337,0.01),(0.0918989647626877,
0.0985425424575806,0.005),(0.0920939247608185,0.104389096260071,0.),(0.0920939247608185,
0.104389096260071,0.01),(0.0921052076816559,0.100591288566589,0.),(0.0921052076816559,
0.100591288566589,0.01),(0.0921966598033905,0.106267539024353,0.005),(0.0923139748573303,
0.098770956993103,0.005),(0.0923291728496552,0.104093010902405,0.),(0.0923291728496552,
0.104093010902405,0.01),(0.0923386917114258,0.100888766288757,0.),(0.0923386917114258,
0.100888766288757,0.01),(0.0925228567123413,0.10376821231842,0.),(0.0925228567123413,
0.10376821231842,0.01),(0.0925304427146912,0.101214710235596,0.),(0.0925304427146912,
0.101214710235596,0.01),(0.0925928606987,0.106007863044739,0.005),(0.0926715216636658,
0.103420495033264,0.),(0.0926715216636658,0.103420495033264,0.01),(0.0926770386695862,
0.101563303947449,0.),(0.0926770386695862,0.101563303947449,0.01),(0.0927018556594849,
0.0990429019927979,0.005),(0.0927725138664246,0.103056066513062,0.),(0.0927725138664246,
0.103056066513062,0.01),(0.0927758648395539,0.10192832660675,0.),(0.0927758648395539,
0.10192832660675,0.01),(0.092824031829834,0.102681427955627,0.),(0.092824031829834,
0.102681427955627,0.01),(0.0928251557350159,0.10230326461792,0.),(0.0928251557350159,
0.10230326461792,0.01),(0.0929586637020111,0.105706873893738,0.005),(0.0930580608844757,
0.0993551912307739,0.005),(0.0932897787094116,0.105368098258972,0.005),
(0.0933784136772156,0.099704161643982,0.005),(0.0935823247432709,0.10499550819397,
0.005),(0.0936591577529907,0.100085722923279,0.005),(0.0938328716754914,
0.104593473434448,0.005),(0.093897002696991,0.100495401382446,0.005),(0.0940384826660157,
0.104166706085205,0.005),(0.0940891590118408,0.100928393363953,0.005),(0.0941967468261719,
0.103720209121704,0.005),(0.0942333745956421,0.101379623413086,0.005),(0.0943058075904846,
0.103259219169617,0.005),(0.0943279576301575,0.101843799591064,0.005),(0.0943643879890442,
0.10278913974762,0.005),(0.0943718008995056,0.102315482139587,0.005)));
#157=COORDINATES_LIST('',1360,((0.0732593498229981,0.0896229430437088,0.005),
(0.0732896919250489,0.0889242820739746,0.005),(0.073349178314209,0.0882274969816208,
0.005),(0.0734377059936524,0.0875338039398193,0.005),(0.0735551223754883,
0.0868444130420685,0.005),(0.0736414299011231,0.0896380760371685,0.00370618796348572),
(0.0736414299011231,0.0896380760371685,0.0062938117980957),(0.0740002202987671,
0.0865698931217193,0.00370872211456299),(0.0740002202987671,0.0865698931217193,
0.00629127788543701),(0.074014687538147,0.0896528590321541,0.00244225788116455),
(0.074014687538147,0.0896528590321541,0.00755774116516113),(0.0743794240951538,
0.0896673060357571,0.00120718717575073),(0.0743794240951538,0.0896673060357571,
0.00879281234741211),(0.0744432830810547,0.0863033740520477,0.00244494795799255),
(0.0744432830810547,0.0863033740520477,0.00755505084991455),(0.0747359294891358,
0.0896814260482788,0.),(0.0747359294891358,0.0896814260482788,0.01),(0.0747727212905884,
0.0888939460515976,0.),(0.0747727212905884,0.0888939460515976,0.01),(0.0748501100540161,
0.0881094139814377,0.),(0.0748501100540161,0.0881094139814377,0.01),(0.0748843040466309,
0.0860448610782623,0.00120870113372803),(0.0748843040466309,0.0860448610782623,
0.00879129886627198),(0.0749678926467896,0.0873299231529236,0.),(0.0749678926467896,
0.0873299231529236,0.01),(0.0751257543563843,0.0865575511455536,0.),(0.0751257543563843,
0.0865575511455536,0.01),(0.0753232746124268,0.085794358253479,0.),(0.0753232746124268,
0.085794358253479,0.01),(0.0774468336105347,0.0897887980341911,0.),(0.0774468336105347,
0.0897887980341911,0.01),(0.0777363290786744,0.0898193260431289,0.),(0.0777363290786744,
0.0898193260431289,0.01),(0.0780188789367676,0.0898873600363731,0.),(0.0780188789367676,
0.0898873600363731,0.01),(0.0782903461456299,0.0899922150382772,0.),(0.0782903461456299,
0.0899922150382772,0.01),(0.0783873252868653,0.086680624961853,0.),(0.0783873252868653,
0.086680624961853,0.01),(0.0785452480316162,0.0901323780417442,0.),(0.0785452480316162,
0.0901323780417442,0.01),(0.0786524782180786,0.086744677066803,0.),(0.0786524782180786,
0.086744677066803,0.01),(0.0787783946990967,0.0903056720495224,0.),(0.0787783946990967,
0.0903056720495224,0.01),(0.0788663511276245,0.0898512450456619,0.00370451593399048),
(0.0788663511276245,0.0898512450456619,0.0062954831123352),(0.0788723011016846,
0.0876028890609741,0.00250397610664367),(0.0788723011016846,0.0876028890609741,
0.00749602317810059),(0.0789216480255127,0.0867844920158386,0.),(0.0789216480255127,
0.0867844920158386,0.01),(0.0789855127334595,0.09050995606184,0.),(0.0789855127334595,
0.09050995606184,0.01),(0.079013466835022,0.0898756560385227,0.0036539089679718),
(0.079013466835022,0.0898756560385227,0.00634609079360962),(0.0790169677734375,
0.101113033294678,0.00120870113372803),(0.0790169677734375,0.101113033294678,
0.00879129886627198),(0.0790195102691651,0.100607622146606,0.),(0.0790195102691651,
0.100607622146606,0.01),(0.0790203371047974,0.101624224662781,0.00244494795799255),
(0.0790203371047974,0.101624224662781,0.00755505084991455),(0.079029616355896,
0.102141187667847,0.00370872211456299),(0.079029616355896,0.102141187667847,
0.00629127788543701),(0.0790406322479248,0.0874037029743194,0.00176702404022217),
(0.0790406322479248,0.0874037029743194,0.00823297595977783),(0.079044810295105,
0.102663913726807,0.005),(0.0791446981430054,0.089856045037508,0.005),(0.0791610460281372,
0.0907408900260925,0.),(0.0791610460281372,0.0907408900260925,0.01),(0.0791917695999146,
0.0899225060418248,0.00359233903884888),(0.0791917695999146,0.0899225060418248,
0.00640766096115112),(0.0791932621002197,0.0867994451522827,0.),(0.0791932621002197,
0.0867994451522827,0.01),(0.0793013801574707,0.0909950620532036,0.),(0.0793013801574707,
0.0909950620532036,0.01),(0.0793452882766724,0.0874186811447143,0.00170167303085327),
(0.0793452882766724,0.0874186811447143,0.00829832553863525),(0.0793648347854614,
0.089987483038567,0.00353231406211853),(0.0793648347854614,0.089987483038567,
0.00646768617630005),(0.0793861684799195,0.0885310250520706,0.005),(0.0794144086837769,
0.0880824900865555,0.00359667801856995),(0.0794144086837769,0.0880824900865555,
0.00640332078933716),(0.0794229440689087,0.0898845700398087,0.005),(0.0794657115936279,
0.0867889151573181,0.),(0.0794657115936279,0.0867889151573181,0.01),(0.0795310525894165,
0.0900699240416288,0.00347439193725586),(0.0795310525894165,0.0900699240416288,
0.00652560710906983),(0.0795377521514893,0.0874125790596008,0.00166613292694092),
(0.0795377521514893,0.0874125790596008,0.00833386611938476),(0.0795816984176636,
0.101160277366638,0.),(0.0795816984176636,0.101160277366638,0.01),(0.0795831356048584,
0.10311029624939,0.005),(0.0796663646697998,0.091735053062439,0.),(0.0796663646697998,
0.091735053062439,0.01),(0.0796667642593384,0.0885982090234756,0.005),(0.0796888513565064,
0.0901690330356359,0.00341912198066712),(0.0796888513565064,0.0901690330356359,
0.00658087682723999),(0.0796951742172241,0.0899476150386035,0.005),(0.0797248039245606,
0.0880959349870682,0.00352792310714722),(0.0797248039245606,0.0880959349870682,
0.00647207593917847),(0.0797302150726319,0.0873945000171661,0.00163501405715942),
(0.0797302150726319,0.0873945000171661,0.00836498546600342),(0.079735481262207,
0.0867526080608368,0.),(0.079735481262207,0.0867526080608368,0.01),(0.0798609304428101,
0.0903051230311394,0.00335847091674805),(0.0798609304428101,0.0903051230311394,
0.00664152812957763),(0.0799208612442017,0.0880882540941238,0.0034905059337616),
(0.0799208612442017,0.0880882540941238,0.00650949287414551),(0.0799218587875366,
0.0873644340038299,0.00160847997665405),(0.0799218587875366,0.0873644340038299,
0.00839151954650879),(0.0799515466690064,0.0886385149955749,0.005),(0.0799575910568237,
0.0900446010380983,0.005),(0.0799998321533203,0.0866907050609589,0.),(0.0799998321533203,
0.0866907050609589,0.01),(0.0800097436904907,0.0904527300298214,0.00330561590194702),
(0.0800097436904907,0.0904527300298214,0.00669438314437866),(0.0800714855194092,
0.0924538550376892,0.),(0.0800714855194092,0.0924538550376892,0.01),(0.0801118755340576,
0.0873225240707397,0.00158663702011108),(0.0801118755340576,0.0873225240707397,
0.00841336345672608),(0.0801168508529663,0.0880681270360947,0.00345773005485535),
(0.0801168508529663,0.0880681270360947,0.00654226922988892),(0.0801396293640137,
0.103533811569214,0.005),(0.0801425228118897,0.0906165210604667,0.00325802111625672),
(0.0801425228118897,0.0906165210604667,0.00674197816848755),(0.0801716642379761,
0.101683176994324,0.),(0.0801716642379761,0.101683176994324,0.01),(0.0802050542831421,
0.0901740860342979,0.005),(0.080238657951355,0.0886512039899826,0.005),
(0.0802570972442627,0.0866033999919891,0.),(0.0802570972442627,0.0866033999919891,
0.01),(0.0802577304840088,0.0907945880293846,0.00321623802185059),(0.0802577304840088,
0.0907945880293846,0.0067837610244751),(0.0802994718551636,0.0872690291404724,
0.00156954503059387),(0.0802994718551636,0.0872690291404724,0.00843045425415039),
(0.0803119039535523,0.0880355480909347,0.00342977499961853),(0.0803119039535523,
0.0880355480909347,0.00657022476196289),(0.0804335746765137,0.0903345730304718,
0.005),(0.080483850479126,0.087204213142395,0.00155726385116577),(0.080483850479126,
0.087204213142395,0.00844273567199707),(0.0805051679611206,0.0879906780719757,
0.00340675592422486),(0.0805051679611206,0.0879906780719757,0.00659324312210083),
(0.0805053863525391,0.0864910020828247,0.),(0.0805053863525391,0.0864910020828247,
0.01),(0.0805155181884766,0.0931492941379547,0.),(0.0805155181884766,0.0931492941379547,
0.01),(0.0805262403488159,0.0886355370283127,0.005),(0.0806388902664185,
0.0905239860415459,0.005),(0.0806642179489136,0.087128338098526,0.00154985094070435),
(0.0806642179489136,0.087128338098526,0.0084501485824585),(0.0806958026885987,
0.0879338021278381,0.00338873910903931),(0.0806958026885987,0.0879338021278381,
0.00661125993728637),(0.080713324546814,0.103933722496033,0.005),(0.0807407646179199,
0.0863552241325378,0.),(0.0807407646179199,0.0863552241325378,0.01),(0.0807878341674805,
0.102174926757813,0.),(0.0807878341674805,0.102174926757813,0.01),(0.0808108768463135,
0.0885910660028457,0.005),(0.0808161382675171,0.0907387590408325,0.005),
(0.0808397769927979,0.0870416691303253,0.00154736804962158),(0.0808397769927979,
0.0870416691303253,0.00845263195037842),(0.0808829669952393,0.0878652119636535,
0.00337579011917114),(0.0808829669952393,0.0878652119636535,0.00662420892715454),
(0.0809613151550293,0.0861974580287933,0.),(0.0809613151550293,0.0861974580287933,
0.01),(0.0809621858596802,0.0909763080477714,0.005),(0.0809971179962158,
0.093819265127182,0.),(0.0809971179962158,0.093819265127182,0.01),(0.081034538269043,
0.0869291779994964,0.00155064392089844),(0.081034538269043,0.0869291779994964,
0.00844935512542725),(0.0810658206939698,0.087785197019577,0.00336797308921814),
(0.0810658206939698,0.087785197019577,0.00663202619552612),(0.0810884094238282,
0.0885181210041046,0.005),(0.0811658048629761,0.0860188250541687,0.),(0.0811658048629761,
0.0860188250541687,0.01),(0.0812208986282349,0.0868035640716553,0.00156041383743286),
(0.0812208986282349,0.0868035640716553,0.00843958568572998),(0.0812435216903687,
0.0876940479278564,0.00336535310745239),(0.0812435216903687,0.0876940479278564,
0.00663464593887329),(0.0813018960952759,0.0915882790088653,0.005),(0.0813032150268555,
0.104309329986572,0.005),(0.081319109916687,0.0983971681594848,0.),(0.081319109916687,
0.0983971681594848,0.01),(0.0813529014587403,0.0858205642700195,0.),(0.0813529014587403,
0.0858205642700195,0.01),(0.0813568668365479,0.088417042016983,0.005),(0.0813922061920166,
0.0866703190803528,0.00157595491409302),(0.0813922061920166,0.0866703190803528,
0.00842404460906982),(0.0814285669326782,0.102634214401245,0.),(0.0814285669326782,
0.102634214401245,0.01),(0.081440263748169,0.0875760309696197,0.00336880993843078),
(0.081440263748169,0.0875760309696197,0.00663118982315064),(0.081507158279419,
0.0981995639801025,0.),(0.081507158279419,0.0981995639801025,0.01),(0.081507360458374,
0.103986005783081,0.00370618796348572),(0.081507360458374,0.103986005783081,
0.0062938117980957),(0.0815148296356201,0.0944617409706116,0.),(0.0815148296356201,
0.0944617409706116,0.01),(0.0815200166702271,0.0856058092117309,0.),(0.0815200166702271,
0.0856058092117309,0.01),(0.0815538053512573,0.0865262291431427,0.00159740591049195),
(0.0815538053512573,0.0865262291431427,0.0084025936126709),(0.0816142921447754,
0.0882881690263748,0.005),(0.0816280460357666,0.0874445459842682,0.00337911200523376),
(0.0816280460357666,0.0874445459842682,0.00662088823318482),(0.081666093826294,
0.0853767848014831,0.),(0.081666093826294,0.0853767848014831,0.01),(0.0816728677749634,
0.09218182015419,0.005),(0.0816762228012085,0.0979863638877869,0.),(0.0816762228012085,
0.0979863638877869,0.01),(0.0816823396682739,0.0946770091056824,0.),(0.0816823396682739,
0.0946770091056824,0.01),(0.0817047910690308,0.0863719971179962,0.00162468504905701),
(0.0817047910690308,0.0863719971179962,0.0083753137588501),(0.0817067918777466,
0.103670147895813,0.00244225788116455),(0.0817067918777466,0.103670147895813,
0.00755774116516113),(0.0817906913757324,0.0851351118087768,0.),(0.0817906913757324,
0.0851351118087768,0.01),(0.0818001508712769,0.087305361032486,0.00339549708366394),
(0.0818001508712769,0.087305361032486,0.00660450220108032),(0.0818249797821045,
0.0977586159706116,0.),(0.0818249797821045,0.0977586159706116,0.01),(0.0818293371200562,
0.0949057502746582,0.),(0.0818293371200562,0.0949057502746582,0.01),(0.0818443059921265,
0.0862083690166473,0.00165768384933472),(0.0818443059921265,0.0862083690166473,
0.00834231472015381),(0.0818567428588867,0.0881332410573959,0.005),(0.0818933639526367,
0.0848824090957642,0.),(0.0818933639526367,0.0848824090957642,0.01),(0.081901671409607,
0.103361499786377,0.00120718717575073),(0.081901671409607,0.103361499786377,
0.00879281234741211),(0.0819520854949951,0.0975174021720886,0.),(0.0819520854949951,
0.0975174021720886,0.01),(0.0819546375274658,0.0951467690467834,0.),(0.0819546375274658,
0.0951467690467834,0.01),(0.0819561719894409,0.0753136014938354,0.005),
(0.0819619417190552,0.0871551320552826,0.00341810488700867),(0.0819619417190552,
0.0871551320552826,0.00658189392089844),(0.0819716987609863,0.0860362560749054,
0.00169619417190551),(0.0819716987609863,0.0860362560749054,0.00830380535125732),
(0.0820555276870728,0.0972656211853027,0.),(0.0820555276870728,0.0972656211853027,
0.01),(0.0820570640563965,0.0953988718986511,0.),(0.0820570640563965,0.0953988718986511,
0.01),(0.0820741038322449,0.0927553350925445,0.005),(0.082081123828888,
0.0879544990062713,0.005),(0.0820863637924195,0.0858566060066223,0.00173998689651489),
(0.0820863637924195,0.0858566060066223,0.00826001167297363),(0.08209215259552,
0.103059816360474,0.),(0.08209215259552,0.103059816360474,0.01),(0.0821124658584595,
0.0869946250915527,0.00344684910774231),(0.0821124658584595,0.0869946250915527,
0.00655315017700196),(0.0821340937614441,0.0970057349205017,0.),(0.0821340937614441,
0.0970057349205017,0.01),(0.0821341056823731,0.0756520586013794,0.00370618796348572),
(0.0821341056823731,0.0756520586013794,0.0062938117980957),(0.082135214805603,
0.0956600332260132,0.),(0.082135214805603,0.0956600332260132,0.01),(0.0821871180534363,
0.0967392840385437,0.),(0.0821871180534363,0.0967392840385437,0.01),(0.0821876707077027,
0.0959264430999756,0.),(0.0821876707077027,0.0959264430999756,0.01),(0.0821876935958862,
0.08567036485672,0.00178883004188538),(0.0821876935958862,0.08567036485672,
0.00821116924285888),(0.082190908908844,0.084112820148468,0.),(0.082190908908844,
0.084112820148468,0.01),(0.0822139229774475,0.0964680600166321,0.),(0.0822139229774475,
0.0964680600166321,0.01),(0.0822140250205994,0.096196328163147,0.),(0.0822140250205994,
0.096196328163147,0.01),(0.0822508339881897,0.0868246510028839,0.00348160791397095),
(0.0822508339881897,0.0868246510028839,0.00651839113235473),(0.0822719678878784,
0.0981929264068603,0.00176702404022217),(0.0822719678878784,0.0981929264068603,
0.00823297595977783),(0.0822861037254334,0.087753396987915,0.005),(0.0823079309463501,
0.0759827003479004,0.00244225788116455),(0.0823079309463501,0.0759827003479004,
0.00755774116516113),(0.0823443837165833,0.0946008219718933,0.00178883004188538),
(0.0823443837165833,0.0946008219718933,0.00821116924285888),(0.0823603029251099,
0.0984382982254028,0.00250397610664367),(0.0823603029251099,0.0984382982254028,
0.00749602317810059),(0.0823763790130615,0.086646192073822,0.00352215600013733),
(0.0823763790130615,0.086646192073822,0.00647784423828125),(0.0824157409667969,
0.0856921081542969,0.00250397610664367),(0.0824157409667969,0.0856921081542969,
0.00749602317810059),(0.0824372668266297,0.0979365758895874,0.00170167303085327),
(0.0824372668266297,0.0979365758895874,0.00829832553863525),(0.0824550080299378,
0.0947816972732544,0.00173998689651489),(0.0824550080299378,0.0947816972732544,
0.00826001167297363),(0.082470253944397,0.0875315229892731,0.005),(0.082477237701416,
0.0944141988754272,0.00250397610664367),(0.082477237701416,0.0944141988754272,
0.00749602317810059),(0.0824777889251709,0.0763057947158813,0.00120718717575073),
(0.0824777889251709,0.0763057947158813,0.00879281234741211),(0.0824884839057923,
0.0864602661132812,0.00356823897361755),(0.0824884839057923,0.0864602661132812,
0.00643175983428955),(0.0825045256614685,0.093307284116745,0.005),(0.0825282149314881,
0.0977668452262878,0.00166613292694092),(0.0825282149314881,0.0977668452262878,
0.00833386611938476),(0.0825303206443787,0.0833607568740845,0.),(0.0825303206443787,
0.0833607568740845,0.01),(0.0825532579421997,0.0949708242416382,0.00169619417190551),
(0.0825532579421997,0.0949708242416382,0.00830380535125732),(0.0825763969421387,
0.0749905471801758,0.005),(0.0825865297317505,0.0862678940296173,0.00361960601806641),
(0.0825865297317505,0.0862678940296173,0.00638039302825928),(0.0826087889671326,
0.097591127872467,0.00163501405715942),(0.0826087889671326,0.097591127872467,
0.00836498546600342),(0.0826311616897583,0.0872922310829162,0.005),(0.082638614654541,
0.0951672058105469,0.00165768384933472),(0.082638614654541,0.0951672058105469,
0.00834231472015381),(0.0826438136100769,0.0766215972900391,0.),(0.0826438136100769,
0.0766215972900391,0.01),(0.0826785726547241,0.0974101271629333,0.00160847997665405),
(0.0826785726547241,0.0974101271629333,0.00839151954650879),(0.082710563659668,
0.095369843006134,0.00162468504905701),(0.082710563659668,0.095369843006134,
0.0083753137588501),(0.0827372870445252,0.0972246122360229,0.00158663702011108),
(0.0827372870445252,0.0972246122360229,0.00841336345672608),(0.0827677736282349,
0.0870380139350891,0.005),(0.0827686409950257,0.0955777158737182,0.00159740591049195),
(0.0827686409950257,0.0955777158737182,0.0084025936126709),(0.0827847566604615,
0.0970354018211365,0.00156954503059387),(0.0827847566604615,0.0970354018211365,
0.00843045425415039),(0.0828126258850098,0.0957897109985351,0.00157595491409302),
(0.0828126258850098,0.0957897109985351,0.00842404460906982),(0.0828208136558533,
0.096843316078186,0.00155726385116577),(0.0828208136558533,0.096843316078186,
0.00844273567199707),(0.0828423657417298,0.0960046901702881,0.00156041383743286),
(0.0828423657417298,0.0960046901702881,0.00843958568572998),(0.0828452877998352,
0.0966491770744324,0.00154985094070435),(0.0828452877998352,0.0966491770744324,
0.0084501485824585),(0.0828579697608948,0.0962288899421692,0.00155064392089844),
(0.0828579697608948,0.0962288899421692,0.00844935512542725),(0.0828580098152161,
0.0964538030624389,0.00154736804962158),(0.0828580098152161,0.0964538030624389,
0.00845263195037842),(0.0828791680335999,0.0867718291282654,0.005),(0.082910572052002,
0.0826284942626953,0.),(0.082910572052002,0.0826284942626953,0.01),(0.0829629769325257,
0.0938361830711365,0.005),(0.0829649648666382,0.0864962129592895,0.005),
(0.0830467028617859,0.0982086200714111,0.00359667801856995),(0.0830467028617859,
0.0982086200714111,0.00640332078933716),(0.0830612778663636,0.0945541839599609,
0.00361960601806641),(0.0830612778663636,0.0945541839599609,0.00638039302825928),
(0.0831591868400574,0.0858237628936767,0.005),(0.0831788530349732,0.0947352809906006,
0.00356823897361755),(0.0831788530349732,0.0947352809906006,0.00643175983428955),
(0.0832095699310303,0.0746936712265014,0.005),(0.0832135438919068,0.0979465308189392,
0.00352792310714722),(0.0832135438919068,0.0979465308189392,0.00647207593917847),
(0.0832838177680969,0.0949253282546997,0.00352215600013733),(0.0832838177680969,
0.0949253282546997,0.00647784423828125),(0.0833049216270447,0.0977729001045227,
0.0034905059337616),(0.0833049216270447,0.0977729001045227,0.00650949287414551),
(0.0833305130004883,0.0819182472229004,0.),(0.0833305130004883,0.0819182472229004,
0.01),(0.083344183921814,0.0762597188949585,0.),(0.083344183921814,0.0762597188949585,
0.01),(0.0833755960464478,0.0951232838630676,0.00348160791397095),(0.0833755960464478,
0.0951232838630676,0.00651839113235473),(0.0833854846954346,0.0975931048393249,
0.00345773005485535),(0.0833854846954346,0.0975931048393249,0.00654226922988892),
(0.0833880009651184,0.0851622838973999,0.005),(0.0834210257530213,0.0984573440551758,
0.005),(0.0834482235908508,0.0943406090736389,0.005),(0.0834536128044129,
0.0953281011581421,0.00344684910774231),(0.0834536128044129,0.0953281011581421,
0.00655315017700196),(0.083454797744751,0.0974078950881958,0.00342977499961853),
(0.083454797744751,0.0974078950881958,0.00657022476196289),(0.0835125708580017,
0.0972180871963501,0.00340675592422486),(0.0835125708580017,0.0972180871963501,
0.00659324312210083),(0.0835173540115357,0.0955387120246887,0.00341810488700867),
(0.0835173540115357,0.0955387120246887,0.00658189392089844),(0.083540620803833,
0.100765743255615,0.),(0.083540620803833,0.100765743255615,0.01),(0.083558632850647,
0.0970245552062988,0.00338873910903931),(0.083558632850647,0.0970245552062988,
0.00661125993728637),(0.0835665607452393,0.0957539410591125,0.00339549708366394),
(0.0835665607452393,0.0957539410591125,0.00660450220108032),(0.0835928139686585,
0.0968281712532043,0.00337579011917114),(0.0835928139686585,0.0968281712532043,
0.00662420892715454),(0.0836010456085205,0.0959725818634033,0.00337911200523376),
(0.0836010456085205,0.0959725818634033,0.00662088823318482),(0.083614944934845,
0.0966298079490661,0.00336797308921814),(0.083614944934845,0.0966298079490661,
0.00663202619552612),(0.0836195068359375,0.0982479333877563,0.005),(0.0836210236549378,
0.0962009482383728,0.00336880993843078),(0.0836210236549378,0.0962009482383728,
0.00663118982315064),(0.0836248588562012,0.0964303398132324,0.00336535310745239),
(0.0836248588562012,0.0964303398132324,0.00663464593887329),(0.0836440167427063,
0.0945527200698852,0.005),(0.0836507916450501,0.0845135521888733,0.005),
(0.0837118077278137,0.100530297279358,0.),(0.0837118077278137,0.100530297279358,
0.01),(0.0837888717651367,0.0812321672439575,0.),(0.0837888717651367,0.0812321672439575,
0.01),(0.0837968039512634,0.0980214557647705,0.005),(0.0838188428878784,
0.0947822828292847,0.005),(0.0838545866012573,0.0744234914779663,0.005),
(0.0839062547683716,0.07902294921875,0.),(0.0839062547683716,0.07902294921875,
0.01),(0.0839120006561279,0.100319619178772,0.),(0.0839120006561279,0.100319619178772,
0.01),(0.0839388236999512,0.0809835472106934,0.),(0.0839388236999512,0.0809835472106934,
0.01),(0.083946852684021,0.0838793139457703,0.005),(0.0839513487815857,
0.097779155254364,0.005),(0.0839706950187683,0.0950276999473572,0.005),
(0.0840245637893677,0.0792889242172241,0.),(0.0840245637893677,0.0792889242172241,
0.01),(0.0840510530471802,0.080716064453125,0.),(0.0840510530471802,0.080716064453125,
0.01),(0.0840622997283936,0.0759344730377197,0.),(0.0840622997283936,0.0759344730377197,
0.01),(0.0840815706253052,0.0975222678184509,0.005),(0.0840974750518799,
0.0952866959571838,0.005),(0.0841069197654724,0.0795676364898682,0.),(0.0841069197654724,
0.0795676364898682,0.01),(0.0841244077682495,0.080434552192688,0.),(0.0841244077682495,
0.080434552192688,0.01),(0.0841385416984558,0.10013694858551,0.),(0.0841385416984558,
0.10013694858551,0.01),(0.0841518459320069,0.0798551616668701,0.),(0.0841518459320069,
0.0798551616668701,0.01),(0.0841579117774964,0.0801459951400757,0.),(0.0841579117774964,
0.0801459951400757,0.01),(0.0841853766441345,0.0972535300254822,0.005),
(0.0841975479125977,0.0955571122169494,0.005),(0.0842609705924988,0.0969767079353332,
0.005),(0.0842692170143128,0.0958351812362671,0.005),(0.0842753887176514,
0.0832612729072571,0.005),(0.0843044610023499,0.0995676288604736,0.00370451593399048),
(0.0843044610023499,0.0995676288604736,0.0062954831123352),(0.0843076629638672,
0.0966936779022217,0.005),(0.0843118219375611,0.0961188721656799,0.005),
(0.0843247675895691,0.0964063048362732,0.005),(0.0843873777389527,0.0999862794876099,
0.),(0.0843873777389527,0.0999862794876099,0.01),(0.0843991599082947,0.099452428817749,
0.0036539089679718),(0.0843991599082947,0.099452428817749,0.00634609079360962),
(0.0844406619071961,0.0819601526260376,0.00321623802185059),(0.0844406619071961,
0.0819601526260376,0.0067837610244751),(0.0844477920532227,0.0993289737701416,
0.005),(0.0845103216171265,0.0741804800033569,0.005),(0.084528883934021,
0.0993214387893677,0.00359233903884888),(0.084528883934021,0.0993214387893677,
0.00640766096115112),(0.0845372695922852,0.0817713470458984,0.00325802111625672),
(0.0845372695922852,0.0817713470458984,0.00674197816848755),(0.0845619330406189,
0.0802835121154785,0.00370451593399048),(0.0845619330406189,0.0802835121154785,
0.0062954831123352),(0.0846116180419922,0.0991022672653198,0.005),(0.084612726688385,
0.0815744619369507,0.00330561590194702),(0.084612726688385,0.0815744619369507,
0.00669438314437866),(0.0846143488883972,0.0804231233596802,0.0036539089679718),
(0.0846143488883972,0.0804231233596802,0.00634609079360962),(0.0846355147361756,
0.0826610898971557,0.005),(0.0846540279388428,0.0998710165023804,0.),(0.0846540279388428,
0.0998710165023804,0.01),(0.0846629276275635,0.080600962638855,0.00359233903884888),
(0.0846629276275635,0.080600962638855,0.00640766096115112),(0.0846661510467529,
0.0813717823028564,0.00335847091674805),(0.0846661510467529,0.0813717823028564,
0.00664152812957763),(0.0846716890335083,0.0992040481567383,0.00353231406211853),
(0.0846716890335083,0.0992040481567383,0.00646768617630005),(0.0846931877136231,
0.0807833299636841,0.00353231406211853),(0.0846931877136231,0.0807833299636841,
0.00646768617630005),(0.0846969480514527,0.080526967048645,0.005),(0.0846979689598084,
0.0811547117233276,0.00341912198066712),(0.0846979689598084,0.0811547117233276,
0.00658087682723999),(0.0847049007415772,0.0809684991836548,0.00347439193725586),
(0.0847049007415772,0.0809684991836548,0.00652560710906983),(0.0847682156562805,
0.082415834903717,0.005),(0.0847962470054627,0.0756467294692993,0.),(0.0847962470054627,
0.0756467294692993,0.01),(0.0848023309707642,0.0988980321884155,0.005),
(0.0848113689422608,0.0807821979522705,0.005),(0.0848261938095093,0.0991013212203979,
0.00347439193725586),(0.0848261938095093,0.0991013212203979,0.00652560710906983),
(0.0848655896186829,0.0821549468040466,0.005),(0.0848928847312928,0.0810494775772095,
0.005),(0.0849269690513611,0.0818824310302734,0.005),(0.0849345026016236,
0.0997937870025635,0.),(0.0849345026016236,0.0997937870025635,0.01),(0.0849400997161865,
0.0813252325057983,0.005),(0.0849516949653626,0.0816042823791504,0.005),
(0.0849706120491028,0.0744286851882934,0.00370872211456299),(0.0849706120491028,
0.0744286851882934,0.00629127788543701),(0.0849909238815308,0.099014217376709,
0.00341912198066712),(0.0849909238815308,0.099014217376709,0.00658087682723999),
(0.08501753282547,0.0987192659378052,0.005),(0.0851948218345642,0.09893323802948,
0.00335847091674805),(0.0851948218345642,0.09893323802948,0.00664152812957763),
(0.0852222638130188,0.0997572393417358,0.),(0.0852222638130188,0.0997572393417358,
0.01),(0.0852534008026123,0.0985696992874145,0.005),(0.08539705991745,0.0988781652450561,
0.00330561590194702),(0.08539705991745,0.0988781652450561,0.00669438314437866),
(0.0854229550361633,0.0746791286468506,0.00244494891166687),(0.0854229550361633,
0.0746791286468506,0.00755505084991455),(0.0855066475868225,0.0984520387649536,
0.005),(0.0855125508308411,0.0997627906799316,0.),(0.0855125508308411,0.0997627906799316,
0.01),(0.085544068813324,0.0753972549438476,0.),(0.085544068813324,0.0753972549438476,
0.01),(0.0856052956581116,0.0988450698852539,0.00325802111625672),(0.0856052956581116,
0.0988450698852539,0.00674197816848755),(0.0857733416557312,0.098368935585022,
0.005),(0.0858171110153198,0.0988343315124512,0.00321623802185059),(0.0858171110153198,
0.0988343315124512,0.0067837610244751),(0.0858673439025879,0.0749318056106567,
0.00120870113372803),(0.0858673439025879,0.0749318056106567,0.00879129886627198),
(0.0859651846885681,0.080073576927185,0.005),(0.086047299861908,0.0803501720428467,
0.005),(0.0860479648113251,0.0983228197097778,0.005),(0.0861547849178314,
0.0806169538497925,0.005),(0.086287351846695,0.0808719434738159,0.005),
(0.0863037707805634,0.075186713218689,0.),(0.0863037707805634,0.075186713218689,
0.01),(0.086326712846756,0.0983151149749756,0.005),(0.0863358938694,0.0998167009353638,
0.),(0.0863358938694,0.0998167009353638,0.01),(0.0863677477836609,0.0798737659454346,
0.00359667801856995),(0.0863677477836609,0.0798737659454346,0.00640332078933716),
(0.0864447107315064,0.0811131629943847,0.005),(0.0865113017559052,0.0801492986679077,
0.00352792310714722),(0.0865113017559052,0.0801492986679077,0.00647207593917847),
(0.0865120408535004,0.0791644868850708,0.00250397610664367),(0.0865120408535004,
0.0791644868850708,0.00749602317810059),(0.0866159818172455,0.0803152484893799,
0.0034905059337616),(0.0866159818172455,0.0803152484893799,0.00650949287414551),
(0.0866255428791046,0.0813374309539795,0.005),(0.0867314078807831,0.0804749164581299,
0.00345773005485535),(0.0867314078807831,0.0804749164581299,0.00654226922988892),
(0.0867687067985535,0.07921067237854,0.00176702404022217),(0.0867687067985535,
0.07921067237854,0.00823297595977783),(0.0868274807929993,0.0815413084030151,
0.005),(0.0868500638008118,0.0918185960054397,0.),(0.0868500638008118,0.0918185960054397,
0.01),(0.0868500707149506,0.0881812900304794,0.),(0.0868500707149506,0.0881812900304794,
0.01),(0.0868571488857269,0.0806275482177734,0.00342977499961853),(0.0868571488857269,
0.0806275482177734,0.00657022476196289),(0.0869080629348755,0.0794820003509521,
0.00170167303085327),(0.0869080629348755,0.0794820003509521,0.00829832553863525),
(0.0869926397800446,0.0807724847793579,0.00340675592422486),(0.0869926397800446,
0.0807724847793579,0.00659324312210083),(0.087009578704834,0.0796456289291382,
0.00166613292694092),(0.087009578704834,0.0796456289291382,0.00833386611938476),
(0.0870265498161316,0.0983269023895264,0.005),(0.0870492458343506,0.0817232599258423,
0.005),(0.087068256855011,0.0782833528518677,0.),(0.087068256855011,0.0782833528518677,
0.01),(0.0871214678287506,0.0798032674789429,0.00163501405715942),(0.0871214678287506,
0.0798032674789429,0.00836498546600342),(0.0871372127532959,0.0809091424942017,
0.00338873910903931),(0.0871372127532959,0.0809091424942017,0.00661125993728637),
(0.0871453628540039,0.0785450086593628,0.),(0.0871453628540039,0.0785450086593628,
0.01),(0.0871609559059143,0.0998252573013305,0.),(0.0871609559059143,0.0998252573013305,
0.01),(0.0872433269023895,0.0799542016983032,0.00160847997665405),(0.0872433269023895,
0.0799542016983032,0.00839151954650879),(0.087245466709137,0.0787980232238769,
0.),(0.087245466709137,0.0787980232238769,0.01),(0.0872895658016205,0.0818817596435547,
0.005),(0.0872901957035065,0.0810369358062744,0.00337579011917114),(0.0872901957035065,
0.0810369358062744,0.00662420892715454),(0.087368323802948,0.0790407247543335,
0.),(0.087368323802948,0.0790407247543335,0.01),(0.0873746318817139,0.080097806930542,
0.00158663702011108),(0.0873746318817139,0.080097806930542,0.00841336345672608),
(0.0874509167671204,0.0811552839279175,0.00336797308921814),(0.0874509167671204,
0.0811552839279175,0.00663202619552612),(0.0875136678218842,0.0792714080810547,
0.),(0.0875136678218842,0.0792714080810547,0.01),(0.0875147578716278,0.0802335224151611,
0.00156954503059387),(0.0875147578716278,0.0802335224151611,0.00843045425415039),
(0.0875449628829956,0.0820142650604248,0.005),(0.0876187047958374,0.0812636032104492,
0.00336535310745239),(0.0876187047958374,0.0812636032104492,0.00663464593887329),
(0.087663079738617,0.0803607912063598,0.00155726385116577),(0.087663079738617,
0.0803607912063598,0.00844273567199707),(0.0876799957752228,0.0794868822097778,
0.),(0.0876799957752228,0.0794868822097778,0.01),(0.0877260568141938,0.0983024024963379,
0.005),(0.0878119487762451,0.082119213104248,0.005),(0.0878189718723297,
0.0804790563583374,0.00154985094070435),(0.0878189718723297,0.0804790563583374,
0.0084501485824585),(0.0878192818164826,0.0813749780654907,0.00336880993843078),
(0.0878192818164826,0.0813749780654907,0.00663118982315064),(0.0878657808303833,
0.0796848649978638,0.),(0.0878657808303833,0.0796848649978638,0.01),(0.0879405817985535,
0.0960306148529053,0.00960000038146973),(0.0879405817985535,0.0960306148529053,
0.01),(0.0879818098545075,0.080587760925293,0.00154736804962158),(0.0879818098545075,
0.080587760925293,0.00845263195037842),(0.0879852387905121,0.0997884330749512,
0.),(0.0879852387905121,0.0997884330749512,0.01),(0.0880270417928696,0.0814718599319458,
0.00337911200523376),(0.0880270417928696,0.0814718599319458,0.00662088823318482),
(0.0880700218677521,0.079864010810852,0.),(0.0880700218677521,0.079864010810852,
0.01),(0.0880885977745056,0.0821961798667908,0.005),(0.0881766098737717,
0.0807001829147339,0.00155064392089844),(0.0881766098737717,0.0807001829147339,
0.00844935512542725),(0.0882336328029633,0.0815513143539429,0.00339549708366394),
(0.0882336328029633,0.0815513143539429,0.00660450220108032),(0.0882915058135987,
0.0800228366851806,0.),(0.0882915058135987,0.0800228366851806,0.01),(0.0883728218078614,
0.0822447218894958,0.005),(0.0883785758018494,0.0807987689971924,0.00156041383743286),
(0.0883785758018494,0.0807987689971924,0.00843958568572998),(0.0884233548641205,
0.0982416791915893,0.005),(0.0884446297883988,0.0816163148880005,0.00341810488700867),
(0.0884446297883988,0.0816163148880005,0.00658189392089844),(0.0885267817974091,
0.0801587905883789,0.),(0.0885267817974091,0.0801587905883789,0.01),(0.0885796228647232,
0.08088050365448,0.00157595491409302),(0.0885796228647232,0.08088050365448,
0.00842404460906982),(0.088658894777298,0.0816664190292358,0.00344684910774231),
(0.088658894777298,0.0816664190292358,0.00655315017700196),(0.0886605088710785,
0.0822644262313843,0.005),(0.0887736867666245,0.0802709102630615,0.),(0.0887736867666245,
0.0802709102630615,0.01),(0.0887852078676224,0.080948408126831,0.00159740591049195),
(0.0887852078676224,0.080948408126831,0.0084025936126709),(0.0888062508106232,
0.0997063407897949,0.),(0.0888062508106232,0.0997063407897949,0.01),(0.0888752808570862,
0.0817012634277344,0.00348160791397095),(0.0888752808570862,0.0817012634277344,
0.00651839113235473),(0.0889489728212357,0.0822556271553039,0.005),(0.0889942698478699,
0.0810020484924316,0.00162468504905701),(0.0889942698478699,0.0810020484924316,
0.0083753137588501),(0.0890306327939034,0.0803586864471435,0.),(0.0890306327939034,
0.0803586864471435,0.01),(0.089092603802681,0.0817207593917847,0.00352215600013733),
(0.089092603802681,0.0817207593917847,0.00647784423828125),(0.089116566836834,
0.0981448974609375,0.005),(0.0891289058327675,0.0972905530929565,0.00960000038146973),
(0.0891289058327675,0.0972905530929565,0.01),(0.0892057328224182,0.0810410575866699,
0.00165768384933472),(0.0892057328224182,0.0810410575866699,0.00834231472015381),
(0.0892108258008957,0.0967756991386414,0.00960000038146973),(0.0892108258008957,
0.0967756991386414,0.01),(0.089235192835331,0.0822190041542053,0.005),(0.0892958798408509,
0.0804215869903564,0.),(0.0892958798408509,0.0804215869903564,0.01),(0.089309672832489,
0.0817248802185059,0.00356823897361755),(0.089309672832489,0.0817248802185059,
0.00643175983428955),(0.0893683798313141,0.0957854971885681,0.00960000038146973),
(0.0893683798313141,0.0957854971885681,0.01),(0.0894184837937355,0.0810653276443481,
0.00169619417190551),(0.0894184837937355,0.0810653276443481,0.00830380535125732),
(0.08945057284832,0.0952689290046692,0.00960000038146973),(0.08945057284832,
0.0952689290046692,0.01),(0.0895167828202248,0.0821554989814758,0.005),
(0.0895252948105335,0.081713604927063,0.00361960601806641),(0.0895252948105335,
0.081713604927063,0.00638039302825928),(0.0895654208362103,0.0804589347839355,
0.),(0.0895654208362103,0.0804589347839355,0.01),(0.0896215068101883,0.0995792274475097,
0.),(0.0896215068101883,0.0995792274475097,0.01),(0.0896313978135586,0.0810748043060303,
0.00173998689651489),(0.0896313978135586,0.0810748043060303,0.00826001167297363),
(0.0897390188276768,0.0968046298027039,0.00960000038146973),(0.0897390188276768,
0.0968046298027039,0.01),(0.0898038318157196,0.0980123157501221,0.005),
(0.0898367998152971,0.0804709300994873,0.),(0.0898367998152971,0.0804709300994873,
0.01),(0.0898433518260718,0.0810694379806518,0.00178883004188538),(0.0898433518260718,
0.0810694379806518,0.00821116924285888),(0.0898916908204556,0.0995417928695679,
0.),(0.0898916908204556,0.0995417928695679,0.01),(0.0899226928204298,0.095805938243866,
0.00960000038146973),(0.0899226928204298,0.095805938243866,0.01),(0.0899385458230973,
0.0812778043746948,0.00250397610664367),(0.0899385458230973,0.0812778043746948,
0.00749602317810059),(0.0900000598226925,0.0936372549533844,0.),(0.0900000598226925,
0.0936372549533844,0.01),(0.0900000738226936,0.0863626430034637,0.),(0.0900000738226936,
0.0863626430034637,0.01),(0.0900615378208459,0.0987219867706299,0.00250397610664367),
(0.0900615378208459,0.0987219867706299,0.00749602317810059),(0.0901083928197623,
0.0804579982757568,0.),(0.0901083928197623,0.0804579982757568,0.01),(0.0901567308157683,
0.0989303531646728,0.00178883004188538),(0.0901567308157683,0.0989303531646728,
0.00821116924285888),(0.0901632828265429,0.0995288610458374,0.),(0.0901632828265429,
0.0995288610458374,0.01),(0.0901962508261204,0.0819874763488769,0.005),
(0.0902679368257523,0.0967962589263916,0.00960000038146973),(0.0902679368257523,
0.0967962589263916,0.01),(0.0903686858117581,0.0989249868392944,0.00173998689651489),
(0.0903686858117581,0.0989249868392944,0.00826001167297363),(0.0903785758316517,
0.0804205636978149,0.),(0.0903785758316517,0.0804205636978149,0.01),(0.0904346628189087,
0.0995408563613892,0.),(0.0904346628189087,0.0995408563613892,0.01),(0.0904747888147831,
0.0982861862182617,0.00361960601806641),(0.0904747888147831,0.0982861862182617,
0.00638039302825928),(0.0904767288267613,0.0957790451049805,0.00960000038146973),
(0.0904767288267613,0.0957790451049805,0.01),(0.0904833008348942,0.0978442931175232,
0.005),(0.0905815998315811,0.0989344644546509,0.00169619417190551),(0.0905815998315811,
0.0989344644546509,0.00830380535125732),(0.0906904108524323,0.0982749109268188,
0.00356823897361755),(0.0906904108524323,0.0982749109268188,0.00643175983428955),
(0.0907042028307915,0.0995782041549683,0.),(0.0907042028307915,0.0995782041549683,
0.01),(0.0907648898363114,0.0977807869911194,0.005),(0.0907943498492241,
0.0989587345123291,0.00165768384933472),(0.0907943498492241,0.0989587345123291,
0.00834231472015381),(0.0907949498295784,0.0967506251335144,0.00960000038146973),
(0.0907949498295784,0.0967506251335144,0.01),(0.0908835158348084,0.0818548946380615,
0.005),(0.0909074788093567,0.0982790327072143,0.00352215600013733),(0.0909074788093567,
0.0982790327072143,0.00647784423828125),(0.0909694508314133,0.0996411046981811,
0.),(0.0909694508314133,0.0996411046981811,0.01),(0.0910058127641678,0.098997742652893,
0.00162468504905701),(0.0910058127641678,0.098997742652893,0.0083753137588501),
(0.0910264558792114,0.0957050132751465,0.00960000038146973),(0.0910264558792114,
0.0957050132751465,0.01),(0.0910511108636856,0.0977441649436951,0.005),
(0.0911248018741608,0.0982985277175903,0.00348160791397095),(0.0911248018741608,
0.0982985277175903,0.00651839113235473),(0.0911938318014145,0.0802934513092041,
0.),(0.0911938318014145,0.0802934513092041,0.01),(0.0912148748636246,0.0990513830184936,
0.00159740591049195),(0.0912148748636246,0.0990513830184936,0.0084025936126709),
(0.0912263958454132,0.0997288818359375,0.),(0.0912263958454132,0.0997288818359375,
0.01),(0.0913174347877503,0.0966679582595825,0.00960000038146973),(0.0913174347877503,
0.0966679582595825,0.01),(0.0913395748138428,0.0977353658676147,0.005),
(0.0913411878347397,0.0983333721160888,0.00344684910774231),(0.0913411878347397,
0.0983333721160888,0.00655315017700196),(0.0914204608201981,0.099119288444519,
0.00157595491409302),(0.0914204608201981,0.099119288444519,0.00842404460906982),
(0.0914733008146286,0.0998410015106201,0.),(0.0914733008146286,0.0998410015106201,
0.01),(0.0915554537773133,0.0983834762573242,0.00341810488700867),(0.0915554537773133,
0.0983834762573242,0.00658189392089844),(0.0915678688287735,0.0955843811035156,
0.00960000038146973),(0.0915678688287735,0.0955843811035156,0.01),(0.0915767288208008,
0.0817581119537353,0.005),(0.0916215077638626,0.0992010221481323,0.00156041383743286),
(0.0916215077638626,0.0992010221481323,0.00843958568572998),(0.0916272608041764,
0.0977550692558288,0.005),(0.0917085767984391,0.099976954460144,0.),(0.0917085767984391,
0.099976954460144,0.01),(0.0917664498090744,0.0984484767913818,0.00339549708366394),
(0.0917664498090744,0.0984484767913818,0.00660450220108032),(0.0918234728574753,
0.0992996082305908,0.00155064392089844),(0.0918234728574753,0.0992996082305908,
0.00844935512542725),(0.0918327938318253,0.0965486679077148,0.00960000038146973),
(0.0918327938318253,0.0965486679077148,0.01),(0.0919114848375321,0.0978036108016968,
0.005),(0.0919300608634949,0.100135781288147,0.),(0.0919300608634949,0.100135781288147,
0.01),(0.0919730408191681,0.0985279321670532,0.00337911200523376),(0.0919730408191681,
0.0985279321670532,0.00662088823318482),(0.0920148439407349,0.0802113580703735,
0.),(0.0920148439407349,0.0802113580703735,0.01),(0.0920182738304138,0.099412031173706,
0.00154736804962158),(0.0920182738304138,0.099412031173706,0.00845263195037842),
(0.0921343019008637,0.100314927101135,0.),(0.0921343019008637,0.100314927101135,
0.01),(0.0921808009147644,0.098624813079834,0.00336880993843078),(0.0921808009147644,
0.098624813079834,0.00663118982315064),(0.0921811108589173,0.0995207347869873,
0.00154985094070435),(0.0921811108589173,0.0995207347869873,0.0084501485824585),
(0.0921881337165833,0.0978805780410767,0.005),(0.0922740259170532,0.0816973896026611,
0.005),(0.0923200879096985,0.100512909889221,0.),(0.0923200879096985,0.100512909889221,
0.01),(0.0923370037078858,0.0996389999389648,0.00155726385116577),(0.0923370037078858,
0.0996389999389648,0.00844273567199707),(0.0923813779354096,0.0987361888885498,
0.00336535310745239),(0.0923813779354096,0.0987361888885498,0.00663464593887329),
(0.0924551198482514,0.0979855270385742,0.005),(0.0924853258132935,0.0997662696838379,
0.00156954503059387),(0.0924853258132935,0.0997662696838379,0.00843045425415039),
(0.0924864158630371,0.10072838306427,0.),(0.0924864158630371,0.10072838306427,
0.01),(0.092549165725708,0.0988445081710815,0.00336797308921814),(0.092549165725708,
0.0988445081710815,0.00663202619552612),(0.0926254518032074,0.0999019842147827,
0.00158663702011108),(0.0926254518032074,0.0999019842147827,0.00841336345672608),
(0.0926317598819733,0.100959067344666,0.),(0.0926317598819733,0.100959067344666,
0.01),(0.0927098867893219,0.0989628562927246,0.00337579011917114),(0.0927098867893219,
0.0989628562927246,0.00662420892715454),(0.0927105178833008,0.0981180324554443,
0.005),(0.0927546167373657,0.101201767921448,0.),(0.0927546167373657,0.101201767921448,
0.01),(0.0927567558288574,0.100045589447021,0.00160847997665405),(0.0927567558288574,
0.100045589447021,0.00839151954650879),(0.092839127779007,0.0801745347976684,
0.),(0.092839127779007,0.0801745347976684,0.01),(0.0928547208309174,0.101454782485962,
0.),(0.0928547208309174,0.101454782485962,0.01),(0.0928628697395325,0.0990906496047974,
0.00338873910903931),(0.0928628697395325,0.0990906496047974,0.00661125993728637),
(0.0928786149024964,0.100196524620056,0.00163501405715942),(0.0928786149024964,
0.100196524620056,0.00836498546600342),(0.0929318268299103,0.101716439247131,
0.),(0.0929318268299103,0.101716439247131,0.01),(0.0929508368968964,0.0982765312194824,
0.005),(0.0929735329151154,0.0816728887557983,0.005),(0.0929905037879944,
0.100354163169861,0.00166613292694092),(0.0929905037879944,0.100354163169861,
0.00833386611938476),(0.0930074427127838,0.0992273063659668,0.00340675592422486),
(0.0930074427127838,0.0992273063659668,0.00659324312210083),(0.0930920207500458,
0.100517790794373,0.00170167303085327),(0.0930920207500458,0.100517790794373,
0.00829832553863525),(0.0931429347991944,0.0993722429275513,0.00342977499961853),
(0.0931429347991944,0.0993722429275513,0.00657022476196289),(0.0931500627994538,
0.091818608045578,0.),(0.0931500627994538,0.091818608045578,0.01),(0.0931500697135925,
0.0881813020706177,0.),(0.0931500697135925,0.0881813020706177,0.01),(0.093172602891922,
0.0984584827423096,0.005),(0.0932313768863678,0.100789118766785,0.00176702404022217),
(0.0932313768863678,0.100789118766785,0.00823297595977783),(0.0932686748504639,
0.0995248746871948,0.00345773005485535),(0.0932686748504639,0.0995248746871948,
0.00654226922988892),(0.0933745398521423,0.0986623601913452,0.005),(0.0933841009140015,
0.0996845426559448,0.0034905059337616),(0.0933841009140015,0.0996845426559448,
0.00650949287414551),(0.0934880418777466,0.100835305213928,0.00250397610664367),
(0.0934880418777466,0.100835305213928,0.00749602317810059),(0.0934887807369232,
0.0998504934310913,0.00352792310714722),(0.0934887807369232,0.0998504934310913,
0.00647207593917847),(0.093555371761322,0.0988866281509399,0.005),(0.0936323359012604,
0.10012602519989,0.00359667801856995),(0.0936323359012604,0.10012602519989,
0.00640332078933716),(0.0936641888618469,0.0801830902099609,0.),(0.0936641888618469,
0.0801830902099609,0.01),(0.093673369884491,0.0816846761703491,0.005),(0.093696341753006,
0.104813197135925,0.),(0.093696341753006,0.104813197135925,0.01),(0.093712730884552,
0.0991278476715088,0.005),(0.0938452978134156,0.0993828382492065,0.005),
(0.0939521179199219,0.0816769714355469,0.005),(0.0939527838230133,0.0996496200561523,
0.005),(0.0940348978042603,0.0999262142181396,0.005),(0.0941327667236328,
0.105068102836609,0.00120869588851929),(0.0941327667236328,0.105068102836609,
0.00879130363464356),(0.09418297290802,0.0811654605865478,0.00321623802185059),
(0.09418297290802,0.0811654605865478,0.0067837610244751),(0.0942267408370972,
0.081630856513977,0.005),(0.0943947868347168,0.0811547212600708,0.00325802111625672),
(0.0943947868347168,0.0811547212600708,0.00674197816848755),(0.0944560489654541,
0.104602653503418,0.),(0.0944560489654541,0.104602653503418,0.01),(0.0944875326156616,
0.080237000465393,0.),(0.0944875326156616,0.080237000465393,0.01),(0.0944934349060059,
0.0815477533340454,0.005),(0.0945771579742432,0.105320780754089,0.00244494891166687),
(0.0945771579742432,0.105320780754089,0.00755505084991455),(0.0946030230522156,
0.0811216268539429,0.00330561590194702),(0.0946030230522156,0.0811216268539429,
0.00669438314437866),(0.0947466816902161,0.0814300918579101,0.005),(0.0947778186798096,
0.0802425527572632,0.),(0.0947778186798096,0.0802425527572632,0.01),(0.0948052616119385,
0.081066554069519,0.00335847091674805),(0.0948052616119385,0.081066554069519,
0.00664152812957763),(0.0949825496673584,0.0812805252075195,0.005),(0.0950091586112976,
0.08098557472229,0.00341912198066712),(0.0950091586112976,0.08098557472229,
0.00658087682723999),(0.0950295028686524,0.105571224212646,0.00370872688293457),
(0.0950295028686524,0.105571224212646,0.00629127216339111),(0.095048388004303,
0.0983955087661743,0.005),(0.0950599827766419,0.0986745595932007,0.005),
(0.0950655798912049,0.0802060041427612,0.),(0.0950655798912049,0.0802060041427612,
0.01),(0.0950731148719788,0.0981173601150513,0.005),(0.0951071977615357,
0.0989503135681152,0.005),(0.0951344928741455,0.0978448448181152,0.005),
(0.0951738896369934,0.0808984708786011,0.00347439193725586),(0.0951738896369934,
0.0808984708786011,0.00652560710906983),(0.0951887140274048,0.0992175941467285,
0.005),(0.0951977519989014,0.0811017589569092,0.005),(0.0952038745880127,
0.104353174209595,0.),(0.0952038745880127,0.104353174209595,0.01),(0.0952318668365479,
0.097583957195282,0.005),(0.0952951827049256,0.0990312919616699,0.00347439193725586),
(0.0952951827049256,0.0990312919616699,0.00652560710906983),(0.0953021140098572,
0.0988450794219971,0.00341912198066712),(0.0953021140098572,0.0988450794219971,
0.00658087682723999),(0.0953031349182129,0.0994728240966797,0.005),(0.0953068947792053,
0.0992164611816406,0.00353231406211853),(0.0953068947792053,0.0992164611816406,
0.00646768617630005),(0.0953283948898316,0.0807957429885864,0.00353231406211853),
(0.0953283948898316,0.0807957429885864,0.00646768617630005),(0.0953339319229126,
0.0986280097961426,0.00335847091674805),(0.0953339319229126,0.0986280097961426,
0.00664152812957763),(0.0953371548652649,0.099398829460144,0.00359233903884888),
(0.0953371548652649,0.099398829460144,0.00640766096115112),(0.0953460550308228,
0.0801287755966186,0.),(0.0953460550308228,0.0801287755966186,0.01),(0.0953645677566529,
0.0973387012481689,0.005),(0.0953857336044312,0.0995766687393188,0.0036539089679718),
(0.0953857336044312,0.0995766687393188,0.00634609079360962),(0.0953873567581177,
0.0984253301620483,0.00330561590194702),(0.0953873567581177,0.0984253301620483,
0.00669438314437866),(0.0953884658813477,0.0808975238800049,0.005),(0.095438150882721,
0.0997162790298462,0.00370451593399048),(0.095438150882721,0.0997162790298462,
0.0062954831123352),(0.0954628138542176,0.0982284440994263,0.00325802111625672),
(0.0954628138542176,0.0982284440994263,0.00674197816848755),(0.0954711990356445,
0.0806783533096313,0.00359233903884888),(0.0954711990356445,0.0806783533096313,
0.00640766096115112),(0.0954897899627686,0.105819428443909,0.005),(0.0955522909164429,
0.0806708183288574,0.005),(0.0955594205856324,0.0980396375656128,0.00321623802185059),
(0.0955594205856324,0.0980396375656128,0.0067837610244751),(0.0956009225845337,
0.08054736328125,0.0036539089679718),(0.0956009225845337,0.08054736328125,
0.00634609079360962),(0.0956127047538758,0.0800135126113891,0.),(0.0956127047538758,
0.0800135126113891,0.01),(0.0956753149032593,0.0835934858322143,0.005),
(0.0956882610321045,0.0838809199333191,0.005),(0.0956924200057984,0.0833061141967773,
0.005),(0.0956956219673157,0.0804321632385254,0.00370451593399048),(0.0956956219673157,
0.0804321632385254,0.0062954831123352),(0.0957246947288513,0.0967385182380676,
0.005),(0.0957308659553528,0.0841646108627319,0.005),(0.0957391119003296,
0.0830230832099914,0.005),(0.0958025350570679,0.0844426789283752,0.005),
(0.0958147068023682,0.0827462611198425,0.005),(0.095842170715332,0.0998537969589233,
0.),(0.095842170715332,0.0998537969589233,0.01),(0.0958482370376587,0.100144630432129,
0.),(0.0958482370376587,0.100144630432129,0.01),(0.0958615407943726,0.0798628435134888,
0.),(0.0958615407943726,0.0798628435134888,0.01),(0.0958756747245789,0.0995652389526367,
0.),(0.0958756747245789,0.0995652389526367,0.01),(0.095893162727356,0.100432155609131,
0.),(0.095893162727356,0.100432155609131,0.01),(0.09590260887146,0.0847130951881409,
0.005),(0.0959185118675232,0.0824775228500366,0.005),(0.0959378275871277,
0.104065426826477,0.),(0.0959378275871277,0.104065426826477,0.01),(0.0959490308761597,
0.0992837266921997,0.),(0.0959490308761597,0.0992837266921997,0.01),(0.095975519657135,
0.100710866928101,0.),(0.095975519657135,0.100710866928101,0.01),(0.0960293879508972,
0.0849720911979675,0.005),(0.096048734664917,0.0822206358909607,0.005),
(0.0960532298088074,0.0961204771995544,0.005),(0.0960612597465515,0.0990162439346313,
0.),(0.0960612597465515,0.0990162439346313,0.01),(0.0960880818367005,0.079680172920227,
0.),(0.0960880818367005,0.079680172920227,0.01),(0.0960938286781311,0.100976841926575,
0.),(0.0960938286781311,0.100976841926575,0.01),(0.0961455316543579,0.105576413154602,
0.005),(0.09618123960495,0.0852175092697143,0.005),(0.0962032790184021,
0.0819783353805542,0.005),(0.0962112107276917,0.0987676248550415,0.),(0.0962112107276917,
0.0987676248550415,0.01),(0.096288275718689,0.0794694948196411,0.),(0.096288275718689,
0.0794694948196411,0.01),(0.0963492908477783,0.0954862389564514,0.005),
(0.0963560667037964,0.0854470710754394,0.005),(0.0963752245903015,0.0835694518089294,
0.00336535310745239),(0.0963752245903015,0.0835694518089294,0.00663464593887329),
(0.0963790588378906,0.0837988438606262,0.00336880993843078),(0.0963790588378906,
0.0837988438606262,0.00663118982315064),(0.0963805766105652,0.0817518587112427,
0.005),(0.0963851380348206,0.0833699831962585,0.00336797308921814),(0.0963851380348206,
0.0833699831962585,0.00663202619552612),(0.0963990368843079,0.0840272088050842,
0.00337911200523376),(0.0963990368843079,0.0840272088050842,0.00662088823318482),
(0.0964072690010071,0.0831716198921204,0.00337579011917114),(0.0964072690010071,
0.0831716198921204,0.00662420892715454),(0.0964335227012634,0.0842458500862121,
0.00339549708366394),(0.0964335227012634,0.0842458500862121,0.00660450220108032),
(0.0964414505958557,0.0829752359390259,0.00338873910903931),(0.0964414505958557,
0.0829752359390259,0.00661125993728637),(0.0964594616889954,0.0792340478897095,
0.),(0.0964594616889954,0.0792340478897095,0.01),(0.0964827289581299,0.084461079120636,
0.00341810488700867),(0.0964827289581299,0.084461079120636,0.00658189392089844),
(0.096487512588501,0.0827817039489746,0.00340675592422486),(0.096487512588501,
0.0827817039489746,0.00659324312210083),(0.0965452857017517,0.0825918970108032,
0.00342977499961853),(0.0965452857017517,0.0825918970108032,0.00657022476196289),
(0.0965464696884155,0.0846716899871826,0.00344684910774231),(0.0965464696884155,
0.0846716899871826,0.00655315017700196),(0.0965518589019776,0.0856591820716858,
0.005),(0.0965790567398071,0.0815424480438232,0.005),(0.0966120820045471,
0.0948375082015991,0.005),(0.0966145977973938,0.0824066872596741,0.00345773005485535),
(0.0966145977973938,0.0824066872596741,0.00654226922988892),(0.0966244878768921,
0.0848765068054199,0.00348160791397095),(0.0966244878768921,0.0848765068054199,
0.00651839113235473),(0.0966559476852417,0.103740177154541,0.),(0.0966559476852417,
0.103740177154541,0.01),(0.0966695699691773,0.0980815439224243,0.),(0.0966695699691773,
0.0980815439224243,0.01),(0.096695161819458,0.082226891040802,0.0034905059337616),
(0.096695161819458,0.082226891040802,0.00650949287414551),(0.0967162656784058,
0.085074462890625,0.00352215600013733),(0.0967162656784058,0.085074462890625,
0.00647784423828125),(0.0967865386009217,0.0820532598495483,0.00352792310714722),
(0.0967865386009217,0.0820532598495483,0.00647207593917847),(0.0967905540466309,
0.10530622959137,0.005),(0.0968212299346924,0.0852645111083984,0.00356823897361755),
(0.0968212299346924,0.0852645111083984,0.00643175983428955),(0.096840895652771,
0.0941760282516479,0.005),(0.0969388060569763,0.0854456071853638,0.00361960601806641),
(0.0969388060569763,0.0854456071853638,0.00638039302825928),(0.0969533796310425,
0.0817911720275879,0.00359667801856995),(0.0969533796310425,0.0817911720275879,
0.00640332078933716),(0.0970351190567017,0.0935035791397095,0.005),(0.0970371060371399,
0.0861636090278625,0.005),(0.0970895109176636,0.0973712968826294,0.),(0.0970895109176636,
0.0973712968826294,0.01),(0.09712091588974,0.0932279620170593,0.005),(0.0971420736312866,
0.0835459880828857,0.00154736804962158),(0.0971420736312866,0.0835459880828857,
0.00845263195037842),(0.0971421127319336,0.0837709012031555,0.00155064392089844),
(0.0971421127319336,0.0837709012031555,0.00844935512542725),(0.0971547956466675,
0.0833506140708923,0.00154985094070435),(0.0971547956466675,0.0833506140708923,
0.0084501485824585),(0.097157717704773,0.0839951019287109,0.00156041383743286),
(0.097157717704773,0.0839951019287109,0.00843958568572998),(0.0971792697906494,
0.0831564750671387,0.00155726385116577),(0.0971792697906494,0.0831564750671387,
0.00844273567199707),(0.0971874566078186,0.0842100801467895,0.00157595491409302),
(0.0971874566078186,0.0842100801467895,0.00842404460906982),(0.0972153267860413,
0.0829643898010254,0.00156954503059387),(0.0972153267860413,0.0829643898010254,
0.00843045425415039),(0.0972314419746399,0.0844220752716064,0.00159740591049195),
(0.0972314419746399,0.0844220752716064,0.0084025936126709),(0.0972323098182678,
0.092961776971817,0.005),(0.0972627968788147,0.0827751798629761,0.00158663702011108),
(0.0972627968788147,0.0827751798629761,0.00841336345672608),(0.0972895197868347,
0.0846299481391907,0.00162468504905701),(0.0972895197868347,0.0846299481391907,
0.0083753137588501),(0.0973215098381043,0.0825896639823913,0.00160847997665405),
(0.0973215098381043,0.0825896639823913,0.00839151954650879),(0.097356321811676,
0.103378293037415,0.),(0.097356321811676,0.103378293037415,0.01),(0.0973614678382874,
0.084832585811615,0.00165768384933472),(0.0973614678382874,0.084832585811615,
0.00834231472015381),(0.0973689217567444,0.0927075610160828,0.005),(0.097391294002533,
0.0824086632728576,0.00163501405715942),(0.097391294002533,0.0824086632728576,
0.00836498546600342),(0.0974135527610779,0.0937318971157074,0.00361960601806641),
(0.0974135527610779,0.0937318971157074,0.00638039302825928),(0.0974237327575684,
0.105009348869324,0.005),(0.0974468250274658,0.0850289669036865,0.00169619417190551),
(0.0974468250274658,0.0850289669036865,0.00830380535125732),(0.0974697618484497,
0.0966390342712402,0.),(0.0974697618484497,0.0966390342712402,0.01),(0.0974718680381775,
0.0822329459190368,0.00166613292694092),(0.0974718680381775,0.0822329459190368,
0.00833386611938476),(0.0974955568313599,0.0866925070285797,0.005),(0.0975115985870362,
0.0935395250320434,0.00356823897361755),(0.0975115985870362,0.0935395250320434,
0.00643175983428955),(0.0975223469734192,0.103694096565247,0.00120718717575073),
(0.0975223469734192,0.103694096565247,0.00879281234741211),(0.0975228457450867,
0.0855855932235718,0.00250397610664367),(0.0975228457450867,0.0855855932235718,
0.00749602317810059),(0.0975298290252686,0.0924682681560516,0.005),(0.0975450749397278,
0.0852180948257446,0.00173998689651489),(0.0975450749397278,0.0852180948257446,
0.00826001167297363),(0.0975628166198731,0.0820632152557373,0.00170167303085327),
(0.0975628166198731,0.0820632152557373,0.00829832553863525),(0.0975843420028687,
0.0943076829910278,0.00250397610664367),(0.0975843420028687,0.0943076829910278,
0.00749602317810059),(0.097623703956604,0.093353600025177,0.00352215600013733),
(0.097623703956604,0.093353600025177,0.00647784423828125),(0.0976397800445557,
0.0815614938735962,0.00250397610664367),(0.0976397800445557,0.0815614938735962,
0.00749602317810059),(0.0976556997299195,0.0853989691734314,0.00178883004188538),
(0.0976556997299195,0.0853989691734314,0.00821116924285888),(0.0976922039985657,
0.104017190933228,0.00244225788116455),(0.0976922039985657,0.104017190933228,
0.00755774116516113),(0.0977139797210694,0.0922463941574097,0.005),(0.09772811460495,
0.0818068656921387,0.00176702404022217),(0.09772811460495,0.0818068656921387,
0.00823297595977783),(0.0977492489814758,0.0931751401424408,0.00348160791397095),
(0.0977492489814758,0.0931751401424408,0.00651839113235473),(0.0977860579490662,
0.0838034629821777,0.),(0.0977860579490662,0.0838034629821777,0.01),(0.097786159992218,
0.0835317311286926,0.),(0.097786159992218,0.0835317311286926,0.01),(0.0978091740608216,
0.0958869709968567,0.),(0.0978091740608216,0.0958869709968567,0.01),(0.0978123898506165,
0.094329427242279,0.00178883004188538),(0.0978123898506165,0.094329427242279,
0.00821116924285888),(0.0978124127388001,0.0840733480453491,0.),(0.0978124127388001,
0.0840733480453491,0.01),(0.0978129649162293,0.083260507106781,0.),(0.0978129649162293,
0.083260507106781,0.01),(0.0978648686408997,0.0843397579193115,0.),(0.0978648686408997,
0.0843397579193115,0.01),(0.0978659896850586,0.082994056224823,0.),(0.0978659896850586,
0.082994056224823,0.01),(0.0978660297393799,0.104347832679749,0.00370618796348572),
(0.0978660297393799,0.104347832679749,0.0062938117980957),(0.0978876175880432,
0.093005166053772,0.00344684910774231),(0.0978876175880432,0.093005166053772,
0.00655315017700196),(0.0979078750610352,0.0769400615692139,0.),(0.0979078750610352,
0.0769400615692139,0.01),(0.097913718700409,0.0941431851387024,0.00173998689651489),
(0.097913718700409,0.0941431851387024,0.00826001167297363),(0.0979189596176148,
0.0920452930927276,0.005),(0.0979259786605835,0.0872444560527801,0.005),
(0.0979430189132691,0.0846009192466736,0.),(0.0979430189132691,0.0846009192466736,
0.01),(0.0979445548057556,0.082734169960022,0.),(0.0979445548057556,0.082734169960022,
0.01),(0.0980283842086792,0.0939635350704193,0.00169619417190551),(0.0980283842086792,
0.0939635350704193,0.00830380535125732),(0.0980381412506104,0.0928446590900421,
0.00341810488700867),(0.0980381412506104,0.0928446590900421,0.00658189392089844),
(0.0980439624786377,0.104686289787292,0.005),(0.0980454444885254,0.0848530220985412,
0.),(0.0980454444885254,0.0848530220985412,0.01),(0.0980479965209961,0.0824823889732361,
0.),(0.0980479965209961,0.0824823889732361,0.01),(0.0980983572006226,0.0766383790969849,
0.00120718717575073),(0.0980983572006226,0.0766383790969849,0.00879281234741211),
(0.0981067190170288,0.0951173820495605,0.),(0.0981067190170288,0.0951173820495605,
0.01),(0.0981433401107788,0.0918665500879288,0.005),(0.0981557769775391,
0.0937914230823517,0.00165768384933472),(0.0981557769775391,0.0937914230823517,
0.00834231472015381),(0.0981707468032837,0.0850940408706665,0.),(0.0981707468032837,
0.0850940408706665,0.01),(0.0981751031875611,0.0822411751747131,0.),(0.0981751031875611,
0.0822411751747131,0.01),(0.0981999320983887,0.0926944310665131,0.00339549708366394),
(0.0981999320983887,0.0926944310665131,0.00660450220108032),(0.0982093915939331,
0.094864679813385,0.),(0.0982093915939331,0.094864679813385,0.01),(0.0982932367324829,
0.0763297309875488,0.00244225788116455),(0.0982932367324829,0.0763297309875488,
0.00755774116516113),(0.0982952919006348,0.0936277949810028,0.00162468504905701),
(0.0982952919006348,0.0936277949810028,0.0083753137588501),(0.0983177423477173,
0.0853227820396423,0.),(0.0983177423477173,0.0853227820396423,0.01),(0.0983238601684571,
0.0820134272575378,0.),(0.0983238601684571,0.0820134272575378,0.01),(0.0983272151947022,
0.0878179719448089,0.005),(0.0983339891433716,0.0946230058670044,0.),(0.0983339891433716,
0.0946230058670044,0.01),(0.0983720378875733,0.0925552449226379,0.00337911200523376),
(0.0983720378875733,0.0925552449226379,0.00662088823318482),(0.0983857917785645,
0.0917116219997406,0.005),(0.0984462766647339,0.093473562002182,0.00159740591049195),
(0.0984462766647339,0.093473562002182,0.0084025936126709),(0.0984800672531128,
0.0943939828872681,0.),(0.0984800672531128,0.0943939828872681,0.01),(0.0984852542877197,
0.0855380511283874,0.),(0.0984852542877197,0.0855380511283874,0.01),(0.0984926681518555,
0.0760138721466064,0.00370618796348572),(0.0984926681518555,0.0760138721466064,
0.0062938117980957),(0.0984929246902466,0.0818002271652221,0.),(0.0984929246902466,
0.0818002271652221,0.01),(0.0985598192214966,0.0924237611293793,0.00336880993843078),
(0.0985598192214966,0.0924237611293793,0.00663118982315064),(0.0985714597702027,
0.0773656587600708,0.),(0.0985714597702027,0.0773656587600708,0.01),(0.0986078767776489,
0.0933294720649719,0.00157595491409302),(0.0986078767776489,0.0933294720649719,
0.00842404460906982),(0.0986432161331177,0.0915827490091324,0.005),(0.0986471815109253,
0.0941792268753052,0.),(0.0986471815109253,0.0941792268753052,0.01),(0.0986809730529785,
0.0816026239395141,0.),(0.0986809730529785,0.0816026239395141,0.01),(0.0986968126296997,
0.0756905488967895,0.005),(0.0986981868743897,0.08841151201725,0.005),(0.0987565612792969,
0.092305743932724,0.00336535310745239),(0.0987565612792969,0.092305743932724,
0.00663464593887329),(0.098779185295105,0.0931962280273437,0.00156041383743286),
(0.098779185295105,0.0931962280273437,0.00843958568572998),(0.0988342781066895,
0.093980966091156,0.),(0.0988342781066895,0.093980966091156,0.01),(0.0989116735458374,
0.0914816700220108,0.005),(0.0989342622756958,0.092214595079422,0.00336797308921814),
(0.0989342622756958,0.092214595079422,0.00663202619552612),(0.0989655447006226,
0.0930706131458282,0.00155064392089844),(0.0989655447006226,0.0930706131458282,
0.00844935512542725),(0.0990029649734497,0.086180526971817,0.),(0.0990029649734497,
0.086180526971817,0.01),(0.0990378971099854,0.0890234830379486,0.005),(0.0990387678146362,
0.0938023331165314,0.),(0.0990387678146362,0.0938023331165314,0.01),(0.0991171159744263,
0.0921345801353455,0.00337579011917114),(0.0991171159744263,0.0921345801353455,
0.00662420892715454),(0.0991603059768677,0.0929581229686737,0.00154736804962158),
(0.0991603059768677,0.0929581229686737,0.00845263195037842),(0.0991839447021485,
0.0892610330581665,0.005),(0.0991892061233521,0.0914087260961532,0.005),
(0.0992121906280518,0.0778249406814575,0.),(0.0992121906280518,0.0778249406814575,
0.01),(0.0992593183517456,0.0936445670127869,0.),(0.0992593183517456,0.0936445670127869,
0.01),(0.0992867012023926,0.0760661506652832,0.005),(0.0993042802810669,
0.0920659890174866,0.00338873910903931),(0.0993042802810669,0.0920659890174866,
0.00661125993728637),(0.099335865020752,0.0928714530467987,0.00154985094070435),
(0.099335865020752,0.0928714530467987,0.0084501485824585),(0.0993611927032471,
0.0894758050441742,0.005),(0.0994738426208496,0.0913642550706863,0.005),
(0.099484564781189,0.0868504979610443,0.),(0.099484564781189,0.0868504979610443,
0.01),(0.0994946956634522,0.0935087890625,0.),(0.0994946956634522,0.0935087890625,
0.01),(0.0994949150085449,0.0920091140270233,0.00340675592422486),(0.0994949150085449,
0.0920091140270233,0.00659324312210083),(0.0995162324905396,0.092795578956604,
0.00155726385116577),(0.0995162324905396,0.092795578956604,0.00844273567199707),
(0.0995665082931519,0.0896652180254459,0.005),(0.0996881790161133,0.0919642430543899,
0.00342977499961853),(0.0996881790161133,0.0919642430543899,0.00657022476196289),
(0.099700611114502,0.0927307629585266,0.00156954503059387),(0.099700611114502,
0.0927307629585266,0.00843045425415039),(0.0997423524856568,0.0892052030563354,
0.00321623802185059),(0.0997423524856568,0.0892052030563354,0.0067837610244751),
(0.0997429857254029,0.0933963911533356,0.),(0.0997429857254029,0.0933963911533356,
0.01),(0.0997614250183106,0.0913485870361328,0.005),(0.0997950296401978,
0.0898257060348987,0.005),(0.0998283596038819,0.0783166837692261,0.),(0.0998283596038819,
0.0783166837692261,0.01),(0.0998575601577759,0.0893832710385322,0.00325802111625672),
(0.0998575601577759,0.0893832710385322,0.00674197816848755),(0.0998603916168213,
0.0764660549163818,0.005),(0.0998832321166992,0.0919316650629043,0.00345773005485535),
(0.0998832321166992,0.0919316650629043,0.00654226922988892),(0.0998882074356079,
0.0926772680282593,0.00158663702011108),(0.0998882074356079,0.0926772680282593,
0.00841336345672608),(0.0999285974502564,0.0875459361076355,0.),(0.0999285974502564,
0.0875459361076355,0.01),(0.0999903392791748,0.0895470610260963,0.00330561590194702),
(0.0999903392791748,0.0895470610260963,0.00669438314437866),(0.100000250816345,
0.0933090860843658,0.),(0.100000250816345,0.0933090860843658,0.01),(0.100042491912842,
0.0899551900401711,0.005),(0.100048535346985,0.0913612760305405,0.005),
(0.100078225135803,0.0926353571414947,0.00160847997665405),(0.100078225135803,
0.0926353571414947,0.00839151954650879),(0.100079221725464,0.0919115370512009,
0.0034905059337616),(0.100079221725464,0.0919115370512009,0.00650949287414551),
(0.100139152526855,0.0896946680247784,0.00335847091674805),(0.100139152526855,
0.0896946680247784,0.00664152812957763),(0.100264601707459,0.0932471830844879,
0.),(0.100264601707459,0.0932471830844879,0.01),(0.100269867897034,0.0926052911281586,
0.00163501405715942),(0.100269867897034,0.0926052911281586,0.00836498546600342),
(0.100275279045105,0.0919038560390472,0.00352792310714722),(0.100275279045105,
0.0919038560390472,0.00647207593917847),(0.100304908752441,0.0900521760396659,
0.005),(0.100311231613159,0.0898307590335607,0.00341912198066712),(0.100311231613159,
0.0898307590335607,0.00658087682723999),(0.100333318710327,0.0914015820026398,
0.005),(0.100333717346191,0.08826473903656,0.),(0.100333717346191,0.08826473903656,
0.01),(0.100416884422302,0.0768895645141601,0.005),(0.100418325424194,0.0788395767211914,
0.),(0.100418325424194,0.0788395767211914,0.01),(0.100462330818176,0.0925872120857239,
0.00166613292694092),(0.100462330818176,0.0925872120857239,0.00833386611938476),
(0.100469030380249,0.0899298670366406,0.00347439193725586),(0.100469030380249,
0.0899298670366406,0.00652560710906983),(0.100534371376038,0.0932108759880066,
0.),(0.100534371376038,0.0932108759880066,0.01),(0.100577138900757,0.0901152210384607,
0.005),(0.100585674285889,0.0919173010587692,0.00359667801856995),(0.100585674285889,
0.0919173010587692,0.00640332078933716),(0.100613914489746,0.0914687660932541,
0.005),(0.100635248184204,0.0900123080387711,0.00353231406211853),(0.100635248184204,
0.0900123080387711,0.00646768617630005),(0.100654795646668,0.0925811100006103,
0.00170167303085327),(0.100654795646668,0.0925811100006103,0.00829832553863525),
(0.100698702812195,0.0890047300457954,0.),(0.100698702812195,0.0890047300457954,
0.01),(0.10080682182312,0.093200345993042,0.),(0.10080682182312,0.093200345993042,
0.01),(0.100808313369751,0.0900772860348225,0.00359233903884888),(0.100808313369751,
0.0900772860348225,0.00640766096115112),(0.100839037895203,0.0892589010596275,
0.),(0.100839037895203,0.0892589010596275,0.01),(0.10085538482666,0.0901437460333109,
0.005),(0.100955208778381,0.0773359403610229,0.005),(0.100959450721741,
0.0925960879325867,0.00176702404022217),(0.100959450721741,0.0925960879325867,
0.00823297595977783),(0.100970401763916,0.0778586626052856,0.00370872688293457),
(0.100970401763916,0.0778586626052856,0.00629127216339111),(0.100979683876038,
0.0783756265640259,0.00244494891166687),(0.100979683876038,0.0783756265640259,
0.00755505084991455),(0.100980513572693,0.0793922262191772,0.),(0.100980513572693,
0.0793922262191772,0.01),(0.100983054161072,0.0788868179321289,0.00120869588851929),
(0.100983054161072,0.0788868179321289,0.00879130363464356),(0.100986616134644,
0.0901241350397468,0.0036539089679718),(0.100986616134644,0.0901241350397468,
0.00634609079360962),(0.101014570236206,0.089489836037159,0.),(0.101014570236206,
0.089489836037159,0.01),(0.101078434944153,0.0932152991294861,0.),(0.101078434944153,
0.0932152991294861,0.01),(0.101127781867981,0.0923969030380249,0.00250397610664367),
(0.101127781867981,0.0923969030380249,0.00749602317810059),(0.101133731842041,
0.0901485460400581,0.00370451593399048),(0.101133731842041,0.0901485460400581,
0.0062954831123352),(0.101221688270569,0.0896941200494766,0.),(0.101221688270569,
0.0896941200494766,0.01),(0.101347604751587,0.0932551140785217,0.),(0.101347604751587,
0.0932551140785217,0.01),(0.101454834938049,0.0898674140423536,0.),(0.101454834938049,
0.0898674140423536,0.01),(0.101612758636475,0.0933191659450531,0.),(0.101612758636475,
0.0933191659450531,0.01),(0.101709736824036,0.0900075760381296,0.),(0.101709736824036,
0.0900075760381296,0.01),(0.101981204032898,0.0901124320402741,0.),(0.101981204032898,
0.0901124320402741,0.01),(0.102263753890991,0.0901804650425911,0.),(0.102263753890991,
0.0901804650425911,0.01),(0.102553249359131,0.0902109940350056,0.),(0.102553249359131,
0.0902109940350056,0.01),(0.10467684841156,0.0942054448127747,0.),(0.10467684841156,
0.0942054448127747,0.01),(0.104874361991882,0.0934422481060028,0.),(0.104874361991882,
0.0934422481060028,0.01),(0.105032217979431,0.0926698739528656,0.),(0.105032217979431,
0.0926698739528656,0.01),(0.105115814208984,0.0939549419879913,0.00120869588851929),
(0.105115814208984,0.0939549419879913,0.00879130363464356),(0.105149994850159,
0.0918903810977936,0.),(0.105149994850159,0.0918903810977936,0.01),(0.105227377891541,
0.0911058480739593,0.),(0.105227377891541,0.0911058480739593,0.01),(0.105264163017273,
0.0903183660507202,0.),(0.105264163017273,0.0903183660507202,0.01),(0.105556834220886,
0.0936964271068573,0.00244494891166687),(0.105556834220886,0.0936964271068573,
0.00755505084991455),(0.105620668411255,0.0903324860334396,0.00120718717575073),
(0.105620668411255,0.0903324860334396,0.00879281234741211),(0.105985404968262,
0.0903469320237636,0.00244225788116455),(0.105985404968262,0.0903469320237636,
0.00755774116516113),(0.1059998960495,0.093429906129837,0.00370872688293457),
(0.1059998960495,0.093429906129837,0.00629127216339111),(0.106358661651611,
0.0903617160320282,0.00370618796348572),(0.106358661651611,0.0903617160320282,
0.0062938117980957),(0.106444988250732,0.0931553869247436,0.005),(0.106562400817871,
0.0924659929275513,0.005),(0.106650924682617,0.0917722980976105,0.005),
(0.106710403442383,0.0910755120515823,0.005),(0.106740741729736,0.0903768490254879,
0.005)));
#158=COORDINATES_LIST('',152,((0.0964389929771424,0.0836105351448059,0.005),
(0.09644868516922,0.0840841512680054,0.005),(0.0964805641174317,0.0831386470794678,
0.005),(0.0965095281600953,0.084553943157196,0.005),(0.0965729112625123,
0.0826740202903748,0.005),(0.0966208081245423,0.0850144028663635,0.005),
(0.096714951992035,0.0822221012115479,0.005),(0.0967812204360963,0.0854601321220398,
0.005),(0.0969050211906434,0.0817881889343262,0.005),(0.0969888830184937,
0.0858859052658081,0.005),(0.0971408910751343,0.0813773698806763,0.005),
(0.0972413630485535,0.0862867290973663,0.005),(0.097419795036316,0.0809944620132446,
0.005),(0.0975356993675233,0.0866579060554504,0.005),(0.0977384634017945,
0.0806439523696899,0.005),(0.0978684420585633,0.0869950840473175,0.005),
(0.097983823299408,0.0836234488487244,0.),(0.097983823299408,0.0836234488487244,
0.01),(0.0979911251068116,0.084001543045044,0.),(0.0979911251068116,0.084001543045044,
0.01),(0.0980269808769227,0.0832477560043335,0.),(0.0980269808769227,0.0832477560043335,
0.01),(0.0980487570762635,0.0843752899169922,0.),(0.0980487570762635,0.0843752899169922,
0.01),(0.0980931611061097,0.0803299522399902,0.005),(0.0981198296546937,
0.082881166934967,0.),(0.0981198296546937,0.082881166934967,0.01),(0.0981556887626649,
0.0847380208969116,0.),(0.0981556887626649,0.0847380208969116,0.01),(0.0982356896400452,
0.0872943091392517,0.005),(0.0982607111930848,0.0825302238464355,0.),(0.0982607111930848,
0.0825302238464355,0.01),(0.098310016155243,0.0850832619667053,0.),(0.098310016155243,
0.0850832619667053,0.01),(0.098447111606598,0.0822011909484863,0.),(0.098447111606598,
0.0822011909484863,0.01),(0.0984797291755677,0.0800561428070068,0.005),
(0.0985089812278748,0.0854048528671265,0.),(0.0985089812278748,0.0854048528671265,
0.01),(0.0986331353187562,0.0875520741939545,0.005),(0.0986757044792176,
0.0818999376296997,0.),(0.0986757044792176,0.0818999376296997,0.01),(0.098749035358429,
0.0856970562934875,0.),(0.098749035358429,0.0856970562934875,0.01),(0.0988936343193055,
0.0798257331848145,0.005),(0.0989424109458924,0.0816318416595459,0.),(0.0989424109458924,
0.0816318416595459,0.01),(0.0990258946418763,0.0859546551704407,0.),(0.0990258946418763,
0.0859546551704407,0.01),(0.0990561213493348,0.0877653560638428,0.005),
(0.0992424712181092,0.0814016847610474,0.),(0.0992424712181092,0.0814016847610474,
0.01),(0.0993300251960755,0.0796414251327515,0.005),(0.0993346180915833,
0.0861730539798737,0.),(0.0993346180915833,0.0861730539798737,0.01),(0.0994996876716614,
0.0879316549301147,0.005),(0.0995705313682557,0.0812135772705078,0.),(0.0995705313682557,
0.0812135772705078,0.01),(0.0996696963310242,0.0863483550548554,0.),(0.0996696963310242,
0.0863483550548554,0.01),(0.0997837853431702,0.0795053806304932,0.005),
(0.0999207367897034,0.0810708732604981,0.),(0.0999207367897034,0.0810708732604981,
0.01),(0.0999586338996888,0.0880490212440491,0.005),(0.100025149822235,
0.0864774310588837,0.),(0.100025149822235,0.0864774310588837,0.01),(0.100249594211578,
0.079419192314148,0.005),(0.100286838054657,0.0809761199951172,0.),(0.100286838054657,
0.0809761199951172,0.01),(0.100394636631012,0.0865579771995545,0.),(0.100394636631012,
0.0865579771995545,0.01),(0.100427579402924,0.0881160793304443,0.005),(0.100662301540375,
0.0809310092926025,0.),(0.100662301540375,0.0809310092926025,0.01),(0.100721991062164,
0.0793838729858398,0.005),(0.100771563053131,0.0865885581970215,0.),(0.100771563053131,
0.0865885581970215,0.01),(0.100901025295258,0.0881320419311523,0.005),(0.10104042673111,
0.0809363460540772,0.),(0.10104042673111,0.0809363460540772,0.01),(0.10114920091629,
0.08656862616539,0.),(0.10114920091629,0.08656862616539,0.01),(0.101195437908173,
0.0793998365402222,0.005),(0.101373422145844,0.0880967221260071,0.005),
(0.101414469242096,0.0809920339584351,0.),(0.101414469242096,0.0809920339584351,
0.01),(0.101520813465118,0.0864985380172729,0.),(0.101520813465118,0.0864985380172729,
0.01),(0.101664382457733,0.079466893196106,0.005),(0.10177775144577,0.0810970792770386,
0.),(0.10177775144577,0.0810970792770386,0.01),(0.101839231014252,0.088010534286499,
0.005),(0.101879768848419,0.0863795440196991,0.),(0.101879768848419,0.0863795440196991,
0.01),(0.102123327732086,0.0795842590332031,0.005),(0.10212379026413,0.0812496089935303,
0.),(0.10212379026413,0.0812496089935303,0.01),(0.102219660282135,0.0862137680053711,
0.),(0.102219660282135,0.0862137680053711,0.01),(0.102292991161346,0.0878744888305664,
0.005),(0.10244641160965,0.0814468994140625,0.),(0.10244641160965,0.0814468994140625,
0.01),(0.102534423351288,0.0860041670799255,0.),(0.102534423351288,0.0860041670799255,
0.01),(0.102566895008087,0.0797505588531494,0.005),(0.102729382038117,0.087690181016922,
0.005),(0.102739858150482,0.081685432434082,0.),(0.102739858150482,0.081685432434082,
0.01),(0.102818440914154,0.0857544832229614,0.),(0.102818440914154,0.0857544832229614,
0.01),(0.102989881038666,0.0799638404846191,0.005),(0.102998892307282,0.0819609470367432,
0.),(0.102998892307282,0.0819609470367432,0.01),(0.103066645145416,0.0854691710472107,
0.),(0.103066645145416,0.0854691710472107,0.01),(0.103143287181854,0.0874597721099854,
0.005),(0.103218893527985,0.0822685313224792,0.),(0.103218893527985,0.0822685313224792,
0.01),(0.103274606227875,0.0851533231735229,0.),(0.103274606227875,0.0851533231735229,
0.01),(0.103387327671051,0.0802216053009033,0.005),(0.103395934581757,0.0826026940345764,
0.),(0.103395934581757,0.0826026940345764,0.01),(0.103438613414764,0.0848125739097595,
0.),(0.103438613414764,0.0848125739097595,0.01),(0.103526856899262,0.0829574718475342,
0.),(0.103526856899262,0.0829574718475342,0.01),(0.103529855251312,0.0871859622001648,
0.005),(0.103555738925934,0.0844530053138733,0.),(0.103555738925934,0.0844530053138733,
0.01),(0.10360932302475,0.0833265342712402,0.),(0.10360932302475,0.0833265342712402,
0.01),(0.10362389421463,0.0840810332298279,0.),(0.10362389421463,0.0840810332298279,
0.01),(0.1036418633461,0.0837032961845398,0.),(0.1036418633461,0.0837032961845398,
0.01),(0.103754574298859,0.0805208311080933,0.005),(0.10388455247879,0.0868719620704651,
0.005),(0.104087316989899,0.0808580083847046,0.005),(0.104203221797943,
0.0865214531421661,0.005),(0.104381654262543,0.0812291851043701,0.005),
(0.104482125759125,0.0861385440826416,0.005),(0.104634133815765,0.0816300096511841,
0.005),(0.104717995166779,0.085727725982666,0.005),(0.104841797351837,0.0820557823181152,
0.005),(0.104908064365387,0.0852938132286072,0.005),(0.10500220823288,0.0825015120506287,
0.005),(0.105050105571747,0.0848418941497803,0.005),(0.105113488674164,
0.082961971282959,0.005),(0.105142453670502,0.0843772683143616,0.005),(0.105174331188202,
0.0834317631721497,0.005),(0.10518402338028,0.0839053792953491,0.005)));
#159=COORDINATES_LIST('',3076,((0.0700000877380371,0.0900598090365529,0.002),
(0.0700000877380371,0.0900598090365529,0.008),(0.0700227279663086,0.0890467540621757,
0.002),(0.0700227279663086,0.0890467540621757,0.008),(0.0700246238708496,
0.0899999990383294,0.00168713092803955),(0.0700246238708496,0.0899999990383294,
0.00831286907196045),(0.0700287895202636,0.0910727109909058,0.002),(0.0700287895202636,
0.0910727109909058,0.008),(0.0700502624511719,0.0889882640838623,0.00168713092803955),
(0.0700502624511719,0.0889882640838623,0.00831286907196045),(0.0700502624511719,
0.0910117350816727,0.00168713092803955),(0.0700502624511719,0.0910117350816727,
0.00831286907196045),(0.0700966529846191,0.0880361460447311,0.002),(0.0700966529846191,
0.0880361460447311,0.008),(0.0700978851318359,0.0899999990383294,0.00138196611404419),
(0.0700978851318359,0.0899999990383294,0.00861803436279297),(0.0701087532043457,
0.092082859992981,0.002),(0.0701087532043457,0.092082859992981,0.008),(0.0701234321594238,
0.0889919739961624,0.00138196611404419),(0.0701234321594238,0.0889919739961624,
0.00861803436279297),(0.0701234321594238,0.0910080250501633,0.00138196611404419),
(0.0701234321594238,0.0910080250501633,0.00861803436279297),(0.0701271095275879,
0.0879791250228882,0.00168713092803955),(0.0701271095275879,0.0879791250228882,
0.00831286907196045),(0.0701271095275879,0.0920208749771118,0.00168713092803955),
(0.0701271095275879,0.0920208749771118,0.00831286907196045),(0.0701999969482422,
0.0879865369796753,0.00138196611404419),(0.0701999969482422,0.0879865369796753,
0.00861803436279297),(0.0701999969482422,0.0920134630203247,0.00138196611404419),
(0.0701999969482422,0.0920134630203247,0.00861803436279297),(0.0702179870605469,
0.0899999990383294,0.00109201908111572),(0.0702179870605469,0.0899999990383294,
0.00890798091888428),(0.0702216644287109,0.0870305781364441,0.002),(0.0702216644287109,
0.0870305781364441,0.008),(0.0702397804260254,0.0930876619815826,0.002),
(0.0702397804260254,0.0930876619815826,0.008),(0.0702433776855469,0.0889980570077896,
0.00109201908111572),(0.0702433776855469,0.0889980570077896,0.00890798091888428),
(0.0702433776855469,0.0910019420385361,0.00109201908111572),(0.0702433776855469,
0.0910019420385361,0.00890798091888428),(0.0702549743652343,0.086975172996521,
0.00168713092803955),(0.0702549743652343,0.086975172996521,0.00831286907196045),
(0.0702549743652343,0.0930248260498047,0.00168713092803955),(0.0702549743652343,
0.0930248260498047,0.00831286907196045),(0.0703194808959961,0.0879986870288849,
0.00109201908111572),(0.0703194808959961,0.0879986870288849,0.00890798091888428),
(0.0703194808959961,0.0920013120174408,0.00109201908111572),(0.0703194808959961,
0.0920013120174408,0.00890798091888428),(0.070327392578125,0.0869862670898437,
0.00138196611404419),(0.070327392578125,0.0869862670898437,0.00861803436279297),
(0.070327392578125,0.0930137319564819,0.00138196611404419),(0.070327392578125,
0.0930137319564819,0.00861803436279297),(0.070381965637207,0.0899999990383294,
0.000824429035186766),(0.070381965637207,0.0899999990383294,0.00917556953430176),
(0.0703974494934082,0.0860326330661774,0.002),(0.0703974494934082,0.0860326330661774,
0.008),(0.0704071464538574,0.0890063630342483,0.000824429035186766),(0.0704071464538574,
0.0890063630342483,0.00917556953430176),(0.0704071464538574,0.0909936360120773,
0.000824429035186766),(0.0704071464538574,0.0909936360120773,0.00917556953430176),
(0.0704215278625488,0.0940845370292664,0.002),(0.0704215278625488,0.0940845370292664,
0.008),(0.0704335212707519,0.0859789862632751,0.00168713092803955),(0.0704335212707519,
0.0859789862632751,0.00831286907196045),(0.0704335212707519,0.0940210132598877,
0.00168713092803955),(0.0704335212707519,0.0940210132598877,0.00831286907196045),
(0.0704461059570312,0.0870044541358948,0.00109201908111572),(0.0704461059570312,
0.0870044541358948,0.00890798091888428),(0.0704461059570312,0.0929955451488495,
0.00109201908111572),(0.0704461059570312,0.0929955451488495,0.00890798091888428),
(0.0704826202392578,0.0880152760744095,0.000824429035186766),(0.0704826202392578,
0.0880152760744095,0.00917556953430176),(0.0704826202392578,0.0919847230911255,
0.000824429035186766),(0.0704826202392578,0.0919847230911255,0.00917556953430176),
(0.0705052833557129,0.085993733882904,0.00138196611404419),(0.0705052833557129,
0.085993733882904,0.00861803436279297),(0.0705052833557129,0.0940062651634216,
0.00138196611404419),(0.0705052833557129,0.0940062651634216,0.00861803436279297),
(0.0705857849121093,0.0899999990383294,0.000585785865783691),(0.0705857849121093,
0.0899999990383294,0.00941421318054199),(0.0706081962585449,0.087029284954071,
0.000824429035186766),(0.0706081962585449,0.087029284954071,0.00917556953430176),
(0.0706081962585449,0.0929707140922546,0.000824429035186766),(0.0706081962585449,
0.0929707140922546,0.00917556953430176),(0.0706107025146484,0.0890166860222816,
0.000585785865783691),(0.0706107025146484,0.0890166860222816,0.00941421318054199),
(0.0706107025146484,0.090983313024044,0.000585785865783691),(0.0706107025146484,
0.090983313024044,0.00941421318054199),(0.0706229286193847,0.0860179100036621,
0.00109201908111572),(0.0706229286193847,0.0860179100036621,0.00890798091888428),
(0.0706229286193847,0.0939820890426636,0.00109201908111572),(0.0706229286193847,
0.0939820890426636,0.00890798091888428),(0.0706235542297363,0.0850448718070984,
0.002),(0.0706235542297363,0.0850448718070984,0.008),(0.0706535339355469,
0.0950709280967712,0.002),(0.0706535339355469,0.0950709280967712,0.008),
(0.070662296295166,0.0849931211471558,0.00168713092803955),(0.070662296295166,
0.0849931211471558,0.00831286907196045),(0.070662296295166,0.0950068778991699,
0.00168713092803955),(0.070662296295166,0.0950068778991699,0.00831286907196045),
(0.0706853942871093,0.0880358960628509,0.000585785865783691),(0.0706853942871093,
0.0880358960628509,0.00941421318054199),(0.0706853942871093,0.0919641029834747,
0.000585785865783691),(0.0706853942871093,0.0919641029834747,0.00941421318054199),
(0.0707332191467285,0.0850114850997925,0.00138196611404419),(0.0707332191467285,
0.0850114850997925,0.00861803436279297),(0.0707332191467285,0.0949885139465332,
0.00138196611404419),(0.0707332191467285,0.0949885139465332,0.00861803436279297),
(0.0707835464477539,0.0860509190559387,0.000824429035186766),(0.0707835464477539,
0.0860509190559387,0.00917556953430176),(0.0707835464477539,0.093949079990387,
0.000824429035186766),(0.0707835464477539,0.093949079990387,0.00917556953430176),
(0.0708096656799316,0.0870601489543915,0.000585785865783691),(0.0708096656799316,
0.0870601489543915,0.00941421318054199),(0.0708096656799316,0.0929398500919342,
0.000585785865783691),(0.0708096656799316,0.0929398500919342,0.00941421318054199),
(0.0708244285583496,0.0899999990383294,0.000381966114044191),(0.0708244285583496,
0.0899999990383294,0.00961803436279297),(0.0708490409851074,0.0890287730097771,
0.000381966114044191),(0.0708490409851074,0.0890287730097771,0.00961803436279297),
(0.0708490409851074,0.0909712260365486,0.000381966114044191),(0.0708490409851074,
0.0909712260365486,0.00961803436279297),(0.0708494873046875,0.0850415878295898,
0.00109201908111572),(0.0708494873046875,0.0850415878295898,0.00890798091888428),
(0.0708494873046875,0.0949584112167358,0.00109201908111572),(0.0708494873046875,
0.0949584112167358,0.00890798091888428),(0.0708993949890137,0.0840698308944702,
0.002),(0.0708993949890137,0.0840698308944702,0.008),(0.0709228134155273,
0.0880600399971008,0.000381966114044191),(0.0709228134155273,0.0880600399971008,
0.00961803436279297),(0.0709228134155273,0.0919399590492248,0.000381966114044191),
(0.0709228134155273,0.0919399590492248,0.00961803436279297),(0.0709352035522461,
0.0960443019866943,0.002),(0.0709352035522461,0.0960443019866943,0.008),
(0.0709407081604004,0.0840201082229614,0.00168713092803955),(0.0709407081604004,
0.0840201082229614,0.00831286907196045),(0.0709407081604004,0.0959798908233643,
0.00168713092803955),(0.0709407081604004,0.0959798908233643,0.00831286907196045),
(0.0709831962585449,0.0860919470787048,0.000585785865783691),(0.0709831962585449,
0.0860919470787048,0.00941421318054199),(0.0709831962585449,0.0939080519676209,
0.000585785865783691),(0.0709831962585449,0.0939080519676209,0.00941421318054199),
(0.0710082283020019,0.0850826902389526,0.000824429035186766),(0.0710082283020019,
0.0850826902389526,0.00917556953430176),(0.0710082283020019,0.094917308807373,
0.000824429035186766),(0.0710082283020019,0.094917308807373,0.00917556953430176),
(0.0710106124877929,0.0840420408248901,0.00138196611404419),(0.0710106124877929,
0.0840420408248901,0.00861803436279297),(0.0710106124877929,0.0959579582214355,
0.00138196611404419),(0.0710106124877929,0.0959579582214355,0.00861803436279297),
(0.0710455551147461,0.0870962860584259,0.000381966114044191),(0.0710455551147461,
0.0870962860584259,0.00961803436279297),(0.0710455551147461,0.0929037129878998,
0.000381966114044191),(0.0710455551147461,0.0929037129878998,0.00961803436279297),
(0.0710920181274414,0.0899999990383294,0.00021798610687256),(0.0710920181274414,
0.0899999990383294,0.00978201293945313),(0.0711162872314453,0.0890423260331154,
0.00021798610687256),(0.0711162872314453,0.0890423260331154,0.00978201293945313),
(0.0711162872314453,0.0909576730132103,0.00021798610687256),(0.0711162872314453,
0.0909576730132103,0.00978201293945313),(0.0711252059936524,0.0840779948234558,
0.00109201908111572),(0.0711252059936524,0.0840779948234558,0.00890798091888428),
(0.0711252059936524,0.0959220042228699,0.00109201908111572),(0.0711252059936524,
0.0959220042228699,0.00890798091888428),(0.0711890296936035,0.0880871109962463,
0.00021798610687256),(0.0711890296936035,0.0880871109962463,0.00978201293945313),
(0.0711890296936035,0.0919128880500793,0.00021798610687256),(0.0711890296936035,
0.0919128880500793,0.00978201293945313),(0.0712055435180664,0.0851337780952454,
0.000585785865783691),(0.0712055435180664,0.0851337780952454,0.00941421318054199),
(0.0712055435180664,0.0948662209510803,0.000585785865783691),(0.0712055435180664,
0.0948662209510803,0.00941421318054199),(0.0712169532775879,0.086139986038208,
0.000381966114044191),(0.0712169532775879,0.086139986038208,0.00961803436279297),
(0.0712169532775879,0.0938600130081177,0.000381966114044191),(0.0712169532775879,
0.0938600130081177,0.00961803436279297),(0.0712242698669433,0.0831100130081177,
0.002),(0.0712242698669433,0.0831100130081177,0.008),(0.071265811920166,
0.0970021600723267,0.002),(0.071265811920166,0.0970021600723267,0.008),
(0.0712680473327637,0.0830624461174011,0.00168713092803955),(0.0712680473327637,
0.0830624461174011,0.00831286907196045),(0.0712680473327637,0.0969375529289246,
0.00168713092803955),(0.0712680473327637,0.0969375529289246,0.00831286907196045),
(0.0712816619873047,0.0841270842552185,0.000824429035186766),(0.0712816619873047,
0.0841270842552185,0.00917556953430176),(0.0712816619873047,0.0958729152679443,
0.000824429035186766),(0.0712816619873047,0.0958729152679443,0.00917556953430176),
(0.07131005859375,0.0871368060111999,0.00021798610687256),(0.07131005859375,
0.0871368060111999,0.00978201293945313),(0.07131005859375,0.0928631930351257,
0.00021798610687256),(0.07131005859375,0.0928631930351257,0.00978201293945313),
(0.0713367500305176,0.0830878911018372,0.00138196611404419),(0.0713367500305176,
0.0830878911018372,0.00861803436279297),(0.0713367500305176,0.0969121079444885,
0.00138196611404419),(0.0713367500305176,0.0969121079444885,0.00861803436279297),
(0.071381965637207,0.0899999990383294,9.78860855102501E-5),(0.071381965637207,
0.0899999990383294,0.00990211296081543),(0.0714058609008789,0.0890570120215416,
9.78860855102501E-5),(0.0714058609008789,0.0890570120215416,0.00990211296081543),
(0.0714058609008789,0.0909429870247841,9.78860855102501E-5),(0.0714058609008789,
0.0909429870247841,0.00990211296081543),(0.0714365692138672,0.0851935949325561,
0.000381966114044191),(0.0714365692138672,0.0851935949325561,0.00961803436279297),
(0.0714365692138672,0.0948064050674439,0.000381966114044191),(0.0714365692138672,
0.0948064050674439,0.00961803436279297),(0.0714493751525879,0.0831296029090881,
0.00109201908111572),(0.0714493751525879,0.0831296029090881,0.00890798091888428),
(0.0714493751525879,0.0968703961372376,0.00109201908111572),(0.0714493751525879,
0.0968703961372376,0.00890798091888428),(0.0714761352539063,0.084188099861145,
0.000585785865783691),(0.0714761352539063,0.084188099861145,0.00941421318054199),
(0.0714761352539063,0.0958118991851807,0.000585785865783691),(0.0714761352539063,
0.0958118991851807,0.00941421318054199),(0.0714774894714355,0.0881164450645447,
9.78860855102501E-5),(0.0714774894714355,0.0881164450645447,0.00990211296081543),
(0.0714774894714355,0.091883553981781,9.78860855102501E-5),(0.0714774894714355,
0.091883553981781,0.00990211296081543),(0.0714790649414062,0.0861938509941101,
0.00021798610687256),(0.0714790649414062,0.0861938509941101,0.00978201293945313),
(0.0714790649414062,0.0938061480522156,0.00021798610687256),(0.0714790649414062,
0.0938061480522156,0.00978201293945313),(0.0715966644287109,0.0871807119846344,
9.78860855102501E-5),(0.0715966644287109,0.0871807119846344,0.00990211296081543),
(0.0715966644287109,0.0928192870616913,9.78860855102501E-5),(0.0715966644287109,
0.0928192870616913,0.00990211296081543),(0.0715973396301269,0.0821678810119629,
0.002),(0.0715973396301269,0.0821678810119629,0.008),(0.0716031455993652,
0.0831865539550781,0.000824429035186766),(0.0716031455993652,0.0831865539550781,
0.00917556953430176),(0.0716031455993652,0.0968134450912476,0.000824429035186766),
(0.0716031455993652,0.0968134450912476,0.00917556953430176),(0.0716434707641601,
0.0821225929260254,0.00168713092803955),(0.0716434707641601,0.0821225929260254,
0.00831286907196045),(0.0716434707641601,0.0978774061203003,0.00168713092803955),
(0.0716434707641601,0.0978774061203003,0.00831286907196045),(0.0716445121765136,
0.0979420442581177,0.002),(0.0716445121765136,0.0979420442581177,0.008),
(0.0716871299743652,0.0899999990383294,2.46229171752899E-5),(0.0716871299743652,
0.0899999990383294,0.00997537708282471),(0.0716956176757813,0.085260666847229,
0.00021798610687256),(0.0716956176757813,0.085260666847229,0.00978201293945313),
(0.0716956176757813,0.0947393321990967,0.00021798610687256),(0.0716956176757813,
0.0947393321990967,0.00978201293945313),(0.0717038345336914,0.0842595410346985,
0.000381966114044191),(0.0717038345336914,0.0842595410346985,0.00961803436279297),
(0.0717038345336914,0.0957404580116272,0.000381966114044191),(0.0717038345336914,
0.0957404580116272,0.00961803436279297),(0.071710636138916,0.0890724680423736,
2.46229171752899E-5),(0.071710636138916,0.0890724680423736,0.00997537708282471),
(0.071710636138916,0.0909275310635567,2.46229171752899E-5),(0.071710636138916,
0.0909275310635567,0.00997537708282471),(0.0717107963562011,0.0821514849662781,
0.00138196611404419),(0.0717107963562011,0.0821514849662781,0.00861803436279297),
(0.0717107963562011,0.0978485140800476,0.00138196611404419),(0.0717107963562011,
0.0978485140800476,0.00861803436279297),(0.0717630805969238,0.0862522170543671,
9.78860855102501E-5),(0.0717630805969238,0.0862522170543671,0.00990211296081543),
(0.0717630805969238,0.0937477819919586,9.78860855102501E-5),(0.0717630805969238,
0.0937477819919586,0.00990211296081543),(0.0717810897827148,0.0881473180055618,
2.46229171752899E-5),(0.0717810897827148,0.0881473180055618,0.00997537708282471),
(0.0717810897827148,0.0918526810407639,2.46229171752899E-5),(0.0717810897827148,
0.0918526810407639,0.00997537708282471),(0.0717942810058593,0.0832573418617248,
0.000585785865783691),(0.0717942810058593,0.0832573418617248,0.00941421318054199),
(0.0717942810058593,0.0967426571846008,0.000585785865783691),(0.0717942810058593,
0.0967426571846008,0.00941421318054199),(0.0718211631774903,0.0821988468170166,
0.00109201908111572),(0.0718211631774903,0.0821988468170166,0.00890798091888428),
(0.0718211631774903,0.0978011522293091,0.00109201908111572),(0.0718211631774903,
0.0978011522293091,0.00890798091888428),(0.0718983078002929,0.0872269229888916,
2.46229171752899E-5),(0.0718983078002929,0.0872269229888916,0.00997537708282471),
(0.0718983078002929,0.0927730760574341,2.46229171752899E-5),(0.0718983078002929,
0.0927730760574341,0.00997537708282471),(0.0719591522216797,0.0843396482467651,
0.00021798610687256),(0.0719591522216797,0.0843396482467651,0.00978201293945313),
(0.0719591522216797,0.0956603512763977,0.00021798610687256),(0.0719591522216797,
0.0956603512763977,0.00978201293945313),(0.0719718551635742,0.0822635130882263,
0.000824429035186766),(0.0719718551635742,0.0822635130882263,0.00917556953430176),
(0.0719718551635742,0.0977364859580994,0.000824429035186766),(0.0719718551635742,
0.0977364859580994,0.00917556953430176),(0.0719763069152832,0.0853333420753479,
9.78860855102501E-5),(0.0719763069152832,0.0853333420753479,0.00990211296081543),
(0.0719763069152832,0.0946666569709778,9.78860855102501E-5),(0.0719763069152832,
0.0946666569709778,0.00990211296081543),(0.072,0.0899919930379838,0.),(0.072,
0.0899919930379838,0.01),(0.072017650604248,0.0812458534240723,0.002),(0.072017650604248,
0.0812458534240723,0.008),(0.07201806640625,0.0833402242660522,0.000381966114044191),
(0.07201806640625,0.0833402242660522,0.00961803436279297),(0.07201806640625,
0.0966597752571106,0.000381966114044191),(0.07201806640625,0.0966597752571106,
0.00961803436279297),(0.0720250854492187,0.0909500030279159,0.),(0.0720250854492187,
0.0909500030279159,0.01),(0.0720259399414062,0.0890340060591698,0.),(0.0720259399414062,
0.0890340060591698,0.01),(0.0720619964599609,0.0863136460781097,2.46229171752899E-5),
(0.0720619964599609,0.0863136460781097,0.00997537708282471),(0.0720619964599609,
0.0936863529682159,2.46229171752899E-5),(0.0720619964599609,0.0936863529682159,
0.00997537708282471),(0.0720660171508789,0.0812029600143433,0.00168713092803955),
(0.0720660171508789,0.0812029600143433,0.00831286907196045),(0.0720660171508789,
0.0987970390319824,0.00168713092803955),(0.0720660171508789,0.0987970390319824,
0.00831286907196045),(0.072070327758789,0.0988615407943726,0.002),(0.072070327758789,
0.0988615407943726,0.008),(0.0721011238098145,0.0919053210020065,0.),(0.0721011238098145,
0.0919053210020065,0.01),(0.0721028251647949,0.0880787560939789,0.),(0.0721028251647949,
0.0880787560939789,0.01),(0.0721317939758301,0.0812352256774902,0.00138196611404419),
(0.0721317939758301,0.0812352256774902,0.00861803436279297),(0.0721317939758301,
0.0987647733688354,0.00138196611404419),(0.0721317939758301,0.0987647733688354,
0.00861803436279297),(0.0721591567993164,0.0823438911437988,0.000585785865783691),
(0.0721591567993164,0.0823438911437988,0.00941421318054199),(0.0721591567993164,
0.0976561079025269,0.000585785865783691),(0.0721591567993164,0.0976561079025269,
0.00941421318054199),(0.0722278976440429,0.0928552370071411,0.),(0.0722278976440429,
0.0928552370071411,0.01),(0.0722304458618164,0.0871289529800415,0.),(0.0722304458618164,
0.0871289529800415,0.01),(0.0722358016967773,0.0844264469146729,9.78860855102501E-5),
(0.0722358016967773,0.0844264469146729,0.00990211296081543),(0.0722358016967773,
0.0955735521316528,9.78860855102501E-5),(0.0722358016967773,0.0955735521316528,
0.00990211296081543),(0.0722396202087403,0.0812881164550781,0.00109201908111572),
(0.0722396202087403,0.0812881164550781,0.00890798091888428),(0.0722396202087403,
0.0987118825912476,0.00109201908111572),(0.0722396202087403,0.0987118825912476,
0.00890798091888428),(0.0722690010070801,0.0834331588745117,0.00021798610687256),
(0.0722690010070801,0.0834331588745117,0.00978201293945313),(0.0722690010070801,
0.096566840171814,0.00021798610687256),(0.0722690010070801,0.096566840171814,
0.00978201293945313),(0.0722717323303222,0.0854098329544067,2.46229171752899E-5),
(0.0722717323303222,0.0854098329544067,0.00997537708282471),(0.0722717323303222,
0.0945901660919189,2.46229171752899E-5),(0.0722717323303222,0.0945901660919189,
0.00997537708282471),(0.0723784599304199,0.0824380011558533,0.000381966114044191),
(0.0723784599304199,0.0824380011558533,0.00961803436279297),(0.0723784599304199,
0.0975619978904724,0.000381966114044191),(0.0723784599304199,0.0975619978904724,
0.00961803436279297),(0.0723868408203125,0.0813603324890137,0.000824429035186766),
(0.0723868408203125,0.0813603324890137,0.00917556953430176),(0.0723868408203125,
0.0986396675109863,0.000824429035186766),(0.0723868408203125,0.0986396675109863,
0.00917556953430176),(0.0724050483703614,0.0937970600128174,0.),(0.0724050483703614,
0.0937970600128174,0.01),(0.0724084320068359,0.0861872870922089,0.),(0.0724084320068359,
0.0861872870922089,0.01),(0.0724841194152832,0.0803462982177734,0.002),
(0.0724841194152832,0.0803462982177734,0.008),(0.0725269737243652,0.0845178022384643,
2.46229171752899E-5),(0.0725269737243652,0.0845178022384643,0.00997537708282471),
(0.0725269737243652,0.0954821968078613,2.46229171752899E-5),(0.0725269737243652,
0.0954821968078613,0.00997537708282471),(0.0725345954895019,0.0803059101104736,
0.00168713092803955),(0.0725345954895019,0.0803059101104736,0.00831286907196045),
(0.0725345954895019,0.099694088935852,0.00168713092803955),(0.0725345954895019,
0.099694088935852,0.00831286907196045),(0.0725408973693847,0.0835338592529297,
9.78860855102501E-5),(0.0725408973693847,0.0835338592529297,0.00990211296081543),
(0.0725408973693847,0.0964661402702332,9.78860855102501E-5),(0.0725408973693847,
0.0964661402702332,0.00990211296081543),(0.0725421714782715,0.0997582902908325,
0.002),(0.0725421714782715,0.0997582902908325,0.008),(0.0725698318481445,
0.0814500932693481,0.000585785865783691),(0.0725698318481445,0.0814500932693481,
0.00941421318054199),(0.0725698318481445,0.0985499057769775,0.000585785865783691),
(0.0725698318481445,0.0985499057769775,0.00941421318054199),(0.0725986557006836,
0.0803414649963379,0.00138196611404419),(0.0725986557006836,0.0803414649963379,
0.00861803436279297),(0.0725986557006836,0.0996585340499878,0.00138196611404419),
(0.0725986557006836,0.0996585340499878,0.00861803436279297),(0.0726243629455566,
0.0825435271263123,0.00021798610687256),(0.0726243629455566,0.0825435271263123,
0.00978201293945313),(0.0726243629455566,0.0974564719200134,0.00021798610687256),
(0.0726243629455566,0.0974564719200134,0.00978201293945313),(0.0726320724487304,
0.094728120803833,0.),(0.0726320724487304,0.094728120803833,0.01),(0.072636287689209,
0.0852564301490784,0.),(0.072636287689209,0.0852564301490784,0.01),(0.0727036628723144,
0.0803997497558594,0.00109201908111572),(0.0727036628723144,0.0803997497558594,
0.00890798091888428),(0.0727036628723144,0.0996002492904663,0.00109201908111572),
(0.0727036628723144,0.0996002492904663,0.00890798091888428),(0.0727840843200683,
0.0815551900863647,0.000381966114044191),(0.0727840843200683,0.0815551900863647,
0.00961803436279297),(0.0727840843200683,0.0984448089599609,0.000381966114044191),
(0.0727840843200683,0.0984448089599609,0.00961803436279297),(0.0728270683288574,
0.0836398439407349,2.46229171752899E-5),(0.0728270683288574,0.0836398439407349,
0.00997537708282471),(0.0728270683288574,0.0963601551055908,2.46229171752899E-5),
(0.0728270683288574,0.0963601551055908,0.00997537708282471),(0.0728470382690429,
0.0804793291091919,0.000824429035186766),(0.0728470382690429,0.0804793291091919,
0.00917556953430176),(0.0728470382690429,0.0995206699371338,0.000824429035186766),
(0.0728470382690429,0.0995206699371338,0.00917556953430176),(0.072890811920166,
0.0826578688621521,9.78860855102501E-5),(0.072890811920166,0.0826578688621521,
0.00990211296081543),(0.072890811920166,0.0973421301841736,9.78860855102501E-5),
(0.072890811920166,0.0973421301841736,0.00990211296081543),(0.0729083290100097,
0.0956457781791687,0.),(0.0729083290100097,0.0956457781791687,0.01),(0.0729133605957031,
0.084339017868042,0.),(0.0729133605957031,0.084339017868042,0.01),(0.0729955520629883,
0.0794715242385864,0.002),(0.0729955520629883,0.0794715242385864,0.008),
(0.0730021324157715,0.0902623200416565,0.005),(0.0730134925842285,0.0893255450129509,
0.005),(0.0730243301391602,0.0816730356216431,0.00021798610687256),(0.0730243301391602,
0.0816730356216431,0.00978201293945313),(0.0730243301391602,0.0983269634246826,
0.00021798610687256),(0.0730243301391602,0.0983269634246826,0.00978201293945313),
(0.0730252494812011,0.0805782432556152,0.000585785865783691),(0.0730252494812011,
0.0805782432556152,0.00941421318054199),(0.0730252494812011,0.0994217557907104,
0.000585785865783691),(0.0730252494812011,0.0994217557907104,0.00941421318054199),
(0.0730423965454101,0.0911982980966568,0.005),(0.0730480117797851,0.079433744430542,
0.00168713092803955),(0.0730480117797851,0.079433744430542,0.00831286907196045),
(0.0730480117797851,0.100566254615784,0.00168713092803955),(0.0730480117797851,
0.100566254615784,0.00831286907196045),(0.0730588264465332,0.100629989624023,
0.002),(0.0730588264465332,0.100629989624023,0.008),(0.0730764389038086,
0.0883908179998398,0.005),(0.0731101875305176,0.0794724979400635,0.00138196611404419),
(0.0731101875305176,0.0794724979400635,0.00861803436279297),(0.0731101875305176,
0.100527501106262,0.00138196611404419),(0.0731101875305176,0.100527501106262,
0.00861803436279297),(0.073134162902832,0.0921306369304657,0.005),(0.0731712455749511,
0.0827782130241394,2.46229171752899E-5),(0.0731712455749511,0.0827782130241394,
0.00997537708282471),(0.0731712455749511,0.0972217860221863,2.46229171752899E-5),
(0.0731712455749511,0.0972217860221863,0.00997537708282471),(0.0731907768249511,
0.0874609780311584,0.005),(0.0732121086120605,0.0795360269546509,0.00109201908111572),
(0.0732121086120605,0.0795360269546509,0.00890798091888428),(0.0732121086120605,
0.100463972091675,0.00109201908111572),(0.0732121086120605,0.100463972091675,
0.00890798091888428),(0.0732330360412597,0.0965474319458008,0.),(0.0732330360412597,
0.0965474319458008,0.01),(0.0732339057922363,0.0806940574645996,0.000381966114044191),
(0.0732339057922363,0.0806940574645996,0.00961803436279297),(0.0732339057922363,
0.0993059415817261,0.000381966114044191),(0.0732339057922363,0.0993059415817261,
0.00961803436279297),(0.0732388648986816,0.0834376530647278,0.),(0.0732388648986816,
0.0834376530647278,0.01),(0.0732771453857422,0.0930565061569214,0.005),
(0.0732846450805664,0.0818007259368896,9.78860855102501E-5),(0.0732846450805664,
0.0818007259368896,0.00990211296081543),(0.0732846450805664,0.098199273109436,
9.78860855102501E-5),(0.0732846450805664,0.098199273109436,0.00990211296081543),
(0.0733512687683106,0.079622766494751,0.000824429035186766),(0.0733512687683106,
0.079622766494751,0.00917556953430176),(0.0733512687683106,0.100377233505249,
0.000824429035186766),(0.0733512687683106,0.100377233505249,0.00917556953430176),
(0.0733561706542969,0.0865388479232788,0.005),(0.0734678688049316,0.0808239192962646,
0.00021798610687256),(0.0734678688049316,0.0808239192962646,0.00978201293945313),
(0.0734678688049316,0.099176079750061,0.00021798610687256),(0.0734678688049316,
0.099176079750061,0.00978201293945313),(0.0734709167480468,0.0939730920791626,
0.005),(0.0735242385864258,0.0797305793762207,0.000585785865783691),(0.0735242385864258,
0.0797305793762207,0.00941421318054199),(0.0735242385864258,0.100269419670105,
0.000585785865783691),(0.0735242385864258,0.100269419670105,0.00941421318054199),
(0.0735506362915039,0.0786237764358521,0.002),(0.0735506362915039,0.0786237764358521,
0.008),(0.0735586242675781,0.0819351196289062,2.46229171752899E-5),(0.0735586242675781,
0.0819351196289062,0.00997537708282471),(0.0735586242675781,0.0980648803710937,
2.46229171752899E-5),(0.0735586242675781,0.0980648803710937,0.00997537708282471),
(0.0735721092224121,0.0856272301673889,0.005),(0.0736049423217773,0.0785887022018433,
0.00168713092803955),(0.0736049423217773,0.0785887022018433,0.00831286907196045),
(0.0736049423217773,0.101411296844482,0.00168713092803955),(0.0736049423217773,
0.101411296844482,0.00831286907196045),(0.0736052665710449,0.0974305272102356,
0.),(0.0736052665710449,0.0974305272102356,0.01),(0.0736118850708008,0.0825548901557922,
0.),(0.0736118850708008,0.0825548901557922,0.01),(0.0736189727783203,0.101474402427673,
0.002),(0.0736189727783203,0.101474402427673,0.008),(0.0736650733947754,
0.0786305551528931,0.00138196611404419),(0.0736650733947754,0.0786305551528931,
0.00861803436279297),(0.0736650733947754,0.101369443893433,0.00138196611404419),
(0.0736650733947754,0.101369443893433,0.00861803436279297),(0.0737148895263672,
0.0948776111602783,0.005),(0.0737213859558105,0.0809646310806274,9.78860855102501E-5),
(0.0737213859558105,0.0809646310806274,0.00990211296081543),(0.0737213859558105,
0.0990353679656982,9.78860855102501E-5),(0.0737213859558105,0.0990353679656982,
0.00990211296081543),(0.0737267608642578,0.0798568124771118,0.000381966114044191),
(0.0737267608642578,0.0798568124771118,0.00961803436279297),(0.0737267608642578,
0.100143186569214,0.000381966114044191),(0.0737267608642578,0.100143186569214,
0.00961803436279297),(0.0737636451721191,0.078699164390564,0.00109201908111572),
(0.0737636451721191,0.078699164390564,0.00890798091888428),(0.0737636451721191,
0.101300834655762,0.00109201908111572),(0.0737636451721191,0.101300834655762,
0.00890798091888428),(0.0738379402160644,0.0847288918495178,0.005),(0.0738982353210449,
0.0787928400039673,0.000824429035186766),(0.0738982353210449,0.0787928400039673,
0.00917556953430176),(0.0738982353210449,0.101207159042358,0.000824429035186766),
(0.0738982353210449,0.101207159042358,0.00917556953430176),(0.0739538497924804,
0.0799983577728272,0.00021798610687256),(0.0739538497924804,0.0799983577728272,
0.00978201293945313),(0.0739538497924804,0.100001641273499,0.00021798610687256),
(0.0739538497924804,0.100001641273499,0.00978201293945313),(0.0739882049560547,
0.0811127281188965,2.46229171752899E-5),(0.0739882049560547,0.0811127281188965,
0.00997537708282471),(0.0739882049560547,0.0988872709274292,2.46229171752899E-5),
(0.0739882049560547,0.0988872709274292,0.00997537708282471),(0.0740083169937134,
0.0957673168182373,0.005),(0.0740239725112915,0.0982925586700439,0.),(0.0740239725112915,
0.0982925586700439,0.01),(0.0740313558578491,0.0816932306289673,0.),(0.0740313558578491,
0.0816932306289673,0.01),(0.074065523147583,0.0789092760086059,0.000585785865783691),
(0.074065523147583,0.0789092760086059,0.00941421318054199),(0.074065523147583,
0.10109072303772,0.000585785865783691),(0.074065523147583,0.10109072303772,
0.00941421318054199),(0.0741479454040527,0.0778052310943604,0.002),(0.0741479454040527,
0.0778052310943604,0.008),(0.0741528520584106,0.0838465609550476,0.005),
(0.074199912071228,0.0801517295837402,9.78860855102501E-5),(0.074199912071228,
0.0801517295837402,0.00990211296081543),(0.074199912071228,0.0998482694625854,
9.78860855102501E-5),(0.074199912071228,0.0998482694625854,0.00990211296081543),
(0.0742039566040039,0.077772952079773,0.00168713092803955),(0.0742039566040039,
0.077772952079773,0.00831286907196045),(0.0742039566040039,0.102227046966553,
0.00168713092803955),(0.0742039566040039,0.102227046966553,0.00831286907196045),
(0.0742211656570435,0.102289361000061,0.002),(0.0742211656570435,0.102289361000061,
0.008),(0.0742613925933838,0.0790456056594849,0.000381966114044191),(0.0742613925933838,
0.0790456056594849,0.00961803436279297),(0.0742613925933838,0.100954393386841,
0.000381966114044191),(0.0742613925933838,0.100954393386841,0.00961803436279297),
(0.0742618913650512,0.0778177967071533,0.00138196611404419),(0.0742618913650512,
0.0778177967071533,0.00861803436279297),(0.0742618913650512,0.102182202339172,
0.00138196611404419),(0.0742618913650512,0.102182202339172,0.00861803436279297),
(0.0743503103256225,0.0966395082473755,0.005),(0.0743568639755249,0.0778913106918335,
0.00109201908111572),(0.0743568639755249,0.0778913106918335,0.00890798091888428),
(0.0743568639755249,0.102108688354492,0.00109201908111572),(0.0743568639755249,
0.102108688354492,0.00890798091888428),(0.0744588890075683,0.0803131513595581,
2.46229171752899E-5),(0.0744588890075683,0.0803131513595581,0.00997537708282471),
(0.0744588890075683,0.0996868476867676,2.46229171752899E-5),(0.0744588890075683,
0.0996868476867676,0.00997537708282471),(0.0744810199737549,0.0791984710693359,
0.00021798610687256),(0.0744810199737549,0.0791984710693359,0.00978201293945313),
(0.0744810199737549,0.10080152797699,0.00021798610687256),(0.0744810199737549,
0.10080152797699,0.00978201293945313),(0.0744865350723267,0.0779916839599609,
0.000824429035186766),(0.0744865350723267,0.0779916839599609,0.00917556953430176),
(0.0744865350723267,0.102008315086365,0.000824429035186766),(0.0744865350723267,
0.102008315086365,0.00917556953430176),(0.0744879636764526,0.099131085395813,
0.),(0.0744879636764526,0.099131085395813,0.01),(0.0744960927963257,0.0808551177978516,
0.),(0.0744960927963257,0.0808551177978516,0.01),(0.0745020723342895,0.0897532610446215,
0.),(0.0745020723342895,0.0897532610446215,0.01),(0.0745136013031006,0.0906465390324593,
0.),(0.0745136013031006,0.0906465390324593,0.01),(0.0745158929824829,0.082982919216156,
0.005),(0.0745420265197754,0.0888608020544052,0.),(0.0745420265197754,0.0888608020544052,
0.01),(0.0745765743255615,0.0915376700162887,0.),(0.0745765743255615,0.0915376700162887,
0.01),(0.0746333303451538,0.0879721269607544,0.),(0.0746333303451538,0.0879721269607544,
0.01),(0.0746477108001709,0.0781164436340332,0.000585785865783691),(0.0746477108001709,
0.0781164436340332,0.00941421318054199),(0.0746477108001709,0.101883555412292,
0.000585785865783691),(0.0746477108001709,0.101883555412292,0.00941421318054199),
(0.074690782546997,0.0924236929416656,0.),(0.074690782546997,0.0924236929416656,
0.01),(0.0747189979553222,0.0793641080856323,9.78860855102501E-5),(0.0747189979553222,
0.0793641080856323,0.00990211296081543),(0.0747189979553222,0.100635890960693,
9.78860855102501E-5),(0.0747189979553222,0.100635890960693,0.00990211296081543),
(0.0747398328781128,0.0974915351867676,0.005),(0.0747756814956665,0.0870901880264282,
0.),(0.0747756814956665,0.0870901880264282,0.01),(0.0747859468460083,0.0770179891586304,
0.002),(0.0747859468460083,0.0770179891586304,0.008),(0.0748364238739014,
0.0782625179290772,0.000381966114044191),(0.0748364238739014,0.0782625179290772,
0.00961803436279297),(0.0748364238739014,0.101737481117249,0.000381966114044191),
(0.0748364238739014,0.101737481117249,0.00961803436279297),(0.0748435201644898,
0.0769885892868042,0.00168713092803955),(0.0748435201644898,0.0769885892868042,
0.00831286907196045),(0.0748435201644898,0.103011409759521,0.00168713092803955),
(0.0748435201644898,0.103011409759521,0.00831286907196045),(0.0748558464050293,
0.0933016641139984,0.),(0.0748558464050293,0.0933016641139984,0.01),(0.0748638639450073,
0.103072772026062,0.002),(0.0748638639450073,0.103072772026062,0.008),(0.0748991098403931,
0.0770363111495972,0.00138196611404419),(0.0748991098403931,0.0770363111495972,
0.00861803436279297),(0.0748991098403931,0.102963687896729,0.00138196611404419),
(0.0748991098403931,0.102963687896729,0.00861803436279297),(0.0749259576797486,
0.0821405868530273,0.005),(0.0749686059951782,0.086217915058136,0.),(0.0749686059951782,
0.086217915058136,0.01),(0.0749694652557373,0.0795384397506714,2.46229171752899E-5),
(0.0749694652557373,0.0795384397506714,0.00997537708282471),(0.0749694652557373,
0.100461559295654,2.46229171752899E-5),(0.0749694652557373,0.100461559295654,
0.00997537708282471),(0.0749902381896972,0.0771145401000977,0.00109201908111572),
(0.0749902381896972,0.0771145401000977,0.00890798091888428),(0.0749902381896972,
0.102885458946228,0.00109201908111572),(0.0749902381896972,0.102885458946228,
0.00890798091888428),(0.074995924949646,0.0999437274932861,0.),(0.074995924949646,
0.0999437274932861,0.01),(0.0750047769546509,0.0800429277420044,0.),(0.0750047769546509,
0.0800429277420044,0.01),(0.0750480270385742,0.0784263114929199,0.00021798610687256),
(0.0750480270385742,0.0784263114929199,0.00978201293945313),(0.0750480270385742,
0.10157368850708,0.00021798610687256),(0.0750480270385742,0.10157368850708,
0.00978201293945313),(0.0750712184906006,0.0941686682701111,0.),(0.0750712184906006,
0.0941686682701111,0.01),(0.0751146574020386,0.0772213516235352,0.000824429035186766),
(0.0751146574020386,0.0772213516235352,0.00917556953430176),(0.0751146574020386,
0.102778647422791,0.000824429035186766),(0.0751146574020386,0.102778647422791,
0.00917556953430176),(0.0751757001876831,0.0983208112716675,0.005),(0.0752114639282227,
0.0853582062721252,0.),(0.0752114639282227,0.0853582062721252,0.01),(0.07526930809021,
0.077354115486145,0.000585785865783691),(0.07526930809021,0.077354115486145,
0.00941421318054199),(0.07526930809021,0.102645884513855,0.000585785865783691),
(0.07526930809021,0.102645884513855,0.00941421318054199),(0.0752773103713989,
0.0786037893295288,9.78860855102501E-5),(0.0752773103713989,0.0786037893295288,
0.00990211296081543),(0.0752773103713989,0.101396209716797,9.78860855102501E-5),
(0.0752773103713989,0.101396209716797,0.00990211296081543),(0.075336181640625,
0.0950218238830566,0.),(0.075336181640625,0.0950218238830566,0.01),(0.0753818025588989,
0.0813221225738525,0.005),(0.0754503803253174,0.077509560585022,0.000381966114044191),
(0.0754503803253174,0.077509560585022,0.00961803436279297),(0.0754503803253174,
0.102490438461304,0.000381966114044191),(0.0754503803253174,0.102490438461304,
0.00961803436279297),(0.075463002204895,0.0762640724182129,0.002),(0.075463002204895,
0.0762640724182129,0.008),(0.0755034475326538,0.084513916015625,0.),(0.0755034475326538,
0.084513916015625,0.01),(0.0755186271667481,0.0787905826568604,2.46229171752899E-5),
(0.0755186271667481,0.0787905826568604,0.00997537708282471),(0.0755186271667481,
0.101209416389465,2.46229171752899E-5),(0.0755186271667481,0.101209416389465,
0.00997537708282471),(0.075521990776062,0.0762376260757446,0.00168713092803955),
(0.075521990776062,0.0762376260757446,0.00831286907196045),(0.075521990776062,
0.103762372970581,0.00168713092803955),(0.075521990776062,0.103762372970581,
0.00831286907196045),(0.0755454158782959,0.103822626113892,0.002),(0.0755454158782959,
0.103822626113892,0.008),(0.0755464181900024,0.100728183746338,0.),(0.0755464181900024,
0.100728183746338,0.01),(0.0755559663772583,0.0792589616775513,0.),(0.0755559663772583,
0.0792589616775513,0.01),(0.0755750923156738,0.0762881021499634,0.00138196611404419),
(0.0755750923156738,0.0762881021499634,0.00861803436279297),(0.0755750923156738,
0.103711896896362,0.00138196611404419),(0.0755750923156738,0.103711896896362,
0.00861803436279297),(0.0756498575210571,0.0958582968711853,0.),(0.0756498575210571,
0.0958582968711853,0.01),(0.0756534156799316,0.0776838607788086,0.00021798610687256),
(0.0756534156799316,0.0776838607788086,0.00978201293945313),(0.0756534156799316,
0.102316138267517,0.00021798610687256),(0.0756534156799316,0.102316138267517,
0.00978201293945313),(0.0756565866470337,0.0991248159408569,0.005),(0.0756621398925781,
0.0763708467483521,0.00109201908111572),(0.0756621398925781,0.0763708467483521,
0.00890798091888428),(0.0756621398925781,0.103629152297974,0.00109201908111572),
(0.0756621398925781,0.103629152297974,0.00890798091888428),(0.0757809906005859,
0.0764838228225708,0.000824429035186766),(0.0757809906005859,0.0764838228225708,
0.00917556953430176),(0.0757809906005859,0.103516176223755,0.000824429035186766),
(0.0757809906005859,0.103516176223755,0.00917556953430176),(0.0758435869216919,
0.0836878499984741,0.),(0.0758435869216919,0.0836878499984741,0.01),(0.0758734149932861,
0.0778727235794067,9.78860855102501E-5),(0.0758734149932861,0.0778727235794067,
0.00990211296081543),(0.0758734149932861,0.102127274513245,9.78860855102501E-5),
(0.0758734149932861,0.102127274513245,0.00990211296081543),(0.0758820428848267,
0.0805300140380859,0.005),(0.0759287176132202,0.0766242485046387,0.000585785865783691),
(0.0759287176132202,0.0766242485046387,0.00941421318054199),(0.0759287176132202,
0.103375751495361,0.000585785865783691),(0.0759287176132202,0.103375751495361,
0.00941421318054199),(0.0760112028121948,0.0966753091812134,0.),(0.0760112028121948,
0.0966753091812134,0.01),(0.0761016845703125,0.0767886657714844,0.000381966114044191),
(0.0761016845703125,0.0767886657714844,0.00961803436279297),(0.0761016845703125,
0.103211333274841,0.000381966114044191),(0.0761016845703125,0.103211333274841,
0.00961803436279297),(0.0761049613952637,0.0780715007781982,2.46229171752899E-5),
(0.0761049613952637,0.0780715007781982,0.00997537708282471),(0.0761049613952637,
0.101928498268127,2.46229171752899E-5),(0.0761049613952637,0.101928498268127,
0.00997537708282471),(0.0761378793716431,0.101482230186462,0.),(0.0761378793716431,
0.101482230186462,0.01),(0.076148099899292,0.0785054416656494,0.),(0.076148099899292,
0.0785054416656494,0.01),(0.0761773729324341,0.0755454158782959,0.002),
(0.0761773729324341,0.0755454158782959,0.008),(0.0761810350418091,0.0999011087417603,
0.005),(0.0762307529449463,0.0828827528953552,0.),(0.0762307529449463,0.0828827528953552,
0.01),(0.0762376260757446,0.075521990776062,0.00168713092803955),(0.0762376260757446,
0.075521990776062,0.00831286907196045),(0.0762376260757446,0.104478008270264,
0.00168713092803955),(0.0762376260757446,0.104478008270264,0.00831286907196045),
(0.0762640733718872,0.104536997795105,0.002),(0.0762640733718872,0.104536997795105,
0.008),(0.0762881021499634,0.0755750913619995,0.00138196611404419),(0.0762881021499634,
0.0755750913619995,0.00861803436279297),(0.0762881021499634,0.104424907684326,
0.00138196611404419),(0.0762881021499634,0.104424907684326,0.00861803436279297),
(0.0762956314086914,0.0769730262756348,0.00021798610687256),(0.0762956314086914,
0.0769730262756348,0.00978201293945313),(0.0762956314086914,0.103026972770691,
0.00021798610687256),(0.0762956314086914,0.103026972770691,0.00978201293945313),
(0.0763708477020264,0.0756621389389038,0.00109201908111572),(0.0763708477020264,
0.0756621389389038,0.00890798091888428),(0.0763708477020264,0.104337860107422,
0.00109201908111572),(0.0763708477020264,0.104337860107422,0.00890798091888428),
(0.076419017791748,0.0974701471328735,0.),(0.076419017791748,0.0974701471328735,
0.01),(0.0764251594543457,0.0797666645050049,0.005),(0.0764838237762451,
0.0757809896469116,0.000824429035186766),(0.0764838237762451,0.0757809896469116,
0.00917556953430176),(0.0764838237762451,0.104219009399414,0.000824429035186766),
(0.0764838237762451,0.104219009399414,0.00917556953430176),(0.0765057830810547,
0.0771727895736694,9.78860855102501E-5),(0.0765057830810547,0.0771727895736694,
0.00990211296081543),(0.0765057830810547,0.102827209472656,9.78860855102501E-5),
(0.0765057830810547,0.102827209472656,0.00990211296081543),(0.076624249458313,
0.0759287176132202,0.000585785865783691),(0.076624249458313,0.0759287176132202,
0.00941421318054199),(0.076624249458313,0.104071281433105,0.000585785865783691),
(0.076624249458313,0.104071281433105,0.00941421318054199),(0.0766636600494385,
0.0821012978553772,0.),(0.0766636600494385,0.0821012978553772,0.01),(0.0767269649505615,
0.0773830375671387,2.46229171752899E-5),(0.0767269649505615,0.0773830375671387,
0.00997537708282471),(0.0767269649505615,0.102616959571838,2.46229171752899E-5),
(0.0767269649505615,0.102616959571838,0.00997537708282471),(0.0767474517822266,
0.100647333145142,0.005),(0.0767686357498169,0.102203728675842,0.),(0.0767686357498169,
0.102203728675842,0.01),(0.0767794971466064,0.0777845048904419,0.),(0.0767794971466064,
0.0777845048904419,0.01),(0.0767886657714844,0.0761016845703125,0.000381966114044191),
(0.0767886657714844,0.0761016845703125,0.00961803436279297),(0.0767886657714844,
0.103898314476013,0.000381966114044191),(0.0767886657714844,0.103898314476013,
0.00961803436279297),(0.0768719491958618,0.0982401685714722,0.),(0.0768719491958618,
0.0982401685714722,0.01),(0.0769272270202637,0.0748638639450073,0.002),
(0.0769272270202637,0.0748638639450073,0.008),(0.0769730262756348,0.0762956314086914,
0.00021798610687256),(0.0769730262756348,0.0762956314086914,0.00978201293945313),
(0.0769730262756348,0.103704367637634,0.00021798610687256),(0.0769730262756348,
0.103704367637634,0.00978201293945313),(0.0769885892868042,0.0748435201644898,
0.00168713092803955),(0.0769885892868042,0.0748435201644898,0.00831286907196045),
(0.0769885892868042,0.105156478881836,0.00168713092803955),(0.0769885892868042,
0.105156478881836,0.00831286907196045),(0.0770095014572144,0.0790343933105469,
0.005),(0.0770179901123047,0.105214053153992,0.002),(0.0770179901123047,
0.105214053153992,0.008),(0.0770363111495972,0.0748991098403931,0.00138196611404419),
(0.0770363111495972,0.0748991098403931,0.00861803436279297),(0.0770363111495972,
0.105100889205933,0.00138196611404419),(0.0770363111495972,0.105100889205933,
0.00861803436279297),(0.077114541053772,0.0749902362823486,0.00109201908111572),
(0.077114541053772,0.0749902362823486,0.00890798091888428),(0.077114541053772,
0.105009762763977,0.00109201908111572),(0.077114541053772,0.105009762763977,
0.00890798091888428),(0.0771408681869507,0.0813460807800293,0.),(0.0771408681869507,
0.0813460807800293,0.01),(0.0771727905273438,0.0765057830810547,9.78860855102501E-5),
(0.0771727905273438,0.0765057830810547,0.00990211296081543),(0.0771727905273438,
0.103494215965271,9.78860855102501E-5),(0.0771727905273438,0.103494215965271,
0.00990211296081543),(0.0772213525772095,0.0751146564483643,0.000824429035186766),
(0.0772213525772095,0.0751146564483643,0.00917556953430176),(0.0772213525772095,
0.104885342597961,0.000824429035186766),(0.0772213525772095,0.104885342597961,
0.00917556953430176),(0.077354115486145,0.0752693071365356,0.000585785865783691),
(0.077354115486145,0.0752693071365356,0.00941421318054199),(0.077354115486145,
0.101361220359802,0.005),(0.077354115486145,0.10473069190979,0.000585785865783691),
(0.077354115486145,0.10473069190979,0.00941421318054199),(0.0773684883117676,
0.0989828186035156,0.),(0.0773684883117676,0.0989828186035156,0.01),(0.0773830394744873,
0.0767269639968872,2.46229171752899E-5),(0.0773830394744873,0.0767269639968872,
0.00997537708282471),(0.0773830394744873,0.103273035049438,2.46229171752899E-5),
(0.0773830394744873,0.103273035049438,0.00997537708282471),(0.077436897277832,
0.102890633583069,0.),(0.077436897277832,0.102890633583069,0.01),(0.0774483699798584,
0.0770981941223145,0.),(0.0774483699798584,0.0770981941223145,0.01),(0.077509560585022,
0.0754503793716431,0.000381966114044191),(0.077509560585022,0.0754503793716431,
0.00961803436279297),(0.077509560585022,0.104549619674683,0.000381966114044191),
(0.077509560585022,0.104549619674683,0.00961803436279297),(0.0776332960128784,
0.0783354244232178,0.005),(0.0776607942581177,0.0806196117401123,0.),(0.0776607942581177,
0.0806196117401123,0.01),(0.0776838617324829,0.0756534156799316,0.00021798610687256),
(0.0776838617324829,0.0756534156799316,0.00978201293945313),(0.0776838617324829,
0.104346583366394,0.00021798610687256),(0.0776838617324829,0.104346583366394,
0.00978201293945313),(0.077710638999939,0.0742211656570435,0.002),(0.077710638999939,
0.0742211656570435,0.008),(0.077772952079773,0.0742039566040039,0.00168713092803955),
(0.077772952079773,0.0742039566040039,0.00831286907196045),(0.077772952079773,
0.105796042442322,0.00168713092803955),(0.077772952079773,0.105796042442322,
0.00831286907196045),(0.0778052310943604,0.105852053642273,0.002),(0.0778052310943604,
0.105852053642273,0.008),(0.0778177976608276,0.0742618913650512,0.00138196611404419),
(0.0778177976608276,0.0742618913650512,0.00861803436279297),(0.0778177976608276,
0.105738107681274,0.00138196611404419),(0.0778177976608276,0.105738107681274,
0.00861803436279297),(0.0778727245330811,0.0758734149932861,9.78860855102501E-5),
(0.0778727245330811,0.0758734149932861,0.00990211296081543),(0.0778727245330811,
0.10412658405304,9.78860855102501E-5),(0.0778727245330811,0.10412658405304,
0.00990211296081543),(0.0778913116455078,0.0743568639755249,0.00109201908111572),
(0.0778913116455078,0.0743568639755249,0.00890798091888428),(0.0778913116455078,
0.105643135070801,0.00109201908111572),(0.0778913116455078,0.105643135070801,
0.00890798091888428),(0.0779069890975952,0.0996956281661987,0.),(0.0779069890975952,
0.0996956281661987,0.01),(0.0779916839599609,0.0744865341186523,0.000824429035186766),
(0.0779916839599609,0.0744865341186523,0.00917556953430176),(0.0779916839599609,
0.105513464927673,0.000824429035186766),(0.0779916839599609,0.105513464927673,
0.00917556953430176),(0.0779991846084595,0.10204060459137,0.005),(0.0780715007781982,
0.0761049613952637,2.46229171752899E-5),(0.0780715007781982,0.0761049613952637,
0.00997537708282471),(0.0780715007781982,0.103895037651062,2.46229171752899E-5),
(0.0780715007781982,0.103895037651062,0.00997537708282471),(0.0781164436340332,
0.0746477108001709,0.000585785865783691),(0.0781164436340332,0.0746477108001709,
0.00941421318054199),(0.0781164436340332,0.105352288246155,0.000585785865783691),
(0.0781164436340332,0.105352288246155,0.00941421318054199),(0.0781407709121704,
0.103540999412537,0.),(0.0781407709121704,0.103540999412537,0.01),(0.0781528215408325,
0.0764484548568726,0.),(0.0781528215408325,0.0764484548568726,0.01),(0.0782217102050781,
0.0799243030548096,0.),(0.0782217102050781,0.0799243030548096,0.01),(0.0782625188827515,
0.0748364238739014,0.000381966114044191),(0.0782625188827515,0.0748364238739014,
0.00961803436279297),(0.0782625188827515,0.105163575172424,0.000381966114044191),
(0.0782625188827515,0.105163575172424,0.00961803436279297),(0.0782946462631226,
0.0776718797683716,0.005),(0.0784263114929199,0.0750480270385742,0.00021798610687256),
(0.0784263114929199,0.0750480270385742,0.00978201293945313),(0.0784263114929199,
0.104951972007751,0.00021798610687256),(0.0784263114929199,0.104951972007751,
0.00978201293945313),(0.0784856615066528,0.10037622833252,0.),(0.0784856615066528,
0.10037622833252,0.01),(0.0785255966186523,0.0736189708709717,0.002),(0.0785255966186523,
0.0736189708709717,0.008),(0.0785887022018433,0.0736049404144287,0.00168713092803955),
(0.0785887022018433,0.0736049404144287,0.00831286907196045),(0.0785887022018433,
0.106395057678223,0.00168713092803955),(0.0785887022018433,0.106395057678223,
0.00831286907196045),(0.0786037902832031,0.0752773103713989,9.78860855102501E-5),
(0.0786037902832031,0.0752773103713989,0.00990211296081543),(0.0786037902832031,
0.104722688674927,9.78860855102501E-5),(0.0786037902832031,0.104722688674927,
0.00990211296081543),(0.0786237764358521,0.106449361801147,0.002),(0.0786237764358521,
0.106449361801147,0.008),(0.0786305551528931,0.0736650733947754,0.00138196611404419),
(0.0786305551528931,0.0736650733947754,0.00861803436279297),(0.0786305551528931,
0.106334926605225,0.00138196611404419),(0.0786305551528931,0.106334926605225,
0.00861803436279297),(0.0786806993484497,0.102683422088623,0.005),(0.078699164390564,
0.0737636470794678,0.00109201908111572),(0.078699164390564,0.0737636470794678,
0.00890798091888428),(0.078699164390564,0.106236352920532,0.00109201908111572),
(0.078699164390564,0.106236352920532,0.00890798091888428),(0.0787905836105347,
0.0755186271667481,2.46229171752899E-5),(0.0787905836105347,0.0755186271667481,
0.00997537708282471),(0.0787905836105347,0.104481371879578,2.46229171752899E-5),
(0.0787905836105347,0.104481371879578,0.00997537708282471),(0.0787928409576416,
0.0738982353210449,0.000824429035186766),(0.0787928409576416,0.0738982353210449,
0.00917556953430176),(0.0787928409576416,0.106101764678955,0.000824429035186766),
(0.0787928409576416,0.106101764678955,0.00917556953430176),(0.0788217506408691,
0.0792624635696411,0.),(0.0788217506408691,0.0792624635696411,0.01),(0.0788782606124878,
0.104152981758118,0.),(0.0788782606124878,0.104152981758118,0.01),(0.0788908557891846,
0.0758371286392212,0.),(0.0788908557891846,0.0758371286392212,0.01),(0.0789092769622803,
0.074065523147583,0.000585785865783691),(0.0789092769622803,0.074065523147583,
0.00941421318054199),(0.0789092769622803,0.105934475898743,0.000585785865783691),
(0.0789092769622803,0.105934475898743,0.00941421318054199),(0.078991548538208,
0.0770457763671875,0.005),(0.0790456056594849,0.0742613925933838,0.000381966114044191),
(0.0790456056594849,0.0742613925933838,0.00961803436279297),(0.0790456056594849,
0.105738606452942,0.000381966114044191),(0.0790456056594849,0.105738606452942,
0.00961803436279297),(0.0791025838851929,0.101022360801697,0.),(0.0791025838851929,
0.101022360801697,0.01),(0.0791984710693359,0.0744810199737549,0.00021798610687256),
(0.0791984710693359,0.0744810199737549,0.00978201293945313),(0.0791984710693359,
0.105518979072571,0.00021798610687256),(0.0791984710693359,0.105518979072571,
0.00978201293945313),(0.0793641090393066,0.0747189979553222,9.78860855102501E-5),
(0.0793641090393066,0.0747189979553222,0.00990211296081543),(0.0793641090393066,
0.105281001091003,9.78860855102501E-5),(0.0793641090393066,0.105281001091003,
0.00990211296081543),(0.0793700094223022,0.0730588283538818,0.002),(0.0793700094223022,
0.0730588283538818,0.008),(0.0793965911865234,0.103287719726563,0.005),
(0.079433744430542,0.0730480098724365,0.00168713092803955),(0.079433744430542,
0.0730480098724365,0.00831286907196045),(0.079433744430542,0.106951988220215,
0.00168713092803955),(0.079433744430542,0.106951988220215,0.00831286907196045),
(0.0794589262008667,0.0786362953186035,0.),(0.0794589262008667,0.0786362953186035,
0.01),(0.0794715251922607,0.107004446029663,0.002),(0.0794715251922607,
0.107004446029663,0.008),(0.0794724979400635,0.073110185623169,0.00138196611404419),
(0.0794724979400635,0.073110185623169,0.00861803436279297),(0.0794724979400635,
0.106889814376831,0.00138196611404419),(0.0794724979400635,0.106889814376831,
0.00861803436279297),(0.0795360269546509,0.0732121086120605,0.00109201908111572),
(0.0795360269546509,0.0732121086120605,0.00890798091888428),(0.0795360269546509,
0.106787891387939,0.00109201908111572),(0.0795360269546509,0.106787891387939,
0.00890798091888428),(0.0795384397506714,0.0749694662094116,2.46229171752899E-5),
(0.0795384397506714,0.0749694662094116,0.00997537708282471),(0.0795384397506714,
0.105030532836914,2.46229171752899E-5),(0.0795384397506714,0.105030532836914,
0.00997537708282471),(0.0796227655410767,0.0733512668609619,0.000824429035186766),
(0.0796227655410767,0.0733512668609619,0.00917556953430176),(0.0796227655410767,
0.106648731231689,0.000824429035186766),(0.0796227655410767,0.106648731231689,
0.00917556953430176),(0.0796472759246826,0.10472484588623,0.),(0.0796472759246826,
0.10472484588623,0.01),(0.07966037940979,0.0752659492492676,0.),(0.07966037940979,
0.0752659492492676,0.01),(0.0797218809127808,0.0764590129852295,0.005),
(0.0797305793762207,0.0735242385864258,0.000585785865783691),(0.0797305793762207,
0.0735242385864258,0.00941421318054199),(0.0797305793762207,0.106475759506226,
0.000585785865783691),(0.0797305793762207,0.106475759506226,0.00941421318054199),
(0.0797557067871094,0.10163187789917,0.),(0.0797557067871094,0.10163187789917,
0.01),(0.0798568134307861,0.0737267608642578,0.000381966114044191),(0.0798568134307861,
0.0737267608642578,0.00961803436279297),(0.0798568134307861,0.106273237228394,
0.000381966114044191),(0.0798568134307861,0.106273237228394,0.00961803436279297),
(0.0799983587265015,0.0739538497924804,0.00021798610687256),(0.0799983587265015,
0.0739538497924804,0.00978201293945313),(0.0799983587265015,0.106046148300171,
0.00021798610687256),(0.0799983587265015,0.106046148300171,0.00978201293945313),
(0.0801311168670654,0.0780478754043579,0.),(0.0801311168670654,0.0780478754043579,
0.01),(0.0801446857452393,0.103851663589478,0.005),(0.0801517295837402,
0.074199912071228,9.78860855102501E-5),(0.0801517295837402,0.074199912071228,
0.00990211296081543),(0.0801517295837402,0.105800086975098,9.78860855102501E-5),
(0.0801517295837402,0.105800086975098,0.00990211296081543),(0.0802417097091675,
0.0725421714782715,0.002),(0.0802417097091675,0.0725421714782715,0.008),
(0.0803059101104736,0.0725345973968506,0.00168713092803955),(0.0803059101104736,
0.0725345973968506,0.00831286907196045),(0.0803066339492798,0.107465803146362,
0.00168713092803955),(0.0803066339492798,0.107465803146362,0.00831286907196045),
(0.0803131513595581,0.074458888053894,2.46229171752899E-5),(0.0803131513595581,
0.074458888053894,0.00997537708282471),(0.0803131513595581,0.105541110992432,
2.46229171752899E-5),(0.0803131513595581,0.105541110992432,0.00997537708282471),
(0.0803414649963379,0.0725986537933349,0.00138196611404419),(0.0803414649963379,
0.0725986537933349,0.00861803436279297),(0.08034290599823,0.107402143478394,
0.00138196611404419),(0.08034290599823,0.107402143478394,0.00861803436279297),
(0.0803462991714478,0.107515878677368,0.002),(0.0803462991714478,0.107515878677368,
0.008),(0.0803997497558594,0.0727036628723144,0.00109201908111572),(0.0803997497558594,
0.0727036628723144,0.00890798091888428),(0.0804018983840942,0.107297527313232,
0.00109201908111572),(0.0804018983840942,0.107297527313232,0.00890798091888428),
(0.0804428596496582,0.102202754020691,0.),(0.0804428596496582,0.102202754020691,
0.01),(0.0804456367492676,0.105254971504211,0.),(0.0804456367492676,0.105254971504211,
0.01),(0.0804592123031616,0.0747365341186523,0.),(0.0804592123031616,0.0747365341186523,
0.01),(0.0804793291091919,0.0728470382690429,0.000824429035186766),(0.0804793291091919,
0.0728470382690429,0.00917556953430176),(0.0804821701049805,0.107154537200928,
0.000824429035186766),(0.0804821701049805,0.107154537200928,0.00917556953430176),
(0.0804834289550781,0.0759133739471436,0.005),(0.0805782432556152,0.0730252475738526,
0.000585785865783691),(0.0805782432556152,0.0730252475738526,0.00941421318054199),
(0.0805817584991455,0.10697670173645,0.000585785865783691),(0.0805817584991455,
0.10697670173645,0.00941421318054199),(0.0806940574645996,0.0732339038848877,
0.000381966114044191),(0.0806940574645996,0.0732339038848877,0.00961803436279297),
(0.0806982231140137,0.106768405914307,0.000381966114044191),(0.0806982231140137,
0.106768405914307,0.00961803436279297),(0.0808239192962646,0.0734678707122803,
0.00021798610687256),(0.0808239192962646,0.0734678707122803,0.00978201293945313),
(0.0808287115097046,0.106534788131714,0.00021798610687256),(0.0808287115097046,
0.106534788131714,0.00978201293945313),(0.0808360919952393,0.0774991579055786,
0.),(0.0808360919952393,0.0774991579055786,0.01),(0.0809227104187012,0.104373538970947,
0.005),(0.0809646310806274,0.0737213840484619,9.78860855102501E-5),(0.0809646310806274,
0.0737213840484619,0.00990211296081543),(0.0809700241088867,0.106281606674194,
9.78860855102501E-5),(0.0809700241088867,0.106281606674194,0.00990211296081543),
(0.0811127290725708,0.0739882049560547,2.46229171752899E-5),(0.0811127290725708,
0.0739882049560547,0.00997537708282471),(0.0811186952590942,0.106015104293823,
2.46229171752899E-5),(0.0811186952590942,0.106015104293823,0.00997537708282471),
(0.0811384592056274,0.0720703296661377,0.002),(0.0811384592056274,0.0720703296661377,
0.008),(0.0811617612838745,0.102733094215393,0.),(0.0811617612838745,0.102733094215393,
0.01),(0.0812029609680176,0.0720660152435302,0.00168713092803955),(0.0812029609680176,
0.0720660152435302,0.00831286907196045),(0.0812029609680176,0.107933982849121,
0.00168713092803955),(0.0812029609680176,0.107933982849121,0.00831286907196045),
(0.0812352256774902,0.0721317920684814,0.00138196611404419),(0.0812352256774902,
0.0721317920684814,0.00861803436279297),(0.0812352256774902,0.10786820602417,
0.00138196611404419),(0.0812352256774902,0.10786820602417,0.00861803436279297),
(0.0812458543777466,0.107982349395752,0.002),(0.0812458543777466,0.107982349395752,
0.008),(0.0812710809707642,0.105741853713989,0.),(0.0812710809707642,0.105741853713989,
0.01),(0.0812738780975342,0.075410514831543,0.005),(0.0812850885391235,
0.0742503862380982,0.),(0.0812850885391235,0.0742503862380982,0.01),(0.0812881174087524,
0.0722396183013916,0.00109201908111572),(0.0812881174087524,0.0722396183013916,
0.00890798091888428),(0.0812881174087524,0.10776037979126,0.00109201908111572),
(0.0812881174087524,0.10776037979126,0.00890798091888428),(0.0813603324890137,
0.0723868389129639,0.000824429035186766),(0.0813603324890137,0.0723868389129639,
0.00917556953430176),(0.0813603324890137,0.107613159179688,0.000824429035186766),
(0.0813603324890137,0.107613159179688,0.00917556953430176),(0.0814500932693481,
0.0725698299407959,0.000585785865783691),(0.0814500932693481,0.0725698299407959,
0.00941421318054199),(0.0814500932693481,0.107430168151855,0.000585785865783691),
(0.0814500932693481,0.107430168151855,0.00941421318054199),(0.0815551910400391,
0.072784086227417,0.000381966114044191),(0.0815551910400391,0.072784086227417,
0.00961803436279297),(0.0815551910400391,0.107215913772583,0.000381966114044191),
(0.0815551910400391,0.107215913772583,0.00961803436279297),(0.0815715084075928,
0.0769919681549072,0.),(0.0815715084075928,0.0769919681549072,0.01),(0.0816730356216431,
0.0730243282318115,0.00021798610687256),(0.0816730356216431,0.0730243282318115,
0.00978201293945313),(0.0816730356216431,0.10697566986084,0.00021798610687256),
(0.0816730356216431,0.10697566986084,0.00978201293945313),(0.0817283029556274,
0.104851763725281,0.005),(0.081800726890564,0.0732846431732178,9.78860855102501E-5),
(0.081800726890564,0.0732846431732178,0.00990211296081543),(0.081800726890564,
0.106715354919434,9.78860855102501E-5),(0.081800726890564,0.106715354919434,
0.00990211296081543),(0.0819100227355957,0.103221137046814,0.),(0.0819100227355957,
0.103221137046814,0.01),(0.0819351196289062,0.0735586223602295,2.46229171752899E-5),
(0.0819351196289062,0.0735586223602295,0.00997537708282471),(0.0819351196289062,
0.106441375732422,2.46229171752899E-5),(0.0819351196289062,0.106441375732422,
0.00997537708282471),(0.0820579557418823,0.0716445121765136,0.002),(0.0820579557418823,
0.0716445121765136,0.008),(0.0820908288955688,0.0749519634246826,0.005),
(0.0821212687492371,0.106184114456177,0.),(0.0821212687492371,0.106184114456177,
0.01),(0.0821225929260254,0.0716434707641601,0.00168713092803955),(0.0821225929260254,
0.0716434707641601,0.00831286907196045),(0.0821225929260254,0.108356527328491,
0.00168713092803955),(0.0821225929260254,0.108356527328491,0.00831286907196045),
(0.082135669708252,0.0738088817596435,0.),(0.082135669708252,0.0738088817596435,
0.01),(0.0821514849662781,0.0717107963562011,0.00138196611404419),(0.0821514849662781,
0.0717107963562011,0.00861803436279297),(0.0821514849662781,0.10828920173645,
0.00138196611404419),(0.0821514849662781,0.10828920173645,0.00861803436279297),
(0.0821678819656372,0.108402660369873,0.002),(0.0821678819656372,0.108402660369873,
0.008),(0.0821988477706909,0.0718211631774903,0.00109201908111572),(0.0821988477706909,
0.0718211631774903,0.00890798091888428),(0.0821988477706909,0.108178834915161,
0.00109201908111572),(0.0821988477706909,0.108178834915161,0.00890798091888428),
(0.0822635135650635,0.0719718532562256,0.000824429035186766),(0.0822635135650635,
0.0719718532562256,0.00917556953430176),(0.0822635135650635,0.108028144836426,
0.000824429035186766),(0.0822635135650635,0.108028144836426,0.00917556953430176),
(0.082334924697876,0.0765279884338379,0.),(0.082334924697876,0.0765279884338379,
0.01),(0.082343891620636,0.0721591567993164,0.000585785865783691),(0.082343891620636,
0.0721591567993164,0.00941421318054199),(0.082343891620636,0.107840843200684,
0.000585785865783691),(0.082343891620636,0.107840843200684,0.00941421318054199),
(0.0824380016326904,0.0723784599304199,0.000381966114044191),(0.0824380016326904,
0.0723784599304199,0.00961803436279297),(0.0824380016326904,0.10762154006958,
0.000381966114044191),(0.0824380016326904,0.10762154006958,0.00961803436279297),
(0.0825435266494751,0.0726243629455566,0.00021798610687256),(0.0825435266494751,
0.0726243629455566,0.00978201293945313),(0.0825435266494751,0.107375638961792,
0.00021798610687256),(0.0825435266494751,0.107375638961792,0.00978201293945313),
(0.082559015750885,0.105284883499145,0.005),(0.0826578698158264,0.072890811920166,
9.78860855102501E-5),(0.0826578698158264,0.072890811920166,0.00990211296081543),
(0.0826578698158264,0.107109188079834,9.78860855102501E-5),(0.0826578698158264,
0.107109188079834,0.00990211296081543),(0.0826851577758789,0.103665259361267,
0.),(0.0826851577758789,0.103665259361267,0.01),(0.0827782135009766,0.0731712455749511,
2.46229171752899E-5),(0.0827782135009766,0.0731712455749511,0.00997537708282471),
(0.0827782135009766,0.106828754425049,2.46229171752899E-5),(0.0827782135009766,
0.106828754425049,0.00997537708282471),(0.0829317989349365,0.0745391130447387,
0.005),(0.0829937896728516,0.106580499649048,0.),(0.0829937896728516,0.106580499649048,
0.01),(0.0829978384971619,0.0712658138275147,0.002),(0.0829978384971619,
0.0712658138275147,0.008),(0.0830085425376892,0.073413272857666,0.),(0.0830085425376892,
0.073413272857666,0.01),(0.0830624465942383,0.0712680473327637,0.00168713092803955),
(0.0830624465942383,0.0712680473327637,0.00831286907196045),(0.0830624465942383,
0.108731950759888,0.00168713092803955),(0.0830624465942383,0.108731950759888,
0.00831286907196045),(0.0830878915786743,0.0713367500305176,0.00138196611404419),
(0.0830878915786743,0.0713367500305176,0.00861803436279297),(0.0830878915786743,
0.108663248062134,0.00138196611404419),(0.0830878915786743,0.108663248062134,
0.00861803436279297),(0.083110013961792,0.108775730133057,0.002),(0.083110013961792,
0.108775730133057,0.008),(0.0831238026618957,0.0761087617874146,0.),(0.0831238026618957,
0.0761087617874146,0.01),(0.0831296029090881,0.0714493751525879,0.00109201908111572),
(0.0831296029090881,0.0714493751525879,0.00890798091888428),(0.0831296029090881,
0.108550624847412,0.00109201908111572),(0.0831296029090881,0.108550624847412,
0.00890798091888428),(0.0831865539550781,0.0716031455993652,0.000824429035186766),
(0.0831865539550781,0.0716031455993652,0.00917556953430176),(0.0831865539550781,
0.108396852493286,0.000824429035186766),(0.0831865539550781,0.108396852493286,
0.00917556953430176),(0.0832573418617248,0.0717942790985107,0.000585785865783691),
(0.0832573418617248,0.0717942790985107,0.00941421318054199),(0.0832573418617248,
0.108205717086792,0.000585785865783691),(0.0832573418617248,0.108205717086792,
0.00941421318054199),(0.0833402237892151,0.0720180683135986,0.000381966114044191),
(0.0833402237892151,0.0720180683135986,0.00961803436279297),(0.0833402237892151,
0.107981931686401,0.000381966114044191),(0.0833402237892151,0.107981931686401,
0.00961803436279297),(0.0834123277664185,0.105671583175659,0.005),(0.0834331588745117,
0.0722689990997314,0.00021798610687256),(0.0834331588745117,0.0722689990997314,
0.00978201293945313),(0.0834331588745117,0.107730997085571,0.00021798610687256),
(0.0834331588745117,0.107730997085571,0.00978201293945313),(0.0834845929145813,
0.104063987731934,0.),(0.0834845929145813,0.104063987731934,0.01),(0.0835338587760925,
0.0725408992767334,9.78860855102501E-5),(0.0835338587760925,0.0725408992767334,
0.00990211296081543),(0.0835338587760925,0.107459100723267,9.78860855102501E-5),
(0.0835338587760925,0.107459100723267,0.00990211296081543),(0.0836398448944092,
0.0728270683288574,2.46229171752899E-5),(0.0836398448944092,0.0728270683288574,
0.00997537708282471),(0.0836398448944092,0.107172931671143,2.46229171752899E-5),
(0.0836398448944092,0.107172931671143,0.00997537708282471),(0.0837942357063293,
0.0741732158660889,0.005),(0.0838861699104309,0.106929885864258,0.),(0.0838861699104309,
0.106929885864258,0.01),(0.0839012327194214,0.0730646800994873,0.),(0.0839012327194214,
0.0730646800994873,0.01),(0.0839355235099793,0.0757356805801392,0.),(0.0839355235099793,
0.0757356805801392,0.01),(0.0839556975364685,0.0709352054595948,0.002),
(0.0839556975364685,0.0709352054595948,0.008),(0.0840201086997986,0.0709407081604004,
0.00168713092803955),(0.0840201086997986,0.0709407081604004,0.00831286907196045),
(0.0840201086997986,0.109059289932251,0.00168713092803955),(0.0840201086997986,
0.109059289932251,0.00831286907196045),(0.0840420417785644,0.0710106124877929,
0.00138196611404419),(0.0840420417785644,0.0710106124877929,0.00861803436279297),
(0.0840420417785644,0.108989387512207,0.00138196611404419),(0.0840420417785644,
0.108989387512207,0.00861803436279297),(0.0840698318481445,0.109100603103638,
0.002),(0.0840698318481445,0.109100603103638,0.008),(0.0840779948234558,
0.0711252040863037,0.00109201908111572),(0.0840779948234558,0.0711252040863037,
0.00890798091888428),(0.0840779948234558,0.108874794006348,0.00109201908111572),
(0.0840779948234558,0.108874794006348,0.00890798091888428),(0.0841270837783814,
0.0712816638946533,0.000824429035186766),(0.0841270837783814,0.0712816638946533,
0.00917556953430176),(0.0841270837783814,0.108718336105347,0.000824429035186766),
(0.0841270837783814,0.108718336105347,0.00917556953430176),(0.0841881008148193,
0.0714761371612549,0.000585785865783691),(0.0841881008148193,0.0714761371612549,
0.00941421318054199),(0.0841881008148193,0.108523862838745,0.000585785865783691),
(0.0841881008148193,0.108523862838745,0.00941421318054199),(0.0842595415115356,
0.0717038345336914,0.000381966114044191),(0.0842595415115356,0.0717038345336914,
0.00961803436279297),(0.0842595415115356,0.10829616355896,0.000381966114044191),
(0.0842595415115356,0.10829616355896,0.00961803436279297),(0.0842856459617615,
0.106010688781738,0.005),(0.0843056716918945,0.104415995597839,0.),(0.0843056716918945,
0.104415995597839,0.01),(0.084339647769928,0.0719591522216797,0.00021798610687256),
(0.084339647769928,0.0719591522216797,0.00978201293945313),(0.084339647769928,
0.108040845870972,0.00021798610687256),(0.084339647769928,0.108040845870972,
0.00978201293945313),(0.0844264469146729,0.0722358016967773,9.78860855102501E-5),
(0.0844264469146729,0.0722358016967773,0.00990211296081543),(0.0844264469146729,
0.107764196395874,9.78860855102501E-5),(0.0844264469146729,0.107764196395874,
0.00990211296081543),(0.0845178027153015,0.0725269718170166,2.46229171752899E-5),
(0.0845178027153015,0.0725269718170166,0.00997537708282471),(0.0845178027153015,
0.107473026275635,2.46229171752899E-5),(0.0845178027153015,0.107473026275635,
0.00997537708282471),(0.0846755185127258,0.0738553848266602,0.005),(0.0847673897743225,
0.0754099836349487,0.),(0.0847673897743225,0.0754099836349487,0.01),(0.0847958798408508,
0.107231283187866,0.),(0.0847958798408508,0.107231283187866,0.01),(0.0848112115859985,
0.0727640933990479,0.),(0.0848112115859985,0.0727640933990479,0.01),(0.0849290709495544,
0.0706535358428955,0.002),(0.0849290709495544,0.0706535358428955,0.008),
(0.0849931216239929,0.0706622943878174,0.00168713092803955),(0.0849931216239929,
0.0706622943878174,0.00831286907196045),(0.0849931216239929,0.109337703704834,
0.00168713092803955),(0.0849931216239929,0.109337703704834,0.00831286907196045),
(0.0850114855766296,0.0707332191467285,0.00138196611404419),(0.0850114855766296,
0.0707332191467285,0.00861803436279297),(0.0850114855766296,0.109266778945923,
0.00138196611404419),(0.0850114855766296,0.109266778945923,0.00861803436279297),
(0.0850415887832641,0.0708494853973388,0.00109201908111572),(0.0850415887832641,
0.0708494853973388,0.00890798091888428),(0.0850415887832641,0.109150514602661,
0.00109201908111572),(0.0850415887832641,0.109150514602661,0.00890798091888428),
(0.0850448727607727,0.109376447677612,0.002),(0.0850448727607727,0.109376447677612,
0.008),(0.0850826907157898,0.0710082302093506,0.000824429035186766),(0.0850826907157898,
0.0710082302093506,0.00917556953430176),(0.0850826907157898,0.108991769790649,
0.000824429035186766),(0.0850826907157898,0.108991769790649,0.00917556953430176),
(0.0851337785720825,0.0712055435180664,0.000585785865783691),(0.0851337785720825,
0.0712055435180664,0.00941421318054199),(0.0851337785720825,0.108794454574585,
0.000585785865783691),(0.0851337785720825,0.108794454574585,0.00941421318054199),
(0.0851456656455994,0.104720115661621,0.),(0.0851456656455994,0.104720115661621,
0.01),(0.085176317691803,0.106301170349121,0.005),(0.0851935949325561,0.0714365692138672,
0.000381966114044191),(0.0851935949325561,0.0714365692138672,0.00961803436279297),
(0.0851935949325561,0.108563430786133,0.000381966114044191),(0.0851935949325561,
0.108563430786133,0.00961803436279297),(0.085260666847229,0.0716956157684326,
0.00021798610687256),(0.085260666847229,0.0716956157684326,0.00978201293945313),
(0.085260666847229,0.108304384231567,0.00021798610687256),(0.085260666847229,
0.108304384231567,0.00978201293945313),(0.0853333425521851,0.0719763069152832,
9.78860855102501E-5),(0.0853333425521851,0.0719763069152832,0.00990211296081543),
(0.0853333425521851,0.108023693084717,9.78860855102501E-5),(0.0853333425521851,
0.108023693084717,0.00990211296081543),(0.0854098329544067,0.0722717304229736,
2.46229171752899E-5),(0.0854098329544067,0.0722717304229736,0.00997537708282471),
(0.0854098329544067,0.107728269577026,2.46229171752899E-5),(0.0854098329544067,
0.107728269577026,0.00997537708282471),(0.0855729718208313,0.0735865821838379,
0.005),(0.0856166377067566,0.0751327533721924,0.),(0.0856166377067566,0.0751327533721924,
0.01),(0.0857203426361084,0.107483835220337,0.),(0.0857203426361084,0.107483835220337,
0.01),(0.0857358975410461,0.0725123634338379,0.),(0.0857358975410461,0.0725123634338379,
0.01),(0.0859154615402222,0.0704215278625488,0.002),(0.0859154615402222,
0.0704215278625488,0.008),(0.0859789867401123,0.0704335193634033,0.00168713092803955),
(0.0859789867401123,0.0704335193634033,0.00831286907196045),(0.0859789867401123,
0.109566478729248,0.00168713092803955),(0.0859789867401123,0.109566478729248,
0.00831286907196045),(0.0859937348365784,0.0705052833557129,0.00138196611404419),
(0.0859937348365784,0.0705052833557129,0.00861803436279297),(0.0859937348365784,
0.109494714736939,0.00138196611404419),(0.0859937348365784,0.109494714736939,
0.00861803436279297),(0.0860017867088318,0.104975337028503,0.),(0.0860017867088318,
0.104975337028503,0.01),(0.0860179107189178,0.0706229248046875,0.00109201908111572),
(0.0860179107189178,0.0706229248046875,0.00890798091888428),(0.0860179107189178,
0.109377073287964,0.00109201908111572),(0.0860179107189178,0.109377073287964,
0.00890798091888428),(0.0860326337814331,0.109602550506592,0.002),(0.0860326337814331,
0.109602550506592,0.008),(0.0860509188175201,0.0707835483551025,0.000824429035186766),
(0.0860509188175201,0.0707835483551025,0.00917556953430176),(0.0860509188175201,
0.109216451644897,0.000824429035186766),(0.0860509188175201,0.109216451644897,
0.00917556953430176),(0.0860816397666931,0.106542144775391,0.005),(0.0860919477939606,
0.0709831962585449,0.000585785865783691),(0.0860919477939606,0.0709831962585449,
0.00941421318054199),(0.0860919477939606,0.109016803741455,0.000585785865783691),
(0.0860919477939606,0.109016803741455,0.00941421318054199),(0.0861399867534637,
0.0712169532775879,0.000381966114044191),(0.0861399867534637,0.0712169532775879,
0.00961803436279297),(0.0861399867534637,0.108783044815063,0.000381966114044191),
(0.0861399867534637,0.108783044815063,0.00961803436279297),(0.0861938517093658,
0.0714790668487549,0.00021798610687256),(0.0861938517093658,0.0714790668487549,
0.00978201293945313),(0.0861938517093658,0.108520933151245,0.00021798610687256),
(0.0861938517093658,0.108520933151245,0.00978201293945313),(0.0862522177696228,
0.0717630786895752,9.78860855102501E-5),(0.0862522177696228,0.0717630786895752,
0.00990211296081543),(0.0862522177696228,0.108236921310425,9.78860855102501E-5),
(0.0862522177696228,0.108236921310425,0.00990211296081543),(0.0863136467933655,
0.0720619964599609,2.46229171752899E-5),(0.0863136467933655,0.0720619964599609,
0.00997537708282471),(0.0863136467933655,0.107938003540039,2.46229171752899E-5),
(0.0863136467933655,0.107938003540039,0.00997537708282471),(0.086480447769165,
0.0749049100875854,0.),(0.086480447769165,0.0749049100875854,0.01),(0.0864838707447052,
0.0733676280975342,0.005),(0.0866569356918335,0.107686828613281,0.),(0.0866569356918335,
0.107686828613281,0.01),(0.0866726717948914,0.0723102035522461,0.),(0.0866726717948914,
0.0723102035522461,0.01),(0.0868711886405945,0.105180810928345,0.),(0.0868711886405945,
0.105180810928345,0.01),(0.0869123377799988,0.0702397785186767,0.002),(0.0869123377799988,
0.0702397785186767,0.008),(0.0869751737117767,0.0702549724578857,0.00168713092803955),
(0.0869751737117767,0.0702549724578857,0.00831286907196045),(0.0869751737117767,
0.109745027542114,0.00168713092803955),(0.0869751737117767,0.109745027542114,
0.00831286907196045),(0.0869862678050995,0.0703273906707763,0.00138196611404419),
(0.0869862678050995,0.0703273906707763,0.00861803436279297),(0.0869862678050995,
0.109672607421875,0.00138196611404419),(0.0869862678050995,0.109672607421875,
0.00861803436279297),(0.0869988617897034,0.106732883453369,0.005),(0.0870044536590576,
0.0704461059570312,0.00109201908111572),(0.0870044536590576,0.0704461059570312,
0.00890798091888428),(0.0870044536590576,0.10955389213562,0.00109201908111572),
(0.0870044536590576,0.10955389213562,0.00890798091888428),(0.0870292847156525,
0.0706081943511963,0.000824429035186766),(0.0870292847156525,0.0706081943511963,
0.00917556953430176),(0.0870292847156525,0.109391805648804,0.000824429035186766),
(0.0870292847156525,0.109391805648804,0.00917556953430176),(0.0870305786132812,
0.10977833366394,0.002),(0.0870305786132812,0.10977833366394,0.008),(0.0870601487159729,
0.070809663772583,0.000585785865783691),(0.0870601487159729,0.070809663772583,
0.00941421318054199),(0.0870601487159729,0.109190334320068,0.000585785865783691),
(0.0870601487159729,0.109190334320068,0.00941421318054199),(0.0870962858200073,
0.0710455551147461,0.000381966114044191),(0.0870962858200073,0.0710455551147461,
0.00961803436279297),(0.0870962858200073,0.108954442977905,0.000381966114044191),
(0.0870962858200073,0.108954442977905,0.00961803436279297),(0.0871368067264557,
0.07131005859375,0.00021798610687256),(0.0871368067264557,0.07131005859375,
0.00978201293945313),(0.0871368067264557,0.108689939498901,0.00021798610687256),
(0.0871368067264557,0.108689939498901,0.00978201293945313),(0.0871807126998901,
0.0715966625213623,9.78860855102501E-5),(0.0871807126998901,0.0715966625213623,
0.00990211296081543),(0.0871807126998901,0.108403335571289,9.78860855102501E-5),
(0.0871807126998901,0.108403335571289,0.00990211296081543),(0.087226922750473,
0.0718983078002929,2.46229171752899E-5),(0.087226922750473,0.0718983078002929,
0.00997537708282471),(0.087226922750473,0.108101690292358,2.46229171752899E-5),
(0.087226922750473,0.108101690292358,0.00997537708282471),(0.087355949640274,
0.0747272109985351,0.),(0.087355949640274,0.0747272109985351,0.01),(0.0874054477214813,
0.0731991863250732,0.005),(0.0876030056476593,0.107839685440064,0.),(0.0876030056476593,
0.107839685440064,0.01),(0.0876188766956329,0.0721581878662109,0.),(0.0876188766956329,
0.0721581878662109,0.01),(0.0877509846687317,0.105335856437683,0.),(0.0877509846687317,
0.105335856437683,0.01),(0.0879171397686005,0.0701087532043457,0.002),(0.0879171397686005,
0.0701087532043457,0.008),(0.0879251987934112,0.106872802734375,0.005),
(0.0879791247844696,0.0701271095275879,0.00168713092803955),(0.0879791247844696,
0.0701271095275879,0.00831286907196045),(0.0879791247844696,0.109872888565063,
0.00168713092803955),(0.0879791247844696,0.109872888565063,0.00831286907196045),
(0.0879865367412567,0.0701999969482422,0.00138196611404419),(0.0879865367412567,
0.0701999969482422,0.00861803436279297),(0.0879865367412567,0.109800001144409,
0.00138196611404419),(0.0879865367412567,0.109800001144409,0.00861803436279297),
(0.0879986867904663,0.0703194808959961,0.00109201908111572),(0.0879986867904663,
0.0703194808959961,0.00890798091888428),(0.0879986867904663,0.109680517196655,
0.00109201908111572),(0.0879986867904663,0.109680517196655,0.00890798091888428),
(0.0880152766704559,0.0704826202392578,0.000824429035186766),(0.0880152766704559,
0.0704826202392578,0.00917556953430176),(0.0880152766704559,0.109517379760742,
0.000824429035186766),(0.0880152766704559,0.109517379760742,0.00917556953430176),
(0.0880358967781067,0.0706853942871093,0.000585785865783691),(0.0880358967781067,
0.0706853942871093,0.00941421318054199),(0.0880358967781067,0.109314605712891,
0.000585785865783691),(0.0880358967781067,0.109314605712891,0.00941421318054199),
(0.0880361456871033,0.109903345108032,0.002),(0.0880361456871033,0.109903345108032,
0.008),(0.0880600397586822,0.0709228134155273,0.000381966114044191),(0.0880600397586822,
0.0709228134155273,0.00961803436279297),(0.0880600397586822,0.109077186584473,
0.000381966114044191),(0.0880600397586822,0.109077186584473,0.00961803436279297),
(0.0880871117115021,0.0711890296936035,0.00021798610687256),(0.0880871117115021,
0.0711890296936035,0.00978201293945313),(0.0880871117115021,0.108810970306396,
0.00021798610687256),(0.0880871117115021,0.108810970306396,0.00978201293945313),
(0.0881164447069168,0.0714774894714355,9.78860855102501E-5),(0.0881164447069168,
0.0714774894714355,0.00990211296081543),(0.0881164447069168,0.108522510528564,
9.78860855102501E-5),(0.0881164447069168,0.108522510528564,0.00990211296081543),
(0.0881473177671432,0.0717810878753662,2.46229171752899E-5),(0.0881473177671432,
0.0717810878753662,0.00997537708282471),(0.0881473177671432,0.108218910217285,
2.46229171752899E-5),(0.0881473177671432,0.108218910217285,0.00997537708282471),
(0.0882402347326279,0.0746002464294434,0.),(0.0882402347326279,0.0746002464294434,
0.01),(0.0883349046707153,0.0730817680358886,0.005),(0.0885558696985245,
0.107941974639893,0.),(0.0885558696985245,0.107941974639893,0.01),(0.088571831703186,
0.0720567455291748,0.),(0.088571831703186,0.0720567455291748,0.01),(0.0886382517814636,
0.105439957618713,0.),(0.0886382517814636,0.105439957618713,0.01),(0.0888578367233276,
0.106961479187012,0.005),(0.0889272887706757,0.070028787612915,0.002),(0.0889272887706757,
0.070028787612915,0.008),(0.0889882637262344,0.0700502605438232,0.00168713092803955),
(0.0889882637262344,0.0700502605438232,0.00831286907196045),(0.0889882637262344,
0.109949737548828,0.00168713092803955),(0.0889882637262344,0.109949737548828,
0.00831286907196045),(0.0889919747114181,0.0701234302520752,0.00138196611404419),
(0.0889919747114181,0.0701234302520752,0.00861803436279297),(0.0889919747114181,
0.109876567840576,0.00138196611404419),(0.0889919747114181,0.109876567840576,
0.00861803436279297),(0.0889980577230454,0.0702433757781983,0.00109201908111572),
(0.0889980577230454,0.0702433757781983,0.00890798091888428),(0.0889980577230454,
0.109756622314453,0.00109201908111572),(0.0889980577230454,0.109756622314453,
0.00890798091888428),(0.0890063637495041,0.0704071445465088,0.000824429035186766),
(0.0890063637495041,0.0704071445465088,0.00917556953430176),(0.0890063637495041,
0.109592853546143,0.000824429035186766),(0.0890063637495041,0.109592853546143,
0.00917556953430176),(0.0890166867375374,0.070610704421997,0.000585785865783691),
(0.0890166867375374,0.070610704421997,0.00941421318054199),(0.0890166867375374,
0.109389295578003,0.000585785865783691),(0.0890166867375374,0.109389295578003,
0.00941421318054199),(0.0890287737250328,0.0708490409851074,0.000381966114044191),
(0.0890287737250328,0.0708490409851074,0.00961803436279297),(0.0890287737250328,
0.109150957107544,0.000381966114044191),(0.0890287737250328,0.109150957107544,
0.00961803436279297),(0.0890423267483711,0.0711162872314453,0.00021798610687256),
(0.0890423267483711,0.0711162872314453,0.00978201293945313),(0.0890423267483711,
0.108883712768555,0.00021798610687256),(0.0890423267483711,0.108883712768555,
0.00978201293945313),(0.0890467547178268,0.109977270126343,0.002),(0.0890467547178268,
0.109977270126343,0.008),(0.0890570127367973,0.0714058609008789,9.78860855102501E-5),
(0.0890570127367973,0.0714058609008789,0.00990211296081543),(0.0890570127367973,
0.108594137191772,9.78860855102501E-5),(0.0890570127367973,0.108594137191772,
0.00990211296081543),(0.0890724687576294,0.0717106342315674,2.46229171752899E-5),
(0.0890724687576294,0.0717106342315674,0.00997537708282471),(0.0890724687576294,
0.108289363861084,2.46229171752899E-5),(0.0890724687576294,0.108289363861084,
0.00997537708282471),(0.089130365729332,0.0745244379043579,0.),(0.089130365729332,
0.0745244379043579,0.01),(0.0892694187164307,0.0730157279968262,0.005),
(0.089490788757801,0.107191596984863,0.00960000038146973),(0.089490788757801,
0.107191596984863,0.01),(0.0895128277242184,0.107993406295776,0.),(0.0895128277242184,
0.107993406295776,0.01),(0.0895288347303867,0.0720061664581299,0.),(0.0895288347303867,
0.0720061664581299,0.01),(0.0895300427377224,0.105492768287659,0.),(0.0895300427377224,
0.105492768287659,0.01),(0.0896706627309322,0.106207889556885,0.00960000038146973),
(0.0896706627309322,0.106207889556885,0.01),(0.0897939437329769,0.106998645782471,
0.005),(0.0899401907287538,0.0700000896453857,0.002),(0.0899401907287538,
0.0700000896453857,0.008),(0.0900000007300405,0.0700246219635009,0.00168713092803955),
(0.0900000007300405,0.0700246219635009,0.00831286907196045),(0.0900000007300405,
0.0700978889465332,0.00138196611404419),(0.0900000007300405,0.0700978889465332,
0.00861803436279297),(0.0900000007300405,0.0702179889678955,0.00109201908111572),
(0.0900000007300405,0.0702179889678955,0.00890798091888428),(0.0900000007300405,
0.070381965637207,0.000824429035186766),(0.0900000007300405,0.070381965637207,
0.00917556953430176),(0.0900000007300405,0.070585786819458,0.000585785865783691),
(0.0900000007300405,0.070585786819458,0.00941421318054199),(0.0900000007300405,
0.0708244285583496,0.000381966114044191),(0.0900000007300405,0.0708244285583496,
0.00961803436279297),(0.0900000007300405,0.0710920181274414,0.00021798610687256),
(0.0900000007300405,0.0710920181274414,0.00978201293945313),(0.0900000007300405,
0.071381965637207,9.78860855102501E-5),(0.0900000007300405,0.071381965637207,
0.00990211296081543),(0.0900000007300405,0.0716871299743652,2.46229171752899E-5),
(0.0900000007300405,0.0716871299743652,0.00997537708282471),(0.0900000007300405,
0.108312868118286,2.46229171752899E-5),(0.0900000007300405,0.108312868118286,
0.00997537708282471),(0.0900000007300405,0.108618034362793,9.78860855102501E-5),
(0.0900000007300405,0.108618034362793,0.00990211296081543),(0.0900000007300405,
0.10890797996521,0.00021798610687256),(0.0900000007300405,0.10890797996521,
0.00978201293945313),(0.0900000007300405,0.109175569534302,0.000381966114044191),
(0.0900000007300405,0.109175569534302,0.00961803436279297),(0.0900000007300405,
0.109414213180542,0.000585785865783691),(0.0900000007300405,0.109414213180542,
0.00941421318054199),(0.0900000007300405,0.109618034362793,0.000824429035186766),
(0.0900000007300405,0.109618034362793,0.00917556953430176),(0.0900000007300405,
0.109782012939453,0.00109201908111572),(0.0900000007300405,0.109782012939453,
0.00890798091888428),(0.0900000007300405,0.109902112960815,0.00138196611404419),
(0.0900000007300405,0.109902112960815,0.00861803436279297),(0.0900000007300405,
0.10997537612915,0.00168713092803955),(0.0900000007300405,0.10997537612915,
0.00831286907196045),(0.0900145817296579,0.107265516281128,0.00960000038146973),
(0.0900145817296579,0.107265516281128,0.01),(0.0900233847294003,0.0745000381469726,
0.),(0.0900233847294003,0.0745000381469726,0.01),(0.0900598097294569,0.109999910354614,
0.002),(0.0900598097294569,0.109999910354614,0.008),(0.0902061497271061,
0.0730012702941894,0.005),(0.0902205277234316,0.106280874252319,0.00960000038146973),
(0.0902205277234316,0.106280874252319,0.01),(0.0904233937263489,0.105494112968445,
0.),(0.0904233937263489,0.105494112968445,0.01),(0.0904711647331715,0.107993831634522,
0.),(0.0904711647331715,0.107993831634522,0.01),(0.0904871727228165,0.0720065937042236,
0.),(0.0904871727228165,0.0720065937042236,0.01),(0.0905422847270966,0.107302331924438,
0.00960000038146973),(0.0905422847270966,0.107302331924438,0.01),(0.0907306747436523,
0.106984188079834,0.005),(0.0907746157050133,0.106306713104248,0.00960000038146973),
(0.0907746157050133,0.106306713104248,0.01),(0.0909163267016411,0.0745271272659302,
0.),(0.0909163267016411,0.0745271272659302,0.01),(0.0909275307059288,0.0717106342315674,
2.46229171752899E-5),(0.0909275307059288,0.0717106342315674,0.00997537708282471),
(0.0909275307059288,0.108289363861084,2.46229171752899E-5),(0.0909275307059288,
0.108289363861084,0.00997537708282471),(0.0909429877400398,0.0714058609008789,
9.78860855102501E-5),(0.0909429877400398,0.0714058609008789,0.00990211296081543),
(0.0909429877400398,0.108594137191772,9.78860855102501E-5),(0.0909429877400398,
0.108594137191772,0.00990211296081543),(0.0909532447457314,0.0700227298736572,
0.002),(0.0909532447457314,0.0700227298736572,0.008),(0.0909576727151871,
0.0711162872314453,0.00021798610687256),(0.0909576727151871,0.0711162872314453,
0.00978201293945313),(0.0909576727151871,0.108883712768555,0.00021798610687256),
(0.0909576727151871,0.108883712768555,0.00978201293945313),(0.0909712257385254,
0.0708490409851074,0.000381966114044191),(0.0909712257385254,0.0708490409851074,
0.00961803436279297),(0.0909712257385254,0.109150957107544,0.000381966114044191),
(0.0909712257385254,0.109150957107544,0.00961803436279297),(0.0909833127260208,
0.070610704421997,0.000585785865783691),(0.0909833127260208,0.070610704421997,
0.00941421318054199),(0.0909833127260208,0.109389295578003,0.000585785865783691),
(0.0909833127260208,0.109389295578003,0.00941421318054199),(0.0909936367273331,
0.0704071445465088,0.000824429035186766),(0.0909936367273331,0.0704071445465088,
0.00917556953430176),(0.0909936367273331,0.109592853546143,0.000824429035186766),
(0.0909936367273331,0.109592853546143,0.00917556953430176),(0.0910019416809082,
0.0702433757781983,0.00109201908111572),(0.0910019416809082,0.0702433757781983,
0.00890798091888428),(0.0910019416809082,0.109756622314453,0.00109201908111572),
(0.0910019416809082,0.109756622314453,0.00890798091888428),(0.0910080246925354,
0.0701234302520752,0.00138196611404419),(0.0910080246925354,0.0701234302520752,
0.00861803436279297),(0.0910080246925354,0.109876567840576,0.00138196611404419),
(0.0910080246925354,0.109876567840576,0.00861803436279297),(0.0910117356777191,
0.0700502605438232,0.00168713092803955),(0.0910117356777191,0.0700502605438232,
0.00831286907196045),(0.0910117356777191,0.109949737548828,0.00168713092803955),
(0.0910117356777191,0.109949737548828,0.00831286907196045),(0.0910712686777115,
0.107301858901978,0.00960000038146973),(0.0910712686777115,0.107301858901978,
0.01),(0.0910727117061615,0.109971210479736,0.002),(0.0910727117061615,
0.109971210479736,0.008),(0.0911422567367554,0.0730384368896485,0.005),
(0.0913153396844864,0.105443987846375,0.),(0.0913153396844864,0.105443987846375,
0.01),(0.0913288877010345,0.106285217285156,0.00960000038146973),(0.0913288877010345,
0.106285217285156,0.01),(0.0914281677007675,0.107943252563477,0.),(0.0914281677007675,
0.107943252563477,0.01),(0.0914441297054291,0.0720580234527588,0.),(0.0914441297054291,
0.0720580234527588,0.01),(0.0915989047288895,0.107264099121094,0.00960000038146973),
(0.0915989047288895,0.107264099121094,0.01),(0.0916651887893677,0.106918148040772,
0.005),(0.0917524077892303,0.10570910358429,0.00960000038146973),(0.0917524077892303,
0.10570910358429,0.01),(0.0918062257766724,0.0746056156158447,0.),(0.0918062257766724,
0.0746056156158447,0.01),(0.0918526817560196,0.0717810878753662,2.46229171752899E-5),
(0.0918526817560196,0.0717810878753662,0.00997537708282471),(0.0918526817560196,
0.108218910217285,2.46229171752899E-5),(0.0918526817560196,0.108218910217285,
0.00997537708282471),(0.0918793097734451,0.106216541290283,0.00960000038146973),
(0.0918793097734451,0.106216541290283,0.01),(0.0918835546970367,0.0714774894714355,
9.78860855102501E-5),(0.0918835546970367,0.0714774894714355,0.00990211296081543),
(0.0918835546970367,0.108522510528564,9.78860855102501E-5),(0.0918835546970367,
0.108522510528564,0.00990211296081543),(0.0919128876924515,0.0711890296936035,
0.00021798610687256),(0.0919128876924515,0.0711890296936035,0.00978201293945313),
(0.0919128876924515,0.108810970306396,0.00021798610687256),(0.0919128876924515,
0.108810970306396,0.00978201293945313),(0.0919399597644806,0.0709228134155273,
0.000381966114044191),(0.0919399597644806,0.0709228134155273,0.00961803436279297),
(0.0919399597644806,0.109077186584473,0.000381966114044191),(0.0919399597644806,
0.109077186584473,0.00961803436279297),(0.0919638537168503,0.0700966529846191,
0.002),(0.0919638537168503,0.0700966529846191,0.008),(0.0919641027450561,
0.0706853942871093,0.000585785865783691),(0.0919641027450561,0.0706853942871093,
0.00941421318054199),(0.0919641027450561,0.109314605712891,0.000585785865783691),
(0.0919641027450561,0.109314605712891,0.00941421318054199),(0.0919847227334976,
0.0704826202392578,0.000824429035186766),(0.0919847227334976,0.0704826202392578,
0.00917556953430176),(0.0919847227334976,0.109517379760742,0.000824429035186766),
(0.0919847227334976,0.109517379760742,0.00917556953430176),(0.0920013127326965,
0.0703194808959961,0.00109201908111572),(0.0920013127326965,0.0703194808959961,
0.00890798091888428),(0.0920013127326965,0.109680517196655,0.00109201908111572),
(0.0920013127326965,0.109680517196655,0.00890798091888428),(0.0920134627819061,
0.0701999969482422,0.00138196611404419),(0.0920134627819061,0.0701999969482422,
0.00861803436279297),(0.0920134627819061,0.109800001144409,0.00138196611404419),
(0.0920134627819061,0.109800001144409,0.00861803436279297),(0.0920208747386932,
0.0701271095275879,0.00168713092803955),(0.0920208747386932,0.0701271095275879,
0.00831286907196045),(0.0920208747386932,0.109872888565063,0.00168713092803955),
(0.0920208747386932,0.109872888565063,0.00831286907196045),(0.0920748946666717,
0.0731271133422852,0.005),(0.0920828597545624,0.109891246795654,0.002),
(0.0920828597545624,0.109891246795654,0.008),(0.0921225657463074,0.10718924331665,
0.00960000038146973),(0.0921225657463074,0.10718924331665,0.01),(0.0922029166221619,
0.105342559814453,0.),(0.0922029166221619,0.105342559814453,0.01),(0.0922490468025207,
0.107694999694824,0.00960000038146973),(0.0922490468025207,0.107694999694824,
0.01),(0.0923811228275299,0.107841812133789,0.),(0.0923811228275299,0.107841812133789,
0.01),(0.0923969948291778,0.0721603126525879,0.),(0.0923969948291778,0.0721603126525879,
0.01),(0.0925946457386017,0.106800729751587,0.005),(0.092690123796463,0.074735242843628,
0.),(0.092690123796463,0.074735242843628,0.01),(0.0927730767726898,0.0718983078002929,
2.46229171752899E-5),(0.0927730767726898,0.0718983078002929,0.00997537708282471),
(0.0927730767726898,0.108101690292358,2.46229171752899E-5),(0.0927730767726898,
0.108101690292358,0.00997537708282471),(0.0928192868232727,0.0715966625213623,
9.78860855102501E-5),(0.0928192868232727,0.0715966625213623,0.00990211296081543),
(0.0928192868232727,0.108403335571289,9.78860855102501E-5),(0.0928192868232727,
0.108403335571289,0.00990211296081543),(0.0928631927967072,0.07131005859375,
0.00021798610687256),(0.0928631927967072,0.07131005859375,0.00978201293945313),
(0.0928631927967072,0.108689939498901,0.00021798610687256),(0.0928631927967072,
0.108689939498901,0.00978201293945313),(0.0929037137031555,0.0710455551147461,
0.000381966114044191),(0.0929037137031555,0.0710455551147461,0.00961803436279297),
(0.0929037137031555,0.108954442977905,0.000381966114044191),(0.0929037137031555,
0.108954442977905,0.00961803436279297),(0.0929398508071899,0.070809663772583,
0.000585785865783691),(0.0929398508071899,0.070809663772583,0.00941421318054199),
(0.0929398508071899,0.109190334320068,0.000585785865783691),(0.0929398508071899,
0.109190334320068,0.00941421318054199),(0.0929694216251373,0.0702216644287109,
0.002),(0.0929694216251373,0.0702216644287109,0.008),(0.0929707148075104,
0.0706081943511963,0.000824429035186766),(0.0929707148075104,0.0706081943511963,
0.00917556953430176),(0.0929707148075104,0.109391805648804,0.000824429035186766),
(0.0929707148075104,0.109391805648804,0.00917556953430176),(0.0929955456256866,
0.0704461059570312,0.00109201908111572),(0.0929955456256866,0.0704461059570312,
0.00890798091888428),(0.0929955456256866,0.10955389213562,0.00109201908111572),
(0.0929955456256866,0.10955389213562,0.00890798091888428),(0.0930012316703796,
0.073267032623291,0.005),(0.0930137326717377,0.0703273906707763,0.00138196611404419),
(0.0930137326717377,0.0703273906707763,0.00861803436279297),(0.0930137326717377,
0.109672607421875,0.00138196611404419),(0.0930137326717377,0.109672607421875,
0.00861803436279297),(0.0930248267650604,0.0702549724578857,0.00168713092803955),
(0.0930248267650604,0.0702549724578857,0.00831286907196045),(0.0930248267650604,
0.109745027542114,0.00168713092803955),(0.0930248267650604,0.109745027542114,
0.00831286907196045),(0.0930831756591797,0.10519016456604,0.),(0.0930831756591797,
0.10519016456604,0.01),(0.0930876617431641,0.109760221481323,0.002),(0.0930876617431641,
0.109760221481323,0.008),(0.0933230376243591,0.1063362865448,0.00960000038146973),
(0.0933230376243591,0.1063362865448,0.01),(0.0933273286819458,0.107689796447754,
0.),(0.0933273286819458,0.107689796447754,0.01),(0.0933430638313293,0.0723131713867187,
0.),(0.0933430638313293,0.0723131713867187,0.01),(0.0935162227153778,0.106632287979126,
0.005),(0.0935650868415833,0.0749155769348144,0.),(0.0935650868415833,0.0749155769348144,
0.01),(0.0936863527297974,0.0720619964599609,2.46229171752899E-5),(0.0936863527297974,
0.0720619964599609,0.00997537708282471),(0.0936863527297974,0.107938003540039,
2.46229171752899E-5),(0.0936863527297974,0.107938003540039,0.00997537708282471),
(0.0937477827072144,0.0717630786895752,9.78860855102501E-5),(0.0937477827072144,
0.0717630786895752,0.00990211296081543),(0.0937477827072144,0.108236921310425,
9.78860855102501E-5),(0.0937477827072144,0.108236921310425,0.00990211296081543),
(0.093806147813797,0.0714790668487549,0.00021798610687256),(0.093806147813797,
0.0714790668487549,0.00978201293945313),(0.093806147813797,0.108520933151245,
0.00021798610687256),(0.093806147813797,0.108520933151245,0.00978201293945313),
(0.0938600137233734,0.0712169532775879,0.000381966114044191),(0.0938600137233734,
0.0712169532775879,0.00961803436279297),(0.0938600137233734,0.108783044815063,
0.000381966114044191),(0.0938600137233734,0.108783044815063,0.00961803436279297),
(0.0939080517292023,0.0709831962585449,0.000585785865783691),(0.0939080517292023,
0.0709831962585449,0.00941421318054199),(0.0939080517292023,0.109016803741455,
0.000585785865783691),(0.0939080517292023,0.109016803741455,0.00941421318054199),
(0.0939184536933899,0.0734577713012695,0.005),(0.0939490807056427,0.0707835483551025,
0.000824429035186766),(0.0939490807056427,0.0707835483551025,0.00917556953430176),
(0.0939490807056427,0.109216451644897,0.000824429035186766),(0.0939490807056427,
0.109216451644897,0.00917556953430176),(0.0939531927108765,0.104987309455872,
0.),(0.0939531927108765,0.104987309455872,0.01),(0.0939673657417297,0.0703974494934082,
0.002),(0.0939673657417297,0.0703974494934082,0.008),(0.0939820897579193,
0.0706229248046875,0.00109201908111572),(0.0939820897579193,0.0706229248046875,
0.00890798091888428),(0.0939820897579193,0.109377073287964,0.00109201908111572),
(0.0939820897579193,0.109377073287964,0.00890798091888428),(0.0940062656402588,
0.0705052833557129,0.00138196611404419),(0.0940062656402588,0.0705052833557129,
0.00861803436279297),(0.0940062656402588,0.109494714736939,0.00138196611404419),
(0.0940062656402588,0.109494714736939,0.00861803436279297),(0.0940210137367248,
0.0704335193634033,0.00168713092803955),(0.0940210137367248,0.0704335193634033,
0.00831286907196045),(0.0940210137367248,0.109566478729248,0.00168713092803955),
(0.0940210137367248,0.109566478729248,0.00831286907196045),(0.0940845375061035,
0.109578470230103,0.002),(0.0940845375061035,0.109578470230103,0.008),(0.0942641015052795,
0.107487636566162,0.),(0.0942641015052795,0.107487636566162,0.01),(0.0942796578407288,
0.0725161628723144,0.),(0.0942796578407288,0.0725161628723144,0.01),(0.0944271216392517,
0.106413333892822,0.005),(0.0944282069206238,0.0751460208892822,0.),(0.0944282069206238,
0.0751460208892822,0.01),(0.0945901665687561,0.0722717304229736,2.46229171752899E-5),
(0.0945901665687561,0.0722717304229736,0.00997537708282471),(0.0945901665687561,
0.107728269577026,2.46229171752899E-5),(0.0945901665687561,0.107728269577026,
0.00997537708282471),(0.0946666564941406,0.0719763069152832,9.78860855102501E-5),
(0.0946666564941406,0.0719763069152832,0.00990211296081543),(0.0946666564941406,
0.108023693084717,9.78860855102501E-5),(0.0946666564941406,0.108023693084717,
0.00990211296081543),(0.0947393326759338,0.0716956157684326,0.00021798610687256),
(0.0947393326759338,0.0716956157684326,0.00978201293945313),(0.0947393326759338,
0.108304384231567,0.00021798610687256),(0.0947393326759338,0.108304384231567,
0.00978201293945313),(0.0948064045906067,0.0714365692138672,0.000381966114044191),
(0.0948064045906067,0.0714365692138672,0.00961803436279297),(0.0948064045906067,
0.108563430786133,0.000381966114044191),(0.0948064045906067,0.108563430786133,
0.00961803436279297),(0.0948100776672363,0.104734667778015,0.),(0.0948100776672363,
0.104734667778015,0.01),(0.09482377576828,0.073698745727539,0.005),(0.0948662219047546,
0.0712055435180664,0.000585785865783691),(0.0948662219047546,0.0712055435180664,
0.00941421318054199),(0.0948662219047546,0.108794454574585,0.000585785865783691),
(0.0948662219047546,0.108794454574585,0.00941421318054199),(0.0949173097610474,
0.0710082302093506,0.000824429035186766),(0.0949173097610474,0.0710082302093506,
0.00917556953430176),(0.0949173097610474,0.108991769790649,0.000824429035186766),
(0.0949173097610474,0.108991769790649,0.00917556953430176),(0.0949551267623901,
0.0706235523223877,0.002),(0.0949551267623901,0.0706235523223877,0.008),
(0.094958411693573,0.0708494853973388,0.00109201908111572),(0.094958411693573,
0.0708494853973388,0.00890798091888428),(0.094958411693573,0.109150514602661,
0.00109201908111572),(0.094958411693573,0.109150514602661,0.00890798091888428),
(0.0949885149002075,0.0707332191467285,0.00138196611404419),(0.0949885149002075,
0.0707332191467285,0.00861803436279297),(0.0949885149002075,0.109266778945923,
0.00138196611404419),(0.0949885149002075,0.109266778945923,0.00861803436279297),
(0.0950068788528442,0.0706622943878174,0.00168713092803955),(0.0950068788528442,
0.0706622943878174,0.00831286907196045),(0.0950068788528442,0.109337703704834,
0.00168713092803955),(0.0950068788528442,0.109337703704834,0.00831286907196045),
(0.0950709285736084,0.109346464157105,0.002),(0.0950709285736084,0.109346464157105,
0.008),(0.0951887888908386,0.107235906600952,0.),(0.0951887888908386,0.107235906600952,
0.01),(0.095204119682312,0.0727687168121338,0.),(0.095204119682312,0.0727687168121338,
0.01),(0.0952766165733337,0.0754258069992065,0.),(0.0952766165733337,0.0754258069992065,
0.01),(0.0953245749473572,0.10614453125,0.005),(0.0954821977615356,0.0725269718170166,
2.46229171752899E-5),(0.0954821977615356,0.0725269718170166,0.00997537708282471),
(0.0954821977615356,0.107473026275635,2.46229171752899E-5),(0.0954821977615356,
0.107473026275635,0.00997537708282471),(0.09557355260849,0.0722358016967773,
9.78860855102501E-5),(0.09557355260849,0.0722358016967773,0.00990211296081543),
(0.09557355260849,0.107764196395874,9.78860855102501E-5),(0.09557355260849,
0.107764196395874,0.00990211296081543),(0.0956509838104248,0.104433078765869,
0.),(0.0956509838104248,0.104433078765869,0.01),(0.0956603517532349,0.0719591522216797,
0.00021798610687256),(0.0956603517532349,0.0719591522216797,0.00978201293945313),
(0.0956603517532349,0.108040845870972,0.00021798610687256),(0.0956603517532349,
0.108040845870972,0.00978201293945313),(0.0957144474983215,0.0739892272949219,
0.005),(0.0957404589653015,0.0717038345336914,0.000381966114044191),(0.0957404589653015,
0.0717038345336914,0.00961803436279297),(0.0957404589653015,0.10829616355896,
0.000381966114044191),(0.0957404589653015,0.10829616355896,0.00961803436279297),
(0.0958118996620178,0.0714761371612549,0.000585785865783691),(0.0958118996620178,
0.0714761371612549,0.00941421318054199),(0.0958118996620178,0.108523862838745,
0.000585785865783691),(0.0958118996620178,0.108523862838745,0.00941421318054199),
(0.0958729157447815,0.0712816638946533,0.000824429035186766),(0.0958729157447815,
0.0712816638946533,0.00917556953430176),(0.0958729157447815,0.108718336105347,
0.000824429035186766),(0.0958729157447815,0.108718336105347,0.00917556953430176),
(0.095922004699707,0.0711252040863037,0.00109201908111572),(0.095922004699707,
0.0711252040863037,0.00890798091888428),(0.095922004699707,0.108874794006348,
0.00109201908111572),(0.095922004699707,0.108874794006348,0.00890798091888428),
(0.0959301686286926,0.0708993949890137,0.002),(0.0959301686286926,0.0708993949890137,
0.008),(0.0959579586982727,0.0710106124877929,0.00138196611404419),(0.0959579586982727,
0.0710106124877929,0.00861803436279297),(0.0959579586982727,0.108989387512207,
0.00138196611404419),(0.0959579586982727,0.108989387512207,0.00861803436279297),
(0.0959798908233643,0.0709407081604004,0.00168713092803955),(0.0959798908233643,
0.0709407081604004,0.00831286907196045),(0.0959798908233643,0.109059289932251,
0.00168713092803955),(0.0959798908233643,0.109059289932251,0.00831286907196045),
(0.0960443029403686,0.109064794540405,0.002),(0.0960443029403686,0.109064794540405,
0.008),(0.0960987668037415,0.106935317993164,0.),(0.0960987668037415,0.106935317993164,
0.01),(0.0961074976921082,0.0757540082931519,0.),(0.0961074976921082,0.0757540082931519,
0.01),(0.0961138305664063,0.0730701122283935,0.),(0.0961138305664063,0.0730701122283935,
0.01),(0.0962058577537537,0.105826700210571,0.005),(0.096360155582428,0.0728270683288574,
2.46229171752899E-5),(0.096360155582428,0.0728270683288574,0.00997537708282471),
(0.096360155582428,0.107172931671143,2.46229171752899E-5),(0.096360155582428,
0.107172931671143,0.00997537708282471),(0.0964661407470703,0.0725408992767334,
9.78860855102501E-5),(0.0964661407470703,0.0725408992767334,0.00990211296081543),
(0.0964661407470703,0.107459100723267,9.78860855102501E-5),(0.0964661407470703,
0.107459100723267,0.00990211296081543),(0.0964731187820435,0.104083543777466,
0.),(0.0964731187820435,0.104083543777466,0.01),(0.0965668406486511,0.0722689990997314,
0.00021798610687256),(0.0965668406486511,0.0722689990997314,0.00978201293945313),
(0.0965668406486511,0.107730997085571,0.00021798610687256),(0.0965668406486511,
0.107730997085571,0.00978201293945313),(0.0965877656936645,0.0743283329010009,
0.005),(0.0966597757339478,0.0720180683135986,0.000381966114044191),(0.0966597757339478,
0.0720180683135986,0.00961803436279297),(0.0966597757339478,0.107981931686401,
0.000381966114044191),(0.0966597757339478,0.107981931686401,0.00961803436279297),
(0.096742657661438,0.0717942790985107,0.000585785865783691),(0.096742657661438,
0.0717942790985107,0.00941421318054199),(0.096742657661438,0.108205717086792,
0.000585785865783691),(0.096742657661438,0.108205717086792,0.00941421318054199),
(0.0968134455680847,0.0716031455993652,0.000824429035186766),(0.0968134455680847,
0.0716031455993652,0.00917556953430176),(0.0968134455680847,0.108396852493286,
0.000824429035186766),(0.0968134455680847,0.108396852493286,0.00917556953430176),
(0.0968703966140747,0.0714493751525879,0.00109201908111572),(0.0968703966140747,
0.0714493751525879,0.00890798091888428),(0.0968703966140747,0.108550624847412,
0.00109201908111572),(0.0968703966140747,0.108550624847412,0.00890798091888428),
(0.0968899865150452,0.0712242679595947,0.002),(0.0968899865150452,0.0712242679595947,
0.008),(0.0969121079444885,0.0713367500305176,0.00138196611404419),(0.0969121079444885,
0.0713367500305176,0.00861803436279297),(0.0969121079444885,0.108663248062134,
0.00138196611404419),(0.0969121079444885,0.108663248062134,0.00861803436279297),
(0.0969180908203125,0.0761295318603516,0.),(0.0969180908203125,0.0761295318603516,
0.01),(0.0969375529289246,0.0712680473327637,0.00168713092803955),(0.0969375529289246,
0.0712680473327637,0.00831286907196045),(0.0969375529289246,0.108731950759888,
0.00168713092803955),(0.0969375529289246,0.108731950759888,0.00831286907196045),
(0.0969914579391479,0.106586727142334,0.),(0.0969914579391479,0.106586727142334,
0.01),(0.0970021605491638,0.108734186172485,0.002),(0.0970021605491638,
0.108734186172485,0.008),(0.0970062108039856,0.0734194984436035,0.),(0.0970062108039856,
0.0734194984436035,0.01),(0.0970682945251465,0.105460803031921,0.005),(0.0972217864990234,
0.0731712455749511,2.46229171752899E-5),(0.0972217864990234,0.0731712455749511,
0.00997537708282471),(0.0972217864990234,0.106828754425049,2.46229171752899E-5),
(0.0972217864990234,0.106828754425049,0.00997537708282471),(0.0972737507820129,
0.103687225341797,0.),(0.0972737507820129,0.103687225341797,0.01),(0.0973421306610107,
0.072890811920166,9.78860855102501E-5),(0.0973421306610107,0.072890811920166,
0.00990211296081543),(0.0973421306610107,0.107109188079834,9.78860855102501E-5),
(0.0973421306610107,0.107109188079834,0.00990211296081543),(0.097441077709198,
0.0747150325775146,0.005),(0.0974564728736877,0.0726243629455566,0.00021798610687256),
(0.0974564728736877,0.0726243629455566,0.00978201293945313),(0.0974564728736877,
0.107375638961792,0.00021798610687256),(0.0974564728736877,0.107375638961792,
0.00978201293945313),(0.0975619978904724,0.0723784599304199,0.000381966114044191),
(0.0975619978904724,0.0723784599304199,0.00961803436279297),(0.0975619978904724,
0.10762154006958,0.000381966114044191),(0.0975619978904724,0.10762154006958,
0.00961803436279297),(0.0976561088562012,0.0721591567993164,0.000585785865783691),
(0.0976561088562012,0.0721591567993164,0.00941421318054199),(0.0976561088562012,
0.107840843200684,0.000585785865783691),(0.0976561088562012,0.107840843200684,
0.00941421318054199),(0.0977057037353516,0.0765511322021484,0.),(0.0977057037353516,
0.0765511322021484,0.01),(0.0977364859580994,0.0719718532562256,0.000824429035186766),
(0.0977364859580994,0.0719718532562256,0.00917556953430176),(0.0977364859580994,
0.108028144836426,0.000824429035186766),(0.0977364859580994,0.108028144836426,
0.00917556953430176),(0.0978011527061462,0.0718211631774903,0.00109201908111572),
(0.0978011527061462,0.0718211631774903,0.00890798091888428),(0.0978011527061462,
0.108178834915161,0.00109201908111572),(0.0978011527061462,0.108178834915161,
0.00890798091888428),(0.0978321185111999,0.0715973396301269,0.002),(0.0978321185111999,
0.0715973396301269,0.008),(0.0978485145568848,0.0717107963562011,0.00138196611404419),
(0.0978485145568848,0.0717107963562011,0.00861803436279297),(0.0978485145568848,
0.10828920173645,0.00138196611404419),(0.0978485145568848,0.10828920173645,
0.00861803436279297),(0.0978643307685852,0.106191118240356,0.),(0.0978643307685852,
0.106191118240356,0.01),(0.0978774065971375,0.0716434707641601,0.00168713092803955),
(0.0978774065971375,0.0716434707641601,0.00831286907196045),(0.0978774065971375,
0.108356527328491,0.00168713092803955),(0.0978774065971375,0.108356527328491,
0.00831286907196045),(0.0978787307739258,0.0738158836364746,0.),(0.0978787307739258,
0.0738158836364746,0.01),(0.0979092645645142,0.105047952651978,0.005),(0.0979420447349548,
0.108355487823486,0.002),(0.0979420447349548,0.108355487823486,0.008),(0.0980502204895019,
0.103245438575745,0.),(0.0980502204895019,0.103245438575745,0.01),(0.0980648794174194,
0.0735586223602295,2.46229171752899E-5),(0.0980648794174194,0.0735586223602295,
0.00997537708282471),(0.0980648794174194,0.106441375732422,2.46229171752899E-5),
(0.0980648794174194,0.106441375732422,0.00997537708282471),(0.098199273109436,
0.0732846431732178,9.78860855102501E-5),(0.098199273109436,0.0732846431732178,
0.00990211296081543),(0.098199273109436,0.106715354919434,9.78860855102501E-5),
(0.098199273109436,0.106715354919434,0.00990211296081543),(0.0982717905044556,
0.0751481523513794,0.005),(0.0983269634246826,0.0730243282318115,0.00021798610687256),
(0.0983269634246826,0.0730243282318115,0.00978201293945313),(0.0983269634246826,
0.10697566986084,0.00021798610687256),(0.0983269634246826,0.10697566986084,
0.00978201293945313),(0.0984448089599609,0.072784086227417,0.000381966114044191),
(0.0984448089599609,0.072784086227417,0.00961803436279297),(0.0984448089599609,
0.107215913772583,0.000381966114044191),(0.0984448089599609,0.107215913772583,
0.00961803436279297),(0.0984677181243896,0.0770174083709717,0.),(0.0984677181243896,
0.0770174083709717,0.01),(0.0985499057769775,0.0725698299407959,0.000585785865783691),
(0.0985499057769775,0.0725698299407959,0.00941421318054199),(0.0985499057769775,
0.107430168151855,0.000585785865783691),(0.0985499057769775,0.107430168151855,
0.00941421318054199),(0.0986396675109863,0.0723868389129639,0.000824429035186766),
(0.0986396675109863,0.0723868389129639,0.00917556953430176),(0.0986396675109863,
0.107613159179688,0.000824429035186766),(0.0986396675109863,0.107613159179688,
0.00917556953430176),(0.0987118825912476,0.0722396183013916,0.00109201908111572),
(0.0987118825912476,0.0722396183013916,0.00890798091888428),(0.0987118825912476,
0.10776037979126,0.00109201908111572),(0.0987118825912476,0.10776037979126,
0.00890798091888428),(0.0987149105072021,0.105749612808228,0.),(0.0987149105072021,
0.105749612808228,0.01),(0.0987262153625488,0.104589401245117,0.005),(0.0987289180755615,
0.0742581453323364,0.),(0.0987289180755615,0.0742581453323364,0.01),(0.0987541456222534,
0.0720176486968994,0.002),(0.0987541456222534,0.0720176486968994,0.008),
(0.0987647743225098,0.0721317920684814,0.00138196611404419),(0.0987647743225098,
0.0721317920684814,0.00861803436279297),(0.0987647743225098,0.10786820602417,
0.00138196611404419),(0.0987647743225098,0.10786820602417,0.00861803436279297),
(0.0987970390319824,0.0720660152435302,0.00168713092803955),(0.0987970390319824,
0.0720660152435302,0.00831286907196045),(0.0987970390319824,0.107933982849121,
0.00168713092803955),(0.0987970390319824,0.107933982849121,0.00831286907196045),
(0.0987999477386475,0.102759652137756,0.),(0.0987999477386475,0.102759652137756,
0.01),(0.0988615417480469,0.107929670333862,0.002),(0.0988615417480469,
0.107929670333862,0.008),(0.0988813037872315,0.0739848937988281,2.46229171752899E-5),
(0.0988813037872315,0.0739848937988281,0.00997537708282471),(0.0988872709274292,
0.106011795043945,2.46229171752899E-5),(0.0988872709274292,0.106011795043945,
0.00997537708282471),(0.0990299758911133,0.0737183933258057,9.78860855102501E-5),
(0.0990299758911133,0.0737183933258057,0.00990211296081543),(0.0990353679656982,
0.106278614044189,9.78860855102501E-5),(0.0990353679656982,0.106278614044189,
0.00990211296081543),(0.0990773830413818,0.0756263771057129,0.005),(0.0991712884902954,
0.0734652118682861,0.00021798610687256),(0.0991712884902954,0.0734652118682861,
0.00978201293945313),(0.099176079750061,0.10653212928772,0.00021798610687256),
(0.099176079750061,0.10653212928772,0.00978201293945313),(0.0992016048431396,
0.0775268115997314,0.),(0.0992016048431396,0.0775268115997314,0.01),(0.0993017768859863,
0.0732315940856934,0.000381966114044191),(0.0993017768859863,0.0732315940856934,
0.00961803436279297),(0.0993059415817261,0.106766094207764,0.000381966114044191),
(0.0993059415817261,0.106766094207764,0.00961803436279297),(0.0994182415008545,
0.0730232982635498,0.000585785865783691),(0.0994182415008545,0.0730232982635498,
0.00941421318054199),(0.0994217557907104,0.106974750518799,0.000585785865783691),
(0.0994217557907104,0.106974750518799,0.00941421318054199),(0.0995166645050049,
0.104086542129517,0.005),(0.0995178298950195,0.0728454608917236,0.000824429035186766),
(0.0995178298950195,0.0728454608917236,0.00917556953430176),(0.0995204429626465,
0.102231479644775,0.),(0.0995204429626465,0.102231479644775,0.01),(0.0995206699371338,
0.107152961730957,0.000824429035186766),(0.0995206699371338,0.107152961730957,
0.00917556953430176),(0.0995407876968384,0.105263464927673,0.),(0.0995407876968384,
0.105263464927673,0.01),(0.0995543622970581,0.0747450284957885,0.),(0.0995543622970581,
0.0747450284957885,0.01),(0.0995981016159058,0.072702470779419,0.00109201908111572),
(0.0995981016159058,0.072702470779419,0.00890798091888428),(0.0996002492904663,
0.107296335220337,0.00109201908111572),(0.0996002492904663,0.107296335220337,
0.00890798091888428),(0.0996537008285522,0.0724841194152832,0.002),(0.0996537008285522,
0.0724841194152832,0.008),(0.0996570930480957,0.0725978546142578,0.00138196611404419),
(0.0996570930480957,0.0725978546142578,0.00861803436279297),(0.0996585340499878,
0.107401344299316,0.00138196611404419),(0.0996585340499878,0.107401344299316,
0.00861803436279297),(0.0996868486404419,0.074458888053894,2.46229171752899E-5),
(0.0996868486404419,0.074458888053894,0.00997537708282471),(0.0996868486404419,
0.105541110992432,2.46229171752899E-5),(0.0996868486404419,0.105541110992432,
0.00997537708282471),(0.0996933660507202,0.072534194946289,0.00168713092803955),
(0.0996933660507202,0.072534194946289,0.00831286907196045),(0.099694088935852,
0.107465402603149,0.00168713092803955),(0.099694088935852,0.107465402603149,
0.00831286907196045),(0.0997582902908325,0.107457828521728,0.002),(0.0997582902908325,
0.107457828521728,0.008),(0.0998482694625854,0.074199912071228,9.78860855102501E-5),
(0.0998482694625854,0.074199912071228,0.00990211296081543),(0.0998482694625854,
0.105800086975098,9.78860855102501E-5),(0.0998482694625854,0.105800086975098,
0.00990211296081543),(0.0998554077148437,0.0761482524871826,0.005),(0.0999049243927002,
0.0780776481628418,0.),(0.0999049243927002,0.0780776481628418,0.01),(0.100001641273499,
0.0739538497924804,0.00021798610687256),(0.100001641273499,0.0739538497924804,
0.00978201293945313),(0.100001641273499,0.106046148300171,0.00021798610687256),
(0.100001641273499,0.106046148300171,0.00978201293945313),(0.100143186569214,
0.0737267608642578,0.000381966114044191),(0.100143186569214,0.0737267608642578,
0.00961803436279297),(0.100143186569214,0.106273237228394,0.000381966114044191),
(0.100143186569214,0.106273237228394,0.00961803436279297),(0.100209312438965,
0.10166267490387,0.),(0.100209312438965,0.10166267490387,0.01),(0.100269420623779,
0.0735242385864258,0.000585785865783691),(0.100269420623779,0.0735242385864258,
0.00941421318054199),(0.100269420623779,0.106475759506226,0.000585785865783691),
(0.100269420623779,0.106475759506226,0.00941421318054199),(0.100278212547302,
0.103540903091431,0.005),(0.10033962059021,0.104734049797058,0.),(0.10033962059021,
0.104734049797058,0.01),(0.100352724075317,0.0752751531600952,0.),(0.100352724075317,
0.0752751531600952,0.01),(0.100377233505249,0.0733512668609619,0.000824429035186766),
(0.100377233505249,0.0733512668609619,0.00917556953430176),(0.100377233505249,
0.106648731231689,0.000824429035186766),(0.100377233505249,0.106648731231689,
0.00917556953430176),(0.100461561203003,0.0749694662094116,2.46229171752899E-5),
(0.100461561203003,0.0749694662094116,0.00997537708282471),(0.100461561203003,
0.105030532836914,2.46229171752899E-5),(0.100461561203003,0.105030532836914,
0.00997537708282471),(0.100463973045349,0.0732121086120605,0.00109201908111572),
(0.100463973045349,0.0732121086120605,0.00890798091888428),(0.100463973045349,
0.106787891387939,0.00109201908111572),(0.100463973045349,0.106787891387939,
0.00890798091888428),(0.100527501106262,0.073110185623169,0.00138196611404419),
(0.100527501106262,0.073110185623169,0.00861803436279297),(0.100527501106262,
0.106889814376831,0.00138196611404419),(0.100527501106262,0.106889814376831,
0.00861803436279297),(0.100528475761414,0.0729955520629883,0.002),(0.100528475761414,
0.0729955520629883,0.008),(0.100566255569458,0.0730480098724365,0.00168713092803955),
(0.100566255569458,0.0730480098724365,0.00831286907196045),(0.100566255569458,
0.106951988220215,0.00168713092803955),(0.100566255569458,0.106951988220215,
0.00831286907196045),(0.100575340270996,0.0786680908203125,0.),(0.100575340270996,
0.0786680908203125,0.01),(0.10060350227356,0.0767121963500977,0.005),(0.100629990577698,
0.106941171646118,0.002),(0.100629990577698,0.106941171646118,0.008),(0.100635890960693,
0.0747189979553222,9.78860855102501E-5),(0.100635890960693,0.0747189979553222,
0.00990211296081543),(0.100635890960693,0.105281001091003,9.78860855102501E-5),
(0.100635890960693,0.105281001091003,0.00990211296081543),(0.100801528930664,
0.0744810199737549,0.00021798610687256),(0.100801528930664,0.0744810199737549,
0.00978201293945313),(0.100801528930664,0.105518979072571,0.00021798610687256),
(0.100801528930664,0.105518979072571,0.00978201293945313),(0.100864267349243,
0.10105512714386,0.),(0.100864267349243,0.10105512714386,0.01),(0.100954393386841,
0.0742613925933838,0.000381966114044191),(0.100954393386841,0.0742613925933838,
0.00961803436279297),(0.100954393386841,0.105738606452942,0.000381966114044191),
(0.100954393386841,0.105738606452942,0.00961803436279297),(0.101008544921875,
0.102954139709473,0.005),(0.10109072303772,0.074065523147583,0.000585785865783691),
(0.10109072303772,0.074065523147583,0.00941421318054199),(0.10109072303772,
0.105934475898743,0.000585785865783691),(0.10109072303772,0.105934475898743,
0.00941421318054199),(0.101109143257141,0.104162870407104,0.),(0.101109143257141,
0.104162870407104,0.01),(0.101121739387512,0.075847017288208,0.),(0.101121739387512,
0.075847017288208,0.01),(0.101207159042358,0.0738982353210449,0.000824429035186766),
(0.101207159042358,0.0738982353210449,0.00917556953430176),(0.101207159042358,
0.106101764678955,0.000824429035186766),(0.101207159042358,0.106101764678955,
0.00917556953430176),(0.101209416389465,0.0755186271667481,2.46229171752899E-5),
(0.101209416389465,0.0755186271667481,0.00997537708282471),(0.101209416389465,
0.104481371879578,2.46229171752899E-5),(0.101209416389465,0.104481371879578,
0.00997537708282471),(0.101210626602173,0.0792961759567261,0.),(0.101210626602173,
0.0792961759567261,0.01),(0.101300835609436,0.0737636470794678,0.00109201908111572),
(0.101300835609436,0.0737636470794678,0.00890798091888428),(0.101300835609436,
0.106236352920532,0.00109201908111572),(0.101300835609436,0.106236352920532,
0.00890798091888428),(0.101319394111633,0.0773164939880371,0.005),(0.101369444847107,
0.0736650733947754,0.00138196611404419),(0.101369444847107,0.0736650733947754,
0.00861803436279297),(0.101369444847107,0.106334926605225,0.00138196611404419),
(0.101369444847107,0.106334926605225,0.00861803436279297),(0.101376223564148,
0.0735506362915039,0.002),(0.101376223564148,0.0735506362915039,0.008),
(0.101396209716797,0.0752773103713989,9.78860855102501E-5),(0.101396209716797,
0.0752773103713989,0.00990211296081543),(0.101396209716797,0.104722688674927,
9.78860855102501E-5),(0.101396209716797,0.104722688674927,0.00990211296081543),
(0.101411297798157,0.0736049404144287,0.00168713092803955),(0.101411297798157,
0.0736049404144287,0.00831286907196045),(0.101411297798157,0.106395057678223,
0.00168713092803955),(0.101411297798157,0.106395057678223,0.00831286907196045),
(0.101474403381348,0.10638102722168,0.002),(0.101474403381348,0.10638102722168,
0.008),(0.101483132362366,0.100410856246948,0.),(0.101483132362366,0.100410856246948,
0.01),(0.10157368850708,0.0750480270385742,0.00021798610687256),(0.10157368850708,
0.0750480270385742,0.00978201293945313),(0.10157368850708,0.104951972007751,
0.00021798610687256),(0.10157368850708,0.104951972007751,0.00978201293945313),
(0.10170544719696,0.102328036308289,0.005),(0.101737481117249,0.0748364238739014,
0.000381966114044191),(0.101737481117249,0.0748364238739014,0.00961803436279297),
(0.101737481117249,0.105163575172424,0.000381966114044191),(0.101737481117249,
0.105163575172424,0.00961803436279297),(0.101808672904968,0.0799598178863525,
0.),(0.101808672904968,0.0799598178863525,0.01),(0.101847178459167,0.103551544189453,
0.),(0.101847178459167,0.103551544189453,0.01),(0.10185922908783,0.0764589996337891,
0.),(0.10185922908783,0.0764589996337891,0.01),(0.101883556365967,0.0746477108001709,
0.000585785865783691),(0.101883556365967,0.0746477108001709,0.00941421318054199),
(0.101883556365967,0.105352288246155,0.000585785865783691),(0.101883556365967,
0.105352288246155,0.00941421318054199),(0.101928498268127,0.0761049613952637,
2.46229171752899E-5),(0.101928498268127,0.0761049613952637,0.00997537708282471),
(0.101928498268127,0.103895037651062,2.46229171752899E-5),(0.101928498268127,
0.103895037651062,0.00997537708282471),(0.102000908851624,0.0779593114852905,
0.005),(0.102008316040039,0.0744865341186523,0.000824429035186766),(0.102008316040039,
0.0744865341186523,0.00917556953430176),(0.102008316040039,0.105513464927673,
0.000824429035186766),(0.102008316040039,0.105513464927673,0.00917556953430176),
(0.102063852310181,0.0997320003509521,0.),(0.102063852310181,0.0997320003509521,
0.01),(0.102108688354492,0.0743568639755249,0.00109201908111572),(0.102108688354492,
0.0743568639755249,0.00890798091888428),(0.102108688354492,0.105643135070801,
0.00109201908111572),(0.102108688354492,0.105643135070801,0.00890798091888428),
(0.102127274513245,0.0758734149932861,9.78860855102501E-5),(0.102127274513245,
0.0758734149932861,0.00990211296081543),(0.102127274513245,0.10412658405304,
9.78860855102501E-5),(0.102127274513245,0.10412658405304,0.00990211296081543),
(0.102182202339172,0.0742618913650512,0.00138196611404419),(0.102182202339172,
0.0742618913650512,0.00861803436279297),(0.102182202339172,0.105738107681274,
0.00138196611404419),(0.102182202339172,0.105738107681274,0.00861803436279297),
(0.10219476890564,0.0741479454040527,0.002),(0.10219476890564,0.0741479454040527,
0.008),(0.102227047920227,0.0742039566040039,0.00168713092803955),(0.102227047920227,
0.0742039566040039,0.00831286907196045),(0.102227047920227,0.105796042442322,
0.00168713092803955),(0.102227047920227,0.105796042442322,0.00831286907196045),
(0.102289361000061,0.105778833389282,0.002),(0.102289361000061,0.105778833389282,
0.008),(0.102316138267517,0.0756534156799316,0.00021798610687256),(0.102316138267517,
0.0756534156799316,0.00978201293945313),(0.102316138267517,0.104346583366394,
0.00021798610687256),(0.102316138267517,0.104346583366394,0.00978201293945313),
(0.102366797447205,0.101664491653442,0.005),(0.102367491722107,0.0806568126678467,
0.),(0.102367491722107,0.0806568126678467,0.01),(0.102490438461304,0.0754503793716431,
0.000381966114044191),(0.102490438461304,0.0754503793716431,0.00961803436279297),
(0.102490438461304,0.104549619674683,0.000381966114044191),(0.102490438461304,
0.104549619674683,0.00961803436279297),(0.102551630020142,0.102901804924011,
0.),(0.102551630020142,0.102901804924011,0.01),(0.102563102722168,0.0771093654632568,
0.),(0.102563102722168,0.0771093654632568,0.01),(0.102604496955872,0.0990208168029785,
0.),(0.102604496955872,0.0990208168029785,0.01),(0.102616960525513,0.0767269639968872,
2.46229171752899E-5),(0.102616960525513,0.0767269639968872,0.00997537708282471),
(0.102616960525513,0.103273035049438,2.46229171752899E-5),(0.102616960525513,
0.103273035049438,0.00997537708282471),(0.102645884513855,0.0752693071365356,
0.000585785865783691),(0.102645884513855,0.0752693071365356,0.00941421318054199),
(0.102645884513855,0.10473069190979,0.000585785865783691),(0.102645884513855,
0.10473069190979,0.00941421318054199),(0.102645977973938,0.0786386957168579,
0.005),(0.102778647422791,0.0751146564483643,0.000824429035186766),(0.102778647422791,
0.0751146564483643,0.00917556953430176),(0.102778647422791,0.104885342597961,
0.000824429035186766),(0.102778647422791,0.104885342597961,0.00917556953430176),
(0.102827209472656,0.0765057830810547,9.78860855102501E-5),(0.102827209472656,
0.0765057830810547,0.00990211296081543),(0.102827209472656,0.103494215965271,
9.78860855102501E-5),(0.102827209472656,0.103494215965271,0.00990211296081543),
(0.102885227203369,0.0813848438262939,0.),(0.102885227203369,0.0813848438262939,
0.01),(0.102885458946228,0.0749902362823486,0.00109201908111572),(0.102885458946228,
0.0749902362823486,0.00890798091888428),(0.102885458946228,0.105009762763977,
0.00109201908111572),(0.102885458946228,0.105009762763977,0.00890798091888428),
(0.102963688850403,0.0748991098403931,0.00138196611404419),(0.102963688850403,
0.0748991098403931,0.00861803436279297),(0.102963688850403,0.105100889205933,
0.00138196611404419),(0.102963688850403,0.105100889205933,0.00861803436279297),
(0.102982009887695,0.074785945892334,0.002),(0.102982009887695,0.074785945892334,
0.008),(0.102990592002869,0.100965522766113,0.005),(0.103011410713196,0.0748435201644898,
0.00168713092803955),(0.103011410713196,0.0748435201644898,0.00831286907196045),
(0.103011410713196,0.105156478881836,0.00168713092803955),(0.103011410713196,
0.105156478881836,0.00831286907196045),(0.103026973724365,0.0762956314086914,
0.00021798610687256),(0.103026973724365,0.0762956314086914,0.00978201293945313),
(0.103026973724365,0.103704367637634,0.00021798610687256),(0.103026973724365,
0.103704367637634,0.00978201293945313),(0.103072772979736,0.105136135101318,
0.002),(0.103072772979736,0.105136135101318,0.008),(0.103103271484375,0.0982796659469604,
0.),(0.103103271484375,0.0982796659469604,0.01),(0.103211333274841,0.0761016845703125,
0.000381966114044191),(0.103211333274841,0.0761016845703125,0.00961803436279297),
(0.103211333274841,0.103898314476013,0.000381966114044191),(0.103211333274841,
0.103898314476013,0.00961803436279297),(0.103220502853394,0.102215494155884,
0.),(0.103220502853394,0.102215494155884,0.01),(0.103231365203857,0.0777962703704834,
0.),(0.103231365203857,0.0777962703704834,0.01),(0.103252641677856,0.0793525829315186,
0.005),(0.103273035049438,0.0773830375671387,2.46229171752899E-5),(0.103273035049438,
0.0773830375671387,0.00997537708282471),(0.103273035049438,0.102616959571838,
2.46229171752899E-5),(0.103273035049438,0.102616959571838,0.00997537708282471),
(0.103360158920288,0.0821414942741394,0.),(0.103360158920288,0.0821414942741394,
0.01),(0.103375750541687,0.0759287176132202,0.000585785865783691),(0.103375750541687,
0.0759287176132202,0.00941421318054199),(0.103375750541687,0.104071281433105,
0.000585785865783691),(0.103375750541687,0.104071281433105,0.00941421318054199),
(0.103494216918945,0.0771727895736694,9.78860855102501E-5),(0.103494216918945,
0.0771727895736694,0.00990211296081543),(0.103494216918945,0.102827209472656,
9.78860855102501E-5),(0.103494216918945,0.102827209472656,0.00990211296081543),
(0.103516175270081,0.0757809896469116,0.000824429035186766),(0.103516175270081,
0.0757809896469116,0.00917556953430176),(0.103516175270081,0.104219009399414,
0.000824429035186766),(0.103516175270081,0.104219009399414,0.00917556953430176),
(0.103558518409729,0.0975110111236572,0.),(0.103558518409729,0.0975110111236572,
0.01),(0.103574934005737,0.100233251571655,0.005),(0.103629152297974,0.0756621389389038,
0.00109201908111572),(0.103629152297974,0.0756621389389038,0.00890798091888428),
(0.103629152297974,0.104337860107422,0.00109201908111572),(0.103629152297974,
0.104337860107422,0.00890798091888428),(0.103704368591309,0.0769730262756348,
0.00021798610687256),(0.103704368591309,0.0769730262756348,0.00978201293945313),
(0.103704368591309,0.103026972770691,0.00021798610687256),(0.103704368591309,
0.103026972770691,0.00978201293945313),(0.103711897850037,0.0755750913619995,
0.00138196611404419),(0.103711897850037,0.0755750913619995,0.00861803436279297),
(0.103711897850037,0.104424907684326,0.00138196611404419),(0.103711897850037,
0.104424907684326,0.00861803436279297),(0.103735926628113,0.0754630012512207,
0.002),(0.103735926628113,0.0754630012512207,0.008),(0.103762373924255,
0.075521990776062,0.00168713092803955),(0.103762373924255,0.075521990776062,
0.00831286907196045),(0.103762373924255,0.104478008270264,0.00168713092803955),
(0.103762373924255,0.104478008270264,0.00831286907196045),(0.103790710449219,
0.0829242491722107,0.),(0.103790710449219,0.0829242491722107,0.01),(0.103819058418274,
0.0800988073348999,0.005),(0.103822626113892,0.10445458316803,0.002),(0.103822626113892,
0.10445458316803,0.008),(0.103851900100708,0.101494557380676,0.),(0.103851900100708,
0.101494557380676,0.01),(0.103862120628357,0.0785177688598633,0.),(0.103862120628357,
0.0785177688598633,0.01),(0.103895037651062,0.0780715007781982,2.46229171752899E-5),
(0.103895037651062,0.0780715007781982,0.00997537708282471),(0.103895037651062,
0.101928498268127,2.46229171752899E-5),(0.103895037651062,0.101928498268127,
0.00997537708282471),(0.103898315429687,0.0767886657714844,0.000381966114044191),
(0.103898315429687,0.0767886657714844,0.00961803436279297),(0.103898315429687,
0.103211333274841,0.000381966114044191),(0.103898315429687,0.103211333274841,
0.00961803436279297),(0.103968725204468,0.0967174048423767,0.),(0.103968725204468,
0.0967174048423767,0.01),(0.104071281433105,0.0766242485046387,0.000585785865783691),
(0.104071281433105,0.0766242485046387,0.00941421318054199),(0.104071281433105,
0.103375751495361,0.000585785865783691),(0.104071281433105,0.103375751495361,
0.00941421318054199),(0.104118050575256,0.0994699020385742,0.005),(0.10412658405304,
0.0778727235794067,9.78860855102501E-5),(0.10412658405304,0.0778727235794067,
0.00990211296081543),(0.10412658405304,0.102127274513245,9.78860855102501E-5),
(0.10412658405304,0.102127274513245,0.00990211296081543),(0.104175450325012,
0.0837305088043213,0.),(0.104175450325012,0.0837305088043213,0.01),(0.104219009399414,
0.0764838228225708,0.000824429035186766),(0.104219009399414,0.0764838228225708,
0.00917556953430176),(0.104219009399414,0.103516176223755,0.000824429035186766),
(0.104219009399414,0.103516176223755,0.00917556953430176),(0.104332529067993,
0.0959014840126038,0.),(0.104332529067993,0.0959014840126038,0.01),(0.104337860107422,
0.0763708467483521,0.00109201908111572),(0.104337860107422,0.0763708467483521,
0.00890798091888428),(0.104337860107422,0.103629152297974,0.00109201908111572),
(0.104337860107422,0.103629152297974,0.00890798091888428),(0.104343506813049,
0.0808751001358032,0.005),(0.104346584320068,0.0776838607788086,0.00021798610687256),
(0.104346584320068,0.0776838607788086,0.00978201293945313),(0.104346584320068,
0.102316138267517,0.00021798610687256),(0.104346584320068,0.102316138267517,
0.00978201293945313),(0.104424907684326,0.0762881021499634,0.00138196611404419),
(0.104424907684326,0.0762881021499634,0.00861803436279297),(0.104424907684326,
0.103711896896362,0.00138196611404419),(0.104424907684326,0.103711896896362,
0.00861803436279297),(0.104444033622742,0.100741037368774,0.),(0.104444033622742,
0.100741037368774,0.01),(0.104453582763672,0.0792718152999878,0.),(0.104453582763672,
0.0792718152999878,0.01),(0.104454584121704,0.0761773729324341,0.002),(0.104454584121704,
0.0761773729324341,0.008),(0.104478008270264,0.0762376260757446,0.00168713092803955),
(0.104478008270264,0.0762376260757446,0.00831286907196045),(0.104478008270264,
0.103762372970581,0.00168713092803955),(0.104478008270264,0.103762372970581,
0.00831286907196045),(0.104481371879578,0.0787905826568604,2.46229171752899E-5),
(0.104481371879578,0.0787905826568604,0.00997537708282471),(0.104481371879578,
0.101209416389465,2.46229171752899E-5),(0.104481371879578,0.101209416389465,
0.00997537708282471),(0.104513101577759,0.0845575952529907,0.),(0.104513101577759,
0.0845575952529907,0.01),(0.104536997795105,0.103735926628113,0.002),(0.104536997795105,
0.103735926628113,0.008),(0.104549619674683,0.077509560585022,0.000381966114044191),
(0.104549619674683,0.077509560585022,0.00961803436279297),(0.104549619674683,
0.102490438461304,0.000381966114044191),(0.104549619674683,0.102490438461304,
0.00961803436279297),(0.104618290901184,0.0986777935028076,0.005),(0.104648721694946,
0.0950659589767456,0.),(0.104648721694946,0.0950659589767456,0.01),(0.104722689628601,
0.0786037893295288,9.78860855102501E-5),(0.104722689628601,0.0786037893295288,
0.00990211296081543),(0.104722689628601,0.101396209716797,9.78860855102501E-5),
(0.104722689628601,0.101396209716797,0.00990211296081543),(0.10473069190979,
0.077354115486145,0.000585785865783691),(0.10473069190979,0.077354115486145,
0.00941421318054199),(0.10473069190979,0.102645884513855,0.000585785865783691),
(0.10473069190979,0.102645884513855,0.00941421318054199),(0.104802540779114,
0.0854027609825134,0.),(0.104802540779114,0.0854027609825134,0.01),(0.1048243932724,
0.0816791048049927,0.005),(0.104885342597961,0.0772213516235352,0.000824429035186766),
(0.104885342597961,0.0772213516235352,0.00917556953430176),(0.104885342597961,
0.102778647422791,0.000824429035186766),(0.104885342597961,0.102778647422791,
0.00917556953430176),(0.104916254043579,0.0942136058807373,0.),(0.104916254043579,
0.0942136058807373,0.01),(0.104951972961426,0.0784263114929199,0.00021798610687256),
(0.104951972961426,0.0784263114929199,0.00978201293945313),(0.104951972961426,
0.10157368850708,0.00021798610687256),(0.104951972961426,0.10157368850708,
0.00978201293945313),(0.104995223045349,0.0999570713043213,0.),(0.104995223045349,
0.0999570713043213,0.01),(0.105004075050354,0.0800562725067139,0.),(0.105004075050354,
0.0800562725067139,0.01),(0.105009762763977,0.0771145401000977,0.00109201908111572),
(0.105009762763977,0.0771145401000977,0.00890798091888428),(0.105009762763977,
0.102885458946228,0.00109201908111572),(0.105009762763977,0.102885458946228,
0.00890798091888428),(0.105030532836914,0.0795384397506714,2.46229171752899E-5),
(0.105030532836914,0.0795384397506714,0.00997537708282471),(0.105030532836914,
0.100461559295654,2.46229171752899E-5),(0.105030532836914,0.100461559295654,
0.00997537708282471),(0.105042808532715,0.0862631981372833,0.),(0.105042808532715,
0.0862631981372833,0.01),(0.105074135780334,0.0978593292236328,0.005),(0.105100890159607,
0.0770363111495972,0.00138196611404419),(0.105100890159607,0.0770363111495972,
0.00861803436279297),(0.105100890159607,0.102963687896729,0.00138196611404419),
(0.105100890159607,0.102963687896729,0.00861803436279297),(0.10513423538208,
0.0933472549915314,0.),(0.10513423538208,0.0933472549915314,0.01),(0.105136136054993,
0.0769272270202637,0.002),(0.105136136054993,0.0769272270202637,0.008),
(0.105156478881836,0.0769885892868042,0.00168713092803955),(0.105156478881836,
0.0769885892868042,0.00831286907196045),(0.105156478881836,0.103011409759521,
0.00168713092803955),(0.105156478881836,0.103011409759521,0.00831286907196045),
(0.105163576126099,0.0782625179290772,0.000381966114044191),(0.105163576126099,
0.0782625179290772,0.00961803436279297),(0.105163576126099,0.101737481117249,
0.000381966114044191),(0.105163576126099,0.101737481117249,0.00961803436279297),
(0.105214053153992,0.102982009887695,0.002),(0.105214053153992,0.102982009887695,
0.008),(0.105233105659485,0.087136048078537,0.),(0.105233105659485,0.087136048078537,
0.01),(0.10526026058197,0.0825083808898926,0.005),(0.105281001091003,0.0793641080856323,
9.78860855102501E-5),(0.105281001091003,0.0793641080856323,0.00990211296081543),
(0.105281001091003,0.100635890960693,9.78860855102501E-5),(0.105281001091003,
0.100635890960693,0.00990211296081543),(0.105301942825317,0.0924697840213776,
0.),(0.105301942825317,0.0924697840213776,0.01),(0.105352289199829,0.0781164436340332,
0.000585785865783691),(0.105352289199829,0.0781164436340332,0.00941421318054199),
(0.105352289199829,0.101883555412292,0.000585785865783691),(0.105352289199829,
0.101883555412292,0.00941421318054199),(0.105372799873352,0.0880184110403061,
0.),(0.105372799873352,0.0880184110403061,0.01),(0.105418818473816,0.0915841090679169,
0.),(0.105418818473816,0.0915841090679169,0.01),(0.105461426734924,0.0889073570966721,
0.),(0.105461426734924,0.0889073570966721,0.01),(0.1054842004776,0.0970169968605041,
0.005),(0.105484475135803,0.0906931720376015,0.),(0.105484475135803,0.0906931720376015,
0.01),(0.105498693466187,0.0897999330312014,0.),(0.105498693466187,0.0897999330312014,
0.01),(0.105503907203674,0.0991448812484741,0.),(0.105503907203674,0.0991448812484741,
0.01),(0.105512036323547,0.0808689136505127,0.),(0.105512036323547,0.0808689136505127,
0.01),(0.105513464927673,0.0779916839599609,0.000824429035186766),(0.105513464927673,
0.0779916839599609,0.00917556953430176),(0.105513464927673,0.102008315086365,
0.000824429035186766),(0.105513464927673,0.102008315086365,0.00917556953430176),
(0.105518979072571,0.0791984710693359,0.00021798610687256),(0.105518979072571,
0.0791984710693359,0.00978201293945313),(0.105518979072571,0.10080152797699,
0.00021798610687256),(0.105518979072571,0.10080152797699,0.00978201293945313),
(0.105541110992432,0.0803131513595581,2.46229171752899E-5),(0.105541110992432,
0.0803131513595581,0.00997537708282471),(0.105541110992432,0.0996868476867676,
2.46229171752899E-5),(0.105541110992432,0.0996868476867676,0.00997537708282471),
(0.105643136024475,0.0778913106918335,0.00109201908111572),(0.105643136024475,
0.0778913106918335,0.00890798091888428),(0.105643136024475,0.102108688354492,
0.00109201908111572),(0.105643136024475,0.102108688354492,0.00890798091888428),
(0.10564978313446,0.0833604078292847,0.005),(0.105738107681274,0.0778177967071533,
0.00138196611404419),(0.105738107681274,0.0778177967071533,0.00861803436279297),
(0.105738107681274,0.102182202339172,0.00138196611404419),(0.105738107681274,
0.102182202339172,0.00861803436279297),(0.105738607406616,0.0790456056594849,
0.000381966114044191),(0.105738607406616,0.0790456056594849,0.00961803436279297),
(0.105738607406616,0.100954393386841,0.000381966114044191),(0.105738607406616,
0.100954393386841,0.00961803436279297),(0.105778833389282,0.0777106380462647,
0.002),(0.105778833389282,0.0777106380462647,0.008),(0.105796043395996,
0.077772952079773,0.00168713092803955),(0.105796043395996,0.077772952079773,
0.00831286907196045),(0.105796043395996,0.102227046966553,0.00168713092803955),
(0.105796043395996,0.102227046966553,0.00831286907196045),(0.105800087928772,
0.0801517295837402,9.78860855102501E-5),(0.105800087928772,0.0801517295837402,
0.00990211296081543),(0.105800087928772,0.0998482694625854,9.78860855102501E-5),
(0.105800087928772,0.0998482694625854,0.00990211296081543),(0.105847241401672,
0.0961533551216125,0.005),(0.105852053642273,0.102194767951965,0.002),(0.105852053642273,
0.102194767951965,0.008),(0.105934476852417,0.0789092760086059,0.000585785865783691),
(0.105934476852417,0.0789092760086059,0.00941421318054199),(0.105934476852417,
0.10109072303772,0.000585785865783691),(0.105934476852417,0.10109072303772,
0.00941421318054199),(0.105968644142151,0.0983067684173584,0.),(0.105968644142151,
0.0983067684173584,0.01),(0.105976027488708,0.0817074413299561,0.),(0.105976027488708,
0.0817074413299561,0.01),(0.10599177646637,0.0842325992584228,0.005),(0.106011795043945,
0.0811127281188965,2.46229171752899E-5),(0.106011795043945,0.0811127281188965,
0.00997537708282471),(0.106011795043945,0.0988872709274292,2.46229171752899E-5),
(0.106011795043945,0.0988872709274292,0.00997537708282471),(0.10604615020752,
0.0799983577728272,0.00021798610687256),(0.10604615020752,0.0799983577728272,
0.00978201293945313),(0.10604615020752,0.100001641273499,0.00021798610687256),
(0.10604615020752,0.100001641273499,0.00978201293945313),(0.106101764678955,
0.0787928400039673,0.000824429035186766),(0.106101764678955,0.0787928400039673,
0.00917556953430176),(0.106101764678955,0.101207159042358,0.000824429035186766),
(0.106101764678955,0.101207159042358,0.00917556953430176),(0.106162155151367,
0.0952710242271423,0.005),(0.106236354827881,0.078699164390564,0.00109201908111572),
(0.106236354827881,0.078699164390564,0.00890798091888428),(0.106236354827881,
0.101300834655762,0.00109201908111572),(0.106236354827881,0.101300834655762,
0.00890798091888428),(0.106273239135742,0.0798568124771118,0.000381966114044191),
(0.106273239135742,0.0798568124771118,0.00961803436279297),(0.106273239135742,
0.100143186569214,0.000381966114044191),(0.106273239135742,0.100143186569214,
0.00961803436279297),(0.106278614044189,0.0809646310806274,9.78860855102501E-5),
(0.106278614044189,0.0809646310806274,0.00990211296081543),(0.106278614044189,
0.0990353679656982,9.78860855102501E-5),(0.106278614044189,0.0990353679656982,
0.00990211296081543),(0.106285205841064,0.0851223049163818,0.005),(0.106334926605225,
0.0786305551528931,0.00138196611404419),(0.106334926605225,0.0786305551528931,
0.00861803436279297),(0.106334926605225,0.101369443893433,0.00138196611404419),
(0.106334926605225,0.101369443893433,0.00861803436279297),(0.10638102722168,
0.0785255966186523,0.002),(0.10638102722168,0.0785255966186523,0.008),(0.106388114929199,
0.0974451088905334,0.),(0.106388114929199,0.0974451088905334,0.01),(0.106394733428955,
0.0825694718360901,0.),(0.106394733428955,0.0825694718360901,0.01),(0.106395057678223,
0.0785887022018433,0.00168713092803955),(0.106395057678223,0.0785887022018433,
0.00831286907196045),(0.106395057678223,0.101411296844482,0.00168713092803955),
(0.106395057678223,0.101411296844482,0.00831286907196045),(0.106427982330322,
0.0943726859092712,0.005),(0.106441375732422,0.0819351196289062,2.46229171752899E-5),
(0.106441375732422,0.0819351196289062,0.00997537708282471),(0.106441375732422,
0.0980648803710937,2.46229171752899E-5),(0.106441375732422,0.0980648803710937,
0.00997537708282471),(0.106449363708496,0.101376222610474,0.002),(0.106449363708496,
0.101376222610474,0.008),(0.106475761413574,0.0797305793762207,0.000585785865783691),
(0.106475761413574,0.0797305793762207,0.00941421318054199),(0.106475761413574,
0.100269419670105,0.000585785865783691),(0.106475761413574,0.100269419670105,
0.00941421318054199),(0.106529174804688,0.0860268239974976,0.005),(0.106532127380371,
0.0808239192962646,0.00021798610687256),(0.106532127380371,0.0808239192962646,
0.00978201293945313),(0.106532127380371,0.099176079750061,0.00021798610687256),
(0.106532127380371,0.099176079750061,0.00978201293945313),(0.106643920898437,
0.0934610681533813,0.005),(0.106648731231689,0.079622766494751,0.000824429035186766),
(0.106648731231689,0.079622766494751,0.00917556953430176),(0.106648731231689,
0.100377233505249,0.000824429035186766),(0.106648731231689,0.100377233505249,
0.00917556953430176),(0.106715354919434,0.0818007259368896,9.78860855102501E-5),
(0.106715354919434,0.0818007259368896,0.00990211296081543),(0.106715354919434,
0.098199273109436,9.78860855102501E-5),(0.106715354919434,0.098199273109436,
0.00990211296081543),(0.106722946166992,0.0869434099197388,0.005),(0.106761135101318,
0.0965623459815979,0.),(0.106761135101318,0.0965623459815979,0.01),(0.106766094207764,
0.0806940574645996,0.000381966114044191),(0.106766094207764,0.0806940574645996,
0.00961803436279297),(0.106766094207764,0.0993059415817261,0.000381966114044191),
(0.106766094207764,0.0993059415817261,0.00961803436279297),(0.10676696395874,
0.0834525671005249,0.),(0.10676696395874,0.0834525671005249,0.01),(0.106787891387939,
0.0795360269546509,0.00109201908111572),(0.106787891387939,0.0795360269546509,
0.00890798091888428),(0.106787891387939,0.100463972091675,0.00109201908111572),
(0.106787891387939,0.100463972091675,0.00890798091888428),(0.106809314727783,
0.0925389380455017,0.005),(0.106828754425049,0.0827782130241394,2.46229171752899E-5),
(0.106828754425049,0.0827782130241394,0.00997537708282471),(0.106828754425049,
0.0972217860221863,2.46229171752899E-5),(0.106828754425049,0.0972217860221863,
0.00997537708282471),(0.1068659324646,0.0878692791461945,0.005),(0.106889812469482,
0.0794724979400635,0.00138196611404419),(0.106889812469482,0.0794724979400635,
0.00861803436279297),(0.106889812469482,0.100527501106262,0.00138196611404419),
(0.106889812469482,0.100527501106262,0.00861803436279297),(0.106923656463623,
0.0916090980768204,0.005),(0.106941173553467,0.0793700094223022,0.002),
(0.106941173553467,0.0793700094223022,0.008),(0.106951988220215,0.079433744430542,
0.00168713092803955),(0.106951988220215,0.079433744430542,0.00831286907196045),
(0.106951988220215,0.100566254615784,0.00168713092803955),(0.106951988220215,
0.100566254615784,0.00831286907196045),(0.106957695007324,0.0888016179800034,
0.005),(0.106974750518799,0.0805782432556152,0.000585785865783691),(0.106974750518799,
0.0805782432556152,0.00941421318054199),(0.106974750518799,0.0994217557907104,
0.000585785865783691),(0.106974750518799,0.0994217557907104,0.00941421318054199),
(0.10697566986084,0.0816730356216431,0.00021798610687256),(0.10697566986084,
0.0816730356216431,0.00978201293945313),(0.10697566986084,0.0983269634246826,
0.00021798610687256),(0.10697566986084,0.0983269634246826,0.00978201293945313),
(0.106986602783203,0.0906743710637092,0.005),(0.106997959136963,0.0897375960350037,
0.005),(0.107004447937012,0.100528474807739,0.002),(0.107004447937012,0.100528474807739,
0.008),(0.107086639404297,0.0956609811782837,0.),(0.107086639404297,0.0956609811782837,
0.01),(0.10709167098999,0.084354220867157,0.),(0.10709167098999,0.084354220867157,
0.01),(0.107109188079834,0.0826578688621521,9.78860855102501E-5),(0.107109188079834,
0.0826578688621521,0.00990211296081543),(0.107109188079834,0.0973421301841736,
9.78860855102501E-5),(0.107109188079834,0.0973421301841736,0.00990211296081543),
(0.107152961730957,0.0804793291091919,0.000824429035186766),(0.107152961730957,
0.0804793291091919,0.00917556953430176),(0.107152961730957,0.0995206699371338,
0.000824429035186766),(0.107152961730957,0.0995206699371338,0.00917556953430176),
(0.107172931671143,0.0836398439407349,2.46229171752899E-5),(0.107172931671143,
0.0836398439407349,0.00997537708282471),(0.107172931671143,0.0963601551055908,
2.46229171752899E-5),(0.107172931671143,0.0963601551055908,0.00997537708282471),
(0.107215915679932,0.0815551900863647,0.000381966114044191),(0.107215915679932,
0.0815551900863647,0.00961803436279297),(0.107215915679932,0.0984448089599609,
0.000381966114044191),(0.107215915679932,0.0984448089599609,0.00961803436279297),
(0.107296337127686,0.0803997497558594,0.00109201908111572),(0.107296337127686,
0.0803997497558594,0.00890798091888428),(0.107296337127686,0.0996002492904663,
0.00109201908111572),(0.107296337127686,0.0996002492904663,0.00890798091888428),
(0.107363712310791,0.0947435698509216,0.),(0.107363712310791,0.0947435698509216,
0.01),(0.10736792755127,0.0852718782424927,0.),(0.10736792755127,0.0852718782424927,
0.01),(0.107375637054443,0.0825435271263123,0.00021798610687256),(0.107375637054443,
0.0825435271263123,0.00978201293945313),(0.107375637054443,0.0974564719200134,
0.00021798610687256),(0.107375637054443,0.0974564719200134,0.00978201293945313),
(0.107401344299316,0.0803414649963379,0.00138196611404419),(0.107401344299316,
0.0803414649963379,0.00861803436279297),(0.107401344299316,0.0996585340499878,
0.00138196611404419),(0.107401344299316,0.0996585340499878,0.00861803436279297),
(0.107430168151855,0.0814500932693481,0.000585785865783691),(0.107430168151855,
0.0814500932693481,0.00941421318054199),(0.107430168151855,0.0985499057769775,
0.000585785865783691),(0.107430168151855,0.0985499057769775,0.00941421318054199),
(0.107457828521728,0.0802417087554932,0.002),(0.107457828521728,0.0802417087554932,
0.008),(0.107459102630615,0.0835338592529297,9.78860855102501E-5),(0.107459102630615,
0.0835338592529297,0.00990211296081543),(0.107459102630615,0.0964661402702332,
9.78860855102501E-5),(0.107459102630615,0.0964661402702332,0.00990211296081543),
(0.107465404510498,0.0803059101104736,0.00168713092803955),(0.107465404510498,
0.0803059101104736,0.00831286907196045),(0.107465404510498,0.099694088935852,
0.00168713092803955),(0.107465404510498,0.099694088935852,0.00831286907196045),
(0.107473026275635,0.0845178022384643,2.46229171752899E-5),(0.107473026275635,
0.0845178022384643,0.00997537708282471),(0.107473026275635,0.0954821968078613,
2.46229171752899E-5),(0.107473026275635,0.0954821968078613,0.00997537708282471),
(0.107515880584717,0.0996537008285522,0.002),(0.107515880584717,0.0996537008285522,
0.008),(0.107591567993164,0.0938127119541168,0.),(0.107591567993164,0.0938127119541168,
0.01),(0.107594951629639,0.0862029390335083,0.),(0.107594951629639,0.0862029390335083,
0.01),(0.107613159179688,0.0813603324890137,0.000824429035186766),(0.107613159179688,
0.0813603324890137,0.00917556953430176),(0.107613159179688,0.0986396675109863,
0.000824429035186766),(0.107613159179688,0.0986396675109863,0.00917556953430176),
(0.10762154006958,0.0824380011558533,0.000381966114044191),(0.10762154006958,
0.0824380011558533,0.00961803436279297),(0.10762154006958,0.0975619978904724,
0.000381966114044191),(0.10762154006958,0.0975619978904724,0.00961803436279297),
(0.107728267669678,0.0854098329544067,2.46229171752899E-5),(0.107728267669678,
0.0854098329544067,0.00997537708282471),(0.107728267669678,0.0945901660919189,
2.46229171752899E-5),(0.107728267669678,0.0945901660919189,0.00997537708282471),
(0.10773099899292,0.0834331588745117,0.00021798610687256),(0.10773099899292,
0.0834331588745117,0.00978201293945313),(0.10773099899292,0.096566840171814,
0.00021798610687256),(0.10773099899292,0.096566840171814,0.00978201293945313),
(0.10776037979126,0.0812881164550781,0.00109201908111572),(0.10776037979126,
0.0812881164550781,0.00890798091888428),(0.10776037979126,0.0987118825912476,
0.00109201908111572),(0.10776037979126,0.0987118825912476,0.00890798091888428),
(0.107764198303223,0.0844264469146729,9.78860855102501E-5),(0.107764198303223,
0.0844264469146729,0.00990211296081543),(0.107764198303223,0.0955735521316528,
9.78860855102501E-5),(0.107764198303223,0.0955735521316528,0.00990211296081543),
(0.107769554138184,0.0928710460662842,0.),(0.107769554138184,0.0928710460662842,
0.01),(0.107772102355957,0.0871447620391846,0.),(0.107772102355957,0.0871447620391846,
0.01),(0.107840843200684,0.0823438911437988,0.000585785865783691),(0.107840843200684,
0.0823438911437988,0.00941421318054199),(0.107840843200684,0.0976561079025269,
0.000585785865783691),(0.107840843200684,0.0976561079025269,0.00941421318054199),
(0.10786820602417,0.0812352256774902,0.00138196611404419),(0.10786820602417,
0.0812352256774902,0.00861803436279297),(0.10786820602417,0.0987647733688354,
0.00138196611404419),(0.10786820602417,0.0987647733688354,0.00861803436279297),
(0.107897174835205,0.0919212430715561,0.),(0.107897174835205,0.0919212430715561,
0.01),(0.107898876190186,0.0880946789979935,0.),(0.107898876190186,0.0880946789979935,
0.01),(0.107929672241211,0.0811384582519531,0.002),(0.107929672241211,0.0811384582519531,
0.008),(0.107933982849121,0.0812029600143433,0.00168713092803955),(0.107933982849121,
0.0812029600143433,0.00831286907196045),(0.107933982849121,0.0987970390319824,
0.00168713092803955),(0.107933982849121,0.0987970390319824,0.00831286907196045),
(0.107938003540039,0.0863136460781097,2.46229171752899E-5),(0.107938003540039,
0.0863136460781097,0.00997537708282471),(0.107938003540039,0.0936863529682159,
2.46229171752899E-5),(0.107938003540039,0.0936863529682159,0.00997537708282471),
(0.107974060058594,0.0909659930467606,0.),(0.107974060058594,0.0909659930467606,
0.01),(0.107974914550781,0.0890499960184097,0.),(0.107974914550781,0.0890499960184097,
0.01),(0.10798193359375,0.0833402242660522,0.000381966114044191),(0.10798193359375,
0.0833402242660522,0.00961803436279297),(0.10798193359375,0.0966597752571106,
0.000381966114044191),(0.10798193359375,0.0966597752571106,0.00961803436279297),
(0.107982349395752,0.0987541456222534,0.002),(0.107982349395752,0.0987541456222534,
0.008),(0.108,0.0900080050379038,0.),(0.108,0.0900080050379038,0.01),(0.108023693084717,
0.0853333420753479,9.78860855102501E-5),(0.108023693084717,0.0853333420753479,
0.00990211296081543),(0.108023693084717,0.0946666569709778,9.78860855102501E-5),
(0.108023693084717,0.0946666569709778,0.00990211296081543),(0.108028144836426,
0.0822635130882263,0.000824429035186766),(0.108028144836426,0.0822635130882263,
0.00917556953430176),(0.108028144836426,0.0977364859580994,0.000824429035186766),
(0.108028144836426,0.0977364859580994,0.00917556953430176),(0.10804084777832,
0.0843396482467651,0.00021798610687256),(0.10804084777832,0.0843396482467651,
0.00978201293945313),(0.10804084777832,0.0956603512763977,0.00021798610687256),
(0.10804084777832,0.0956603512763977,0.00978201293945313),(0.108101692199707,
0.0872269229888916,2.46229171752899E-5),(0.108101692199707,0.0872269229888916,
0.00997537708282471),(0.108101692199707,0.0927730760574341,2.46229171752899E-5),
(0.108101692199707,0.0927730760574341,0.00997537708282471),(0.10817883682251,
0.0821988468170166,0.00109201908111572),(0.10817883682251,0.0821988468170166,
0.00890798091888428),(0.10817883682251,0.0978011522293091,0.00109201908111572),
(0.10817883682251,0.0978011522293091,0.00890798091888428),(0.108205718994141,
0.0832573418617248,0.000585785865783691),(0.108205718994141,0.0832573418617248,
0.00941421318054199),(0.108205718994141,0.0967426571846008,0.000585785865783691),
(0.108205718994141,0.0967426571846008,0.00941421318054199),(0.108218910217285,
0.0881473180055618,2.46229171752899E-5),(0.108218910217285,0.0881473180055618,
0.00997537708282471),(0.108218910217285,0.0918526810407639,2.46229171752899E-5),
(0.108218910217285,0.0918526810407639,0.00997537708282471),(0.108236923217773,
0.0862522170543671,9.78860855102501E-5),(0.108236923217773,0.0862522170543671,
0.00990211296081543),(0.108236923217773,0.0937477819919586,9.78860855102501E-5),
(0.108236923217773,0.0937477819919586,0.00990211296081543),(0.108289203643799,
0.0821514849662781,0.00138196611404419),(0.108289203643799,0.0821514849662781,
0.00861803436279297),(0.108289203643799,0.0978485140800476,0.00138196611404419),
(0.108289203643799,0.0978485140800476,0.00861803436279297),(0.108289363861084,
0.0890724680423736,2.46229171752899E-5),(0.108289363861084,0.0890724680423736,
0.00997537708282471),(0.108289363861084,0.0909275310635567,2.46229171752899E-5),
(0.108289363861084,0.0909275310635567,0.00997537708282471),(0.108296165466309,
0.0842595410346985,0.000381966114044191),(0.108296165466309,0.0842595410346985,
0.00961803436279297),(0.108296165466309,0.0957404580116272,0.000381966114044191),
(0.108296165466309,0.0957404580116272,0.00961803436279297),(0.108304382324219,
0.085260666847229,0.00021798610687256),(0.108304382324219,0.085260666847229,
0.00978201293945313),(0.108304382324219,0.0947393321990967,0.00021798610687256),
(0.108304382324219,0.0947393321990967,0.00978201293945313),(0.108312866210937,
0.0900073300381191,2.46229171752899E-5),(0.108312866210937,0.0900073300381191,
0.00997537708282471),(0.108355487823486,0.0820579552650452,0.002),(0.108355487823486,
0.0820579552650452,0.008),(0.10835652923584,0.0821225929260254,0.00168713092803955),
(0.10835652923584,0.0821225929260254,0.00831286907196045),(0.10835652923584,
0.0978774061203003,0.00168713092803955),(0.10835652923584,0.0978774061203003,
0.00831286907196045),(0.108396854400635,0.0831865539550781,0.000824429035186766),
(0.108396854400635,0.0831865539550781,0.00917556953430176),(0.108396854400635,
0.0968134450912476,0.000824429035186766),(0.108396854400635,0.0968134450912476,
0.00917556953430176),(0.108402660369873,0.0978321180343628,0.002),(0.108402660369873,
0.0978321180343628,0.008),(0.108403335571289,0.0871807119846344,9.78860855102501E-5),
(0.108403335571289,0.0871807119846344,0.00990211296081543),(0.108403335571289,
0.0928192870616913,9.78860855102501E-5),(0.108403335571289,0.0928192870616913,
0.00990211296081543),(0.108520935058594,0.0861938509941101,0.00021798610687256),
(0.108520935058594,0.0861938509941101,0.00978201293945313),(0.108520935058594,
0.0938061480522156,0.00021798610687256),(0.108520935058594,0.0938061480522156,
0.00978201293945313),(0.108522510528564,0.0881164450645447,9.78860855102501E-5),
(0.108522510528564,0.0881164450645447,0.00990211296081543),(0.108522510528564,
0.091883553981781,9.78860855102501E-5),(0.108522510528564,0.091883553981781,
0.00990211296081543),(0.108523864746094,0.084188099861145,0.000585785865783691),
(0.108523864746094,0.084188099861145,0.00941421318054199),(0.108523864746094,
0.0958118991851807,0.000585785865783691),(0.108523864746094,0.0958118991851807,
0.00941421318054199),(0.108550624847412,0.0831296029090881,0.00109201908111572),
(0.108550624847412,0.0831296029090881,0.00890798091888428),(0.108550624847412,
0.0968703961372376,0.00109201908111572),(0.108550624847412,0.0968703961372376,
0.00890798091888428),(0.10856343460083,0.0851935949325561,0.000381966114044191),
(0.10856343460083,0.0851935949325561,0.00961803436279297),(0.10856343460083,
0.0948064050674439,0.000381966114044191),(0.10856343460083,0.0948064050674439,
0.00961803436279297),(0.108594139099121,0.0890570120215416,9.78860855102501E-5),
(0.108594139099121,0.0890570120215416,0.00990211296081543),(0.108594139099121,
0.0909429870247841,9.78860855102501E-5),(0.108594139099121,0.0909429870247841,
0.00990211296081543),(0.108618034362793,0.0900066240383312,9.78860855102501E-5),
(0.108618034362793,0.0900066240383312,0.00990211296081543),(0.108663249969482,
0.0830878911018372,0.00138196611404419),(0.108663249969482,0.0830878911018372,
0.00861803436279297),(0.108663249969482,0.0969121079444885,0.00138196611404419),
(0.108663249969482,0.0969121079444885,0.00861803436279297),(0.10868994140625,
0.0871368060111999,0.00021798610687256),(0.10868994140625,0.0871368060111999,
0.00978201293945313),(0.10868994140625,0.0928631930351257,0.00021798610687256),
(0.10868994140625,0.0928631930351257,0.00978201293945313),(0.108718338012695,
0.0841270842552185,0.000824429035186766),(0.108718338012695,0.0841270842552185,
0.00917556953430176),(0.108718338012695,0.0958729152679443,0.000824429035186766),
(0.108718338012695,0.0958729152679443,0.00917556953430176),(0.108731948852539,
0.0830624461174011,0.00168713092803955),(0.108731948852539,0.0830624461174011,
0.00831286907196045),(0.108731948852539,0.0969375529289246,0.00168713092803955),
(0.108731948852539,0.0969375529289246,0.00831286907196045),(0.108734188079834,
0.082997838973999,0.002),(0.108734188079834,0.082997838973999,0.008),(0.108775730133057,
0.096889986038208,0.002),(0.108775730133057,0.096889986038208,0.008),(0.108783046722412,
0.086139986038208,0.000381966114044191),(0.108783046722412,0.086139986038208,
0.00961803436279297),(0.108783046722412,0.0938600130081177,0.000381966114044191),
(0.108783046722412,0.0938600130081177,0.00961803436279297),(0.108794456481934,
0.0851337780952454,0.000585785865783691),(0.108794456481934,0.0851337780952454,
0.00941421318054199),(0.108794456481934,0.0948662209510803,0.000585785865783691),
(0.108794456481934,0.0948662209510803,0.00941421318054199),(0.108810970306396,
0.0880871109962463,0.00021798610687256),(0.108810970306396,0.0880871109962463,
0.00978201293945313),(0.108810970306396,0.0919128880500793,0.00021798610687256),
(0.108810970306396,0.0919128880500793,0.00978201293945313),(0.108874794006348,
0.0840779948234558,0.00109201908111572),(0.108874794006348,0.0840779948234558,
0.00890798091888428),(0.108874794006348,0.0959220042228699,0.00109201908111572),
(0.108874794006348,0.0959220042228699,0.00890798091888428),(0.108883712768555,
0.0890423260331154,0.00021798610687256),(0.108883712768555,0.0890423260331154,
0.00978201293945313),(0.108883712768555,0.0909576730132103,0.00021798610687256),
(0.108883712768555,0.0909576730132103,0.00978201293945313),(0.108907981872559,
0.0900058860382996,0.00021798610687256),(0.108907981872559,0.0900058860382996,
0.00978201293945313),(0.108954444885254,0.0870962860584259,0.000381966114044191),
(0.108954444885254,0.0870962860584259,0.00961803436279297),(0.108954444885254,
0.0929037129878998,0.000381966114044191),(0.108954444885254,0.0929037129878998,
0.00961803436279297),(0.108989387512207,0.0840420408248901,0.00138196611404419),
(0.108989387512207,0.0840420408248901,0.00861803436279297),(0.108989387512207,
0.0959579582214355,0.00138196611404419),(0.108989387512207,0.0959579582214355,
0.00861803436279297),(0.108991767883301,0.0850826902389526,0.000824429035186766),
(0.108991767883301,0.0850826902389526,0.00917556953430176),(0.108991767883301,
0.094917308807373,0.000824429035186766),(0.108991767883301,0.094917308807373,
0.00917556953430176),(0.109016803741455,0.0860919470787048,0.000585785865783691),
(0.109016803741455,0.0860919470787048,0.00941421318054199),(0.109016803741455,
0.0939080519676209,0.000585785865783691),(0.109016803741455,0.0939080519676209,
0.00941421318054199),(0.1090592918396,0.0840201082229614,0.00168713092803955),
(0.1090592918396,0.0840201082229614,0.00831286907196045),(0.1090592918396,
0.0959798908233643,0.00168713092803955),(0.1090592918396,0.0959798908233643,
0.00831286907196045),(0.109064796447754,0.0839556970596314,0.002),(0.109064796447754,
0.0839556970596314,0.008),(0.109077186584473,0.0880600399971008,0.000381966114044191),
(0.109077186584473,0.0880600399971008,0.00961803436279297),(0.109077186584473,
0.0919399590492248,0.000381966114044191),(0.109077186584473,0.0919399590492248,
0.00961803436279297),(0.109100605010986,0.0959301681518555,0.002),(0.109100605010986,
0.0959301681518555,0.008),(0.109150512695312,0.0850415878295898,0.00109201908111572),
(0.109150512695312,0.0850415878295898,0.00890798091888428),(0.109150512695312,
0.0949584112167358,0.00109201908111572),(0.109150512695312,0.0949584112167358,
0.00890798091888428),(0.109150959014893,0.0890287730097771,0.000381966114044191),
(0.109150959014893,0.0890287730097771,0.00961803436279297),(0.109150959014893,
0.0909712260365486,0.000381966114044191),(0.109150959014893,0.0909712260365486,
0.00961803436279297),(0.10917557144165,0.0900051170382649,0.000381966114044191),
(0.10917557144165,0.0900051170382649,0.00961803436279297),(0.109190334320068,
0.0870601489543915,0.000585785865783691),(0.109190334320068,0.0870601489543915,
0.00941421318054199),(0.109190334320068,0.0929398500919342,0.000585785865783691),
(0.109190334320068,0.0929398500919342,0.00941421318054199),(0.109216449737549,
0.0860509190559387,0.000824429035186766),(0.109216449737549,0.0860509190559387,
0.00917556953430176),(0.109216449737549,0.093949079990387,0.000824429035186766),
(0.109216449737549,0.093949079990387,0.00917556953430176),(0.109266780853272,
0.0850114850997925,0.00138196611404419),(0.109266780853272,0.0850114850997925,
0.00861803436279297),(0.109266780853272,0.0949885139465332,0.00138196611404419),
(0.109266780853272,0.0949885139465332,0.00861803436279297),(0.109314605712891,
0.0880358960628509,0.000585785865783691),(0.109314605712891,0.0880358960628509,
0.00941421318054199),(0.109314605712891,0.0919641029834747,0.000585785865783691),
(0.109314605712891,0.0919641029834747,0.00941421318054199),(0.109337703704834,
0.0849931211471558,0.00168713092803955),(0.109337703704834,0.0849931211471558,
0.00831286907196045),(0.109337703704834,0.0950068778991699,0.00168713092803955),
(0.109337703704834,0.0950068778991699,0.00831286907196045),(0.109346466064453,
0.0849290709495544,0.002),(0.109346466064453,0.0849290709495544,0.008),
(0.109376445770264,0.0949551272392273,0.002),(0.109376445770264,0.0949551272392273,
0.008),(0.109377075195312,0.0860179100036621,0.00109201908111572),(0.109377075195312,
0.0860179100036621,0.00890798091888428),(0.109377075195312,0.0939820890426636,
0.00109201908111572),(0.109377075195312,0.0939820890426636,0.00890798091888428),
(0.109389293670654,0.0890166860222816,0.000585785865783691),(0.109389293670654,
0.0890166860222816,0.00941421318054199),(0.109389293670654,0.090983313024044,
0.000585785865783691),(0.109389293670654,0.090983313024044,0.00941421318054199),
(0.109391803741455,0.087029284954071,0.000824429035186766),(0.109391803741455,
0.087029284954071,0.00917556953430176),(0.109391803741455,0.0929707140922546,
0.000824429035186766),(0.109391803741455,0.0929707140922546,0.00917556953430176),
(0.109414211273193,0.0900043170382269,0.000585785865783691),(0.109414211273193,
0.0900043170382269,0.00941421318054199),(0.10949471282959,0.085993733882904,
0.00138196611404419),(0.10949471282959,0.085993733882904,0.00861803436279297),
(0.10949471282959,0.0940062651634216,0.00138196611404419),(0.10949471282959,
0.0940062651634216,0.00861803436279297),(0.109517379760742,0.0880152760744095,
0.000824429035186766),(0.109517379760742,0.0880152760744095,0.00917556953430176),
(0.109517379760742,0.0919847230911255,0.000824429035186766),(0.109517379760742,
0.0919847230911255,0.00917556953430176),(0.109553894042969,0.0870044541358948,
0.00109201908111572),(0.109553894042969,0.0870044541358948,0.00890798091888428),
(0.109553894042969,0.0929955451488495,0.00109201908111572),(0.109553894042969,
0.0929955451488495,0.00890798091888428),(0.109566478729248,0.0859789862632751,
0.00168713092803955),(0.109566478729248,0.0859789862632751,0.00831286907196045),
(0.109566478729248,0.0940210132598877,0.00168713092803955),(0.109566478729248,
0.0940210132598877,0.00831286907196045),(0.109578472137451,0.0859154620170593,
0.002),(0.109578472137451,0.0859154620170593,0.008),(0.109592853546143,
0.0890063630342483,0.000824429035186766),(0.109592853546143,0.0890063630342483,
0.00917556953430176),(0.109592853546143,0.0909936360120773,0.000824429035186766),
(0.109592853546143,0.0909936360120773,0.00917556953430176),(0.109602550506592,
0.0939673659801483,0.002),(0.109602550506592,0.0939673659801483,0.008),
(0.109618034362793,0.0900034890384413,0.000824429035186766),(0.109618034362793,
0.0900034890384413,0.00917556953430176),(0.109672607421875,0.0869862670898437,
0.00138196611404419),(0.109672607421875,0.0869862670898437,0.00861803436279297),
(0.109672607421875,0.0930137319564819,0.00138196611404419),(0.109672607421875,
0.0930137319564819,0.00861803436279297),(0.109680519104004,0.0879986870288849,
0.00109201908111572),(0.109680519104004,0.0879986870288849,0.00890798091888428),
(0.109680519104004,0.0920013120174408,0.00109201908111572),(0.109680519104004,
0.0920013120174408,0.00890798091888428),(0.109745025634766,0.086975172996521,
0.00168713092803955),(0.109745025634766,0.086975172996521,0.00831286907196045),
(0.109745025634766,0.0930248260498047,0.00168713092803955),(0.109745025634766,
0.0930248260498047,0.00831286907196045),(0.109756622314453,0.0889980570077896,
0.00109201908111572),(0.109756622314453,0.0889980570077896,0.00890798091888428),
(0.109756622314453,0.0910019420385361,0.00109201908111572),(0.109756622314453,
0.0910019420385361,0.00890798091888428),(0.109760219573975,0.0869123380184174,
0.002),(0.109760219573975,0.0869123380184174,0.008),(0.109778335571289,
0.0929694211483002,0.002),(0.109778335571289,0.0929694211483002,0.008),
(0.109782012939453,0.0900026390382554,0.00109201908111572),(0.109782012939453,
0.0900026390382554,0.00890798091888428),(0.109800003051758,0.0879865369796753,
0.00138196611404419),(0.109800003051758,0.0879865369796753,0.00861803436279297),
(0.109800003051758,0.0920134630203247,0.00138196611404419),(0.109800003051758,
0.0920134630203247,0.00861803436279297),(0.109872890472412,0.0879791250228882,
0.00168713092803955),(0.109872890472412,0.0879791250228882,0.00831286907196045),
(0.109872890472412,0.0920208749771118,0.00168713092803955),(0.109872890472412,
0.0920208749771118,0.00831286907196045),(0.109876567840576,0.0889919739961624,
0.00138196611404419),(0.109876567840576,0.0889919739961624,0.00861803436279297),
(0.109876567840576,0.0910080250501633,0.00138196611404419),(0.109876567840576,
0.0910080250501633,0.00861803436279297),(0.109891246795654,0.0879171390533447,
0.002),(0.109891246795654,0.0879171390533447,0.008),(0.109902111053467,
0.0900017700382741,0.00138196611404419),(0.109902111053467,0.0900017700382741,
0.00861803436279297),(0.109903347015381,0.0919638530015945,0.002),(0.109903347015381,
0.0919638530015945,0.008),(0.109949737548828,0.0889882640838623,0.00168713092803955),
(0.109949737548828,0.0889882640838623,0.00831286907196045),(0.109949737548828,
0.0910117350816727,0.00168713092803955),(0.109949737548828,0.0910117350816727,
0.00831286907196045),(0.109971210479736,0.0889272880554199,0.002),(0.109971210479736,
0.0889272880554199,0.008),(0.10997537612915,0.0900008880383102,0.00168713092803955),
(0.10997537612915,0.0900008880383102,0.00831286907196045),(0.109977268218994,
0.0909532450437546,0.002),(0.109977268218994,0.0909532450437546,0.008),
(0.109999912261963,0.0899401900395751,0.002),(0.109999912261963,0.0899401900395751,
0.008)));
#160=COORDINATES_LIST('',152,((0.0748160681724548,0.0960945367813111,0.005),
(0.0748257603645324,0.0965681529045105,0.005),(0.0748576378822326,0.0956226477622986,
0.005),(0.0748866028785705,0.0970379447937012,0.005),(0.0749499859809875,
0.0951580219268799,0.005),(0.0749978833198547,0.0974984040260315,0.005),
(0.0750920271873474,0.094706102848053,0.005),(0.0751582942008972,0.097944133758545,
0.005),(0.0752820963859558,0.0942721900939942,0.005),(0.075365957736969,
0.0983699064254761,0.005),(0.0755179657936096,0.0938613719940186,0.005),
(0.0756184372901916,0.0987707309722901,0.005),(0.0757968697547912,0.093478462934494,
0.005),(0.0759127745628357,0.0991419076919556,0.005),(0.0761155390739441,
0.0931279540061951,0.005),(0.0762455172538757,0.0994790849685669,0.005),
(0.0763582282066345,0.0962966198921204,0.),(0.0763582282066345,0.0962966198921204,
0.01),(0.0763761973381042,0.0959188828468323,0.),(0.0763761973381042,0.0959188828468323,
0.01),(0.0763907685279846,0.09667338180542,0.),(0.0763907685279846,0.09667338180542,
0.01),(0.0764443526268005,0.0955469107627869,0.),(0.0764443526268005,0.0955469107627869,
0.01),(0.0764702363014221,0.0928139538764954,0.005),(0.0764732346534729,
0.097042444229126,0.),(0.0764732346534729,0.097042444229126,0.01),(0.0765614781379699,
0.0951873421669007,0.),(0.0765614781379699,0.0951873421669007,0.01),(0.0766041569709777,
0.0973972220420838,0.),(0.0766041569709777,0.0973972220420838,0.01),(0.0766127638816833,
0.0997783107757569,0.005),(0.0767254853248596,0.0948465929031372,0.),(0.0767254853248596,
0.0948465929031372,0.01),(0.0767811980247497,0.0977313847541809,0.),(0.0767811980247497,
0.0977313847541809,0.01),(0.0768568043708801,0.0925401439666748,0.005),
(0.0769334464073181,0.0945307450294495,0.),(0.0769334464073181,0.0945307450294495,
0.01),(0.0770011992454528,0.098038969039917,0.),(0.0770011992454528,0.098038969039917,
0.01),(0.0770102105140686,0.100036075592041,0.005),(0.0771816506385803,
0.0942454328536988,0.),(0.0771816506385803,0.0942454328536988,0.01),(0.0772602334022522,
0.0983144836425782,0.),(0.0772602334022522,0.0983144836425782,0.01),(0.0772707095146179,
0.0923097350597382,0.005),(0.0774331965446472,0.100249357223511,0.005),
(0.0774656682014465,0.0939957489967346,0.),(0.0774656682014465,0.0939957489967346,
0.01),(0.0775536799430847,0.0985530166625977,0.),(0.0775536799430847,0.0985530166625977,
0.01),(0.0777071003913879,0.0921254272460938,0.005),(0.0777804312705993,
0.0937861480712891,0.),(0.0777804312705993,0.0937861480712891,0.01),(0.0778763012886047,
0.0987503070831299,0.),(0.0778763012886047,0.0987503070831299,0.01),(0.0778767638206482,
0.100415657043457,0.005),(0.0781203227043152,0.0936203720569611,0.),(0.0781203227043152,
0.0936203720569611,0.01),(0.0781608605384826,0.0919893817901612,0.005),
(0.0782223401069641,0.0989028367996216,0.),(0.0782223401069641,0.0989028367996216,
0.01),(0.0783357090950012,0.100533022880554,0.005),(0.0784792780876159,
0.0935013780593872,0.),(0.0784792780876159,0.0935013780593872,0.01),(0.0785856223106384,
0.0990078821182251,0.),(0.0785856223106384,0.0990078821182251,0.01),(0.0786266694068908,
0.0919031939506531,0.005),(0.0788046536445617,0.100600079536438,0.005),
(0.0788508906364441,0.0934312899112702,0.),(0.0788508906364441,0.0934312899112702,
0.01),(0.0789596648216247,0.099063570022583,0.),(0.0789596648216247,0.099063570022583,
0.01),(0.0790990662574768,0.0918678741455078,0.005),(0.0792285284996032,
0.0934113578796387,0.),(0.0792285284996032,0.0934113578796387,0.01),(0.07927810049057,
0.10061604309082,0.005),(0.0793377900123596,0.0990689067840577,0.),(0.0793377900123596,
0.0990689067840577,0.01),(0.0795725121498108,0.0918838367462158,0.005),
(0.0796054549217224,0.0934419388771057,0.),(0.0796054549217224,0.0934419388771057,
0.01),(0.0797132534980774,0.099023796081543,0.),(0.0797132534980774,0.099023796081543,
0.01),(0.079750497341156,0.100580723762512,0.005),(0.0799749417304992,0.0935224850177765,
0.),(0.0799749417304992,0.0935224850177765,0.01),(0.0800414576530456,0.0919508948326111,
0.005),(0.080079354763031,0.0989290428161621,0.),(0.080079354763031,0.0989290428161621,
0.01),(0.0802163062095642,0.100494535446167,0.005),(0.0803303952217102,
0.0936515610218048,0.),(0.0803303952217102,0.0936515610218048,0.01),(0.0804295601844787,
0.0987863388061524,0.),(0.0804295601844787,0.0987863388061524,0.01),(0.080500403881073,
0.0920682611465454,0.005),(0.0806654734611511,0.0938268620967865,0.),(0.0806654734611511,
0.0938268620967865,0.01),(0.0806700663566589,0.100358490943909,0.005),(0.0807576203346252,
0.0985982313156128,0.),(0.0807576203346252,0.0985982313156128,0.01),(0.0809439702033996,
0.0922345600128174,0.005),(0.0809741969108581,0.0940452609062195,0.),(0.0809741969108581,
0.0940452609062195,0.01),(0.081057680606842,0.0983680744171143,0.),(0.081057680606842,
0.0983680744171143,0.01),(0.0811064572334289,0.100174182891846,0.005),(0.0812510561943054,
0.0943028597831726,0.),(0.0812510561943054,0.0943028597831726,0.01),(0.0813243870735168,
0.0980999784469605,0.),(0.0813243870735168,0.0980999784469605,0.01),(0.0813669562339782,
0.0924478418827057,0.005),(0.0814911103248596,0.0945950632095337,0.),(0.0814911103248596,
0.0945950632095337,0.01),(0.0815203623771667,0.0999437732696534,0.005),
(0.0815529799461364,0.0977987251281739,0.),(0.0815529799461364,0.0977987251281739,
0.01),(0.0816900753974914,0.0949166541099549,0.),(0.0816900753974914,0.0949166541099549,
0.01),(0.0817393803596496,0.0974696922302246,0.),(0.0817393803596496,0.0974696922302246,
0.01),(0.0817644019126892,0.0927056069374085,0.005),(0.0818444027900695,
0.0952618951797486,0.),(0.0818444027900695,0.0952618951797486,0.01),(0.0818802618980407,
0.0971187491416931,0.),(0.0818802618980407,0.0971187491416931,0.01),(0.0819069304466247,
0.09966996383667,0.005),(0.0819513344764709,0.095624626159668,0.),(0.0819513344764709,
0.095624626159668,0.01),(0.0819731106758117,0.0967521600723267,0.),(0.0819731106758117,
0.0967521600723267,0.01),(0.0820089664459228,0.0959983730316162,0.),(0.0820089664459228,
0.0959983730316162,0.01),(0.0820162682533264,0.0963764672279358,0.),(0.0820162682533264,
0.0963764672279358,0.01),(0.0821316494941711,0.0930048320293427,0.005),
(0.0822616281509399,0.0993559637069703,0.005),(0.0824643921852111,0.0933420100212097,
0.005),(0.0825802965164184,0.0990054540634156,0.005),(0.0827587285041809,
0.0937131869792939,0.005),(0.0828592004776001,0.0986225461959839,0.005),
(0.0830112085342407,0.0941140108108521,0.005),(0.083095070362091,0.098211727142334,
0.005),(0.0832188711166381,0.0945397839546204,0.005),(0.0832851395606994,
0.0977778148651123,0.005),(0.0833792834281921,0.0949855132102967,0.005),
(0.0834271802902221,0.0973258957862854,0.005),(0.0834905633926391,0.0954459729194641,
0.005),(0.0835195274353027,0.0968612689971924,0.005),(0.0835514063835144,
0.0959157648086548,0.005),(0.083561098575592,0.0963893809318543,0.005)));
#161=COORDINATES_LIST('',152,((0.0964365210533143,0.0962524909973145,0.005),
(0.0964610280990601,0.0957794098854065,0.005),(0.0964633049964905,0.0967254481315613,
0.005),(0.0965365409851075,0.0953117518424988,0.005),(0.0965410699844361,
0.0971927380561829,0.005),(0.0966621742248536,0.0948549990653992,0.005),
(0.09666890001297,0.0976488800048828,0.005),(0.0968364543914796,0.0944145078659058,
0.005),(0.0968452992439271,0.0980885267257691,0.005),(0.0970573391914368,
0.0939954419136048,0.005),(0.0970681991577149,0.0985065250396729,0.005),
(0.0973222370147706,0.0936027140617371,0.005),(0.0973349852561951,0.0988979730606079,
0.005),(0.097628044128418,0.0932409288883209,0.005),(0.0976425304412842,
0.0992582817077637,0.005),(0.0979711742401124,0.0929143280982972,0.005),
(0.0979815282821656,0.0961704821586609,0.),(0.0979815282821656,0.0961704821586609,
0.01),(0.0979872283935548,0.0995832271575928,0.005),(0.0979972519874573,
0.0965483188629151,0.),(0.0979972519874573,0.0965483188629151,0.01),(0.0980163054466248,
0.0957939200401306,0.),(0.0980163054466248,0.0957939200401306,0.01),(0.0980631966590882,
0.0969206891059876,0.),(0.0980631966590882,0.0969206891059876,0.01),(0.0981009640693665,
0.0954253540039063,0.),(0.0981009640693665,0.0954253540039063,0.01),(0.0981781840324402,
0.0972809472084046,0.),(0.0981781840324402,0.0972809472084046,0.01),(0.0982339911460877,
0.0950713601112366,0.),(0.0982339911460877,0.0950713601112366,0.01),(0.0983401627540589,
0.0976226649284363,0.),(0.0983401627540589,0.0976226649284363,0.01),(0.0983476042747498,
0.0926267399787903,0.005),(0.0983650393486024,0.0998689985275269,0.005),
(0.0984130148887635,0.0947382550239563,0.),(0.0984130148887635,0.0947382550239563,
0.01),(0.0985462441444398,0.0979397439956665,0.),(0.0985462441444398,0.0979397439956665,
0.01),(0.0986348395347596,0.0944319839477539,0.),(0.0986348395347596,0.0944319839477539,
0.01),(0.0987529225349427,0.0923815379142762,0.005),(0.098771532535553,
0.100112247467041,0.005),(0.0987927489280701,0.0982265253067017,0.),(0.0987927489280701,
0.0982265253067017,0.01),(0.0988955073356629,0.0941580119132996,0.),(0.0988955073356629,
0.0941580119132996,0.01),(0.0990752778053284,0.0984778928756714,0.),(0.0990752778053284,
0.0984778928756714,0.01),(0.0991823744773865,0.0921815958023072,0.005),
(0.0991903653144837,0.0939212279319764,0.),(0.0991903653144837,0.0939212279319764,
0.01),(0.0992019429206849,0.100310118675232,0.005),(0.0993887906074525,
0.098689359664917,0.),(0.0993887906074525,0.098689359664917,0.01),(0.0995141530036927,
0.0937258579730988,0.),(0.0995141530036927,0.0937258579730988,0.01),(0.0996309266090394,
0.0920292568206787,0.005),(0.0996512236595154,0.100460295677185,0.005),
(0.0997276911735535,0.0988571519851685,0.),(0.0997276911735535,0.0988571519851685,
0.01),(0.0998610920906068,0.0935753870010376,0.),(0.0998610920906068,0.0935753870010376,
0.01),(0.100085932254791,0.0989782762527466,0.),(0.100085932254791,0.0989782762527466,
0.01),(0.100093320369721,0.0919263091087342,0.005),(0.100114107608795,0.100561016082764,
0.005),(0.100224991321564,0.093472501039505,0.),(0.100224991321564,0.093472501039505,
0.01),(0.100457122325897,0.0990505714416504,0.),(0.100457122325897,0.0990505714416504,
0.01),(0.100564135074616,0.0918739581108094,0.005),(0.100585168361664,0.100611100196838,
0.005),(0.100599357128143,0.093419037103653,0.),(0.100599357128143,0.093419037103653,
0.01),(0.100834635257721,0.0990727472305298,0.),(0.100834635257721,0.0990727472305298,
0.01),(0.100977509021759,0.0934159479141236,0.),(0.100977509021759,0.0934159479141236,
0.01),(0.101037848949432,0.0918728170394898,0.005),(0.101058882236481,0.100609959602356,
0.005),(0.10121173620224,0.0990444068908692,0.),(0.10121173620224,0.0990444068908692,
0.01),(0.101352697849274,0.0934632880687714,0.),(0.101352697849274,0.0934632880687714,
0.01),(0.101508908748627,0.0919229011535645,0.005),(0.101529695987701,0.100557608604431,
0.005),(0.101581695079804,0.0989660568237305,0.),(0.101581695079804,0.0989660568237305,
0.01),(0.10171822977066,0.0935602149963379,0.),(0.10171822977066,0.0935602149963379,
0.01),(0.101937909603119,0.0988390951156616,0.),(0.101937909603119,0.0988390951156616,
0.01),(0.101971793651581,0.0920236220359802,0.005),(0.101992089748383,0.100454660415649,
0.005),(0.102067579746246,0.0937049970626831,0.),(0.102067579746246,0.0937049970626831,
0.01),(0.102274023532867,0.0986657876968384,0.),(0.102274023532867,0.0986657876968384,
0.01),(0.102394517421722,0.0938950510025025,0.),(0.102394517421722,0.0938950510025025,
0.01),(0.102421074390411,0.0921737990379334,0.005),(0.102440641880035,0.100302322387695,
0.005),(0.102584039211273,0.0984492263793946,0.),(0.102584039211273,0.0984492263793946,
0.01),(0.102693205356598,0.0941269860267639,0.),(0.102693205356598,0.0941269860267639,
0.01),(0.102851483821869,0.09237167096138,0.005),(0.102862423419952,0.0981932773590088,
0.),(0.102862423419952,0.0981932773590088,0.01),(0.102870094776154,0.100102379798889,
0.005),(0.102958314418793,0.0943966617584229,0.),(0.102958314418793,0.0943966617584229,
0.01),(0.103104209423065,0.0979025058746338,0.),(0.103104209423065,0.0979025058746338,
0.01),(0.103185113430023,0.0946992678642273,0.),(0.103185113430023,0.0946992678642273,
0.01),(0.10325797700882,0.0926149189472199,0.005),(0.103275412082672,0.099857177734375,
0.005),(0.10330508184433,0.0975821027755738,0.),(0.10330508184433,0.0975821027755738,
0.01),(0.103369554996491,0.0950294032096863,0.),(0.103369554996491,0.0950294032096863,
0.01),(0.103461456775665,0.097237783908844,0.),(0.103461456775665,0.097237783908844,
0.01),(0.103508348941803,0.0953811769485474,0.),(0.103508348941803,0.0953811769485474,
0.01),(0.103570542812347,0.0968756952285767,0.),(0.103570542812347,0.0968756952285767,
0.01),(0.103599017620087,0.0957483110427857,0.),(0.103599017620087,0.0957483110427857,
0.01),(0.103630394458771,0.0965022978782654,0.),(0.103630394458771,0.0965022978782654,
0.01),(0.10363578748703,0.0929006910324097,0.005),(0.103639942646027,0.0961242542266846,
0.),(0.103639942646027,0.0961242542266846,0.01),(0.103651842594147,0.0995695896148682,
0.005),(0.103980486392975,0.0932256360054016,0.005),(0.103994971752167,
0.0992429895401001,0.005),(0.104288032054901,0.093585944890976,0.005),(0.104300778865814,
0.0988812036514282,0.005),(0.104554817676544,0.093977392911911,0.005),(0.104565677165985,
0.0984884757995606,0.005),(0.104777717113495,0.0943953909873963,0.005),
(0.104786561489105,0.0980694093704224,0.005),(0.104954116344452,0.0948350381851197,
0.005),(0.104960841655731,0.097628918170929,0.005),(0.105081946849823,0.0952911801338196,
0.005),(0.105086474895477,0.0971721658706665,0.005),(0.105159710407257,
0.0957584691047669,0.005),(0.105161987781525,0.0967045078277588,0.005),
(0.105186495304108,0.0962314257621765,0.005)));
#162=TESSELLATED_SHELL('Part 3',(#146),$);
#163=TESSELLATED_SHELL('Part 4',(#147),$);
#164=TESSELLATED_SHELL('Part 7',(#148),$);
#165=TESSELLATED_SHELL('Part 1',(#149),$);
#166=TESSELLATED_SHELL('Part 5',(#150),$);
#167=TESSELLATED_SHELL('Part 8',(#151),$);
#168=TESSELLATED_SHELL('Part 2',(#152),$);
#169=TESSELLATED_SHELL('Part 6',(#153),$);
#170=SHAPE_DEFINITION_REPRESENTATION(#266,#178);
#171=SHAPE_DEFINITION_REPRESENTATION(#267,#179);
#172=SHAPE_DEFINITION_REPRESENTATION(#268,#180);
#173=SHAPE_DEFINITION_REPRESENTATION(#269,#181);
#174=SHAPE_DEFINITION_REPRESENTATION(#270,#182);
#175=SHAPE_DEFINITION_REPRESENTATION(#271,#183);
#176=SHAPE_DEFINITION_REPRESENTATION(#272,#184);
#177=SHAPE_DEFINITION_REPRESENTATION(#273,#185);
#178=SHAPE_REPRESENTATION('Part 3',(#186),#226);
#179=SHAPE_REPRESENTATION('Part 4',(#187),#227);
#180=SHAPE_REPRESENTATION('Part 7',(#188),#228);
#181=SHAPE_REPRESENTATION('Part 1',(#189),#229);
#182=SHAPE_REPRESENTATION('Part 5',(#190),#230);
#183=SHAPE_REPRESENTATION('Part 8',(#191),#231);
#184=SHAPE_REPRESENTATION('Part 2',(#192),#232);
#185=SHAPE_REPRESENTATION('Part 6',(#193),#233);
#186=AXIS2_PLACEMENT_3D('',#210,#194,#195);
#187=AXIS2_PLACEMENT_3D('',#211,#196,#197);
#188=AXIS2_PLACEMENT_3D('',#212,#198,#199);
#189=AXIS2_PLACEMENT_3D('',#213,#200,#201);
#190=AXIS2_PLACEMENT_3D('',#214,#202,#203);
#191=AXIS2_PLACEMENT_3D('',#215,#204,#205);
#192=AXIS2_PLACEMENT_3D('',#216,#206,#207);
#193=AXIS2_PLACEMENT_3D('',#217,#208,#209);
#194=DIRECTION('',(0.,0.,1.));
#195=DIRECTION('',(1.,0.,0.));
#196=DIRECTION('',(0.,0.,1.));
#197=DIRECTION('',(1.,0.,0.));
#198=DIRECTION('',(0.,0.,1.));
#199=DIRECTION('',(1.,0.,0.));
#200=DIRECTION('',(0.,0.,1.));
#201=DIRECTION('',(1.,0.,0.));
#202=DIRECTION('',(0.,0.,1.));
#203=DIRECTION('',(1.,0.,0.));
#204=DIRECTION('',(0.,0.,1.));
#205=DIRECTION('',(1.,0.,0.));
#206=DIRECTION('',(0.,0.,1.));
#207=DIRECTION('',(1.,0.,0.));
#208=DIRECTION('',(0.,0.,1.));
#209=DIRECTION('',(1.,0.,0.));
#210=CARTESIAN_POINT('',(0.,0.,0.));
#211=CARTESIAN_POINT('',(0.,0.,0.));
#212=CARTESIAN_POINT('',(0.,0.,0.));
#213=CARTESIAN_POINT('',(0.,0.,0.));
#214=CARTESIAN_POINT('',(0.,0.,0.));
#215=CARTESIAN_POINT('',(0.,0.,0.));
#216=CARTESIAN_POINT('',(0.,0.,0.));
#217=CARTESIAN_POINT('',(0.,0.,0.));
#218=MECHANICAL_DESIGN_GEOMETRIC_PRESENTATION_REPRESENTATION('',(#26,#27),
#226);
#219=MECHANICAL_DESIGN_GEOMETRIC_PRESENTATION_REPRESENTATION('',(#28,#29),
#227);
#220=MECHANICAL_DESIGN_GEOMETRIC_PRESENTATION_REPRESENTATION('',(#30,#31),
#228);
#221=MECHANICAL_DESIGN_GEOMETRIC_PRESENTATION_REPRESENTATION('',(#32,#33),
#229);
#222=MECHANICAL_DESIGN_GEOMETRIC_PRESENTATION_REPRESENTATION('',(#34,#35),
#230);
#223=MECHANICAL_DESIGN_GEOMETRIC_PRESENTATION_REPRESENTATION('',(#36,#37),
#231);
#224=MECHANICAL_DESIGN_GEOMETRIC_PRESENTATION_REPRESENTATION('',(#38,#39),
#232);
#225=MECHANICAL_DESIGN_GEOMETRIC_PRESENTATION_REPRESENTATION('',(#40,#41),
#233);
#226=(
GEOMETRIC_REPRESENTATION_CONTEXT(3)
GLOBAL_UNCERTAINTY_ASSIGNED_CONTEXT((#234))
GLOBAL_UNIT_ASSIGNED_CONTEXT((#258,#250,#242))
REPRESENTATION_CONTEXT('Part 3','TOP_LEVEL_ASSEMBLY_PART')
);
#227=(
GEOMETRIC_REPRESENTATION_CONTEXT(3)
GLOBAL_UNCERTAINTY_ASSIGNED_CONTEXT((#235))
GLOBAL_UNIT_ASSIGNED_CONTEXT((#259,#251,#243))
REPRESENTATION_CONTEXT('Part 4','TOP_LEVEL_ASSEMBLY_PART')
);
#228=(
GEOMETRIC_REPRESENTATION_CONTEXT(3)
GLOBAL_UNCERTAINTY_ASSIGNED_CONTEXT((#236))
GLOBAL_UNIT_ASSIGNED_CONTEXT((#260,#252,#244))
REPRESENTATION_CONTEXT('Part 7','TOP_LEVEL_ASSEMBLY_PART')
);
#229=(
GEOMETRIC_REPRESENTATION_CONTEXT(3)
GLOBAL_UNCERTAINTY_ASSIGNED_CONTEXT((#237))
GLOBAL_UNIT_ASSIGNED_CONTEXT((#261,#253,#245))
REPRESENTATION_CONTEXT('Part 1','TOP_LEVEL_ASSEMBLY_PART')
);
#230=(
GEOMETRIC_REPRESENTATION_CONTEXT(3)
GLOBAL_UNCERTAINTY_ASSIGNED_CONTEXT((#238))
GLOBAL_UNIT_ASSIGNED_CONTEXT((#262,#254,#246))
REPRESENTATION_CONTEXT('Part 5','TOP_LEVEL_ASSEMBLY_PART')
);
#231=(
GEOMETRIC_REPRESENTATION_CONTEXT(3)
GLOBAL_UNCERTAINTY_ASSIGNED_CONTEXT((#239))
GLOBAL_UNIT_ASSIGNED_CONTEXT((#263,#255,#247))
REPRESENTATION_CONTEXT('Part 8','TOP_LEVEL_ASSEMBLY_PART')
);
#232=(
GEOMETRIC_REPRESENTATION_CONTEXT(3)
GLOBAL_UNCERTAINTY_ASSIGNED_CONTEXT((#240))
GLOBAL_UNIT_ASSIGNED_CONTEXT((#264,#256,#248))
REPRESENTATION_CONTEXT('Part 2','TOP_LEVEL_ASSEMBLY_PART')
);
#233=(
GEOMETRIC_REPRESENTATION_CONTEXT(3)
GLOBAL_UNCERTAINTY_ASSIGNED_CONTEXT((#241))
GLOBAL_UNIT_ASSIGNED_CONTEXT((#265,#257,#249))
REPRESENTATION_CONTEXT('Part 6','TOP_LEVEL_ASSEMBLY_PART')
);
#234=UNCERTAINTY_MEASURE_WITH_UNIT(LENGTH_MEASURE(1.E-8),#258,
'DISTANCE_ACCURACY_VALUE','Maximum Tolerance applied to model');
#235=UNCERTAINTY_MEASURE_WITH_UNIT(LENGTH_MEASURE(1.E-8),#259,
'DISTANCE_ACCURACY_VALUE','Maximum Tolerance applied to model');
#236=UNCERTAINTY_MEASURE_WITH_UNIT(LENGTH_MEASURE(1.E-8),#260,
'DISTANCE_ACCURACY_VALUE','Maximum Tolerance applied to model');
#237=UNCERTAINTY_MEASURE_WITH_UNIT(LENGTH_MEASURE(1.E-8),#261,
'DISTANCE_ACCURACY_VALUE','Maximum Tolerance applied to model');
#238=UNCERTAINTY_MEASURE_WITH_UNIT(LENGTH_MEASURE(1.E-8),#262,
'DISTANCE_ACCURACY_VALUE','Maximum Tolerance applied to model');
#239=UNCERTAINTY_MEASURE_WITH_UNIT(LENGTH_MEASURE(1.E-8),#263,
'DISTANCE_ACCURACY_VALUE','Maximum Tolerance applied to model');
#240=UNCERTAINTY_MEASURE_WITH_UNIT(LENGTH_MEASURE(1.E-8),#264,
'DISTANCE_ACCURACY_VALUE','Maximum Tolerance applied to model');
#241=UNCERTAINTY_MEASURE_WITH_UNIT(LENGTH_MEASURE(1.E-8),#265,
'DISTANCE_ACCURACY_VALUE','Maximum Tolerance applied to model');
#242=(
NAMED_UNIT(*)
SI_UNIT($,.STERADIAN.)
SOLID_ANGLE_UNIT()
);
#243=(
NAMED_UNIT(*)
SI_UNIT($,.STERADIAN.)
SOLID_ANGLE_UNIT()
);
#244=(
NAMED_UNIT(*)
SI_UNIT($,.STERADIAN.)
SOLID_ANGLE_UNIT()
);
#245=(
NAMED_UNIT(*)
SI_UNIT($,.STERADIAN.)
SOLID_ANGLE_UNIT()
);
#246=(
NAMED_UNIT(*)
SI_UNIT($,.STERADIAN.)
SOLID_ANGLE_UNIT()
);
#247=(
NAMED_UNIT(*)
SI_UNIT($,.STERADIAN.)
SOLID_ANGLE_UNIT()
);
#248=(
NAMED_UNIT(*)
SI_UNIT($,.STERADIAN.)
SOLID_ANGLE_UNIT()
);
#249=(
NAMED_UNIT(*)
SI_UNIT($,.STERADIAN.)
SOLID_ANGLE_UNIT()
);
#250=(
NAMED_UNIT(*)
PLANE_ANGLE_UNIT()
SI_UNIT($,.RADIAN.)
);
#251=(
NAMED_UNIT(*)
PLANE_ANGLE_UNIT()
SI_UNIT($,.RADIAN.)
);
#252=(
NAMED_UNIT(*)
PLANE_ANGLE_UNIT()
SI_UNIT($,.RADIAN.)
);
#253=(
NAMED_UNIT(*)
PLANE_ANGLE_UNIT()
SI_UNIT($,.RADIAN.)
);
#254=(
NAMED_UNIT(*)
PLANE_ANGLE_UNIT()
SI_UNIT($,.RADIAN.)
);
#255=(
NAMED_UNIT(*)
PLANE_ANGLE_UNIT()
SI_UNIT($,.RADIAN.)
);
#256=(
NAMED_UNIT(*)
PLANE_ANGLE_UNIT()
SI_UNIT($,.RADIAN.)
);
#257=(
NAMED_UNIT(*)
PLANE_ANGLE_UNIT()
SI_UNIT($,.RADIAN.)
);
#258=(
LENGTH_UNIT()
NAMED_UNIT(*)
SI_UNIT($,.METRE.)
);
#259=(
LENGTH_UNIT()
NAMED_UNIT(*)
SI_UNIT($,.METRE.)
);
#260=(
LENGTH_UNIT()
NAMED_UNIT(*)
SI_UNIT($,.METRE.)
);
#261=(
LENGTH_UNIT()
NAMED_UNIT(*)
SI_UNIT($,.METRE.)
);
#262=(
LENGTH_UNIT()
NAMED_UNIT(*)
SI_UNIT($,.METRE.)
);
#263=(
LENGTH_UNIT()
NAMED_UNIT(*)
SI_UNIT($,.METRE.)
);
#264=(
LENGTH_UNIT()
NAMED_UNIT(*)
SI_UNIT($,.METRE.)
);
#265=(
LENGTH_UNIT()
NAMED_UNIT(*)
SI_UNIT($,.METRE.)
);
#266=PRODUCT_DEFINITION_SHAPE('','',#274);
#267=PRODUCT_DEFINITION_SHAPE('','',#275);
#268=PRODUCT_DEFINITION_SHAPE('','',#276);
#269=PRODUCT_DEFINITION_SHAPE('','',#277);
#270=PRODUCT_DEFINITION_SHAPE('','',#278);
#271=PRODUCT_DEFINITION_SHAPE('','',#279);
#272=PRODUCT_DEFINITION_SHAPE('','',#280);
#273=PRODUCT_DEFINITION_SHAPE('','',#281);
#274=PRODUCT_DEFINITION('','',#290,#282);
#275=PRODUCT_DEFINITION('','',#291,#283);
#276=PRODUCT_DEFINITION('','',#292,#284);
#277=PRODUCT_DEFINITION('','',#293,#285);
#278=PRODUCT_DEFINITION('','',#294,#286);
#279=PRODUCT_DEFINITION('','',#295,#287);
#280=PRODUCT_DEFINITION('','',#296,#288);
#281=PRODUCT_DEFINITION('','',#297,#289);
#282=PRODUCT_DEFINITION_CONTEXT('',#338,'design');
#283=PRODUCT_DEFINITION_CONTEXT('',#339,'design');
#284=PRODUCT_DEFINITION_CONTEXT('',#340,'design');
#285=PRODUCT_DEFINITION_CONTEXT('',#341,'design');
#286=PRODUCT_DEFINITION_CONTEXT('',#342,'design');
#287=PRODUCT_DEFINITION_CONTEXT('',#343,'design');
#288=PRODUCT_DEFINITION_CONTEXT('',#344,'design');
#289=PRODUCT_DEFINITION_CONTEXT('',#345,'design');
#290=PRODUCT_DEFINITION_FORMATION_WITH_SPECIFIED_SOURCE('','',#306,
 .NOT_KNOWN.);
#291=PRODUCT_DEFINITION_FORMATION_WITH_SPECIFIED_SOURCE('','',#307,
 .NOT_KNOWN.);
#292=PRODUCT_DEFINITION_FORMATION_WITH_SPECIFIED_SOURCE('','',#308,
 .NOT_KNOWN.);
#293=PRODUCT_DEFINITION_FORMATION_WITH_SPECIFIED_SOURCE('','',#309,
 .NOT_KNOWN.);
#294=PRODUCT_DEFINITION_FORMATION_WITH_SPECIFIED_SOURCE('','',#310,
 .NOT_KNOWN.);
#295=PRODUCT_DEFINITION_FORMATION_WITH_SPECIFIED_SOURCE('','',#311,
 .NOT_KNOWN.);
#296=PRODUCT_DEFINITION_FORMATION_WITH_SPECIFIED_SOURCE('','',#312,
 .NOT_KNOWN.);
#297=PRODUCT_DEFINITION_FORMATION_WITH_SPECIFIED_SOURCE('','',#313,
 .NOT_KNOWN.);
#298=PRODUCT_RELATED_PRODUCT_CATEGORY('','',(#306));
#299=PRODUCT_RELATED_PRODUCT_CATEGORY('','',(#307));
#300=PRODUCT_RELATED_PRODUCT_CATEGORY('','',(#308));
#301=PRODUCT_RELATED_PRODUCT_CATEGORY('','',(#309));
#302=PRODUCT_RELATED_PRODUCT_CATEGORY('','',(#310));
#303=PRODUCT_RELATED_PRODUCT_CATEGORY('','',(#311));
#304=PRODUCT_RELATED_PRODUCT_CATEGORY('','',(#312));
#305=PRODUCT_RELATED_PRODUCT_CATEGORY('','',(#313));
#306=PRODUCT('Part 3','Part 3','Part 3',(#322));
#307=PRODUCT('Part 4','Part 4','Part 4',(#323));
#308=PRODUCT('Part 7','Part 7','Part 7',(#324));
#309=PRODUCT('Part 1','Part 1','Part 1',(#325));
#310=PRODUCT('Part 5','Part 5','Part 5',(#326));
#311=PRODUCT('Part 8','Part 8','Part 8',(#327));
#312=PRODUCT('Part 2','Part 2','Part 2',(#328));
#313=PRODUCT('Part 6','Part 6','Part 6',(#329));
#314=PRODUCT_CATEGORY('','');
#315=PRODUCT_CATEGORY('','');
#316=PRODUCT_CATEGORY('','');
#317=PRODUCT_CATEGORY('','');
#318=PRODUCT_CATEGORY('','');
#319=PRODUCT_CATEGORY('','');
#320=PRODUCT_CATEGORY('','');
#321=PRODUCT_CATEGORY('','');
#322=PRODUCT_CONTEXT('',#338,'mechanical');
#323=PRODUCT_CONTEXT('',#339,'mechanical');
#324=PRODUCT_CONTEXT('',#340,'mechanical');
#325=PRODUCT_CONTEXT('',#341,'mechanical');
#326=PRODUCT_CONTEXT('',#342,'mechanical');
#327=PRODUCT_CONTEXT('',#343,'mechanical');
#328=PRODUCT_CONTEXT('',#344,'mechanical');
#329=PRODUCT_CONTEXT('',#345,'mechanical');
#330=APPLICATION_PROTOCOL_DEFINITION('international standard',
'ap242_managed_model_based_3d_engineering',2020,#338);
#331=APPLICATION_PROTOCOL_DEFINITION('international standard',
'ap242_managed_model_based_3d_engineering',2020,#339);
#332=APPLICATION_PROTOCOL_DEFINITION('international standard',
'ap242_managed_model_based_3d_engineering',2020,#340);
#333=APPLICATION_PROTOCOL_DEFINITION('international standard',
'ap242_managed_model_based_3d_engineering',2020,#341);
#334=APPLICATION_PROTOCOL_DEFINITION('international standard',
'ap242_managed_model_based_3d_engineering',2020,#342);
#335=APPLICATION_PROTOCOL_DEFINITION('international standard',
'ap242_managed_model_based_3d_engineering',2020,#343);
#336=APPLICATION_PROTOCOL_DEFINITION('international standard',
'ap242_managed_model_based_3d_engineering',2020,#344);
#337=APPLICATION_PROTOCOL_DEFINITION('international standard',
'ap242_managed_model_based_3d_engineering',2020,#345);
#338=APPLICATION_CONTEXT('managed model based 3d engineering');
#339=APPLICATION_CONTEXT('managed model based 3d engineering');
#340=APPLICATION_CONTEXT('managed model based 3d engineering');
#341=APPLICATION_CONTEXT('managed model based 3d engineering');
#342=APPLICATION_CONTEXT('managed model based 3d engineering');
#343=APPLICATION_CONTEXT('managed model based 3d engineering');
#344=APPLICATION_CONTEXT('managed model based 3d engineering');
#345=APPLICATION_CONTEXT('managed model based 3d engineering');
ENDSEC;
END-ISO-10303-21;
