ISO-10303-21;
HEADER;
/* Generated by software containing ST-Developer
 * from STEP Tools, Inc. (www.steptools.com) 
 */
/* OPTION: using custom renumber hook */

FILE_DESCRIPTION(
/* description */ ('STEP AP242 Edition 2',
'CAx-IF Rec.Pracs.---Representation and Presentation of Product Manufa
cturing Information (PMI)---4.0---2014-10-13',
'CAx-IF Rec.Pracs.---3D Tessellated Geometry---0.4---2014-09-14','2;1',
'CAx-IF Rec.Pracs.---User Defined Attributes---1.5---2016-08-15'),
/* implementation_level */ '2;1');

FILE_NAME(
/* name */ '6a74ee2b10077e304cb0b654',
/* time_stamp */ '2026-08-06T20:27:23Z',
/* author */ (''),
/* organization */ (''),
/* preprocessor_version */ 'ST-DEVELOPER v20',
/* originating_system */ 'ONSHAPE BY PTC INC, 1.218',
/* authorisation */ '  ');

FILE_SCHEMA (('AP242_MANAGED_MODEL_BASED_3D_ENGINEERING_MIM_LF { 1 0 10303 442 3 1 4 }'));
ENDSEC;

DATA;
#10=TOROIDAL_SURFACE('',#2611,0.0127,0.0127);
#11=TOROIDAL_SURFACE('',#2615,0.0127,0.0127);
#12=ELLIPSE('',#2607,0.0179605122421383,0.0127);
#13=ELLIPSE('',#2608,0.0179605122421383,0.0127);
#14=ELLIPSE('',#2610,0.0179605122421383,0.0127);
#15=ELLIPSE('',#2618,0.0179605122421383,0.0127);
#16=ELLIPSE('',#2619,0.0179605122421383,0.0127);
#17=ELLIPSE('',#2621,0.0179605122421383,0.0127);
#18=CONTEXT_DEPENDENT_SHAPE_REPRESENTATION(#42,#3940);
#19=CONTEXT_DEPENDENT_SHAPE_REPRESENTATION(#43,#3942);
#20=CONTEXT_DEPENDENT_SHAPE_REPRESENTATION(#44,#3943);
#21=CONTEXT_DEPENDENT_SHAPE_REPRESENTATION(#45,#3945);
#22=CONTEXT_DEPENDENT_SHAPE_REPRESENTATION(#46,#3946);
#23=CONTEXT_DEPENDENT_SHAPE_REPRESENTATION(#47,#3947);
#24=CONTEXT_DEPENDENT_SHAPE_REPRESENTATION(#48,#3949);
#25=CONTEXT_DEPENDENT_SHAPE_REPRESENTATION(#49,#3951);
#26=CONTEXT_DEPENDENT_SHAPE_REPRESENTATION(#50,#3953);
#27=CONTEXT_DEPENDENT_SHAPE_REPRESENTATION(#51,#3954);
#28=CONTEXT_DEPENDENT_SHAPE_REPRESENTATION(#52,#3956);
#29=CONTEXT_DEPENDENT_SHAPE_REPRESENTATION(#53,#3957);
#30=NEXT_ASSEMBLY_USAGE_OCCURRENCE('NAUO1','Short','Short',#3958,#3959,
'');
#31=NEXT_ASSEMBLY_USAGE_OCCURRENCE('NAUO2','Chair Clamp','Chair Clamp',
#3958,#3960,'');
#32=NEXT_ASSEMBLY_USAGE_OCCURRENCE('NAUO3','Short','Short',#3958,#3959,
'');
#33=NEXT_ASSEMBLY_USAGE_OCCURRENCE('NAUO4','Part 2','Part 2',#3958,#3961,
'');
#34=NEXT_ASSEMBLY_USAGE_OCCURRENCE('NAUO5','Part 2','Part 2',#3958,#3961,
'');
#35=NEXT_ASSEMBLY_USAGE_OCCURRENCE('NAUO6','Short','Short',#3958,#3959,
'');
#36=NEXT_ASSEMBLY_USAGE_OCCURRENCE('NAUO7','SnapDragon','SnapDragon',#3958,
#3962,'');
#37=NEXT_ASSEMBLY_USAGE_OCCURRENCE('NAUO8','Board','Board',#3958,#3963,
'');
#38=NEXT_ASSEMBLY_USAGE_OCCURRENCE('NAUO9','Part 1','Part 1',#3958,#3964,
'');
#39=NEXT_ASSEMBLY_USAGE_OCCURRENCE('NAUO10','Part 1','Part 1',#3958,#3964,
'');
#40=NEXT_ASSEMBLY_USAGE_OCCURRENCE('NAUO11','Standin','Standin',#3958,#3965,
'');
#41=NEXT_ASSEMBLY_USAGE_OCCURRENCE('NAUO12','Short','Short',#3958,#3959,
'');
#42=(
REPRESENTATION_RELATIONSHIP(' ',' ',#2410,#2409)
REPRESENTATION_RELATIONSHIP_WITH_TRANSFORMATION(#54)
SHAPE_REPRESENTATION_RELATIONSHIP()
);
#43=(
REPRESENTATION_RELATIONSHIP(' ',' ',#2411,#2409)
REPRESENTATION_RELATIONSHIP_WITH_TRANSFORMATION(#55)
SHAPE_REPRESENTATION_RELATIONSHIP()
);
#44=(
REPRESENTATION_RELATIONSHIP(' ',' ',#2410,#2409)
REPRESENTATION_RELATIONSHIP_WITH_TRANSFORMATION(#56)
SHAPE_REPRESENTATION_RELATIONSHIP()
);
#45=(
REPRESENTATION_RELATIONSHIP(' ',' ',#2412,#2409)
REPRESENTATION_RELATIONSHIP_WITH_TRANSFORMATION(#57)
SHAPE_REPRESENTATION_RELATIONSHIP()
);
#46=(
REPRESENTATION_RELATIONSHIP(' ',' ',#2412,#2409)
REPRESENTATION_RELATIONSHIP_WITH_TRANSFORMATION(#58)
SHAPE_REPRESENTATION_RELATIONSHIP()
);
#47=(
REPRESENTATION_RELATIONSHIP(' ',' ',#2410,#2409)
REPRESENTATION_RELATIONSHIP_WITH_TRANSFORMATION(#59)
SHAPE_REPRESENTATION_RELATIONSHIP()
);
#48=(
REPRESENTATION_RELATIONSHIP(' ',' ',#2413,#2409)
REPRESENTATION_RELATIONSHIP_WITH_TRANSFORMATION(#60)
SHAPE_REPRESENTATION_RELATIONSHIP()
);
#49=(
REPRESENTATION_RELATIONSHIP(' ',' ',#2414,#2409)
REPRESENTATION_RELATIONSHIP_WITH_TRANSFORMATION(#61)
SHAPE_REPRESENTATION_RELATIONSHIP()
);
#50=(
REPRESENTATION_RELATIONSHIP(' ',' ',#2415,#2409)
REPRESENTATION_RELATIONSHIP_WITH_TRANSFORMATION(#62)
SHAPE_REPRESENTATION_RELATIONSHIP()
);
#51=(
REPRESENTATION_RELATIONSHIP(' ',' ',#2415,#2409)
REPRESENTATION_RELATIONSHIP_WITH_TRANSFORMATION(#63)
SHAPE_REPRESENTATION_RELATIONSHIP()
);
#52=(
REPRESENTATION_RELATIONSHIP(' ',' ',#2416,#2409)
REPRESENTATION_RELATIONSHIP_WITH_TRANSFORMATION(#64)
SHAPE_REPRESENTATION_RELATIONSHIP()
);
#53=(
REPRESENTATION_RELATIONSHIP(' ',' ',#2410,#2409)
REPRESENTATION_RELATIONSHIP_WITH_TRANSFORMATION(#65)
SHAPE_REPRESENTATION_RELATIONSHIP()
);
#54=ITEM_DEFINED_TRANSFORMATION(' ',' ',#2417,#2435);
#55=ITEM_DEFINED_TRANSFORMATION(' ',' ',#2417,#2472);
#56=ITEM_DEFINED_TRANSFORMATION(' ',' ',#2417,#2473);
#57=ITEM_DEFINED_TRANSFORMATION(' ',' ',#2417,#2482);
#58=ITEM_DEFINED_TRANSFORMATION(' ',' ',#2417,#2483);
#59=ITEM_DEFINED_TRANSFORMATION(' ',' ',#2417,#2484);
#60=ITEM_DEFINED_TRANSFORMATION(' ',' ',#2417,#2529);
#61=ITEM_DEFINED_TRANSFORMATION(' ',' ',#2417,#2536);
#62=ITEM_DEFINED_TRANSFORMATION(' ',' ',#2417,#2603);
#63=ITEM_DEFINED_TRANSFORMATION(' ',' ',#2417,#2604);
#64=ITEM_DEFINED_TRANSFORMATION(' ',' ',#2417,#2630);
#65=ITEM_DEFINED_TRANSFORMATION(' ',' ',#2417,#2631);
#66=SHAPE_REPRESENTATION_RELATIONSHIP('','',#2410,#73);
#67=SHAPE_REPRESENTATION_RELATIONSHIP('','',#2411,#74);
#68=SHAPE_REPRESENTATION_RELATIONSHIP('','',#2412,#75);
#69=SHAPE_REPRESENTATION_RELATIONSHIP('','',#2413,#76);
#70=SHAPE_REPRESENTATION_RELATIONSHIP('','',#2414,#77);
#71=SHAPE_REPRESENTATION_RELATIONSHIP('','',#2415,#78);
#72=SHAPE_REPRESENTATION_RELATIONSHIP('','',#2416,#79);
#73=ADVANCED_BREP_SHAPE_REPRESENTATION('',(#2394),#3920);
#74=ADVANCED_BREP_SHAPE_REPRESENTATION('',(#2395),#3921);
#75=ADVANCED_BREP_SHAPE_REPRESENTATION('',(#2396),#3922);
#76=ADVANCED_BREP_SHAPE_REPRESENTATION('',(#2397),#3923);
#77=ADVANCED_BREP_SHAPE_REPRESENTATION('',(#2398),#3924);
#78=ADVANCED_BREP_SHAPE_REPRESENTATION('',(#2399),#3925);
#79=ADVANCED_BREP_SHAPE_REPRESENTATION('',(#2400),#3926);
#80=LINE('',#3287,#295);
#81=LINE('',#3290,#296);
#82=LINE('',#3292,#297);
#83=LINE('',#3294,#298);
#84=LINE('',#3296,#299);
#85=LINE('',#3298,#300);
#86=LINE('',#3300,#301);
#87=LINE('',#3302,#302);
#88=LINE('',#3304,#303);
#89=LINE('',#3306,#304);
#90=LINE('',#3308,#305);
#91=LINE('',#3310,#306);
#92=LINE('',#3312,#307);
#93=LINE('',#3314,#308);
#94=LINE('',#3316,#309);
#95=LINE('',#3318,#310);
#96=LINE('',#3320,#311);
#97=LINE('',#3322,#312);
#98=LINE('',#3324,#313);
#99=LINE('',#3326,#314);
#100=LINE('',#3327,#315);
#101=LINE('',#3336,#316);
#102=LINE('',#3339,#317);
#103=LINE('',#3341,#318);
#104=LINE('',#3343,#319);
#105=LINE('',#3345,#320);
#106=LINE('',#3348,#321);
#107=LINE('',#3350,#322);
#108=LINE('',#3352,#323);
#109=LINE('',#3354,#324);
#110=LINE('',#3356,#325);
#111=LINE('',#3358,#326);
#112=LINE('',#3360,#327);
#113=LINE('',#3362,#328);
#114=LINE('',#3364,#329);
#115=LINE('',#3368,#330);
#116=LINE('',#3371,#331);
#117=LINE('',#3375,#332);
#118=LINE('',#3377,#333);
#119=LINE('',#3379,#334);
#120=LINE('',#3381,#335);
#121=LINE('',#3383,#336);
#122=LINE('',#3384,#337);
#123=LINE('',#3388,#338);
#124=LINE('',#3390,#339);
#125=LINE('',#3392,#340);
#126=LINE('',#3394,#341);
#127=LINE('',#3396,#342);
#128=LINE('',#3398,#343);
#129=LINE('',#3400,#344);
#130=LINE('',#3402,#345);
#131=LINE('',#3404,#346);
#132=LINE('',#3406,#347);
#133=LINE('',#3408,#348);
#134=LINE('',#3410,#349);
#135=LINE('',#3413,#350);
#136=LINE('',#3417,#351);
#137=LINE('',#3418,#352);
#138=LINE('',#3420,#353);
#139=LINE('',#3422,#354);
#140=LINE('',#3424,#355);
#141=LINE('',#3426,#356);
#142=LINE('',#3428,#357);
#143=LINE('',#3430,#358);
#144=LINE('',#3432,#359);
#145=LINE('',#3434,#360);
#146=LINE('',#3436,#361);
#147=LINE('',#3439,#362);
#148=LINE('',#3441,#363);
#149=LINE('',#3443,#364);
#150=LINE('',#3445,#365);
#151=LINE('',#3446,#366);
#152=LINE('',#3448,#367);
#153=LINE('',#3449,#368);
#154=LINE('',#3451,#369);
#155=LINE('',#3452,#370);
#156=LINE('',#3454,#371);
#157=LINE('',#3455,#372);
#158=LINE('',#3457,#373);
#159=LINE('',#3460,#374);
#160=LINE('',#3461,#375);
#161=LINE('',#3463,#376);
#162=LINE('',#3465,#377);
#163=LINE('',#3466,#378);
#164=LINE('',#3468,#379);
#165=LINE('',#3470,#380);
#166=LINE('',#3472,#381);
#167=LINE('',#3473,#382);
#168=LINE('',#3475,#383);
#169=LINE('',#3478,#384);
#170=LINE('',#3480,#385);
#171=LINE('',#3482,#386);
#172=LINE('',#3484,#387);
#173=LINE('',#3485,#388);
#174=LINE('',#3487,#389);
#175=LINE('',#3489,#390);
#176=LINE('',#3491,#391);
#177=LINE('',#3493,#392);
#178=LINE('',#3496,#393);
#179=LINE('',#3498,#394);
#180=LINE('',#3501,#395);
#181=LINE('',#3503,#396);
#182=LINE('',#3506,#397);
#183=LINE('',#3507,#398);
#184=LINE('',#3511,#399);
#185=LINE('',#3513,#400);
#186=LINE('',#3533,#401);
#187=LINE('',#3536,#402);
#188=LINE('',#3538,#403);
#189=LINE('',#3540,#404);
#190=LINE('',#3541,#405);
#191=LINE('',#3544,#406);
#192=LINE('',#3546,#407);
#193=LINE('',#3548,#408);
#194=LINE('',#3550,#409);
#195=LINE('',#3552,#410);
#196=LINE('',#3554,#411);
#197=LINE('',#3556,#412);
#198=LINE('',#3558,#413);
#199=LINE('',#3560,#414);
#200=LINE('',#3562,#415);
#201=LINE('',#3576,#416);
#202=LINE('',#3579,#417);
#203=LINE('',#3581,#418);
#204=LINE('',#3583,#419);
#205=LINE('',#3585,#420);
#206=LINE('',#3587,#421);
#207=LINE('',#3589,#422);
#208=LINE('',#3591,#423);
#209=LINE('',#3593,#424);
#210=LINE('',#3595,#425);
#211=LINE('',#3597,#426);
#212=LINE('',#3599,#427);
#213=LINE('',#3601,#428);
#214=LINE('',#3602,#429);
#215=LINE('',#3604,#430);
#216=LINE('',#3606,#431);
#217=LINE('',#3608,#432);
#218=LINE('',#3610,#433);
#219=LINE('',#3611,#434);
#220=LINE('',#3630,#435);
#221=LINE('',#3632,#436);
#222=LINE('',#3634,#437);
#223=LINE('',#3636,#438);
#224=LINE('',#3638,#439);
#225=LINE('',#3639,#440);
#226=LINE('',#3641,#441);
#227=LINE('',#3643,#442);
#228=LINE('',#3645,#443);
#229=LINE('',#3647,#444);
#230=LINE('',#3649,#445);
#231=LINE('',#3651,#446);
#232=LINE('',#3657,#447);
#233=LINE('',#3660,#448);
#234=LINE('',#3662,#449);
#235=LINE('',#3663,#450);
#236=LINE('',#3665,#451);
#237=LINE('',#3669,#452);
#238=LINE('',#3671,#453);
#239=LINE('',#3673,#454);
#240=LINE('',#3676,#455);
#241=LINE('',#3680,#456);
#242=LINE('',#3681,#457);
#243=LINE('',#3683,#458);
#244=LINE('',#3685,#459);
#245=LINE('',#3687,#460);
#246=LINE('',#3689,#461);
#247=LINE('',#3693,#462);
#248=LINE('',#3696,#463);
#249=LINE('',#3698,#464);
#250=LINE('',#3700,#465);
#251=LINE('',#3702,#466);
#252=LINE('',#3704,#467);
#253=LINE('',#3706,#468);
#254=LINE('',#3708,#469);
#255=LINE('',#3710,#470);
#256=LINE('',#3712,#471);
#257=LINE('',#3714,#472);
#258=LINE('',#3715,#473);
#259=LINE('',#3720,#474);
#260=LINE('',#3723,#475);
#261=LINE('',#3725,#476);
#262=LINE('',#3727,#477);
#263=LINE('',#3761,#478);
#264=LINE('',#3764,#479);
#265=LINE('',#3766,#480);
#266=LINE('',#3768,#481);
#267=LINE('',#3770,#482);
#268=LINE('',#3773,#483);
#269=LINE('',#3774,#484);
#270=LINE('',#3776,#485);
#271=LINE('',#3778,#486);
#272=LINE('',#3780,#487);
#273=LINE('',#3782,#488);
#274=LINE('',#3816,#489);
#275=LINE('',#3834,#490);
#276=LINE('',#3837,#491);
#277=LINE('',#3839,#492);
#278=LINE('',#3841,#493);
#279=LINE('',#3843,#494);
#280=LINE('',#3845,#495);
#281=LINE('',#3847,#496);
#282=LINE('',#3849,#497);
#283=LINE('',#3850,#498);
#284=LINE('',#3852,#499);
#285=LINE('',#3854,#500);
#286=LINE('',#3856,#501);
#287=LINE('',#3858,#502);
#288=LINE('',#3860,#503);
#289=LINE('',#3861,#504);
#290=LINE('',#3863,#505);
#291=LINE('',#3864,#506);
#292=LINE('',#3866,#507);
#293=LINE('',#3871,#508);
#294=LINE('',#3876,#509);
#295=VECTOR('',#2646,1.);
#296=VECTOR('',#2647,1.);
#297=VECTOR('',#2648,1.);
#298=VECTOR('',#2649,1.);
#299=VECTOR('',#2652,1.);
#300=VECTOR('',#2653,1.);
#301=VECTOR('',#2654,1.);
#302=VECTOR('',#2657,1.);
#303=VECTOR('',#2658,1.);
#304=VECTOR('',#2659,1.);
#305=VECTOR('',#2662,1.);
#306=VECTOR('',#2663,1.);
#307=VECTOR('',#2664,1.);
#308=VECTOR('',#2667,1.);
#309=VECTOR('',#2668,1.);
#310=VECTOR('',#2669,1.);
#311=VECTOR('',#2672,1.);
#312=VECTOR('',#2673,1.);
#313=VECTOR('',#2674,1.);
#314=VECTOR('',#2677,1.);
#315=VECTOR('',#2678,1.);
#316=VECTOR('',#2693,1.);
#317=VECTOR('',#2694,1.);
#318=VECTOR('',#2695,1.);
#319=VECTOR('',#2696,1.);
#320=VECTOR('',#2699,1.);
#321=VECTOR('',#2700,1.);
#322=VECTOR('',#2701,1.);
#323=VECTOR('',#2702,1.);
#324=VECTOR('',#2703,1.);
#325=VECTOR('',#2704,1.);
#326=VECTOR('',#2705,1.);
#327=VECTOR('',#2706,1.);
#328=VECTOR('',#2707,1.);
#329=VECTOR('',#2708,1.);
#330=VECTOR('',#2713,1.);
#331=VECTOR('',#2714,1.);
#332=VECTOR('',#2717,1.);
#333=VECTOR('',#2718,1.);
#334=VECTOR('',#2719,1.);
#335=VECTOR('',#2720,1.);
#336=VECTOR('',#2721,1.);
#337=VECTOR('',#2722,1.);
#338=VECTOR('',#2725,1.);
#339=VECTOR('',#2726,1.);
#340=VECTOR('',#2727,1.);
#341=VECTOR('',#2728,1.);
#342=VECTOR('',#2729,1.);
#343=VECTOR('',#2730,1.);
#344=VECTOR('',#2731,1.);
#345=VECTOR('',#2732,1.);
#346=VECTOR('',#2733,1.);
#347=VECTOR('',#2734,1.);
#348=VECTOR('',#2735,1.);
#349=VECTOR('',#2738,1.);
#350=VECTOR('',#2739,1.);
#351=VECTOR('',#2742,1.);
#352=VECTOR('',#2743,1.);
#353=VECTOR('',#2744,1.);
#354=VECTOR('',#2745,1.);
#355=VECTOR('',#2746,1.);
#356=VECTOR('',#2747,1.);
#357=VECTOR('',#2748,1.);
#358=VECTOR('',#2749,1.);
#359=VECTOR('',#2750,1.);
#360=VECTOR('',#2751,1.);
#361=VECTOR('',#2754,1.);
#362=VECTOR('',#2755,1.);
#363=VECTOR('',#2756,1.);
#364=VECTOR('',#2757,1.);
#365=VECTOR('',#2760,1.);
#366=VECTOR('',#2761,1.);
#367=VECTOR('',#2764,1.);
#368=VECTOR('',#2765,1.);
#369=VECTOR('',#2768,1.);
#370=VECTOR('',#2769,1.);
#371=VECTOR('',#2772,1.);
#372=VECTOR('',#2773,1.);
#373=VECTOR('',#2776,1.);
#374=VECTOR('',#2781,1.);
#375=VECTOR('',#2782,1.);
#376=VECTOR('',#2783,1.);
#377=VECTOR('',#2784,1.);
#378=VECTOR('',#2785,1.);
#379=VECTOR('',#2786,1.);
#380=VECTOR('',#2787,1.);
#381=VECTOR('',#2790,1.);
#382=VECTOR('',#2791,1.);
#383=VECTOR('',#2794,1.);
#384=VECTOR('',#2799,1.);
#385=VECTOR('',#2802,1.);
#386=VECTOR('',#2803,1.);
#387=VECTOR('',#2804,1.);
#388=VECTOR('',#2805,1.);
#389=VECTOR('',#2806,1.);
#390=VECTOR('',#2807,1.);
#391=VECTOR('',#2810,1.);
#392=VECTOR('',#2813,1.);
#393=VECTOR('',#2818,1.);
#394=VECTOR('',#2821,1.);
#395=VECTOR('',#2826,1.);
#396=VECTOR('',#2829,1.);
#397=VECTOR('',#2834,1.);
#398=VECTOR('',#2835,1.);
#399=VECTOR('',#2842,1.);
#400=VECTOR('',#2845,1.);
#401=VECTOR('',#2876,1.);
#402=VECTOR('',#2877,1.);
#403=VECTOR('',#2878,1.);
#404=VECTOR('',#2879,1.);
#405=VECTOR('',#2880,1.);
#406=VECTOR('',#2881,1.);
#407=VECTOR('',#2882,1.);
#408=VECTOR('',#2883,1.);
#409=VECTOR('',#2886,1.);
#410=VECTOR('',#2887,1.);
#411=VECTOR('',#2888,1.);
#412=VECTOR('',#2889,1.);
#413=VECTOR('',#2890,1.);
#414=VECTOR('',#2891,1.);
#415=VECTOR('',#2892,1.);
#416=VECTOR('',#2907,1.);
#417=VECTOR('',#2908,1.);
#418=VECTOR('',#2909,1.);
#419=VECTOR('',#2910,1.);
#420=VECTOR('',#2913,1.);
#421=VECTOR('',#2914,1.);
#422=VECTOR('',#2915,1.);
#423=VECTOR('',#2918,1.);
#424=VECTOR('',#2919,1.);
#425=VECTOR('',#2920,1.);
#426=VECTOR('',#2921,1.);
#427=VECTOR('',#2922,1.);
#428=VECTOR('',#2923,1.);
#429=VECTOR('',#2924,1.);
#430=VECTOR('',#2925,1.);
#431=VECTOR('',#2926,1.);
#432=VECTOR('',#2927,1.);
#433=VECTOR('',#2930,1.);
#434=VECTOR('',#2931,1.);
#435=VECTOR('',#2956,1.);
#436=VECTOR('',#2957,1.);
#437=VECTOR('',#2960,1.);
#438=VECTOR('',#2961,1.);
#439=VECTOR('',#2964,1.);
#440=VECTOR('',#2965,1.);
#441=VECTOR('',#2968,1.);
#442=VECTOR('',#2969,1.);
#443=VECTOR('',#2972,1.);
#444=VECTOR('',#2975,1.);
#445=VECTOR('',#2976,1.);
#446=VECTOR('',#2979,1.);
#447=VECTOR('',#2990,1.);
#448=VECTOR('',#2991,1.);
#449=VECTOR('',#2992,1.);
#450=VECTOR('',#2993,1.);
#451=VECTOR('',#2994,1.);
#452=VECTOR('',#2999,1.);
#453=VECTOR('',#3000,1.);
#454=VECTOR('',#3003,1.);
#455=VECTOR('',#3004,1.);
#456=VECTOR('',#3007,1.);
#457=VECTOR('',#3008,1.);
#458=VECTOR('',#3011,1.);
#459=VECTOR('',#3014,1.);
#460=VECTOR('',#3017,1.);
#461=VECTOR('',#3020,1.);
#462=VECTOR('',#3027,1.);
#463=VECTOR('',#3028,1.);
#464=VECTOR('',#3029,1.);
#465=VECTOR('',#3030,1.);
#466=VECTOR('',#3033,1.);
#467=VECTOR('',#3034,1.);
#468=VECTOR('',#3035,1.);
#469=VECTOR('',#3038,1.);
#470=VECTOR('',#3039,1.);
#471=VECTOR('',#3040,1.);
#472=VECTOR('',#3043,1.);
#473=VECTOR('',#3044,1.);
#474=VECTOR('',#3053,1.);
#475=VECTOR('',#3054,1.);
#476=VECTOR('',#3055,1.);
#477=VECTOR('',#3056,1.);
#478=VECTOR('',#3091,1.);
#479=VECTOR('',#3092,1.);
#480=VECTOR('',#3093,1.);
#481=VECTOR('',#3094,1.);
#482=VECTOR('',#3097,1.);
#483=VECTOR('',#3098,1.);
#484=VECTOR('',#3099,1.);
#485=VECTOR('',#3102,1.);
#486=VECTOR('',#3103,1.);
#487=VECTOR('',#3106,1.);
#488=VECTOR('',#3107,1.);
#489=VECTOR('',#3142,1.);
#490=VECTOR('',#3177,1.);
#491=VECTOR('',#3178,1.);
#492=VECTOR('',#3179,1.);
#493=VECTOR('',#3180,1.);
#494=VECTOR('',#3183,1.);
#495=VECTOR('',#3184,1.);
#496=VECTOR('',#3185,1.);
#497=VECTOR('',#3186,1.);
#498=VECTOR('',#3187,1.);
#499=VECTOR('',#3188,1.);
#500=VECTOR('',#3191,1.);
#501=VECTOR('',#3192,1.);
#502=VECTOR('',#3193,1.);
#503=VECTOR('',#3196,1.);
#504=VECTOR('',#3197,1.);
#505=VECTOR('',#3198,1.);
#506=VECTOR('',#3199,1.);
#507=VECTOR('',#3200,1.);
#508=VECTOR('',#3207,1.);
#509=VECTOR('',#3214,1.);
#510=PLANE('',#2421);
#511=PLANE('',#2423);
#512=PLANE('',#2424);
#513=PLANE('',#2425);
#514=PLANE('',#2426);
#515=PLANE('',#2427);
#516=PLANE('',#2428);
#517=PLANE('',#2429);
#518=PLANE('',#2430);
#519=PLANE('',#2431);
#520=PLANE('',#2434);
#521=PLANE('',#2436);
#522=PLANE('',#2437);
#523=PLANE('',#2439);
#524=PLANE('',#2442);
#525=PLANE('',#2444);
#526=PLANE('',#2445);
#527=PLANE('',#2446);
#528=PLANE('',#2447);
#529=PLANE('',#2448);
#530=PLANE('',#2449);
#531=PLANE('',#2450);
#532=PLANE('',#2451);
#533=PLANE('',#2452);
#534=PLANE('',#2453);
#535=PLANE('',#2454);
#536=PLANE('',#2455);
#537=PLANE('',#2456);
#538=PLANE('',#2457);
#539=PLANE('',#2458);
#540=PLANE('',#2459);
#541=PLANE('',#2460);
#542=PLANE('',#2461);
#543=PLANE('',#2462);
#544=PLANE('',#2463);
#545=PLANE('',#2464);
#546=PLANE('',#2465);
#547=PLANE('',#2467);
#548=PLANE('',#2468);
#549=PLANE('',#2469);
#550=PLANE('',#2470);
#551=PLANE('',#2480);
#552=PLANE('',#2481);
#553=PLANE('',#2485);
#554=PLANE('',#2486);
#555=PLANE('',#2493);
#556=PLANE('',#2494);
#557=PLANE('',#2495);
#558=PLANE('',#2496);
#559=PLANE('',#2497);
#560=PLANE('',#2508);
#561=PLANE('',#2509);
#562=PLANE('',#2510);
#563=PLANE('',#2511);
#564=PLANE('',#2512);
#565=PLANE('',#2513);
#566=PLANE('',#2514);
#567=PLANE('',#2517);
#568=PLANE('',#2518);
#569=PLANE('',#2519);
#570=PLANE('',#2521);
#571=PLANE('',#2522);
#572=PLANE('',#2524);
#573=PLANE('',#2525);
#574=PLANE('',#2526);
#575=PLANE('',#2528);
#576=PLANE('',#2530);
#577=PLANE('',#2531);
#578=PLANE('',#2532);
#579=PLANE('',#2533);
#580=PLANE('',#2534);
#581=PLANE('',#2535);
#582=PLANE('',#2537);
#583=PLANE('',#2538);
#584=PLANE('',#2555);
#585=PLANE('',#2556);
#586=PLANE('',#2557);
#587=PLANE('',#2558);
#588=PLANE('',#2591);
#589=PLANE('',#2592);
#590=PLANE('',#2593);
#591=PLANE('',#2594);
#592=PLANE('',#2595);
#593=PLANE('',#2596);
#594=PLANE('',#2598);
#595=PLANE('',#2599);
#596=PLANE('',#2601);
#597=PLANE('',#2622);
#598=PLANE('',#2623);
#599=PLANE('',#2626);
#600=PLANE('',#2629);
#601=ORIENTED_EDGE('',*,*,#1179,.F.);
#602=ORIENTED_EDGE('',*,*,#1180,.T.);
#603=ORIENTED_EDGE('',*,*,#1181,.T.);
#604=ORIENTED_EDGE('',*,*,#1179,.T.);
#605=ORIENTED_EDGE('',*,*,#1182,.T.);
#606=ORIENTED_EDGE('',*,*,#1183,.F.);
#607=ORIENTED_EDGE('',*,*,#1184,.F.);
#608=ORIENTED_EDGE('',*,*,#1185,.T.);
#609=ORIENTED_EDGE('',*,*,#1186,.T.);
#610=ORIENTED_EDGE('',*,*,#1187,.F.);
#611=ORIENTED_EDGE('',*,*,#1188,.F.);
#612=ORIENTED_EDGE('',*,*,#1183,.T.);
#613=ORIENTED_EDGE('',*,*,#1189,.T.);
#614=ORIENTED_EDGE('',*,*,#1190,.F.);
#615=ORIENTED_EDGE('',*,*,#1191,.F.);
#616=ORIENTED_EDGE('',*,*,#1187,.T.);
#617=ORIENTED_EDGE('',*,*,#1192,.T.);
#618=ORIENTED_EDGE('',*,*,#1193,.F.);
#619=ORIENTED_EDGE('',*,*,#1194,.F.);
#620=ORIENTED_EDGE('',*,*,#1190,.T.);
#621=ORIENTED_EDGE('',*,*,#1195,.T.);
#622=ORIENTED_EDGE('',*,*,#1196,.F.);
#623=ORIENTED_EDGE('',*,*,#1197,.F.);
#624=ORIENTED_EDGE('',*,*,#1193,.T.);
#625=ORIENTED_EDGE('',*,*,#1198,.T.);
#626=ORIENTED_EDGE('',*,*,#1199,.F.);
#627=ORIENTED_EDGE('',*,*,#1200,.F.);
#628=ORIENTED_EDGE('',*,*,#1196,.T.);
#629=ORIENTED_EDGE('',*,*,#1201,.T.);
#630=ORIENTED_EDGE('',*,*,#1185,.F.);
#631=ORIENTED_EDGE('',*,*,#1202,.F.);
#632=ORIENTED_EDGE('',*,*,#1199,.T.);
#633=ORIENTED_EDGE('',*,*,#1180,.F.);
#634=ORIENTED_EDGE('',*,*,#1184,.T.);
#635=ORIENTED_EDGE('',*,*,#1188,.T.);
#636=ORIENTED_EDGE('',*,*,#1191,.T.);
#637=ORIENTED_EDGE('',*,*,#1194,.T.);
#638=ORIENTED_EDGE('',*,*,#1197,.T.);
#639=ORIENTED_EDGE('',*,*,#1200,.T.);
#640=ORIENTED_EDGE('',*,*,#1202,.T.);
#641=ORIENTED_EDGE('',*,*,#1182,.F.);
#642=ORIENTED_EDGE('',*,*,#1201,.F.);
#643=ORIENTED_EDGE('',*,*,#1198,.F.);
#644=ORIENTED_EDGE('',*,*,#1195,.F.);
#645=ORIENTED_EDGE('',*,*,#1192,.F.);
#646=ORIENTED_EDGE('',*,*,#1189,.F.);
#647=ORIENTED_EDGE('',*,*,#1186,.F.);
#648=ORIENTED_EDGE('',*,*,#1203,.F.);
#649=ORIENTED_EDGE('',*,*,#1181,.F.);
#650=ORIENTED_EDGE('',*,*,#1203,.T.);
#651=ORIENTED_EDGE('',*,*,#1204,.F.);
#652=ORIENTED_EDGE('',*,*,#1205,.T.);
#653=ORIENTED_EDGE('',*,*,#1206,.T.);
#654=ORIENTED_EDGE('',*,*,#1207,.T.);
#655=ORIENTED_EDGE('',*,*,#1208,.F.);
#656=ORIENTED_EDGE('',*,*,#1209,.T.);
#657=ORIENTED_EDGE('',*,*,#1210,.T.);
#658=ORIENTED_EDGE('',*,*,#1211,.F.);
#659=ORIENTED_EDGE('',*,*,#1212,.F.);
#660=ORIENTED_EDGE('',*,*,#1213,.F.);
#661=ORIENTED_EDGE('',*,*,#1214,.T.);
#662=ORIENTED_EDGE('',*,*,#1215,.T.);
#663=ORIENTED_EDGE('',*,*,#1216,.F.);
#664=ORIENTED_EDGE('',*,*,#1217,.F.);
#665=ORIENTED_EDGE('',*,*,#1218,.T.);
#666=ORIENTED_EDGE('',*,*,#1219,.F.);
#667=ORIENTED_EDGE('',*,*,#1220,.T.);
#668=ORIENTED_EDGE('',*,*,#1221,.F.);
#669=ORIENTED_EDGE('',*,*,#1222,.T.);
#670=ORIENTED_EDGE('',*,*,#1223,.T.);
#671=ORIENTED_EDGE('',*,*,#1224,.F.);
#672=ORIENTED_EDGE('',*,*,#1225,.F.);
#673=ORIENTED_EDGE('',*,*,#1226,.T.);
#674=ORIENTED_EDGE('',*,*,#1206,.F.);
#675=ORIENTED_EDGE('',*,*,#1227,.F.);
#676=ORIENTED_EDGE('',*,*,#1228,.T.);
#677=ORIENTED_EDGE('',*,*,#1229,.F.);
#678=ORIENTED_EDGE('',*,*,#1230,.T.);
#679=ORIENTED_EDGE('',*,*,#1231,.T.);
#680=ORIENTED_EDGE('',*,*,#1232,.F.);
#681=ORIENTED_EDGE('',*,*,#1233,.F.);
#682=ORIENTED_EDGE('',*,*,#1234,.F.);
#683=ORIENTED_EDGE('',*,*,#1235,.F.);
#684=ORIENTED_EDGE('',*,*,#1236,.F.);
#685=ORIENTED_EDGE('',*,*,#1237,.T.);
#686=ORIENTED_EDGE('',*,*,#1238,.T.);
#687=ORIENTED_EDGE('',*,*,#1239,.F.);
#688=ORIENTED_EDGE('',*,*,#1240,.F.);
#689=ORIENTED_EDGE('',*,*,#1241,.T.);
#690=ORIENTED_EDGE('',*,*,#1242,.F.);
#691=ORIENTED_EDGE('',*,*,#1243,.T.);
#692=ORIENTED_EDGE('',*,*,#1204,.T.);
#693=ORIENTED_EDGE('',*,*,#1244,.F.);
#694=ORIENTED_EDGE('',*,*,#1245,.T.);
#695=ORIENTED_EDGE('',*,*,#1246,.F.);
#696=ORIENTED_EDGE('',*,*,#1247,.T.);
#697=ORIENTED_EDGE('',*,*,#1248,.T.);
#698=ORIENTED_EDGE('',*,*,#1249,.T.);
#699=ORIENTED_EDGE('',*,*,#1250,.T.);
#700=ORIENTED_EDGE('',*,*,#1251,.T.);
#701=ORIENTED_EDGE('',*,*,#1252,.F.);
#702=ORIENTED_EDGE('',*,*,#1253,.F.);
#703=ORIENTED_EDGE('',*,*,#1254,.T.);
#704=ORIENTED_EDGE('',*,*,#1255,.T.);
#705=ORIENTED_EDGE('',*,*,#1256,.F.);
#706=ORIENTED_EDGE('',*,*,#1257,.F.);
#707=ORIENTED_EDGE('',*,*,#1233,.T.);
#708=ORIENTED_EDGE('',*,*,#1258,.T.);
#709=ORIENTED_EDGE('',*,*,#1250,.F.);
#710=ORIENTED_EDGE('',*,*,#1259,.F.);
#711=ORIENTED_EDGE('',*,*,#1224,.T.);
#712=ORIENTED_EDGE('',*,*,#1260,.T.);
#713=ORIENTED_EDGE('',*,*,#1215,.F.);
#714=ORIENTED_EDGE('',*,*,#1261,.T.);
#715=ORIENTED_EDGE('',*,*,#1209,.F.);
#716=ORIENTED_EDGE('',*,*,#1262,.F.);
#717=ORIENTED_EDGE('',*,*,#1219,.T.);
#718=ORIENTED_EDGE('',*,*,#1263,.T.);
#719=ORIENTED_EDGE('',*,*,#1238,.F.);
#720=ORIENTED_EDGE('',*,*,#1264,.F.);
#721=ORIENTED_EDGE('',*,*,#1211,.T.);
#722=ORIENTED_EDGE('',*,*,#1265,.F.);
#723=ORIENTED_EDGE('',*,*,#1216,.T.);
#724=ORIENTED_EDGE('',*,*,#1260,.F.);
#725=ORIENTED_EDGE('',*,*,#1223,.F.);
#726=ORIENTED_EDGE('',*,*,#1239,.T.);
#727=ORIENTED_EDGE('',*,*,#1263,.F.);
#728=ORIENTED_EDGE('',*,*,#1210,.F.);
#729=ORIENTED_EDGE('',*,*,#1261,.F.);
#730=ORIENTED_EDGE('',*,*,#1237,.F.);
#731=ORIENTED_EDGE('',*,*,#1266,.T.);
#732=ORIENTED_EDGE('',*,*,#1246,.T.);
#733=ORIENTED_EDGE('',*,*,#1267,.F.);
#734=ORIENTED_EDGE('',*,*,#1268,.T.);
#735=ORIENTED_EDGE('',*,*,#1269,.T.);
#736=ORIENTED_EDGE('',*,*,#1256,.T.);
#737=ORIENTED_EDGE('',*,*,#1270,.F.);
#738=ORIENTED_EDGE('',*,*,#1271,.T.);
#739=ORIENTED_EDGE('',*,*,#1272,.T.);
#740=ORIENTED_EDGE('',*,*,#1212,.T.);
#741=ORIENTED_EDGE('',*,*,#1264,.T.);
#742=ORIENTED_EDGE('',*,*,#1273,.F.);
#743=ORIENTED_EDGE('',*,*,#1230,.F.);
#744=ORIENTED_EDGE('',*,*,#1274,.T.);
#745=ORIENTED_EDGE('',*,*,#1240,.T.);
#746=ORIENTED_EDGE('',*,*,#1258,.F.);
#747=ORIENTED_EDGE('',*,*,#1232,.T.);
#748=ORIENTED_EDGE('',*,*,#1275,.F.);
#749=ORIENTED_EDGE('',*,*,#1251,.F.);
#750=ORIENTED_EDGE('',*,*,#1252,.T.);
#751=ORIENTED_EDGE('',*,*,#1275,.T.);
#752=ORIENTED_EDGE('',*,*,#1231,.F.);
#753=ORIENTED_EDGE('',*,*,#1273,.T.);
#754=ORIENTED_EDGE('',*,*,#1276,.F.);
#755=ORIENTED_EDGE('',*,*,#1244,.T.);
#756=ORIENTED_EDGE('',*,*,#1207,.F.);
#757=ORIENTED_EDGE('',*,*,#1226,.F.);
#758=ORIENTED_EDGE('',*,*,#1254,.F.);
#759=ORIENTED_EDGE('',*,*,#1277,.F.);
#760=ORIENTED_EDGE('',*,*,#1278,.F.);
#761=ORIENTED_EDGE('',*,*,#1279,.T.);
#762=ORIENTED_EDGE('',*,*,#1276,.T.);
#763=ORIENTED_EDGE('',*,*,#1225,.T.);
#764=ORIENTED_EDGE('',*,*,#1259,.T.);
#765=ORIENTED_EDGE('',*,*,#1214,.F.);
#766=ORIENTED_EDGE('',*,*,#1280,.F.);
#767=ORIENTED_EDGE('',*,*,#1281,.F.);
#768=ORIENTED_EDGE('',*,*,#1282,.T.);
#769=ORIENTED_EDGE('',*,*,#1236,.T.);
#770=ORIENTED_EDGE('',*,*,#1283,.T.);
#771=ORIENTED_EDGE('',*,*,#1247,.F.);
#772=ORIENTED_EDGE('',*,*,#1266,.F.);
#773=ORIENTED_EDGE('',*,*,#1257,.T.);
#774=ORIENTED_EDGE('',*,*,#1249,.F.);
#775=ORIENTED_EDGE('',*,*,#1284,.F.);
#776=ORIENTED_EDGE('',*,*,#1234,.T.);
#777=ORIENTED_EDGE('',*,*,#1235,.T.);
#778=ORIENTED_EDGE('',*,*,#1284,.T.);
#779=ORIENTED_EDGE('',*,*,#1248,.F.);
#780=ORIENTED_EDGE('',*,*,#1283,.F.);
#781=ORIENTED_EDGE('',*,*,#1255,.F.);
#782=ORIENTED_EDGE('',*,*,#1282,.F.);
#783=ORIENTED_EDGE('',*,*,#1285,.T.);
#784=ORIENTED_EDGE('',*,*,#1270,.T.);
#785=ORIENTED_EDGE('',*,*,#1213,.T.);
#786=ORIENTED_EDGE('',*,*,#1272,.F.);
#787=ORIENTED_EDGE('',*,*,#1286,.F.);
#788=ORIENTED_EDGE('',*,*,#1280,.T.);
#789=ORIENTED_EDGE('',*,*,#1285,.F.);
#790=ORIENTED_EDGE('',*,*,#1281,.T.);
#791=ORIENTED_EDGE('',*,*,#1286,.T.);
#792=ORIENTED_EDGE('',*,*,#1271,.F.);
#793=ORIENTED_EDGE('',*,*,#1245,.F.);
#794=ORIENTED_EDGE('',*,*,#1279,.F.);
#795=ORIENTED_EDGE('',*,*,#1287,.T.);
#796=ORIENTED_EDGE('',*,*,#1267,.T.);
#797=ORIENTED_EDGE('',*,*,#1253,.T.);
#798=ORIENTED_EDGE('',*,*,#1269,.F.);
#799=ORIENTED_EDGE('',*,*,#1288,.F.);
#800=ORIENTED_EDGE('',*,*,#1277,.T.);
#801=ORIENTED_EDGE('',*,*,#1287,.F.);
#802=ORIENTED_EDGE('',*,*,#1278,.T.);
#803=ORIENTED_EDGE('',*,*,#1288,.T.);
#804=ORIENTED_EDGE('',*,*,#1268,.F.);
#805=ORIENTED_EDGE('',*,*,#1228,.F.);
#806=ORIENTED_EDGE('',*,*,#1289,.F.);
#807=ORIENTED_EDGE('',*,*,#1242,.T.);
#808=ORIENTED_EDGE('',*,*,#1290,.T.);
#809=ORIENTED_EDGE('',*,*,#1227,.T.);
#810=ORIENTED_EDGE('',*,*,#1205,.F.);
#811=ORIENTED_EDGE('',*,*,#1243,.F.);
#812=ORIENTED_EDGE('',*,*,#1289,.T.);
#813=ORIENTED_EDGE('',*,*,#1229,.T.);
#814=ORIENTED_EDGE('',*,*,#1290,.F.);
#815=ORIENTED_EDGE('',*,*,#1241,.F.);
#816=ORIENTED_EDGE('',*,*,#1274,.F.);
#817=ORIENTED_EDGE('',*,*,#1220,.F.);
#818=ORIENTED_EDGE('',*,*,#1262,.T.);
#819=ORIENTED_EDGE('',*,*,#1208,.T.);
#820=ORIENTED_EDGE('',*,*,#1291,.T.);
#821=ORIENTED_EDGE('',*,*,#1222,.F.);
#822=ORIENTED_EDGE('',*,*,#1292,.F.);
#823=ORIENTED_EDGE('',*,*,#1217,.T.);
#824=ORIENTED_EDGE('',*,*,#1265,.T.);
#825=ORIENTED_EDGE('',*,*,#1221,.T.);
#826=ORIENTED_EDGE('',*,*,#1291,.F.);
#827=ORIENTED_EDGE('',*,*,#1218,.F.);
#828=ORIENTED_EDGE('',*,*,#1292,.T.);
#829=ORIENTED_EDGE('',*,*,#1293,.F.);
#830=ORIENTED_EDGE('',*,*,#1294,.T.);
#831=ORIENTED_EDGE('',*,*,#1295,.T.);
#832=ORIENTED_EDGE('',*,*,#1296,.F.);
#833=ORIENTED_EDGE('',*,*,#1293,.T.);
#834=ORIENTED_EDGE('',*,*,#1295,.F.);
#835=ORIENTED_EDGE('',*,*,#1294,.F.);
#836=ORIENTED_EDGE('',*,*,#1296,.T.);
#837=ORIENTED_EDGE('',*,*,#1297,.F.);
#838=ORIENTED_EDGE('',*,*,#1298,.T.);
#839=ORIENTED_EDGE('',*,*,#1299,.T.);
#840=ORIENTED_EDGE('',*,*,#1300,.F.);
#841=ORIENTED_EDGE('',*,*,#1301,.T.);
#842=ORIENTED_EDGE('',*,*,#1302,.T.);
#843=ORIENTED_EDGE('',*,*,#1303,.F.);
#844=ORIENTED_EDGE('',*,*,#1304,.F.);
#845=ORIENTED_EDGE('',*,*,#1305,.F.);
#846=ORIENTED_EDGE('',*,*,#1306,.F.);
#847=ORIENTED_EDGE('',*,*,#1307,.T.);
#848=ORIENTED_EDGE('',*,*,#1308,.F.);
#849=ORIENTED_EDGE('',*,*,#1309,.F.);
#850=ORIENTED_EDGE('',*,*,#1310,.F.);
#851=ORIENTED_EDGE('',*,*,#1311,.T.);
#852=ORIENTED_EDGE('',*,*,#1302,.F.);
#853=ORIENTED_EDGE('',*,*,#1312,.T.);
#854=ORIENTED_EDGE('',*,*,#1313,.T.);
#855=ORIENTED_EDGE('',*,*,#1314,.F.);
#856=ORIENTED_EDGE('',*,*,#1315,.F.);
#857=ORIENTED_EDGE('',*,*,#1316,.F.);
#858=ORIENTED_EDGE('',*,*,#1317,.F.);
#859=ORIENTED_EDGE('',*,*,#1318,.F.);
#860=ORIENTED_EDGE('',*,*,#1319,.F.);
#861=ORIENTED_EDGE('',*,*,#1320,.T.);
#862=ORIENTED_EDGE('',*,*,#1321,.T.);
#863=ORIENTED_EDGE('',*,*,#1322,.T.);
#864=ORIENTED_EDGE('',*,*,#1323,.F.);
#865=ORIENTED_EDGE('',*,*,#1324,.F.);
#866=ORIENTED_EDGE('',*,*,#1319,.T.);
#867=ORIENTED_EDGE('',*,*,#1325,.F.);
#868=ORIENTED_EDGE('',*,*,#1326,.F.);
#869=ORIENTED_EDGE('',*,*,#1327,.T.);
#870=ORIENTED_EDGE('',*,*,#1328,.T.);
#871=ORIENTED_EDGE('',*,*,#1329,.F.);
#872=ORIENTED_EDGE('',*,*,#1330,.T.);
#873=ORIENTED_EDGE('',*,*,#1308,.T.);
#874=ORIENTED_EDGE('',*,*,#1331,.F.);
#875=ORIENTED_EDGE('',*,*,#1332,.T.);
#876=ORIENTED_EDGE('',*,*,#1333,.F.);
#877=ORIENTED_EDGE('',*,*,#1334,.T.);
#878=ORIENTED_EDGE('',*,*,#1323,.T.);
#879=ORIENTED_EDGE('',*,*,#1335,.F.);
#880=ORIENTED_EDGE('',*,*,#1321,.F.);
#881=ORIENTED_EDGE('',*,*,#1336,.T.);
#882=ORIENTED_EDGE('',*,*,#1326,.T.);
#883=ORIENTED_EDGE('',*,*,#1337,.F.);
#884=ORIENTED_EDGE('',*,*,#1338,.F.);
#885=ORIENTED_EDGE('',*,*,#1339,.T.);
#886=ORIENTED_EDGE('',*,*,#1340,.T.);
#887=ORIENTED_EDGE('',*,*,#1341,.T.);
#888=ORIENTED_EDGE('',*,*,#1342,.T.);
#889=ORIENTED_EDGE('',*,*,#1318,.T.);
#890=ORIENTED_EDGE('',*,*,#1335,.T.);
#891=ORIENTED_EDGE('',*,*,#1325,.T.);
#892=ORIENTED_EDGE('',*,*,#1322,.F.);
#893=ORIENTED_EDGE('',*,*,#1317,.T.);
#894=ORIENTED_EDGE('',*,*,#1342,.F.);
#895=ORIENTED_EDGE('',*,*,#1316,.T.);
#896=ORIENTED_EDGE('',*,*,#1341,.F.);
#897=ORIENTED_EDGE('',*,*,#1315,.T.);
#898=ORIENTED_EDGE('',*,*,#1340,.F.);
#899=ORIENTED_EDGE('',*,*,#1314,.T.);
#900=ORIENTED_EDGE('',*,*,#1339,.F.);
#901=ORIENTED_EDGE('',*,*,#1343,.T.);
#902=ORIENTED_EDGE('',*,*,#1344,.T.);
#903=ORIENTED_EDGE('',*,*,#1309,.T.);
#904=ORIENTED_EDGE('',*,*,#1330,.F.);
#905=ORIENTED_EDGE('',*,*,#1345,.F.);
#906=ORIENTED_EDGE('',*,*,#1346,.F.);
#907=ORIENTED_EDGE('',*,*,#1331,.T.);
#908=ORIENTED_EDGE('',*,*,#1307,.F.);
#909=ORIENTED_EDGE('',*,*,#1347,.T.);
#910=ORIENTED_EDGE('',*,*,#1304,.T.);
#911=ORIENTED_EDGE('',*,*,#1348,.F.);
#912=ORIENTED_EDGE('',*,*,#1327,.F.);
#913=ORIENTED_EDGE('',*,*,#1336,.F.);
#914=ORIENTED_EDGE('',*,*,#1320,.F.);
#915=ORIENTED_EDGE('',*,*,#1324,.T.);
#916=ORIENTED_EDGE('',*,*,#1334,.F.);
#917=ORIENTED_EDGE('',*,*,#1346,.T.);
#918=ORIENTED_EDGE('',*,*,#1349,.T.);
#919=ORIENTED_EDGE('',*,*,#1350,.F.);
#920=ORIENTED_EDGE('',*,*,#1332,.F.);
#921=ORIENTED_EDGE('',*,*,#1347,.F.);
#922=ORIENTED_EDGE('',*,*,#1333,.T.);
#923=ORIENTED_EDGE('',*,*,#1350,.T.);
#924=ORIENTED_EDGE('',*,*,#1351,.T.);
#925=ORIENTED_EDGE('',*,*,#1305,.T.);
#926=ORIENTED_EDGE('',*,*,#1301,.F.);
#927=ORIENTED_EDGE('',*,*,#1352,.F.);
#928=ORIENTED_EDGE('',*,*,#1343,.F.);
#929=ORIENTED_EDGE('',*,*,#1329,.T.);
#930=ORIENTED_EDGE('',*,*,#1353,.T.);
#931=ORIENTED_EDGE('',*,*,#1328,.F.);
#932=ORIENTED_EDGE('',*,*,#1348,.T.);
#933=ORIENTED_EDGE('',*,*,#1303,.T.);
#934=ORIENTED_EDGE('',*,*,#1311,.F.);
#935=ORIENTED_EDGE('',*,*,#1354,.F.);
#936=ORIENTED_EDGE('',*,*,#1353,.F.);
#937=ORIENTED_EDGE('',*,*,#1338,.T.);
#938=ORIENTED_EDGE('',*,*,#1313,.F.);
#939=ORIENTED_EDGE('',*,*,#1337,.T.);
#940=ORIENTED_EDGE('',*,*,#1312,.F.);
#941=ORIENTED_EDGE('',*,*,#1352,.T.);
#942=ORIENTED_EDGE('',*,*,#1354,.T.);
#943=ORIENTED_EDGE('',*,*,#1310,.T.);
#944=ORIENTED_EDGE('',*,*,#1344,.F.);
#945=ORIENTED_EDGE('',*,*,#1351,.F.);
#946=ORIENTED_EDGE('',*,*,#1349,.F.);
#947=ORIENTED_EDGE('',*,*,#1345,.T.);
#948=ORIENTED_EDGE('',*,*,#1306,.T.);
#949=ORIENTED_EDGE('',*,*,#1355,.F.);
#950=ORIENTED_EDGE('',*,*,#1356,.T.);
#951=ORIENTED_EDGE('',*,*,#1357,.T.);
#952=ORIENTED_EDGE('',*,*,#1298,.F.);
#953=ORIENTED_EDGE('',*,*,#1358,.F.);
#954=ORIENTED_EDGE('',*,*,#1359,.F.);
#955=ORIENTED_EDGE('',*,*,#1360,.F.);
#956=ORIENTED_EDGE('',*,*,#1361,.F.);
#957=ORIENTED_EDGE('',*,*,#1362,.T.);
#958=ORIENTED_EDGE('',*,*,#1358,.T.);
#959=ORIENTED_EDGE('',*,*,#1297,.T.);
#960=ORIENTED_EDGE('',*,*,#1363,.F.);
#961=ORIENTED_EDGE('',*,*,#1364,.T.);
#962=ORIENTED_EDGE('',*,*,#1365,.T.);
#963=ORIENTED_EDGE('',*,*,#1366,.T.);
#964=ORIENTED_EDGE('',*,*,#1361,.T.);
#965=ORIENTED_EDGE('',*,*,#1300,.T.);
#966=ORIENTED_EDGE('',*,*,#1367,.F.);
#967=ORIENTED_EDGE('',*,*,#1299,.F.);
#968=ORIENTED_EDGE('',*,*,#1357,.F.);
#969=ORIENTED_EDGE('',*,*,#1368,.T.);
#970=ORIENTED_EDGE('',*,*,#1367,.T.);
#971=ORIENTED_EDGE('',*,*,#1356,.F.);
#972=ORIENTED_EDGE('',*,*,#1369,.T.);
#973=ORIENTED_EDGE('',*,*,#1363,.T.);
#974=ORIENTED_EDGE('',*,*,#1368,.F.);
#975=ORIENTED_EDGE('',*,*,#1369,.F.);
#976=ORIENTED_EDGE('',*,*,#1355,.T.);
#977=ORIENTED_EDGE('',*,*,#1370,.F.);
#978=ORIENTED_EDGE('',*,*,#1364,.F.);
#979=ORIENTED_EDGE('',*,*,#1370,.T.);
#980=ORIENTED_EDGE('',*,*,#1360,.T.);
#981=ORIENTED_EDGE('',*,*,#1371,.F.);
#982=ORIENTED_EDGE('',*,*,#1365,.F.);
#983=ORIENTED_EDGE('',*,*,#1371,.T.);
#984=ORIENTED_EDGE('',*,*,#1359,.T.);
#985=ORIENTED_EDGE('',*,*,#1362,.F.);
#986=ORIENTED_EDGE('',*,*,#1366,.F.);
#987=ORIENTED_EDGE('',*,*,#1372,.F.);
#988=ORIENTED_EDGE('',*,*,#1373,.F.);
#989=ORIENTED_EDGE('',*,*,#1374,.T.);
#990=ORIENTED_EDGE('',*,*,#1375,.T.);
#991=ORIENTED_EDGE('',*,*,#1376,.T.);
#992=ORIENTED_EDGE('',*,*,#1377,.F.);
#993=ORIENTED_EDGE('',*,*,#1378,.F.);
#994=ORIENTED_EDGE('',*,*,#1373,.T.);
#995=ORIENTED_EDGE('',*,*,#1379,.T.);
#996=ORIENTED_EDGE('',*,*,#1380,.F.);
#997=ORIENTED_EDGE('',*,*,#1381,.F.);
#998=ORIENTED_EDGE('',*,*,#1377,.T.);
#999=ORIENTED_EDGE('',*,*,#1382,.F.);
#1000=ORIENTED_EDGE('',*,*,#1375,.F.);
#1001=ORIENTED_EDGE('',*,*,#1383,.T.);
#1002=ORIENTED_EDGE('',*,*,#1380,.T.);
#1003=ORIENTED_EDGE('',*,*,#1374,.F.);
#1004=ORIENTED_EDGE('',*,*,#1378,.T.);
#1005=ORIENTED_EDGE('',*,*,#1381,.T.);
#1006=ORIENTED_EDGE('',*,*,#1383,.F.);
#1007=ORIENTED_EDGE('',*,*,#1372,.T.);
#1008=ORIENTED_EDGE('',*,*,#1382,.T.);
#1009=ORIENTED_EDGE('',*,*,#1379,.F.);
#1010=ORIENTED_EDGE('',*,*,#1376,.F.);
#1011=ORIENTED_EDGE('',*,*,#1384,.F.);
#1012=ORIENTED_EDGE('',*,*,#1385,.T.);
#1013=ORIENTED_EDGE('',*,*,#1386,.T.);
#1014=ORIENTED_EDGE('',*,*,#1387,.T.);
#1015=ORIENTED_EDGE('',*,*,#1388,.F.);
#1016=ORIENTED_EDGE('',*,*,#1389,.F.);
#1017=ORIENTED_EDGE('',*,*,#1390,.F.);
#1018=ORIENTED_EDGE('',*,*,#1391,.F.);
#1019=ORIENTED_EDGE('',*,*,#1392,.F.);
#1020=ORIENTED_EDGE('',*,*,#1393,.F.);
#1021=ORIENTED_EDGE('',*,*,#1394,.F.);
#1022=ORIENTED_EDGE('',*,*,#1395,.F.);
#1023=ORIENTED_EDGE('',*,*,#1396,.F.);
#1024=ORIENTED_EDGE('',*,*,#1397,.F.);
#1025=ORIENTED_EDGE('',*,*,#1398,.F.);
#1026=ORIENTED_EDGE('',*,*,#1399,.F.);
#1027=ORIENTED_EDGE('',*,*,#1400,.F.);
#1028=ORIENTED_EDGE('',*,*,#1401,.F.);
#1029=ORIENTED_EDGE('',*,*,#1402,.F.);
#1030=ORIENTED_EDGE('',*,*,#1403,.F.);
#1031=ORIENTED_EDGE('',*,*,#1404,.F.);
#1032=ORIENTED_EDGE('',*,*,#1405,.T.);
#1033=ORIENTED_EDGE('',*,*,#1406,.F.);
#1034=ORIENTED_EDGE('',*,*,#1407,.T.);
#1035=ORIENTED_EDGE('',*,*,#1408,.F.);
#1036=ORIENTED_EDGE('',*,*,#1409,.F.);
#1037=ORIENTED_EDGE('',*,*,#1406,.T.);
#1038=ORIENTED_EDGE('',*,*,#1410,.T.);
#1039=ORIENTED_EDGE('',*,*,#1411,.T.);
#1040=ORIENTED_EDGE('',*,*,#1412,.F.);
#1041=ORIENTED_EDGE('',*,*,#1407,.F.);
#1042=ORIENTED_EDGE('',*,*,#1409,.T.);
#1043=ORIENTED_EDGE('',*,*,#1413,.F.);
#1044=ORIENTED_EDGE('',*,*,#1414,.F.);
#1045=ORIENTED_EDGE('',*,*,#1404,.T.);
#1046=ORIENTED_EDGE('',*,*,#1412,.T.);
#1047=ORIENTED_EDGE('',*,*,#1415,.T.);
#1048=ORIENTED_EDGE('',*,*,#1416,.T.);
#1049=ORIENTED_EDGE('',*,*,#1417,.T.);
#1050=ORIENTED_EDGE('',*,*,#1418,.T.);
#1051=ORIENTED_EDGE('',*,*,#1419,.T.);
#1052=ORIENTED_EDGE('',*,*,#1420,.T.);
#1053=ORIENTED_EDGE('',*,*,#1421,.T.);
#1054=ORIENTED_EDGE('',*,*,#1422,.T.);
#1055=ORIENTED_EDGE('',*,*,#1423,.T.);
#1056=ORIENTED_EDGE('',*,*,#1424,.T.);
#1057=ORIENTED_EDGE('',*,*,#1425,.T.);
#1058=ORIENTED_EDGE('',*,*,#1426,.T.);
#1059=ORIENTED_EDGE('',*,*,#1427,.T.);
#1060=ORIENTED_EDGE('',*,*,#1428,.T.);
#1061=ORIENTED_EDGE('',*,*,#1429,.T.);
#1062=ORIENTED_EDGE('',*,*,#1430,.T.);
#1063=ORIENTED_EDGE('',*,*,#1408,.T.);
#1064=ORIENTED_EDGE('',*,*,#1431,.T.);
#1065=ORIENTED_EDGE('',*,*,#1413,.T.);
#1066=ORIENTED_EDGE('',*,*,#1411,.F.);
#1067=ORIENTED_EDGE('',*,*,#1403,.T.);
#1068=ORIENTED_EDGE('',*,*,#1430,.F.);
#1069=ORIENTED_EDGE('',*,*,#1402,.T.);
#1070=ORIENTED_EDGE('',*,*,#1429,.F.);
#1071=ORIENTED_EDGE('',*,*,#1401,.T.);
#1072=ORIENTED_EDGE('',*,*,#1428,.F.);
#1073=ORIENTED_EDGE('',*,*,#1400,.T.);
#1074=ORIENTED_EDGE('',*,*,#1427,.F.);
#1075=ORIENTED_EDGE('',*,*,#1399,.T.);
#1076=ORIENTED_EDGE('',*,*,#1426,.F.);
#1077=ORIENTED_EDGE('',*,*,#1398,.T.);
#1078=ORIENTED_EDGE('',*,*,#1425,.F.);
#1079=ORIENTED_EDGE('',*,*,#1397,.T.);
#1080=ORIENTED_EDGE('',*,*,#1424,.F.);
#1081=ORIENTED_EDGE('',*,*,#1396,.T.);
#1082=ORIENTED_EDGE('',*,*,#1423,.F.);
#1083=ORIENTED_EDGE('',*,*,#1395,.T.);
#1084=ORIENTED_EDGE('',*,*,#1422,.F.);
#1085=ORIENTED_EDGE('',*,*,#1394,.T.);
#1086=ORIENTED_EDGE('',*,*,#1421,.F.);
#1087=ORIENTED_EDGE('',*,*,#1393,.T.);
#1088=ORIENTED_EDGE('',*,*,#1420,.F.);
#1089=ORIENTED_EDGE('',*,*,#1392,.T.);
#1090=ORIENTED_EDGE('',*,*,#1419,.F.);
#1091=ORIENTED_EDGE('',*,*,#1391,.T.);
#1092=ORIENTED_EDGE('',*,*,#1418,.F.);
#1093=ORIENTED_EDGE('',*,*,#1390,.T.);
#1094=ORIENTED_EDGE('',*,*,#1417,.F.);
#1095=ORIENTED_EDGE('',*,*,#1389,.T.);
#1096=ORIENTED_EDGE('',*,*,#1416,.F.);
#1097=ORIENTED_EDGE('',*,*,#1388,.T.);
#1098=ORIENTED_EDGE('',*,*,#1415,.F.);
#1099=ORIENTED_EDGE('',*,*,#1432,.T.);
#1100=ORIENTED_EDGE('',*,*,#1433,.F.);
#1101=ORIENTED_EDGE('',*,*,#1434,.F.);
#1102=ORIENTED_EDGE('',*,*,#1435,.T.);
#1103=ORIENTED_EDGE('',*,*,#1436,.T.);
#1104=ORIENTED_EDGE('',*,*,#1437,.F.);
#1105=ORIENTED_EDGE('',*,*,#1438,.F.);
#1106=ORIENTED_EDGE('',*,*,#1439,.T.);
#1107=ORIENTED_EDGE('',*,*,#1385,.F.);
#1108=ORIENTED_EDGE('',*,*,#1440,.F.);
#1109=ORIENTED_EDGE('',*,*,#1441,.F.);
#1110=ORIENTED_EDGE('',*,*,#1433,.T.);
#1111=ORIENTED_EDGE('',*,*,#1442,.T.);
#1112=ORIENTED_EDGE('',*,*,#1443,.F.);
#1113=ORIENTED_EDGE('',*,*,#1444,.F.);
#1114=ORIENTED_EDGE('',*,*,#1437,.T.);
#1115=ORIENTED_EDGE('',*,*,#1445,.T.);
#1116=ORIENTED_EDGE('',*,*,#1435,.F.);
#1117=ORIENTED_EDGE('',*,*,#1446,.F.);
#1118=ORIENTED_EDGE('',*,*,#1447,.T.);
#1119=ORIENTED_EDGE('',*,*,#1387,.F.);
#1120=ORIENTED_EDGE('',*,*,#1448,.F.);
#1121=ORIENTED_EDGE('',*,*,#1449,.F.);
#1122=ORIENTED_EDGE('',*,*,#1443,.T.);
#1123=ORIENTED_EDGE('',*,*,#1410,.F.);
#1124=ORIENTED_EDGE('',*,*,#1405,.F.);
#1125=ORIENTED_EDGE('',*,*,#1414,.T.);
#1126=ORIENTED_EDGE('',*,*,#1431,.F.);
#1127=ORIENTED_EDGE('',*,*,#1432,.F.);
#1128=ORIENTED_EDGE('',*,*,#1445,.F.);
#1129=ORIENTED_EDGE('',*,*,#1442,.F.);
#1130=ORIENTED_EDGE('',*,*,#1436,.F.);
#1131=ORIENTED_EDGE('',*,*,#1450,.F.);
#1132=ORIENTED_EDGE('',*,*,#1386,.F.);
#1133=ORIENTED_EDGE('',*,*,#1439,.F.);
#1134=ORIENTED_EDGE('',*,*,#1451,.T.);
#1135=ORIENTED_EDGE('',*,*,#1448,.T.);
#1136=ORIENTED_EDGE('',*,*,#1451,.F.);
#1137=ORIENTED_EDGE('',*,*,#1438,.T.);
#1138=ORIENTED_EDGE('',*,*,#1444,.T.);
#1139=ORIENTED_EDGE('',*,*,#1449,.T.);
#1140=ORIENTED_EDGE('',*,*,#1452,.F.);
#1141=ORIENTED_EDGE('',*,*,#1384,.T.);
#1142=ORIENTED_EDGE('',*,*,#1447,.F.);
#1143=ORIENTED_EDGE('',*,*,#1453,.F.);
#1144=ORIENTED_EDGE('',*,*,#1440,.T.);
#1145=ORIENTED_EDGE('',*,*,#1441,.T.);
#1146=ORIENTED_EDGE('',*,*,#1453,.T.);
#1147=ORIENTED_EDGE('',*,*,#1446,.T.);
#1148=ORIENTED_EDGE('',*,*,#1434,.T.);
#1149=ORIENTED_EDGE('',*,*,#1450,.T.);
#1150=ORIENTED_EDGE('',*,*,#1452,.T.);
#1151=ORIENTED_EDGE('',*,*,#1454,.T.);
#1152=ORIENTED_EDGE('',*,*,#1455,.T.);
#1153=ORIENTED_EDGE('',*,*,#1456,.T.);
#1154=ORIENTED_EDGE('',*,*,#1457,.F.);
#1155=ORIENTED_EDGE('',*,*,#1458,.T.);
#1156=ORIENTED_EDGE('',*,*,#1454,.F.);
#1157=ORIENTED_EDGE('',*,*,#1459,.T.);
#1158=ORIENTED_EDGE('',*,*,#1459,.F.);
#1159=ORIENTED_EDGE('',*,*,#1460,.T.);
#1160=ORIENTED_EDGE('',*,*,#1460,.F.);
#1161=ORIENTED_EDGE('',*,*,#1461,.T.);
#1162=ORIENTED_EDGE('',*,*,#1462,.F.);
#1163=ORIENTED_EDGE('',*,*,#1463,.F.);
#1164=ORIENTED_EDGE('',*,*,#1464,.T.);
#1165=ORIENTED_EDGE('',*,*,#1465,.F.);
#1166=ORIENTED_EDGE('',*,*,#1461,.F.);
#1167=ORIENTED_EDGE('',*,*,#1457,.T.);
#1168=ORIENTED_EDGE('',*,*,#1464,.F.);
#1169=ORIENTED_EDGE('',*,*,#1456,.F.);
#1170=ORIENTED_EDGE('',*,*,#1455,.F.);
#1171=ORIENTED_EDGE('',*,*,#1458,.F.);
#1172=ORIENTED_EDGE('',*,*,#1466,.F.);
#1173=ORIENTED_EDGE('',*,*,#1466,.T.);
#1174=ORIENTED_EDGE('',*,*,#1467,.T.);
#1175=ORIENTED_EDGE('',*,*,#1463,.T.);
#1176=ORIENTED_EDGE('',*,*,#1462,.T.);
#1177=ORIENTED_EDGE('',*,*,#1465,.T.);
#1178=ORIENTED_EDGE('',*,*,#1467,.F.);
#1179=EDGE_CURVE('',#1468,#1468,#1679,.T.);
#1180=EDGE_CURVE('',#1469,#1469,#1680,.T.);
#1181=EDGE_CURVE('',#1470,#1470,#1681,.T.);
#1182=EDGE_CURVE('',#1471,#1472,#80,.T.);
#1183=EDGE_CURVE('',#1473,#1472,#81,.T.);
#1184=EDGE_CURVE('',#1474,#1473,#82,.T.);
#1185=EDGE_CURVE('',#1474,#1471,#83,.T.);
#1186=EDGE_CURVE('',#1472,#1475,#84,.T.);
#1187=EDGE_CURVE('',#1476,#1475,#85,.T.);
#1188=EDGE_CURVE('',#1473,#1476,#86,.T.);
#1189=EDGE_CURVE('',#1475,#1477,#87,.T.);
#1190=EDGE_CURVE('',#1478,#1477,#88,.T.);
#1191=EDGE_CURVE('',#1476,#1478,#89,.T.);
#1192=EDGE_CURVE('',#1477,#1479,#90,.T.);
#1193=EDGE_CURVE('',#1480,#1479,#91,.T.);
#1194=EDGE_CURVE('',#1478,#1480,#92,.T.);
#1195=EDGE_CURVE('',#1479,#1481,#93,.T.);
#1196=EDGE_CURVE('',#1482,#1481,#94,.T.);
#1197=EDGE_CURVE('',#1480,#1482,#95,.T.);
#1198=EDGE_CURVE('',#1481,#1483,#96,.T.);
#1199=EDGE_CURVE('',#1484,#1483,#97,.T.);
#1200=EDGE_CURVE('',#1482,#1484,#98,.T.);
#1201=EDGE_CURVE('',#1483,#1471,#99,.T.);
#1202=EDGE_CURVE('',#1484,#1474,#100,.T.);
#1203=EDGE_CURVE('',#1485,#1485,#1682,.T.);
#1204=EDGE_CURVE('',#1486,#1487,#101,.T.);
#1205=EDGE_CURVE('',#1486,#1488,#102,.T.);
#1206=EDGE_CURVE('',#1488,#1489,#103,.T.);
#1207=EDGE_CURVE('',#1489,#1487,#104,.T.);
#1208=EDGE_CURVE('',#1490,#1491,#105,.T.);
#1209=EDGE_CURVE('',#1490,#1492,#106,.T.);
#1210=EDGE_CURVE('',#1492,#1493,#107,.T.);
#1211=EDGE_CURVE('',#1494,#1493,#108,.T.);
#1212=EDGE_CURVE('',#1495,#1494,#109,.T.);
#1213=EDGE_CURVE('',#1496,#1495,#110,.T.);
#1214=EDGE_CURVE('',#1496,#1497,#111,.T.);
#1215=EDGE_CURVE('',#1497,#1498,#112,.T.);
#1216=EDGE_CURVE('',#1499,#1498,#113,.T.);
#1217=EDGE_CURVE('',#1500,#1499,#114,.T.);
#1218=EDGE_CURVE('',#1500,#1491,#1683,.T.);
#1219=EDGE_CURVE('',#1501,#1502,#115,.T.);
#1220=EDGE_CURVE('',#1501,#1503,#116,.T.);
#1221=EDGE_CURVE('',#1504,#1503,#1684,.T.);
#1222=EDGE_CURVE('',#1504,#1505,#117,.T.);
#1223=EDGE_CURVE('',#1505,#1506,#118,.T.);
#1224=EDGE_CURVE('',#1507,#1506,#119,.T.);
#1225=EDGE_CURVE('',#1508,#1507,#120,.T.);
#1226=EDGE_CURVE('',#1508,#1489,#121,.T.);
#1227=EDGE_CURVE('',#1509,#1488,#122,.T.);
#1228=EDGE_CURVE('',#1509,#1510,#1685,.T.);
#1229=EDGE_CURVE('',#1511,#1510,#123,.T.);
#1230=EDGE_CURVE('',#1511,#1512,#124,.T.);
#1231=EDGE_CURVE('',#1512,#1513,#125,.T.);
#1232=EDGE_CURVE('',#1514,#1513,#126,.T.);
#1233=EDGE_CURVE('',#1515,#1514,#127,.T.);
#1234=EDGE_CURVE('',#1516,#1515,#128,.T.);
#1235=EDGE_CURVE('',#1517,#1516,#129,.T.);
#1236=EDGE_CURVE('',#1518,#1517,#130,.T.);
#1237=EDGE_CURVE('',#1518,#1519,#131,.T.);
#1238=EDGE_CURVE('',#1519,#1520,#132,.T.);
#1239=EDGE_CURVE('',#1502,#1520,#133,.T.);
#1240=EDGE_CURVE('',#1521,#1522,#134,.T.);
#1241=EDGE_CURVE('',#1521,#1523,#135,.T.);
#1242=EDGE_CURVE('',#1524,#1523,#1686,.T.);
#1243=EDGE_CURVE('',#1524,#1486,#136,.T.);
#1244=EDGE_CURVE('',#1525,#1487,#137,.T.);
#1245=EDGE_CURVE('',#1525,#1526,#138,.T.);
#1246=EDGE_CURVE('',#1527,#1526,#139,.T.);
#1247=EDGE_CURVE('',#1527,#1528,#140,.T.);
#1248=EDGE_CURVE('',#1528,#1529,#141,.T.);
#1249=EDGE_CURVE('',#1529,#1530,#142,.T.);
#1250=EDGE_CURVE('',#1530,#1531,#143,.T.);
#1251=EDGE_CURVE('',#1531,#1532,#144,.T.);
#1252=EDGE_CURVE('',#1522,#1532,#145,.T.);
#1253=EDGE_CURVE('',#1533,#1534,#146,.T.);
#1254=EDGE_CURVE('',#1533,#1535,#147,.T.);
#1255=EDGE_CURVE('',#1535,#1536,#148,.T.);
#1256=EDGE_CURVE('',#1534,#1536,#149,.T.);
#1257=EDGE_CURVE('',#1515,#1530,#150,.T.);
#1258=EDGE_CURVE('',#1514,#1531,#151,.T.);
#1259=EDGE_CURVE('',#1507,#1497,#152,.T.);
#1260=EDGE_CURVE('',#1506,#1498,#153,.T.);
#1261=EDGE_CURVE('',#1502,#1492,#154,.T.);
#1262=EDGE_CURVE('',#1501,#1490,#155,.T.);
#1263=EDGE_CURVE('',#1493,#1520,#156,.T.);
#1264=EDGE_CURVE('',#1494,#1519,#157,.T.);
#1265=EDGE_CURVE('',#1499,#1505,#158,.T.);
#1266=EDGE_CURVE('',#1518,#1527,#159,.T.);
#1267=EDGE_CURVE('',#1537,#1526,#160,.T.);
#1268=EDGE_CURVE('',#1537,#1538,#161,.T.);
#1269=EDGE_CURVE('',#1538,#1534,#162,.T.);
#1270=EDGE_CURVE('',#1539,#1536,#163,.T.);
#1271=EDGE_CURVE('',#1539,#1540,#164,.T.);
#1272=EDGE_CURVE('',#1540,#1495,#165,.T.);
#1273=EDGE_CURVE('',#1512,#1522,#166,.T.);
#1274=EDGE_CURVE('',#1511,#1521,#167,.T.);
#1275=EDGE_CURVE('',#1532,#1513,#168,.T.);
#1276=EDGE_CURVE('',#1525,#1508,#169,.T.);
#1277=EDGE_CURVE('',#1541,#1533,#170,.T.);
#1278=EDGE_CURVE('',#1542,#1541,#171,.T.);
#1279=EDGE_CURVE('',#1542,#1525,#172,.T.);
#1280=EDGE_CURVE('',#1543,#1496,#173,.T.);
#1281=EDGE_CURVE('',#1544,#1543,#174,.T.);
#1282=EDGE_CURVE('',#1544,#1535,#175,.T.);
#1283=EDGE_CURVE('',#1517,#1528,#176,.T.);
#1284=EDGE_CURVE('',#1516,#1529,#177,.T.);
#1285=EDGE_CURVE('',#1544,#1539,#178,.T.);
#1286=EDGE_CURVE('',#1543,#1540,#179,.T.);
#1287=EDGE_CURVE('',#1542,#1537,#180,.T.);
#1288=EDGE_CURVE('',#1541,#1538,#181,.T.);
#1289=EDGE_CURVE('',#1524,#1509,#182,.T.);
#1290=EDGE_CURVE('',#1523,#1510,#183,.T.);
#1291=EDGE_CURVE('',#1491,#1503,#184,.T.);
#1292=EDGE_CURVE('',#1500,#1504,#185,.T.);
#1293=EDGE_CURVE('',#1545,#1545,#1687,.T.);
#1294=EDGE_CURVE('',#1546,#1546,#1688,.T.);
#1295=EDGE_CURVE('',#1547,#1547,#1689,.T.);
#1296=EDGE_CURVE('',#1548,#1548,#1690,.T.);
#1297=EDGE_CURVE('',#1549,#1550,#186,.T.);
#1298=EDGE_CURVE('',#1549,#1551,#187,.T.);
#1299=EDGE_CURVE('',#1551,#1552,#188,.T.);
#1300=EDGE_CURVE('',#1550,#1552,#189,.T.);
#1301=EDGE_CURVE('',#1553,#1554,#190,.T.);
#1302=EDGE_CURVE('',#1554,#1555,#191,.T.);
#1303=EDGE_CURVE('',#1556,#1555,#192,.T.);
#1304=EDGE_CURVE('',#1553,#1556,#193,.T.);
#1305=EDGE_CURVE('',#1557,#1554,#194,.T.);
#1306=EDGE_CURVE('',#1558,#1557,#195,.T.);
#1307=EDGE_CURVE('',#1558,#1559,#196,.T.);
#1308=EDGE_CURVE('',#1560,#1559,#197,.T.);
#1309=EDGE_CURVE('',#1561,#1560,#198,.T.);
#1310=EDGE_CURVE('',#1562,#1561,#199,.T.);
#1311=EDGE_CURVE('',#1562,#1555,#200,.T.);
#1312=EDGE_CURVE('',#1563,#1563,#1691,.T.);
#1313=EDGE_CURVE('',#1564,#1564,#1692,.T.);
#1314=EDGE_CURVE('',#1565,#1565,#1693,.T.);
#1315=EDGE_CURVE('',#1566,#1566,#1694,.T.);
#1316=EDGE_CURVE('',#1567,#1567,#1695,.T.);
#1317=EDGE_CURVE('',#1568,#1568,#1696,.T.);
#1318=EDGE_CURVE('',#1569,#1570,#201,.T.);
#1319=EDGE_CURVE('',#1571,#1569,#202,.T.);
#1320=EDGE_CURVE('',#1571,#1572,#203,.T.);
#1321=EDGE_CURVE('',#1572,#1570,#204,.T.);
#1322=EDGE_CURVE('',#1569,#1573,#205,.T.);
#1323=EDGE_CURVE('',#1574,#1573,#206,.T.);
#1324=EDGE_CURVE('',#1571,#1574,#207,.T.);
#1325=EDGE_CURVE('',#1575,#1573,#208,.T.);
#1326=EDGE_CURVE('',#1576,#1575,#209,.T.);
#1327=EDGE_CURVE('',#1576,#1577,#210,.T.);
#1328=EDGE_CURVE('',#1577,#1578,#211,.T.);
#1329=EDGE_CURVE('',#1579,#1578,#212,.T.);
#1330=EDGE_CURVE('',#1579,#1560,#213,.T.);
#1331=EDGE_CURVE('',#1580,#1559,#214,.T.);
#1332=EDGE_CURVE('',#1580,#1581,#215,.T.);
#1333=EDGE_CURVE('',#1582,#1581,#216,.T.);
#1334=EDGE_CURVE('',#1582,#1574,#217,.T.);
#1335=EDGE_CURVE('',#1570,#1575,#218,.T.);
#1336=EDGE_CURVE('',#1572,#1576,#219,.T.);
#1337=EDGE_CURVE('',#1583,#1583,#1697,.T.);
#1338=EDGE_CURVE('',#1584,#1584,#1698,.T.);
#1339=EDGE_CURVE('',#1585,#1585,#1699,.T.);
#1340=EDGE_CURVE('',#1586,#1586,#1700,.T.);
#1341=EDGE_CURVE('',#1587,#1587,#1701,.T.);
#1342=EDGE_CURVE('',#1588,#1588,#1702,.T.);
#1343=EDGE_CURVE('',#1579,#1589,#220,.T.);
#1344=EDGE_CURVE('',#1589,#1561,#221,.T.);
#1345=EDGE_CURVE('',#1590,#1558,#222,.T.);
#1346=EDGE_CURVE('',#1580,#1590,#223,.T.);
#1347=EDGE_CURVE('',#1582,#1553,#224,.T.);
#1348=EDGE_CURVE('',#1577,#1556,#225,.T.);
#1349=EDGE_CURVE('',#1590,#1591,#226,.T.);
#1350=EDGE_CURVE('',#1581,#1591,#227,.T.);
#1351=EDGE_CURVE('',#1591,#1557,#228,.T.);
#1352=EDGE_CURVE('',#1589,#1592,#229,.T.);
#1353=EDGE_CURVE('',#1578,#1592,#230,.T.);
#1354=EDGE_CURVE('',#1592,#1562,#231,.T.);
#1355=EDGE_CURVE('',#1593,#1594,#232,.T.);
#1356=EDGE_CURVE('',#1593,#1595,#233,.T.);
#1357=EDGE_CURVE('',#1595,#1551,#234,.T.);
#1358=EDGE_CURVE('',#1596,#1549,#235,.T.);
#1359=EDGE_CURVE('',#1597,#1596,#236,.T.);
#1360=EDGE_CURVE('',#1594,#1597,#1703,.T.);
#1361=EDGE_CURVE('',#1598,#1550,#237,.T.);
#1362=EDGE_CURVE('',#1598,#1596,#238,.T.);
#1363=EDGE_CURVE('',#1599,#1600,#239,.T.);
#1364=EDGE_CURVE('',#1599,#1601,#240,.T.);
#1365=EDGE_CURVE('',#1601,#1602,#1704,.T.);
#1366=EDGE_CURVE('',#1602,#1598,#241,.T.);
#1367=EDGE_CURVE('',#1600,#1552,#242,.T.);
#1368=EDGE_CURVE('',#1595,#1600,#243,.T.);
#1369=EDGE_CURVE('',#1593,#1599,#244,.T.);
#1370=EDGE_CURVE('',#1601,#1594,#245,.T.);
#1371=EDGE_CURVE('',#1602,#1597,#246,.T.);
#1372=EDGE_CURVE('',#1603,#1604,#247,.T.);
#1373=EDGE_CURVE('',#1605,#1603,#248,.T.);
#1374=EDGE_CURVE('',#1605,#1606,#249,.T.);
#1375=EDGE_CURVE('',#1606,#1604,#250,.T.);
#1376=EDGE_CURVE('',#1603,#1607,#251,.T.);
#1377=EDGE_CURVE('',#1608,#1607,#252,.T.);
#1378=EDGE_CURVE('',#1605,#1608,#253,.T.);
#1379=EDGE_CURVE('',#1607,#1609,#254,.T.);
#1380=EDGE_CURVE('',#1610,#1609,#255,.T.);
#1381=EDGE_CURVE('',#1608,#1610,#256,.T.);
#1382=EDGE_CURVE('',#1604,#1609,#257,.T.);
#1383=EDGE_CURVE('',#1606,#1610,#258,.T.);
#1384=EDGE_CURVE('',#1611,#1612,#259,.T.);
#1385=EDGE_CURVE('',#1611,#1613,#260,.T.);
#1386=EDGE_CURVE('',#1613,#1614,#261,.T.);
#1387=EDGE_CURVE('',#1614,#1612,#262,.T.);
#1388=EDGE_CURVE('',#1615,#1615,#1705,.T.);
#1389=EDGE_CURVE('',#1616,#1616,#1706,.T.);
#1390=EDGE_CURVE('',#1617,#1617,#1707,.T.);
#1391=EDGE_CURVE('',#1618,#1618,#1708,.T.);
#1392=EDGE_CURVE('',#1619,#1619,#1709,.T.);
#1393=EDGE_CURVE('',#1620,#1620,#1710,.T.);
#1394=EDGE_CURVE('',#1621,#1621,#1711,.T.);
#1395=EDGE_CURVE('',#1622,#1622,#1712,.T.);
#1396=EDGE_CURVE('',#1623,#1623,#1713,.T.);
#1397=EDGE_CURVE('',#1624,#1624,#1714,.T.);
#1398=EDGE_CURVE('',#1625,#1625,#1715,.T.);
#1399=EDGE_CURVE('',#1626,#1626,#1716,.T.);
#1400=EDGE_CURVE('',#1627,#1627,#1717,.T.);
#1401=EDGE_CURVE('',#1628,#1628,#1718,.T.);
#1402=EDGE_CURVE('',#1629,#1629,#1719,.T.);
#1403=EDGE_CURVE('',#1630,#1630,#1720,.T.);
#1404=EDGE_CURVE('',#1631,#1632,#263,.T.);
#1405=EDGE_CURVE('',#1631,#1633,#264,.T.);
#1406=EDGE_CURVE('',#1634,#1633,#265,.T.);
#1407=EDGE_CURVE('',#1634,#1632,#266,.T.);
#1408=EDGE_CURVE('',#1635,#1636,#267,.T.);
#1409=EDGE_CURVE('',#1634,#1635,#268,.T.);
#1410=EDGE_CURVE('',#1633,#1636,#269,.T.);
#1411=EDGE_CURVE('',#1635,#1637,#270,.T.);
#1412=EDGE_CURVE('',#1632,#1637,#271,.T.);
#1413=EDGE_CURVE('',#1638,#1637,#272,.T.);
#1414=EDGE_CURVE('',#1631,#1638,#273,.T.);
#1415=EDGE_CURVE('',#1639,#1639,#1721,.T.);
#1416=EDGE_CURVE('',#1640,#1640,#1722,.T.);
#1417=EDGE_CURVE('',#1641,#1641,#1723,.T.);
#1418=EDGE_CURVE('',#1642,#1642,#1724,.T.);
#1419=EDGE_CURVE('',#1643,#1643,#1725,.T.);
#1420=EDGE_CURVE('',#1644,#1644,#1726,.T.);
#1421=EDGE_CURVE('',#1645,#1645,#1727,.T.);
#1422=EDGE_CURVE('',#1646,#1646,#1728,.T.);
#1423=EDGE_CURVE('',#1647,#1647,#1729,.T.);
#1424=EDGE_CURVE('',#1648,#1648,#1730,.T.);
#1425=EDGE_CURVE('',#1649,#1649,#1731,.T.);
#1426=EDGE_CURVE('',#1650,#1650,#1732,.T.);
#1427=EDGE_CURVE('',#1651,#1651,#1733,.T.);
#1428=EDGE_CURVE('',#1652,#1652,#1734,.T.);
#1429=EDGE_CURVE('',#1653,#1653,#1735,.T.);
#1430=EDGE_CURVE('',#1654,#1654,#1736,.T.);
#1431=EDGE_CURVE('',#1636,#1638,#274,.T.);
#1432=EDGE_CURVE('',#1655,#1656,#275,.T.);
#1433=EDGE_CURVE('',#1657,#1656,#276,.T.);
#1434=EDGE_CURVE('',#1658,#1657,#277,.T.);
#1435=EDGE_CURVE('',#1658,#1655,#278,.T.);
#1436=EDGE_CURVE('',#1656,#1659,#279,.T.);
#1437=EDGE_CURVE('',#1660,#1659,#280,.T.);
#1438=EDGE_CURVE('',#1661,#1660,#281,.T.);
#1439=EDGE_CURVE('',#1661,#1613,#282,.T.);
#1440=EDGE_CURVE('',#1662,#1611,#283,.T.);
#1441=EDGE_CURVE('',#1657,#1662,#284,.T.);
#1442=EDGE_CURVE('',#1659,#1663,#285,.T.);
#1443=EDGE_CURVE('',#1664,#1663,#286,.T.);
#1444=EDGE_CURVE('',#1660,#1664,#287,.T.);
#1445=EDGE_CURVE('',#1663,#1655,#288,.T.);
#1446=EDGE_CURVE('',#1665,#1658,#289,.T.);
#1447=EDGE_CURVE('',#1665,#1612,#290,.T.);
#1448=EDGE_CURVE('',#1666,#1614,#291,.T.);
#1449=EDGE_CURVE('',#1664,#1666,#292,.T.);
#1450=EDGE_CURVE('',#1667,#1667,#1737,.T.);
#1451=EDGE_CURVE('',#1661,#1666,#293,.T.);
#1452=EDGE_CURVE('',#1668,#1668,#1738,.F.);
#1453=EDGE_CURVE('',#1662,#1665,#294,.T.);
#1454=EDGE_CURVE('',#1669,#1669,#1739,.T.);
#1455=EDGE_CURVE('',#1670,#1671,#12,.F.);
#1456=EDGE_CURVE('',#1671,#1672,#13,.T.);
#1457=EDGE_CURVE('',#1672,#1672,#1740,.T.);
#1458=EDGE_CURVE('',#1672,#1670,#14,.T.);
#1459=EDGE_CURVE('',#1669,#1669,#1741,.T.);
#1460=EDGE_CURVE('',#1673,#1673,#1742,.T.);
#1461=EDGE_CURVE('',#1673,#1673,#1743,.T.);
#1462=EDGE_CURVE('',#1674,#1675,#15,.F.);
#1463=EDGE_CURVE('',#1676,#1674,#16,.T.);
#1464=EDGE_CURVE('',#1676,#1676,#1744,.T.);
#1465=EDGE_CURVE('',#1675,#1676,#17,.T.);
#1466=EDGE_CURVE('',#1677,#1677,#1745,.T.);
#1467=EDGE_CURVE('',#1678,#1678,#1746,.T.);
#1468=VERTEX_POINT('',#3280);
#1469=VERTEX_POINT('',#3282);
#1470=VERTEX_POINT('',#3285);
#1471=VERTEX_POINT('',#3288);
#1472=VERTEX_POINT('',#3289);
#1473=VERTEX_POINT('',#3291);
#1474=VERTEX_POINT('',#3293);
#1475=VERTEX_POINT('',#3297);
#1476=VERTEX_POINT('',#3299);
#1477=VERTEX_POINT('',#3303);
#1478=VERTEX_POINT('',#3305);
#1479=VERTEX_POINT('',#3309);
#1480=VERTEX_POINT('',#3311);
#1481=VERTEX_POINT('',#3315);
#1482=VERTEX_POINT('',#3317);
#1483=VERTEX_POINT('',#3321);
#1484=VERTEX_POINT('',#3323);
#1485=VERTEX_POINT('',#3332);
#1486=VERTEX_POINT('',#3337);
#1487=VERTEX_POINT('',#3338);
#1488=VERTEX_POINT('',#3340);
#1489=VERTEX_POINT('',#3342);
#1490=VERTEX_POINT('',#3346);
#1491=VERTEX_POINT('',#3347);
#1492=VERTEX_POINT('',#3349);
#1493=VERTEX_POINT('',#3351);
#1494=VERTEX_POINT('',#3353);
#1495=VERTEX_POINT('',#3355);
#1496=VERTEX_POINT('',#3357);
#1497=VERTEX_POINT('',#3359);
#1498=VERTEX_POINT('',#3361);
#1499=VERTEX_POINT('',#3363);
#1500=VERTEX_POINT('',#3365);
#1501=VERTEX_POINT('',#3369);
#1502=VERTEX_POINT('',#3370);
#1503=VERTEX_POINT('',#3372);
#1504=VERTEX_POINT('',#3374);
#1505=VERTEX_POINT('',#3376);
#1506=VERTEX_POINT('',#3378);
#1507=VERTEX_POINT('',#3380);
#1508=VERTEX_POINT('',#3382);
#1509=VERTEX_POINT('',#3385);
#1510=VERTEX_POINT('',#3387);
#1511=VERTEX_POINT('',#3389);
#1512=VERTEX_POINT('',#3391);
#1513=VERTEX_POINT('',#3393);
#1514=VERTEX_POINT('',#3395);
#1515=VERTEX_POINT('',#3397);
#1516=VERTEX_POINT('',#3399);
#1517=VERTEX_POINT('',#3401);
#1518=VERTEX_POINT('',#3403);
#1519=VERTEX_POINT('',#3405);
#1520=VERTEX_POINT('',#3407);
#1521=VERTEX_POINT('',#3411);
#1522=VERTEX_POINT('',#3412);
#1523=VERTEX_POINT('',#3414);
#1524=VERTEX_POINT('',#3416);
#1525=VERTEX_POINT('',#3419);
#1526=VERTEX_POINT('',#3421);
#1527=VERTEX_POINT('',#3423);
#1528=VERTEX_POINT('',#3425);
#1529=VERTEX_POINT('',#3427);
#1530=VERTEX_POINT('',#3429);
#1531=VERTEX_POINT('',#3431);
#1532=VERTEX_POINT('',#3433);
#1533=VERTEX_POINT('',#3437);
#1534=VERTEX_POINT('',#3438);
#1535=VERTEX_POINT('',#3440);
#1536=VERTEX_POINT('',#3442);
#1537=VERTEX_POINT('',#3462);
#1538=VERTEX_POINT('',#3464);
#1539=VERTEX_POINT('',#3467);
#1540=VERTEX_POINT('',#3469);
#1541=VERTEX_POINT('',#3481);
#1542=VERTEX_POINT('',#3483);
#1543=VERTEX_POINT('',#3486);
#1544=VERTEX_POINT('',#3488);
#1545=VERTEX_POINT('',#3519);
#1546=VERTEX_POINT('',#3521);
#1547=VERTEX_POINT('',#3524);
#1548=VERTEX_POINT('',#3526);
#1549=VERTEX_POINT('',#3534);
#1550=VERTEX_POINT('',#3535);
#1551=VERTEX_POINT('',#3537);
#1552=VERTEX_POINT('',#3539);
#1553=VERTEX_POINT('',#3542);
#1554=VERTEX_POINT('',#3543);
#1555=VERTEX_POINT('',#3545);
#1556=VERTEX_POINT('',#3547);
#1557=VERTEX_POINT('',#3551);
#1558=VERTEX_POINT('',#3553);
#1559=VERTEX_POINT('',#3555);
#1560=VERTEX_POINT('',#3557);
#1561=VERTEX_POINT('',#3559);
#1562=VERTEX_POINT('',#3561);
#1563=VERTEX_POINT('',#3564);
#1564=VERTEX_POINT('',#3566);
#1565=VERTEX_POINT('',#3568);
#1566=VERTEX_POINT('',#3570);
#1567=VERTEX_POINT('',#3572);
#1568=VERTEX_POINT('',#3574);
#1569=VERTEX_POINT('',#3577);
#1570=VERTEX_POINT('',#3578);
#1571=VERTEX_POINT('',#3580);
#1572=VERTEX_POINT('',#3582);
#1573=VERTEX_POINT('',#3586);
#1574=VERTEX_POINT('',#3588);
#1575=VERTEX_POINT('',#3592);
#1576=VERTEX_POINT('',#3594);
#1577=VERTEX_POINT('',#3596);
#1578=VERTEX_POINT('',#3598);
#1579=VERTEX_POINT('',#3600);
#1580=VERTEX_POINT('',#3603);
#1581=VERTEX_POINT('',#3605);
#1582=VERTEX_POINT('',#3607);
#1583=VERTEX_POINT('',#3614);
#1584=VERTEX_POINT('',#3616);
#1585=VERTEX_POINT('',#3618);
#1586=VERTEX_POINT('',#3620);
#1587=VERTEX_POINT('',#3622);
#1588=VERTEX_POINT('',#3624);
#1589=VERTEX_POINT('',#3631);
#1590=VERTEX_POINT('',#3635);
#1591=VERTEX_POINT('',#3642);
#1592=VERTEX_POINT('',#3648);
#1593=VERTEX_POINT('',#3658);
#1594=VERTEX_POINT('',#3659);
#1595=VERTEX_POINT('',#3661);
#1596=VERTEX_POINT('',#3664);
#1597=VERTEX_POINT('',#3666);
#1598=VERTEX_POINT('',#3670);
#1599=VERTEX_POINT('',#3674);
#1600=VERTEX_POINT('',#3675);
#1601=VERTEX_POINT('',#3677);
#1602=VERTEX_POINT('',#3679);
#1603=VERTEX_POINT('',#3694);
#1604=VERTEX_POINT('',#3695);
#1605=VERTEX_POINT('',#3697);
#1606=VERTEX_POINT('',#3699);
#1607=VERTEX_POINT('',#3703);
#1608=VERTEX_POINT('',#3705);
#1609=VERTEX_POINT('',#3709);
#1610=VERTEX_POINT('',#3711);
#1611=VERTEX_POINT('',#3721);
#1612=VERTEX_POINT('',#3722);
#1613=VERTEX_POINT('',#3724);
#1614=VERTEX_POINT('',#3726);
#1615=VERTEX_POINT('',#3730);
#1616=VERTEX_POINT('',#3732);
#1617=VERTEX_POINT('',#3734);
#1618=VERTEX_POINT('',#3736);
#1619=VERTEX_POINT('',#3738);
#1620=VERTEX_POINT('',#3740);
#1621=VERTEX_POINT('',#3742);
#1622=VERTEX_POINT('',#3744);
#1623=VERTEX_POINT('',#3746);
#1624=VERTEX_POINT('',#3748);
#1625=VERTEX_POINT('',#3750);
#1626=VERTEX_POINT('',#3752);
#1627=VERTEX_POINT('',#3754);
#1628=VERTEX_POINT('',#3756);
#1629=VERTEX_POINT('',#3758);
#1630=VERTEX_POINT('',#3760);
#1631=VERTEX_POINT('',#3762);
#1632=VERTEX_POINT('',#3763);
#1633=VERTEX_POINT('',#3765);
#1634=VERTEX_POINT('',#3767);
#1635=VERTEX_POINT('',#3771);
#1636=VERTEX_POINT('',#3772);
#1637=VERTEX_POINT('',#3777);
#1638=VERTEX_POINT('',#3781);
#1639=VERTEX_POINT('',#3785);
#1640=VERTEX_POINT('',#3787);
#1641=VERTEX_POINT('',#3789);
#1642=VERTEX_POINT('',#3791);
#1643=VERTEX_POINT('',#3793);
#1644=VERTEX_POINT('',#3795);
#1645=VERTEX_POINT('',#3797);
#1646=VERTEX_POINT('',#3799);
#1647=VERTEX_POINT('',#3801);
#1648=VERTEX_POINT('',#3803);
#1649=VERTEX_POINT('',#3805);
#1650=VERTEX_POINT('',#3807);
#1651=VERTEX_POINT('',#3809);
#1652=VERTEX_POINT('',#3811);
#1653=VERTEX_POINT('',#3813);
#1654=VERTEX_POINT('',#3815);
#1655=VERTEX_POINT('',#3835);
#1656=VERTEX_POINT('',#3836);
#1657=VERTEX_POINT('',#3838);
#1658=VERTEX_POINT('',#3840);
#1659=VERTEX_POINT('',#3844);
#1660=VERTEX_POINT('',#3846);
#1661=VERTEX_POINT('',#3848);
#1662=VERTEX_POINT('',#3851);
#1663=VERTEX_POINT('',#3855);
#1664=VERTEX_POINT('',#3857);
#1665=VERTEX_POINT('',#3862);
#1666=VERTEX_POINT('',#3865);
#1667=VERTEX_POINT('',#3870);
#1668=VERTEX_POINT('',#3875);
#1669=VERTEX_POINT('',#3883);
#1670=VERTEX_POINT('',#3885);
#1671=VERTEX_POINT('',#3886);
#1672=VERTEX_POINT('',#3888);
#1673=VERTEX_POINT('',#3895);
#1674=VERTEX_POINT('',#3900);
#1675=VERTEX_POINT('',#3901);
#1676=VERTEX_POINT('',#3903);
#1677=VERTEX_POINT('',#3910);
#1678=VERTEX_POINT('',#3914);
#1679=CIRCLE('',#2419,0.003048);
#1680=CIRCLE('',#2420,0.003048);
#1681=CIRCLE('',#2422,0.0024892);
#1682=CIRCLE('',#2433,0.0024892);
#1683=CIRCLE('',#2438,0.00351519330313566);
#1684=CIRCLE('',#2440,0.00351519330313566);
#1685=CIRCLE('',#2441,0.00351519330313567);
#1686=CIRCLE('',#2443,0.00351519330313567);
#1687=CIRCLE('',#2475,0.0127);
#1688=CIRCLE('',#2476,0.0127);
#1689=CIRCLE('',#2478,0.00508);
#1690=CIRCLE('',#2479,0.00508);
#1691=CIRCLE('',#2487,0.0032639);
#1692=CIRCLE('',#2488,0.0032639);
#1693=CIRCLE('',#2489,0.0032639);
#1694=CIRCLE('',#2490,0.0032639);
#1695=CIRCLE('',#2491,0.0032639);
#1696=CIRCLE('',#2492,0.0032639);
#1697=CIRCLE('',#2498,0.0032639);
#1698=CIRCLE('',#2499,0.0032639);
#1699=CIRCLE('',#2500,0.0032639);
#1700=CIRCLE('',#2501,0.0032639);
#1701=CIRCLE('',#2502,0.0032639);
#1702=CIRCLE('',#2503,0.0032639);
#1703=CIRCLE('',#2520,0.002286);
#1704=CIRCLE('',#2523,0.002286);
#1705=CIRCLE('',#2539,0.0032639);
#1706=CIRCLE('',#2540,0.0032639);
#1707=CIRCLE('',#2541,0.0032639);
#1708=CIRCLE('',#2542,0.0032639);
#1709=CIRCLE('',#2543,0.0032639);
#1710=CIRCLE('',#2544,0.0032639);
#1711=CIRCLE('',#2545,0.0032639);
#1712=CIRCLE('',#2546,0.0032639);
#1713=CIRCLE('',#2547,0.0032639);
#1714=CIRCLE('',#2548,0.0032639);
#1715=CIRCLE('',#2549,0.0032639);
#1716=CIRCLE('',#2550,0.0032639);
#1717=CIRCLE('',#2551,0.0032639);
#1718=CIRCLE('',#2552,0.0032639);
#1719=CIRCLE('',#2553,0.0032639);
#1720=CIRCLE('',#2554,0.0032639);
#1721=CIRCLE('',#2559,0.0032639);
#1722=CIRCLE('',#2560,0.0032639);
#1723=CIRCLE('',#2561,0.0032639);
#1724=CIRCLE('',#2562,0.0032639);
#1725=CIRCLE('',#2563,0.0032639);
#1726=CIRCLE('',#2564,0.0032639);
#1727=CIRCLE('',#2565,0.0032639);
#1728=CIRCLE('',#2566,0.0032639);
#1729=CIRCLE('',#2567,0.0032639);
#1730=CIRCLE('',#2568,0.0032639);
#1731=CIRCLE('',#2569,0.0032639);
#1732=CIRCLE('',#2570,0.0032639);
#1733=CIRCLE('',#2571,0.0032639);
#1734=CIRCLE('',#2572,0.0032639);
#1735=CIRCLE('',#2573,0.0032639);
#1736=CIRCLE('',#2574,0.0032639);
#1737=CIRCLE('',#2597,0.003175);
#1738=CIRCLE('',#2600,0.003175);
#1739=CIRCLE('',#2606,0.0127);
#1740=CIRCLE('',#2609,0.0127);
#1741=CIRCLE('',#2612,0.0127);
#1742=CIRCLE('',#2614,0.0127);
#1743=CIRCLE('',#2616,0.0127);
#1744=CIRCLE('',#2620,0.0127);
#1745=CIRCLE('',#2625,0.0127);
#1746=CIRCLE('',#2628,0.0127);
#1747=EDGE_LOOP('',(#601));
#1748=EDGE_LOOP('',(#602));
#1749=EDGE_LOOP('',(#603));
#1750=EDGE_LOOP('',(#604));
#1751=EDGE_LOOP('',(#605,#606,#607,#608));
#1752=EDGE_LOOP('',(#609,#610,#611,#612));
#1753=EDGE_LOOP('',(#613,#614,#615,#616));
#1754=EDGE_LOOP('',(#617,#618,#619,#620));
#1755=EDGE_LOOP('',(#621,#622,#623,#624));
#1756=EDGE_LOOP('',(#625,#626,#627,#628));
#1757=EDGE_LOOP('',(#629,#630,#631,#632));
#1758=EDGE_LOOP('',(#633));
#1759=EDGE_LOOP('',(#634,#635,#636,#637,#638,#639,#640));
#1760=EDGE_LOOP('',(#641,#642,#643,#644,#645,#646,#647));
#1761=EDGE_LOOP('',(#648));
#1762=EDGE_LOOP('',(#649));
#1763=EDGE_LOOP('',(#650));
#1764=EDGE_LOOP('',(#651,#652,#653,#654));
#1765=EDGE_LOOP('',(#655,#656,#657,#658,#659,#660,#661,#662,#663,#664,#665));
#1766=EDGE_LOOP('',(#666,#667,#668,#669,#670,#671,#672,#673,#674,#675,#676,
#677,#678,#679,#680,#681,#682,#683,#684,#685,#686,#687));
#1767=EDGE_LOOP('',(#688,#689,#690,#691,#692,#693,#694,#695,#696,#697,#698,
#699,#700,#701));
#1768=EDGE_LOOP('',(#702,#703,#704,#705));
#1769=EDGE_LOOP('',(#706,#707,#708,#709));
#1770=EDGE_LOOP('',(#710,#711,#712,#713));
#1771=EDGE_LOOP('',(#714,#715,#716,#717));
#1772=EDGE_LOOP('',(#718,#719,#720,#721));
#1773=EDGE_LOOP('',(#722,#723,#724,#725));
#1774=EDGE_LOOP('',(#726,#727,#728,#729));
#1775=EDGE_LOOP('',(#730,#731,#732,#733,#734,#735,#736,#737,#738,#739,#740,
#741));
#1776=EDGE_LOOP('',(#742,#743,#744,#745));
#1777=EDGE_LOOP('',(#746,#747,#748,#749));
#1778=EDGE_LOOP('',(#750,#751,#752,#753));
#1779=EDGE_LOOP('',(#754,#755,#756,#757));
#1780=EDGE_LOOP('',(#758,#759,#760,#761,#762,#763,#764,#765,#766,#767,#768));
#1781=EDGE_LOOP('',(#769,#770,#771,#772));
#1782=EDGE_LOOP('',(#773,#774,#775,#776));
#1783=EDGE_LOOP('',(#777,#778,#779,#780));
#1784=EDGE_LOOP('',(#781,#782,#783,#784));
#1785=EDGE_LOOP('',(#785,#786,#787,#788));
#1786=EDGE_LOOP('',(#789,#790,#791,#792));
#1787=EDGE_LOOP('',(#793,#794,#795,#796));
#1788=EDGE_LOOP('',(#797,#798,#799,#800));
#1789=EDGE_LOOP('',(#801,#802,#803,#804));
#1790=EDGE_LOOP('',(#805,#806,#807,#808));
#1791=EDGE_LOOP('',(#809,#810,#811,#812));
#1792=EDGE_LOOP('',(#813,#814,#815,#816));
#1793=EDGE_LOOP('',(#817,#818,#819,#820));
#1794=EDGE_LOOP('',(#821,#822,#823,#824));
#1795=EDGE_LOOP('',(#825,#826,#827,#828));
#1796=EDGE_LOOP('',(#829));
#1797=EDGE_LOOP('',(#830));
#1798=EDGE_LOOP('',(#831));
#1799=EDGE_LOOP('',(#832));
#1800=EDGE_LOOP('',(#833));
#1801=EDGE_LOOP('',(#834));
#1802=EDGE_LOOP('',(#835));
#1803=EDGE_LOOP('',(#836));
#1804=EDGE_LOOP('',(#837,#838,#839,#840));
#1805=EDGE_LOOP('',(#841,#842,#843,#844));
#1806=EDGE_LOOP('',(#845,#846,#847,#848,#849,#850,#851,#852));
#1807=EDGE_LOOP('',(#853));
#1808=EDGE_LOOP('',(#854));
#1809=EDGE_LOOP('',(#855));
#1810=EDGE_LOOP('',(#856));
#1811=EDGE_LOOP('',(#857));
#1812=EDGE_LOOP('',(#858));
#1813=EDGE_LOOP('',(#859,#860,#861,#862));
#1814=EDGE_LOOP('',(#863,#864,#865,#866));
#1815=EDGE_LOOP('',(#867,#868,#869,#870,#871,#872,#873,#874,#875,#876,#877,
#878));
#1816=EDGE_LOOP('',(#879,#880,#881,#882));
#1817=EDGE_LOOP('',(#883));
#1818=EDGE_LOOP('',(#884));
#1819=EDGE_LOOP('',(#885));
#1820=EDGE_LOOP('',(#886));
#1821=EDGE_LOOP('',(#887));
#1822=EDGE_LOOP('',(#888));
#1823=EDGE_LOOP('',(#889,#890,#891,#892));
#1824=EDGE_LOOP('',(#893));
#1825=EDGE_LOOP('',(#894));
#1826=EDGE_LOOP('',(#895));
#1827=EDGE_LOOP('',(#896));
#1828=EDGE_LOOP('',(#897));
#1829=EDGE_LOOP('',(#898));
#1830=EDGE_LOOP('',(#899));
#1831=EDGE_LOOP('',(#900));
#1832=EDGE_LOOP('',(#901,#902,#903,#904));
#1833=EDGE_LOOP('',(#905,#906,#907,#908));
#1834=EDGE_LOOP('',(#909,#910,#911,#912,#913,#914,#915,#916));
#1835=EDGE_LOOP('',(#917,#918,#919,#920));
#1836=EDGE_LOOP('',(#921,#922,#923,#924,#925,#926));
#1837=EDGE_LOOP('',(#927,#928,#929,#930));
#1838=EDGE_LOOP('',(#931,#932,#933,#934,#935,#936));
#1839=EDGE_LOOP('',(#937));
#1840=EDGE_LOOP('',(#938));
#1841=EDGE_LOOP('',(#939));
#1842=EDGE_LOOP('',(#940));
#1843=EDGE_LOOP('',(#941,#942,#943,#944));
#1844=EDGE_LOOP('',(#945,#946,#947,#948));
#1845=EDGE_LOOP('',(#949,#950,#951,#952,#953,#954,#955));
#1846=EDGE_LOOP('',(#956,#957,#958,#959));
#1847=EDGE_LOOP('',(#960,#961,#962,#963,#964,#965,#966));
#1848=EDGE_LOOP('',(#967,#968,#969,#970));
#1849=EDGE_LOOP('',(#971,#972,#973,#974));
#1850=EDGE_LOOP('',(#975,#976,#977,#978));
#1851=EDGE_LOOP('',(#979,#980,#981,#982));
#1852=EDGE_LOOP('',(#983,#984,#985,#986));
#1853=EDGE_LOOP('',(#987,#988,#989,#990));
#1854=EDGE_LOOP('',(#991,#992,#993,#994));
#1855=EDGE_LOOP('',(#995,#996,#997,#998));
#1856=EDGE_LOOP('',(#999,#1000,#1001,#1002));
#1857=EDGE_LOOP('',(#1003,#1004,#1005,#1006));
#1858=EDGE_LOOP('',(#1007,#1008,#1009,#1010));
#1859=EDGE_LOOP('',(#1011,#1012,#1013,#1014));
#1860=EDGE_LOOP('',(#1015));
#1861=EDGE_LOOP('',(#1016));
#1862=EDGE_LOOP('',(#1017));
#1863=EDGE_LOOP('',(#1018));
#1864=EDGE_LOOP('',(#1019));
#1865=EDGE_LOOP('',(#1020));
#1866=EDGE_LOOP('',(#1021));
#1867=EDGE_LOOP('',(#1022));
#1868=EDGE_LOOP('',(#1023));
#1869=EDGE_LOOP('',(#1024));
#1870=EDGE_LOOP('',(#1025));
#1871=EDGE_LOOP('',(#1026));
#1872=EDGE_LOOP('',(#1027));
#1873=EDGE_LOOP('',(#1028));
#1874=EDGE_LOOP('',(#1029));
#1875=EDGE_LOOP('',(#1030));
#1876=EDGE_LOOP('',(#1031,#1032,#1033,#1034));
#1877=EDGE_LOOP('',(#1035,#1036,#1037,#1038));
#1878=EDGE_LOOP('',(#1039,#1040,#1041,#1042));
#1879=EDGE_LOOP('',(#1043,#1044,#1045,#1046));
#1880=EDGE_LOOP('',(#1047));
#1881=EDGE_LOOP('',(#1048));
#1882=EDGE_LOOP('',(#1049));
#1883=EDGE_LOOP('',(#1050));
#1884=EDGE_LOOP('',(#1051));
#1885=EDGE_LOOP('',(#1052));
#1886=EDGE_LOOP('',(#1053));
#1887=EDGE_LOOP('',(#1054));
#1888=EDGE_LOOP('',(#1055));
#1889=EDGE_LOOP('',(#1056));
#1890=EDGE_LOOP('',(#1057));
#1891=EDGE_LOOP('',(#1058));
#1892=EDGE_LOOP('',(#1059));
#1893=EDGE_LOOP('',(#1060));
#1894=EDGE_LOOP('',(#1061));
#1895=EDGE_LOOP('',(#1062));
#1896=EDGE_LOOP('',(#1063,#1064,#1065,#1066));
#1897=EDGE_LOOP('',(#1067));
#1898=EDGE_LOOP('',(#1068));
#1899=EDGE_LOOP('',(#1069));
#1900=EDGE_LOOP('',(#1070));
#1901=EDGE_LOOP('',(#1071));
#1902=EDGE_LOOP('',(#1072));
#1903=EDGE_LOOP('',(#1073));
#1904=EDGE_LOOP('',(#1074));
#1905=EDGE_LOOP('',(#1075));
#1906=EDGE_LOOP('',(#1076));
#1907=EDGE_LOOP('',(#1077));
#1908=EDGE_LOOP('',(#1078));
#1909=EDGE_LOOP('',(#1079));
#1910=EDGE_LOOP('',(#1080));
#1911=EDGE_LOOP('',(#1081));
#1912=EDGE_LOOP('',(#1082));
#1913=EDGE_LOOP('',(#1083));
#1914=EDGE_LOOP('',(#1084));
#1915=EDGE_LOOP('',(#1085));
#1916=EDGE_LOOP('',(#1086));
#1917=EDGE_LOOP('',(#1087));
#1918=EDGE_LOOP('',(#1088));
#1919=EDGE_LOOP('',(#1089));
#1920=EDGE_LOOP('',(#1090));
#1921=EDGE_LOOP('',(#1091));
#1922=EDGE_LOOP('',(#1092));
#1923=EDGE_LOOP('',(#1093));
#1924=EDGE_LOOP('',(#1094));
#1925=EDGE_LOOP('',(#1095));
#1926=EDGE_LOOP('',(#1096));
#1927=EDGE_LOOP('',(#1097));
#1928=EDGE_LOOP('',(#1098));
#1929=EDGE_LOOP('',(#1099,#1100,#1101,#1102));
#1930=EDGE_LOOP('',(#1103,#1104,#1105,#1106,#1107,#1108,#1109,#1110));
#1931=EDGE_LOOP('',(#1111,#1112,#1113,#1114));
#1932=EDGE_LOOP('',(#1115,#1116,#1117,#1118,#1119,#1120,#1121,#1122));
#1933=EDGE_LOOP('',(#1123,#1124,#1125,#1126));
#1934=EDGE_LOOP('',(#1127,#1128,#1129,#1130));
#1935=EDGE_LOOP('',(#1131));
#1936=EDGE_LOOP('',(#1132,#1133,#1134,#1135));
#1937=EDGE_LOOP('',(#1136,#1137,#1138,#1139));
#1938=EDGE_LOOP('',(#1140));
#1939=EDGE_LOOP('',(#1141,#1142,#1143,#1144));
#1940=EDGE_LOOP('',(#1145,#1146,#1147,#1148));
#1941=EDGE_LOOP('',(#1149));
#1942=EDGE_LOOP('',(#1150));
#1943=EDGE_LOOP('',(#1151));
#1944=EDGE_LOOP('',(#1152,#1153,#1154,#1155));
#1945=EDGE_LOOP('',(#1156,#1157));
#1946=EDGE_LOOP('',(#1158));
#1947=EDGE_LOOP('',(#1159));
#1948=EDGE_LOOP('',(#1160,#1161));
#1949=EDGE_LOOP('',(#1162,#1163,#1164,#1165));
#1950=EDGE_LOOP('',(#1166));
#1951=EDGE_LOOP('',(#1167));
#1952=EDGE_LOOP('',(#1168));
#1953=EDGE_LOOP('',(#1169,#1170,#1171));
#1954=EDGE_LOOP('',(#1172));
#1955=EDGE_LOOP('',(#1173));
#1956=EDGE_LOOP('',(#1174));
#1957=EDGE_LOOP('',(#1175,#1176,#1177));
#1958=EDGE_LOOP('',(#1178));
#1959=FACE_BOUND('',#1747,.T.);
#1960=FACE_BOUND('',#1748,.T.);
#1961=FACE_BOUND('',#1749,.T.);
#1962=FACE_BOUND('',#1750,.T.);
#1963=FACE_BOUND('',#1751,.T.);
#1964=FACE_BOUND('',#1752,.T.);
#1965=FACE_BOUND('',#1753,.T.);
#1966=FACE_BOUND('',#1754,.T.);
#1967=FACE_BOUND('',#1755,.T.);
#1968=FACE_BOUND('',#1756,.T.);
#1969=FACE_BOUND('',#1757,.T.);
#1970=FACE_BOUND('',#1758,.T.);
#1971=FACE_BOUND('',#1759,.T.);
#1972=FACE_BOUND('',#1760,.T.);
#1973=FACE_BOUND('',#1761,.T.);
#1974=FACE_BOUND('',#1762,.T.);
#1975=FACE_BOUND('',#1763,.T.);
#1976=FACE_BOUND('',#1764,.T.);
#1977=FACE_BOUND('',#1765,.T.);
#1978=FACE_BOUND('',#1766,.T.);
#1979=FACE_BOUND('',#1767,.T.);
#1980=FACE_BOUND('',#1768,.T.);
#1981=FACE_BOUND('',#1769,.T.);
#1982=FACE_BOUND('',#1770,.T.);
#1983=FACE_BOUND('',#1771,.T.);
#1984=FACE_BOUND('',#1772,.T.);
#1985=FACE_BOUND('',#1773,.T.);
#1986=FACE_BOUND('',#1774,.T.);
#1987=FACE_BOUND('',#1775,.T.);
#1988=FACE_BOUND('',#1776,.T.);
#1989=FACE_BOUND('',#1777,.T.);
#1990=FACE_BOUND('',#1778,.T.);
#1991=FACE_BOUND('',#1779,.T.);
#1992=FACE_BOUND('',#1780,.T.);
#1993=FACE_BOUND('',#1781,.T.);
#1994=FACE_BOUND('',#1782,.T.);
#1995=FACE_BOUND('',#1783,.T.);
#1996=FACE_BOUND('',#1784,.T.);
#1997=FACE_BOUND('',#1785,.T.);
#1998=FACE_BOUND('',#1786,.T.);
#1999=FACE_BOUND('',#1787,.T.);
#2000=FACE_BOUND('',#1788,.T.);
#2001=FACE_BOUND('',#1789,.T.);
#2002=FACE_BOUND('',#1790,.T.);
#2003=FACE_BOUND('',#1791,.T.);
#2004=FACE_BOUND('',#1792,.T.);
#2005=FACE_BOUND('',#1793,.T.);
#2006=FACE_BOUND('',#1794,.T.);
#2007=FACE_BOUND('',#1795,.T.);
#2008=FACE_BOUND('',#1796,.T.);
#2009=FACE_BOUND('',#1797,.T.);
#2010=FACE_BOUND('',#1798,.T.);
#2011=FACE_BOUND('',#1799,.T.);
#2012=FACE_BOUND('',#1800,.T.);
#2013=FACE_BOUND('',#1801,.T.);
#2014=FACE_BOUND('',#1802,.T.);
#2015=FACE_BOUND('',#1803,.T.);
#2016=FACE_BOUND('',#1804,.T.);
#2017=FACE_BOUND('',#1805,.T.);
#2018=FACE_BOUND('',#1806,.T.);
#2019=FACE_BOUND('',#1807,.T.);
#2020=FACE_BOUND('',#1808,.T.);
#2021=FACE_BOUND('',#1809,.T.);
#2022=FACE_BOUND('',#1810,.T.);
#2023=FACE_BOUND('',#1811,.T.);
#2024=FACE_BOUND('',#1812,.T.);
#2025=FACE_BOUND('',#1813,.T.);
#2026=FACE_BOUND('',#1814,.T.);
#2027=FACE_BOUND('',#1815,.T.);
#2028=FACE_BOUND('',#1816,.T.);
#2029=FACE_BOUND('',#1817,.T.);
#2030=FACE_BOUND('',#1818,.T.);
#2031=FACE_BOUND('',#1819,.T.);
#2032=FACE_BOUND('',#1820,.T.);
#2033=FACE_BOUND('',#1821,.T.);
#2034=FACE_BOUND('',#1822,.T.);
#2035=FACE_BOUND('',#1823,.T.);
#2036=FACE_BOUND('',#1824,.T.);
#2037=FACE_BOUND('',#1825,.T.);
#2038=FACE_BOUND('',#1826,.T.);
#2039=FACE_BOUND('',#1827,.T.);
#2040=FACE_BOUND('',#1828,.T.);
#2041=FACE_BOUND('',#1829,.T.);
#2042=FACE_BOUND('',#1830,.T.);
#2043=FACE_BOUND('',#1831,.T.);
#2044=FACE_BOUND('',#1832,.T.);
#2045=FACE_BOUND('',#1833,.T.);
#2046=FACE_BOUND('',#1834,.T.);
#2047=FACE_BOUND('',#1835,.T.);
#2048=FACE_BOUND('',#1836,.T.);
#2049=FACE_BOUND('',#1837,.T.);
#2050=FACE_BOUND('',#1838,.T.);
#2051=FACE_BOUND('',#1839,.T.);
#2052=FACE_BOUND('',#1840,.T.);
#2053=FACE_BOUND('',#1841,.T.);
#2054=FACE_BOUND('',#1842,.T.);
#2055=FACE_BOUND('',#1843,.T.);
#2056=FACE_BOUND('',#1844,.T.);
#2057=FACE_BOUND('',#1845,.T.);
#2058=FACE_BOUND('',#1846,.T.);
#2059=FACE_BOUND('',#1847,.T.);
#2060=FACE_BOUND('',#1848,.T.);
#2061=FACE_BOUND('',#1849,.T.);
#2062=FACE_BOUND('',#1850,.T.);
#2063=FACE_BOUND('',#1851,.T.);
#2064=FACE_BOUND('',#1852,.T.);
#2065=FACE_BOUND('',#1853,.T.);
#2066=FACE_BOUND('',#1854,.T.);
#2067=FACE_BOUND('',#1855,.T.);
#2068=FACE_BOUND('',#1856,.T.);
#2069=FACE_BOUND('',#1857,.T.);
#2070=FACE_BOUND('',#1858,.T.);
#2071=FACE_BOUND('',#1859,.T.);
#2072=FACE_BOUND('',#1860,.T.);
#2073=FACE_BOUND('',#1861,.T.);
#2074=FACE_BOUND('',#1862,.T.);
#2075=FACE_BOUND('',#1863,.T.);
#2076=FACE_BOUND('',#1864,.T.);
#2077=FACE_BOUND('',#1865,.T.);
#2078=FACE_BOUND('',#1866,.T.);
#2079=FACE_BOUND('',#1867,.T.);
#2080=FACE_BOUND('',#1868,.T.);
#2081=FACE_BOUND('',#1869,.T.);
#2082=FACE_BOUND('',#1870,.T.);
#2083=FACE_BOUND('',#1871,.T.);
#2084=FACE_BOUND('',#1872,.T.);
#2085=FACE_BOUND('',#1873,.T.);
#2086=FACE_BOUND('',#1874,.T.);
#2087=FACE_BOUND('',#1875,.T.);
#2088=FACE_BOUND('',#1876,.T.);
#2089=FACE_BOUND('',#1877,.T.);
#2090=FACE_BOUND('',#1878,.T.);
#2091=FACE_BOUND('',#1879,.T.);
#2092=FACE_BOUND('',#1880,.T.);
#2093=FACE_BOUND('',#1881,.T.);
#2094=FACE_BOUND('',#1882,.T.);
#2095=FACE_BOUND('',#1883,.T.);
#2096=FACE_BOUND('',#1884,.T.);
#2097=FACE_BOUND('',#1885,.T.);
#2098=FACE_BOUND('',#1886,.T.);
#2099=FACE_BOUND('',#1887,.T.);
#2100=FACE_BOUND('',#1888,.T.);
#2101=FACE_BOUND('',#1889,.T.);
#2102=FACE_BOUND('',#1890,.T.);
#2103=FACE_BOUND('',#1891,.T.);
#2104=FACE_BOUND('',#1892,.T.);
#2105=FACE_BOUND('',#1893,.T.);
#2106=FACE_BOUND('',#1894,.T.);
#2107=FACE_BOUND('',#1895,.T.);
#2108=FACE_BOUND('',#1896,.T.);
#2109=FACE_BOUND('',#1897,.T.);
#2110=FACE_BOUND('',#1898,.T.);
#2111=FACE_BOUND('',#1899,.T.);
#2112=FACE_BOUND('',#1900,.T.);
#2113=FACE_BOUND('',#1901,.T.);
#2114=FACE_BOUND('',#1902,.T.);
#2115=FACE_BOUND('',#1903,.T.);
#2116=FACE_BOUND('',#1904,.T.);
#2117=FACE_BOUND('',#1905,.T.);
#2118=FACE_BOUND('',#1906,.T.);
#2119=FACE_BOUND('',#1907,.T.);
#2120=FACE_BOUND('',#1908,.T.);
#2121=FACE_BOUND('',#1909,.T.);
#2122=FACE_BOUND('',#1910,.T.);
#2123=FACE_BOUND('',#1911,.T.);
#2124=FACE_BOUND('',#1912,.T.);
#2125=FACE_BOUND('',#1913,.T.);
#2126=FACE_BOUND('',#1914,.T.);
#2127=FACE_BOUND('',#1915,.T.);
#2128=FACE_BOUND('',#1916,.T.);
#2129=FACE_BOUND('',#1917,.T.);
#2130=FACE_BOUND('',#1918,.T.);
#2131=FACE_BOUND('',#1919,.T.);
#2132=FACE_BOUND('',#1920,.T.);
#2133=FACE_BOUND('',#1921,.T.);
#2134=FACE_BOUND('',#1922,.T.);
#2135=FACE_BOUND('',#1923,.T.);
#2136=FACE_BOUND('',#1924,.T.);
#2137=FACE_BOUND('',#1925,.T.);
#2138=FACE_BOUND('',#1926,.T.);
#2139=FACE_BOUND('',#1927,.T.);
#2140=FACE_BOUND('',#1928,.T.);
#2141=FACE_BOUND('',#1929,.T.);
#2142=FACE_BOUND('',#1930,.T.);
#2143=FACE_BOUND('',#1931,.T.);
#2144=FACE_BOUND('',#1932,.T.);
#2145=FACE_BOUND('',#1933,.T.);
#2146=FACE_BOUND('',#1934,.T.);
#2147=FACE_BOUND('',#1935,.T.);
#2148=FACE_BOUND('',#1936,.T.);
#2149=FACE_BOUND('',#1937,.T.);
#2150=FACE_BOUND('',#1938,.T.);
#2151=FACE_BOUND('',#1939,.T.);
#2152=FACE_BOUND('',#1940,.T.);
#2153=FACE_BOUND('',#1941,.T.);
#2154=FACE_BOUND('',#1942,.T.);
#2155=FACE_BOUND('',#1943,.T.);
#2156=FACE_BOUND('',#1944,.T.);
#2157=FACE_BOUND('',#1945,.T.);
#2158=FACE_BOUND('',#1946,.T.);
#2159=FACE_BOUND('',#1947,.T.);
#2160=FACE_BOUND('',#1948,.T.);
#2161=FACE_BOUND('',#1949,.T.);
#2162=FACE_BOUND('',#1950,.T.);
#2163=FACE_BOUND('',#1951,.T.);
#2164=FACE_BOUND('',#1952,.T.);
#2165=FACE_BOUND('',#1953,.T.);
#2166=FACE_BOUND('',#1954,.T.);
#2167=FACE_BOUND('',#1955,.T.);
#2168=FACE_BOUND('',#1956,.T.);
#2169=FACE_BOUND('',#1957,.T.);
#2170=FACE_BOUND('',#1958,.T.);
#2171=CYLINDRICAL_SURFACE('',#2418,0.003048);
#2172=CYLINDRICAL_SURFACE('',#2432,0.0024892);
#2173=CYLINDRICAL_SURFACE('',#2466,0.00351519330313567);
#2174=CYLINDRICAL_SURFACE('',#2471,0.00351519330313566);
#2175=CYLINDRICAL_SURFACE('',#2474,0.0127);
#2176=CYLINDRICAL_SURFACE('',#2477,0.00508);
#2177=CYLINDRICAL_SURFACE('',#2504,0.0032639);
#2178=CYLINDRICAL_SURFACE('',#2505,0.0032639);
#2179=CYLINDRICAL_SURFACE('',#2506,0.0032639);
#2180=CYLINDRICAL_SURFACE('',#2507,0.0032639);
#2181=CYLINDRICAL_SURFACE('',#2515,0.0032639);
#2182=CYLINDRICAL_SURFACE('',#2516,0.0032639);
#2183=CYLINDRICAL_SURFACE('',#2527,0.002286);
#2184=CYLINDRICAL_SURFACE('',#2575,0.0032639);
#2185=CYLINDRICAL_SURFACE('',#2576,0.0032639);
#2186=CYLINDRICAL_SURFACE('',#2577,0.0032639);
#2187=CYLINDRICAL_SURFACE('',#2578,0.0032639);
#2188=CYLINDRICAL_SURFACE('',#2579,0.0032639);
#2189=CYLINDRICAL_SURFACE('',#2580,0.0032639);
#2190=CYLINDRICAL_SURFACE('',#2581,0.0032639);
#2191=CYLINDRICAL_SURFACE('',#2582,0.0032639);
#2192=CYLINDRICAL_SURFACE('',#2583,0.0032639);
#2193=CYLINDRICAL_SURFACE('',#2584,0.0032639);
#2194=CYLINDRICAL_SURFACE('',#2585,0.0032639);
#2195=CYLINDRICAL_SURFACE('',#2586,0.0032639);
#2196=CYLINDRICAL_SURFACE('',#2587,0.0032639);
#2197=CYLINDRICAL_SURFACE('',#2588,0.0032639);
#2198=CYLINDRICAL_SURFACE('',#2589,0.0032639);
#2199=CYLINDRICAL_SURFACE('',#2590,0.0032639);
#2200=CYLINDRICAL_SURFACE('',#2602,0.003175);
#2201=CYLINDRICAL_SURFACE('',#2605,0.0127);
#2202=CYLINDRICAL_SURFACE('',#2613,0.0127);
#2203=CYLINDRICAL_SURFACE('',#2617,0.0127);
#2204=CYLINDRICAL_SURFACE('',#2624,0.0127);
#2205=CYLINDRICAL_SURFACE('',#2627,0.0127);
#2206=ADVANCED_FACE('',(#1959,#1960),#2171,.T.);
#2207=ADVANCED_FACE('',(#1961,#1962),#510,.T.);
#2208=ADVANCED_FACE('',(#1963),#511,.F.);
#2209=ADVANCED_FACE('',(#1964),#512,.F.);
#2210=ADVANCED_FACE('',(#1965),#513,.F.);
#2211=ADVANCED_FACE('',(#1966),#514,.F.);
#2212=ADVANCED_FACE('',(#1967),#515,.F.);
#2213=ADVANCED_FACE('',(#1968),#516,.F.);
#2214=ADVANCED_FACE('',(#1969),#517,.F.);
#2215=ADVANCED_FACE('',(#1970,#1971),#518,.T.);
#2216=ADVANCED_FACE('',(#1972),#519,.F.);
#2217=ADVANCED_FACE('',(#1973,#1974),#2172,.F.);
#2218=ADVANCED_FACE('',(#1975),#520,.T.);
#2219=ADVANCED_FACE('',(#1976),#521,.T.);
#2220=ADVANCED_FACE('',(#1977),#522,.F.);
#2221=ADVANCED_FACE('',(#1978),#523,.T.);
#2222=ADVANCED_FACE('',(#1979),#524,.F.);
#2223=ADVANCED_FACE('',(#1980),#525,.F.);
#2224=ADVANCED_FACE('',(#1981),#526,.F.);
#2225=ADVANCED_FACE('',(#1982),#527,.F.);
#2226=ADVANCED_FACE('',(#1983),#528,.F.);
#2227=ADVANCED_FACE('',(#1984),#529,.F.);
#2228=ADVANCED_FACE('',(#1985),#530,.T.);
#2229=ADVANCED_FACE('',(#1986),#531,.F.);
#2230=ADVANCED_FACE('',(#1987),#532,.T.);
#2231=ADVANCED_FACE('',(#1988),#533,.T.);
#2232=ADVANCED_FACE('',(#1989),#534,.T.);
#2233=ADVANCED_FACE('',(#1990),#535,.F.);
#2234=ADVANCED_FACE('',(#1991),#536,.T.);
#2235=ADVANCED_FACE('',(#1992),#537,.F.);
#2236=ADVANCED_FACE('',(#1993),#538,.T.);
#2237=ADVANCED_FACE('',(#1994),#539,.F.);
#2238=ADVANCED_FACE('',(#1995),#540,.T.);
#2239=ADVANCED_FACE('',(#1996),#541,.T.);
#2240=ADVANCED_FACE('',(#1997),#542,.F.);
#2241=ADVANCED_FACE('',(#1998),#543,.T.);
#2242=ADVANCED_FACE('',(#1999),#544,.T.);
#2243=ADVANCED_FACE('',(#2000),#545,.F.);
#2244=ADVANCED_FACE('',(#2001),#546,.T.);
#2245=ADVANCED_FACE('',(#2002),#2173,.F.);
#2246=ADVANCED_FACE('',(#2003),#547,.F.);
#2247=ADVANCED_FACE('',(#2004),#548,.F.);
#2248=ADVANCED_FACE('',(#2005),#549,.T.);
#2249=ADVANCED_FACE('',(#2006),#550,.T.);
#2250=ADVANCED_FACE('',(#2007),#2174,.F.);
#2251=ADVANCED_FACE('',(#2008,#2009),#2175,.T.);
#2252=ADVANCED_FACE('',(#2010,#2011),#2176,.F.);
#2253=ADVANCED_FACE('',(#2012,#2013),#551,.T.);
#2254=ADVANCED_FACE('',(#2014,#2015),#552,.F.);
#2255=ADVANCED_FACE('',(#2016,#2017),#553,.F.);
#2256=ADVANCED_FACE('',(#2018,#2019,#2020,#2021,#2022,#2023,#2024),#554,
 .T.);
#2257=ADVANCED_FACE('',(#2025),#555,.T.);
#2258=ADVANCED_FACE('',(#2026),#556,.F.);
#2259=ADVANCED_FACE('',(#2027),#557,.T.);
#2260=ADVANCED_FACE('',(#2028),#558,.T.);
#2261=ADVANCED_FACE('',(#2029,#2030,#2031,#2032,#2033,#2034,#2035),#559,
 .F.);
#2262=ADVANCED_FACE('',(#2036,#2037),#2177,.F.);
#2263=ADVANCED_FACE('',(#2038,#2039),#2178,.F.);
#2264=ADVANCED_FACE('',(#2040,#2041),#2179,.F.);
#2265=ADVANCED_FACE('',(#2042,#2043),#2180,.F.);
#2266=ADVANCED_FACE('',(#2044),#560,.F.);
#2267=ADVANCED_FACE('',(#2045),#561,.T.);
#2268=ADVANCED_FACE('',(#2046),#562,.T.);
#2269=ADVANCED_FACE('',(#2047),#563,.F.);
#2270=ADVANCED_FACE('',(#2048),#564,.T.);
#2271=ADVANCED_FACE('',(#2049),#565,.T.);
#2272=ADVANCED_FACE('',(#2050),#566,.F.);
#2273=ADVANCED_FACE('',(#2051,#2052),#2181,.F.);
#2274=ADVANCED_FACE('',(#2053,#2054),#2182,.F.);
#2275=ADVANCED_FACE('',(#2055),#567,.T.);
#2276=ADVANCED_FACE('',(#2056),#568,.T.);
#2277=ADVANCED_FACE('',(#2057),#569,.T.);
#2278=ADVANCED_FACE('',(#2058),#570,.F.);
#2279=ADVANCED_FACE('',(#2059),#571,.F.);
#2280=ADVANCED_FACE('',(#2060),#572,.T.);
#2281=ADVANCED_FACE('',(#2061),#573,.T.);
#2282=ADVANCED_FACE('',(#2062),#574,.F.);
#2283=ADVANCED_FACE('',(#2063),#2183,.F.);
#2284=ADVANCED_FACE('',(#2064),#575,.F.);
#2285=ADVANCED_FACE('',(#2065),#576,.T.);
#2286=ADVANCED_FACE('',(#2066),#577,.F.);
#2287=ADVANCED_FACE('',(#2067),#578,.F.);
#2288=ADVANCED_FACE('',(#2068),#579,.T.);
#2289=ADVANCED_FACE('',(#2069),#580,.T.);
#2290=ADVANCED_FACE('',(#2070),#581,.F.);
#2291=ADVANCED_FACE('',(#2071),#582,.T.);
#2292=ADVANCED_FACE('',(#2072,#2073,#2074,#2075,#2076,#2077,#2078,#2079,
#2080,#2081,#2082,#2083,#2084,#2085,#2086,#2087,#2088),#583,.T.);
#2293=ADVANCED_FACE('',(#2089),#584,.T.);
#2294=ADVANCED_FACE('',(#2090),#585,.F.);
#2295=ADVANCED_FACE('',(#2091),#586,.T.);
#2296=ADVANCED_FACE('',(#2092,#2093,#2094,#2095,#2096,#2097,#2098,#2099,
#2100,#2101,#2102,#2103,#2104,#2105,#2106,#2107,#2108),#587,.F.);
#2297=ADVANCED_FACE('',(#2109,#2110),#2184,.F.);
#2298=ADVANCED_FACE('',(#2111,#2112),#2185,.F.);
#2299=ADVANCED_FACE('',(#2113,#2114),#2186,.F.);
#2300=ADVANCED_FACE('',(#2115,#2116),#2187,.F.);
#2301=ADVANCED_FACE('',(#2117,#2118),#2188,.F.);
#2302=ADVANCED_FACE('',(#2119,#2120),#2189,.F.);
#2303=ADVANCED_FACE('',(#2121,#2122),#2190,.F.);
#2304=ADVANCED_FACE('',(#2123,#2124),#2191,.F.);
#2305=ADVANCED_FACE('',(#2125,#2126),#2192,.F.);
#2306=ADVANCED_FACE('',(#2127,#2128),#2193,.F.);
#2307=ADVANCED_FACE('',(#2129,#2130),#2194,.F.);
#2308=ADVANCED_FACE('',(#2131,#2132),#2195,.F.);
#2309=ADVANCED_FACE('',(#2133,#2134),#2196,.F.);
#2310=ADVANCED_FACE('',(#2135,#2136),#2197,.F.);
#2311=ADVANCED_FACE('',(#2137,#2138),#2198,.F.);
#2312=ADVANCED_FACE('',(#2139,#2140),#2199,.F.);
#2313=ADVANCED_FACE('',(#2141),#588,.F.);
#2314=ADVANCED_FACE('',(#2142),#589,.F.);
#2315=ADVANCED_FACE('',(#2143),#590,.F.);
#2316=ADVANCED_FACE('',(#2144),#591,.F.);
#2317=ADVANCED_FACE('',(#2145,#2146),#592,.F.);
#2318=ADVANCED_FACE('',(#2147,#2148),#593,.T.);
#2319=ADVANCED_FACE('',(#2149),#594,.T.);
#2320=ADVANCED_FACE('',(#2150,#2151),#595,.F.);
#2321=ADVANCED_FACE('',(#2152),#596,.T.);
#2322=ADVANCED_FACE('',(#2153,#2154),#2200,.T.);
#2323=ADVANCED_FACE('',(#2155,#2156),#2201,.T.);
#2324=ADVANCED_FACE('',(#2157),#10,.T.);
#2325=ADVANCED_FACE('',(#2158,#2159),#2202,.T.);
#2326=ADVANCED_FACE('',(#2160),#11,.T.);
#2327=ADVANCED_FACE('',(#2161,#2162),#2203,.T.);
#2328=ADVANCED_FACE('',(#2163),#597,.T.);
#2329=ADVANCED_FACE('',(#2164),#598,.F.);
#2330=ADVANCED_FACE('',(#2165,#2166),#2204,.T.);
#2331=ADVANCED_FACE('',(#2167),#599,.T.);
#2332=ADVANCED_FACE('',(#2168,#2169),#2205,.T.);
#2333=ADVANCED_FACE('',(#2170),#600,.T.);
#2334=CLOSED_SHELL('',(#2206,#2207,#2208,#2209,#2210,#2211,#2212,#2213,
#2214,#2215,#2216,#2217,#2218));
#2335=CLOSED_SHELL('',(#2219,#2220,#2221,#2222,#2223,#2224,#2225,#2226,
#2227,#2228,#2229,#2230,#2231,#2232,#2233,#2234,#2235,#2236,#2237,#2238,
#2239,#2240,#2241,#2242,#2243,#2244,#2245,#2246,#2247,#2248,#2249,#2250));
#2336=CLOSED_SHELL('',(#2251,#2252,#2253,#2254));
#2337=CLOSED_SHELL('',(#2255,#2256,#2257,#2258,#2259,#2260,#2261,#2262,
#2263,#2264,#2265,#2266,#2267,#2268,#2269,#2270,#2271,#2272,#2273,#2274,
#2275,#2276,#2277,#2278,#2279,#2280,#2281,#2282,#2283,#2284));
#2338=CLOSED_SHELL('',(#2285,#2286,#2287,#2288,#2289,#2290));
#2339=CLOSED_SHELL('',(#2291,#2292,#2293,#2294,#2295,#2296,#2297,#2298,
#2299,#2300,#2301,#2302,#2303,#2304,#2305,#2306,#2307,#2308,#2309,#2310,
#2311,#2312,#2313,#2314,#2315,#2316,#2317,#2318,#2319,#2320,#2321,#2322));
#2340=CLOSED_SHELL('',(#2323,#2324,#2325,#2326,#2327,#2328,#2329,#2330,
#2331,#2332,#2333));
#2341=STYLED_ITEM('',(#2348),#2394);
#2342=STYLED_ITEM('',(#2349),#2395);
#2343=STYLED_ITEM('',(#2350),#2396);
#2344=STYLED_ITEM('',(#2351),#2397);
#2345=STYLED_ITEM('',(#2352),#2398);
#2346=STYLED_ITEM('',(#2353),#2399);
#2347=STYLED_ITEM('',(#2354),#2400);
#2348=PRESENTATION_STYLE_ASSIGNMENT((#2355));
#2349=PRESENTATION_STYLE_ASSIGNMENT((#2356));
#2350=PRESENTATION_STYLE_ASSIGNMENT((#2357));
#2351=PRESENTATION_STYLE_ASSIGNMENT((#2358));
#2352=PRESENTATION_STYLE_ASSIGNMENT((#2359));
#2353=PRESENTATION_STYLE_ASSIGNMENT((#2360));
#2354=PRESENTATION_STYLE_ASSIGNMENT((#2361));
#2355=SURFACE_STYLE_USAGE(.BOTH.,#2362);
#2356=SURFACE_STYLE_USAGE(.BOTH.,#2363);
#2357=SURFACE_STYLE_USAGE(.BOTH.,#2364);
#2358=SURFACE_STYLE_USAGE(.BOTH.,#2365);
#2359=SURFACE_STYLE_USAGE(.BOTH.,#2366);
#2360=SURFACE_STYLE_USAGE(.BOTH.,#2367);
#2361=SURFACE_STYLE_USAGE(.BOTH.,#2368);
#2362=SURFACE_SIDE_STYLE('',(#2369));
#2363=SURFACE_SIDE_STYLE('',(#2370));
#2364=SURFACE_SIDE_STYLE('',(#2371));
#2365=SURFACE_SIDE_STYLE('',(#2372));
#2366=SURFACE_SIDE_STYLE('',(#2373));
#2367=SURFACE_SIDE_STYLE('',(#2374));
#2368=SURFACE_SIDE_STYLE('',(#2375));
#2369=SURFACE_STYLE_FILL_AREA(#2376);
#2370=SURFACE_STYLE_FILL_AREA(#2377);
#2371=SURFACE_STYLE_FILL_AREA(#2378);
#2372=SURFACE_STYLE_FILL_AREA(#2379);
#2373=SURFACE_STYLE_FILL_AREA(#2380);
#2374=SURFACE_STYLE_FILL_AREA(#2381);
#2375=SURFACE_STYLE_FILL_AREA(#2382);
#2376=FILL_AREA_STYLE('',(#2383));
#2377=FILL_AREA_STYLE('',(#2384));
#2378=FILL_AREA_STYLE('',(#2385));
#2379=FILL_AREA_STYLE('',(#2386));
#2380=FILL_AREA_STYLE('',(#2387));
#2381=FILL_AREA_STYLE('',(#2388));
#2382=FILL_AREA_STYLE('',(#2389));
#2383=FILL_AREA_STYLE_COLOUR('',#2390);
#2384=FILL_AREA_STYLE_COLOUR('',#2391);
#2385=FILL_AREA_STYLE_COLOUR('',#2392);
#2386=FILL_AREA_STYLE_COLOUR('',#2392);
#2387=FILL_AREA_STYLE_COLOUR('',#2393);
#2388=FILL_AREA_STYLE_COLOUR('',#2390);
#2389=FILL_AREA_STYLE_COLOUR('',#2390);
#2390=COLOUR_RGB('',0.615686274509804,0.811764705882353,0.929411764705882);
#2391=COLOUR_RGB('',0.231372549019608,0.380392156862745,0.705882352941177);
#2392=COLOUR_RGB('',0.647058823529412,0.647058823529412,0.647058823529412);
#2393=COLOUR_RGB('',0.756862745098039,0.462745098039216,0.109803921568627);
#2394=MANIFOLD_SOLID_BREP('Short',#2334);
#2395=MANIFOLD_SOLID_BREP('Chair Clamp',#2335);
#2396=MANIFOLD_SOLID_BREP('Part 2',#2336);
#2397=MANIFOLD_SOLID_BREP('SnapDragon',#2337);
#2398=MANIFOLD_SOLID_BREP('Board',#2338);
#2399=MANIFOLD_SOLID_BREP('Part 1',#2339);
#2400=MANIFOLD_SOLID_BREP('Standin',#2340);
#2401=SHAPE_DEFINITION_REPRESENTATION(#3938,#2409);
#2402=SHAPE_DEFINITION_REPRESENTATION(#3939,#2410);
#2403=SHAPE_DEFINITION_REPRESENTATION(#3941,#2411);
#2404=SHAPE_DEFINITION_REPRESENTATION(#3944,#2412);
#2405=SHAPE_DEFINITION_REPRESENTATION(#3948,#2413);
#2406=SHAPE_DEFINITION_REPRESENTATION(#3950,#2414);
#2407=SHAPE_DEFINITION_REPRESENTATION(#3952,#2415);
#2408=SHAPE_DEFINITION_REPRESENTATION(#3955,#2416);
#2409=SHAPE_REPRESENTATION('Snap Dragon',(#2417,#2435,#2472,#2473,#2482,
#2483,#2484,#2529,#2536,#2603,#2604,#2630,#2631),#3919);
#2410=SHAPE_REPRESENTATION('Short',(#2417),#3920);
#2411=SHAPE_REPRESENTATION('Chair Clamp',(#2417),#3921);
#2412=SHAPE_REPRESENTATION('Part 2',(#2417),#3922);
#2413=SHAPE_REPRESENTATION('SnapDragon',(#2417),#3923);
#2414=SHAPE_REPRESENTATION('Board',(#2417),#3924);
#2415=SHAPE_REPRESENTATION('Part 1',(#2417),#3925);
#2416=SHAPE_REPRESENTATION('Standin',(#2417),#3926);
#2417=AXIS2_PLACEMENT_3D('',#3277,#2632,#2633);
#2418=AXIS2_PLACEMENT_3D('',#3278,#2634,#2635);
#2419=AXIS2_PLACEMENT_3D('',#3279,#2636,#2637);
#2420=AXIS2_PLACEMENT_3D('',#3281,#2638,#2639);
#2421=AXIS2_PLACEMENT_3D('',#3283,#2640,#2641);
#2422=AXIS2_PLACEMENT_3D('',#3284,#2642,#2643);
#2423=AXIS2_PLACEMENT_3D('',#3286,#2644,#2645);
#2424=AXIS2_PLACEMENT_3D('',#3295,#2650,#2651);
#2425=AXIS2_PLACEMENT_3D('',#3301,#2655,#2656);
#2426=AXIS2_PLACEMENT_3D('',#3307,#2660,#2661);
#2427=AXIS2_PLACEMENT_3D('',#3313,#2665,#2666);
#2428=AXIS2_PLACEMENT_3D('',#3319,#2670,#2671);
#2429=AXIS2_PLACEMENT_3D('',#3325,#2675,#2676);
#2430=AXIS2_PLACEMENT_3D('',#3328,#2679,#2680);
#2431=AXIS2_PLACEMENT_3D('',#3329,#2681,#2682);
#2432=AXIS2_PLACEMENT_3D('',#3330,#2683,#2684);
#2433=AXIS2_PLACEMENT_3D('',#3331,#2685,#2686);
#2434=AXIS2_PLACEMENT_3D('',#3333,#2687,#2688);
#2435=AXIS2_PLACEMENT_3D('',#3334,#2689,#2690);
#2436=AXIS2_PLACEMENT_3D('',#3335,#2691,#2692);
#2437=AXIS2_PLACEMENT_3D('',#3344,#2697,#2698);
#2438=AXIS2_PLACEMENT_3D('',#3366,#2709,#2710);
#2439=AXIS2_PLACEMENT_3D('',#3367,#2711,#2712);
#2440=AXIS2_PLACEMENT_3D('',#3373,#2715,#2716);
#2441=AXIS2_PLACEMENT_3D('',#3386,#2723,#2724);
#2442=AXIS2_PLACEMENT_3D('',#3409,#2736,#2737);
#2443=AXIS2_PLACEMENT_3D('',#3415,#2740,#2741);
#2444=AXIS2_PLACEMENT_3D('',#3435,#2752,#2753);
#2445=AXIS2_PLACEMENT_3D('',#3444,#2758,#2759);
#2446=AXIS2_PLACEMENT_3D('',#3447,#2762,#2763);
#2447=AXIS2_PLACEMENT_3D('',#3450,#2766,#2767);
#2448=AXIS2_PLACEMENT_3D('',#3453,#2770,#2771);
#2449=AXIS2_PLACEMENT_3D('',#3456,#2774,#2775);
#2450=AXIS2_PLACEMENT_3D('',#3458,#2777,#2778);
#2451=AXIS2_PLACEMENT_3D('',#3459,#2779,#2780);
#2452=AXIS2_PLACEMENT_3D('',#3471,#2788,#2789);
#2453=AXIS2_PLACEMENT_3D('',#3474,#2792,#2793);
#2454=AXIS2_PLACEMENT_3D('',#3476,#2795,#2796);
#2455=AXIS2_PLACEMENT_3D('',#3477,#2797,#2798);
#2456=AXIS2_PLACEMENT_3D('',#3479,#2800,#2801);
#2457=AXIS2_PLACEMENT_3D('',#3490,#2808,#2809);
#2458=AXIS2_PLACEMENT_3D('',#3492,#2811,#2812);
#2459=AXIS2_PLACEMENT_3D('',#3494,#2814,#2815);
#2460=AXIS2_PLACEMENT_3D('',#3495,#2816,#2817);
#2461=AXIS2_PLACEMENT_3D('',#3497,#2819,#2820);
#2462=AXIS2_PLACEMENT_3D('',#3499,#2822,#2823);
#2463=AXIS2_PLACEMENT_3D('',#3500,#2824,#2825);
#2464=AXIS2_PLACEMENT_3D('',#3502,#2827,#2828);
#2465=AXIS2_PLACEMENT_3D('',#3504,#2830,#2831);
#2466=AXIS2_PLACEMENT_3D('',#3505,#2832,#2833);
#2467=AXIS2_PLACEMENT_3D('',#3508,#2836,#2837);
#2468=AXIS2_PLACEMENT_3D('',#3509,#2838,#2839);
#2469=AXIS2_PLACEMENT_3D('',#3510,#2840,#2841);
#2470=AXIS2_PLACEMENT_3D('',#3512,#2843,#2844);
#2471=AXIS2_PLACEMENT_3D('',#3514,#2846,#2847);
#2472=AXIS2_PLACEMENT_3D('',#3515,#2848,#2849);
#2473=AXIS2_PLACEMENT_3D('',#3516,#2850,#2851);
#2474=AXIS2_PLACEMENT_3D('',#3517,#2852,#2853);
#2475=AXIS2_PLACEMENT_3D('',#3518,#2854,#2855);
#2476=AXIS2_PLACEMENT_3D('',#3520,#2856,#2857);
#2477=AXIS2_PLACEMENT_3D('',#3522,#2858,#2859);
#2478=AXIS2_PLACEMENT_3D('',#3523,#2860,#2861);
#2479=AXIS2_PLACEMENT_3D('',#3525,#2862,#2863);
#2480=AXIS2_PLACEMENT_3D('',#3527,#2864,#2865);
#2481=AXIS2_PLACEMENT_3D('',#3528,#2866,#2867);
#2482=AXIS2_PLACEMENT_3D('',#3529,#2868,#2869);
#2483=AXIS2_PLACEMENT_3D('',#3530,#2870,#2871);
#2484=AXIS2_PLACEMENT_3D('',#3531,#2872,#2873);
#2485=AXIS2_PLACEMENT_3D('',#3532,#2874,#2875);
#2486=AXIS2_PLACEMENT_3D('',#3549,#2884,#2885);
#2487=AXIS2_PLACEMENT_3D('',#3563,#2893,#2894);
#2488=AXIS2_PLACEMENT_3D('',#3565,#2895,#2896);
#2489=AXIS2_PLACEMENT_3D('',#3567,#2897,#2898);
#2490=AXIS2_PLACEMENT_3D('',#3569,#2899,#2900);
#2491=AXIS2_PLACEMENT_3D('',#3571,#2901,#2902);
#2492=AXIS2_PLACEMENT_3D('',#3573,#2903,#2904);
#2493=AXIS2_PLACEMENT_3D('',#3575,#2905,#2906);
#2494=AXIS2_PLACEMENT_3D('',#3584,#2911,#2912);
#2495=AXIS2_PLACEMENT_3D('',#3590,#2916,#2917);
#2496=AXIS2_PLACEMENT_3D('',#3609,#2928,#2929);
#2497=AXIS2_PLACEMENT_3D('',#3612,#2932,#2933);
#2498=AXIS2_PLACEMENT_3D('',#3613,#2934,#2935);
#2499=AXIS2_PLACEMENT_3D('',#3615,#2936,#2937);
#2500=AXIS2_PLACEMENT_3D('',#3617,#2938,#2939);
#2501=AXIS2_PLACEMENT_3D('',#3619,#2940,#2941);
#2502=AXIS2_PLACEMENT_3D('',#3621,#2942,#2943);
#2503=AXIS2_PLACEMENT_3D('',#3623,#2944,#2945);
#2504=AXIS2_PLACEMENT_3D('',#3625,#2946,#2947);
#2505=AXIS2_PLACEMENT_3D('',#3626,#2948,#2949);
#2506=AXIS2_PLACEMENT_3D('',#3627,#2950,#2951);
#2507=AXIS2_PLACEMENT_3D('',#3628,#2952,#2953);
#2508=AXIS2_PLACEMENT_3D('',#3629,#2954,#2955);
#2509=AXIS2_PLACEMENT_3D('',#3633,#2958,#2959);
#2510=AXIS2_PLACEMENT_3D('',#3637,#2962,#2963);
#2511=AXIS2_PLACEMENT_3D('',#3640,#2966,#2967);
#2512=AXIS2_PLACEMENT_3D('',#3644,#2970,#2971);
#2513=AXIS2_PLACEMENT_3D('',#3646,#2973,#2974);
#2514=AXIS2_PLACEMENT_3D('',#3650,#2977,#2978);
#2515=AXIS2_PLACEMENT_3D('',#3652,#2980,#2981);
#2516=AXIS2_PLACEMENT_3D('',#3653,#2982,#2983);
#2517=AXIS2_PLACEMENT_3D('',#3654,#2984,#2985);
#2518=AXIS2_PLACEMENT_3D('',#3655,#2986,#2987);
#2519=AXIS2_PLACEMENT_3D('',#3656,#2988,#2989);
#2520=AXIS2_PLACEMENT_3D('',#3667,#2995,#2996);
#2521=AXIS2_PLACEMENT_3D('',#3668,#2997,#2998);
#2522=AXIS2_PLACEMENT_3D('',#3672,#3001,#3002);
#2523=AXIS2_PLACEMENT_3D('',#3678,#3005,#3006);
#2524=AXIS2_PLACEMENT_3D('',#3682,#3009,#3010);
#2525=AXIS2_PLACEMENT_3D('',#3684,#3012,#3013);
#2526=AXIS2_PLACEMENT_3D('',#3686,#3015,#3016);
#2527=AXIS2_PLACEMENT_3D('',#3688,#3018,#3019);
#2528=AXIS2_PLACEMENT_3D('',#3690,#3021,#3022);
#2529=AXIS2_PLACEMENT_3D('',#3691,#3023,#3024);
#2530=AXIS2_PLACEMENT_3D('',#3692,#3025,#3026);
#2531=AXIS2_PLACEMENT_3D('',#3701,#3031,#3032);
#2532=AXIS2_PLACEMENT_3D('',#3707,#3036,#3037);
#2533=AXIS2_PLACEMENT_3D('',#3713,#3041,#3042);
#2534=AXIS2_PLACEMENT_3D('',#3716,#3045,#3046);
#2535=AXIS2_PLACEMENT_3D('',#3717,#3047,#3048);
#2536=AXIS2_PLACEMENT_3D('',#3718,#3049,#3050);
#2537=AXIS2_PLACEMENT_3D('',#3719,#3051,#3052);
#2538=AXIS2_PLACEMENT_3D('',#3728,#3057,#3058);
#2539=AXIS2_PLACEMENT_3D('',#3729,#3059,#3060);
#2540=AXIS2_PLACEMENT_3D('',#3731,#3061,#3062);
#2541=AXIS2_PLACEMENT_3D('',#3733,#3063,#3064);
#2542=AXIS2_PLACEMENT_3D('',#3735,#3065,#3066);
#2543=AXIS2_PLACEMENT_3D('',#3737,#3067,#3068);
#2544=AXIS2_PLACEMENT_3D('',#3739,#3069,#3070);
#2545=AXIS2_PLACEMENT_3D('',#3741,#3071,#3072);
#2546=AXIS2_PLACEMENT_3D('',#3743,#3073,#3074);
#2547=AXIS2_PLACEMENT_3D('',#3745,#3075,#3076);
#2548=AXIS2_PLACEMENT_3D('',#3747,#3077,#3078);
#2549=AXIS2_PLACEMENT_3D('',#3749,#3079,#3080);
#2550=AXIS2_PLACEMENT_3D('',#3751,#3081,#3082);
#2551=AXIS2_PLACEMENT_3D('',#3753,#3083,#3084);
#2552=AXIS2_PLACEMENT_3D('',#3755,#3085,#3086);
#2553=AXIS2_PLACEMENT_3D('',#3757,#3087,#3088);
#2554=AXIS2_PLACEMENT_3D('',#3759,#3089,#3090);
#2555=AXIS2_PLACEMENT_3D('',#3769,#3095,#3096);
#2556=AXIS2_PLACEMENT_3D('',#3775,#3100,#3101);
#2557=AXIS2_PLACEMENT_3D('',#3779,#3104,#3105);
#2558=AXIS2_PLACEMENT_3D('',#3783,#3108,#3109);
#2559=AXIS2_PLACEMENT_3D('',#3784,#3110,#3111);
#2560=AXIS2_PLACEMENT_3D('',#3786,#3112,#3113);
#2561=AXIS2_PLACEMENT_3D('',#3788,#3114,#3115);
#2562=AXIS2_PLACEMENT_3D('',#3790,#3116,#3117);
#2563=AXIS2_PLACEMENT_3D('',#3792,#3118,#3119);
#2564=AXIS2_PLACEMENT_3D('',#3794,#3120,#3121);
#2565=AXIS2_PLACEMENT_3D('',#3796,#3122,#3123);
#2566=AXIS2_PLACEMENT_3D('',#3798,#3124,#3125);
#2567=AXIS2_PLACEMENT_3D('',#3800,#3126,#3127);
#2568=AXIS2_PLACEMENT_3D('',#3802,#3128,#3129);
#2569=AXIS2_PLACEMENT_3D('',#3804,#3130,#3131);
#2570=AXIS2_PLACEMENT_3D('',#3806,#3132,#3133);
#2571=AXIS2_PLACEMENT_3D('',#3808,#3134,#3135);
#2572=AXIS2_PLACEMENT_3D('',#3810,#3136,#3137);
#2573=AXIS2_PLACEMENT_3D('',#3812,#3138,#3139);
#2574=AXIS2_PLACEMENT_3D('',#3814,#3140,#3141);
#2575=AXIS2_PLACEMENT_3D('',#3817,#3143,#3144);
#2576=AXIS2_PLACEMENT_3D('',#3818,#3145,#3146);
#2577=AXIS2_PLACEMENT_3D('',#3819,#3147,#3148);
#2578=AXIS2_PLACEMENT_3D('',#3820,#3149,#3150);
#2579=AXIS2_PLACEMENT_3D('',#3821,#3151,#3152);
#2580=AXIS2_PLACEMENT_3D('',#3822,#3153,#3154);
#2581=AXIS2_PLACEMENT_3D('',#3823,#3155,#3156);
#2582=AXIS2_PLACEMENT_3D('',#3824,#3157,#3158);
#2583=AXIS2_PLACEMENT_3D('',#3825,#3159,#3160);
#2584=AXIS2_PLACEMENT_3D('',#3826,#3161,#3162);
#2585=AXIS2_PLACEMENT_3D('',#3827,#3163,#3164);
#2586=AXIS2_PLACEMENT_3D('',#3828,#3165,#3166);
#2587=AXIS2_PLACEMENT_3D('',#3829,#3167,#3168);
#2588=AXIS2_PLACEMENT_3D('',#3830,#3169,#3170);
#2589=AXIS2_PLACEMENT_3D('',#3831,#3171,#3172);
#2590=AXIS2_PLACEMENT_3D('',#3832,#3173,#3174);
#2591=AXIS2_PLACEMENT_3D('',#3833,#3175,#3176);
#2592=AXIS2_PLACEMENT_3D('',#3842,#3181,#3182);
#2593=AXIS2_PLACEMENT_3D('',#3853,#3189,#3190);
#2594=AXIS2_PLACEMENT_3D('',#3859,#3194,#3195);
#2595=AXIS2_PLACEMENT_3D('',#3867,#3201,#3202);
#2596=AXIS2_PLACEMENT_3D('',#3868,#3203,#3204);
#2597=AXIS2_PLACEMENT_3D('',#3869,#3205,#3206);
#2598=AXIS2_PLACEMENT_3D('',#3872,#3208,#3209);
#2599=AXIS2_PLACEMENT_3D('',#3873,#3210,#3211);
#2600=AXIS2_PLACEMENT_3D('',#3874,#3212,#3213);
#2601=AXIS2_PLACEMENT_3D('',#3877,#3215,#3216);
#2602=AXIS2_PLACEMENT_3D('',#3878,#3217,#3218);
#2603=AXIS2_PLACEMENT_3D('',#3879,#3219,#3220);
#2604=AXIS2_PLACEMENT_3D('',#3880,#3221,#3222);
#2605=AXIS2_PLACEMENT_3D('',#3881,#3223,#3224);
#2606=AXIS2_PLACEMENT_3D('',#3882,#3225,#3226);
#2607=AXIS2_PLACEMENT_3D('',#3884,#3227,#3228);
#2608=AXIS2_PLACEMENT_3D('',#3887,#3229,#3230);
#2609=AXIS2_PLACEMENT_3D('',#3889,#3231,#3232);
#2610=AXIS2_PLACEMENT_3D('',#3890,#3233,#3234);
#2611=AXIS2_PLACEMENT_3D('',#3891,#3235,#3236);
#2612=AXIS2_PLACEMENT_3D('',#3892,#3237,#3238);
#2613=AXIS2_PLACEMENT_3D('',#3893,#3239,#3240);
#2614=AXIS2_PLACEMENT_3D('',#3894,#3241,#3242);
#2615=AXIS2_PLACEMENT_3D('',#3896,#3243,#3244);
#2616=AXIS2_PLACEMENT_3D('',#3897,#3245,#3246);
#2617=AXIS2_PLACEMENT_3D('',#3898,#3247,#3248);
#2618=AXIS2_PLACEMENT_3D('',#3899,#3249,#3250);
#2619=AXIS2_PLACEMENT_3D('',#3902,#3251,#3252);
#2620=AXIS2_PLACEMENT_3D('',#3904,#3253,#3254);
#2621=AXIS2_PLACEMENT_3D('',#3905,#3255,#3256);
#2622=AXIS2_PLACEMENT_3D('',#3906,#3257,#3258);
#2623=AXIS2_PLACEMENT_3D('',#3907,#3259,#3260);
#2624=AXIS2_PLACEMENT_3D('',#3908,#3261,#3262);
#2625=AXIS2_PLACEMENT_3D('',#3909,#3263,#3264);
#2626=AXIS2_PLACEMENT_3D('',#3911,#3265,#3266);
#2627=AXIS2_PLACEMENT_3D('',#3912,#3267,#3268);
#2628=AXIS2_PLACEMENT_3D('',#3913,#3269,#3270);
#2629=AXIS2_PLACEMENT_3D('',#3915,#3271,#3272);
#2630=AXIS2_PLACEMENT_3D('',#3916,#3273,#3274);
#2631=AXIS2_PLACEMENT_3D('',#3917,#3275,#3276);
#2632=DIRECTION('',(0.,0.,1.));
#2633=DIRECTION('',(1.,0.,0.));
#2634=DIRECTION('',(0.,0.,-1.));
#2635=DIRECTION('',(-1.,0.,0.));
#2636=DIRECTION('',(0.,0.,1.));
#2637=DIRECTION('',(1.,0.,0.));
#2638=DIRECTION('',(0.,0.,1.));
#2639=DIRECTION('',(1.,0.,0.));
#2640=DIRECTION('',(0.,0.,1.));
#2641=DIRECTION('',(1.,0.,0.));
#2642=DIRECTION('',(0.,0.,-1.));
#2643=DIRECTION('',(-1.,0.,0.));
#2644=DIRECTION('',(-0.184273801259742,-0.982874949405714,0.));
#2645=DIRECTION('',(0.982874949405714,-0.184273801259742,0.));
#2646=DIRECTION('',(-0.982874949405714,0.184273801259742,0.));
#2647=DIRECTION('',(0.,0.,-1.));
#2648=DIRECTION('',(-0.982874949405714,0.184273801259742,0.));
#2649=DIRECTION('',(0.,0.,-1.));
#2650=DIRECTION('',(0.653549742939366,-0.756883566675805,0.));
#2651=DIRECTION('',(0.756883566675805,0.653549742939366,0.));
#2652=DIRECTION('',(-0.756883566675805,-0.653549742939366,0.));
#2653=DIRECTION('',(0.,0.,-1.));
#2654=DIRECTION('',(-0.756883566675805,-0.653549742939366,0.));
#2655=DIRECTION('',(0.999237000719926,0.0390565793720555,0.));
#2656=DIRECTION('',(-0.0390565793720555,0.999237000719926,0.));
#2657=DIRECTION('',(0.0390565793720555,-0.999237000719927,0.));
#2658=DIRECTION('',(0.,0.,-1.));
#2659=DIRECTION('',(0.0390565793720555,-0.999237000719927,0.));
#2660=DIRECTION('',(0.592478416238198,0.805586324543731,0.));
#2661=DIRECTION('',(-0.805586324543731,0.592478416238198,0.));
#2662=DIRECTION('',(0.805586324543731,-0.592478416238198,0.));
#2663=DIRECTION('',(0.,0.,-1.));
#2664=DIRECTION('',(0.805586324543731,-0.592478416238198,0.));
#2665=DIRECTION('',(-0.260428500028066,0.965493136367697,0.));
#2666=DIRECTION('',(-0.965493136367697,-0.260428500028066,0.));
#2667=DIRECTION('',(0.965493136367697,0.260428500028066,0.));
#2668=DIRECTION('',(0.,0.,-1.));
#2669=DIRECTION('',(0.965493136367697,0.260428500028066,0.));
#2670=DIRECTION('',(-0.91722744399993,0.398363924035994,0.));
#2671=DIRECTION('',(-0.398363924035994,-0.91722744399993,0.));
#2672=DIRECTION('',(0.398363924035994,0.91722744399993,0.));
#2673=DIRECTION('',(0.,0.,-1.));
#2674=DIRECTION('',(0.398363924035994,0.91722744399993,0.));
#2675=DIRECTION('',(-0.883335414609752,-0.468741448237957,0.));
#2676=DIRECTION('',(0.468741448237958,-0.883335414609752,0.));
#2677=DIRECTION('',(-0.468741448237958,0.883335414609752,0.));
#2678=DIRECTION('',(-0.468741448237958,0.883335414609752,0.));
#2679=DIRECTION('',(0.,0.,1.));
#2680=DIRECTION('',(1.,0.,0.));
#2681=DIRECTION('',(0.,0.,1.));
#2682=DIRECTION('',(1.,0.,0.));
#2683=DIRECTION('',(0.,0.,-1.));
#2684=DIRECTION('',(-1.,0.,0.));
#2685=DIRECTION('',(0.,0.,1.));
#2686=DIRECTION('',(1.,0.,0.));
#2687=DIRECTION('',(0.,0.,1.));
#2688=DIRECTION('',(1.,0.,0.));
#2689=DIRECTION('',(0.,0.,-1.));
#2690=DIRECTION('',(1.,0.,0.));
#2691=DIRECTION('',(-1.,-2.18547839493141E-16,0.));
#2692=DIRECTION('',(2.18547839493141E-16,-1.,0.));
#2693=DIRECTION('',(-2.18547839493141E-16,1.,0.));
#2694=DIRECTION('',(0.,0.,1.));
#2695=DIRECTION('',(-2.18547839493141E-16,1.,0.));
#2696=DIRECTION('',(0.,0.,-1.));
#2697=DIRECTION('',(0.,0.,1.));
#2698=DIRECTION('',(1.,0.,0.));
#2699=DIRECTION('',(0.714880614579409,-0.699246527984635,0.));
#2700=DIRECTION('',(1.,2.18547839493141E-16,0.));
#2701=DIRECTION('',(2.18547839493141E-16,-1.,0.));
#2702=DIRECTION('',(1.,2.18547839493141E-16,0.));
#2703=DIRECTION('',(2.18547839493141E-16,-1.,0.));
#2704=DIRECTION('',(-1.,0.,0.));
#2705=DIRECTION('',(2.18547839493141E-16,-1.,0.));
#2706=DIRECTION('',(1.,2.18547839493141E-16,0.));
#2707=DIRECTION('',(2.18547839493141E-16,-1.,0.));
#2708=DIRECTION('',(-0.97061613365284,-0.240633167067243,0.));
#2709=DIRECTION('',(0.,0.,1.));
#2710=DIRECTION('',(1.,0.,0.));
#2711=DIRECTION('',(0.,0.,1.));
#2712=DIRECTION('',(1.,0.,0.));
#2713=DIRECTION('',(1.,2.18547839493141E-16,0.));
#2714=DIRECTION('',(0.714880614579409,-0.699246527984635,0.));
#2715=DIRECTION('',(0.,0.,1.));
#2716=DIRECTION('',(1.,0.,0.));
#2717=DIRECTION('',(-0.97061613365284,-0.240633167067243,0.));
#2718=DIRECTION('',(2.18547839493141E-16,-1.,0.));
#2719=DIRECTION('',(1.,2.18547839493141E-16,0.));
#2720=DIRECTION('',(2.18547839493141E-16,-1.,0.));
#2721=DIRECTION('',(1.,2.18547839493141E-16,0.));
#2722=DIRECTION('',(-0.970616133652841,0.240633167067241,0.));
#2723=DIRECTION('',(0.,0.,-1.));
#2724=DIRECTION('',(1.,0.,0.));
#2725=DIRECTION('',(0.714880614579409,0.699246527984635,0.));
#2726=DIRECTION('',(1.,2.18547839493141E-16,0.));
#2727=DIRECTION('',(-2.18547839493141E-16,1.,0.));
#2728=DIRECTION('',(1.,2.18547839493141E-16,0.));
#2729=DIRECTION('',(2.18547839493141E-16,-1.,0.));
#2730=DIRECTION('',(-1.,-2.18547839493141E-16,0.));
#2731=DIRECTION('',(2.18547839493141E-16,-1.,0.));
#2732=DIRECTION('',(1.,2.18547839493141E-16,0.));
#2733=DIRECTION('',(2.18547839493141E-16,-1.,0.));
#2734=DIRECTION('',(1.,2.18547839493141E-16,0.));
#2735=DIRECTION('',(2.18547839493141E-16,-1.,0.));
#2736=DIRECTION('',(0.,0.,1.));
#2737=DIRECTION('',(1.,0.,0.));
#2738=DIRECTION('',(1.,2.18547839493141E-16,0.));
#2739=DIRECTION('',(0.714880614579409,0.699246527984635,0.));
#2740=DIRECTION('',(0.,0.,-1.));
#2741=DIRECTION('',(1.,0.,0.));
#2742=DIRECTION('',(-0.970616133652841,0.240633167067241,0.));
#2743=DIRECTION('',(1.,2.18547839493141E-16,0.));
#2744=DIRECTION('',(-1.,0.,0.));
#2745=DIRECTION('',(2.18547839493141E-16,-1.,0.));
#2746=DIRECTION('',(1.,2.18547839493141E-16,0.));
#2747=DIRECTION('',(2.18547839493141E-16,-1.,0.));
#2748=DIRECTION('',(-1.,-2.18547839493141E-16,0.));
#2749=DIRECTION('',(2.18547839493141E-16,-1.,0.));
#2750=DIRECTION('',(1.,2.18547839493141E-16,0.));
#2751=DIRECTION('',(-2.18547839493141E-16,1.,0.));
#2752=DIRECTION('',(0.,0.,1.));
#2753=DIRECTION('',(1.,0.,0.));
#2754=DIRECTION('',(-1.,0.,0.));
#2755=DIRECTION('',(2.18547839493141E-16,-1.,0.));
#2756=DIRECTION('',(-1.,0.,0.));
#2757=DIRECTION('',(2.18547839493141E-16,-1.,0.));
#2758=DIRECTION('',(-1.,-2.18547839493141E-16,0.));
#2759=DIRECTION('',(2.18547839493141E-16,-1.,0.));
#2760=DIRECTION('',(-7.46299346048745E-32,3.41480999208033E-16,-1.));
#2761=DIRECTION('',(0.,0.,-1.));
#2762=DIRECTION('',(2.18547839493141E-16,-1.,0.));
#2763=DIRECTION('',(1.,2.18547839493141E-16,0.));
#2764=DIRECTION('',(0.,0.,-1.));
#2765=DIRECTION('',(0.,0.,-1.));
#2766=DIRECTION('',(2.18547839493141E-16,-1.,0.));
#2767=DIRECTION('',(1.,2.18547839493141E-16,0.));
#2768=DIRECTION('',(0.,0.,-1.));
#2769=DIRECTION('',(0.,0.,-1.));
#2770=DIRECTION('',(-2.18547839493141E-16,1.,0.));
#2771=DIRECTION('',(-1.,-2.18547839493141E-16,0.));
#2772=DIRECTION('',(0.,0.,1.));
#2773=DIRECTION('',(0.,0.,1.));
#2774=DIRECTION('',(-1.,-2.18547839493141E-16,0.));
#2775=DIRECTION('',(2.18547839493141E-16,-1.,0.));
#2776=DIRECTION('',(0.,0.,1.));
#2777=DIRECTION('',(-1.,-2.18547839493141E-16,0.));
#2778=DIRECTION('',(2.18547839493141E-16,-1.,0.));
#2779=DIRECTION('',(-1.,-2.18547839493141E-16,0.));
#2780=DIRECTION('',(2.18547839493141E-16,-1.,0.));
#2781=DIRECTION('',(0.,0.,-1.));
#2782=DIRECTION('',(0.,0.,1.));
#2783=DIRECTION('',(2.18547839493141E-16,-1.,0.));
#2784=DIRECTION('',(0.,0.,1.));
#2785=DIRECTION('',(0.,0.,1.));
#2786=DIRECTION('',(2.18547839493141E-16,-1.,0.));
#2787=DIRECTION('',(0.,0.,1.));
#2788=DIRECTION('',(2.18547839493141E-16,-1.,0.));
#2789=DIRECTION('',(1.,2.18547839493141E-16,0.));
#2790=DIRECTION('',(0.,0.,-1.));
#2791=DIRECTION('',(0.,0.,-1.));
#2792=DIRECTION('',(-2.18547839493141E-16,1.,0.));
#2793=DIRECTION('',(-1.,-2.18547839493141E-16,0.));
#2794=DIRECTION('',(0.,0.,1.));
#2795=DIRECTION('',(-1.,-2.18547839493141E-16,0.));
#2796=DIRECTION('',(2.18547839493141E-16,-1.,0.));
#2797=DIRECTION('',(2.18547839493141E-16,-1.,0.));
#2798=DIRECTION('',(1.,2.18547839493141E-16,0.));
#2799=DIRECTION('',(0.,0.,1.));
#2800=DIRECTION('',(-1.,-2.18547839493141E-16,0.));
#2801=DIRECTION('',(2.18547839493141E-16,-1.,0.));
#2802=DIRECTION('',(0.,0.,1.));
#2803=DIRECTION('',(2.18547839493141E-16,-1.,0.));
#2804=DIRECTION('',(0.,0.,1.));
#2805=DIRECTION('',(0.,0.,1.));
#2806=DIRECTION('',(2.18547839493141E-16,-1.,0.));
#2807=DIRECTION('',(0.,0.,1.));
#2808=DIRECTION('',(-2.18547839493141E-16,1.,0.));
#2809=DIRECTION('',(-1.,-2.18547839493141E-16,0.));
#2810=DIRECTION('',(0.,0.,-1.));
#2811=DIRECTION('',(-2.18547839493141E-16,1.,3.41480999208033E-16));
#2812=DIRECTION('',(0.,-3.41480999208033E-16,1.));
#2813=DIRECTION('',(-7.46299346048745E-32,3.41480999208033E-16,-1.));
#2814=DIRECTION('',(1.,2.18547839493141E-16,0.));
#2815=DIRECTION('',(-2.18547839493141E-16,1.,0.));
#2816=DIRECTION('',(0.,1.,0.));
#2817=DIRECTION('',(0.,0.,1.));
#2818=DIRECTION('',(-1.,0.,0.));
#2819=DIRECTION('',(0.,1.,0.));
#2820=DIRECTION('',(0.,0.,1.));
#2821=DIRECTION('',(-1.,0.,0.));
#2822=DIRECTION('',(0.,0.,-1.));
#2823=DIRECTION('',(1.,0.,0.));
#2824=DIRECTION('',(0.,1.,0.));
#2825=DIRECTION('',(0.,0.,1.));
#2826=DIRECTION('',(-1.,0.,0.));
#2827=DIRECTION('',(0.,1.,0.));
#2828=DIRECTION('',(0.,0.,1.));
#2829=DIRECTION('',(-1.,0.,0.));
#2830=DIRECTION('',(0.,0.,-1.));
#2831=DIRECTION('',(1.,0.,0.));
#2832=DIRECTION('',(0.,0.,1.));
#2833=DIRECTION('',(1.,0.,0.));
#2834=DIRECTION('',(0.,0.,1.));
#2835=DIRECTION('',(0.,0.,1.));
#2836=DIRECTION('',(0.240633167067241,0.970616133652841,0.));
#2837=DIRECTION('',(-0.970616133652841,0.240633167067241,0.));
#2838=DIRECTION('',(0.699246527984635,-0.714880614579409,0.));
#2839=DIRECTION('',(0.714880614579409,0.699246527984635,0.));
#2840=DIRECTION('',(-0.699246527984635,-0.714880614579409,0.));
#2841=DIRECTION('',(0.714880614579409,-0.699246527984635,0.));
#2842=DIRECTION('',(0.,0.,1.));
#2843=DIRECTION('',(-0.240633167067243,0.97061613365284,0.));
#2844=DIRECTION('',(-0.97061613365284,-0.240633167067243,0.));
#2845=DIRECTION('',(0.,0.,1.));
#2846=DIRECTION('',(0.,0.,1.));
#2847=DIRECTION('',(1.,0.,0.));
#2848=DIRECTION('',(0.,0.,1.));
#2849=DIRECTION('',(1.,0.,0.));
#2850=DIRECTION('',(0.,0.,-1.));
#2851=DIRECTION('',(1.,0.,0.));
#2852=DIRECTION('',(0.,0.,-1.));
#2853=DIRECTION('',(-1.,0.,0.));
#2854=DIRECTION('',(0.,0.,1.));
#2855=DIRECTION('',(1.,0.,0.));
#2856=DIRECTION('',(0.,0.,1.));
#2857=DIRECTION('',(1.,0.,0.));
#2858=DIRECTION('',(0.,0.,-1.));
#2859=DIRECTION('',(-1.,0.,0.));
#2860=DIRECTION('',(0.,0.,1.));
#2861=DIRECTION('',(1.,0.,0.));
#2862=DIRECTION('',(0.,0.,1.));
#2863=DIRECTION('',(1.,0.,0.));
#2864=DIRECTION('',(0.,0.,1.));
#2865=DIRECTION('',(1.,0.,0.));
#2866=DIRECTION('',(0.,0.,1.));
#2867=DIRECTION('',(1.,0.,0.));
#2868=DIRECTION('',(1.,0.,0.));
#2869=DIRECTION('',(0.,1.,0.));
#2870=DIRECTION('',(-1.,0.,0.));
#2871=DIRECTION('',(0.,-1.,0.));
#2872=DIRECTION('',(0.,0.,-1.));
#2873=DIRECTION('',(1.,0.,0.));
#2874=DIRECTION('',(1.,2.18547839493141E-16,0.));
#2875=DIRECTION('',(-2.18547839493141E-16,1.,0.));
#2876=DIRECTION('',(-2.18547839493141E-16,1.,0.));
#2877=DIRECTION('',(0.,0.,-1.));
#2878=DIRECTION('',(-2.18547839493141E-16,1.,0.));
#2879=DIRECTION('',(0.,0.,-1.));
#2880=DIRECTION('',(0.,0.,-1.));
#2881=DIRECTION('',(2.18547839493141E-16,-1.,0.));
#2882=DIRECTION('',(0.,0.,-1.));
#2883=DIRECTION('',(2.18547839493141E-16,-1.,0.));
#2884=DIRECTION('',(0.,0.,1.));
#2885=DIRECTION('',(1.,0.,0.));
#2886=DIRECTION('',(1.,2.18547839493141E-16,0.));
#2887=DIRECTION('',(2.18547839493141E-16,-1.,0.));
#2888=DIRECTION('',(-1.,0.,0.));
#2889=DIRECTION('',(0.,1.,0.));
#2890=DIRECTION('',(-1.,0.,0.));
#2891=DIRECTION('',(2.18547839493141E-16,-1.,0.));
#2892=DIRECTION('',(1.,2.18547839493141E-16,0.));
#2893=DIRECTION('',(0.,0.,-1.));
#2894=DIRECTION('',(-1.,0.,0.));
#2895=DIRECTION('',(0.,0.,-1.));
#2896=DIRECTION('',(-1.,0.,0.));
#2897=DIRECTION('',(0.,0.,1.));
#2898=DIRECTION('',(1.,0.,0.));
#2899=DIRECTION('',(0.,0.,1.));
#2900=DIRECTION('',(1.,0.,0.));
#2901=DIRECTION('',(0.,0.,1.));
#2902=DIRECTION('',(1.,0.,0.));
#2903=DIRECTION('',(0.,0.,1.));
#2904=DIRECTION('',(1.,0.,0.));
#2905=DIRECTION('',(1.,1.82123199577617E-16,0.));
#2906=DIRECTION('',(-1.82123199577617E-16,1.,0.));
#2907=DIRECTION('',(1.82123199577617E-16,-1.,0.));
#2908=DIRECTION('',(0.,0.,-1.));
#2909=DIRECTION('',(1.82123199577617E-16,-1.,0.));
#2910=DIRECTION('',(0.,0.,-1.));
#2911=DIRECTION('',(0.,-1.,0.));
#2912=DIRECTION('',(0.,0.,-1.));
#2913=DIRECTION('',(-1.,0.,0.));
#2914=DIRECTION('',(0.,0.,-1.));
#2915=DIRECTION('',(-1.,0.,0.));
#2916=DIRECTION('',(-1.,0.,0.));
#2917=DIRECTION('',(0.,0.,1.));
#2918=DIRECTION('',(0.,1.,0.));
#2919=DIRECTION('',(0.,0.,-1.));
#2920=DIRECTION('',(0.,1.,0.));
#2921=DIRECTION('',(0.,0.,-1.));
#2922=DIRECTION('',(0.,1.,0.));
#2923=DIRECTION('',(0.,0.,-1.));
#2924=DIRECTION('',(0.,0.,-1.));
#2925=DIRECTION('',(0.,-1.,0.));
#2926=DIRECTION('',(0.,0.,-1.));
#2927=DIRECTION('',(0.,1.,0.));
#2928=DIRECTION('',(2.73184799366426E-16,-1.,0.));
#2929=DIRECTION('',(1.,2.73184799366426E-16,0.));
#2930=DIRECTION('',(-1.,-2.73184799366426E-16,0.));
#2931=DIRECTION('',(-1.,-2.73184799366426E-16,0.));
#2932=DIRECTION('',(0.,0.,1.));
#2933=DIRECTION('',(1.,0.,0.));
#2934=DIRECTION('',(0.,0.,-1.));
#2935=DIRECTION('',(-1.,0.,0.));
#2936=DIRECTION('',(0.,0.,-1.));
#2937=DIRECTION('',(-1.,0.,0.));
#2938=DIRECTION('',(0.,0.,1.));
#2939=DIRECTION('',(1.,0.,0.));
#2940=DIRECTION('',(0.,0.,1.));
#2941=DIRECTION('',(1.,0.,0.));
#2942=DIRECTION('',(0.,0.,1.));
#2943=DIRECTION('',(1.,0.,0.));
#2944=DIRECTION('',(0.,0.,1.));
#2945=DIRECTION('',(1.,0.,0.));
#2946=DIRECTION('',(0.,0.,1.));
#2947=DIRECTION('',(1.,0.,0.));
#2948=DIRECTION('',(0.,0.,1.));
#2949=DIRECTION('',(1.,0.,0.));
#2950=DIRECTION('',(0.,0.,1.));
#2951=DIRECTION('',(1.,0.,0.));
#2952=DIRECTION('',(0.,0.,1.));
#2953=DIRECTION('',(1.,0.,0.));
#2954=DIRECTION('',(0.,-1.,0.));
#2955=DIRECTION('',(0.,0.,-1.));
#2956=DIRECTION('',(1.,2.18547839493141E-16,0.));
#2957=DIRECTION('',(0.,0.,-1.));
#2958=DIRECTION('',(0.,-1.,0.));
#2959=DIRECTION('',(0.,0.,-1.));
#2960=DIRECTION('',(0.,0.,-1.));
#2961=DIRECTION('',(1.,2.18547839493141E-16,0.));
#2962=DIRECTION('',(0.,0.,1.));
#2963=DIRECTION('',(1.,0.,0.));
#2964=DIRECTION('',(1.,2.18547839493141E-16,0.));
#2965=DIRECTION('',(1.,2.18547839493141E-16,0.));
#2966=DIRECTION('',(0.,0.,1.));
#2967=DIRECTION('',(1.,0.,0.));
#2968=DIRECTION('',(2.18547839493141E-16,-1.,0.));
#2969=DIRECTION('',(1.,2.18547839493141E-16,0.));
#2970=DIRECTION('',(2.18547839493141E-16,-1.,0.));
#2971=DIRECTION('',(1.,2.18547839493141E-16,0.));
#2972=DIRECTION('',(0.,0.,-1.));
#2973=DIRECTION('',(0.,0.,-1.));
#2974=DIRECTION('',(-1.,0.,0.));
#2975=DIRECTION('',(-2.18547839493141E-16,1.,0.));
#2976=DIRECTION('',(1.,2.18547839493141E-16,0.));
#2977=DIRECTION('',(2.18547839493141E-16,-1.,0.));
#2978=DIRECTION('',(1.,2.18547839493141E-16,0.));
#2979=DIRECTION('',(0.,0.,-1.));
#2980=DIRECTION('',(0.,0.,-1.));
#2981=DIRECTION('',(-1.,0.,0.));
#2982=DIRECTION('',(0.,0.,-1.));
#2983=DIRECTION('',(-1.,0.,0.));
#2984=DIRECTION('',(-1.,-2.18547839493141E-16,0.));
#2985=DIRECTION('',(2.18547839493141E-16,-1.,0.));
#2986=DIRECTION('',(-1.,-2.18547839493141E-16,0.));
#2987=DIRECTION('',(2.18547839493141E-16,-1.,0.));
#2988=DIRECTION('',(2.18547839493141E-16,-1.,0.));
#2989=DIRECTION('',(1.,2.18547839493141E-16,0.));
#2990=DIRECTION('',(0.640184399664479,1.39910917423885E-16,-0.768221279597377));
#2991=DIRECTION('',(0.,0.,-1.));
#2992=DIRECTION('',(1.,2.18547839493141E-16,0.));
#2993=DIRECTION('',(1.,2.18547839493141E-16,0.));
#2994=DIRECTION('',(0.762089724206285,1.66553062725207E-16,0.647471429685658));
#2995=DIRECTION('',(2.18547839493141E-16,-1.,0.));
#2996=DIRECTION('',(1.,2.18547839493141E-16,0.));
#2997=DIRECTION('',(0.,0.,-1.));
#2998=DIRECTION('',(-1.,0.,0.));
#2999=DIRECTION('',(1.,2.18547839493141E-16,0.));
#3000=DIRECTION('',(2.18547839493141E-16,-1.,0.));
#3001=DIRECTION('',(2.18547839493141E-16,-1.,0.));
#3002=DIRECTION('',(1.,2.18547839493141E-16,0.));
#3003=DIRECTION('',(0.,0.,-1.));
#3004=DIRECTION('',(0.640184399664479,1.39910917423885E-16,-0.768221279597377));
#3005=DIRECTION('',(2.18547839493141E-16,-1.,0.));
#3006=DIRECTION('',(1.,2.18547839493141E-16,0.));
#3007=DIRECTION('',(0.762089724206285,1.66553062725207E-16,0.647471429685658));
#3008=DIRECTION('',(1.,2.18547839493141E-16,0.));
#3009=DIRECTION('',(0.,0.,-1.));
#3010=DIRECTION('',(-1.,0.,0.));
#3011=DIRECTION('',(-2.18547839493141E-16,1.,0.));
#3012=DIRECTION('',(-1.,-2.18547839493141E-16,0.));
#3013=DIRECTION('',(2.18547839493141E-16,-1.,0.));
#3014=DIRECTION('',(-2.18547839493141E-16,1.,0.));
#3015=DIRECTION('',(-0.768221279597377,-1.67893100908663E-16,-0.640184399664479));
#3016=DIRECTION('',(-0.640184399664479,0.,0.768221279597377));
#3017=DIRECTION('',(2.18547839493141E-16,-1.,0.));
#3018=DIRECTION('',(2.18547839493141E-16,-1.,0.));
#3019=DIRECTION('',(1.,2.18547839493141E-16,0.));
#3020=DIRECTION('',(2.18547839493141E-16,-1.,0.));
#3021=DIRECTION('',(0.647471429685658,1.41503482091336E-16,-0.762089724206284));
#3022=DIRECTION('',(-0.762089724206284,0.,-0.647471429685658));
#3023=DIRECTION('',(0.,0.,1.));
#3024=DIRECTION('',(1.,0.,0.));
#3025=DIRECTION('',(1.,0.,0.));
#3026=DIRECTION('',(0.,0.,-1.));
#3027=DIRECTION('',(0.,0.,-1.));
#3028=DIRECTION('',(0.,1.,0.));
#3029=DIRECTION('',(0.,0.,-1.));
#3030=DIRECTION('',(0.,1.,0.));
#3031=DIRECTION('',(0.,0.,-1.));
#3032=DIRECTION('',(-1.,0.,0.));
#3033=DIRECTION('',(-1.,0.,0.));
#3034=DIRECTION('',(0.,1.,0.));
#3035=DIRECTION('',(-1.,0.,0.));
#3036=DIRECTION('',(1.,0.,0.));
#3037=DIRECTION('',(0.,0.,-1.));
#3038=DIRECTION('',(0.,0.,-1.));
#3039=DIRECTION('',(0.,1.,0.));
#3040=DIRECTION('',(0.,0.,-1.));
#3041=DIRECTION('',(0.,0.,-1.));
#3042=DIRECTION('',(-1.,0.,0.));
#3043=DIRECTION('',(-1.,0.,0.));
#3044=DIRECTION('',(-1.,0.,0.));
#3045=DIRECTION('',(0.,-1.,0.));
#3046=DIRECTION('',(1.,0.,0.));
#3047=DIRECTION('',(0.,-1.,0.));
#3048=DIRECTION('',(1.,0.,0.));
#3049=DIRECTION('',(0.,0.,1.));
#3050=DIRECTION('',(1.,0.,0.));
#3051=DIRECTION('',(1.,0.,0.));
#3052=DIRECTION('',(0.,1.,0.));
#3053=DIRECTION('',(0.,1.,0.));
#3054=DIRECTION('',(0.,0.,-1.));
#3055=DIRECTION('',(0.,1.,0.));
#3056=DIRECTION('',(0.,0.,1.));
#3057=DIRECTION('',(0.,-1.,0.));
#3058=DIRECTION('',(1.,0.,0.));
#3059=DIRECTION('',(0.,-1.,0.));
#3060=DIRECTION('',(0.,0.,-1.));
#3061=DIRECTION('',(0.,-1.,0.));
#3062=DIRECTION('',(0.,0.,-1.));
#3063=DIRECTION('',(0.,-1.,0.));
#3064=DIRECTION('',(0.,0.,-1.));
#3065=DIRECTION('',(0.,-1.,0.));
#3066=DIRECTION('',(0.,0.,-1.));
#3067=DIRECTION('',(0.,-1.,0.));
#3068=DIRECTION('',(0.,0.,-1.));
#3069=DIRECTION('',(0.,-1.,0.));
#3070=DIRECTION('',(0.,0.,-1.));
#3071=DIRECTION('',(0.,-1.,0.));
#3072=DIRECTION('',(0.,0.,-1.));
#3073=DIRECTION('',(0.,-1.,0.));
#3074=DIRECTION('',(0.,0.,-1.));
#3075=DIRECTION('',(0.,-1.,0.));
#3076=DIRECTION('',(0.,0.,-1.));
#3077=DIRECTION('',(0.,-1.,0.));
#3078=DIRECTION('',(0.,0.,-1.));
#3079=DIRECTION('',(0.,-1.,0.));
#3080=DIRECTION('',(0.,0.,-1.));
#3081=DIRECTION('',(0.,-1.,0.));
#3082=DIRECTION('',(0.,0.,-1.));
#3083=DIRECTION('',(0.,-1.,0.));
#3084=DIRECTION('',(0.,0.,-1.));
#3085=DIRECTION('',(0.,-1.,0.));
#3086=DIRECTION('',(0.,0.,-1.));
#3087=DIRECTION('',(0.,-1.,0.));
#3088=DIRECTION('',(0.,0.,-1.));
#3089=DIRECTION('',(0.,-1.,0.));
#3090=DIRECTION('',(0.,0.,-1.));
#3091=DIRECTION('',(-1.,0.,0.));
#3092=DIRECTION('',(0.,0.,1.));
#3093=DIRECTION('',(1.,0.,0.));
#3094=DIRECTION('',(0.,0.,-1.));
#3095=DIRECTION('',(0.,0.,1.));
#3096=DIRECTION('',(1.,0.,0.));
#3097=DIRECTION('',(1.,0.,0.));
#3098=DIRECTION('',(0.,1.,0.));
#3099=DIRECTION('',(0.,1.,0.));
#3100=DIRECTION('',(1.,0.,0.));
#3101=DIRECTION('',(0.,0.,-1.));
#3102=DIRECTION('',(0.,0.,-1.));
#3103=DIRECTION('',(0.,1.,0.));
#3104=DIRECTION('',(0.,0.,-1.));
#3105=DIRECTION('',(-1.,0.,0.));
#3106=DIRECTION('',(-1.,0.,0.));
#3107=DIRECTION('',(0.,1.,0.));
#3108=DIRECTION('',(0.,-1.,0.));
#3109=DIRECTION('',(1.,0.,0.));
#3110=DIRECTION('',(0.,-1.,0.));
#3111=DIRECTION('',(0.,0.,-1.));
#3112=DIRECTION('',(0.,-1.,0.));
#3113=DIRECTION('',(0.,0.,-1.));
#3114=DIRECTION('',(0.,-1.,0.));
#3115=DIRECTION('',(0.,0.,-1.));
#3116=DIRECTION('',(0.,-1.,0.));
#3117=DIRECTION('',(0.,0.,-1.));
#3118=DIRECTION('',(0.,-1.,0.));
#3119=DIRECTION('',(0.,0.,-1.));
#3120=DIRECTION('',(0.,-1.,0.));
#3121=DIRECTION('',(0.,0.,-1.));
#3122=DIRECTION('',(0.,-1.,0.));
#3123=DIRECTION('',(0.,0.,-1.));
#3124=DIRECTION('',(0.,-1.,0.));
#3125=DIRECTION('',(0.,0.,-1.));
#3126=DIRECTION('',(0.,-1.,0.));
#3127=DIRECTION('',(0.,0.,-1.));
#3128=DIRECTION('',(0.,-1.,0.));
#3129=DIRECTION('',(0.,0.,-1.));
#3130=DIRECTION('',(0.,-1.,0.));
#3131=DIRECTION('',(0.,0.,-1.));
#3132=DIRECTION('',(0.,-1.,0.));
#3133=DIRECTION('',(0.,0.,-1.));
#3134=DIRECTION('',(0.,-1.,0.));
#3135=DIRECTION('',(0.,0.,-1.));
#3136=DIRECTION('',(0.,-1.,0.));
#3137=DIRECTION('',(0.,0.,-1.));
#3138=DIRECTION('',(0.,-1.,0.));
#3139=DIRECTION('',(0.,0.,-1.));
#3140=DIRECTION('',(0.,-1.,0.));
#3141=DIRECTION('',(0.,0.,-1.));
#3142=DIRECTION('',(0.,0.,-1.));
#3143=DIRECTION('',(0.,-1.,0.));
#3144=DIRECTION('',(0.,0.,-1.));
#3145=DIRECTION('',(0.,-1.,0.));
#3146=DIRECTION('',(0.,0.,-1.));
#3147=DIRECTION('',(0.,-1.,0.));
#3148=DIRECTION('',(0.,0.,-1.));
#3149=DIRECTION('',(0.,-1.,0.));
#3150=DIRECTION('',(0.,0.,-1.));
#3151=DIRECTION('',(0.,-1.,0.));
#3152=DIRECTION('',(0.,0.,-1.));
#3153=DIRECTION('',(0.,-1.,0.));
#3154=DIRECTION('',(0.,0.,-1.));
#3155=DIRECTION('',(0.,-1.,0.));
#3156=DIRECTION('',(0.,0.,-1.));
#3157=DIRECTION('',(0.,-1.,0.));
#3158=DIRECTION('',(0.,0.,-1.));
#3159=DIRECTION('',(0.,-1.,0.));
#3160=DIRECTION('',(0.,0.,-1.));
#3161=DIRECTION('',(0.,-1.,0.));
#3162=DIRECTION('',(0.,0.,-1.));
#3163=DIRECTION('',(0.,-1.,0.));
#3164=DIRECTION('',(0.,0.,-1.));
#3165=DIRECTION('',(0.,-1.,0.));
#3166=DIRECTION('',(0.,0.,-1.));
#3167=DIRECTION('',(0.,-1.,0.));
#3168=DIRECTION('',(0.,0.,-1.));
#3169=DIRECTION('',(0.,-1.,0.));
#3170=DIRECTION('',(0.,0.,-1.));
#3171=DIRECTION('',(0.,-1.,0.));
#3172=DIRECTION('',(0.,0.,-1.));
#3173=DIRECTION('',(0.,-1.,0.));
#3174=DIRECTION('',(0.,0.,-1.));
#3175=DIRECTION('',(0.,0.,-1.));
#3176=DIRECTION('',(-1.,0.,0.));
#3177=DIRECTION('',(0.,-1.,0.));
#3178=DIRECTION('',(-1.,0.,0.));
#3179=DIRECTION('',(0.,-1.,0.));
#3180=DIRECTION('',(-1.,0.,0.));
#3181=DIRECTION('',(0.,1.,0.));
#3182=DIRECTION('',(0.,0.,1.));
#3183=DIRECTION('',(0.,0.,-1.));
#3184=DIRECTION('',(-1.,0.,0.));
#3185=DIRECTION('',(0.,0.,-1.));
#3186=DIRECTION('',(-1.,0.,0.));
#3187=DIRECTION('',(-1.,0.,0.));
#3188=DIRECTION('',(0.,0.,-1.));
#3189=DIRECTION('',(0.,0.,1.));
#3190=DIRECTION('',(1.,0.,0.));
#3191=DIRECTION('',(0.,1.,0.));
#3192=DIRECTION('',(-1.,0.,0.));
#3193=DIRECTION('',(0.,1.,0.));
#3194=DIRECTION('',(0.,-1.,0.));
#3195=DIRECTION('',(0.,0.,-1.));
#3196=DIRECTION('',(0.,0.,1.));
#3197=DIRECTION('',(0.,0.,1.));
#3198=DIRECTION('',(-1.,0.,0.));
#3199=DIRECTION('',(-1.,0.,0.));
#3200=DIRECTION('',(0.,0.,1.));
#3201=DIRECTION('',(1.,0.,0.));
#3202=DIRECTION('',(0.,1.,0.));
#3203=DIRECTION('',(0.,0.,1.));
#3204=DIRECTION('',(1.,0.,0.));
#3205=DIRECTION('',(0.,0.,1.));
#3206=DIRECTION('',(1.,0.,0.));
#3207=DIRECTION('',(0.,1.,0.));
#3208=DIRECTION('',(1.,0.,0.));
#3209=DIRECTION('',(0.,1.,0.));
#3210=DIRECTION('',(0.,0.,1.));
#3211=DIRECTION('',(1.,0.,0.));
#3212=DIRECTION('',(0.,0.,1.));
#3213=DIRECTION('',(1.,0.,0.));
#3214=DIRECTION('',(0.,1.,0.));
#3215=DIRECTION('',(1.,0.,0.));
#3216=DIRECTION('',(0.,1.,0.));
#3217=DIRECTION('',(0.,0.,-1.));
#3218=DIRECTION('',(-1.,0.,0.));
#3219=DIRECTION('',(1.,0.,0.));
#3220=DIRECTION('',(0.,0.,-1.));
#3221=DIRECTION('',(1.,0.,0.));
#3222=DIRECTION('',(0.,0.,-1.));
#3223=DIRECTION('',(3.06161699786839E-16,0.,-1.));
#3224=DIRECTION('',(-1.,0.,-3.06161699786839E-16));
#3225=DIRECTION('',(-2.28847549044393E-17,0.,-1.));
#3226=DIRECTION('',(-1.,0.,2.28847549044393E-17));
#3227=DIRECTION('',(2.16489014058874E-16,-0.707106781186548,-0.707106781186548));
#3228=DIRECTION('',(2.16489014058874E-16,0.707106781186548,-0.707106781186548));
#3229=DIRECTION('',(2.16489014058874E-16,0.707106781186548,-0.707106781186548));
#3230=DIRECTION('',(2.16489014058874E-16,-0.707106781186548,-0.707106781186548));
#3231=DIRECTION('',(1.22464679914735E-16,0.,-1.));
#3232=DIRECTION('',(-1.,0.,-1.22464679914735E-16));
#3233=DIRECTION('',(2.16489014058874E-16,0.707106781186548,-0.707106781186548));
#3234=DIRECTION('',(2.16489014058874E-16,-0.707106781186548,-0.707106781186548));
#3235=DIRECTION('',(0.,-1.,0.));
#3236=DIRECTION('',(0.,0.,-1.));
#3237=DIRECTION('',(-1.,0.,6.12323399573677E-17));
#3238=DIRECTION('',(6.12323399573677E-17,0.,1.));
#3239=DIRECTION('',(-1.,0.,-1.22464679914735E-16));
#3240=DIRECTION('',(-1.22464679914735E-16,0.,1.));
#3241=DIRECTION('',(-1.,0.,1.83697019872103E-16));
#3242=DIRECTION('',(1.83697019872103E-16,0.,1.));
#3243=DIRECTION('',(0.,-1.,0.));
#3244=DIRECTION('',(0.,0.,-1.));
#3245=DIRECTION('',(0.,0.,1.));
#3246=DIRECTION('',(1.,0.,0.));
#3247=DIRECTION('',(-1.83697019872103E-16,0.,1.));
#3248=DIRECTION('',(1.,0.,1.83697019872103E-16));
#3249=DIRECTION('',(-1.29893408435324E-16,0.707106781186548,0.707106781186548));
#3250=DIRECTION('',(-1.29893408435324E-16,-0.707106781186548,0.707106781186548));
#3251=DIRECTION('',(-1.29893408435324E-16,-0.707106781186548,0.707106781186548));
#3252=DIRECTION('',(-1.29893408435324E-16,0.707106781186548,0.707106781186548));
#3253=DIRECTION('',(0.,0.,1.));
#3254=DIRECTION('',(1.,0.,0.));
#3255=DIRECTION('',(-1.29893408435324E-16,-0.707106781186548,0.707106781186548));
#3256=DIRECTION('',(-1.29893408435324E-16,0.707106781186548,0.707106781186548));
#3257=DIRECTION('',(1.22464679914735E-16,0.,-1.));
#3258=DIRECTION('',(-1.,0.,-1.22464679914735E-16));
#3259=DIRECTION('',(0.,0.,1.));
#3260=DIRECTION('',(1.,0.,0.));
#3261=DIRECTION('',(0.,1.,0.));
#3262=DIRECTION('',(0.,0.,1.));
#3263=DIRECTION('',(0.,-1.,0.));
#3264=DIRECTION('',(0.,0.,-1.));
#3265=DIRECTION('',(0.,-1.,0.));
#3266=DIRECTION('',(1.,0.,0.));
#3267=DIRECTION('',(0.,1.,0.));
#3268=DIRECTION('',(0.,0.,1.));
#3269=DIRECTION('',(0.,1.,0.));
#3270=DIRECTION('',(0.,0.,-1.));
#3271=DIRECTION('',(0.,-1.,0.));
#3272=DIRECTION('',(1.,0.,0.));
#3273=DIRECTION('',(0.,0.,1.));
#3274=DIRECTION('',(1.,0.,0.));
#3275=DIRECTION('',(0.,0.,-1.));
#3276=DIRECTION('',(1.,0.,0.));
#3277=CARTESIAN_POINT('',(0.,0.,0.));
#3278=CARTESIAN_POINT('',(0.,1.86636172190057E-19,0.0254));
#3279=CARTESIAN_POINT('',(0.,1.86636172190057E-19,0.0254));
#3280=CARTESIAN_POINT('',(0.003048,1.86636172190057E-19,0.0254));
#3281=CARTESIAN_POINT('',(0.,1.86636172190057E-19,0.00254));
#3282=CARTESIAN_POINT('',(0.003048,1.86636172190057E-19,0.00254));
#3283=CARTESIAN_POINT('',(0.00028900037710758,-6.12532334487732E-5,0.0254));
#3284=CARTESIAN_POINT('',(0.,1.86636172190057E-19,0.0254));
#3285=CARTESIAN_POINT('',(-0.0024892,1.86636172190057E-19,0.0254));
#3286=CARTESIAN_POINT('',(0.00117013863799937,0.00624125592872628,0.00254));
#3287=CARTESIAN_POINT('',(0.00117013863799937,0.00624125592872628,0.));
#3288=CARTESIAN_POINT('',(0.00417576908275596,0.00567774686017978,0.));
#3289=CARTESIAN_POINT('',(-0.00183549180675723,0.00680476499727279,0.));
#3290=CARTESIAN_POINT('',(-0.00183549180675723,0.00680476499727279,0.00254));
#3291=CARTESIAN_POINT('',(-0.00183549180675723,0.00680476499727279,0.00254));
#3292=CARTESIAN_POINT('',(0.00117013863799937,0.00624125592872628,0.00254));
#3293=CARTESIAN_POINT('',(0.00417576908275596,0.00567774686017978,0.00254));
#3294=CARTESIAN_POINT('',(0.00417576908275596,0.00567774686017978,0.00254));
#3295=CARTESIAN_POINT('',(-0.00415004086766498,0.00480621064839136,0.00254));
#3296=CARTESIAN_POINT('',(-0.00415004086766498,0.00480621064839136,0.));
#3297=CARTESIAN_POINT('',(-0.00646458992857273,0.00280765629950991,0.));
#3298=CARTESIAN_POINT('',(-0.00646458992857273,0.00280765629950991,0.00254));
#3299=CARTESIAN_POINT('',(-0.00646458992857273,0.00280765629950991,0.00254));
#3300=CARTESIAN_POINT('',(-0.00415004086766498,0.00480621064839136,0.00254));
#3301=CARTESIAN_POINT('',(-0.00634515495457153,-0.000248009279012564,0.00254));
#3302=CARTESIAN_POINT('',(-0.00634515495457153,-0.000248009279012564,0.));
#3303=CARTESIAN_POINT('',(-0.00622571998057031,-0.00330367485753505,0.));
#3304=CARTESIAN_POINT('',(-0.00622571998057031,-0.00330367485753505,0.00254));
#3305=CARTESIAN_POINT('',(-0.00622571998057031,-0.00330367485753505,0.00254));
#3306=CARTESIAN_POINT('',(-0.00634515495457153,-0.000248009279012564,0.00254));
#3307=CARTESIAN_POINT('',(-0.00376223794311254,-0.00511547316085269,0.00254));
#3308=CARTESIAN_POINT('',(-0.00376223794311254,-0.00511547316085269,0.));
#3309=CARTESIAN_POINT('',(-0.00129875590565475,-0.00692727146417032,0.));
#3310=CARTESIAN_POINT('',(-0.00129875590565475,-0.00692727146417032,0.00254));
#3311=CARTESIAN_POINT('',(-0.00129875590565475,-0.00692727146417032,0.00254));
#3312=CARTESIAN_POINT('',(-0.00376223794311254,-0.00511547316085269,0.00254));
#3313=CARTESIAN_POINT('',(0.00165372097517825,-0.00613088141593486,0.00254));
#3314=CARTESIAN_POINT('',(0.00165372097517825,-0.00613088141593486,0.));
#3315=CARTESIAN_POINT('',(0.00460619785601121,-0.00533449136769941,0.));
#3316=CARTESIAN_POINT('',(0.00460619785601121,-0.00533449136769941,0.00254));
#3317=CARTESIAN_POINT('',(0.00460619785601121,-0.00533449136769941,0.00254));
#3318=CARTESIAN_POINT('',(0.00165372097517825,-0.00613088141593486,0.00254));
#3319=CARTESIAN_POINT('',(0.00582439426939955,-0.00252961091762856,0.00254));
#3320=CARTESIAN_POINT('',(0.00582439426939955,-0.00252961091762856,0.));
#3321=CARTESIAN_POINT('',(0.00704259068278789,0.000275269532442278,0.));
#3322=CARTESIAN_POINT('',(0.00704259068278789,0.000275269532442278,0.00254));
#3323=CARTESIAN_POINT('',(0.00704259068278789,0.000275269532442278,0.00254));
#3324=CARTESIAN_POINT('',(0.00582439426939955,-0.00252961091762856,0.00254));
#3325=CARTESIAN_POINT('',(0.00560917988277192,0.00297650819631103,0.00254));
#3326=CARTESIAN_POINT('',(0.00560917988277192,0.00297650819631103,0.));
#3327=CARTESIAN_POINT('',(0.00560917988277192,0.00297650819631103,0.00254));
#3328=CARTESIAN_POINT('',(0.00028900037710758,-6.12532334487732E-5,0.00254));
#3329=CARTESIAN_POINT('',(0.00028900037710758,-6.12532334487732E-5,0.));
#3330=CARTESIAN_POINT('',(0.,1.86636172190057E-19,0.0254));
#3331=CARTESIAN_POINT('',(0.,1.86636172190057E-19,0.00508));
#3332=CARTESIAN_POINT('',(0.0024892,1.86636172190057E-19,0.00508));
#3333=CARTESIAN_POINT('',(0.00028900037710758,-6.12532334487732E-5,0.00508));
#3334=CARTESIAN_POINT('',(-0.194507404823602,-0.108548642795086,-0.196853222560883));
#3335=CARTESIAN_POINT('',(-0.1778,-0.1016,0.0381));
#3336=CARTESIAN_POINT('',(-0.1778,-0.05969,0.02794));
#3337=CARTESIAN_POINT('',(-0.1778,-0.0709545923543135,0.02794));
#3338=CARTESIAN_POINT('',(-0.1778,-0.05334,0.02794));
#3339=CARTESIAN_POINT('',(-0.1778,-0.0709545923543135,0.02794));
#3340=CARTESIAN_POINT('',(-0.1778,-0.0709545923543135,0.03556));
#3341=CARTESIAN_POINT('',(-0.1778,-0.05969,0.03556));
#3342=CARTESIAN_POINT('',(-0.1778,-0.05334,0.03556));
#3343=CARTESIAN_POINT('',(-0.1778,-0.05334,0.03175));
#3344=CARTESIAN_POINT('',(-0.1778,-0.14351,0.02794));
#3345=CARTESIAN_POINT('',(-0.175881471774456,-0.126336570959113,0.02794));
#3346=CARTESIAN_POINT('',(-0.1778,-0.12446,0.02794));
#3347=CARTESIAN_POINT('',(-0.173962943548911,-0.128213141918226,0.02794));
#3348=CARTESIAN_POINT('',(-0.1778,-0.12446,0.02794));
#3349=CARTESIAN_POINT('',(-0.1651,-0.12446,0.02794));
#3350=CARTESIAN_POINT('',(-0.1651,-0.14351,0.02794));
#3351=CARTESIAN_POINT('',(-0.1651,-0.16256,0.02794));
#3352=CARTESIAN_POINT('',(-0.1778,-0.16256,0.02794));
#3353=CARTESIAN_POINT('',(-0.2794,-0.16256,0.02794));
#3354=CARTESIAN_POINT('',(-0.2794,-0.14351,0.02794));
#3355=CARTESIAN_POINT('',(-0.2794,-0.11684,0.02794));
#3356=CARTESIAN_POINT('',(-0.27305,-0.11684,0.02794));
#3357=CARTESIAN_POINT('',(-0.2667,-0.11684,0.02794));
#3358=CARTESIAN_POINT('',(-0.2667,-0.040638,0.02794));
#3359=CARTESIAN_POINT('',(-0.2667,-0.14986,0.02794));
#3360=CARTESIAN_POINT('',(-0.2794,-0.14986,0.02794));
#3361=CARTESIAN_POINT('',(-0.1778,-0.14986,0.02794));
#3362=CARTESIAN_POINT('',(-0.1778,-0.14351,0.02794));
#3363=CARTESIAN_POINT('',(-0.1778,-0.132245407645687,0.02794));
#3364=CARTESIAN_POINT('',(-0.176330951666466,-0.131881204186856,0.02794));
#3365=CARTESIAN_POINT('',(-0.174861903332932,-0.131517000728025,0.02794));
#3366=CARTESIAN_POINT('',(-0.17145,-0.130671128630638,0.02794));
#3367=CARTESIAN_POINT('',(-0.1778,-0.14351,0.03556));
#3368=CARTESIAN_POINT('',(-0.1778,-0.12446,0.03556));
#3369=CARTESIAN_POINT('',(-0.1778,-0.12446,0.03556));
#3370=CARTESIAN_POINT('',(-0.1651,-0.12446,0.03556));
#3371=CARTESIAN_POINT('',(-0.175881471774456,-0.126336570959113,0.03556));
#3372=CARTESIAN_POINT('',(-0.173962943548911,-0.128213141918226,0.03556));
#3373=CARTESIAN_POINT('',(-0.17145,-0.130671128630638,0.03556));
#3374=CARTESIAN_POINT('',(-0.174861903332932,-0.131517000728025,0.03556));
#3375=CARTESIAN_POINT('',(-0.176330951666466,-0.131881204186856,0.03556));
#3376=CARTESIAN_POINT('',(-0.1778,-0.132245407645687,0.03556));
#3377=CARTESIAN_POINT('',(-0.1778,-0.14351,0.03556));
#3378=CARTESIAN_POINT('',(-0.1778,-0.14986,0.03556));
#3379=CARTESIAN_POINT('',(-0.2794,-0.14986,0.03556));
#3380=CARTESIAN_POINT('',(-0.2667,-0.14986,0.03556));
#3381=CARTESIAN_POINT('',(-0.2667,-0.040638,0.03556));
#3382=CARTESIAN_POINT('',(-0.2667,-0.05334,0.03556));
#3383=CARTESIAN_POINT('',(-0.2794,-0.05334,0.03556));
#3384=CARTESIAN_POINT('',(-0.176330951666466,-0.0713187958131441,0.03556));
#3385=CARTESIAN_POINT('',(-0.174861903332932,-0.0716829992719747,0.03556));
#3386=CARTESIAN_POINT('',(-0.17145,-0.0725288713693618,0.03556));
#3387=CARTESIAN_POINT('',(-0.173962943548911,-0.0749868580817742,0.03556));
#3388=CARTESIAN_POINT('',(-0.175881471774456,-0.0768634290408871,0.03556));
#3389=CARTESIAN_POINT('',(-0.1778,-0.07874,0.03556));
#3390=CARTESIAN_POINT('',(-0.1778,-0.07874,0.03556));
#3391=CARTESIAN_POINT('',(-0.1651,-0.07874,0.03556));
#3392=CARTESIAN_POINT('',(-0.1651,-0.05969,0.03556));
#3393=CARTESIAN_POINT('',(-0.1651,-0.04064,0.03556));
#3394=CARTESIAN_POINT('',(-0.1778,-0.04064,0.03556));
#3395=CARTESIAN_POINT('',(-0.2667,-0.04064,0.03556));
#3396=CARTESIAN_POINT('',(-0.2667,0.01016,0.03556));
#3397=CARTESIAN_POINT('',(-0.2667,-0.00254000000000006,0.03556));
#3398=CARTESIAN_POINT('',(-0.2159,-0.00254,0.03556));
#3399=CARTESIAN_POINT('',(-0.2159,-0.00254,0.03556));
#3400=CARTESIAN_POINT('',(-0.2159,0.01016,0.03556));
#3401=CARTESIAN_POINT('',(-0.2159,0.01016,0.03556));
#3402=CARTESIAN_POINT('',(-0.1778,0.01016,0.03556));
#3403=CARTESIAN_POINT('',(-0.2794,0.01016,0.03556));
#3404=CARTESIAN_POINT('',(-0.2794,-0.14351,0.03556));
#3405=CARTESIAN_POINT('',(-0.2794,-0.16256,0.03556));
#3406=CARTESIAN_POINT('',(-0.1778,-0.16256,0.03556));
#3407=CARTESIAN_POINT('',(-0.1651,-0.16256,0.03556));
#3408=CARTESIAN_POINT('',(-0.1651,-0.14351,0.03556));
#3409=CARTESIAN_POINT('',(-0.1778,-0.14351,0.02794));
#3410=CARTESIAN_POINT('',(-0.1778,-0.07874,0.02794));
#3411=CARTESIAN_POINT('',(-0.1778,-0.07874,0.02794));
#3412=CARTESIAN_POINT('',(-0.1651,-0.07874,0.02794));
#3413=CARTESIAN_POINT('',(-0.175881471774456,-0.0768634290408871,0.02794));
#3414=CARTESIAN_POINT('',(-0.173962943548911,-0.0749868580817742,0.02794));
#3415=CARTESIAN_POINT('',(-0.17145,-0.0725288713693618,0.02794));
#3416=CARTESIAN_POINT('',(-0.174861903332932,-0.0716829992719747,0.02794));
#3417=CARTESIAN_POINT('',(-0.176330951666466,-0.0713187958131441,0.02794));
#3418=CARTESIAN_POINT('',(-0.2794,-0.05334,0.02794));
#3419=CARTESIAN_POINT('',(-0.2667,-0.05334,0.02794));
#3420=CARTESIAN_POINT('',(-0.27305,-0.05334,0.02794));
#3421=CARTESIAN_POINT('',(-0.2794,-0.05334,0.02794));
#3422=CARTESIAN_POINT('',(-0.2794,-0.14351,0.02794));
#3423=CARTESIAN_POINT('',(-0.2794,0.01016,0.02794));
#3424=CARTESIAN_POINT('',(-0.1778,0.01016,0.02794));
#3425=CARTESIAN_POINT('',(-0.2159,0.01016,0.02794));
#3426=CARTESIAN_POINT('',(-0.2159,0.01016,0.02794));
#3427=CARTESIAN_POINT('',(-0.2159,-0.00254,0.02794));
#3428=CARTESIAN_POINT('',(-0.2159,-0.00254,0.02794));
#3429=CARTESIAN_POINT('',(-0.2667,-0.00254,0.02794));
#3430=CARTESIAN_POINT('',(-0.2667,0.01016,0.02794));
#3431=CARTESIAN_POINT('',(-0.2667,-0.04064,0.02794));
#3432=CARTESIAN_POINT('',(-0.1778,-0.04064,0.02794));
#3433=CARTESIAN_POINT('',(-0.1651,-0.04064,0.02794));
#3434=CARTESIAN_POINT('',(-0.1651,-0.05969,0.02794));
#3435=CARTESIAN_POINT('',(-0.1778,-0.14351,0.02794));
#3436=CARTESIAN_POINT('',(-0.27305,-0.06604,0.02794));
#3437=CARTESIAN_POINT('',(-0.2667,-0.06604,0.02794));
#3438=CARTESIAN_POINT('',(-0.2794,-0.06604,0.02794));
#3439=CARTESIAN_POINT('',(-0.2667,-0.040638,0.02794));
#3440=CARTESIAN_POINT('',(-0.2667,-0.10414,0.02794));
#3441=CARTESIAN_POINT('',(-0.27305,-0.10414,0.02794));
#3442=CARTESIAN_POINT('',(-0.2794,-0.10414,0.02794));
#3443=CARTESIAN_POINT('',(-0.2794,-0.14351,0.02794));
#3444=CARTESIAN_POINT('',(-0.2667,0.01016,0.03175));
#3445=CARTESIAN_POINT('',(-0.2667,-0.00254000000000004,0.03175));
#3446=CARTESIAN_POINT('',(-0.2667,-0.04064,0.03175));
#3447=CARTESIAN_POINT('',(-0.2794,-0.14986,0.03175));
#3448=CARTESIAN_POINT('',(-0.2667,-0.14986,0.03175));
#3449=CARTESIAN_POINT('',(-0.1778,-0.14986,0.03175));
#3450=CARTESIAN_POINT('',(-0.1778,-0.12446,0.03175));
#3451=CARTESIAN_POINT('',(-0.1651,-0.12446,0.03175));
#3452=CARTESIAN_POINT('',(-0.1778,-0.12446,0.03175));
#3453=CARTESIAN_POINT('',(-0.1778,-0.16256,0.03175));
#3454=CARTESIAN_POINT('',(-0.1651,-0.16256,0.03175));
#3455=CARTESIAN_POINT('',(-0.2794,-0.16256,0.03175));
#3456=CARTESIAN_POINT('',(-0.1778,-0.1016,0.0381));
#3457=CARTESIAN_POINT('',(-0.1778,-0.132245407645687,0.02794));
#3458=CARTESIAN_POINT('',(-0.1651,-0.1016,0.0381));
#3459=CARTESIAN_POINT('',(-0.2794,-0.1016,0.03937));
#3460=CARTESIAN_POINT('',(-0.2794,0.01016,0.03175));
#3461=CARTESIAN_POINT('',(-0.2794,-0.05334,0.00254));
#3462=CARTESIAN_POINT('',(-0.2794,-0.05334,0.00254));
#3463=CARTESIAN_POINT('',(-0.2794,-0.14351,0.00254));
#3464=CARTESIAN_POINT('',(-0.2794,-0.06604,0.00254));
#3465=CARTESIAN_POINT('',(-0.2794,-0.06604,0.00254));
#3466=CARTESIAN_POINT('',(-0.2794,-0.10414,0.00254));
#3467=CARTESIAN_POINT('',(-0.2794,-0.10414,0.00254));
#3468=CARTESIAN_POINT('',(-0.2794,-0.14351,0.00254));
#3469=CARTESIAN_POINT('',(-0.2794,-0.11684,0.00254));
#3470=CARTESIAN_POINT('',(-0.2794,-0.11684,0.00254));
#3471=CARTESIAN_POINT('',(-0.1778,-0.07874,0.03175));
#3472=CARTESIAN_POINT('',(-0.1651,-0.07874,0.03175));
#3473=CARTESIAN_POINT('',(-0.1778,-0.07874,0.03175));
#3474=CARTESIAN_POINT('',(-0.1778,-0.04064,0.03175));
#3475=CARTESIAN_POINT('',(-0.1651,-0.04064,0.03175));
#3476=CARTESIAN_POINT('',(-0.1651,-0.1016,0.0381));
#3477=CARTESIAN_POINT('',(-0.2794,-0.05334,0.03175));
#3478=CARTESIAN_POINT('',(-0.2667,-0.05334,0.03175));
#3479=CARTESIAN_POINT('',(-0.2667,-0.040638,0.03175));
#3480=CARTESIAN_POINT('',(-0.2667,-0.06604,0.00254));
#3481=CARTESIAN_POINT('',(-0.2667,-0.06604,0.00254));
#3482=CARTESIAN_POINT('',(-0.2667,-0.040638,0.00254));
#3483=CARTESIAN_POINT('',(-0.2667,-0.05334,0.00254));
#3484=CARTESIAN_POINT('',(-0.2667,-0.05334,0.00254));
#3485=CARTESIAN_POINT('',(-0.2667,-0.11684,0.00254));
#3486=CARTESIAN_POINT('',(-0.2667,-0.11684,0.00254));
#3487=CARTESIAN_POINT('',(-0.2667,-0.040638,0.00254));
#3488=CARTESIAN_POINT('',(-0.2667,-0.10414,0.00254));
#3489=CARTESIAN_POINT('',(-0.2667,-0.10414,0.00254));
#3490=CARTESIAN_POINT('',(-0.22225,0.01016,0.03175));
#3491=CARTESIAN_POINT('',(-0.2159,0.01016,0.03175));
#3492=CARTESIAN_POINT('',(-0.2159,-0.00254,0.03175));
#3493=CARTESIAN_POINT('',(-0.2159,-0.00254,0.03175));
#3494=CARTESIAN_POINT('',(-0.2159,-0.01524,0.03175));
#3495=CARTESIAN_POINT('',(-0.27305,-0.10414,0.00254));
#3496=CARTESIAN_POINT('',(-0.27305,-0.10414,0.00254));
#3497=CARTESIAN_POINT('',(-0.27305,-0.11684,0.00254));
#3498=CARTESIAN_POINT('',(-0.27305,-0.11684,0.00254));
#3499=CARTESIAN_POINT('',(-0.22225,-0.0762,0.00254));
#3500=CARTESIAN_POINT('',(-0.27305,-0.05334,0.00254));
#3501=CARTESIAN_POINT('',(-0.27305,-0.05334,0.00254));
#3502=CARTESIAN_POINT('',(-0.27305,-0.06604,0.00254));
#3503=CARTESIAN_POINT('',(-0.27305,-0.06604,0.00254));
#3504=CARTESIAN_POINT('',(-0.22225,-0.0762,0.00254));
#3505=CARTESIAN_POINT('',(-0.17145,-0.0725288713693618,0.02794));
#3506=CARTESIAN_POINT('',(-0.174861903332932,-0.0716829992719747,0.02794));
#3507=CARTESIAN_POINT('',(-0.173962943548911,-0.0749868580817742,0.02794));
#3508=CARTESIAN_POINT('',(-0.176330951666466,-0.0713187958131441,0.02794));
#3509=CARTESIAN_POINT('',(-0.175881471774456,-0.0768634290408871,0.02794));
#3510=CARTESIAN_POINT('',(-0.175881471774456,-0.126336570959113,0.02794));
#3511=CARTESIAN_POINT('',(-0.173962943548911,-0.128213141918226,0.02794));
#3512=CARTESIAN_POINT('',(-0.176330951666466,-0.131881204186856,0.02794));
#3513=CARTESIAN_POINT('',(-0.174861903332932,-0.131517000728025,0.02794));
#3514=CARTESIAN_POINT('',(-0.17145,-0.130671128630638,0.02794));
#3515=CARTESIAN_POINT('',(0.0213925951763988,0.0222613572049141,-0.234953222560882));
#3516=CARTESIAN_POINT('',(-0.191967404823602,-0.0793386427950859,-0.196853222560883));
#3517=CARTESIAN_POINT('',(0.05969,-0.003175,0.01016));
#3518=CARTESIAN_POINT('',(0.05969,-0.003175,0.01016));
#3519=CARTESIAN_POINT('',(0.07239,-0.003175,0.01016));
#3520=CARTESIAN_POINT('',(0.05969,-0.003175,-0.01016));
#3521=CARTESIAN_POINT('',(0.07239,-0.003175,-0.01016));
#3522=CARTESIAN_POINT('',(0.05969,-0.003175,0.01016));
#3523=CARTESIAN_POINT('',(0.05969,-0.003175,0.01016));
#3524=CARTESIAN_POINT('',(0.06477,-0.003175,0.01016));
#3525=CARTESIAN_POINT('',(0.05969,-0.003175,-0.01016));
#3526=CARTESIAN_POINT('',(0.06477,-0.003175,-0.01016));
#3527=CARTESIAN_POINT('',(0.05842,-0.003175,0.01016));
#3528=CARTESIAN_POINT('',(0.05842,-0.003175,-0.01016));
#3529=CARTESIAN_POINT('',(0.150932595176399,-0.345403642795086,-0.329568222560883));
#3530=CARTESIAN_POINT('',(-0.108147404823601,-0.226023642795086,-0.329568222560883));
#3531=CARTESIAN_POINT('',(-0.161487404823602,-0.0793386427950859,-0.196853222560883));
#3532=CARTESIAN_POINT('',(-0.1397,-0.1016,0.0508));
#3533=CARTESIAN_POINT('',(-0.1397,-0.1016,0.04064));
#3534=CARTESIAN_POINT('',(-0.1397,-0.10541,0.04064));
#3535=CARTESIAN_POINT('',(-0.1397,-0.09779,0.04064));
#3536=CARTESIAN_POINT('',(-0.1397,-0.10541,0.03683));
#3537=CARTESIAN_POINT('',(-0.1397,-0.10541,0.03302));
#3538=CARTESIAN_POINT('',(-0.1397,-0.1016,0.03302));
#3539=CARTESIAN_POINT('',(-0.1397,-0.09779,0.03302));
#3540=CARTESIAN_POINT('',(-0.1397,-0.09779,0.03683));
#3541=CARTESIAN_POINT('',(-0.1397,-0.0635,0.04445));
#3542=CARTESIAN_POINT('',(-0.1397,-0.0635,0.0508));
#3543=CARTESIAN_POINT('',(-0.1397,-0.0635,0.0254));
#3544=CARTESIAN_POINT('',(-0.1397,-0.1016,0.0254));
#3545=CARTESIAN_POINT('',(-0.1397,-0.1397,0.0254));
#3546=CARTESIAN_POINT('',(-0.1397,-0.1397,0.04445));
#3547=CARTESIAN_POINT('',(-0.1397,-0.1397,0.0508));
#3548=CARTESIAN_POINT('',(-0.1397,-0.1016,0.0508));
#3549=CARTESIAN_POINT('',(-0.0127,-0.1524,0.0254));
#3550=CARTESIAN_POINT('',(-0.1524,-0.0635,0.0254));
#3551=CARTESIAN_POINT('',(-0.1524,-0.0635,0.0254));
#3552=CARTESIAN_POINT('',(-0.1524,-0.1016,0.0254));
#3553=CARTESIAN_POINT('',(-0.1524,-0.0381,0.0254));
#3554=CARTESIAN_POINT('',(-0.18415,-0.0381,0.0254));
#3555=CARTESIAN_POINT('',(-0.2286,-0.0381,0.0254));
#3556=CARTESIAN_POINT('',(-0.2286,-0.3048,0.0254));
#3557=CARTESIAN_POINT('',(-0.2286,-0.1651,0.0254));
#3558=CARTESIAN_POINT('',(-0.18415,-0.1651,0.0254));
#3559=CARTESIAN_POINT('',(-0.1524,-0.1651,0.0254));
#3560=CARTESIAN_POINT('',(-0.1524,-0.1016,0.0254));
#3561=CARTESIAN_POINT('',(-0.1524,-0.1397,0.0254));
#3562=CARTESIAN_POINT('',(-0.1524,-0.1397,0.0254));
#3563=CARTESIAN_POINT('',(-0.2159,-0.07239,0.0254));
#3564=CARTESIAN_POINT('',(-0.2191639,-0.07239,0.0254));
#3565=CARTESIAN_POINT('',(-0.2159,-0.13081,0.0254));
#3566=CARTESIAN_POINT('',(-0.2191639,-0.13081,0.0254));
#3567=CARTESIAN_POINT('',(-0.21336,-0.1016,0.0254));
#3568=CARTESIAN_POINT('',(-0.2100961,-0.1016,0.0254));
#3569=CARTESIAN_POINT('',(-0.19812,-0.1016,0.0254));
#3570=CARTESIAN_POINT('',(-0.1948561,-0.1016,0.0254));
#3571=CARTESIAN_POINT('',(-0.18288,-0.1016,0.0254));
#3572=CARTESIAN_POINT('',(-0.1796161,-0.1016,0.0254));
#3573=CARTESIAN_POINT('',(-0.16764,-0.1016,0.0254));
#3574=CARTESIAN_POINT('',(-0.1643761,-0.1016,0.0254));
#3575=CARTESIAN_POINT('',(-0.127,-0.1016,0.0254));
#3576=CARTESIAN_POINT('',(-0.127,-0.1016,0.0127));
#3577=CARTESIAN_POINT('',(-0.127,-0.0254,0.0127));
#3578=CARTESIAN_POINT('',(-0.127,-0.1778,0.0127));
#3579=CARTESIAN_POINT('',(-0.127,-0.0254,0.0254));
#3580=CARTESIAN_POINT('',(-0.127,-0.0254,0.0508));
#3581=CARTESIAN_POINT('',(-0.127,-0.1016,0.0508));
#3582=CARTESIAN_POINT('',(-0.127,-0.1778,0.0508));
#3583=CARTESIAN_POINT('',(-0.127,-0.1778,0.0254));
#3584=CARTESIAN_POINT('',(-0.1778,-0.0254,0.0254));
#3585=CARTESIAN_POINT('',(-0.1778,-0.0254,0.0127));
#3586=CARTESIAN_POINT('',(-0.2286,-0.0254,0.0127));
#3587=CARTESIAN_POINT('',(-0.2286,-0.0254,0.0254));
#3588=CARTESIAN_POINT('',(-0.2286,-0.0254,0.0508));
#3589=CARTESIAN_POINT('',(-0.1778,-0.0254,0.0508));
#3590=CARTESIAN_POINT('',(-0.2286,-0.3048,0.0254));
#3591=CARTESIAN_POINT('',(-0.2286,-0.3048,0.0127));
#3592=CARTESIAN_POINT('',(-0.2286,-0.1778,0.0127));
#3593=CARTESIAN_POINT('',(-0.2286,-0.1778,0.0254));
#3594=CARTESIAN_POINT('',(-0.2286,-0.1778,0.0508));
#3595=CARTESIAN_POINT('',(-0.2286,-0.3048,0.0508));
#3596=CARTESIAN_POINT('',(-0.2286,-0.1397,0.0508));
#3597=CARTESIAN_POINT('',(-0.2286,-0.1397,0.04445));
#3598=CARTESIAN_POINT('',(-0.2286,-0.1397,0.0381));
#3599=CARTESIAN_POINT('',(-0.2286,-0.1524,0.0381));
#3600=CARTESIAN_POINT('',(-0.2286,-0.1651,0.0381));
#3601=CARTESIAN_POINT('',(-0.2286,-0.1651,0.0508));
#3602=CARTESIAN_POINT('',(-0.2286,-0.0381,0.0508));
#3603=CARTESIAN_POINT('',(-0.2286,-0.0381,0.0381));
#3604=CARTESIAN_POINT('',(-0.2286,-0.0508,0.0381));
#3605=CARTESIAN_POINT('',(-0.2286,-0.0635,0.0381));
#3606=CARTESIAN_POINT('',(-0.2286,-0.0635,0.04445));
#3607=CARTESIAN_POINT('',(-0.2286,-0.0635,0.0508));
#3608=CARTESIAN_POINT('',(-0.2286,-0.3048,0.0508));
#3609=CARTESIAN_POINT('',(-0.1778,-0.1778,0.0254));
#3610=CARTESIAN_POINT('',(-0.1778,-0.1778,0.0127));
#3611=CARTESIAN_POINT('',(-0.1778,-0.1778,0.0508));
#3612=CARTESIAN_POINT('',(-0.0127,-0.1524,0.0127));
#3613=CARTESIAN_POINT('',(-0.2159,-0.07239,0.0127));
#3614=CARTESIAN_POINT('',(-0.2191639,-0.07239,0.0127));
#3615=CARTESIAN_POINT('',(-0.2159,-0.13081,0.0127));
#3616=CARTESIAN_POINT('',(-0.2191639,-0.13081,0.0127));
#3617=CARTESIAN_POINT('',(-0.21336,-0.1016,0.0127));
#3618=CARTESIAN_POINT('',(-0.2100961,-0.1016,0.0127));
#3619=CARTESIAN_POINT('',(-0.19812,-0.1016,0.0127));
#3620=CARTESIAN_POINT('',(-0.1948561,-0.1016,0.0127));
#3621=CARTESIAN_POINT('',(-0.18288,-0.1016,0.0127));
#3622=CARTESIAN_POINT('',(-0.1796161,-0.1016,0.0127));
#3623=CARTESIAN_POINT('',(-0.16764,-0.1016,0.0127));
#3624=CARTESIAN_POINT('',(-0.1643761,-0.1016,0.0127));
#3625=CARTESIAN_POINT('',(-0.16764,-0.1016,0.0127));
#3626=CARTESIAN_POINT('',(-0.18288,-0.1016,0.0127));
#3627=CARTESIAN_POINT('',(-0.19812,-0.1016,0.0127));
#3628=CARTESIAN_POINT('',(-0.21336,-0.1016,0.0127));
#3629=CARTESIAN_POINT('',(-0.18415,-0.1651,0.0508));
#3630=CARTESIAN_POINT('',(-0.228602,-0.1651,0.0381));
#3631=CARTESIAN_POINT('',(-0.1524,-0.1651,0.0381));
#3632=CARTESIAN_POINT('',(-0.1524,-0.1651,0.0508));
#3633=CARTESIAN_POINT('',(-0.18415,-0.0381,0.0508));
#3634=CARTESIAN_POINT('',(-0.1524,-0.0381,0.0508));
#3635=CARTESIAN_POINT('',(-0.1524,-0.0381,0.0381));
#3636=CARTESIAN_POINT('',(-0.228602,-0.0381,0.0381));
#3637=CARTESIAN_POINT('',(-0.1778,-0.1016,0.0508));
#3638=CARTESIAN_POINT('',(-0.228602,-0.0635,0.0508));
#3639=CARTESIAN_POINT('',(-0.228602,-0.1397,0.0508));
#3640=CARTESIAN_POINT('',(-0.228602,-0.0508,0.0381));
#3641=CARTESIAN_POINT('',(-0.1524,-0.0508,0.0381));
#3642=CARTESIAN_POINT('',(-0.1524,-0.0635,0.0381));
#3643=CARTESIAN_POINT('',(-0.228602,-0.0635,0.0381));
#3644=CARTESIAN_POINT('',(-0.228602,-0.0635,0.04445));
#3645=CARTESIAN_POINT('',(-0.1524,-0.0635,0.03175));
#3646=CARTESIAN_POINT('',(-0.228602,-0.1524,0.0381));
#3647=CARTESIAN_POINT('',(-0.1524,-0.1524,0.0381));
#3648=CARTESIAN_POINT('',(-0.1524,-0.1397,0.0381));
#3649=CARTESIAN_POINT('',(-0.228602,-0.1397,0.0381));
#3650=CARTESIAN_POINT('',(-0.228602,-0.1397,0.04445));
#3651=CARTESIAN_POINT('',(-0.1524,-0.1397,0.03175));
#3652=CARTESIAN_POINT('',(-0.2159,-0.13081,0.0254));
#3653=CARTESIAN_POINT('',(-0.2159,-0.07239,0.0254));
#3654=CARTESIAN_POINT('',(-0.1524,-0.1016,0.0381));
#3655=CARTESIAN_POINT('',(-0.1524,-0.1016,0.0381));
#3656=CARTESIAN_POINT('',(-0.1524,-0.10541,0.03683));
#3657=CARTESIAN_POINT('',(-0.151257960277013,-0.10541,0.0392695523324159));
#3658=CARTESIAN_POINT('',(-0.1524,-0.10541,0.04064));
#3659=CARTESIAN_POINT('',(-0.150115920554027,-0.10541,0.0378991046648317));
#3660=CARTESIAN_POINT('',(-0.1524,-0.10541,0.03683));
#3661=CARTESIAN_POINT('',(-0.1524,-0.10541,0.03302));
#3662=CARTESIAN_POINT('',(-0.1524,-0.10541,0.03302));
#3663=CARTESIAN_POINT('',(-0.1524,-0.10541,0.04064));
#3664=CARTESIAN_POINT('',(-0.14605,-0.10541,0.04064));
#3665=CARTESIAN_POINT('',(-0.147351229508197,-0.10541,0.0395344754098361));
#3666=CARTESIAN_POINT('',(-0.148652459016393,-0.10541,0.0384289508196722));
#3667=CARTESIAN_POINT('',(-0.148652459016393,-0.10541,0.0361429508196721));
#3668=CARTESIAN_POINT('',(-0.1524,-0.1016,0.04064));
#3669=CARTESIAN_POINT('',(-0.1524,-0.09779,0.04064));
#3670=CARTESIAN_POINT('',(-0.14605,-0.09779,0.04064));
#3671=CARTESIAN_POINT('',(-0.14605,-0.08001,0.04064));
#3672=CARTESIAN_POINT('',(-0.1524,-0.09779,0.03683));
#3673=CARTESIAN_POINT('',(-0.1524,-0.09779,0.03683));
#3674=CARTESIAN_POINT('',(-0.1524,-0.09779,0.04064));
#3675=CARTESIAN_POINT('',(-0.1524,-0.09779,0.03302));
#3676=CARTESIAN_POINT('',(-0.150526229508196,-0.09779,0.038391475409836));
#3677=CARTESIAN_POINT('',(-0.150115920554027,-0.09779,0.0378991046648317));
#3678=CARTESIAN_POINT('',(-0.148652459016393,-0.09779,0.0361429508196721));
#3679=CARTESIAN_POINT('',(-0.148652459016393,-0.09779,0.0384289508196722));
#3680=CARTESIAN_POINT('',(-0.151617931089853,-0.09779,0.0359094857460608));
#3681=CARTESIAN_POINT('',(-0.1524,-0.09779,0.03302));
#3682=CARTESIAN_POINT('',(-0.1524,-0.1016,0.03302));
#3683=CARTESIAN_POINT('',(-0.1524,-0.1016,0.03302));
#3684=CARTESIAN_POINT('',(-0.1524,-0.1016,0.0381));
#3685=CARTESIAN_POINT('',(-0.1524,-0.1016,0.04064));
#3686=CARTESIAN_POINT('',(-0.151257960277013,-0.08001,0.0392695523324159));
#3687=CARTESIAN_POINT('',(-0.150115920554027,-0.08001,0.0378991046648317));
#3688=CARTESIAN_POINT('',(-0.148652459016393,-0.08001,0.0361429508196721));
#3689=CARTESIAN_POINT('',(-0.148652459016393,-0.08001,0.0384289508196722));
#3690=CARTESIAN_POINT('',(-0.147351229508197,-0.08001,0.0395344754098361));
#3691=CARTESIAN_POINT('',(0.0213925951763988,0.0222613572049141,-0.234953222560882));
#3692=CARTESIAN_POINT('',(0.2286,-0.3048,1.7347234759768E-18));
#3693=CARTESIAN_POINT('',(0.2286,0.,1.7347234759768E-18));
#3694=CARTESIAN_POINT('',(0.2286,0.,0.0127));
#3695=CARTESIAN_POINT('',(0.2286,0.,-0.0127));
#3696=CARTESIAN_POINT('',(0.2286,-0.3048,0.0127));
#3697=CARTESIAN_POINT('',(0.2286,-0.3048,0.0127));
#3698=CARTESIAN_POINT('',(0.2286,-0.3048,1.7347234759768E-18));
#3699=CARTESIAN_POINT('',(0.2286,-0.3048,-0.0127));
#3700=CARTESIAN_POINT('',(0.2286,-0.3048,-0.0127));
#3701=CARTESIAN_POINT('',(0.,-0.3048,0.0127));
#3702=CARTESIAN_POINT('',(0.,0.,0.0127));
#3703=CARTESIAN_POINT('',(-0.2286,0.,0.0127));
#3704=CARTESIAN_POINT('',(-0.2286,-0.3048,0.0127));
#3705=CARTESIAN_POINT('',(-0.2286,-0.3048,0.0127));
#3706=CARTESIAN_POINT('',(0.,-0.3048,0.0127));
#3707=CARTESIAN_POINT('',(-0.2286,-0.3048,1.7347234759768E-18));
#3708=CARTESIAN_POINT('',(-0.2286,0.,1.7347234759768E-18));
#3709=CARTESIAN_POINT('',(-0.2286,0.,-0.0127));
#3710=CARTESIAN_POINT('',(-0.2286,-0.3048,-0.0127));
#3711=CARTESIAN_POINT('',(-0.2286,-0.3048,-0.0127));
#3712=CARTESIAN_POINT('',(-0.2286,-0.3048,1.7347234759768E-18));
#3713=CARTESIAN_POINT('',(0.,-0.3048,-0.0127));
#3714=CARTESIAN_POINT('',(0.,0.,-0.0127));
#3715=CARTESIAN_POINT('',(0.,-0.3048,-0.0127));
#3716=CARTESIAN_POINT('',(0.,-0.3048,0.));
#3717=CARTESIAN_POINT('',(0.,0.,0.));
#3718=CARTESIAN_POINT('',(0.0213925951763988,0.0222613572049141,-0.234953222560882));
#3719=CARTESIAN_POINT('',(0.04445,-0.003175,3.46944695195361E-18));
#3720=CARTESIAN_POINT('',(0.04445,-0.003175,0.0127));
#3721=CARTESIAN_POINT('',(0.04445,-0.0127,0.0127));
#3722=CARTESIAN_POINT('',(0.04445,0.00635,0.0127));
#3723=CARTESIAN_POINT('',(0.04445,-0.0127,3.46944695195361E-18));
#3724=CARTESIAN_POINT('',(0.04445,-0.0127,-0.0127));
#3725=CARTESIAN_POINT('',(0.04445,-0.003175,-0.0127));
#3726=CARTESIAN_POINT('',(0.04445,0.00635,-0.0127));
#3727=CARTESIAN_POINT('',(0.04445,0.00635,3.46944695195361E-18));
#3728=CARTESIAN_POINT('',(1.38777878078145E-17,-0.00635,0.));
#3729=CARTESIAN_POINT('',(-0.02286,-0.00635,-0.00635));
#3730=CARTESIAN_POINT('',(-0.02286,-0.00635,-0.0096139));
#3731=CARTESIAN_POINT('',(-0.0127,-0.00635,0.00635));
#3732=CARTESIAN_POINT('',(-0.0127,-0.00635,0.0030861));
#3733=CARTESIAN_POINT('',(-0.0127,-0.00635,-0.00635));
#3734=CARTESIAN_POINT('',(-0.0127,-0.00635,-0.0096139));
#3735=CARTESIAN_POINT('',(-0.00254,-0.00635,-0.00635));
#3736=CARTESIAN_POINT('',(-0.00254,-0.00635,-0.0096139));
#3737=CARTESIAN_POINT('',(-0.03302,-0.00635,-0.00635));
#3738=CARTESIAN_POINT('',(-0.03302,-0.00635,-0.0096139));
#3739=CARTESIAN_POINT('',(-0.04318,-0.00635,-0.00635));
#3740=CARTESIAN_POINT('',(-0.04318,-0.00635,-0.0096139));
#3741=CARTESIAN_POINT('',(-0.02286,-0.00635,0.00635));
#3742=CARTESIAN_POINT('',(-0.02286,-0.00635,0.0030861));
#3743=CARTESIAN_POINT('',(-0.03302,-0.00635,0.00635));
#3744=CARTESIAN_POINT('',(-0.03302,-0.00635,0.0030861));
#3745=CARTESIAN_POINT('',(0.02794,-0.00635,0.00635));
#3746=CARTESIAN_POINT('',(0.02794,-0.00635,0.0030861));
#3747=CARTESIAN_POINT('',(0.02794,-0.00635,-0.00635));
#3748=CARTESIAN_POINT('',(0.02794,-0.00635,-0.0096139));
#3749=CARTESIAN_POINT('',(0.01778,-0.00635,-0.00635));
#3750=CARTESIAN_POINT('',(0.01778,-0.00635,-0.0096139));
#3751=CARTESIAN_POINT('',(-0.00254,-0.00635,0.00635));
#3752=CARTESIAN_POINT('',(-0.00254,-0.00635,0.0030861));
#3753=CARTESIAN_POINT('',(0.00762,-0.00635,0.00635));
#3754=CARTESIAN_POINT('',(0.00762,-0.00635,0.0030861));
#3755=CARTESIAN_POINT('',(0.00762,-0.00635,-0.00635));
#3756=CARTESIAN_POINT('',(0.00762,-0.00635,-0.0096139));
#3757=CARTESIAN_POINT('',(0.01778,-0.00635,0.00635));
#3758=CARTESIAN_POINT('',(0.01778,-0.00635,0.0030861));
#3759=CARTESIAN_POINT('',(-0.04318,-0.00635,0.00635));
#3760=CARTESIAN_POINT('',(-0.04318,-0.00635,0.0030861));
#3761=CARTESIAN_POINT('',(-0.0444789473682642,-0.00635,-0.0127));
#3762=CARTESIAN_POINT('',(0.0381,-0.00635,-0.0127));
#3763=CARTESIAN_POINT('',(-0.0508,-0.00635,-0.0127));
#3764=CARTESIAN_POINT('',(0.0381,-0.00635,0.));
#3765=CARTESIAN_POINT('',(0.0381,-0.00635,0.0127));
#3766=CARTESIAN_POINT('',(-2.89473682641809E-5,-0.00635,0.0127));
#3767=CARTESIAN_POINT('',(-0.0508,-0.00635,0.0127));
#3768=CARTESIAN_POINT('',(-0.0508,-0.00635,0.));
#3769=CARTESIAN_POINT('',(-2.89473682641809E-5,-0.00635,0.0127));
#3770=CARTESIAN_POINT('',(-2.89473682641809E-5,0.,0.0127));
#3771=CARTESIAN_POINT('',(-0.0508,0.,0.0127));
#3772=CARTESIAN_POINT('',(0.0381,0.,0.0127));
#3773=CARTESIAN_POINT('',(-0.0508,-0.00635,0.0127));
#3774=CARTESIAN_POINT('',(0.0381,-0.00635,0.0127));
#3775=CARTESIAN_POINT('',(-0.0508,-0.00635,0.));
#3776=CARTESIAN_POINT('',(-0.0508,0.,0.));
#3777=CARTESIAN_POINT('',(-0.0508,0.,-0.0127));
#3778=CARTESIAN_POINT('',(-0.0508,-0.00635,-0.0127));
#3779=CARTESIAN_POINT('',(-0.0444789473682642,-0.00635,-0.0127));
#3780=CARTESIAN_POINT('',(-0.0444789473682642,0.,-0.0127));
#3781=CARTESIAN_POINT('',(0.0381,0.,-0.0127));
#3782=CARTESIAN_POINT('',(0.0381,-0.00635,-0.0127));
#3783=CARTESIAN_POINT('',(1.38777878078145E-17,0.,0.));
#3784=CARTESIAN_POINT('',(-0.02286,0.,-0.00635));
#3785=CARTESIAN_POINT('',(-0.02286,0.,-0.0096139));
#3786=CARTESIAN_POINT('',(-0.0127,0.,0.00635));
#3787=CARTESIAN_POINT('',(-0.0127,0.,0.0030861));
#3788=CARTESIAN_POINT('',(-0.0127,0.,-0.00635));
#3789=CARTESIAN_POINT('',(-0.0127,0.,-0.0096139));
#3790=CARTESIAN_POINT('',(-0.00254,0.,-0.00635));
#3791=CARTESIAN_POINT('',(-0.00254,0.,-0.0096139));
#3792=CARTESIAN_POINT('',(-0.03302,0.,-0.00635));
#3793=CARTESIAN_POINT('',(-0.03302,0.,-0.0096139));
#3794=CARTESIAN_POINT('',(-0.04318,0.,-0.00635));
#3795=CARTESIAN_POINT('',(-0.04318,0.,-0.0096139));
#3796=CARTESIAN_POINT('',(-0.02286,0.,0.00635));
#3797=CARTESIAN_POINT('',(-0.02286,0.,0.0030861));
#3798=CARTESIAN_POINT('',(-0.03302,0.,0.00635));
#3799=CARTESIAN_POINT('',(-0.03302,0.,0.0030861));
#3800=CARTESIAN_POINT('',(0.02794,0.,0.00635));
#3801=CARTESIAN_POINT('',(0.02794,0.,0.0030861));
#3802=CARTESIAN_POINT('',(0.02794,0.,-0.00635));
#3803=CARTESIAN_POINT('',(0.02794,0.,-0.0096139));
#3804=CARTESIAN_POINT('',(0.01778,0.,-0.00635));
#3805=CARTESIAN_POINT('',(0.01778,0.,-0.0096139));
#3806=CARTESIAN_POINT('',(-0.00254,0.,0.00635));
#3807=CARTESIAN_POINT('',(-0.00254,0.,0.0030861));
#3808=CARTESIAN_POINT('',(0.00762,0.,0.00635));
#3809=CARTESIAN_POINT('',(0.00762,0.,0.0030861));
#3810=CARTESIAN_POINT('',(0.00762,0.,-0.00635));
#3811=CARTESIAN_POINT('',(0.00762,0.,-0.0096139));
#3812=CARTESIAN_POINT('',(0.01778,0.,0.00635));
#3813=CARTESIAN_POINT('',(0.01778,0.,0.0030861));
#3814=CARTESIAN_POINT('',(-0.04318,0.,0.00635));
#3815=CARTESIAN_POINT('',(-0.04318,0.,0.0030861));
#3816=CARTESIAN_POINT('',(0.0381,0.,0.));
#3817=CARTESIAN_POINT('',(-0.04318,0.,0.00635));
#3818=CARTESIAN_POINT('',(0.01778,0.,0.00635));
#3819=CARTESIAN_POINT('',(0.00762,0.,-0.00635));
#3820=CARTESIAN_POINT('',(0.00762,0.,0.00635));
#3821=CARTESIAN_POINT('',(-0.00254,0.,0.00635));
#3822=CARTESIAN_POINT('',(0.01778,0.,-0.00635));
#3823=CARTESIAN_POINT('',(0.02794,0.,-0.00635));
#3824=CARTESIAN_POINT('',(0.02794,0.,0.00635));
#3825=CARTESIAN_POINT('',(-0.03302,0.,0.00635));
#3826=CARTESIAN_POINT('',(-0.02286,0.,0.00635));
#3827=CARTESIAN_POINT('',(-0.04318,0.,-0.00635));
#3828=CARTESIAN_POINT('',(-0.03302,0.,-0.00635));
#3829=CARTESIAN_POINT('',(-0.00254,0.,-0.00635));
#3830=CARTESIAN_POINT('',(-0.0127,0.,-0.00635));
#3831=CARTESIAN_POINT('',(-0.0127,0.,0.00635));
#3832=CARTESIAN_POINT('',(-0.02286,0.,-0.00635));
#3833=CARTESIAN_POINT('',(0.04445,-0.003175,0.01905));
#3834=CARTESIAN_POINT('',(0.0381,-0.003175,0.01905));
#3835=CARTESIAN_POINT('',(0.0381,0.00635,0.01905));
#3836=CARTESIAN_POINT('',(0.0381,-0.0127,0.01905));
#3837=CARTESIAN_POINT('',(0.04445,-0.0127,0.01905));
#3838=CARTESIAN_POINT('',(0.0635,-0.0127,0.01905));
#3839=CARTESIAN_POINT('',(0.0635,-0.003175,0.01905));
#3840=CARTESIAN_POINT('',(0.0635,0.00635,0.01905));
#3841=CARTESIAN_POINT('',(0.04445,0.00635,0.01905));
#3842=CARTESIAN_POINT('',(0.04445,-0.0127,3.46944695195361E-18));
#3843=CARTESIAN_POINT('',(0.0381,-0.0127,3.46944695195361E-18));
#3844=CARTESIAN_POINT('',(0.0381,-0.0127,-0.01905));
#3845=CARTESIAN_POINT('',(0.04445,-0.0127,-0.01905));
#3846=CARTESIAN_POINT('',(0.0635,-0.0127,-0.01905));
#3847=CARTESIAN_POINT('',(0.0635,-0.0127,3.46944695195361E-18));
#3848=CARTESIAN_POINT('',(0.0635,-0.0127,-0.0127));
#3849=CARTESIAN_POINT('',(0.0635,-0.0127,-0.0127));
#3850=CARTESIAN_POINT('',(0.0635,-0.0127,0.0127));
#3851=CARTESIAN_POINT('',(0.0635,-0.0127,0.0127));
#3852=CARTESIAN_POINT('',(0.0635,-0.0127,3.46944695195361E-18));
#3853=CARTESIAN_POINT('',(0.04445,-0.003175,-0.01905));
#3854=CARTESIAN_POINT('',(0.0381,-0.003175,-0.01905));
#3855=CARTESIAN_POINT('',(0.0381,0.00635,-0.01905));
#3856=CARTESIAN_POINT('',(0.04445,0.00635,-0.01905));
#3857=CARTESIAN_POINT('',(0.0635,0.00635,-0.01905));
#3858=CARTESIAN_POINT('',(0.0635,-0.003175,-0.01905));
#3859=CARTESIAN_POINT('',(0.04445,0.00635,3.46944695195361E-18));
#3860=CARTESIAN_POINT('',(0.0381,0.00635,3.46944695195361E-18));
#3861=CARTESIAN_POINT('',(0.0635,0.00635,3.46944695195361E-18));
#3862=CARTESIAN_POINT('',(0.0635,0.00635,0.0127));
#3863=CARTESIAN_POINT('',(0.0635,0.00635,0.0127));
#3864=CARTESIAN_POINT('',(0.0635,0.00635,-0.0127));
#3865=CARTESIAN_POINT('',(0.0635,0.00635,-0.0127));
#3866=CARTESIAN_POINT('',(0.0635,0.00635,3.46944695195361E-18));
#3867=CARTESIAN_POINT('',(0.0381,-0.003175,3.46944695195361E-18));
#3868=CARTESIAN_POINT('',(0.0635,-0.003175,-0.0127));
#3869=CARTESIAN_POINT('',(0.05969,-0.003175,-0.0127));
#3870=CARTESIAN_POINT('',(0.062865,-0.003175,-0.0127));
#3871=CARTESIAN_POINT('',(0.0635,-0.003175,-0.0127));
#3872=CARTESIAN_POINT('',(0.0635,-0.003175,0.));
#3873=CARTESIAN_POINT('',(0.0635,-0.003175,0.0127));
#3874=CARTESIAN_POINT('',(0.05969,-0.003175,0.0127));
#3875=CARTESIAN_POINT('',(0.062865,-0.003175,0.0127));
#3876=CARTESIAN_POINT('',(0.0635,-0.003175,0.0127));
#3877=CARTESIAN_POINT('',(0.0635,-0.003175,0.));
#3878=CARTESIAN_POINT('',(0.05969,-0.003175,0.019052));
#3879=CARTESIAN_POINT('',(-0.105607404823601,-0.282538642795086,-0.273053222560882));
#3880=CARTESIAN_POINT('',(0.148392595176399,-0.282538642795086,-0.273053222560882));
#3881=CARTESIAN_POINT('',(-0.2413,7.77650717458569E-19,0.));
#3882=CARTESIAN_POINT('',(-0.2413,7.77650717458569E-19,5.55111512312578E-17));
#3883=CARTESIAN_POINT('',(-0.2286,7.77650717458569E-19,1.90819582357449E-17));
#3884=CARTESIAN_POINT('',(-0.2413,-1.34889624490852E-17,-0.2667));
#3885=CARTESIAN_POINT('',(-0.254,0.,-0.2667));
#3886=CARTESIAN_POINT('',(-0.2286,0.,-0.2667));
#3887=CARTESIAN_POINT('',(-0.2413,-1.34889624490852E-17,-0.2667));
#3888=CARTESIAN_POINT('',(-0.2413,-0.0127,-0.2794));
#3889=CARTESIAN_POINT('',(-0.2413,7.77650717458569E-19,-0.2794));
#3890=CARTESIAN_POINT('',(-0.2413,-1.34889624490852E-17,-0.2667));
#3891=CARTESIAN_POINT('',(-0.2286,7.77650717458569E-19,1.90819582357449E-17));
#3892=CARTESIAN_POINT('',(-0.2286,7.77650717458569E-19,0.0127));
#3893=CARTESIAN_POINT('',(0.2286,7.77650717458569E-19,0.0127));
#3894=CARTESIAN_POINT('',(0.2286,7.77650717458569E-19,0.0127));
#3895=CARTESIAN_POINT('',(0.2286,7.77650717458569E-19,7.63278329429795E-17));
#3896=CARTESIAN_POINT('',(0.2286,7.77650717458569E-19,7.63278329429795E-17));
#3897=CARTESIAN_POINT('',(0.2413,7.77650717458569E-19,0.));
#3898=CARTESIAN_POINT('',(0.2413,7.77650717458569E-19,-0.2794));
#3899=CARTESIAN_POINT('',(0.2413,-1.34889624490852E-17,-0.2667));
#3900=CARTESIAN_POINT('',(0.254,0.,-0.2667));
#3901=CARTESIAN_POINT('',(0.2286,0.,-0.2667));
#3902=CARTESIAN_POINT('',(0.2413,-1.34889624490852E-17,-0.2667));
#3903=CARTESIAN_POINT('',(0.2413,-0.0127,-0.2794));
#3904=CARTESIAN_POINT('',(0.2413,7.77650717458569E-19,-0.2794));
#3905=CARTESIAN_POINT('',(0.2413,-1.34889624490852E-17,-0.2667));
#3906=CARTESIAN_POINT('',(1.04561246509967E-16,0.,-0.2794));
#3907=CARTESIAN_POINT('',(5.55111512312578E-17,0.,-0.2794));
#3908=CARTESIAN_POINT('',(-0.2413,-0.1016,-0.2667));
#3909=CARTESIAN_POINT('',(-0.2413,-0.1016,-0.2667));
#3910=CARTESIAN_POINT('',(-0.2413,-0.1016,-0.2794));
#3911=CARTESIAN_POINT('',(0.,-0.1016,-0.1397));
#3912=CARTESIAN_POINT('',(0.2413,-0.1016,-0.2667));
#3913=CARTESIAN_POINT('',(0.2413,-0.1016,-0.2667));
#3914=CARTESIAN_POINT('',(0.2413,-0.1016,-0.2794));
#3915=CARTESIAN_POINT('',(0.,-0.1016,-0.1397));
#3916=CARTESIAN_POINT('',(0.0168568459339439,-2.51237419343537E-18,-0.00848329967334868));
#3917=CARTESIAN_POINT('',(-0.194507404823602,-0.0501286427950859,-0.196853222560883));
#3918=MECHANICAL_DESIGN_GEOMETRIC_PRESENTATION_REPRESENTATION('',(#2341,
#2342,#2343,#2344,#2345,#2346,#2347),#3919);
#3919=(
GEOMETRIC_REPRESENTATION_CONTEXT(3)
GLOBAL_UNCERTAINTY_ASSIGNED_CONTEXT((#3927))
GLOBAL_UNIT_ASSIGNED_CONTEXT((#3937,#3936,#3935))
REPRESENTATION_CONTEXT('Snap Dragon','TOP_LEVEL_ASSEMBLY_PART')
);
#3920=(
GEOMETRIC_REPRESENTATION_CONTEXT(3)
GLOBAL_UNCERTAINTY_ASSIGNED_CONTEXT((#3928))
GLOBAL_UNIT_ASSIGNED_CONTEXT((#3937,#3936,#3935))
REPRESENTATION_CONTEXT('Short','COMPONENT_PART')
);
#3921=(
GEOMETRIC_REPRESENTATION_CONTEXT(3)
GLOBAL_UNCERTAINTY_ASSIGNED_CONTEXT((#3929))
GLOBAL_UNIT_ASSIGNED_CONTEXT((#3937,#3936,#3935))
REPRESENTATION_CONTEXT('Chair Clamp','COMPONENT_PART')
);
#3922=(
GEOMETRIC_REPRESENTATION_CONTEXT(3)
GLOBAL_UNCERTAINTY_ASSIGNED_CONTEXT((#3930))
GLOBAL_UNIT_ASSIGNED_CONTEXT((#3937,#3936,#3935))
REPRESENTATION_CONTEXT('Part 2','COMPONENT_PART')
);
#3923=(
GEOMETRIC_REPRESENTATION_CONTEXT(3)
GLOBAL_UNCERTAINTY_ASSIGNED_CONTEXT((#3931))
GLOBAL_UNIT_ASSIGNED_CONTEXT((#3937,#3936,#3935))
REPRESENTATION_CONTEXT('SnapDragon','COMPONENT_PART')
);
#3924=(
GEOMETRIC_REPRESENTATION_CONTEXT(3)
GLOBAL_UNCERTAINTY_ASSIGNED_CONTEXT((#3932))
GLOBAL_UNIT_ASSIGNED_CONTEXT((#3937,#3936,#3935))
REPRESENTATION_CONTEXT('Board','COMPONENT_PART')
);
#3925=(
GEOMETRIC_REPRESENTATION_CONTEXT(3)
GLOBAL_UNCERTAINTY_ASSIGNED_CONTEXT((#3933))
GLOBAL_UNIT_ASSIGNED_CONTEXT((#3937,#3936,#3935))
REPRESENTATION_CONTEXT('Part 1','COMPONENT_PART')
);
#3926=(
GEOMETRIC_REPRESENTATION_CONTEXT(3)
GLOBAL_UNCERTAINTY_ASSIGNED_CONTEXT((#3934))
GLOBAL_UNIT_ASSIGNED_CONTEXT((#3937,#3936,#3935))
REPRESENTATION_CONTEXT('Standin','COMPONENT_PART')
);
#3927=UNCERTAINTY_MEASURE_WITH_UNIT(LENGTH_MEASURE(1.E-8),#3937,
'DISTANCE_ACCURACY_VALUE','Maximum Tolerance applied to model');
#3928=UNCERTAINTY_MEASURE_WITH_UNIT(LENGTH_MEASURE(1.E-8),#3937,
'DISTANCE_ACCURACY_VALUE','Maximum Tolerance applied to model');
#3929=UNCERTAINTY_MEASURE_WITH_UNIT(LENGTH_MEASURE(1.E-8),#3937,
'DISTANCE_ACCURACY_VALUE','Maximum Tolerance applied to model');
#3930=UNCERTAINTY_MEASURE_WITH_UNIT(LENGTH_MEASURE(1.E-8),#3937,
'DISTANCE_ACCURACY_VALUE','Maximum Tolerance applied to model');
#3931=UNCERTAINTY_MEASURE_WITH_UNIT(LENGTH_MEASURE(1.E-8),#3937,
'DISTANCE_ACCURACY_VALUE','Maximum Tolerance applied to model');
#3932=UNCERTAINTY_MEASURE_WITH_UNIT(LENGTH_MEASURE(1.E-8),#3937,
'DISTANCE_ACCURACY_VALUE','Maximum Tolerance applied to model');
#3933=UNCERTAINTY_MEASURE_WITH_UNIT(LENGTH_MEASURE(1.E-8),#3937,
'DISTANCE_ACCURACY_VALUE','Maximum Tolerance applied to model');
#3934=UNCERTAINTY_MEASURE_WITH_UNIT(LENGTH_MEASURE(1.E-8),#3937,
'DISTANCE_ACCURACY_VALUE','Maximum Tolerance applied to model');
#3935=(
NAMED_UNIT(*)
SI_UNIT($,.STERADIAN.)
SOLID_ANGLE_UNIT()
);
#3936=(
NAMED_UNIT(*)
PLANE_ANGLE_UNIT()
SI_UNIT($,.RADIAN.)
);
#3937=(
LENGTH_UNIT()
NAMED_UNIT(*)
SI_UNIT($,.METRE.)
);
#3938=PRODUCT_DEFINITION_SHAPE('','',#3958);
#3939=PRODUCT_DEFINITION_SHAPE('','',#3959);
#3940=PRODUCT_DEFINITION_SHAPE(' ','NAUO PRDDFN',#30);
#3941=PRODUCT_DEFINITION_SHAPE('','',#3960);
#3942=PRODUCT_DEFINITION_SHAPE(' ','NAUO PRDDFN',#31);
#3943=PRODUCT_DEFINITION_SHAPE(' ','NAUO PRDDFN',#32);
#3944=PRODUCT_DEFINITION_SHAPE('','',#3961);
#3945=PRODUCT_DEFINITION_SHAPE(' ','NAUO PRDDFN',#33);
#3946=PRODUCT_DEFINITION_SHAPE(' ','NAUO PRDDFN',#34);
#3947=PRODUCT_DEFINITION_SHAPE(' ','NAUO PRDDFN',#35);
#3948=PRODUCT_DEFINITION_SHAPE('','',#3962);
#3949=PRODUCT_DEFINITION_SHAPE(' ','NAUO PRDDFN',#36);
#3950=PRODUCT_DEFINITION_SHAPE('','',#3963);
#3951=PRODUCT_DEFINITION_SHAPE(' ','NAUO PRDDFN',#37);
#3952=PRODUCT_DEFINITION_SHAPE('','',#3964);
#3953=PRODUCT_DEFINITION_SHAPE(' ','NAUO PRDDFN',#38);
#3954=PRODUCT_DEFINITION_SHAPE(' ','NAUO PRDDFN',#39);
#3955=PRODUCT_DEFINITION_SHAPE('','',#3965);
#3956=PRODUCT_DEFINITION_SHAPE(' ','NAUO PRDDFN',#40);
#3957=PRODUCT_DEFINITION_SHAPE(' ','NAUO PRDDFN',#41);
#3958=PRODUCT_DEFINITION('','',#3974,#3966);
#3959=PRODUCT_DEFINITION('','',#3975,#3967);
#3960=PRODUCT_DEFINITION('','',#3976,#3968);
#3961=PRODUCT_DEFINITION('','',#3977,#3969);
#3962=PRODUCT_DEFINITION('','',#3978,#3970);
#3963=PRODUCT_DEFINITION('','',#3979,#3971);
#3964=PRODUCT_DEFINITION('','',#3980,#3972);
#3965=PRODUCT_DEFINITION('','',#3981,#3973);
#3966=PRODUCT_DEFINITION_CONTEXT('',#4015,'design');
#3967=PRODUCT_DEFINITION_CONTEXT('',#4015,'design');
#3968=PRODUCT_DEFINITION_CONTEXT('',#4015,'design');
#3969=PRODUCT_DEFINITION_CONTEXT('',#4015,'design');
#3970=PRODUCT_DEFINITION_CONTEXT('',#4015,'design');
#3971=PRODUCT_DEFINITION_CONTEXT('',#4015,'design');
#3972=PRODUCT_DEFINITION_CONTEXT('',#4015,'design');
#3973=PRODUCT_DEFINITION_CONTEXT('',#4015,'design');
#3974=PRODUCT_DEFINITION_FORMATION_WITH_SPECIFIED_SOURCE('','',#3990,
 .NOT_KNOWN.);
#3975=PRODUCT_DEFINITION_FORMATION_WITH_SPECIFIED_SOURCE('','',#3991,
 .NOT_KNOWN.);
#3976=PRODUCT_DEFINITION_FORMATION_WITH_SPECIFIED_SOURCE('','',#3992,
 .NOT_KNOWN.);
#3977=PRODUCT_DEFINITION_FORMATION_WITH_SPECIFIED_SOURCE('','',#3993,
 .NOT_KNOWN.);
#3978=PRODUCT_DEFINITION_FORMATION_WITH_SPECIFIED_SOURCE('','',#3994,
 .NOT_KNOWN.);
#3979=PRODUCT_DEFINITION_FORMATION_WITH_SPECIFIED_SOURCE('','',#3995,
 .NOT_KNOWN.);
#3980=PRODUCT_DEFINITION_FORMATION_WITH_SPECIFIED_SOURCE('','',#3996,
 .NOT_KNOWN.);
#3981=PRODUCT_DEFINITION_FORMATION_WITH_SPECIFIED_SOURCE('','',#3997,
 .NOT_KNOWN.);
#3982=PRODUCT_RELATED_PRODUCT_CATEGORY('','',(#3990));
#3983=PRODUCT_RELATED_PRODUCT_CATEGORY('','',(#3991));
#3984=PRODUCT_RELATED_PRODUCT_CATEGORY('','',(#3992));
#3985=PRODUCT_RELATED_PRODUCT_CATEGORY('','',(#3993));
#3986=PRODUCT_RELATED_PRODUCT_CATEGORY('','',(#3994));
#3987=PRODUCT_RELATED_PRODUCT_CATEGORY('','',(#3995));
#3988=PRODUCT_RELATED_PRODUCT_CATEGORY('','',(#3996));
#3989=PRODUCT_RELATED_PRODUCT_CATEGORY('','',(#3997));
#3990=PRODUCT('Snap Dragon','Snap Dragon','Snap Dragon',(#4006));
#3991=PRODUCT('Short','Short','Short',(#4007));
#3992=PRODUCT('Chair Clamp','Chair Clamp','Chair Clamp',(#4008));
#3993=PRODUCT('Part 2','Part 2','Part 2',(#4009));
#3994=PRODUCT('SnapDragon','SnapDragon','SnapDragon',(#4010));
#3995=PRODUCT('Board','Board','Board',(#4011));
#3996=PRODUCT('Part 1','Part 1','Part 1',(#4012));
#3997=PRODUCT('Standin','Standin','Standin',(#4013));
#3998=PRODUCT_CATEGORY('','');
#3999=PRODUCT_CATEGORY('','');
#4000=PRODUCT_CATEGORY('','');
#4001=PRODUCT_CATEGORY('','');
#4002=PRODUCT_CATEGORY('','');
#4003=PRODUCT_CATEGORY('','');
#4004=PRODUCT_CATEGORY('','');
#4005=PRODUCT_CATEGORY('','');
#4006=PRODUCT_CONTEXT('',#4015,'mechanical');
#4007=PRODUCT_CONTEXT('',#4015,'mechanical');
#4008=PRODUCT_CONTEXT('',#4015,'mechanical');
#4009=PRODUCT_CONTEXT('',#4015,'mechanical');
#4010=PRODUCT_CONTEXT('',#4015,'mechanical');
#4011=PRODUCT_CONTEXT('',#4015,'mechanical');
#4012=PRODUCT_CONTEXT('',#4015,'mechanical');
#4013=PRODUCT_CONTEXT('',#4015,'mechanical');
#4014=APPLICATION_PROTOCOL_DEFINITION('international standard',
'ap242_managed_model_based_3d_engineering',2020,#4015);
#4015=APPLICATION_CONTEXT('managed model based 3d engineering');
ENDSEC;
END-ISO-10303-21;
