ISO-10303-21;
HEADER;
/* Generated by software containing ST-Developer
 * from STEP Tools, Inc. (www.steptools.com) 
 */
/* OPTION: using custom renumber hook */

FILE_DESCRIPTION(
/* description */ ('STEP AP242 Edition 2',
'CAx-IF Rec.Pracs.---Representation and Presentation of Product Manufa
cturing Information (PMI)---4.0---2014-10-13',
'CAx-IF Rec.Pracs.---3D Tessellated Geometry---0.4---2014-09-14','2;1',
'CAx-IF Rec.Pracs.---User Defined Attributes---1.5---2016-08-15'),
/* implementation_level */ '2;1');

FILE_NAME(
/* name */ 'WIllie',
/* time_stamp */ '2026-08-07T03:02:46Z',
/* author */ (''),
/* organization */ (''),
/* preprocessor_version */ 'ST-DEVELOPER v20',
/* originating_system */ 'ONSHAPE BY PTC INC, 1.218',
/* authorisation */ '  ');

FILE_SCHEMA (('AP242_MANAGED_MODEL_BASED_3D_ENGINEERING_MIM_LF { 1 0 10303 442 3 1 4 }'));
ENDSEC;

DATA;
#10=SHAPE_REPRESENTATION_RELATIONSHIP('','',#2273,#11);
#11=ADVANCED_BREP_SHAPE_REPRESENTATION('',(#2271),#6643);
#12=CYLINDRICAL_SURFACE('',#2283,0.00161379901026125);
#13=CYLINDRICAL_SURFACE('',#2286,0.000360806098426076);
#14=CYLINDRICAL_SURFACE('',#2289,0.000673394553297233);
#15=CYLINDRICAL_SURFACE('',#2294,0.00124988408499956);
#16=CYLINDRICAL_SURFACE('',#2298,0.000644635306127039);
#17=CYLINDRICAL_SURFACE('',#2303,0.00122514514464025);
#18=CYLINDRICAL_SURFACE('',#2309,0.00815363640953643);
#19=CYLINDRICAL_SURFACE('',#2311,0.00812488159390773);
#20=CYLINDRICAL_SURFACE('',#2319,0.000360806098426123);
#21=CYLINDRICAL_SURFACE('',#2336,0.000357890739900287);
#22=CYLINDRICAL_SURFACE('',#2339,0.000382503826781379);
#23=CYLINDRICAL_SURFACE('',#2342,0.000358672346456139);
#24=CYLINDRICAL_SURFACE('',#2345,0.000334870260900483);
#25=CYLINDRICAL_SURFACE('',#2348,0.000381751169483899);
#26=CYLINDRICAL_SURFACE('',#2351,0.000384696445291134);
#27=B_SPLINE_SURFACE_WITH_KNOTS('',3,1,((#3584,#3585),(#3586,#3587),(#3588,
#3589),(#3590,#3591),(#3592,#3593),(#3594,#3595),(#3596,#3597),(#3598,#3599),
(#3600,#3601),(#3602,#3603),(#3604,#3605),(#3606,#3607),(#3608,#3609),(#3610,
#3611),(#3612,#3613),(#3614,#3615),(#3616,#3617),(#3618,#3619),(#3620,#3621),
(#3622,#3623),(#3624,#3625),(#3626,#3627),(#3628,#3629),(#3630,#3631),(#3632,
#3633),(#3634,#3635),(#3636,#3637),(#3638,#3639),(#3640,#3641),(#3642,#3643),
(#3644,#3645),(#3646,#3647),(#3648,#3649),(#3650,#3651),(#3652,#3653),(#3654,
#3655),(#3656,#3657),(#3658,#3659),(#3660,#3661),(#3662,#3663),(#3664,#3665),
(#3666,#3667),(#3668,#3669),(#3670,#3671),(#3672,#3673),(#3674,#3675),(#3676,
#3677),(#3678,#3679),(#3680,#3681),(#3682,#3683),(#3684,#3685),(#3686,#3687),
(#3688,#3689),(#3690,#3691),(#3692,#3693),(#3694,#3695),(#3696,#3697),(#3698,
#3699),(#3700,#3701),(#3702,#3703),(#3704,#3705),(#3706,#3707),(#3708,#3709),
(#3710,#3711),(#3712,#3713),(#3714,#3715),(#3716,#3717),(#3718,#3719),(#3720,
#3721),(#3722,#3723),(#3724,#3725),(#3726,#3727),(#3728,#3729),(#3730,#3731),
(#3732,#3733),(#3734,#3735),(#3736,#3737),(#3738,#3739),(#3740,#3741),(#3742,
#3743),(#3744,#3745),(#3746,#3747),(#3748,#3749),(#3750,#3751),(#3752,#3753),
(#3754,#3755),(#3756,#3757),(#3758,#3759),(#3760,#3761),(#3762,#3763),(#3764,
#3765),(#3766,#3767),(#3768,#3769),(#3770,#3771),(#3772,#3773),(#3774,#3775),
(#3776,#3777),(#3778,#3779),(#3780,#3781),(#3782,#3783),(#3784,#3785),(#3786,
#3787),(#3788,#3789),(#3790,#3791),(#3792,#3793),(#3794,#3795),(#3796,#3797),
(#3798,#3799),(#3800,#3801),(#3802,#3803),(#3804,#3805),(#3806,#3807),(#3808,
#3809),(#3810,#3811),(#3812,#3813),(#3814,#3815),(#3816,#3817),(#3818,#3819),
(#3820,#3821),(#3822,#3823),(#3824,#3825),(#3826,#3827),(#3828,#3829),(#3830,
#3831),(#3832,#3833),(#3834,#3835),(#3836,#3837),(#3838,#3839),(#3840,#3841),
(#3842,#3843),(#3844,#3845),(#3846,#3847),(#3848,#3849),(#3850,#3851),(#3852,
#3853),(#3854,#3855),(#3856,#3857),(#3858,#3859),(#3860,#3861),(#3862,#3863),
(#3864,#3865),(#3866,#3867),(#3868,#3869),(#3870,#3871),(#3872,#3873),(#3874,
#3875),(#3876,#3877),(#3878,#3879),(#3880,#3881),(#3882,#3883),(#3884,#3885),
(#3886,#3887),(#3888,#3889),(#3890,#3891),(#3892,#3893),(#3894,#3895)),
 .SURF_OF_LINEAR_EXTRUSION.,.F.,.F.,.F.,(4,1,1,1,1,1,1,1,1,1,1,1,1,1,1,
1,1,1,1,1,1,1,1,1,1,1,1,1,1,1,1,1,1,1,1,1,1,1,1,1,1,1,1,1,1,1,1,1,1,1,1,
1,1,1,1,1,1,1,1,1,1,1,1,1,1,1,1,1,1,1,1,1,1,1,1,1,1,1,1,1,1,1,1,1,1,1,1,
1,1,1,1,1,1,1,1,1,1,1,1,1,1,1,1,1,1,1,1,1,1,1,1,1,1,1,1,1,1,1,1,1,1,1,1,
1,1,1,1,1,1,1,1,1,1,1,1,1,1,1,1,1,1,1,1,1,1,1,1,1,1,1,1,1,1,4),(2,2),(0.,
0.0078125,0.015625,0.0234375,0.03125,0.0390625,0.046875,0.05078125,0.0546875,
0.0625,0.0703125,0.078125,0.08203125,0.0859375,0.09375,0.09765625,0.1015625,
0.10546875,0.109375,0.1171875,0.12109375,0.125,0.1328125,0.140625,0.14453125,
0.1484375,0.15234375,0.15625,0.16015625,0.1640625,0.171875,0.17578125,0.1796875,
0.18359375,0.1875,0.1953125,0.19921875,0.203125,0.20703125,0.2109375,0.21875,
0.2265625,0.234375,0.2421875,0.25,0.2578125,0.265625,0.2734375,0.28125,
0.2890625,0.296875,0.30078125,0.3046875,0.3125,0.31640625,0.3203125,0.328125,
0.3359375,0.34375,0.3515625,0.35546875,0.359375,0.3671875,0.37109375,0.375,
0.3828125,0.390625,0.3984375,0.40625,0.4140625,0.421875,0.4296875,0.4375,
0.4453125,0.453125,0.4609375,0.46875,0.4765625,0.484375,0.4921875,0.5,0.5078125,
0.515625,0.5234375,0.53125,0.5390625,0.54296875,0.546875,0.55078125,0.5546875,
0.55859375,0.5625,0.56640625,0.5703125,0.57421875,0.578125,0.5859375,0.59375,
0.6015625,0.609375,0.6171875,0.625,0.62890625,0.6328125,0.640625,0.6484375,
0.65625,0.66015625,0.6640625,0.671875,0.67578125,0.6796875,0.6875,0.6953125,
0.69921875,0.703125,0.7109375,0.71875,0.72265625,0.7265625,0.734375,0.7421875,
0.75,0.75390625,0.7578125,0.765625,0.76953125,0.7734375,0.78125,0.7890625,
0.796875,0.8046875,0.8125,0.8203125,0.828125,0.84375,0.859375,0.8671875,
0.875,0.8828125,0.890625,0.8984375,0.90625,0.921875,0.9296875,0.9375,0.9453125,
0.953125,0.9609375,0.96875,0.9765625,0.984375,0.9921875,1.),(0.,1.),
 .UNSPECIFIED.);
#28=B_SPLINE_SURFACE_WITH_KNOTS('',3,1,((#3963,#3964),(#3965,#3966),(#3967,
#3968),(#3969,#3970),(#3971,#3972),(#3973,#3974),(#3975,#3976),(#3977,#3978),
(#3979,#3980),(#3981,#3982),(#3983,#3984),(#3985,#3986),(#3987,#3988),(#3989,
#3990),(#3991,#3992),(#3993,#3994),(#3995,#3996),(#3997,#3998),(#3999,#4000),
(#4001,#4002),(#4003,#4004),(#4005,#4006),(#4007,#4008),(#4009,#4010),(#4011,
#4012),(#4013,#4014),(#4015,#4016),(#4017,#4018),(#4019,#4020),(#4021,#4022),
(#4023,#4024),(#4025,#4026),(#4027,#4028),(#4029,#4030),(#4031,#4032),(#4033,
#4034),(#4035,#4036),(#4037,#4038),(#4039,#4040),(#4041,#4042),(#4043,#4044),
(#4045,#4046),(#4047,#4048),(#4049,#4050),(#4051,#4052),(#4053,#4054),(#4055,
#4056),(#4057,#4058),(#4059,#4060),(#4061,#4062),(#4063,#4064),(#4065,#4066),
(#4067,#4068),(#4069,#4070),(#4071,#4072),(#4073,#4074),(#4075,#4076),(#4077,
#4078),(#4079,#4080),(#4081,#4082),(#4083,#4084),(#4085,#4086),(#4087,#4088),
(#4089,#4090),(#4091,#4092),(#4093,#4094),(#4095,#4096),(#4097,#4098),(#4099,
#4100),(#4101,#4102),(#4103,#4104),(#4105,#4106),(#4107,#4108),(#4109,#4110),
(#4111,#4112),(#4113,#4114),(#4115,#4116),(#4117,#4118),(#4119,#4120),(#4121,
#4122),(#4123,#4124),(#4125,#4126),(#4127,#4128),(#4129,#4130),(#4131,#4132),
(#4133,#4134),(#4135,#4136),(#4137,#4138),(#4139,#4140),(#4141,#4142),(#4143,
#4144),(#4145,#4146),(#4147,#4148),(#4149,#4150),(#4151,#4152),(#4153,#4154),
(#4155,#4156),(#4157,#4158),(#4159,#4160),(#4161,#4162),(#4163,#4164),(#4165,
#4166),(#4167,#4168),(#4169,#4170),(#4171,#4172),(#4173,#4174),(#4175,#4176)),
 .SURF_OF_LINEAR_EXTRUSION.,.F.,.F.,.F.,(4,1,1,1,1,1,1,1,1,1,1,1,1,1,1,
1,1,1,1,1,1,1,1,1,1,1,1,1,1,1,1,1,1,1,1,1,1,1,1,1,1,1,1,1,1,1,1,1,1,1,1,
1,1,1,1,1,1,1,1,1,1,1,1,1,1,1,1,1,1,1,1,1,1,1,1,1,1,1,1,1,1,1,1,1,1,1,1,
1,1,1,1,1,1,1,1,1,1,1,1,1,1,1,1,1,4),(2,2),(0.,0.0078125,0.01171875,0.015625,
0.0234375,0.03125,0.0390625,0.046875,0.0546875,0.0625,0.0703125,0.078125,
0.0859375,0.09375,0.1015625,0.109375,0.1171875,0.125,0.1328125,0.140625,
0.1484375,0.15234375,0.15625,0.1640625,0.171875,0.1796875,0.1875,0.1953125,
0.203125,0.2109375,0.21875,0.2265625,0.234375,0.2421875,0.25,0.2578125,
0.265625,0.2734375,0.28125,0.2890625,0.296875,0.3046875,0.3125,0.3203125,
0.328125,0.3359375,0.34375,0.359375,0.375,0.390625,0.40625,0.4140625,0.421875,
0.4375,0.4453125,0.453125,0.46875,0.4765625,0.484375,0.4921875,0.5,0.5078125,
0.515625,0.5234375,0.53125,0.5390625,0.546875,0.5546875,0.5625,0.5703125,
0.578125,0.5859375,0.59375,0.6015625,0.609375,0.6171875,0.625,0.6328125,
0.640625,0.6484375,0.65625,0.671875,0.6875,0.703125,0.71875,0.7265625,0.734375,
0.75,0.7578125,0.765625,0.78125,0.7890625,0.796875,0.8046875,0.8125,0.828125,
0.84375,0.859375,0.875,0.890625,0.90625,0.921875,0.9375,0.96875,1.),(0.,
1.),.UNSPECIFIED.);
#29=B_SPLINE_SURFACE_WITH_KNOTS('',3,1,((#4226,#4227),(#4228,#4229),(#4230,
#4231),(#4232,#4233)),.SURF_OF_LINEAR_EXTRUSION.,.F.,.F.,.F.,(4,4),(2,2),
(0.,1.),(0.,1.),.PIECEWISE_BEZIER_KNOTS.);
#30=B_SPLINE_SURFACE_WITH_KNOTS('',3,1,((#4241,#4242),(#4243,#4244),(#4245,
#4246),(#4247,#4248)),.SURF_OF_LINEAR_EXTRUSION.,.F.,.F.,.F.,(4,4),(2,2),
(0.,1.),(0.,1.),.PIECEWISE_BEZIER_KNOTS.);
#31=B_SPLINE_SURFACE_WITH_KNOTS('',3,1,((#4258,#4259),(#4260,#4261),(#4262,
#4263),(#4264,#4265)),.SURF_OF_LINEAR_EXTRUSION.,.F.,.F.,.F.,(4,4),(2,2),
(0.,1.),(0.,1.),.PIECEWISE_BEZIER_KNOTS.);
#32=B_SPLINE_SURFACE_WITH_KNOTS('',3,1,((#4271,#4272),(#4273,#4274),(#4275,
#4276),(#4277,#4278)),.SURF_OF_LINEAR_EXTRUSION.,.F.,.F.,.F.,(4,4),(2,2),
(0.,1.),(0.,1.),.PIECEWISE_BEZIER_KNOTS.);
#33=B_SPLINE_SURFACE_WITH_KNOTS('',3,1,((#4284,#4285),(#4286,#4287),(#4288,
#4289),(#4290,#4291)),.SURF_OF_LINEAR_EXTRUSION.,.F.,.F.,.F.,(4,4),(2,2),
(0.,1.),(0.,1.),.PIECEWISE_BEZIER_KNOTS.);
#34=B_SPLINE_SURFACE_WITH_KNOTS('',3,1,((#4297,#4298),(#4299,#4300),(#4301,
#4302),(#4303,#4304)),.SURF_OF_LINEAR_EXTRUSION.,.F.,.F.,.F.,(4,4),(2,2),
(0.,1.),(0.,1.),.PIECEWISE_BEZIER_KNOTS.);
#35=B_SPLINE_SURFACE_WITH_KNOTS('',3,1,((#4310,#4311),(#4312,#4313),(#4314,
#4315),(#4316,#4317)),.SURF_OF_LINEAR_EXTRUSION.,.F.,.F.,.F.,(4,4),(2,2),
(0.,1.),(0.,1.),.PIECEWISE_BEZIER_KNOTS.);
#36=B_SPLINE_SURFACE_WITH_KNOTS('',3,1,((#4405,#4406),(#4407,#4408),(#4409,
#4410),(#4411,#4412)),.SURF_OF_LINEAR_EXTRUSION.,.F.,.F.,.F.,(4,4),(2,2),
(0.,1.),(0.,1.),.PIECEWISE_BEZIER_KNOTS.);
#37=B_SPLINE_SURFACE_WITH_KNOTS('',3,1,((#4420,#4421),(#4422,#4423),(#4424,
#4425),(#4426,#4427)),.SURF_OF_LINEAR_EXTRUSION.,.F.,.F.,.F.,(4,4),(2,2),
(0.,1.),(0.,1.),.PIECEWISE_BEZIER_KNOTS.);
#38=B_SPLINE_SURFACE_WITH_KNOTS('',3,1,((#4437,#4438),(#4439,#4440),(#4441,
#4442),(#4443,#4444)),.SURF_OF_LINEAR_EXTRUSION.,.F.,.F.,.F.,(4,4),(2,2),
(0.,1.),(0.,1.),.PIECEWISE_BEZIER_KNOTS.);
#39=B_SPLINE_SURFACE_WITH_KNOTS('',3,1,((#4450,#4451),(#4452,#4453),(#4454,
#4455),(#4456,#4457)),.SURF_OF_LINEAR_EXTRUSION.,.F.,.F.,.F.,(4,4),(2,2),
(0.,1.),(0.,1.),.PIECEWISE_BEZIER_KNOTS.);
#40=B_SPLINE_SURFACE_WITH_KNOTS('',3,1,((#4463,#4464),(#4465,#4466),(#4467,
#4468),(#4469,#4470)),.SURF_OF_LINEAR_EXTRUSION.,.F.,.F.,.F.,(4,4),(2,2),
(0.,1.),(0.,1.),.PIECEWISE_BEZIER_KNOTS.);
#41=B_SPLINE_SURFACE_WITH_KNOTS('',3,1,((#4476,#4477),(#4478,#4479),(#4480,
#4481),(#4482,#4483)),.SURF_OF_LINEAR_EXTRUSION.,.F.,.F.,.F.,(4,4),(2,2),
(0.,1.),(0.,1.),.PIECEWISE_BEZIER_KNOTS.);
#42=B_SPLINE_SURFACE_WITH_KNOTS('',3,1,((#4489,#4490),(#4491,#4492),(#4493,
#4494),(#4495,#4496)),.SURF_OF_LINEAR_EXTRUSION.,.F.,.F.,.F.,(4,4),(2,2),
(0.,1.),(0.,1.),.PIECEWISE_BEZIER_KNOTS.);
#43=B_SPLINE_SURFACE_WITH_KNOTS('',3,1,((#4507,#4508),(#4509,#4510),(#4511,
#4512),(#4513,#4514),(#4515,#4516),(#4517,#4518),(#4519,#4520),(#4521,#4522),
(#4523,#4524),(#4525,#4526)),.SURF_OF_LINEAR_EXTRUSION.,.T.,.F.,.F.,(1,
3,1,1,1,1,1,1,3,1),(2,2),(-0.149756907868259,0.,0.153911949280555,0.292632099863864,
0.42568475873776,0.525183575377912,0.71692362694967,0.850243092131741,1.,
1.15391194928055),(0.,1.),.UNSPECIFIED.);
#44=B_SPLINE_SURFACE_WITH_KNOTS('',3,1,((#4549,#4550),(#4551,#4552),(#4553,
#4554),(#4555,#4556),(#4557,#4558),(#4559,#4560),(#4561,#4562),(#4563,#4564),
(#4565,#4566),(#4567,#4568),(#4569,#4570),(#4571,#4572),(#4573,#4574),(#4575,
#4576),(#4577,#4578),(#4579,#4580),(#4581,#4582),(#4583,#4584),(#4585,#4586),
(#4587,#4588),(#4589,#4590),(#4591,#4592),(#4593,#4594),(#4595,#4596),(#4597,
#4598),(#4599,#4600),(#4601,#4602),(#4603,#4604),(#4605,#4606),(#4607,#4608),
(#4609,#4610),(#4611,#4612),(#4613,#4614),(#4615,#4616),(#4617,#4618),(#4619,
#4620),(#4621,#4622),(#4623,#4624),(#4625,#4626),(#4627,#4628),(#4629,#4630),
(#4631,#4632),(#4633,#4634),(#4635,#4636),(#4637,#4638),(#4639,#4640),(#4641,
#4642),(#4643,#4644),(#4645,#4646),(#4647,#4648),(#4649,#4650),(#4651,#4652),
(#4653,#4654),(#4655,#4656),(#4657,#4658),(#4659,#4660),(#4661,#4662),(#4663,
#4664)),.SURF_OF_LINEAR_EXTRUSION.,.F.,.F.,.F.,(4,1,1,1,1,1,1,1,1,1,1,1,
1,1,1,1,1,1,1,1,1,1,1,1,1,1,1,1,1,1,1,1,1,1,1,1,1,1,1,1,1,1,1,1,1,1,1,1,
1,1,1,1,1,1,1,4),(2,2),(0.,0.0357884931036297,0.0475303035162289,0.0664560440291966,
0.0869686646712436,0.109120282883916,0.124914434390716,0.141554911180161,
0.156319883031523,0.173738990033932,0.193004590549452,0.21299297772247,
0.227903299272158,0.244607944601002,0.257146091198536,0.275525217755365,
0.289569572973675,0.309571117090693,0.322251228836052,0.341267195253709,
0.356971882530484,0.371350921824195,0.390079283142192,0.406599952362175,
0.425594657862696,0.44560752008518,0.462543120169398,0.483513415163563,
0.506574028406179,0.52242948753696,0.53852428781457,0.558089228911278,0.577957440153342,
0.600334064579722,0.615731789635278,0.633183785348352,0.651744703832482,
0.665435069188461,0.682665882874807,0.697291691437052,0.708145333613873,
0.723908920294718,0.74036062775123,0.757130082374572,0.768403394563016,
0.784032179701368,0.797494220622772,0.814986422770052,0.834060820636123,
0.848981755951957,0.867365136211373,0.889959654508803,0.917828742501843,
0.944139682762799,0.981071166565542,1.),(0.,1.),.UNSPECIFIED.);
#45=B_SPLINE_SURFACE_WITH_KNOTS('',3,1,((#4745,#4746),(#4747,#4748),(#4749,
#4750),(#4751,#4752)),.SURF_OF_LINEAR_EXTRUSION.,.F.,.F.,.F.,(4,4),(2,2),
(0.,1.),(0.,1.),.PIECEWISE_BEZIER_KNOTS.);
#46=B_SPLINE_SURFACE_WITH_KNOTS('',3,1,((#4762,#4763),(#4764,#4765),(#4766,
#4767),(#4768,#4769)),.SURF_OF_LINEAR_EXTRUSION.,.F.,.F.,.F.,(4,4),(2,2),
(0.,1.),(0.,1.),.PIECEWISE_BEZIER_KNOTS.);
#47=B_SPLINE_SURFACE_WITH_KNOTS('',3,1,((#4779,#4780),(#4781,#4782),(#4783,
#4784),(#4785,#4786)),.SURF_OF_LINEAR_EXTRUSION.,.F.,.F.,.F.,(4,4),(2,2),
(0.,1.),(0.,1.),.PIECEWISE_BEZIER_KNOTS.);
#48=B_SPLINE_SURFACE_WITH_KNOTS('',3,1,((#4818,#4819),(#4820,#4821),(#4822,
#4823),(#4824,#4825)),.SURF_OF_LINEAR_EXTRUSION.,.F.,.F.,.F.,(4,4),(2,2),
(0.,1.),(0.,1.),.PIECEWISE_BEZIER_KNOTS.);
#49=B_SPLINE_SURFACE_WITH_KNOTS('',3,1,((#4831,#4832),(#4833,#4834),(#4835,
#4836),(#4837,#4838)),.SURF_OF_LINEAR_EXTRUSION.,.F.,.F.,.F.,(4,4),(2,2),
(0.,1.),(0.,1.),.PIECEWISE_BEZIER_KNOTS.);
#50=B_SPLINE_SURFACE_WITH_KNOTS('',3,1,((#4844,#4845),(#4846,#4847),(#4848,
#4849),(#4850,#4851)),.SURF_OF_LINEAR_EXTRUSION.,.F.,.F.,.F.,(4,4),(2,2),
(0.,1.),(0.,1.),.PIECEWISE_BEZIER_KNOTS.);
#51=B_SPLINE_SURFACE_WITH_KNOTS('',3,1,((#4867,#4868),(#4869,#4870),(#4871,
#4872),(#4873,#4874)),.SURF_OF_LINEAR_EXTRUSION.,.F.,.F.,.F.,(4,4),(2,2),
(0.,1.),(0.,1.),.PIECEWISE_BEZIER_KNOTS.);
#52=B_SPLINE_SURFACE_WITH_KNOTS('',3,1,((#4882,#4883),(#4884,#4885),(#4886,
#4887),(#4888,#4889),(#4890,#4891),(#4892,#4893),(#4894,#4895),(#4896,#4897),
(#4898,#4899),(#4900,#4901),(#4902,#4903),(#4904,#4905),(#4906,#4907),(#4908,
#4909),(#4910,#4911),(#4912,#4913),(#4914,#4915),(#4916,#4917),(#4918,#4919),
(#4920,#4921)),.SURF_OF_LINEAR_EXTRUSION.,.T.,.F.,.F.,(1,3,1,1,1,1,1,1,
1,1,1,1,1,1,1,1,1,1,3,1),(2,2),(-0.0408210475969435,0.,0.0380643762409512,
0.118926602546437,0.204268350813566,0.228868730512922,0.303398933521618,
0.332629910402434,0.357389599508784,0.449990217818061,0.523491779379782,
0.609996677282949,0.696549592289384,0.772319157627473,0.851982374412278,
0.879102792927845,0.902301642560577,0.959178952403057,1.,1.03806437624095),
(0.,1.),.UNSPECIFIED.);
#53=B_SPLINE_SURFACE_WITH_KNOTS('',3,1,((#4973,#4974),(#4975,#4976),(#4977,
#4978),(#4979,#4980),(#4981,#4982),(#4983,#4984),(#4985,#4986),(#4987,#4988),
(#4989,#4990),(#4991,#4992),(#4993,#4994),(#4995,#4996)),
 .SURF_OF_LINEAR_EXTRUSION.,.T.,.F.,.F.,(1,3,1,1,1,1,1,1,1,1,3,1),(2,2),
(-0.180734029171621,0.,0.0510404176559403,0.225708500424734,0.301565679343037,
0.465156065284491,0.519583815535246,0.638677812139553,0.776173894822859,
0.819265970828379,1.,1.05104041765594),(0.,1.),.UNSPECIFIED.);
#54=B_SPLINE_SURFACE_WITH_KNOTS('',3,1,((#5023,#5024),(#5025,#5026),(#5027,
#5028),(#5029,#5030),(#5031,#5032),(#5033,#5034),(#5035,#5036),(#5037,#5038),
(#5039,#5040),(#5041,#5042),(#5043,#5044),(#5045,#5046)),
 .SURF_OF_LINEAR_EXTRUSION.,.T.,.F.,.F.,(1,3,1,1,1,1,1,1,1,1,3,1),(2,2),
(-0.0647670336898635,0.,0.174949437365912,0.24679916985785,0.405768253001429,
0.455901010839236,0.642839170106885,0.706499828360811,0.885090204943827,
0.935232966310137,1.,1.17494943736591),(0.,1.),.UNSPECIFIED.);
#55=B_SPLINE_SURFACE_WITH_KNOTS('',3,1,((#5079,#5080),(#5081,#5082),(#5083,
#5084),(#5085,#5086),(#5087,#5088),(#5089,#5090),(#5091,#5092),(#5093,#5094),
(#5095,#5096),(#5097,#5098),(#5099,#5100),(#5101,#5102),(#5103,#5104),(#5105,
#5106),(#5107,#5108),(#5109,#5110),(#5111,#5112),(#5113,#5114),(#5115,#5116),
(#5117,#5118),(#5119,#5120),(#5121,#5122),(#5123,#5124),(#5125,#5126),(#5127,
#5128)),.SURF_OF_LINEAR_EXTRUSION.,.F.,.F.,.F.,(4,1,1,1,1,1,1,1,1,1,1,1,
1,1,1,1,1,1,1,1,1,1,4),(2,2),(0.,0.0625,0.125,0.1875,0.25,0.28125,0.3125,
0.375,0.40625,0.4375,0.46875,0.5,0.5625,0.625,0.6875,0.75,0.8125,0.84375,
0.875,0.90625,0.9375,0.96875,1.),(0.,1.),.UNSPECIFIED.);
#56=B_SPLINE_SURFACE_WITH_KNOTS('',3,1,((#5148,#5149),(#5150,#5151),(#5152,
#5153),(#5154,#5155),(#5156,#5157),(#5158,#5159),(#5160,#5161),(#5162,#5163),
(#5164,#5165),(#5166,#5167),(#5168,#5169)),.SURF_OF_LINEAR_EXTRUSION.,.F.,
 .F.,.F.,(4,1,1,1,1,1,1,1,4),(2,2),(0.,0.125,0.25,0.375,0.5,0.625,0.75,
0.875,1.),(0.,1.),.UNSPECIFIED.);
#57=B_SPLINE_SURFACE_WITH_KNOTS('',3,1,((#5180,#5181),(#5182,#5183),(#5184,
#5185),(#5186,#5187),(#5188,#5189),(#5190,#5191),(#5192,#5193),(#5194,#5195),
(#5196,#5197),(#5198,#5199),(#5200,#5201),(#5202,#5203),(#5204,#5205),(#5206,
#5207),(#5208,#5209),(#5210,#5211),(#5212,#5213),(#5214,#5215)),
 .SURF_OF_LINEAR_EXTRUSION.,.F.,.F.,.F.,(4,1,1,1,1,1,1,1,1,1,1,1,1,1,1,
4),(2,2),(0.,0.0625,0.125,0.1875,0.25,0.3125,0.375,0.4375,0.5,0.625,0.6875,
0.75,0.8125,0.875,0.9375,1.),(0.,1.),.UNSPECIFIED.);
#58=B_SPLINE_SURFACE_WITH_KNOTS('',3,1,((#5227,#5228),(#5229,#5230),(#5231,
#5232),(#5233,#5234),(#5235,#5236)),.SURF_OF_LINEAR_EXTRUSION.,.F.,.F.,
 .F.,(4,1,4),(2,2),(0.,0.541761787451872,1.),(0.,1.),.UNSPECIFIED.);
#59=B_SPLINE_SURFACE_WITH_KNOTS('',3,1,((#5243,#5244),(#5245,#5246),(#5247,
#5248),(#5249,#5250),(#5251,#5252),(#5253,#5254),(#5255,#5256),(#5257,#5258),
(#5259,#5260),(#5261,#5262)),.SURF_OF_LINEAR_EXTRUSION.,.T.,.F.,.F.,(1,
3,1,1,1,1,1,1,3,1),(2,2),(-0.154036200368703,0.,0.157884870534015,0.337149243308452,
0.451490294717511,0.57354925256573,0.685815835815436,0.845963799631297,
1.,1.15788487053401),(0.,1.),.UNSPECIFIED.);
#60=B_SPLINE_SURFACE_WITH_KNOTS('',3,1,((#5275,#5276),(#5277,#5278),(#5279,
#5280),(#5281,#5282),(#5283,#5284),(#5285,#5286),(#5287,#5288),(#5289,#5290),
(#5291,#5292),(#5293,#5294),(#5295,#5296),(#5297,#5298),(#5299,#5300),(#5301,
#5302),(#5303,#5304),(#5305,#5306),(#5307,#5308),(#5309,#5310),(#5311,#5312),
(#5313,#5314),(#5315,#5316),(#5317,#5318),(#5319,#5320),(#5321,#5322),(#5323,
#5324),(#5325,#5326),(#5327,#5328),(#5329,#5330),(#5331,#5332)),
 .SURF_OF_LINEAR_EXTRUSION.,.T.,.F.,.F.,(1,3,1,1,1,1,1,1,1,1,1,1,1,1,1,
1,1,1,1,1,1,1,1,1,1,1,1,3,1),(2,2),(-0.0378371955746442,0.,0.0400341743108733,
0.0716407545779522,0.114123057733012,0.160399923900653,0.199866579341163,
0.230790004627915,0.276285937432521,0.325725041358889,0.365569904841897,
0.382958880601311,0.415858709345122,0.448030446661739,0.483749373333258,
0.537332839834069,0.592445297914411,0.615303076372599,0.656972383666046,
0.690241441764468,0.725233924070163,0.781670648485107,0.808900233184943,
0.840245892423637,0.88955981198624,0.91500654335669,0.962162804425356,1.,
1.04003417431087),(0.,1.),.UNSPECIFIED.);
#61=B_SPLINE_SURFACE_WITH_KNOTS('',3,1,((#5364,#5365),(#5366,#5367),(#5368,
#5369),(#5370,#5371),(#5372,#5373),(#5374,#5375),(#5376,#5377),(#5378,#5379),
(#5380,#5381),(#5382,#5383),(#5384,#5385),(#5386,#5387),(#5388,#5389),(#5390,
#5391),(#5392,#5393),(#5394,#5395),(#5396,#5397),(#5398,#5399),(#5400,#5401),
(#5402,#5403),(#5404,#5405),(#5406,#5407),(#5408,#5409),(#5410,#5411),(#5412,
#5413),(#5414,#5415),(#5416,#5417),(#5418,#5419),(#5420,#5421),(#5422,#5423),
(#5424,#5425),(#5426,#5427),(#5428,#5429),(#5430,#5431),(#5432,#5433),(#5434,
#5435),(#5436,#5437),(#5438,#5439),(#5440,#5441),(#5442,#5443)),
 .SURF_OF_LINEAR_EXTRUSION.,.T.,.F.,.F.,(1,3,1,1,1,1,1,1,1,1,1,1,1,1,1,
1,1,1,1,1,1,1,1,1,1,1,1,1,1,1,1,1,1,1,1,1,1,1,3,1),(2,2),(-0.0208092336031138,
0.,0.0468059403401615,0.0807875660188495,0.12125114776056,0.156180678289697,
0.184590636821771,0.212132600711861,0.236217673432817,0.266722884665318,
0.28315537039291,0.301656138785427,0.324560463024962,0.350473058134206,
0.377751521398648,0.401946748673668,0.43394359726876,0.462926834467597,
0.487956863753923,0.518768009519679,0.560043750058257,0.605112637055657,
0.636268825555553,0.662267692325249,0.688249916272218,0.71417369876295,
0.748850216839282,0.774321430591134,0.795565147444611,0.820806482286044,
0.841501420406814,0.854089601157448,0.87809612003921,0.890704914894082,
0.918074116909169,0.934970416024891,0.94695792110736,0.979190766396886,
1.,1.04680594034016),(0.,1.),.UNSPECIFIED.);
#62=B_SPLINE_SURFACE_WITH_KNOTS('',3,1,((#5486,#5487),(#5488,#5489),(#5490,
#5491),(#5492,#5493),(#5494,#5495),(#5496,#5497),(#5498,#5499)),
 .SURF_OF_LINEAR_EXTRUSION.,.T.,.F.,.F.,(1,3,1,1,1,3,1),(2,2),(-0.293969232518748,
0.,0.337831591347099,0.475469081853514,0.706030767481252,1.,1.3378315913471),
(0.,1.),.UNSPECIFIED.);
#63=B_SPLINE_SURFACE_WITH_KNOTS('',3,1,((#5512,#5513),(#5514,#5515),(#5516,
#5517),(#5518,#5519),(#5520,#5521),(#5522,#5523),(#5524,#5525),(#5526,#5527),
(#5528,#5529),(#5530,#5531),(#5532,#5533)),.SURF_OF_LINEAR_EXTRUSION.,.T.,
 .F.,.F.,(1,3,1,1,1,1,1,1,1,3,1),(2,2),(-0.0957527011366157,0.,0.123368671925943,
0.246634794179263,0.382989795982094,0.498795002444412,0.64462838935224,
0.78911038077753,0.904247298863384,1.,1.12336867192594),(0.,1.),
 .UNSPECIFIED.);
#64=B_SPLINE_SURFACE_WITH_KNOTS('',3,1,((#5547,#5548),(#5549,#5550),(#5551,
#5552),(#5553,#5554),(#5555,#5556),(#5557,#5558),(#5559,#5560),(#5561,#5562),
(#5563,#5564),(#5565,#5566),(#5567,#5568)),.SURF_OF_LINEAR_EXTRUSION.,.T.,
 .F.,.F.,(1,3,1,1,1,1,1,1,1,3,1),(2,2),(-0.092127528987005,0.,0.148377419668423,
0.27314727196527,0.421337014598753,0.551750471036137,0.708466939321315,
0.810160053824794,0.907872471012995,1.,1.14837741966842),(0.,1.),
 .UNSPECIFIED.);
#65=B_SPLINE_SURFACE_WITH_KNOTS('',3,1,((#5582,#5583),(#5584,#5585),(#5586,
#5587),(#5588,#5589),(#5590,#5591),(#5592,#5593),(#5594,#5595),(#5596,#5597),
(#5598,#5599),(#5600,#5601),(#5602,#5603)),.SURF_OF_LINEAR_EXTRUSION.,.T.,
 .F.,.F.,(1,3,1,1,1,1,1,1,1,3,1),(2,2),(-0.0936040428491319,0.,0.142155240334615,
0.282193333843503,0.408197387384903,0.555397493321939,0.677836968377468,
0.817297782773577,0.906395957150868,1.,1.14215524033461),(0.,1.),
 .UNSPECIFIED.);
#66=B_SPLINE_SURFACE_WITH_KNOTS('',3,1,((#5617,#5618),(#5619,#5620),(#5621,
#5622),(#5623,#5624),(#5625,#5626),(#5627,#5628),(#5629,#5630),(#5631,#5632),
(#5633,#5634),(#5635,#5636)),.SURF_OF_LINEAR_EXTRUSION.,.T.,.F.,.F.,(1,
3,1,1,1,1,1,1,3,1),(2,2),(-0.101243271817649,0.,0.144086795336546,0.306690075862979,
0.456482335637369,0.619782951652011,0.77219938772065,0.898756728182351,
1.,1.14408679533655),(0.,1.),.UNSPECIFIED.);
#67=B_SPLINE_SURFACE_WITH_KNOTS('',3,1,((#5649,#5650),(#5651,#5652),(#5653,
#5654),(#5655,#5656),(#5657,#5658),(#5659,#5660),(#5661,#5662),(#5663,#5664),
(#5665,#5666),(#5667,#5668)),.SURF_OF_LINEAR_EXTRUSION.,.T.,.F.,.F.,(1,
3,1,1,1,1,1,1,3,1),(2,2),(-0.0894126849831709,0.,0.199579691661736,0.335553775043463,
0.46055219124202,0.61541954617258,0.777965368307026,0.910587315016829,1.,
1.19957969166174),(0.,1.),.UNSPECIFIED.);
#68=B_SPLINE_SURFACE_WITH_KNOTS('',3,1,((#5681,#5682),(#5683,#5684),(#5685,
#5686),(#5687,#5688),(#5689,#5690),(#5691,#5692),(#5693,#5694),(#5695,#5696)),
 .SURF_OF_LINEAR_EXTRUSION.,.T.,.F.,.F.,(1,3,1,1,1,1,3,1),(2,2),(-0.135045931366774,
0.,0.287158951236215,0.433797964142295,0.613390336667455,0.864954068633226,
1.,1.28715895123622),(0.,1.),.UNSPECIFIED.);
#69=B_SPLINE_SURFACE_WITH_KNOTS('',3,1,((#5707,#5708),(#5709,#5710),(#5711,
#5712),(#5713,#5714),(#5715,#5716),(#5717,#5718),(#5719,#5720),(#5721,#5722)),
 .SURF_OF_LINEAR_EXTRUSION.,.T.,.F.,.F.,(1,3,1,1,1,1,3,1),(2,2),(-0.191312906814821,
0.,0.272635898725397,0.4360040781359,0.64434541858239,0.808687093185179,
1.,1.2726358987254),(0.,1.),.UNSPECIFIED.);
#70=B_SPLINE_SURFACE_WITH_KNOTS('',3,1,((#5733,#5734),(#5735,#5736),(#5737,
#5738),(#5739,#5740),(#5741,#5742),(#5743,#5744),(#5745,#5746),(#5747,#5748),
(#5749,#5750)),.SURF_OF_LINEAR_EXTRUSION.,.T.,.F.,.F.,(1,3,1,1,1,1,1,3,
1),(2,2),(-0.0568065314394727,0.,0.217489359850341,0.403141576968643,0.592675591708477,
0.763471721307099,0.943193468560527,1.,1.21748935985034),(0.,1.),
 .UNSPECIFIED.);
#71=B_SPLINE_SURFACE_WITH_KNOTS('',3,1,((#5762,#5763),(#5764,#5765),(#5766,
#5767),(#5768,#5769),(#5770,#5771),(#5772,#5773),(#5774,#5775)),
 .SURF_OF_LINEAR_EXTRUSION.,.T.,.F.,.F.,(1,3,1,1,1,3,1),(2,2),(-0.278504452698442,
0.,0.250862459780795,0.564062436782968,0.721495547301558,1.,1.25086245978079),
(0.,1.),.UNSPECIFIED.);
#72=B_SPLINE_SURFACE_WITH_KNOTS('',3,1,((#5785,#5786),(#5787,#5788),(#5789,
#5790),(#5791,#5792),(#5793,#5794),(#5795,#5796),(#5797,#5798)),
 .SURF_OF_LINEAR_EXTRUSION.,.T.,.F.,.F.,(1,3,1,1,1,3,1),(2,2),(-0.316842081767614,
0.,0.205275739618792,0.458003309335436,0.683157918232386,1.,1.20527573961879),
(0.,1.),.UNSPECIFIED.);
#73=B_SPLINE_SURFACE_WITH_KNOTS('',3,1,((#5808,#5809),(#5810,#5811),(#5812,
#5813),(#5814,#5815),(#5816,#5817),(#5818,#5819),(#5820,#5821),(#5822,#5823),
(#5824,#5825)),.SURF_OF_LINEAR_EXTRUSION.,.T.,.F.,.F.,(1,3,1,1,1,1,1,3,
1),(2,2),(-0.160626292091489,0.,0.17078391731592,0.358032341810198,0.543411304013958,
0.665912975450324,0.839373707908511,1.,1.17078391731592),(0.,1.),
 .UNSPECIFIED.);
#74=B_SPLINE_SURFACE_WITH_KNOTS('',3,1,((#5837,#5838),(#5839,#5840),(#5841,
#5842),(#5843,#5844),(#5845,#5846),(#5847,#5848),(#5849,#5850),(#5851,#5852),
(#5853,#5854),(#5855,#5856)),.SURF_OF_LINEAR_EXTRUSION.,.T.,.F.,.F.,(1,
3,1,1,1,1,1,1,3,1),(2,2),(-0.145235229323346,0.,0.200175687903882,0.346845404841884,
0.462111022936334,0.575995118325804,0.697361578816356,0.854764770676654,
1.,1.20017568790388),(0.,1.),.UNSPECIFIED.);
#75=B_SPLINE_SURFACE_WITH_KNOTS('',3,1,((#5869,#5870),(#5871,#5872),(#5873,
#5874),(#5875,#5876),(#5877,#5878),(#5879,#5880),(#5881,#5882),(#5883,#5884),
(#5885,#5886)),.SURF_OF_LINEAR_EXTRUSION.,.T.,.F.,.F.,(1,3,1,1,1,1,1,3,
1),(2,2),(-0.164987924492401,0.,0.131157784918423,0.253404791838518,0.504113996026019,
0.654881702947099,0.835012075507599,1.,1.13115778491842),(0.,1.),
 .UNSPECIFIED.);
#76=B_SPLINE_SURFACE_WITH_KNOTS('',3,1,((#5898,#5899),(#5900,#5901),(#5902,
#5903),(#5904,#5905),(#5906,#5907),(#5908,#5909),(#5910,#5911),(#5912,#5913),
(#5914,#5915)),.SURF_OF_LINEAR_EXTRUSION.,.T.,.F.,.F.,(1,3,1,1,1,1,1,3,
1),(2,2),(-0.196275870839482,0.,0.157156508235509,0.314037604065942,0.464140445788638,
0.633889599971335,0.803724129160519,1.,1.15715650823551),(0.,1.),
 .UNSPECIFIED.);
#77=B_SPLINE_SURFACE_WITH_KNOTS('',3,1,((#5927,#5928),(#5929,#5930),(#5931,
#5932),(#5933,#5934),(#5935,#5936),(#5937,#5938),(#5939,#5940),(#5941,#5942),
(#5943,#5944)),.SURF_OF_LINEAR_EXTRUSION.,.T.,.F.,.F.,(1,3,1,1,1,1,1,3,
1),(2,2),(-0.142549254370235,0.,0.200048242076065,0.361107928037035,0.515735625332273,
0.690190030982276,0.857450745629765,1.,1.20004824207606),(0.,1.),
 .UNSPECIFIED.);
#78=B_SPLINE_SURFACE_WITH_KNOTS('',3,1,((#5956,#5957),(#5958,#5959),(#5960,
#5961),(#5962,#5963),(#5964,#5965),(#5966,#5967),(#5968,#5969),(#5970,#5971),
(#5972,#5973)),.SURF_OF_LINEAR_EXTRUSION.,.T.,.F.,.F.,(1,3,1,1,1,1,1,3,
1),(2,2),(-0.16374516777314,0.,0.202077600259138,0.367554597386426,0.524568430090864,
0.644153786973324,0.83625483222686,1.,1.20207760025914),(0.,1.),
 .UNSPECIFIED.);
#79=B_SPLINE_SURFACE_WITH_KNOTS('',3,1,((#5985,#5986),(#5987,#5988),(#5989,
#5990),(#5991,#5992),(#5993,#5994),(#5995,#5996),(#5997,#5998),(#5999,#6000),
(#6001,#6002),(#6003,#6004),(#6005,#6006),(#6007,#6008)),
 .SURF_OF_LINEAR_EXTRUSION.,.T.,.F.,.F.,(1,3,1,1,1,1,1,1,1,1,3,1),(2,2),
(-0.183644715940585,0.,0.123671232576846,0.217860823518723,0.304083365928725,
0.386582282904629,0.475244630028735,0.575834066607008,0.702242968809485,
0.816355284059415,1.,1.12367123257685),(0.,1.),.UNSPECIFIED.);
#80=B_SPLINE_SURFACE_WITH_KNOTS('',3,1,((#6023,#6024),(#6025,#6026),(#6027,
#6028),(#6029,#6030),(#6031,#6032),(#6033,#6034),(#6035,#6036),(#6037,#6038),
(#6039,#6040),(#6041,#6042),(#6043,#6044),(#6045,#6046),(#6047,#6048),(#6049,
#6050),(#6051,#6052)),.SURF_OF_LINEAR_EXTRUSION.,.T.,.F.,.F.,(1,3,1,1,1,
1,1,1,1,1,1,1,1,3,1),(2,2),(-0.0627681589967998,0.,0.111288884864024,0.228010590856004,
0.286937152547449,0.333341598003175,0.41270431159534,0.491419279542687,
0.566010821830087,0.680961601737674,0.785885930855007,0.863422398150009,
0.9372318410032,1.,1.11128888486402),(0.,1.),.UNSPECIFIED.);
#81=B_SPLINE_SURFACE_WITH_KNOTS('',3,1,((#6070,#6071),(#6072,#6073),(#6074,
#6075),(#6076,#6077),(#6078,#6079),(#6080,#6081),(#6082,#6083),(#6084,#6085),
(#6086,#6087),(#6088,#6089),(#6090,#6091),(#6092,#6093),(#6094,#6095),(#6096,
#6097),(#6098,#6099),(#6100,#6101),(#6102,#6103),(#6104,#6105),(#6106,#6107),
(#6108,#6109),(#6110,#6111),(#6112,#6113),(#6114,#6115),(#6116,#6117),(#6118,
#6119),(#6120,#6121),(#6122,#6123),(#6124,#6125),(#6126,#6127),(#6128,#6129),
(#6130,#6131),(#6132,#6133),(#6134,#6135),(#6136,#6137),(#6138,#6139),(#6140,
#6141),(#6142,#6143),(#6144,#6145),(#6146,#6147),(#6148,#6149),(#6150,#6151),
(#6152,#6153),(#6154,#6155),(#6156,#6157),(#6158,#6159),(#6160,#6161),(#6162,
#6163),(#6164,#6165),(#6166,#6167),(#6168,#6169),(#6170,#6171),(#6172,#6173),
(#6174,#6175),(#6176,#6177),(#6178,#6179),(#6180,#6181),(#6182,#6183),(#6184,
#6185),(#6186,#6187),(#6188,#6189),(#6190,#6191),(#6192,#6193),(#6194,#6195),
(#6196,#6197),(#6198,#6199),(#6200,#6201),(#6202,#6203),(#6204,#6205),(#6206,
#6207)),.SURF_OF_LINEAR_EXTRUSION.,.T.,.F.,.F.,(1,3,1,1,1,1,1,1,1,1,1,1,
1,1,1,1,1,1,1,1,1,1,1,1,1,1,1,1,1,1,1,1,1,1,1,1,1,1,1,1,1,1,1,1,1,1,1,1,
1,1,1,1,1,1,1,1,1,1,1,1,1,1,1,1,1,1,1,3,1),(2,2),(-0.00894417567165862,
0.,0.0151782166035483,0.0301987796202038,0.0486191494469522,0.0628312663135344,
0.0802365568354301,0.0941457436899778,0.108580714866946,0.12764339090393,
0.143212971118431,0.160741204765162,0.17722388266284,0.193138792122385,
0.207561331033094,0.223694538261831,0.236782771461695,0.253601912832011,
0.267462152345055,0.288714223118335,0.306115979495742,0.328283931822184,
0.344349891632752,0.360264830844175,0.375312954955972,0.388753895498471,
0.40438264974527,0.417545362185655,0.4308928639095,0.442384946779609,0.455984907086406,
0.473035233870744,0.488197380598305,0.50381142089724,0.511633115909496,
0.526392924566052,0.5377340667905,0.55077189875152,0.560547647731378,0.575165778223656,
0.590533099788002,0.607492068926094,0.62254019303789,0.643432243953718,
0.659041704556087,0.672055211166963,0.691574658592442,0.705081643129597,
0.713401285300344,0.726014573691702,0.740155230706848,0.753860040784436,
0.76858260935933,0.783756824284383,0.79719491574284,0.812589253502895,0.829424094058611,
0.84851107437115,0.863320133543328,0.880324982860036,0.89748421318481,0.912484052344144,
0.926327581639948,0.941977089055735,0.957672216909052,0.974115597735306,
0.991055824328341,1.,1.01517821660355),(0.,1.),.UNSPECIFIED.);
#82=B_SPLINE_SURFACE_WITH_KNOTS('',3,1,((#6279,#6280),(#6281,#6282),(#6283,
#6284),(#6285,#6286),(#6287,#6288),(#6289,#6290),(#6291,#6292)),
 .SURF_OF_LINEAR_EXTRUSION.,.T.,.F.,.F.,(1,3,1,1,1,3,1),(2,2),(-0.171659383659125,
0.,0.35628919543036,0.504948851934051,0.828340616340875,1.,1.35628919543036),
(0.,1.),.UNSPECIFIED.);
#83=B_SPLINE_SURFACE_WITH_KNOTS('',3,1,((#6302,#6303),(#6304,#6305),(#6306,
#6307),(#6308,#6309),(#6310,#6311),(#6312,#6313),(#6314,#6315),(#6316,#6317),
(#6318,#6319)),.SURF_OF_LINEAR_EXTRUSION.,.T.,.F.,.F.,(1,3,1,1,1,1,1,3,
1),(2,2),(-0.141998822916086,0.,0.23589724216084,0.419461139709126,0.63446452852445,
0.703551121990759,0.858001177083914,1.,1.23589724216084),(0.,1.),
 .UNSPECIFIED.);
#84=B_SPLINE_SURFACE_WITH_KNOTS('',3,1,((#6331,#6332),(#6333,#6334),(#6335,
#6336),(#6337,#6338),(#6339,#6340),(#6341,#6342),(#6343,#6344),(#6345,#6346),
(#6347,#6348)),.SURF_OF_LINEAR_EXTRUSION.,.T.,.F.,.F.,(1,3,1,1,1,1,1,3,
1),(2,2),(-0.149090890260179,0.,0.301635925190641,0.410395616056251,0.559787575662596,
0.82032986201402,0.850909109739821,1.,1.30163592519064),(0.,1.),
 .UNSPECIFIED.);
#85=B_SPLINE_SURFACE_WITH_KNOTS('',3,1,((#6360,#6361),(#6362,#6363),(#6364,
#6365),(#6366,#6367),(#6368,#6369),(#6370,#6371),(#6372,#6373),(#6374,#6375),
(#6376,#6377),(#6378,#6379),(#6380,#6381),(#6382,#6383),(#6384,#6385),(#6386,
#6387),(#6388,#6389),(#6390,#6391)),.SURF_OF_LINEAR_EXTRUSION.,.T.,.F.,
 .F.,(1,3,1,1,1,1,1,1,1,1,1,1,1,1,3,1),(2,2),(-0.0332525240398187,0.,0.0901416569889607,
0.194060387578653,0.288980972508762,0.384363917497192,0.439593926160014,
0.556774318338275,0.6290797164209,0.711618751390787,0.743034621370791,0.792813009314488,
0.880014140675928,0.966747475960181,1.,1.09014165698896),(0.,1.),
 .UNSPECIFIED.);
#86=B_SPLINE_SURFACE_WITH_KNOTS('',3,1,((#6410,#6411),(#6412,#6413),(#6414,
#6415),(#6416,#6417),(#6418,#6419),(#6420,#6421),(#6422,#6423),(#6424,#6425)),
 .SURF_OF_LINEAR_EXTRUSION.,.T.,.F.,.F.,(1,3,1,1,1,1,3,1),(2,2),(-0.202482691815191,
0.,0.26209755942929,0.38152137572307,0.568179733242593,0.797517308184809,
1.,1.26209755942929),(0.,1.),.UNSPECIFIED.);
#87=B_SPLINE_SURFACE_WITH_KNOTS('',3,1,((#6436,#6437),(#6438,#6439),(#6440,
#6441),(#6442,#6443),(#6444,#6445),(#6446,#6447),(#6448,#6449),(#6450,#6451),
(#6452,#6453),(#6454,#6455)),.SURF_OF_LINEAR_EXTRUSION.,.T.,.F.,.F.,(1,
3,1,1,1,1,1,1,3,1),(2,2),(-0.123564715001664,0.,0.197199088427703,0.345384960181167,
0.46573764609149,0.621374588740593,0.765915292179109,0.876435284998336,
1.,1.1971990884277),(0.,1.),.UNSPECIFIED.);
#88=B_SPLINE_SURFACE_WITH_KNOTS('',3,1,((#6468,#6469),(#6470,#6471),(#6472,
#6473),(#6474,#6475),(#6476,#6477),(#6478,#6479),(#6480,#6481),(#6482,#6483),
(#6484,#6485)),.SURF_OF_LINEAR_EXTRUSION.,.T.,.F.,.F.,(1,3,1,1,1,1,1,3,
1),(2,2),(-0.199247776025119,0.,0.204948944610906,0.358238351862901,0.468869980514459,
0.630903766944489,0.800752223974881,1.,1.20494894461091),(0.,1.),
 .UNSPECIFIED.);
#89=B_SPLINE_SURFACE_WITH_KNOTS('',3,1,((#6497,#6498),(#6499,#6500),(#6501,
#6502),(#6503,#6504),(#6505,#6506),(#6507,#6508),(#6509,#6510),(#6511,#6512),
(#6513,#6514),(#6515,#6516)),.SURF_OF_LINEAR_EXTRUSION.,.T.,.F.,.F.,(1,
3,1,1,1,1,1,1,3,1),(2,2),(-0.161760005945953,0.,0.125932264090848,0.270523981410356,
0.414609689053829,0.542438501668887,0.707947538585236,0.838239994054047,
1.,1.12593226409085),(0.,1.),.UNSPECIFIED.);
#90=B_SPLINE_SURFACE_WITH_KNOTS('',3,1,((#6529,#6530),(#6531,#6532),(#6533,
#6534),(#6535,#6536),(#6537,#6538),(#6539,#6540),(#6541,#6542),(#6543,#6544)),
 .SURF_OF_LINEAR_EXTRUSION.,.T.,.F.,.F.,(1,3,1,1,1,1,3,1),(2,2),(-0.211929914488812,
0.,0.189239829740066,0.389698890482856,0.591309177720543,0.788070085511188,
1.,1.18923982974007),(0.,1.),.UNSPECIFIED.);
#91=B_SPLINE_SURFACE_WITH_KNOTS('',3,1,((#6555,#6556),(#6557,#6558),(#6559,
#6560),(#6561,#6562),(#6563,#6564),(#6565,#6566),(#6567,#6568),(#6569,#6570),
(#6571,#6572),(#6573,#6574),(#6575,#6576),(#6577,#6578),(#6579,#6580)),
 .SURF_OF_LINEAR_EXTRUSION.,.T.,.F.,.F.,(1,3,1,1,1,1,1,1,1,1,1,3,1),(2,
2),(-0.100455652610022,0.,0.118456948763898,0.205277661871927,0.303533507726329,
0.393999634039206,0.494697019297223,0.599307433424606,0.702180706240979,
0.806838101982135,0.899544347389978,1.,1.1184569487639),(0.,1.),
 .UNSPECIFIED.);
#92=B_SPLINE_SURFACE_WITH_KNOTS('',3,1,((#6596,#6597),(#6598,#6599),(#6600,
#6601),(#6602,#6603),(#6604,#6605),(#6606,#6607),(#6608,#6609),(#6610,#6611),
(#6612,#6613),(#6614,#6615),(#6616,#6617),(#6618,#6619),(#6620,#6621),(#6622,
#6623)),.SURF_OF_LINEAR_EXTRUSION.,.T.,.F.,.F.,(1,3,1,1,1,1,1,1,1,1,1,1,
3,1),(2,2),(-0.127968820458944,0.,0.0534969064721677,0.135920239477862,
0.223316278067933,0.335165095167011,0.397082848011601,0.509447492978234,
0.622839031688004,0.699184366626327,0.781604900588904,0.872031179541056,
1.,1.05349690647217),(0.,1.),.UNSPECIFIED.);
#93=CIRCLE('',#2276,0.00122514514464025);
#94=CIRCLE('',#2277,0.00124988408499956);
#95=CIRCLE('',#2278,0.00161379901026125);
#96=CIRCLE('',#2279,0.000360806098426076);
#97=CIRCLE('',#2280,0.00812488159390773);
#98=CIRCLE('',#2281,0.00815363640953643);
#99=CIRCLE('',#2282,0.000360806098426123);
#100=CIRCLE('',#2284,0.00161379901026125);
#101=CIRCLE('',#2287,0.000360806098426076);
#102=CIRCLE('',#2290,0.000673394553297233);
#103=CIRCLE('',#2291,0.000673394553297233);
#104=CIRCLE('',#2295,0.00124988408499956);
#105=CIRCLE('',#2299,0.000644635306127039);
#106=CIRCLE('',#2300,0.000644635306127039);
#107=CIRCLE('',#2304,0.00122514514464025);
#108=CIRCLE('',#2310,0.00815363640953643);
#109=CIRCLE('',#2312,0.00812488159390773);
#110=CIRCLE('',#2320,0.000360806098426123);
#111=CIRCLE('',#2337,0.000357890739900287);
#112=CIRCLE('',#2338,0.000357890739900287);
#113=CIRCLE('',#2340,0.000382503826781379);
#114=CIRCLE('',#2341,0.000382503826781379);
#115=CIRCLE('',#2343,0.000358672346456139);
#116=CIRCLE('',#2344,0.000358672346456139);
#117=CIRCLE('',#2346,0.000334870260900483);
#118=CIRCLE('',#2347,0.000334870260900483);
#119=CIRCLE('',#2349,0.000381751169483899);
#120=CIRCLE('',#2350,0.000381751169483899);
#121=CIRCLE('',#2352,0.000384696445291134);
#122=CIRCLE('',#2353,0.000384696445291134);
#123=LINE('',#2974,#229);
#124=LINE('',#2989,#230);
#125=LINE('',#2992,#231);
#126=LINE('',#2994,#232);
#127=LINE('',#2996,#233);
#128=LINE('',#2998,#234);
#129=LINE('',#3012,#235);
#130=LINE('',#3014,#236);
#131=LINE('',#3016,#237);
#132=LINE('',#3017,#238);
#133=LINE('',#3224,#239);
#134=LINE('',#3227,#240);
#135=LINE('',#3229,#241);
#136=LINE('',#3231,#242);
#137=LINE('',#3233,#243);
#138=LINE('',#3235,#244);
#139=LINE('',#3237,#245);
#140=LINE('',#3961,#246);
#141=LINE('',#3962,#247);
#142=LINE('',#4234,#248);
#143=LINE('',#4240,#249);
#144=LINE('',#4249,#250);
#145=LINE('',#4255,#251);
#146=LINE('',#4266,#252);
#147=LINE('',#4279,#253);
#148=LINE('',#4292,#254);
#149=LINE('',#4305,#255);
#150=LINE('',#4326,#256);
#151=LINE('',#4330,#257);
#152=LINE('',#4332,#258);
#153=LINE('',#4334,#259);
#154=LINE('',#4336,#260);
#155=LINE('',#4338,#261);
#156=LINE('',#4339,#262);
#157=LINE('',#4349,#263);
#158=LINE('',#4353,#264);
#159=LINE('',#4355,#265);
#160=LINE('',#4357,#266);
#161=LINE('',#4359,#267);
#162=LINE('',#4361,#268);
#163=LINE('',#4362,#269);
#164=LINE('',#4369,#270);
#165=LINE('',#4371,#271);
#166=LINE('',#4373,#272);
#167=LINE('',#4375,#273);
#168=LINE('',#4377,#274);
#169=LINE('',#4379,#275);
#170=LINE('',#4383,#276);
#171=LINE('',#4387,#277);
#172=LINE('',#4389,#278);
#173=LINE('',#4391,#279);
#174=LINE('',#4393,#280);
#175=LINE('',#4395,#281);
#176=LINE('',#4397,#282);
#177=LINE('',#4399,#283);
#178=LINE('',#4401,#284);
#179=LINE('',#4403,#285);
#180=LINE('',#4413,#286);
#181=LINE('',#4419,#287);
#182=LINE('',#4428,#288);
#183=LINE('',#4434,#289);
#184=LINE('',#4445,#290);
#185=LINE('',#4458,#291);
#186=LINE('',#4471,#292);
#187=LINE('',#4484,#293);
#188=LINE('',#4502,#294);
#189=LINE('',#4504,#295);
#190=LINE('',#4506,#296);
#191=LINE('',#4725,#297);
#192=LINE('',#4728,#298);
#193=LINE('',#4730,#299);
#194=LINE('',#4732,#300);
#195=LINE('',#4734,#301);
#196=LINE('',#4736,#302);
#197=LINE('',#4738,#303);
#198=LINE('',#4740,#304);
#199=LINE('',#4742,#305);
#200=LINE('',#4744,#306);
#201=LINE('',#4757,#307);
#202=LINE('',#4774,#308);
#203=LINE('',#4791,#309);
#204=LINE('',#4797,#310);
#205=LINE('',#4799,#311);
#206=LINE('',#4801,#312);
#207=LINE('',#4803,#313);
#208=LINE('',#4805,#314);
#209=LINE('',#4807,#315);
#210=LINE('',#4809,#316);
#211=LINE('',#4811,#317);
#212=LINE('',#4813,#318);
#213=LINE('',#4815,#319);
#214=LINE('',#4817,#320);
#215=LINE('',#4826,#321);
#216=LINE('',#4839,#322);
#217=LINE('',#4852,#323);
#218=LINE('',#4858,#324);
#219=LINE('',#4860,#325);
#220=LINE('',#4862,#326);
#221=LINE('',#4864,#327);
#222=LINE('',#4866,#328);
#223=LINE('',#5129,#329);
#224=LINE('',#5144,#330);
#225=LINE('',#5146,#331);
#226=LINE('',#5170,#332);
#227=LINE('',#5179,#333);
#228=LINE('',#5216,#334);
#229=VECTOR('',#2406,1.);
#230=VECTOR('',#2407,1.);
#231=VECTOR('',#2408,1.);
#232=VECTOR('',#2409,1.);
#233=VECTOR('',#2410,1.);
#234=VECTOR('',#2411,1.);
#235=VECTOR('',#2412,1.);
#236=VECTOR('',#2413,1.);
#237=VECTOR('',#2414,1.);
#238=VECTOR('',#2415,1.);
#239=VECTOR('',#2424,1.);
#240=VECTOR('',#2425,1.);
#241=VECTOR('',#2426,1.);
#242=VECTOR('',#2427,1.);
#243=VECTOR('',#2428,1.);
#244=VECTOR('',#2429,1.);
#245=VECTOR('',#2430,1.);
#246=VECTOR('',#2437,1.);
#247=VECTOR('',#2438,1.);
#248=VECTOR('',#2445,1.);
#249=VECTOR('',#2446,1.);
#250=VECTOR('',#2447,1.);
#251=VECTOR('',#2450,1.);
#252=VECTOR('',#2453,1.);
#253=VECTOR('',#2454,1.);
#254=VECTOR('',#2455,1.);
#255=VECTOR('',#2456,1.);
#256=VECTOR('',#2463,1.);
#257=VECTOR('',#2466,1.);
#258=VECTOR('',#2469,1.);
#259=VECTOR('',#2470,1.);
#260=VECTOR('',#2471,1.);
#261=VECTOR('',#2474,1.);
#262=VECTOR('',#2475,1.);
#263=VECTOR('',#2488,1.);
#264=VECTOR('',#2491,1.);
#265=VECTOR('',#2494,1.);
#266=VECTOR('',#2495,1.);
#267=VECTOR('',#2496,1.);
#268=VECTOR('',#2499,1.);
#269=VECTOR('',#2500,1.);
#270=VECTOR('',#2511,1.);
#271=VECTOR('',#2512,1.);
#272=VECTOR('',#2513,1.);
#273=VECTOR('',#2516,1.);
#274=VECTOR('',#2517,1.);
#275=VECTOR('',#2520,1.);
#276=VECTOR('',#2525,1.);
#277=VECTOR('',#2530,1.);
#278=VECTOR('',#2531,1.);
#279=VECTOR('',#2534,1.);
#280=VECTOR('',#2535,1.);
#281=VECTOR('',#2538,1.);
#282=VECTOR('',#2539,1.);
#283=VECTOR('',#2542,1.);
#284=VECTOR('',#2543,1.);
#285=VECTOR('',#2546,1.);
#286=VECTOR('',#2549,1.);
#287=VECTOR('',#2550,1.);
#288=VECTOR('',#2551,1.);
#289=VECTOR('',#2554,1.);
#290=VECTOR('',#2557,1.);
#291=VECTOR('',#2558,1.);
#292=VECTOR('',#2559,1.);
#293=VECTOR('',#2560,1.);
#294=VECTOR('',#2565,1.);
#295=VECTOR('',#2566,1.);
#296=VECTOR('',#2567,1.);
#297=VECTOR('',#2572,1.);
#298=VECTOR('',#2573,1.);
#299=VECTOR('',#2574,1.);
#300=VECTOR('',#2575,1.);
#301=VECTOR('',#2578,1.);
#302=VECTOR('',#2579,1.);
#303=VECTOR('',#2580,1.);
#304=VECTOR('',#2583,1.);
#305=VECTOR('',#2584,1.);
#306=VECTOR('',#2585,1.);
#307=VECTOR('',#2586,1.);
#308=VECTOR('',#2587,1.);
#309=VECTOR('',#2588,1.);
#310=VECTOR('',#2591,1.);
#311=VECTOR('',#2592,1.);
#312=VECTOR('',#2593,1.);
#313=VECTOR('',#2596,1.);
#314=VECTOR('',#2597,1.);
#315=VECTOR('',#2600,1.);
#316=VECTOR('',#2601,1.);
#317=VECTOR('',#2604,1.);
#318=VECTOR('',#2605,1.);
#319=VECTOR('',#2608,1.);
#320=VECTOR('',#2609,1.);
#321=VECTOR('',#2610,1.);
#322=VECTOR('',#2611,1.);
#323=VECTOR('',#2612,1.);
#324=VECTOR('',#2615,1.);
#325=VECTOR('',#2616,1.);
#326=VECTOR('',#2619,1.);
#327=VECTOR('',#2620,1.);
#328=VECTOR('',#2623,1.);
#329=VECTOR('',#2674,1.);
#330=VECTOR('',#2675,1.);
#331=VECTOR('',#2678,1.);
#332=VECTOR('',#2681,1.);
#333=VECTOR('',#2682,1.);
#334=VECTOR('',#2683,1.);
#335=ORIENTED_EDGE('',*,*,#871,.T.);
#336=ORIENTED_EDGE('',*,*,#872,.T.);
#337=ORIENTED_EDGE('',*,*,#873,.T.);
#338=ORIENTED_EDGE('',*,*,#874,.T.);
#339=ORIENTED_EDGE('',*,*,#875,.F.);
#340=ORIENTED_EDGE('',*,*,#876,.F.);
#341=ORIENTED_EDGE('',*,*,#877,.T.);
#342=ORIENTED_EDGE('',*,*,#878,.T.);
#343=ORIENTED_EDGE('',*,*,#879,.T.);
#344=ORIENTED_EDGE('',*,*,#880,.T.);
#345=ORIENTED_EDGE('',*,*,#881,.T.);
#346=ORIENTED_EDGE('',*,*,#882,.T.);
#347=ORIENTED_EDGE('',*,*,#883,.T.);
#348=ORIENTED_EDGE('',*,*,#884,.T.);
#349=ORIENTED_EDGE('',*,*,#885,.F.);
#350=ORIENTED_EDGE('',*,*,#886,.T.);
#351=ORIENTED_EDGE('',*,*,#887,.F.);
#352=ORIENTED_EDGE('',*,*,#888,.T.);
#353=ORIENTED_EDGE('',*,*,#889,.F.);
#354=ORIENTED_EDGE('',*,*,#890,.F.);
#355=ORIENTED_EDGE('',*,*,#891,.T.);
#356=ORIENTED_EDGE('',*,*,#892,.T.);
#357=ORIENTED_EDGE('',*,*,#893,.T.);
#358=ORIENTED_EDGE('',*,*,#894,.T.);
#359=ORIENTED_EDGE('',*,*,#895,.T.);
#360=ORIENTED_EDGE('',*,*,#896,.T.);
#361=ORIENTED_EDGE('',*,*,#897,.T.);
#362=ORIENTED_EDGE('',*,*,#898,.T.);
#363=ORIENTED_EDGE('',*,*,#899,.T.);
#364=ORIENTED_EDGE('',*,*,#900,.T.);
#365=ORIENTED_EDGE('',*,*,#901,.T.);
#366=ORIENTED_EDGE('',*,*,#902,.T.);
#367=ORIENTED_EDGE('',*,*,#903,.F.);
#368=ORIENTED_EDGE('',*,*,#904,.F.);
#369=ORIENTED_EDGE('',*,*,#905,.F.);
#370=ORIENTED_EDGE('',*,*,#906,.F.);
#371=ORIENTED_EDGE('',*,*,#907,.F.);
#372=ORIENTED_EDGE('',*,*,#908,.F.);
#373=ORIENTED_EDGE('',*,*,#909,.F.);
#374=ORIENTED_EDGE('',*,*,#910,.T.);
#375=ORIENTED_EDGE('',*,*,#911,.T.);
#376=ORIENTED_EDGE('',*,*,#912,.T.);
#377=ORIENTED_EDGE('',*,*,#913,.T.);
#378=ORIENTED_EDGE('',*,*,#914,.T.);
#379=ORIENTED_EDGE('',*,*,#915,.T.);
#380=ORIENTED_EDGE('',*,*,#916,.T.);
#381=ORIENTED_EDGE('',*,*,#917,.T.);
#382=ORIENTED_EDGE('',*,*,#918,.T.);
#383=ORIENTED_EDGE('',*,*,#919,.T.);
#384=ORIENTED_EDGE('',*,*,#920,.T.);
#385=ORIENTED_EDGE('',*,*,#921,.T.);
#386=ORIENTED_EDGE('',*,*,#922,.T.);
#387=ORIENTED_EDGE('',*,*,#923,.T.);
#388=ORIENTED_EDGE('',*,*,#924,.T.);
#389=ORIENTED_EDGE('',*,*,#925,.T.);
#390=ORIENTED_EDGE('',*,*,#926,.T.);
#391=ORIENTED_EDGE('',*,*,#927,.T.);
#392=ORIENTED_EDGE('',*,*,#928,.T.);
#393=ORIENTED_EDGE('',*,*,#929,.T.);
#394=ORIENTED_EDGE('',*,*,#930,.T.);
#395=ORIENTED_EDGE('',*,*,#931,.T.);
#396=ORIENTED_EDGE('',*,*,#932,.T.);
#397=ORIENTED_EDGE('',*,*,#933,.T.);
#398=ORIENTED_EDGE('',*,*,#934,.T.);
#399=ORIENTED_EDGE('',*,*,#935,.F.);
#400=ORIENTED_EDGE('',*,*,#936,.F.);
#401=ORIENTED_EDGE('',*,*,#937,.T.);
#402=ORIENTED_EDGE('',*,*,#938,.T.);
#403=ORIENTED_EDGE('',*,*,#939,.T.);
#404=ORIENTED_EDGE('',*,*,#940,.T.);
#405=ORIENTED_EDGE('',*,*,#941,.F.);
#406=ORIENTED_EDGE('',*,*,#942,.T.);
#407=ORIENTED_EDGE('',*,*,#943,.T.);
#408=ORIENTED_EDGE('',*,*,#944,.T.);
#409=ORIENTED_EDGE('',*,*,#945,.T.);
#410=ORIENTED_EDGE('',*,*,#946,.F.);
#411=ORIENTED_EDGE('',*,*,#947,.F.);
#412=ORIENTED_EDGE('',*,*,#948,.F.);
#413=ORIENTED_EDGE('',*,*,#949,.T.);
#414=ORIENTED_EDGE('',*,*,#950,.T.);
#415=ORIENTED_EDGE('',*,*,#951,.T.);
#416=ORIENTED_EDGE('',*,*,#952,.T.);
#417=ORIENTED_EDGE('',*,*,#953,.T.);
#418=ORIENTED_EDGE('',*,*,#954,.F.);
#419=ORIENTED_EDGE('',*,*,#955,.F.);
#420=ORIENTED_EDGE('',*,*,#907,.T.);
#421=ORIENTED_EDGE('',*,*,#956,.T.);
#422=ORIENTED_EDGE('',*,*,#957,.F.);
#423=ORIENTED_EDGE('',*,*,#956,.F.);
#424=ORIENTED_EDGE('',*,*,#908,.T.);
#425=ORIENTED_EDGE('',*,*,#955,.T.);
#426=ORIENTED_EDGE('',*,*,#909,.T.);
#427=ORIENTED_EDGE('',*,*,#958,.F.);
#428=ORIENTED_EDGE('',*,*,#954,.T.);
#429=ORIENTED_EDGE('',*,*,#957,.T.);
#430=ORIENTED_EDGE('',*,*,#958,.T.);
#431=ORIENTED_EDGE('',*,*,#911,.F.);
#432=ORIENTED_EDGE('',*,*,#959,.F.);
#433=ORIENTED_EDGE('',*,*,#960,.T.);
#434=ORIENTED_EDGE('',*,*,#961,.T.);
#435=ORIENTED_EDGE('',*,*,#910,.F.);
#436=ORIENTED_EDGE('',*,*,#962,.F.);
#437=ORIENTED_EDGE('',*,*,#963,.T.);
#438=ORIENTED_EDGE('',*,*,#959,.T.);
#439=ORIENTED_EDGE('',*,*,#917,.F.);
#440=ORIENTED_EDGE('',*,*,#964,.F.);
#441=ORIENTED_EDGE('',*,*,#965,.T.);
#442=ORIENTED_EDGE('',*,*,#962,.T.);
#443=ORIENTED_EDGE('',*,*,#916,.F.);
#444=ORIENTED_EDGE('',*,*,#966,.F.);
#445=ORIENTED_EDGE('',*,*,#967,.T.);
#446=ORIENTED_EDGE('',*,*,#964,.T.);
#447=ORIENTED_EDGE('',*,*,#915,.F.);
#448=ORIENTED_EDGE('',*,*,#968,.F.);
#449=ORIENTED_EDGE('',*,*,#969,.T.);
#450=ORIENTED_EDGE('',*,*,#966,.T.);
#451=ORIENTED_EDGE('',*,*,#914,.F.);
#452=ORIENTED_EDGE('',*,*,#970,.F.);
#453=ORIENTED_EDGE('',*,*,#971,.T.);
#454=ORIENTED_EDGE('',*,*,#968,.T.);
#455=ORIENTED_EDGE('',*,*,#913,.F.);
#456=ORIENTED_EDGE('',*,*,#972,.F.);
#457=ORIENTED_EDGE('',*,*,#973,.T.);
#458=ORIENTED_EDGE('',*,*,#970,.T.);
#459=ORIENTED_EDGE('',*,*,#912,.F.);
#460=ORIENTED_EDGE('',*,*,#961,.F.);
#461=ORIENTED_EDGE('',*,*,#974,.T.);
#462=ORIENTED_EDGE('',*,*,#972,.T.);
#463=ORIENTED_EDGE('',*,*,#960,.F.);
#464=ORIENTED_EDGE('',*,*,#963,.F.);
#465=ORIENTED_EDGE('',*,*,#965,.F.);
#466=ORIENTED_EDGE('',*,*,#967,.F.);
#467=ORIENTED_EDGE('',*,*,#969,.F.);
#468=ORIENTED_EDGE('',*,*,#971,.F.);
#469=ORIENTED_EDGE('',*,*,#973,.F.);
#470=ORIENTED_EDGE('',*,*,#974,.F.);
#471=ORIENTED_EDGE('',*,*,#975,.F.);
#472=ORIENTED_EDGE('',*,*,#976,.F.);
#473=ORIENTED_EDGE('',*,*,#977,.T.);
#474=ORIENTED_EDGE('',*,*,#978,.T.);
#475=ORIENTED_EDGE('',*,*,#979,.T.);
#476=ORIENTED_EDGE('',*,*,#980,.F.);
#477=ORIENTED_EDGE('',*,*,#981,.F.);
#478=ORIENTED_EDGE('',*,*,#976,.T.);
#479=ORIENTED_EDGE('',*,*,#982,.T.);
#480=ORIENTED_EDGE('',*,*,#978,.F.);
#481=ORIENTED_EDGE('',*,*,#983,.F.);
#482=ORIENTED_EDGE('',*,*,#980,.T.);
#483=ORIENTED_EDGE('',*,*,#984,.F.);
#484=ORIENTED_EDGE('',*,*,#906,.T.);
#485=ORIENTED_EDGE('',*,*,#977,.F.);
#486=ORIENTED_EDGE('',*,*,#981,.T.);
#487=ORIENTED_EDGE('',*,*,#983,.T.);
#488=ORIENTED_EDGE('',*,*,#984,.T.);
#489=ORIENTED_EDGE('',*,*,#979,.F.);
#490=ORIENTED_EDGE('',*,*,#975,.T.);
#491=ORIENTED_EDGE('',*,*,#982,.F.);
#492=ORIENTED_EDGE('',*,*,#985,.F.);
#493=ORIENTED_EDGE('',*,*,#986,.F.);
#494=ORIENTED_EDGE('',*,*,#987,.T.);
#495=ORIENTED_EDGE('',*,*,#988,.T.);
#496=ORIENTED_EDGE('',*,*,#989,.T.);
#497=ORIENTED_EDGE('',*,*,#990,.F.);
#498=ORIENTED_EDGE('',*,*,#991,.F.);
#499=ORIENTED_EDGE('',*,*,#986,.T.);
#500=ORIENTED_EDGE('',*,*,#992,.T.);
#501=ORIENTED_EDGE('',*,*,#988,.F.);
#502=ORIENTED_EDGE('',*,*,#993,.F.);
#503=ORIENTED_EDGE('',*,*,#990,.T.);
#504=ORIENTED_EDGE('',*,*,#994,.F.);
#505=ORIENTED_EDGE('',*,*,#905,.T.);
#506=ORIENTED_EDGE('',*,*,#987,.F.);
#507=ORIENTED_EDGE('',*,*,#991,.T.);
#508=ORIENTED_EDGE('',*,*,#993,.T.);
#509=ORIENTED_EDGE('',*,*,#994,.T.);
#510=ORIENTED_EDGE('',*,*,#989,.F.);
#511=ORIENTED_EDGE('',*,*,#985,.T.);
#512=ORIENTED_EDGE('',*,*,#992,.F.);
#513=ORIENTED_EDGE('',*,*,#919,.F.);
#514=ORIENTED_EDGE('',*,*,#995,.F.);
#515=ORIENTED_EDGE('',*,*,#996,.T.);
#516=ORIENTED_EDGE('',*,*,#997,.T.);
#517=ORIENTED_EDGE('',*,*,#918,.F.);
#518=ORIENTED_EDGE('',*,*,#998,.F.);
#519=ORIENTED_EDGE('',*,*,#999,.T.);
#520=ORIENTED_EDGE('',*,*,#995,.T.);
#521=ORIENTED_EDGE('',*,*,#926,.F.);
#522=ORIENTED_EDGE('',*,*,#1000,.F.);
#523=ORIENTED_EDGE('',*,*,#1001,.T.);
#524=ORIENTED_EDGE('',*,*,#998,.T.);
#525=ORIENTED_EDGE('',*,*,#925,.F.);
#526=ORIENTED_EDGE('',*,*,#1002,.F.);
#527=ORIENTED_EDGE('',*,*,#1003,.T.);
#528=ORIENTED_EDGE('',*,*,#1000,.T.);
#529=ORIENTED_EDGE('',*,*,#924,.F.);
#530=ORIENTED_EDGE('',*,*,#1004,.F.);
#531=ORIENTED_EDGE('',*,*,#1005,.T.);
#532=ORIENTED_EDGE('',*,*,#1002,.T.);
#533=ORIENTED_EDGE('',*,*,#923,.F.);
#534=ORIENTED_EDGE('',*,*,#1006,.F.);
#535=ORIENTED_EDGE('',*,*,#1007,.T.);
#536=ORIENTED_EDGE('',*,*,#1004,.T.);
#537=ORIENTED_EDGE('',*,*,#922,.F.);
#538=ORIENTED_EDGE('',*,*,#1008,.F.);
#539=ORIENTED_EDGE('',*,*,#1009,.T.);
#540=ORIENTED_EDGE('',*,*,#1006,.T.);
#541=ORIENTED_EDGE('',*,*,#921,.F.);
#542=ORIENTED_EDGE('',*,*,#1010,.F.);
#543=ORIENTED_EDGE('',*,*,#1011,.T.);
#544=ORIENTED_EDGE('',*,*,#1008,.T.);
#545=ORIENTED_EDGE('',*,*,#920,.F.);
#546=ORIENTED_EDGE('',*,*,#997,.F.);
#547=ORIENTED_EDGE('',*,*,#1012,.T.);
#548=ORIENTED_EDGE('',*,*,#1010,.T.);
#549=ORIENTED_EDGE('',*,*,#996,.F.);
#550=ORIENTED_EDGE('',*,*,#999,.F.);
#551=ORIENTED_EDGE('',*,*,#1001,.F.);
#552=ORIENTED_EDGE('',*,*,#1003,.F.);
#553=ORIENTED_EDGE('',*,*,#1005,.F.);
#554=ORIENTED_EDGE('',*,*,#1007,.F.);
#555=ORIENTED_EDGE('',*,*,#1009,.F.);
#556=ORIENTED_EDGE('',*,*,#1011,.F.);
#557=ORIENTED_EDGE('',*,*,#1012,.F.);
#558=ORIENTED_EDGE('',*,*,#928,.F.);
#559=ORIENTED_EDGE('',*,*,#1013,.F.);
#560=ORIENTED_EDGE('',*,*,#1014,.T.);
#561=ORIENTED_EDGE('',*,*,#1015,.T.);
#562=ORIENTED_EDGE('',*,*,#927,.F.);
#563=ORIENTED_EDGE('',*,*,#1016,.F.);
#564=ORIENTED_EDGE('',*,*,#1017,.T.);
#565=ORIENTED_EDGE('',*,*,#1013,.T.);
#566=ORIENTED_EDGE('',*,*,#934,.F.);
#567=ORIENTED_EDGE('',*,*,#1018,.F.);
#568=ORIENTED_EDGE('',*,*,#1019,.T.);
#569=ORIENTED_EDGE('',*,*,#1016,.T.);
#570=ORIENTED_EDGE('',*,*,#933,.F.);
#571=ORIENTED_EDGE('',*,*,#1020,.F.);
#572=ORIENTED_EDGE('',*,*,#1021,.T.);
#573=ORIENTED_EDGE('',*,*,#1018,.T.);
#574=ORIENTED_EDGE('',*,*,#932,.F.);
#575=ORIENTED_EDGE('',*,*,#1022,.F.);
#576=ORIENTED_EDGE('',*,*,#1023,.T.);
#577=ORIENTED_EDGE('',*,*,#1020,.T.);
#578=ORIENTED_EDGE('',*,*,#931,.F.);
#579=ORIENTED_EDGE('',*,*,#1024,.F.);
#580=ORIENTED_EDGE('',*,*,#1025,.T.);
#581=ORIENTED_EDGE('',*,*,#1022,.T.);
#582=ORIENTED_EDGE('',*,*,#930,.F.);
#583=ORIENTED_EDGE('',*,*,#1026,.F.);
#584=ORIENTED_EDGE('',*,*,#1027,.T.);
#585=ORIENTED_EDGE('',*,*,#1024,.T.);
#586=ORIENTED_EDGE('',*,*,#929,.F.);
#587=ORIENTED_EDGE('',*,*,#1015,.F.);
#588=ORIENTED_EDGE('',*,*,#1028,.T.);
#589=ORIENTED_EDGE('',*,*,#1026,.T.);
#590=ORIENTED_EDGE('',*,*,#1014,.F.);
#591=ORIENTED_EDGE('',*,*,#1017,.F.);
#592=ORIENTED_EDGE('',*,*,#1019,.F.);
#593=ORIENTED_EDGE('',*,*,#1021,.F.);
#594=ORIENTED_EDGE('',*,*,#1023,.F.);
#595=ORIENTED_EDGE('',*,*,#1025,.F.);
#596=ORIENTED_EDGE('',*,*,#1027,.F.);
#597=ORIENTED_EDGE('',*,*,#1028,.F.);
#598=ORIENTED_EDGE('',*,*,#903,.T.);
#599=ORIENTED_EDGE('',*,*,#1029,.F.);
#600=ORIENTED_EDGE('',*,*,#1030,.F.);
#601=ORIENTED_EDGE('',*,*,#1031,.T.);
#602=ORIENTED_EDGE('',*,*,#1032,.T.);
#603=ORIENTED_EDGE('',*,*,#1033,.F.);
#604=ORIENTED_EDGE('',*,*,#904,.T.);
#605=ORIENTED_EDGE('',*,*,#1031,.F.);
#606=ORIENTED_EDGE('',*,*,#1034,.F.);
#607=ORIENTED_EDGE('',*,*,#1029,.T.);
#608=ORIENTED_EDGE('',*,*,#1032,.F.);
#609=ORIENTED_EDGE('',*,*,#1030,.T.);
#610=ORIENTED_EDGE('',*,*,#1034,.T.);
#611=ORIENTED_EDGE('',*,*,#1035,.F.);
#612=ORIENTED_EDGE('',*,*,#1036,.F.);
#613=ORIENTED_EDGE('',*,*,#1037,.T.);
#614=ORIENTED_EDGE('',*,*,#1038,.T.);
#615=ORIENTED_EDGE('',*,*,#1039,.F.);
#616=ORIENTED_EDGE('',*,*,#1040,.F.);
#617=ORIENTED_EDGE('',*,*,#1041,.T.);
#618=ORIENTED_EDGE('',*,*,#1036,.T.);
#619=ORIENTED_EDGE('',*,*,#1042,.F.);
#620=ORIENTED_EDGE('',*,*,#1043,.F.);
#621=ORIENTED_EDGE('',*,*,#1044,.T.);
#622=ORIENTED_EDGE('',*,*,#1040,.T.);
#623=ORIENTED_EDGE('',*,*,#1045,.F.);
#624=ORIENTED_EDGE('',*,*,#1046,.F.);
#625=ORIENTED_EDGE('',*,*,#1047,.T.);
#626=ORIENTED_EDGE('',*,*,#1043,.T.);
#627=ORIENTED_EDGE('',*,*,#1048,.F.);
#628=ORIENTED_EDGE('',*,*,#1049,.F.);
#629=ORIENTED_EDGE('',*,*,#1050,.T.);
#630=ORIENTED_EDGE('',*,*,#1046,.T.);
#631=ORIENTED_EDGE('',*,*,#1051,.F.);
#632=ORIENTED_EDGE('',*,*,#1052,.F.);
#633=ORIENTED_EDGE('',*,*,#1053,.T.);
#634=ORIENTED_EDGE('',*,*,#1049,.T.);
#635=ORIENTED_EDGE('',*,*,#893,.F.);
#636=ORIENTED_EDGE('',*,*,#1054,.F.);
#637=ORIENTED_EDGE('',*,*,#1055,.T.);
#638=ORIENTED_EDGE('',*,*,#1056,.T.);
#639=ORIENTED_EDGE('',*,*,#892,.F.);
#640=ORIENTED_EDGE('',*,*,#1057,.F.);
#641=ORIENTED_EDGE('',*,*,#1058,.T.);
#642=ORIENTED_EDGE('',*,*,#1054,.T.);
#643=ORIENTED_EDGE('',*,*,#902,.F.);
#644=ORIENTED_EDGE('',*,*,#1059,.F.);
#645=ORIENTED_EDGE('',*,*,#1060,.T.);
#646=ORIENTED_EDGE('',*,*,#1057,.T.);
#647=ORIENTED_EDGE('',*,*,#901,.F.);
#648=ORIENTED_EDGE('',*,*,#1061,.F.);
#649=ORIENTED_EDGE('',*,*,#1062,.T.);
#650=ORIENTED_EDGE('',*,*,#1059,.T.);
#651=ORIENTED_EDGE('',*,*,#900,.F.);
#652=ORIENTED_EDGE('',*,*,#1063,.F.);
#653=ORIENTED_EDGE('',*,*,#1064,.T.);
#654=ORIENTED_EDGE('',*,*,#1061,.T.);
#655=ORIENTED_EDGE('',*,*,#899,.F.);
#656=ORIENTED_EDGE('',*,*,#1065,.F.);
#657=ORIENTED_EDGE('',*,*,#1066,.T.);
#658=ORIENTED_EDGE('',*,*,#1063,.T.);
#659=ORIENTED_EDGE('',*,*,#898,.F.);
#660=ORIENTED_EDGE('',*,*,#1067,.F.);
#661=ORIENTED_EDGE('',*,*,#1068,.T.);
#662=ORIENTED_EDGE('',*,*,#1065,.T.);
#663=ORIENTED_EDGE('',*,*,#897,.F.);
#664=ORIENTED_EDGE('',*,*,#1069,.F.);
#665=ORIENTED_EDGE('',*,*,#1070,.T.);
#666=ORIENTED_EDGE('',*,*,#1067,.T.);
#667=ORIENTED_EDGE('',*,*,#896,.F.);
#668=ORIENTED_EDGE('',*,*,#1071,.F.);
#669=ORIENTED_EDGE('',*,*,#1072,.T.);
#670=ORIENTED_EDGE('',*,*,#1069,.T.);
#671=ORIENTED_EDGE('',*,*,#895,.F.);
#672=ORIENTED_EDGE('',*,*,#1073,.F.);
#673=ORIENTED_EDGE('',*,*,#1074,.T.);
#674=ORIENTED_EDGE('',*,*,#1071,.T.);
#675=ORIENTED_EDGE('',*,*,#894,.F.);
#676=ORIENTED_EDGE('',*,*,#1056,.F.);
#677=ORIENTED_EDGE('',*,*,#1075,.T.);
#678=ORIENTED_EDGE('',*,*,#1073,.T.);
#679=ORIENTED_EDGE('',*,*,#1076,.F.);
#680=ORIENTED_EDGE('',*,*,#1038,.F.);
#681=ORIENTED_EDGE('',*,*,#1077,.T.);
#682=ORIENTED_EDGE('',*,*,#1052,.T.);
#683=ORIENTED_EDGE('',*,*,#1055,.F.);
#684=ORIENTED_EDGE('',*,*,#1058,.F.);
#685=ORIENTED_EDGE('',*,*,#1060,.F.);
#686=ORIENTED_EDGE('',*,*,#1062,.F.);
#687=ORIENTED_EDGE('',*,*,#1064,.F.);
#688=ORIENTED_EDGE('',*,*,#1066,.F.);
#689=ORIENTED_EDGE('',*,*,#1068,.F.);
#690=ORIENTED_EDGE('',*,*,#1070,.F.);
#691=ORIENTED_EDGE('',*,*,#1072,.F.);
#692=ORIENTED_EDGE('',*,*,#1074,.F.);
#693=ORIENTED_EDGE('',*,*,#1075,.F.);
#694=ORIENTED_EDGE('',*,*,#1037,.F.);
#695=ORIENTED_EDGE('',*,*,#1041,.F.);
#696=ORIENTED_EDGE('',*,*,#1044,.F.);
#697=ORIENTED_EDGE('',*,*,#1047,.F.);
#698=ORIENTED_EDGE('',*,*,#1050,.F.);
#699=ORIENTED_EDGE('',*,*,#1053,.F.);
#700=ORIENTED_EDGE('',*,*,#1077,.F.);
#701=ORIENTED_EDGE('',*,*,#1078,.F.);
#702=ORIENTED_EDGE('',*,*,#885,.T.);
#703=ORIENTED_EDGE('',*,*,#1079,.T.);
#704=ORIENTED_EDGE('',*,*,#1080,.F.);
#705=ORIENTED_EDGE('',*,*,#1081,.T.);
#706=ORIENTED_EDGE('',*,*,#1082,.F.);
#707=ORIENTED_EDGE('',*,*,#1083,.T.);
#708=ORIENTED_EDGE('',*,*,#1084,.F.);
#709=ORIENTED_EDGE('',*,*,#1085,.T.);
#710=ORIENTED_EDGE('',*,*,#1086,.F.);
#711=ORIENTED_EDGE('',*,*,#1087,.T.);
#712=ORIENTED_EDGE('',*,*,#1088,.F.);
#713=ORIENTED_EDGE('',*,*,#1089,.T.);
#714=ORIENTED_EDGE('',*,*,#1090,.F.);
#715=ORIENTED_EDGE('',*,*,#1091,.F.);
#716=ORIENTED_EDGE('',*,*,#1092,.T.);
#717=ORIENTED_EDGE('',*,*,#1093,.F.);
#718=ORIENTED_EDGE('',*,*,#1094,.T.);
#719=ORIENTED_EDGE('',*,*,#1091,.T.);
#720=ORIENTED_EDGE('',*,*,#1089,.F.);
#721=ORIENTED_EDGE('',*,*,#1087,.F.);
#722=ORIENTED_EDGE('',*,*,#1085,.F.);
#723=ORIENTED_EDGE('',*,*,#1083,.F.);
#724=ORIENTED_EDGE('',*,*,#1081,.F.);
#725=ORIENTED_EDGE('',*,*,#1079,.F.);
#726=ORIENTED_EDGE('',*,*,#1078,.T.);
#727=ORIENTED_EDGE('',*,*,#1093,.T.);
#728=ORIENTED_EDGE('',*,*,#1088,.T.);
#729=ORIENTED_EDGE('',*,*,#1086,.T.);
#730=ORIENTED_EDGE('',*,*,#1084,.T.);
#731=ORIENTED_EDGE('',*,*,#1082,.T.);
#732=ORIENTED_EDGE('',*,*,#1080,.T.);
#733=ORIENTED_EDGE('',*,*,#891,.F.);
#734=ORIENTED_EDGE('',*,*,#1095,.F.);
#735=ORIENTED_EDGE('',*,*,#1096,.T.);
#736=ORIENTED_EDGE('',*,*,#1097,.T.);
#737=ORIENTED_EDGE('',*,*,#890,.T.);
#738=ORIENTED_EDGE('',*,*,#1097,.F.);
#739=ORIENTED_EDGE('',*,*,#1098,.F.);
#740=ORIENTED_EDGE('',*,*,#1095,.T.);
#741=ORIENTED_EDGE('',*,*,#1096,.F.);
#742=ORIENTED_EDGE('',*,*,#1098,.T.);
#743=ORIENTED_EDGE('',*,*,#888,.F.);
#744=ORIENTED_EDGE('',*,*,#1099,.F.);
#745=ORIENTED_EDGE('',*,*,#1100,.T.);
#746=ORIENTED_EDGE('',*,*,#1101,.T.);
#747=ORIENTED_EDGE('',*,*,#887,.T.);
#748=ORIENTED_EDGE('',*,*,#1102,.F.);
#749=ORIENTED_EDGE('',*,*,#1103,.F.);
#750=ORIENTED_EDGE('',*,*,#1099,.T.);
#751=ORIENTED_EDGE('',*,*,#889,.T.);
#752=ORIENTED_EDGE('',*,*,#1101,.F.);
#753=ORIENTED_EDGE('',*,*,#1104,.F.);
#754=ORIENTED_EDGE('',*,*,#1102,.T.);
#755=ORIENTED_EDGE('',*,*,#1100,.F.);
#756=ORIENTED_EDGE('',*,*,#1103,.T.);
#757=ORIENTED_EDGE('',*,*,#1104,.T.);
#758=ORIENTED_EDGE('',*,*,#1105,.F.);
#759=ORIENTED_EDGE('',*,*,#935,.T.);
#760=ORIENTED_EDGE('',*,*,#1105,.T.);
#761=ORIENTED_EDGE('',*,*,#1106,.F.);
#762=ORIENTED_EDGE('',*,*,#936,.T.);
#763=ORIENTED_EDGE('',*,*,#1106,.T.);
#764=ORIENTED_EDGE('',*,*,#1107,.T.);
#765=ORIENTED_EDGE('',*,*,#937,.F.);
#766=ORIENTED_EDGE('',*,*,#1107,.F.);
#767=ORIENTED_EDGE('',*,*,#1108,.T.);
#768=ORIENTED_EDGE('',*,*,#886,.F.);
#769=ORIENTED_EDGE('',*,*,#1108,.F.);
#770=ORIENTED_EDGE('',*,*,#1033,.T.);
#771=ORIENTED_EDGE('',*,*,#1094,.F.);
#772=ORIENTED_EDGE('',*,*,#1092,.F.);
#773=ORIENTED_EDGE('',*,*,#1109,.T.);
#774=ORIENTED_EDGE('',*,*,#884,.F.);
#775=ORIENTED_EDGE('',*,*,#1109,.F.);
#776=ORIENTED_EDGE('',*,*,#1110,.T.);
#777=ORIENTED_EDGE('',*,*,#938,.F.);
#778=ORIENTED_EDGE('',*,*,#1110,.F.);
#779=ORIENTED_EDGE('',*,*,#1111,.T.);
#780=ORIENTED_EDGE('',*,*,#883,.F.);
#781=ORIENTED_EDGE('',*,*,#1111,.F.);
#782=ORIENTED_EDGE('',*,*,#1112,.T.);
#783=ORIENTED_EDGE('',*,*,#939,.F.);
#784=ORIENTED_EDGE('',*,*,#1112,.F.);
#785=ORIENTED_EDGE('',*,*,#1113,.T.);
#786=ORIENTED_EDGE('',*,*,#882,.F.);
#787=ORIENTED_EDGE('',*,*,#1113,.F.);
#788=ORIENTED_EDGE('',*,*,#1114,.T.);
#789=ORIENTED_EDGE('',*,*,#940,.F.);
#790=ORIENTED_EDGE('',*,*,#1114,.F.);
#791=ORIENTED_EDGE('',*,*,#1115,.T.);
#792=ORIENTED_EDGE('',*,*,#881,.F.);
#793=ORIENTED_EDGE('',*,*,#1115,.F.);
#794=ORIENTED_EDGE('',*,*,#1116,.F.);
#795=ORIENTED_EDGE('',*,*,#941,.T.);
#796=ORIENTED_EDGE('',*,*,#1116,.T.);
#797=ORIENTED_EDGE('',*,*,#1117,.T.);
#798=ORIENTED_EDGE('',*,*,#942,.F.);
#799=ORIENTED_EDGE('',*,*,#1117,.F.);
#800=ORIENTED_EDGE('',*,*,#1118,.T.);
#801=ORIENTED_EDGE('',*,*,#880,.F.);
#802=ORIENTED_EDGE('',*,*,#1118,.F.);
#803=ORIENTED_EDGE('',*,*,#1119,.T.);
#804=ORIENTED_EDGE('',*,*,#943,.F.);
#805=ORIENTED_EDGE('',*,*,#1119,.F.);
#806=ORIENTED_EDGE('',*,*,#1120,.T.);
#807=ORIENTED_EDGE('',*,*,#879,.F.);
#808=ORIENTED_EDGE('',*,*,#1120,.F.);
#809=ORIENTED_EDGE('',*,*,#1121,.T.);
#810=ORIENTED_EDGE('',*,*,#944,.F.);
#811=ORIENTED_EDGE('',*,*,#1121,.F.);
#812=ORIENTED_EDGE('',*,*,#1122,.T.);
#813=ORIENTED_EDGE('',*,*,#878,.F.);
#814=ORIENTED_EDGE('',*,*,#1122,.F.);
#815=ORIENTED_EDGE('',*,*,#1123,.T.);
#816=ORIENTED_EDGE('',*,*,#945,.F.);
#817=ORIENTED_EDGE('',*,*,#1123,.F.);
#818=ORIENTED_EDGE('',*,*,#1124,.T.);
#819=ORIENTED_EDGE('',*,*,#877,.F.);
#820=ORIENTED_EDGE('',*,*,#1124,.F.);
#821=ORIENTED_EDGE('',*,*,#1125,.F.);
#822=ORIENTED_EDGE('',*,*,#946,.T.);
#823=ORIENTED_EDGE('',*,*,#1125,.T.);
#824=ORIENTED_EDGE('',*,*,#1126,.F.);
#825=ORIENTED_EDGE('',*,*,#947,.T.);
#826=ORIENTED_EDGE('',*,*,#1126,.T.);
#827=ORIENTED_EDGE('',*,*,#1127,.F.);
#828=ORIENTED_EDGE('',*,*,#948,.T.);
#829=ORIENTED_EDGE('',*,*,#1127,.T.);
#830=ORIENTED_EDGE('',*,*,#1128,.T.);
#831=ORIENTED_EDGE('',*,*,#949,.F.);
#832=ORIENTED_EDGE('',*,*,#1128,.F.);
#833=ORIENTED_EDGE('',*,*,#1129,.F.);
#834=ORIENTED_EDGE('',*,*,#876,.T.);
#835=ORIENTED_EDGE('',*,*,#1129,.T.);
#836=ORIENTED_EDGE('',*,*,#1130,.F.);
#837=ORIENTED_EDGE('',*,*,#875,.T.);
#838=ORIENTED_EDGE('',*,*,#1130,.T.);
#839=ORIENTED_EDGE('',*,*,#1131,.T.);
#840=ORIENTED_EDGE('',*,*,#874,.F.);
#841=ORIENTED_EDGE('',*,*,#1131,.F.);
#842=ORIENTED_EDGE('',*,*,#1132,.T.);
#843=ORIENTED_EDGE('',*,*,#950,.F.);
#844=ORIENTED_EDGE('',*,*,#1132,.F.);
#845=ORIENTED_EDGE('',*,*,#1133,.T.);
#846=ORIENTED_EDGE('',*,*,#873,.F.);
#847=ORIENTED_EDGE('',*,*,#1133,.F.);
#848=ORIENTED_EDGE('',*,*,#1134,.T.);
#849=ORIENTED_EDGE('',*,*,#951,.F.);
#850=ORIENTED_EDGE('',*,*,#1134,.F.);
#851=ORIENTED_EDGE('',*,*,#1135,.T.);
#852=ORIENTED_EDGE('',*,*,#872,.F.);
#853=ORIENTED_EDGE('',*,*,#1135,.F.);
#854=ORIENTED_EDGE('',*,*,#1136,.T.);
#855=ORIENTED_EDGE('',*,*,#952,.F.);
#856=ORIENTED_EDGE('',*,*,#1136,.F.);
#857=ORIENTED_EDGE('',*,*,#1137,.T.);
#858=ORIENTED_EDGE('',*,*,#871,.F.);
#859=ORIENTED_EDGE('',*,*,#1137,.F.);
#860=ORIENTED_EDGE('',*,*,#1138,.T.);
#861=ORIENTED_EDGE('',*,*,#953,.F.);
#862=ORIENTED_EDGE('',*,*,#1138,.F.);
#863=ORIENTED_EDGE('',*,*,#1039,.T.);
#864=ORIENTED_EDGE('',*,*,#1035,.T.);
#865=ORIENTED_EDGE('',*,*,#1076,.T.);
#866=ORIENTED_EDGE('',*,*,#1051,.T.);
#867=ORIENTED_EDGE('',*,*,#1048,.T.);
#868=ORIENTED_EDGE('',*,*,#1045,.T.);
#869=ORIENTED_EDGE('',*,*,#1042,.T.);
#870=ORIENTED_EDGE('',*,*,#1090,.T.);
#871=EDGE_CURVE('',#1139,#1139,#1349,.T.);
#872=EDGE_CURVE('',#1140,#1140,#1350,.T.);
#873=EDGE_CURVE('',#1141,#1141,#1351,.T.);
#874=EDGE_CURVE('',#1142,#1142,#1352,.T.);
#875=EDGE_CURVE('',#1143,#1143,#1353,.T.);
#876=EDGE_CURVE('',#1144,#1144,#1354,.T.);
#877=EDGE_CURVE('',#1145,#1145,#1355,.T.);
#878=EDGE_CURVE('',#1146,#1146,#1356,.T.);
#879=EDGE_CURVE('',#1147,#1147,#1357,.T.);
#880=EDGE_CURVE('',#1148,#1148,#1358,.T.);
#881=EDGE_CURVE('',#1149,#1149,#1359,.T.);
#882=EDGE_CURVE('',#1150,#1150,#1360,.T.);
#883=EDGE_CURVE('',#1151,#1151,#1361,.T.);
#884=EDGE_CURVE('',#1152,#1152,#1362,.T.);
#885=EDGE_CURVE('',#1153,#1153,#1363,.T.);
#886=EDGE_CURVE('',#1154,#1154,#1364,.T.);
#887=EDGE_CURVE('',#1155,#1156,#1365,.T.);
#888=EDGE_CURVE('',#1155,#1157,#1366,.T.);
#889=EDGE_CURVE('',#1156,#1157,#1367,.T.);
#890=EDGE_CURVE('',#1158,#1159,#123,.T.);
#891=EDGE_CURVE('',#1158,#1159,#1368,.T.);
#892=EDGE_CURVE('',#1160,#1161,#124,.T.);
#893=EDGE_CURVE('',#1161,#1162,#125,.T.);
#894=EDGE_CURVE('',#1162,#1163,#126,.T.);
#895=EDGE_CURVE('',#1163,#1164,#127,.T.);
#896=EDGE_CURVE('',#1164,#1165,#128,.T.);
#897=EDGE_CURVE('',#1165,#1166,#1369,.T.);
#898=EDGE_CURVE('',#1166,#1167,#1370,.T.);
#899=EDGE_CURVE('',#1167,#1168,#1371,.T.);
#900=EDGE_CURVE('',#1168,#1169,#129,.T.);
#901=EDGE_CURVE('',#1169,#1170,#130,.T.);
#902=EDGE_CURVE('',#1170,#1160,#131,.T.);
#903=EDGE_CURVE('',#1171,#1172,#132,.T.);
#904=EDGE_CURVE('',#1172,#1171,#1372,.T.);
#905=EDGE_CURVE('',#1173,#1173,#93,.T.);
#906=EDGE_CURVE('',#1174,#1174,#94,.T.);
#907=EDGE_CURVE('',#1175,#1176,#1373,.T.);
#908=EDGE_CURVE('',#1176,#1175,#1374,.T.);
#909=EDGE_CURVE('',#1177,#1177,#95,.T.);
#910=EDGE_CURVE('',#1178,#1179,#1375,.T.);
#911=EDGE_CURVE('',#1179,#1180,#1376,.T.);
#912=EDGE_CURVE('',#1180,#1181,#1377,.T.);
#913=EDGE_CURVE('',#1181,#1182,#1378,.T.);
#914=EDGE_CURVE('',#1182,#1183,#1379,.T.);
#915=EDGE_CURVE('',#1183,#1184,#1380,.T.);
#916=EDGE_CURVE('',#1184,#1185,#1381,.T.);
#917=EDGE_CURVE('',#1185,#1178,#96,.F.);
#918=EDGE_CURVE('',#1186,#1187,#133,.T.);
#919=EDGE_CURVE('',#1187,#1188,#134,.T.);
#920=EDGE_CURVE('',#1188,#1189,#135,.T.);
#921=EDGE_CURVE('',#1189,#1190,#136,.T.);
#922=EDGE_CURVE('',#1190,#1191,#137,.T.);
#923=EDGE_CURVE('',#1191,#1192,#138,.T.);
#924=EDGE_CURVE('',#1192,#1193,#139,.T.);
#925=EDGE_CURVE('',#1193,#1194,#97,.F.);
#926=EDGE_CURVE('',#1194,#1186,#98,.F.);
#927=EDGE_CURVE('',#1195,#1196,#1382,.T.);
#928=EDGE_CURVE('',#1196,#1197,#1383,.T.);
#929=EDGE_CURVE('',#1197,#1198,#1384,.T.);
#930=EDGE_CURVE('',#1198,#1199,#1385,.T.);
#931=EDGE_CURVE('',#1199,#1200,#1386,.T.);
#932=EDGE_CURVE('',#1200,#1201,#1387,.T.);
#933=EDGE_CURVE('',#1201,#1202,#1388,.T.);
#934=EDGE_CURVE('',#1202,#1195,#99,.F.);
#935=EDGE_CURVE('',#1203,#1203,#1389,.T.);
#936=EDGE_CURVE('',#1204,#1204,#1390,.T.);
#937=EDGE_CURVE('',#1205,#1205,#1391,.T.);
#938=EDGE_CURVE('',#1206,#1206,#1392,.T.);
#939=EDGE_CURVE('',#1207,#1207,#1393,.T.);
#940=EDGE_CURVE('',#1208,#1208,#1394,.T.);
#941=EDGE_CURVE('',#1209,#1209,#1395,.T.);
#942=EDGE_CURVE('',#1210,#1210,#1396,.T.);
#943=EDGE_CURVE('',#1211,#1211,#1397,.T.);
#944=EDGE_CURVE('',#1212,#1212,#1398,.T.);
#945=EDGE_CURVE('',#1213,#1213,#1399,.T.);
#946=EDGE_CURVE('',#1214,#1214,#1400,.T.);
#947=EDGE_CURVE('',#1215,#1215,#1401,.T.);
#948=EDGE_CURVE('',#1216,#1216,#1402,.T.);
#949=EDGE_CURVE('',#1217,#1217,#1403,.T.);
#950=EDGE_CURVE('',#1218,#1218,#1404,.T.);
#951=EDGE_CURVE('',#1219,#1219,#1405,.T.);
#952=EDGE_CURVE('',#1220,#1220,#1406,.T.);
#953=EDGE_CURVE('',#1221,#1221,#1407,.T.);
#954=EDGE_CURVE('',#1222,#1223,#1408,.T.);
#955=EDGE_CURVE('',#1175,#1222,#140,.T.);
#956=EDGE_CURVE('',#1176,#1223,#141,.T.);
#957=EDGE_CURVE('',#1223,#1222,#1409,.T.);
#958=EDGE_CURVE('',#1224,#1224,#100,.T.);
#959=EDGE_CURVE('',#1225,#1179,#142,.T.);
#960=EDGE_CURVE('',#1225,#1226,#1410,.T.);
#961=EDGE_CURVE('',#1226,#1180,#143,.T.);
#962=EDGE_CURVE('',#1227,#1178,#144,.T.);
#963=EDGE_CURVE('',#1227,#1225,#1411,.T.);
#964=EDGE_CURVE('',#1228,#1185,#145,.T.);
#965=EDGE_CURVE('',#1228,#1227,#101,.F.);
#966=EDGE_CURVE('',#1229,#1184,#146,.T.);
#967=EDGE_CURVE('',#1229,#1228,#1412,.T.);
#968=EDGE_CURVE('',#1230,#1183,#147,.T.);
#969=EDGE_CURVE('',#1230,#1229,#1413,.T.);
#970=EDGE_CURVE('',#1231,#1182,#148,.T.);
#971=EDGE_CURVE('',#1231,#1230,#1414,.T.);
#972=EDGE_CURVE('',#1232,#1181,#149,.T.);
#973=EDGE_CURVE('',#1232,#1231,#1415,.T.);
#974=EDGE_CURVE('',#1226,#1232,#1416,.T.);
#975=EDGE_CURVE('',#1233,#1234,#102,.T.);
#976=EDGE_CURVE('',#1235,#1233,#150,.T.);
#977=EDGE_CURVE('',#1235,#1236,#103,.T.);
#978=EDGE_CURVE('',#1236,#1234,#151,.T.);
#979=EDGE_CURVE('',#1233,#1237,#152,.T.);
#980=EDGE_CURVE('',#1238,#1237,#153,.T.);
#981=EDGE_CURVE('',#1235,#1238,#154,.T.);
#982=EDGE_CURVE('',#1237,#1234,#155,.T.);
#983=EDGE_CURVE('',#1238,#1236,#156,.T.);
#984=EDGE_CURVE('',#1239,#1239,#104,.T.);
#985=EDGE_CURVE('',#1240,#1241,#105,.T.);
#986=EDGE_CURVE('',#1242,#1240,#157,.T.);
#987=EDGE_CURVE('',#1242,#1243,#106,.T.);
#988=EDGE_CURVE('',#1243,#1241,#158,.T.);
#989=EDGE_CURVE('',#1240,#1244,#159,.T.);
#990=EDGE_CURVE('',#1245,#1244,#160,.T.);
#991=EDGE_CURVE('',#1242,#1245,#161,.T.);
#992=EDGE_CURVE('',#1244,#1241,#162,.T.);
#993=EDGE_CURVE('',#1245,#1243,#163,.T.);
#994=EDGE_CURVE('',#1246,#1246,#107,.T.);
#995=EDGE_CURVE('',#1247,#1187,#164,.T.);
#996=EDGE_CURVE('',#1247,#1248,#165,.T.);
#997=EDGE_CURVE('',#1248,#1188,#166,.T.);
#998=EDGE_CURVE('',#1249,#1186,#167,.T.);
#999=EDGE_CURVE('',#1249,#1247,#168,.T.);
#1000=EDGE_CURVE('',#1250,#1194,#169,.T.);
#1001=EDGE_CURVE('',#1250,#1249,#108,.F.);
#1002=EDGE_CURVE('',#1251,#1193,#170,.T.);
#1003=EDGE_CURVE('',#1251,#1250,#109,.F.);
#1004=EDGE_CURVE('',#1252,#1192,#171,.T.);
#1005=EDGE_CURVE('',#1252,#1251,#172,.T.);
#1006=EDGE_CURVE('',#1253,#1191,#173,.T.);
#1007=EDGE_CURVE('',#1253,#1252,#174,.T.);
#1008=EDGE_CURVE('',#1254,#1190,#175,.T.);
#1009=EDGE_CURVE('',#1254,#1253,#176,.T.);
#1010=EDGE_CURVE('',#1255,#1189,#177,.T.);
#1011=EDGE_CURVE('',#1255,#1254,#178,.T.);
#1012=EDGE_CURVE('',#1248,#1255,#179,.T.);
#1013=EDGE_CURVE('',#1256,#1196,#180,.T.);
#1014=EDGE_CURVE('',#1256,#1257,#1417,.T.);
#1015=EDGE_CURVE('',#1257,#1197,#181,.T.);
#1016=EDGE_CURVE('',#1258,#1195,#182,.T.);
#1017=EDGE_CURVE('',#1258,#1256,#1418,.T.);
#1018=EDGE_CURVE('',#1259,#1202,#183,.T.);
#1019=EDGE_CURVE('',#1259,#1258,#110,.F.);
#1020=EDGE_CURVE('',#1260,#1201,#184,.T.);
#1021=EDGE_CURVE('',#1260,#1259,#1419,.T.);
#1022=EDGE_CURVE('',#1261,#1200,#185,.T.);
#1023=EDGE_CURVE('',#1261,#1260,#1420,.T.);
#1024=EDGE_CURVE('',#1262,#1199,#186,.T.);
#1025=EDGE_CURVE('',#1262,#1261,#1421,.T.);
#1026=EDGE_CURVE('',#1263,#1198,#187,.T.);
#1027=EDGE_CURVE('',#1263,#1262,#1422,.T.);
#1028=EDGE_CURVE('',#1257,#1263,#1423,.T.);
#1029=EDGE_CURVE('',#1264,#1172,#188,.T.);
#1030=EDGE_CURVE('',#1265,#1264,#189,.T.);
#1031=EDGE_CURVE('',#1265,#1171,#190,.T.);
#1032=EDGE_CURVE('',#1266,#1266,#1424,.T.);
#1033=EDGE_CURVE('',#1267,#1267,#1425,.T.);
#1034=EDGE_CURVE('',#1264,#1265,#1426,.T.);
#1035=EDGE_CURVE('',#1268,#1269,#191,.T.);
#1036=EDGE_CURVE('',#1270,#1268,#192,.T.);
#1037=EDGE_CURVE('',#1270,#1271,#193,.T.);
#1038=EDGE_CURVE('',#1271,#1269,#194,.T.);
#1039=EDGE_CURVE('',#1272,#1268,#195,.T.);
#1040=EDGE_CURVE('',#1273,#1272,#196,.T.);
#1041=EDGE_CURVE('',#1273,#1270,#197,.T.);
#1042=EDGE_CURVE('',#1274,#1272,#198,.T.);
#1043=EDGE_CURVE('',#1275,#1274,#199,.T.);
#1044=EDGE_CURVE('',#1275,#1273,#200,.T.);
#1045=EDGE_CURVE('',#1276,#1274,#1427,.T.);
#1046=EDGE_CURVE('',#1277,#1276,#201,.T.);
#1047=EDGE_CURVE('',#1277,#1275,#1428,.T.);
#1048=EDGE_CURVE('',#1278,#1276,#1429,.T.);
#1049=EDGE_CURVE('',#1279,#1278,#202,.T.);
#1050=EDGE_CURVE('',#1279,#1277,#1430,.T.);
#1051=EDGE_CURVE('',#1280,#1278,#1431,.T.);
#1052=EDGE_CURVE('',#1281,#1280,#203,.T.);
#1053=EDGE_CURVE('',#1281,#1279,#1432,.T.);
#1054=EDGE_CURVE('',#1282,#1161,#204,.T.);
#1055=EDGE_CURVE('',#1282,#1283,#205,.T.);
#1056=EDGE_CURVE('',#1283,#1162,#206,.T.);
#1057=EDGE_CURVE('',#1284,#1160,#207,.T.);
#1058=EDGE_CURVE('',#1284,#1282,#208,.T.);
#1059=EDGE_CURVE('',#1285,#1170,#209,.T.);
#1060=EDGE_CURVE('',#1285,#1284,#210,.T.);
#1061=EDGE_CURVE('',#1286,#1169,#211,.T.);
#1062=EDGE_CURVE('',#1286,#1285,#212,.T.);
#1063=EDGE_CURVE('',#1287,#1168,#213,.T.);
#1064=EDGE_CURVE('',#1287,#1286,#214,.T.);
#1065=EDGE_CURVE('',#1288,#1167,#215,.T.);
#1066=EDGE_CURVE('',#1288,#1287,#1433,.T.);
#1067=EDGE_CURVE('',#1289,#1166,#216,.T.);
#1068=EDGE_CURVE('',#1289,#1288,#1434,.T.);
#1069=EDGE_CURVE('',#1290,#1165,#217,.T.);
#1070=EDGE_CURVE('',#1290,#1289,#1435,.T.);
#1071=EDGE_CURVE('',#1291,#1164,#218,.T.);
#1072=EDGE_CURVE('',#1291,#1290,#219,.T.);
#1073=EDGE_CURVE('',#1292,#1163,#220,.T.);
#1074=EDGE_CURVE('',#1292,#1291,#221,.T.);
#1075=EDGE_CURVE('',#1283,#1292,#222,.T.);
#1076=EDGE_CURVE('',#1269,#1280,#1436,.T.);
#1077=EDGE_CURVE('',#1271,#1281,#1437,.T.);
#1078=EDGE_CURVE('',#1293,#1293,#1438,.T.);
#1079=EDGE_CURVE('',#1294,#1294,#111,.T.);
#1080=EDGE_CURVE('',#1295,#1295,#112,.T.);
#1081=EDGE_CURVE('',#1296,#1296,#113,.T.);
#1082=EDGE_CURVE('',#1297,#1297,#114,.T.);
#1083=EDGE_CURVE('',#1298,#1298,#115,.T.);
#1084=EDGE_CURVE('',#1299,#1299,#116,.T.);
#1085=EDGE_CURVE('',#1300,#1300,#117,.T.);
#1086=EDGE_CURVE('',#1301,#1301,#118,.T.);
#1087=EDGE_CURVE('',#1302,#1302,#119,.T.);
#1088=EDGE_CURVE('',#1303,#1303,#120,.T.);
#1089=EDGE_CURVE('',#1304,#1304,#121,.T.);
#1090=EDGE_CURVE('',#1305,#1305,#122,.T.);
#1091=EDGE_CURVE('',#1306,#1306,#1439,.T.);
#1092=EDGE_CURVE('',#1307,#1307,#1440,.T.);
#1093=EDGE_CURVE('',#1308,#1308,#1441,.T.);
#1094=EDGE_CURVE('',#1309,#1309,#1442,.T.);
#1095=EDGE_CURVE('',#1310,#1158,#223,.T.);
#1096=EDGE_CURVE('',#1310,#1311,#1443,.T.);
#1097=EDGE_CURVE('',#1311,#1159,#224,.T.);
#1098=EDGE_CURVE('',#1310,#1311,#225,.T.);
#1099=EDGE_CURVE('',#1312,#1155,#226,.T.);
#1100=EDGE_CURVE('',#1312,#1313,#1444,.T.);
#1101=EDGE_CURVE('',#1313,#1157,#227,.T.);
#1102=EDGE_CURVE('',#1314,#1156,#228,.T.);
#1103=EDGE_CURVE('',#1312,#1314,#1445,.T.);
#1104=EDGE_CURVE('',#1314,#1313,#1446,.T.);
#1105=EDGE_CURVE('',#1315,#1315,#1447,.T.);
#1106=EDGE_CURVE('',#1316,#1316,#1448,.T.);
#1107=EDGE_CURVE('',#1317,#1317,#1449,.T.);
#1108=EDGE_CURVE('',#1318,#1318,#1450,.T.);
#1109=EDGE_CURVE('',#1319,#1319,#1451,.T.);
#1110=EDGE_CURVE('',#1320,#1320,#1452,.T.);
#1111=EDGE_CURVE('',#1321,#1321,#1453,.T.);
#1112=EDGE_CURVE('',#1322,#1322,#1454,.T.);
#1113=EDGE_CURVE('',#1323,#1323,#1455,.T.);
#1114=EDGE_CURVE('',#1324,#1324,#1456,.T.);
#1115=EDGE_CURVE('',#1325,#1325,#1457,.T.);
#1116=EDGE_CURVE('',#1326,#1326,#1458,.T.);
#1117=EDGE_CURVE('',#1327,#1327,#1459,.T.);
#1118=EDGE_CURVE('',#1328,#1328,#1460,.T.);
#1119=EDGE_CURVE('',#1329,#1329,#1461,.T.);
#1120=EDGE_CURVE('',#1330,#1330,#1462,.T.);
#1121=EDGE_CURVE('',#1331,#1331,#1463,.T.);
#1122=EDGE_CURVE('',#1332,#1332,#1464,.T.);
#1123=EDGE_CURVE('',#1333,#1333,#1465,.T.);
#1124=EDGE_CURVE('',#1334,#1334,#1466,.T.);
#1125=EDGE_CURVE('',#1335,#1335,#1467,.T.);
#1126=EDGE_CURVE('',#1336,#1336,#1468,.T.);
#1127=EDGE_CURVE('',#1337,#1337,#1469,.T.);
#1128=EDGE_CURVE('',#1338,#1338,#1470,.T.);
#1129=EDGE_CURVE('',#1339,#1339,#1471,.T.);
#1130=EDGE_CURVE('',#1340,#1340,#1472,.T.);
#1131=EDGE_CURVE('',#1341,#1341,#1473,.T.);
#1132=EDGE_CURVE('',#1342,#1342,#1474,.T.);
#1133=EDGE_CURVE('',#1343,#1343,#1475,.T.);
#1134=EDGE_CURVE('',#1344,#1344,#1476,.T.);
#1135=EDGE_CURVE('',#1345,#1345,#1477,.T.);
#1136=EDGE_CURVE('',#1346,#1346,#1478,.T.);
#1137=EDGE_CURVE('',#1347,#1347,#1479,.T.);
#1138=EDGE_CURVE('',#1348,#1348,#1480,.T.);
#1139=VERTEX_POINT('',#2779);
#1140=VERTEX_POINT('',#2790);
#1141=VERTEX_POINT('',#2801);
#1142=VERTEX_POINT('',#2818);
#1143=VERTEX_POINT('',#2828);
#1144=VERTEX_POINT('',#2838);
#1145=VERTEX_POINT('',#2848);
#1146=VERTEX_POINT('',#2858);
#1147=VERTEX_POINT('',#2869);
#1148=VERTEX_POINT('',#2877);
#1149=VERTEX_POINT('',#2886);
#1150=VERTEX_POINT('',#2897);
#1151=VERTEX_POINT('',#2909);
#1152=VERTEX_POINT('',#2921);
#1153=VERTEX_POINT('',#2942);
#1154=VERTEX_POINT('',#2950);
#1155=VERTEX_POINT('',#2960);
#1156=VERTEX_POINT('',#2961);
#1157=VERTEX_POINT('',#2968);
#1158=VERTEX_POINT('',#2975);
#1159=VERTEX_POINT('',#2976);
#1160=VERTEX_POINT('',#2990);
#1161=VERTEX_POINT('',#2991);
#1162=VERTEX_POINT('',#2993);
#1163=VERTEX_POINT('',#2995);
#1164=VERTEX_POINT('',#2997);
#1165=VERTEX_POINT('',#2999);
#1166=VERTEX_POINT('',#3003);
#1167=VERTEX_POINT('',#3007);
#1168=VERTEX_POINT('',#3011);
#1169=VERTEX_POINT('',#3013);
#1170=VERTEX_POINT('',#3015);
#1171=VERTEX_POINT('',#3018);
#1172=VERTEX_POINT('',#3019);
#1173=VERTEX_POINT('',#3079);
#1174=VERTEX_POINT('',#3081);
#1175=VERTEX_POINT('',#3145);
#1176=VERTEX_POINT('',#3146);
#1177=VERTEX_POINT('',#3193);
#1178=VERTEX_POINT('',#3197);
#1179=VERTEX_POINT('',#3198);
#1180=VERTEX_POINT('',#3202);
#1181=VERTEX_POINT('',#3206);
#1182=VERTEX_POINT('',#3210);
#1183=VERTEX_POINT('',#3214);
#1184=VERTEX_POINT('',#3218);
#1185=VERTEX_POINT('',#3222);
#1186=VERTEX_POINT('',#3225);
#1187=VERTEX_POINT('',#3226);
#1188=VERTEX_POINT('',#3228);
#1189=VERTEX_POINT('',#3230);
#1190=VERTEX_POINT('',#3232);
#1191=VERTEX_POINT('',#3234);
#1192=VERTEX_POINT('',#3236);
#1193=VERTEX_POINT('',#3238);
#1194=VERTEX_POINT('',#3240);
#1195=VERTEX_POINT('',#3245);
#1196=VERTEX_POINT('',#3246);
#1197=VERTEX_POINT('',#3250);
#1198=VERTEX_POINT('',#3254);
#1199=VERTEX_POINT('',#3258);
#1200=VERTEX_POINT('',#3262);
#1201=VERTEX_POINT('',#3266);
#1202=VERTEX_POINT('',#3270);
#1203=VERTEX_POINT('',#3282);
#1204=VERTEX_POINT('',#3312);
#1205=VERTEX_POINT('',#3353);
#1206=VERTEX_POINT('',#3365);
#1207=VERTEX_POINT('',#3376);
#1208=VERTEX_POINT('',#3385);
#1209=VERTEX_POINT('',#3395);
#1210=VERTEX_POINT('',#3403);
#1211=VERTEX_POINT('',#3413);
#1212=VERTEX_POINT('',#3423);
#1213=VERTEX_POINT('',#3433);
#1214=VERTEX_POINT('',#3446);
#1215=VERTEX_POINT('',#3462);
#1216=VERTEX_POINT('',#3532);
#1217=VERTEX_POINT('',#3540);
#1218=VERTEX_POINT('',#3549);
#1219=VERTEX_POINT('',#3559);
#1220=VERTEX_POINT('',#3568);
#1221=VERTEX_POINT('',#3583);
#1222=VERTEX_POINT('',#3959);
#1223=VERTEX_POINT('',#3960);
#1224=VERTEX_POINT('',#4224);
#1225=VERTEX_POINT('',#4235);
#1226=VERTEX_POINT('',#4239);
#1227=VERTEX_POINT('',#4250);
#1228=VERTEX_POINT('',#4256);
#1229=VERTEX_POINT('',#4267);
#1230=VERTEX_POINT('',#4280);
#1231=VERTEX_POINT('',#4293);
#1232=VERTEX_POINT('',#4306);
#1233=VERTEX_POINT('',#4324);
#1234=VERTEX_POINT('',#4325);
#1235=VERTEX_POINT('',#4327);
#1236=VERTEX_POINT('',#4329);
#1237=VERTEX_POINT('',#4333);
#1238=VERTEX_POINT('',#4335);
#1239=VERTEX_POINT('',#4342);
#1240=VERTEX_POINT('',#4347);
#1241=VERTEX_POINT('',#4348);
#1242=VERTEX_POINT('',#4350);
#1243=VERTEX_POINT('',#4352);
#1244=VERTEX_POINT('',#4356);
#1245=VERTEX_POINT('',#4358);
#1246=VERTEX_POINT('',#4365);
#1247=VERTEX_POINT('',#4370);
#1248=VERTEX_POINT('',#4372);
#1249=VERTEX_POINT('',#4376);
#1250=VERTEX_POINT('',#4380);
#1251=VERTEX_POINT('',#4384);
#1252=VERTEX_POINT('',#4388);
#1253=VERTEX_POINT('',#4392);
#1254=VERTEX_POINT('',#4396);
#1255=VERTEX_POINT('',#4400);
#1256=VERTEX_POINT('',#4414);
#1257=VERTEX_POINT('',#4418);
#1258=VERTEX_POINT('',#4429);
#1259=VERTEX_POINT('',#4435);
#1260=VERTEX_POINT('',#4446);
#1261=VERTEX_POINT('',#4459);
#1262=VERTEX_POINT('',#4472);
#1263=VERTEX_POINT('',#4485);
#1264=VERTEX_POINT('',#4503);
#1265=VERTEX_POINT('',#4505);
#1266=VERTEX_POINT('',#4537);
#1267=VERTEX_POINT('',#4548);
#1268=VERTEX_POINT('',#4726);
#1269=VERTEX_POINT('',#4727);
#1270=VERTEX_POINT('',#4729);
#1271=VERTEX_POINT('',#4731);
#1272=VERTEX_POINT('',#4735);
#1273=VERTEX_POINT('',#4737);
#1274=VERTEX_POINT('',#4741);
#1275=VERTEX_POINT('',#4743);
#1276=VERTEX_POINT('',#4756);
#1277=VERTEX_POINT('',#4758);
#1278=VERTEX_POINT('',#4773);
#1279=VERTEX_POINT('',#4775);
#1280=VERTEX_POINT('',#4790);
#1281=VERTEX_POINT('',#4792);
#1282=VERTEX_POINT('',#4798);
#1283=VERTEX_POINT('',#4800);
#1284=VERTEX_POINT('',#4804);
#1285=VERTEX_POINT('',#4808);
#1286=VERTEX_POINT('',#4812);
#1287=VERTEX_POINT('',#4816);
#1288=VERTEX_POINT('',#4827);
#1289=VERTEX_POINT('',#4840);
#1290=VERTEX_POINT('',#4853);
#1291=VERTEX_POINT('',#4859);
#1292=VERTEX_POINT('',#4863);
#1293=VERTEX_POINT('',#4942);
#1294=VERTEX_POINT('',#4945);
#1295=VERTEX_POINT('',#4947);
#1296=VERTEX_POINT('',#4950);
#1297=VERTEX_POINT('',#4952);
#1298=VERTEX_POINT('',#4955);
#1299=VERTEX_POINT('',#4957);
#1300=VERTEX_POINT('',#4960);
#1301=VERTEX_POINT('',#4962);
#1302=VERTEX_POINT('',#4965);
#1303=VERTEX_POINT('',#4967);
#1304=VERTEX_POINT('',#4970);
#1305=VERTEX_POINT('',#4972);
#1306=VERTEX_POINT('',#5009);
#1307=VERTEX_POINT('',#5022);
#1308=VERTEX_POINT('',#5059);
#1309=VERTEX_POINT('',#5072);
#1310=VERTEX_POINT('',#5130);
#1311=VERTEX_POINT('',#5143);
#1312=VERTEX_POINT('',#5171);
#1313=VERTEX_POINT('',#5178);
#1314=VERTEX_POINT('',#5217);
#1315=VERTEX_POINT('',#5273);
#1316=VERTEX_POINT('',#5362);
#1317=VERTEX_POINT('',#5484);
#1318=VERTEX_POINT('',#5507);
#1319=VERTEX_POINT('',#5545);
#1320=VERTEX_POINT('',#5580);
#1321=VERTEX_POINT('',#5615);
#1322=VERTEX_POINT('',#5647);
#1323=VERTEX_POINT('',#5679);
#1324=VERTEX_POINT('',#5705);
#1325=VERTEX_POINT('',#5731);
#1326=VERTEX_POINT('',#5760);
#1327=VERTEX_POINT('',#5783);
#1328=VERTEX_POINT('',#5806);
#1329=VERTEX_POINT('',#5835);
#1330=VERTEX_POINT('',#5867);
#1331=VERTEX_POINT('',#5896);
#1332=VERTEX_POINT('',#5925);
#1333=VERTEX_POINT('',#5954);
#1334=VERTEX_POINT('',#5983);
#1335=VERTEX_POINT('',#6021);
#1336=VERTEX_POINT('',#6068);
#1337=VERTEX_POINT('',#6277);
#1338=VERTEX_POINT('',#6300);
#1339=VERTEX_POINT('',#6329);
#1340=VERTEX_POINT('',#6358);
#1341=VERTEX_POINT('',#6408);
#1342=VERTEX_POINT('',#6434);
#1343=VERTEX_POINT('',#6466);
#1344=VERTEX_POINT('',#6495);
#1345=VERTEX_POINT('',#6527);
#1346=VERTEX_POINT('',#6553);
#1347=VERTEX_POINT('',#6594);
#1348=VERTEX_POINT('',#6638);
#1349=B_SPLINE_CURVE_WITH_KNOTS('',3,(#2766,#2767,#2768,#2769,#2770,#2771,
#2772,#2773,#2774,#2775,#2776,#2777,#2778),.UNSPECIFIED.,.T.,.F.,(1,3,1,
1,1,1,1,1,1,1,1,3,1),(-0.100455652610022,0.,0.118456948763898,0.205277661871927,
0.303533507726329,0.393999634039206,0.494697019297223,0.599307433424606,
0.702180706240979,0.806838101982135,0.899544347389978,1.,1.1184569487639),
 .UNSPECIFIED.);
#1350=B_SPLINE_CURVE_WITH_KNOTS('',3,(#2780,#2781,#2782,#2783,#2784,#2785,
#2786,#2787,#2788,#2789),.UNSPECIFIED.,.T.,.F.,(1,3,1,1,1,1,1,1,3,1),(-0.161760005945953,
0.,0.125932264090848,0.270523981410356,0.414609689053829,0.542438501668887,
0.707947538585236,0.838239994054047,1.,1.12593226409085),.UNSPECIFIED.);
#1351=B_SPLINE_CURVE_WITH_KNOTS('',3,(#2791,#2792,#2793,#2794,#2795,#2796,
#2797,#2798,#2799,#2800),.UNSPECIFIED.,.T.,.F.,(1,3,1,1,1,1,1,1,3,1),(-0.123564715001664,
0.,0.197199088427703,0.345384960181167,0.46573764609149,0.621374588740593,
0.765915292179109,0.876435284998336,1.,1.1971990884277),.UNSPECIFIED.);
#1352=B_SPLINE_CURVE_WITH_KNOTS('',3,(#2802,#2803,#2804,#2805,#2806,#2807,
#2808,#2809,#2810,#2811,#2812,#2813,#2814,#2815,#2816,#2817),
 .UNSPECIFIED.,.T.,.F.,(1,3,1,1,1,1,1,1,1,1,1,1,1,1,3,1),(-0.0332525240398187,
0.,0.0901416569889607,0.194060387578653,0.288980972508762,0.384363917497192,
0.439593926160014,0.556774318338275,0.6290797164209,0.711618751390787,0.743034621370791,
0.792813009314488,0.880014140675928,0.966747475960181,1.,1.09014165698896),
 .UNSPECIFIED.);
#1353=B_SPLINE_CURVE_WITH_KNOTS('',3,(#2819,#2820,#2821,#2822,#2823,#2824,
#2825,#2826,#2827),.UNSPECIFIED.,.T.,.F.,(1,3,1,1,1,1,1,3,1),(-0.149090890260179,
0.,0.301635925190641,0.410395616056251,0.559787575662596,0.82032986201402,
0.850909109739821,1.,1.30163592519064),.UNSPECIFIED.);
#1354=B_SPLINE_CURVE_WITH_KNOTS('',3,(#2829,#2830,#2831,#2832,#2833,#2834,
#2835,#2836,#2837),.UNSPECIFIED.,.T.,.F.,(1,3,1,1,1,1,1,3,1),(-0.141998822916086,
0.,0.23589724216084,0.419461139709126,0.63446452852445,0.703551121990759,
0.858001177083914,1.,1.23589724216084),.UNSPECIFIED.);
#1355=B_SPLINE_CURVE_WITH_KNOTS('',3,(#2839,#2840,#2841,#2842,#2843,#2844,
#2845,#2846,#2847),.UNSPECIFIED.,.T.,.F.,(1,3,1,1,1,1,1,3,1),(-0.16374516777314,
0.,0.202077600259138,0.367554597386426,0.524568430090864,0.644153786973324,
0.83625483222686,1.,1.20207760025914),.UNSPECIFIED.);
#1356=B_SPLINE_CURVE_WITH_KNOTS('',3,(#2849,#2850,#2851,#2852,#2853,#2854,
#2855,#2856,#2857),.UNSPECIFIED.,.T.,.F.,(1,3,1,1,1,1,1,3,1),(-0.196275870839482,
0.,0.157156508235509,0.314037604065942,0.464140445788638,0.633889599971335,
0.803724129160519,1.,1.15715650823551),.UNSPECIFIED.);
#1357=B_SPLINE_CURVE_WITH_KNOTS('',3,(#2859,#2860,#2861,#2862,#2863,#2864,
#2865,#2866,#2867,#2868),.UNSPECIFIED.,.T.,.F.,(1,3,1,1,1,1,1,1,3,1),(-0.145235229323346,
0.,0.200175687903882,0.346845404841884,0.462111022936334,0.575995118325804,
0.697361578816356,0.854764770676654,1.,1.20017568790388),.UNSPECIFIED.);
#1358=B_SPLINE_CURVE_WITH_KNOTS('',3,(#2870,#2871,#2872,#2873,#2874,#2875,
#2876),.UNSPECIFIED.,.T.,.F.,(1,3,1,1,1,3,1),(-0.316842081767614,0.,0.205275739618792,
0.458003309335436,0.683157918232386,1.,1.20527573961879),.UNSPECIFIED.);
#1359=B_SPLINE_CURVE_WITH_KNOTS('',3,(#2878,#2879,#2880,#2881,#2882,#2883,
#2884,#2885),.UNSPECIFIED.,.T.,.F.,(1,3,1,1,1,1,3,1),(-0.191312906814821,
0.,0.272635898725397,0.4360040781359,0.64434541858239,0.808687093185179,
1.,1.2726358987254),.UNSPECIFIED.);
#1360=B_SPLINE_CURVE_WITH_KNOTS('',3,(#2887,#2888,#2889,#2890,#2891,#2892,
#2893,#2894,#2895,#2896),.UNSPECIFIED.,.T.,.F.,(1,3,1,1,1,1,1,1,3,1),(-0.0894126849831709,
0.,0.199579691661736,0.335553775043463,0.46055219124202,0.61541954617258,
0.777965368307026,0.910587315016829,1.,1.19957969166174),.UNSPECIFIED.);
#1361=B_SPLINE_CURVE_WITH_KNOTS('',3,(#2898,#2899,#2900,#2901,#2902,#2903,
#2904,#2905,#2906,#2907,#2908),.UNSPECIFIED.,.T.,.F.,(1,3,1,1,1,1,1,1,1,
3,1),(-0.0936040428491319,0.,0.142155240334615,0.282193333843503,0.408197387384903,
0.555397493321939,0.677836968377468,0.817297782773577,0.906395957150868,
1.,1.14215524033461),.UNSPECIFIED.);
#1362=B_SPLINE_CURVE_WITH_KNOTS('',3,(#2910,#2911,#2912,#2913,#2914,#2915,
#2916,#2917,#2918,#2919,#2920),.UNSPECIFIED.,.T.,.F.,(1,3,1,1,1,1,1,1,1,
3,1),(-0.0957527011366157,0.,0.123368671925943,0.246634794179263,0.382989795982094,
0.498795002444412,0.64462838935224,0.78911038077753,0.904247298863384,1.,
1.12336867192594),.UNSPECIFIED.);
#1363=B_SPLINE_CURVE_WITH_KNOTS('',3,(#2922,#2923,#2924,#2925,#2926,#2927,
#2928,#2929,#2930,#2931,#2932,#2933,#2934,#2935,#2936,#2937,#2938,#2939,
#2940,#2941),.UNSPECIFIED.,.T.,.F.,(1,3,1,1,1,1,1,1,1,1,1,1,1,1,1,1,1,1,
3,1),(-0.0408210475969435,0.,0.0380643762409512,0.118926602546437,0.204268350813566,
0.228868730512922,0.303398933521618,0.332629910402434,0.357389599508784,
0.449990217818061,0.523491779379782,0.609996677282949,0.696549592289384,
0.772319157627473,0.851982374412278,0.879102792927845,0.902301642560577,
0.959178952403057,1.,1.03806437624095),.UNSPECIFIED.);
#1364=B_SPLINE_CURVE_WITH_KNOTS('',3,(#2943,#2944,#2945,#2946,#2947,#2948,
#2949),.UNSPECIFIED.,.T.,.F.,(1,3,1,1,1,3,1),(-0.293969232518748,0.,0.337831591347099,
0.475469081853514,0.706030767481252,1.,1.3378315913471),.UNSPECIFIED.);
#1365=B_SPLINE_CURVE_WITH_KNOTS('',3,(#2951,#2952,#2953,#2954,#2955,#2956,
#2957,#2958,#2959),.UNSPECIFIED.,.F.,.F.,(4,1,1,1,1,1,4),(0.,0.0665333260264353,
0.147715003318315,0.353762887579185,0.622339928587388,0.797184227009431,
1.),.UNSPECIFIED.);
#1366=B_SPLINE_CURVE_WITH_KNOTS('',3,(#2962,#2963,#2964,#2965,#2966,#2967),
 .UNSPECIFIED.,.F.,.F.,(4,1,1,4),(0.,0.276709857832367,0.68070863768469,
1.),.UNSPECIFIED.);
#1367=B_SPLINE_CURVE_WITH_KNOTS('',3,(#2969,#2970,#2971,#2972,#2973),
 .UNSPECIFIED.,.F.,.F.,(4,1,4),(0.,0.541761787451872,1.),.UNSPECIFIED.);
#1368=B_SPLINE_CURVE_WITH_KNOTS('',3,(#2977,#2978,#2979,#2980,#2981,#2982,
#2983,#2984,#2985,#2986,#2987,#2988),.UNSPECIFIED.,.F.,.F.,(4,1,1,1,1,1,
1,1,1,4),(0.,0.109856536276432,0.284452632934707,0.410209818616964,0.459932634327977,
0.576609845157265,0.70785842383804,0.846614759564436,0.954434374384117,
1.),.UNSPECIFIED.);
#1369=B_SPLINE_CURVE_WITH_KNOTS('',2,(#3000,#3001,#3002),.UNSPECIFIED.,
 .F.,.F.,(3,3),(0.,1.),.PIECEWISE_BEZIER_KNOTS.);
#1370=B_SPLINE_CURVE_WITH_KNOTS('',2,(#3004,#3005,#3006),.UNSPECIFIED.,
 .F.,.F.,(3,3),(0.,1.),.PIECEWISE_BEZIER_KNOTS.);
#1371=B_SPLINE_CURVE_WITH_KNOTS('',2,(#3008,#3009,#3010),.UNSPECIFIED.,
 .F.,.F.,(3,3),(0.,1.),.PIECEWISE_BEZIER_KNOTS.);
#1372=B_SPLINE_CURVE_WITH_KNOTS('',3,(#3020,#3021,#3022,#3023,#3024,#3025,
#3026,#3027,#3028,#3029,#3030,#3031,#3032,#3033,#3034,#3035,#3036,#3037,
#3038,#3039,#3040,#3041,#3042,#3043,#3044,#3045,#3046,#3047,#3048,#3049,
#3050,#3051,#3052,#3053,#3054,#3055,#3056,#3057,#3058,#3059,#3060,#3061,
#3062,#3063,#3064,#3065,#3066,#3067,#3068,#3069,#3070,#3071,#3072,#3073,
#3074,#3075,#3076,#3077),.UNSPECIFIED.,.F.,.F.,(4,1,1,1,1,1,1,1,1,1,1,1,
1,1,1,1,1,1,1,1,1,1,1,1,1,1,1,1,1,1,1,1,1,1,1,1,1,1,1,1,1,1,1,1,1,1,1,1,
1,1,1,1,1,1,1,4),(0.,0.0357884931036297,0.0475303035162289,0.0664560440291966,
0.0869686646712436,0.109120282883916,0.124914434390716,0.141554911180161,
0.156319883031523,0.173738990033932,0.193004590549452,0.21299297772247,
0.227903299272158,0.244607944601002,0.257146091198536,0.275525217755365,
0.289569572973675,0.309571117090693,0.322251228836052,0.341267195253709,
0.356971882530484,0.371350921824195,0.390079283142192,0.406599952362175,
0.425594657862696,0.44560752008518,0.462543120169398,0.483513415163563,
0.506574028406179,0.52242948753696,0.53852428781457,0.558089228911278,0.577957440153342,
0.600334064579722,0.615731789635278,0.633183785348352,0.651744703832482,
0.665435069188461,0.682665882874807,0.697291691437052,0.708145333613873,
0.723908920294718,0.74036062775123,0.757130082374572,0.768403394563016,
0.784032179701368,0.797494220622772,0.814986422770052,0.834060820636123,
0.848981755951957,0.867365136211373,0.889959654508803,0.917828742501843,
0.944139682762799,0.981071166565542,1.),.UNSPECIFIED.);
#1373=B_SPLINE_CURVE_WITH_KNOTS('',3,(#3082,#3083,#3084,#3085,#3086,#3087,
#3088,#3089,#3090,#3091,#3092,#3093,#3094,#3095,#3096,#3097,#3098,#3099,
#3100,#3101,#3102,#3103,#3104,#3105,#3106,#3107,#3108,#3109,#3110,#3111,
#3112,#3113,#3114,#3115,#3116,#3117,#3118,#3119,#3120,#3121,#3122,#3123,
#3124,#3125,#3126,#3127,#3128,#3129,#3130,#3131,#3132,#3133,#3134,#3135,
#3136,#3137,#3138,#3139,#3140,#3141,#3142,#3143,#3144),.UNSPECIFIED.,.F.,
 .F.,(4,1,1,1,1,1,1,1,1,1,1,1,1,1,1,1,1,1,1,1,1,1,1,1,1,1,1,1,1,1,1,1,1,
1,1,1,1,1,1,1,1,1,1,1,1,1,1,1,1,1,1,1,1,1,1,1,1,1,1,1,4),(0.,0.0231480018922948,
0.0395264624389926,0.052784462456558,0.0702732102070137,0.0842497056037379,
0.0949958852267699,0.104904316468906,0.1205213072053,0.132520409683475,
0.140880742296793,0.151158250666858,0.161450935413384,0.173372864415488,
0.183264268752788,0.196661692324481,0.20624949765351,0.220022077653372,
0.245588856719835,0.277193200563166,0.302047319674946,0.317438472735615,
0.342527878081168,0.357464731670625,0.372084571050888,0.389674262382574,
0.412938498806057,0.43541952321619,0.449585592729169,0.467220599433947,
0.48666438654004,0.510240797868582,0.536520824364423,0.549463187123153,
0.558994296904993,0.576526144926117,0.588652810618006,0.603947437848882,
0.61509602997431,0.630935633627039,0.649074630032995,0.658966039699951,
0.67318055327193,0.68565366894918,0.701729700590193,0.720051526372774,0.736874132691203,
0.752449459215983,0.768263118533533,0.791613704005801,0.819494626468241,
0.844282362014245,0.869813507607201,0.89443485305895,0.922370448030101,
0.937959202858796,0.95283251055731,0.961171611489489,0.969723007666892,
0.98577337374678,1.),.UNSPECIFIED.);
#1374=B_SPLINE_CURVE_WITH_KNOTS('',3,(#3147,#3148,#3149,#3150,#3151,#3152,
#3153,#3154,#3155,#3156,#3157,#3158,#3159,#3160,#3161,#3162,#3163,#3164,
#3165,#3166,#3167,#3168,#3169,#3170,#3171,#3172,#3173,#3174,#3175,#3176,
#3177,#3178,#3179,#3180,#3181,#3182,#3183,#3184,#3185,#3186,#3187,#3188,
#3189,#3190,#3191),.UNSPECIFIED.,.F.,.F.,(4,1,1,1,1,1,1,1,1,1,1,1,1,1,1,
1,1,1,1,1,1,1,1,1,1,1,1,1,1,1,1,1,1,1,1,1,1,1,1,1,1,1,4),(0.,0.0102131524872386,
0.0320732187899822,0.0487312818769893,0.0571417818420333,0.0764082444435382,
0.0926179040142074,0.116707754638869,0.129471280654322,0.154097335090989,
0.163846386385065,0.179130383039712,0.189652398945879,0.204992532483553,
0.213360330903099,0.235103745798941,0.244816316967125,0.26422432923229,
0.278907095698135,0.303724444045615,0.332922924864056,0.375923490057735,
0.416593593725803,0.445606759696888,0.479945510771005,0.528464768578273,
0.544976055567156,0.564195326528348,0.582243101135661,0.600081219169775,
0.623266787239811,0.648552677605808,0.675988798244997,0.704555367097364,
0.730723047539968,0.758927632736198,0.78433165787373,0.810097930696232,
0.836559447530135,0.882892464083417,0.928474510017685,0.970042791664433,
1.),.UNSPECIFIED.);
#1375=B_SPLINE_CURVE_WITH_KNOTS('',2,(#3194,#3195,#3196),.UNSPECIFIED.,
 .F.,.F.,(3,3),(0.,1.),.PIECEWISE_BEZIER_KNOTS.);
#1376=B_SPLINE_CURVE_WITH_KNOTS('',2,(#3199,#3200,#3201),.UNSPECIFIED.,
 .F.,.F.,(3,3),(0.,1.),.PIECEWISE_BEZIER_KNOTS.);
#1377=B_SPLINE_CURVE_WITH_KNOTS('',2,(#3203,#3204,#3205),.UNSPECIFIED.,
 .F.,.F.,(3,3),(0.,1.),.PIECEWISE_BEZIER_KNOTS.);
#1378=B_SPLINE_CURVE_WITH_KNOTS('',2,(#3207,#3208,#3209),.UNSPECIFIED.,
 .F.,.F.,(3,3),(0.,1.),.PIECEWISE_BEZIER_KNOTS.);
#1379=B_SPLINE_CURVE_WITH_KNOTS('',2,(#3211,#3212,#3213),.UNSPECIFIED.,
 .F.,.F.,(3,3),(0.,1.),.PIECEWISE_BEZIER_KNOTS.);
#1380=B_SPLINE_CURVE_WITH_KNOTS('',2,(#3215,#3216,#3217),.UNSPECIFIED.,
 .F.,.F.,(3,3),(0.,1.),.PIECEWISE_BEZIER_KNOTS.);
#1381=B_SPLINE_CURVE_WITH_KNOTS('',2,(#3219,#3220,#3221),.UNSPECIFIED.,
 .F.,.F.,(3,3),(0.,1.),.PIECEWISE_BEZIER_KNOTS.);
#1382=B_SPLINE_CURVE_WITH_KNOTS('',2,(#3242,#3243,#3244),.UNSPECIFIED.,
 .F.,.F.,(3,3),(0.,1.),.PIECEWISE_BEZIER_KNOTS.);
#1383=B_SPLINE_CURVE_WITH_KNOTS('',2,(#3247,#3248,#3249),.UNSPECIFIED.,
 .F.,.F.,(3,3),(0.,1.),.PIECEWISE_BEZIER_KNOTS.);
#1384=B_SPLINE_CURVE_WITH_KNOTS('',2,(#3251,#3252,#3253),.UNSPECIFIED.,
 .F.,.F.,(3,3),(0.,1.),.PIECEWISE_BEZIER_KNOTS.);
#1385=B_SPLINE_CURVE_WITH_KNOTS('',2,(#3255,#3256,#3257),.UNSPECIFIED.,
 .F.,.F.,(3,3),(0.,1.),.PIECEWISE_BEZIER_KNOTS.);
#1386=B_SPLINE_CURVE_WITH_KNOTS('',2,(#3259,#3260,#3261),.UNSPECIFIED.,
 .F.,.F.,(3,3),(0.,1.),.PIECEWISE_BEZIER_KNOTS.);
#1387=B_SPLINE_CURVE_WITH_KNOTS('',2,(#3263,#3264,#3265),.UNSPECIFIED.,
 .F.,.F.,(3,3),(0.,1.),.PIECEWISE_BEZIER_KNOTS.);
#1388=B_SPLINE_CURVE_WITH_KNOTS('',2,(#3267,#3268,#3269),.UNSPECIFIED.,
 .F.,.F.,(3,3),(0.,1.),.PIECEWISE_BEZIER_KNOTS.);
#1389=B_SPLINE_CURVE_WITH_KNOTS('',3,(#3272,#3273,#3274,#3275,#3276,#3277,
#3278,#3279,#3280,#3281),.UNSPECIFIED.,.T.,.F.,(1,3,1,1,1,1,1,1,3,1),(-0.154036200368703,
0.,0.157884870534015,0.337149243308452,0.451490294717511,0.57354925256573,
0.685815835815436,0.845963799631297,1.,1.15788487053401),.UNSPECIFIED.);
#1390=B_SPLINE_CURVE_WITH_KNOTS('',3,(#3283,#3284,#3285,#3286,#3287,#3288,
#3289,#3290,#3291,#3292,#3293,#3294,#3295,#3296,#3297,#3298,#3299,#3300,
#3301,#3302,#3303,#3304,#3305,#3306,#3307,#3308,#3309,#3310,#3311),
 .UNSPECIFIED.,.T.,.F.,(1,3,1,1,1,1,1,1,1,1,1,1,1,1,1,1,1,1,1,1,1,1,1,1,
1,1,1,3,1),(-0.0378371955746442,0.,0.0400341743108733,0.0716407545779522,
0.114123057733012,0.160399923900653,0.199866579341163,0.230790004627915,
0.276285937432521,0.325725041358889,0.365569904841897,0.382958880601311,
0.415858709345122,0.448030446661739,0.483749373333258,0.537332839834069,
0.592445297914411,0.615303076372599,0.656972383666046,0.690241441764468,
0.725233924070163,0.781670648485107,0.808900233184943,0.840245892423637,
0.88955981198624,0.91500654335669,0.962162804425356,1.,1.04003417431087),
 .UNSPECIFIED.);
#1391=B_SPLINE_CURVE_WITH_KNOTS('',3,(#3313,#3314,#3315,#3316,#3317,#3318,
#3319,#3320,#3321,#3322,#3323,#3324,#3325,#3326,#3327,#3328,#3329,#3330,
#3331,#3332,#3333,#3334,#3335,#3336,#3337,#3338,#3339,#3340,#3341,#3342,
#3343,#3344,#3345,#3346,#3347,#3348,#3349,#3350,#3351,#3352),
 .UNSPECIFIED.,.T.,.F.,(1,3,1,1,1,1,1,1,1,1,1,1,1,1,1,1,1,1,1,1,1,1,1,1,
1,1,1,1,1,1,1,1,1,1,1,1,1,1,3,1),(-0.0208092336031138,0.,0.0468059403401615,
0.0807875660188495,0.12125114776056,0.156180678289697,0.184590636821771,
0.212132600711861,0.236217673432817,0.266722884665318,0.28315537039291,
0.301656138785427,0.324560463024962,0.350473058134206,0.377751521398648,
0.401946748673668,0.43394359726876,0.462926834467597,0.487956863753923,
0.518768009519679,0.560043750058257,0.605112637055657,0.636268825555553,
0.662267692325249,0.688249916272218,0.71417369876295,0.748850216839282,
0.774321430591134,0.795565147444611,0.820806482286044,0.841501420406814,
0.854089601157448,0.87809612003921,0.890704914894082,0.918074116909169,
0.934970416024891,0.94695792110736,0.979190766396886,1.,1.04680594034016),
 .UNSPECIFIED.);
#1392=B_SPLINE_CURVE_WITH_KNOTS('',3,(#3354,#3355,#3356,#3357,#3358,#3359,
#3360,#3361,#3362,#3363,#3364),.UNSPECIFIED.,.T.,.F.,(1,3,1,1,1,1,1,1,1,
3,1),(-0.092127528987005,0.,0.148377419668423,0.27314727196527,0.421337014598753,
0.551750471036137,0.708466939321315,0.810160053824794,0.907872471012995,
1.,1.14837741966842),.UNSPECIFIED.);
#1393=B_SPLINE_CURVE_WITH_KNOTS('',3,(#3366,#3367,#3368,#3369,#3370,#3371,
#3372,#3373,#3374,#3375),.UNSPECIFIED.,.T.,.F.,(1,3,1,1,1,1,1,1,3,1),(-0.101243271817649,
0.,0.144086795336546,0.306690075862979,0.456482335637369,0.619782951652011,
0.77219938772065,0.898756728182351,1.,1.14408679533655),.UNSPECIFIED.);
#1394=B_SPLINE_CURVE_WITH_KNOTS('',3,(#3377,#3378,#3379,#3380,#3381,#3382,
#3383,#3384),.UNSPECIFIED.,.T.,.F.,(1,3,1,1,1,1,3,1),(-0.135045931366774,
0.,0.287158951236215,0.433797964142295,0.613390336667455,0.864954068633226,
1.,1.28715895123622),.UNSPECIFIED.);
#1395=B_SPLINE_CURVE_WITH_KNOTS('',3,(#3386,#3387,#3388,#3389,#3390,#3391,
#3392,#3393,#3394),.UNSPECIFIED.,.T.,.F.,(1,3,1,1,1,1,1,3,1),(-0.0568065314394727,
0.,0.217489359850341,0.403141576968643,0.592675591708477,0.763471721307099,
0.943193468560527,1.,1.21748935985034),.UNSPECIFIED.);
#1396=B_SPLINE_CURVE_WITH_KNOTS('',3,(#3396,#3397,#3398,#3399,#3400,#3401,
#3402),.UNSPECIFIED.,.T.,.F.,(1,3,1,1,1,3,1),(-0.278504452698442,0.,0.250862459780795,
0.564062436782968,0.721495547301558,1.,1.25086245978079),.UNSPECIFIED.);
#1397=B_SPLINE_CURVE_WITH_KNOTS('',3,(#3404,#3405,#3406,#3407,#3408,#3409,
#3410,#3411,#3412),.UNSPECIFIED.,.T.,.F.,(1,3,1,1,1,1,1,3,1),(-0.160626292091489,
0.,0.17078391731592,0.358032341810198,0.543411304013958,0.665912975450324,
0.839373707908511,1.,1.17078391731592),.UNSPECIFIED.);
#1398=B_SPLINE_CURVE_WITH_KNOTS('',3,(#3414,#3415,#3416,#3417,#3418,#3419,
#3420,#3421,#3422),.UNSPECIFIED.,.T.,.F.,(1,3,1,1,1,1,1,3,1),(-0.164987924492401,
0.,0.131157784918423,0.253404791838518,0.504113996026019,0.654881702947099,
0.835012075507599,1.,1.13115778491842),.UNSPECIFIED.);
#1399=B_SPLINE_CURVE_WITH_KNOTS('',3,(#3424,#3425,#3426,#3427,#3428,#3429,
#3430,#3431,#3432),.UNSPECIFIED.,.T.,.F.,(1,3,1,1,1,1,1,3,1),(-0.142549254370235,
0.,0.200048242076065,0.361107928037035,0.515735625332273,0.690190030982276,
0.857450745629765,1.,1.20004824207606),.UNSPECIFIED.);
#1400=B_SPLINE_CURVE_WITH_KNOTS('',3,(#3434,#3435,#3436,#3437,#3438,#3439,
#3440,#3441,#3442,#3443,#3444,#3445),.UNSPECIFIED.,.T.,.F.,(1,3,1,1,1,1,
1,1,1,1,3,1),(-0.183644715940585,0.,0.123671232576846,0.217860823518723,
0.304083365928725,0.386582282904629,0.475244630028735,0.575834066607008,
0.702242968809485,0.816355284059415,1.,1.12367123257685),.UNSPECIFIED.);
#1401=B_SPLINE_CURVE_WITH_KNOTS('',3,(#3447,#3448,#3449,#3450,#3451,#3452,
#3453,#3454,#3455,#3456,#3457,#3458,#3459,#3460,#3461),.UNSPECIFIED.,.T.,
 .F.,(1,3,1,1,1,1,1,1,1,1,1,1,1,3,1),(-0.0627681589967998,0.,0.111288884864024,
0.228010590856004,0.286937152547449,0.333341598003175,0.41270431159534,
0.491419279542687,0.566010821830087,0.680961601737674,0.785885930855007,
0.863422398150009,0.9372318410032,1.,1.11128888486402),.UNSPECIFIED.);
#1402=B_SPLINE_CURVE_WITH_KNOTS('',3,(#3463,#3464,#3465,#3466,#3467,#3468,
#3469,#3470,#3471,#3472,#3473,#3474,#3475,#3476,#3477,#3478,#3479,#3480,
#3481,#3482,#3483,#3484,#3485,#3486,#3487,#3488,#3489,#3490,#3491,#3492,
#3493,#3494,#3495,#3496,#3497,#3498,#3499,#3500,#3501,#3502,#3503,#3504,
#3505,#3506,#3507,#3508,#3509,#3510,#3511,#3512,#3513,#3514,#3515,#3516,
#3517,#3518,#3519,#3520,#3521,#3522,#3523,#3524,#3525,#3526,#3527,#3528,
#3529,#3530,#3531),.UNSPECIFIED.,.T.,.F.,(1,3,1,1,1,1,1,1,1,1,1,1,1,1,1,
1,1,1,1,1,1,1,1,1,1,1,1,1,1,1,1,1,1,1,1,1,1,1,1,1,1,1,1,1,1,1,1,1,1,1,1,
1,1,1,1,1,1,1,1,1,1,1,1,1,1,1,1,3,1),(-0.00894417567165862,0.,0.0151782166035483,
0.0301987796202038,0.0486191494469522,0.0628312663135344,0.0802365568354301,
0.0941457436899778,0.108580714866946,0.12764339090393,0.143212971118431,
0.160741204765162,0.17722388266284,0.193138792122385,0.207561331033094,
0.223694538261831,0.236782771461695,0.253601912832011,0.267462152345055,
0.288714223118335,0.306115979495742,0.328283931822184,0.344349891632752,
0.360264830844175,0.375312954955972,0.388753895498471,0.40438264974527,
0.417545362185655,0.4308928639095,0.442384946779609,0.455984907086406,0.473035233870744,
0.488197380598305,0.50381142089724,0.511633115909496,0.526392924566052,
0.5377340667905,0.55077189875152,0.560547647731378,0.575165778223656,0.590533099788002,
0.607492068926094,0.62254019303789,0.643432243953718,0.659041704556087,
0.672055211166963,0.691574658592442,0.705081643129597,0.713401285300344,
0.726014573691702,0.740155230706848,0.753860040784436,0.76858260935933,
0.783756824284383,0.79719491574284,0.812589253502895,0.829424094058611,
0.84851107437115,0.863320133543328,0.880324982860036,0.89748421318481,0.912484052344144,
0.926327581639948,0.941977089055735,0.957672216909052,0.974115597735306,
0.991055824328341,1.,1.01517821660355),.UNSPECIFIED.);
#1403=B_SPLINE_CURVE_WITH_KNOTS('',3,(#3533,#3534,#3535,#3536,#3537,#3538,
#3539),.UNSPECIFIED.,.T.,.F.,(1,3,1,1,1,3,1),(-0.171659383659125,0.,0.35628919543036,
0.504948851934051,0.828340616340875,1.,1.35628919543036),.UNSPECIFIED.);
#1404=B_SPLINE_CURVE_WITH_KNOTS('',3,(#3541,#3542,#3543,#3544,#3545,#3546,
#3547,#3548),.UNSPECIFIED.,.T.,.F.,(1,3,1,1,1,1,3,1),(-0.202482691815191,
0.,0.26209755942929,0.38152137572307,0.568179733242593,0.797517308184809,
1.,1.26209755942929),.UNSPECIFIED.);
#1405=B_SPLINE_CURVE_WITH_KNOTS('',3,(#3550,#3551,#3552,#3553,#3554,#3555,
#3556,#3557,#3558),.UNSPECIFIED.,.T.,.F.,(1,3,1,1,1,1,1,3,1),(-0.199247776025119,
0.,0.204948944610906,0.358238351862901,0.468869980514459,0.630903766944489,
0.800752223974881,1.,1.20494894461091),.UNSPECIFIED.);
#1406=B_SPLINE_CURVE_WITH_KNOTS('',3,(#3560,#3561,#3562,#3563,#3564,#3565,
#3566,#3567),.UNSPECIFIED.,.T.,.F.,(1,3,1,1,1,1,3,1),(-0.211929914488812,
0.,0.189239829740066,0.389698890482856,0.591309177720543,0.788070085511188,
1.,1.18923982974007),.UNSPECIFIED.);
#1407=B_SPLINE_CURVE_WITH_KNOTS('',3,(#3569,#3570,#3571,#3572,#3573,#3574,
#3575,#3576,#3577,#3578,#3579,#3580,#3581,#3582),.UNSPECIFIED.,.T.,.F.,
(1,3,1,1,1,1,1,1,1,1,1,1,3,1),(-0.127968820458944,0.,0.0534969064721677,
0.135920239477862,0.223316278067933,0.335165095167011,0.397082848011601,
0.509447492978234,0.622839031688004,0.699184366626327,0.781604900588904,
0.872031179541056,1.,1.05349690647217),.UNSPECIFIED.);
#1408=B_SPLINE_CURVE_WITH_KNOTS('',3,(#3896,#3897,#3898,#3899,#3900,#3901,
#3902,#3903,#3904,#3905,#3906,#3907,#3908,#3909,#3910,#3911,#3912,#3913,
#3914,#3915,#3916,#3917,#3918,#3919,#3920,#3921,#3922,#3923,#3924,#3925,
#3926,#3927,#3928,#3929,#3930,#3931,#3932,#3933,#3934,#3935,#3936,#3937,
#3938,#3939,#3940,#3941,#3942,#3943,#3944,#3945,#3946,#3947,#3948,#3949,
#3950,#3951,#3952,#3953,#3954,#3955,#3956,#3957,#3958),.UNSPECIFIED.,.F.,
 .F.,(4,1,1,1,1,1,1,1,1,1,1,1,1,1,1,1,1,1,1,1,1,1,1,1,1,1,1,1,1,1,1,1,1,
1,1,1,1,1,1,1,1,1,1,1,1,1,1,1,1,1,1,1,1,1,1,1,1,1,1,1,4),(0.,0.0231480018922948,
0.0395264624389926,0.052784462456558,0.0702732102070137,0.0842497056037379,
0.0949958852267699,0.104904316468906,0.1205213072053,0.132520409683475,
0.140880742296793,0.151158250666858,0.161450935413384,0.173372864415488,
0.183264268752788,0.196661692324481,0.20624949765351,0.220022077653372,
0.245588856719835,0.277193200563166,0.302047319674946,0.317438472735615,
0.342527878081168,0.357464731670625,0.372084571050888,0.389674262382574,
0.412938498806057,0.43541952321619,0.449585592729169,0.467220599433947,
0.48666438654004,0.510240797868582,0.536520824364423,0.549463187123153,
0.558994296904993,0.576526144926117,0.588652810618006,0.603947437848882,
0.61509602997431,0.630935633627039,0.649074630032995,0.658966039699951,
0.67318055327193,0.68565366894918,0.701729700590193,0.720051526372774,0.736874132691203,
0.752449459215983,0.768263118533533,0.791613704005801,0.819494626468241,
0.844282362014245,0.869813507607201,0.89443485305895,0.922370448030101,
0.937959202858796,0.95283251055731,0.961171611489489,0.969723007666892,
0.98577337374678,1.),.UNSPECIFIED.);
#1409=B_SPLINE_CURVE_WITH_KNOTS('',3,(#4177,#4178,#4179,#4180,#4181,#4182,
#4183,#4184,#4185,#4186,#4187,#4188,#4189,#4190,#4191,#4192,#4193,#4194,
#4195,#4196,#4197,#4198,#4199,#4200,#4201,#4202,#4203,#4204,#4205,#4206,
#4207,#4208,#4209,#4210,#4211,#4212,#4213,#4214,#4215,#4216,#4217,#4218,
#4219,#4220,#4221),.UNSPECIFIED.,.F.,.F.,(4,1,1,1,1,1,1,1,1,1,1,1,1,1,1,
1,1,1,1,1,1,1,1,1,1,1,1,1,1,1,1,1,1,1,1,1,1,1,1,1,1,1,4),(0.,0.0102131524872386,
0.0320732187899822,0.0487312818769893,0.0571417818420333,0.0764082444435382,
0.0926179040142074,0.116707754638869,0.129471280654322,0.154097335090989,
0.163846386385065,0.179130383039712,0.189652398945879,0.204992532483553,
0.213360330903099,0.235103745798941,0.244816316967125,0.26422432923229,
0.278907095698135,0.303724444045615,0.332922924864056,0.375923490057735,
0.416593593725803,0.445606759696888,0.479945510771005,0.528464768578273,
0.544976055567156,0.564195326528348,0.582243101135661,0.600081219169775,
0.623266787239811,0.648552677605808,0.675988798244997,0.704555367097364,
0.730723047539968,0.758927632736198,0.78433165787373,0.810097930696232,
0.836559447530135,0.882892464083417,0.928474510017685,0.970042791664433,
1.),.UNSPECIFIED.);
#1410=B_SPLINE_CURVE_WITH_KNOTS('',2,(#4236,#4237,#4238),.UNSPECIFIED.,
 .F.,.F.,(3,3),(0.,1.),.PIECEWISE_BEZIER_KNOTS.);
#1411=B_SPLINE_CURVE_WITH_KNOTS('',2,(#4251,#4252,#4253),.UNSPECIFIED.,
 .F.,.F.,(3,3),(0.,1.),.PIECEWISE_BEZIER_KNOTS.);
#1412=B_SPLINE_CURVE_WITH_KNOTS('',2,(#4268,#4269,#4270),.UNSPECIFIED.,
 .F.,.F.,(3,3),(0.,1.),.PIECEWISE_BEZIER_KNOTS.);
#1413=B_SPLINE_CURVE_WITH_KNOTS('',2,(#4281,#4282,#4283),.UNSPECIFIED.,
 .F.,.F.,(3,3),(0.,1.),.PIECEWISE_BEZIER_KNOTS.);
#1414=B_SPLINE_CURVE_WITH_KNOTS('',2,(#4294,#4295,#4296),.UNSPECIFIED.,
 .F.,.F.,(3,3),(0.,1.),.PIECEWISE_BEZIER_KNOTS.);
#1415=B_SPLINE_CURVE_WITH_KNOTS('',2,(#4307,#4308,#4309),.UNSPECIFIED.,
 .F.,.F.,(3,3),(0.,1.),.PIECEWISE_BEZIER_KNOTS.);
#1416=B_SPLINE_CURVE_WITH_KNOTS('',2,(#4318,#4319,#4320),.UNSPECIFIED.,
 .F.,.F.,(3,3),(0.,1.),.PIECEWISE_BEZIER_KNOTS.);
#1417=B_SPLINE_CURVE_WITH_KNOTS('',2,(#4415,#4416,#4417),.UNSPECIFIED.,
 .F.,.F.,(3,3),(0.,1.),.PIECEWISE_BEZIER_KNOTS.);
#1418=B_SPLINE_CURVE_WITH_KNOTS('',2,(#4430,#4431,#4432),.UNSPECIFIED.,
 .F.,.F.,(3,3),(0.,1.),.PIECEWISE_BEZIER_KNOTS.);
#1419=B_SPLINE_CURVE_WITH_KNOTS('',2,(#4447,#4448,#4449),.UNSPECIFIED.,
 .F.,.F.,(3,3),(0.,1.),.PIECEWISE_BEZIER_KNOTS.);
#1420=B_SPLINE_CURVE_WITH_KNOTS('',2,(#4460,#4461,#4462),.UNSPECIFIED.,
 .F.,.F.,(3,3),(0.,1.),.PIECEWISE_BEZIER_KNOTS.);
#1421=B_SPLINE_CURVE_WITH_KNOTS('',2,(#4473,#4474,#4475),.UNSPECIFIED.,
 .F.,.F.,(3,3),(0.,1.),.PIECEWISE_BEZIER_KNOTS.);
#1422=B_SPLINE_CURVE_WITH_KNOTS('',2,(#4486,#4487,#4488),.UNSPECIFIED.,
 .F.,.F.,(3,3),(0.,1.),.PIECEWISE_BEZIER_KNOTS.);
#1423=B_SPLINE_CURVE_WITH_KNOTS('',2,(#4497,#4498,#4499),.UNSPECIFIED.,
 .F.,.F.,(3,3),(0.,1.),.PIECEWISE_BEZIER_KNOTS.);
#1424=B_SPLINE_CURVE_WITH_KNOTS('',3,(#4527,#4528,#4529,#4530,#4531,#4532,
#4533,#4534,#4535,#4536),.UNSPECIFIED.,.T.,.F.,(1,3,1,1,1,1,1,1,3,1),(-0.149756907868259,
0.,0.153911949280555,0.292632099863864,0.42568475873776,0.525183575377912,
0.71692362694967,0.850243092131741,1.,1.15391194928055),.UNSPECIFIED.);
#1425=B_SPLINE_CURVE_WITH_KNOTS('',3,(#4538,#4539,#4540,#4541,#4542,#4543,
#4544,#4545,#4546,#4547),.UNSPECIFIED.,.T.,.F.,(1,3,1,1,1,1,1,1,3,1),(-0.149756907868259,
0.,0.153911949280555,0.292632099863864,0.42568475873776,0.525183575377912,
0.71692362694967,0.850243092131741,1.,1.15391194928055),.UNSPECIFIED.);
#1426=B_SPLINE_CURVE_WITH_KNOTS('',3,(#4665,#4666,#4667,#4668,#4669,#4670,
#4671,#4672,#4673,#4674,#4675,#4676,#4677,#4678,#4679,#4680,#4681,#4682,
#4683,#4684,#4685,#4686,#4687,#4688,#4689,#4690,#4691,#4692,#4693,#4694,
#4695,#4696,#4697,#4698,#4699,#4700,#4701,#4702,#4703,#4704,#4705,#4706,
#4707,#4708,#4709,#4710,#4711,#4712,#4713,#4714,#4715,#4716,#4717,#4718,
#4719,#4720,#4721,#4722),.UNSPECIFIED.,.F.,.F.,(4,1,1,1,1,1,1,1,1,1,1,1,
1,1,1,1,1,1,1,1,1,1,1,1,1,1,1,1,1,1,1,1,1,1,1,1,1,1,1,1,1,1,1,1,1,1,1,1,
1,1,1,1,1,1,1,4),(0.,0.0357884931036297,0.0475303035162289,0.0664560440291966,
0.0869686646712436,0.109120282883916,0.124914434390716,0.141554911180161,
0.156319883031523,0.173738990033932,0.193004590549452,0.21299297772247,
0.227903299272158,0.244607944601002,0.257146091198536,0.275525217755365,
0.289569572973675,0.309571117090693,0.322251228836052,0.341267195253709,
0.356971882530484,0.371350921824195,0.390079283142192,0.406599952362175,
0.425594657862696,0.44560752008518,0.462543120169398,0.483513415163563,
0.506574028406179,0.52242948753696,0.53852428781457,0.558089228911278,0.577957440153342,
0.600334064579722,0.615731789635278,0.633183785348352,0.651744703832482,
0.665435069188461,0.682665882874807,0.697291691437052,0.708145333613873,
0.723908920294718,0.74036062775123,0.757130082374572,0.768403394563016,
0.784032179701368,0.797494220622772,0.814986422770052,0.834060820636123,
0.848981755951957,0.867365136211373,0.889959654508803,0.917828742501843,
0.944139682762799,0.981071166565542,1.),.UNSPECIFIED.);
#1427=B_SPLINE_CURVE_WITH_KNOTS('',2,(#4753,#4754,#4755),.UNSPECIFIED.,
 .F.,.F.,(3,3),(0.,1.),.PIECEWISE_BEZIER_KNOTS.);
#1428=B_SPLINE_CURVE_WITH_KNOTS('',2,(#4759,#4760,#4761),.UNSPECIFIED.,
 .F.,.F.,(3,3),(0.,1.),.PIECEWISE_BEZIER_KNOTS.);
#1429=B_SPLINE_CURVE_WITH_KNOTS('',2,(#4770,#4771,#4772),.UNSPECIFIED.,
 .F.,.F.,(3,3),(0.,1.),.PIECEWISE_BEZIER_KNOTS.);
#1430=B_SPLINE_CURVE_WITH_KNOTS('',2,(#4776,#4777,#4778),.UNSPECIFIED.,
 .F.,.F.,(3,3),(0.,1.),.PIECEWISE_BEZIER_KNOTS.);
#1431=B_SPLINE_CURVE_WITH_KNOTS('',2,(#4787,#4788,#4789),.UNSPECIFIED.,
 .F.,.F.,(3,3),(0.,1.),.PIECEWISE_BEZIER_KNOTS.);
#1432=B_SPLINE_CURVE_WITH_KNOTS('',2,(#4793,#4794,#4795),.UNSPECIFIED.,
 .F.,.F.,(3,3),(0.,1.),.PIECEWISE_BEZIER_KNOTS.);
#1433=B_SPLINE_CURVE_WITH_KNOTS('',2,(#4828,#4829,#4830),.UNSPECIFIED.,
 .F.,.F.,(3,3),(0.,1.),.PIECEWISE_BEZIER_KNOTS.);
#1434=B_SPLINE_CURVE_WITH_KNOTS('',2,(#4841,#4842,#4843),.UNSPECIFIED.,
 .F.,.F.,(3,3),(0.,1.),.PIECEWISE_BEZIER_KNOTS.);
#1435=B_SPLINE_CURVE_WITH_KNOTS('',2,(#4854,#4855,#4856),.UNSPECIFIED.,
 .F.,.F.,(3,3),(0.,1.),.PIECEWISE_BEZIER_KNOTS.);
#1436=B_SPLINE_CURVE_WITH_KNOTS('',2,(#4875,#4876,#4877),.UNSPECIFIED.,
 .F.,.F.,(3,3),(0.,1.),.PIECEWISE_BEZIER_KNOTS.);
#1437=B_SPLINE_CURVE_WITH_KNOTS('',2,(#4878,#4879,#4880),.UNSPECIFIED.,
 .F.,.F.,(3,3),(0.,1.),.PIECEWISE_BEZIER_KNOTS.);
#1438=B_SPLINE_CURVE_WITH_KNOTS('',3,(#4922,#4923,#4924,#4925,#4926,#4927,
#4928,#4929,#4930,#4931,#4932,#4933,#4934,#4935,#4936,#4937,#4938,#4939,
#4940,#4941),.UNSPECIFIED.,.T.,.F.,(1,3,1,1,1,1,1,1,1,1,1,1,1,1,1,1,1,1,
3,1),(-0.0408210475969435,0.,0.0380643762409512,0.118926602546437,0.204268350813566,
0.228868730512922,0.303398933521618,0.332629910402434,0.357389599508784,
0.449990217818061,0.523491779379782,0.609996677282949,0.696549592289384,
0.772319157627473,0.851982374412278,0.879102792927845,0.902301642560577,
0.959178952403057,1.,1.03806437624095),.UNSPECIFIED.);
#1439=B_SPLINE_CURVE_WITH_KNOTS('',3,(#4997,#4998,#4999,#5000,#5001,#5002,
#5003,#5004,#5005,#5006,#5007,#5008),.UNSPECIFIED.,.T.,.F.,(1,3,1,1,1,1,
1,1,1,1,3,1),(-0.180734029171621,0.,0.0510404176559403,0.225708500424734,
0.301565679343037,0.465156065284491,0.519583815535246,0.638677812139553,
0.776173894822859,0.819265970828379,1.,1.05104041765594),.UNSPECIFIED.);
#1440=B_SPLINE_CURVE_WITH_KNOTS('',3,(#5010,#5011,#5012,#5013,#5014,#5015,
#5016,#5017,#5018,#5019,#5020,#5021),.UNSPECIFIED.,.T.,.F.,(1,3,1,1,1,1,
1,1,1,1,3,1),(-0.180734029171621,0.,0.0510404176559403,0.225708500424734,
0.301565679343037,0.465156065284491,0.519583815535246,0.638677812139553,
0.776173894822859,0.819265970828379,1.,1.05104041765594),.UNSPECIFIED.);
#1441=B_SPLINE_CURVE_WITH_KNOTS('',3,(#5047,#5048,#5049,#5050,#5051,#5052,
#5053,#5054,#5055,#5056,#5057,#5058),.UNSPECIFIED.,.T.,.F.,(1,3,1,1,1,1,
1,1,1,1,3,1),(-0.0647670336898635,0.,0.174949437365912,0.24679916985785,
0.405768253001429,0.455901010839236,0.642839170106885,0.706499828360811,
0.885090204943827,0.935232966310137,1.,1.17494943736591),.UNSPECIFIED.);
#1442=B_SPLINE_CURVE_WITH_KNOTS('',3,(#5060,#5061,#5062,#5063,#5064,#5065,
#5066,#5067,#5068,#5069,#5070,#5071),.UNSPECIFIED.,.T.,.F.,(1,3,1,1,1,1,
1,1,1,1,3,1),(-0.0647670336898635,0.,0.174949437365912,0.24679916985785,
0.405768253001429,0.455901010839236,0.642839170106885,0.706499828360811,
0.885090204943827,0.935232966310137,1.,1.17494943736591),.UNSPECIFIED.);
#1443=B_SPLINE_CURVE_WITH_KNOTS('',3,(#5131,#5132,#5133,#5134,#5135,#5136,
#5137,#5138,#5139,#5140,#5141,#5142),.UNSPECIFIED.,.F.,.F.,(4,1,1,1,1,1,
1,1,1,4),(0.,0.109856536276432,0.284452632934707,0.410209818616964,0.459932634327977,
0.576609845157265,0.70785842383804,0.846614759564436,0.954434374384117,
1.),.UNSPECIFIED.);
#1444=B_SPLINE_CURVE_WITH_KNOTS('',3,(#5172,#5173,#5174,#5175,#5176,#5177),
 .UNSPECIFIED.,.F.,.F.,(4,1,1,4),(0.,0.276709857832367,0.68070863768469,
1.),.UNSPECIFIED.);
#1445=B_SPLINE_CURVE_WITH_KNOTS('',3,(#5218,#5219,#5220,#5221,#5222,#5223,
#5224,#5225,#5226),.UNSPECIFIED.,.F.,.F.,(4,1,1,1,1,1,4),(0.,0.0665333260264353,
0.147715003318315,0.353762887579185,0.622339928587388,0.797184227009431,
1.),.UNSPECIFIED.);
#1446=B_SPLINE_CURVE_WITH_KNOTS('',3,(#5237,#5238,#5239,#5240,#5241),
 .UNSPECIFIED.,.F.,.F.,(4,1,4),(0.,0.541761787451872,1.),.UNSPECIFIED.);
#1447=B_SPLINE_CURVE_WITH_KNOTS('',3,(#5263,#5264,#5265,#5266,#5267,#5268,
#5269,#5270,#5271,#5272),.UNSPECIFIED.,.T.,.F.,(1,3,1,1,1,1,1,1,3,1),(-0.154036200368703,
0.,0.157884870534015,0.337149243308452,0.451490294717511,0.57354925256573,
0.685815835815436,0.845963799631297,1.,1.15788487053401),.UNSPECIFIED.);
#1448=B_SPLINE_CURVE_WITH_KNOTS('',3,(#5333,#5334,#5335,#5336,#5337,#5338,
#5339,#5340,#5341,#5342,#5343,#5344,#5345,#5346,#5347,#5348,#5349,#5350,
#5351,#5352,#5353,#5354,#5355,#5356,#5357,#5358,#5359,#5360,#5361),
 .UNSPECIFIED.,.T.,.F.,(1,3,1,1,1,1,1,1,1,1,1,1,1,1,1,1,1,1,1,1,1,1,1,1,
1,1,1,3,1),(-0.0378371955746442,0.,0.0400341743108733,0.0716407545779522,
0.114123057733012,0.160399923900653,0.199866579341163,0.230790004627915,
0.276285937432521,0.325725041358889,0.365569904841897,0.382958880601311,
0.415858709345122,0.448030446661739,0.483749373333258,0.537332839834069,
0.592445297914411,0.615303076372599,0.656972383666046,0.690241441764468,
0.725233924070163,0.781670648485107,0.808900233184943,0.840245892423637,
0.88955981198624,0.91500654335669,0.962162804425356,1.,1.04003417431087),
 .UNSPECIFIED.);
#1449=B_SPLINE_CURVE_WITH_KNOTS('',3,(#5444,#5445,#5446,#5447,#5448,#5449,
#5450,#5451,#5452,#5453,#5454,#5455,#5456,#5457,#5458,#5459,#5460,#5461,
#5462,#5463,#5464,#5465,#5466,#5467,#5468,#5469,#5470,#5471,#5472,#5473,
#5474,#5475,#5476,#5477,#5478,#5479,#5480,#5481,#5482,#5483),
 .UNSPECIFIED.,.T.,.F.,(1,3,1,1,1,1,1,1,1,1,1,1,1,1,1,1,1,1,1,1,1,1,1,1,
1,1,1,1,1,1,1,1,1,1,1,1,1,1,3,1),(-0.0208092336031138,0.,0.0468059403401615,
0.0807875660188495,0.12125114776056,0.156180678289697,0.184590636821771,
0.212132600711861,0.236217673432817,0.266722884665318,0.28315537039291,
0.301656138785427,0.324560463024962,0.350473058134206,0.377751521398648,
0.401946748673668,0.43394359726876,0.462926834467597,0.487956863753923,
0.518768009519679,0.560043750058257,0.605112637055657,0.636268825555553,
0.662267692325249,0.688249916272218,0.71417369876295,0.748850216839282,
0.774321430591134,0.795565147444611,0.820806482286044,0.841501420406814,
0.854089601157448,0.87809612003921,0.890704914894082,0.918074116909169,
0.934970416024891,0.94695792110736,0.979190766396886,1.,1.04680594034016),
 .UNSPECIFIED.);
#1450=B_SPLINE_CURVE_WITH_KNOTS('',3,(#5500,#5501,#5502,#5503,#5504,#5505,
#5506),.UNSPECIFIED.,.T.,.F.,(1,3,1,1,1,3,1),(-0.293969232518748,0.,0.337831591347099,
0.475469081853514,0.706030767481252,1.,1.3378315913471),.UNSPECIFIED.);
#1451=B_SPLINE_CURVE_WITH_KNOTS('',3,(#5534,#5535,#5536,#5537,#5538,#5539,
#5540,#5541,#5542,#5543,#5544),.UNSPECIFIED.,.T.,.F.,(1,3,1,1,1,1,1,1,1,
3,1),(-0.0957527011366157,0.,0.123368671925943,0.246634794179263,0.382989795982094,
0.498795002444412,0.64462838935224,0.78911038077753,0.904247298863384,1.,
1.12336867192594),.UNSPECIFIED.);
#1452=B_SPLINE_CURVE_WITH_KNOTS('',3,(#5569,#5570,#5571,#5572,#5573,#5574,
#5575,#5576,#5577,#5578,#5579),.UNSPECIFIED.,.T.,.F.,(1,3,1,1,1,1,1,1,1,
3,1),(-0.092127528987005,0.,0.148377419668423,0.27314727196527,0.421337014598753,
0.551750471036137,0.708466939321315,0.810160053824794,0.907872471012995,
1.,1.14837741966842),.UNSPECIFIED.);
#1453=B_SPLINE_CURVE_WITH_KNOTS('',3,(#5604,#5605,#5606,#5607,#5608,#5609,
#5610,#5611,#5612,#5613,#5614),.UNSPECIFIED.,.T.,.F.,(1,3,1,1,1,1,1,1,1,
3,1),(-0.0936040428491319,0.,0.142155240334615,0.282193333843503,0.408197387384903,
0.555397493321939,0.677836968377468,0.817297782773577,0.906395957150868,
1.,1.14215524033461),.UNSPECIFIED.);
#1454=B_SPLINE_CURVE_WITH_KNOTS('',3,(#5637,#5638,#5639,#5640,#5641,#5642,
#5643,#5644,#5645,#5646),.UNSPECIFIED.,.T.,.F.,(1,3,1,1,1,1,1,1,3,1),(-0.101243271817649,
0.,0.144086795336546,0.306690075862979,0.456482335637369,0.619782951652011,
0.77219938772065,0.898756728182351,1.,1.14408679533655),.UNSPECIFIED.);
#1455=B_SPLINE_CURVE_WITH_KNOTS('',3,(#5669,#5670,#5671,#5672,#5673,#5674,
#5675,#5676,#5677,#5678),.UNSPECIFIED.,.T.,.F.,(1,3,1,1,1,1,1,1,3,1),(-0.0894126849831709,
0.,0.199579691661736,0.335553775043463,0.46055219124202,0.61541954617258,
0.777965368307026,0.910587315016829,1.,1.19957969166174),.UNSPECIFIED.);
#1456=B_SPLINE_CURVE_WITH_KNOTS('',3,(#5697,#5698,#5699,#5700,#5701,#5702,
#5703,#5704),.UNSPECIFIED.,.T.,.F.,(1,3,1,1,1,1,3,1),(-0.135045931366774,
0.,0.287158951236215,0.433797964142295,0.613390336667455,0.864954068633226,
1.,1.28715895123622),.UNSPECIFIED.);
#1457=B_SPLINE_CURVE_WITH_KNOTS('',3,(#5723,#5724,#5725,#5726,#5727,#5728,
#5729,#5730),.UNSPECIFIED.,.T.,.F.,(1,3,1,1,1,1,3,1),(-0.191312906814821,
0.,0.272635898725397,0.4360040781359,0.64434541858239,0.808687093185179,
1.,1.2726358987254),.UNSPECIFIED.);
#1458=B_SPLINE_CURVE_WITH_KNOTS('',3,(#5751,#5752,#5753,#5754,#5755,#5756,
#5757,#5758,#5759),.UNSPECIFIED.,.T.,.F.,(1,3,1,1,1,1,1,3,1),(-0.0568065314394727,
0.,0.217489359850341,0.403141576968643,0.592675591708477,0.763471721307099,
0.943193468560527,1.,1.21748935985034),.UNSPECIFIED.);
#1459=B_SPLINE_CURVE_WITH_KNOTS('',3,(#5776,#5777,#5778,#5779,#5780,#5781,
#5782),.UNSPECIFIED.,.T.,.F.,(1,3,1,1,1,3,1),(-0.278504452698442,0.,0.250862459780795,
0.564062436782968,0.721495547301558,1.,1.25086245978079),.UNSPECIFIED.);
#1460=B_SPLINE_CURVE_WITH_KNOTS('',3,(#5799,#5800,#5801,#5802,#5803,#5804,
#5805),.UNSPECIFIED.,.T.,.F.,(1,3,1,1,1,3,1),(-0.316842081767614,0.,0.205275739618792,
0.458003309335436,0.683157918232386,1.,1.20527573961879),.UNSPECIFIED.);
#1461=B_SPLINE_CURVE_WITH_KNOTS('',3,(#5826,#5827,#5828,#5829,#5830,#5831,
#5832,#5833,#5834),.UNSPECIFIED.,.T.,.F.,(1,3,1,1,1,1,1,3,1),(-0.160626292091489,
0.,0.17078391731592,0.358032341810198,0.543411304013958,0.665912975450324,
0.839373707908511,1.,1.17078391731592),.UNSPECIFIED.);
#1462=B_SPLINE_CURVE_WITH_KNOTS('',3,(#5857,#5858,#5859,#5860,#5861,#5862,
#5863,#5864,#5865,#5866),.UNSPECIFIED.,.T.,.F.,(1,3,1,1,1,1,1,1,3,1),(-0.145235229323346,
0.,0.200175687903882,0.346845404841884,0.462111022936334,0.575995118325804,
0.697361578816356,0.854764770676654,1.,1.20017568790388),.UNSPECIFIED.);
#1463=B_SPLINE_CURVE_WITH_KNOTS('',3,(#5887,#5888,#5889,#5890,#5891,#5892,
#5893,#5894,#5895),.UNSPECIFIED.,.T.,.F.,(1,3,1,1,1,1,1,3,1),(-0.164987924492401,
0.,0.131157784918423,0.253404791838518,0.504113996026019,0.654881702947099,
0.835012075507599,1.,1.13115778491842),.UNSPECIFIED.);
#1464=B_SPLINE_CURVE_WITH_KNOTS('',3,(#5916,#5917,#5918,#5919,#5920,#5921,
#5922,#5923,#5924),.UNSPECIFIED.,.T.,.F.,(1,3,1,1,1,1,1,3,1),(-0.196275870839482,
0.,0.157156508235509,0.314037604065942,0.464140445788638,0.633889599971335,
0.803724129160519,1.,1.15715650823551),.UNSPECIFIED.);
#1465=B_SPLINE_CURVE_WITH_KNOTS('',3,(#5945,#5946,#5947,#5948,#5949,#5950,
#5951,#5952,#5953),.UNSPECIFIED.,.T.,.F.,(1,3,1,1,1,1,1,3,1),(-0.142549254370235,
0.,0.200048242076065,0.361107928037035,0.515735625332273,0.690190030982276,
0.857450745629765,1.,1.20004824207606),.UNSPECIFIED.);
#1466=B_SPLINE_CURVE_WITH_KNOTS('',3,(#5974,#5975,#5976,#5977,#5978,#5979,
#5980,#5981,#5982),.UNSPECIFIED.,.T.,.F.,(1,3,1,1,1,1,1,3,1),(-0.16374516777314,
0.,0.202077600259138,0.367554597386426,0.524568430090864,0.644153786973324,
0.83625483222686,1.,1.20207760025914),.UNSPECIFIED.);
#1467=B_SPLINE_CURVE_WITH_KNOTS('',3,(#6009,#6010,#6011,#6012,#6013,#6014,
#6015,#6016,#6017,#6018,#6019,#6020),.UNSPECIFIED.,.T.,.F.,(1,3,1,1,1,1,
1,1,1,1,3,1),(-0.183644715940585,0.,0.123671232576846,0.217860823518723,
0.304083365928725,0.386582282904629,0.475244630028735,0.575834066607008,
0.702242968809485,0.816355284059415,1.,1.12367123257685),.UNSPECIFIED.);
#1468=B_SPLINE_CURVE_WITH_KNOTS('',3,(#6053,#6054,#6055,#6056,#6057,#6058,
#6059,#6060,#6061,#6062,#6063,#6064,#6065,#6066,#6067),.UNSPECIFIED.,.T.,
 .F.,(1,3,1,1,1,1,1,1,1,1,1,1,1,3,1),(-0.0627681589967998,0.,0.111288884864024,
0.228010590856004,0.286937152547449,0.333341598003175,0.41270431159534,
0.491419279542687,0.566010821830087,0.680961601737674,0.785885930855007,
0.863422398150009,0.9372318410032,1.,1.11128888486402),.UNSPECIFIED.);
#1469=B_SPLINE_CURVE_WITH_KNOTS('',3,(#6208,#6209,#6210,#6211,#6212,#6213,
#6214,#6215,#6216,#6217,#6218,#6219,#6220,#6221,#6222,#6223,#6224,#6225,
#6226,#6227,#6228,#6229,#6230,#6231,#6232,#6233,#6234,#6235,#6236,#6237,
#6238,#6239,#6240,#6241,#6242,#6243,#6244,#6245,#6246,#6247,#6248,#6249,
#6250,#6251,#6252,#6253,#6254,#6255,#6256,#6257,#6258,#6259,#6260,#6261,
#6262,#6263,#6264,#6265,#6266,#6267,#6268,#6269,#6270,#6271,#6272,#6273,
#6274,#6275,#6276),.UNSPECIFIED.,.T.,.F.,(1,3,1,1,1,1,1,1,1,1,1,1,1,1,1,
1,1,1,1,1,1,1,1,1,1,1,1,1,1,1,1,1,1,1,1,1,1,1,1,1,1,1,1,1,1,1,1,1,1,1,1,
1,1,1,1,1,1,1,1,1,1,1,1,1,1,1,1,3,1),(-0.00894417567165862,0.,0.0151782166035483,
0.0301987796202038,0.0486191494469522,0.0628312663135344,0.0802365568354301,
0.0941457436899778,0.108580714866946,0.12764339090393,0.143212971118431,
0.160741204765162,0.17722388266284,0.193138792122385,0.207561331033094,
0.223694538261831,0.236782771461695,0.253601912832011,0.267462152345055,
0.288714223118335,0.306115979495742,0.328283931822184,0.344349891632752,
0.360264830844175,0.375312954955972,0.388753895498471,0.40438264974527,
0.417545362185655,0.4308928639095,0.442384946779609,0.455984907086406,0.473035233870744,
0.488197380598305,0.50381142089724,0.511633115909496,0.526392924566052,
0.5377340667905,0.55077189875152,0.560547647731378,0.575165778223656,0.590533099788002,
0.607492068926094,0.62254019303789,0.643432243953718,0.659041704556087,
0.672055211166963,0.691574658592442,0.705081643129597,0.713401285300344,
0.726014573691702,0.740155230706848,0.753860040784436,0.76858260935933,
0.783756824284383,0.79719491574284,0.812589253502895,0.829424094058611,
0.84851107437115,0.863320133543328,0.880324982860036,0.89748421318481,0.912484052344144,
0.926327581639948,0.941977089055735,0.957672216909052,0.974115597735306,
0.991055824328341,1.,1.01517821660355),.UNSPECIFIED.);
#1470=B_SPLINE_CURVE_WITH_KNOTS('',3,(#6293,#6294,#6295,#6296,#6297,#6298,
#6299),.UNSPECIFIED.,.T.,.F.,(1,3,1,1,1,3,1),(-0.171659383659125,0.,0.35628919543036,
0.504948851934051,0.828340616340875,1.,1.35628919543036),.UNSPECIFIED.);
#1471=B_SPLINE_CURVE_WITH_KNOTS('',3,(#6320,#6321,#6322,#6323,#6324,#6325,
#6326,#6327,#6328),.UNSPECIFIED.,.T.,.F.,(1,3,1,1,1,1,1,3,1),(-0.141998822916086,
0.,0.23589724216084,0.419461139709126,0.63446452852445,0.703551121990759,
0.858001177083914,1.,1.23589724216084),.UNSPECIFIED.);
#1472=B_SPLINE_CURVE_WITH_KNOTS('',3,(#6349,#6350,#6351,#6352,#6353,#6354,
#6355,#6356,#6357),.UNSPECIFIED.,.T.,.F.,(1,3,1,1,1,1,1,3,1),(-0.149090890260179,
0.,0.301635925190641,0.410395616056251,0.559787575662596,0.82032986201402,
0.850909109739821,1.,1.30163592519064),.UNSPECIFIED.);
#1473=B_SPLINE_CURVE_WITH_KNOTS('',3,(#6392,#6393,#6394,#6395,#6396,#6397,
#6398,#6399,#6400,#6401,#6402,#6403,#6404,#6405,#6406,#6407),
 .UNSPECIFIED.,.T.,.F.,(1,3,1,1,1,1,1,1,1,1,1,1,1,1,3,1),(-0.0332525240398187,
0.,0.0901416569889607,0.194060387578653,0.288980972508762,0.384363917497192,
0.439593926160014,0.556774318338275,0.6290797164209,0.711618751390787,0.743034621370791,
0.792813009314488,0.880014140675928,0.966747475960181,1.,1.09014165698896),
 .UNSPECIFIED.);
#1474=B_SPLINE_CURVE_WITH_KNOTS('',3,(#6426,#6427,#6428,#6429,#6430,#6431,
#6432,#6433),.UNSPECIFIED.,.T.,.F.,(1,3,1,1,1,1,3,1),(-0.202482691815191,
0.,0.26209755942929,0.38152137572307,0.568179733242593,0.797517308184809,
1.,1.26209755942929),.UNSPECIFIED.);
#1475=B_SPLINE_CURVE_WITH_KNOTS('',3,(#6456,#6457,#6458,#6459,#6460,#6461,
#6462,#6463,#6464,#6465),.UNSPECIFIED.,.T.,.F.,(1,3,1,1,1,1,1,1,3,1),(-0.123564715001664,
0.,0.197199088427703,0.345384960181167,0.46573764609149,0.621374588740593,
0.765915292179109,0.876435284998336,1.,1.1971990884277),.UNSPECIFIED.);
#1476=B_SPLINE_CURVE_WITH_KNOTS('',3,(#6486,#6487,#6488,#6489,#6490,#6491,
#6492,#6493,#6494),.UNSPECIFIED.,.T.,.F.,(1,3,1,1,1,1,1,3,1),(-0.199247776025119,
0.,0.204948944610906,0.358238351862901,0.468869980514459,0.630903766944489,
0.800752223974881,1.,1.20494894461091),.UNSPECIFIED.);
#1477=B_SPLINE_CURVE_WITH_KNOTS('',3,(#6517,#6518,#6519,#6520,#6521,#6522,
#6523,#6524,#6525,#6526),.UNSPECIFIED.,.T.,.F.,(1,3,1,1,1,1,1,1,3,1),(-0.161760005945953,
0.,0.125932264090848,0.270523981410356,0.414609689053829,0.542438501668887,
0.707947538585236,0.838239994054047,1.,1.12593226409085),.UNSPECIFIED.);
#1478=B_SPLINE_CURVE_WITH_KNOTS('',3,(#6545,#6546,#6547,#6548,#6549,#6550,
#6551,#6552),.UNSPECIFIED.,.T.,.F.,(1,3,1,1,1,1,3,1),(-0.211929914488812,
0.,0.189239829740066,0.389698890482856,0.591309177720543,0.788070085511188,
1.,1.18923982974007),.UNSPECIFIED.);
#1479=B_SPLINE_CURVE_WITH_KNOTS('',3,(#6581,#6582,#6583,#6584,#6585,#6586,
#6587,#6588,#6589,#6590,#6591,#6592,#6593),.UNSPECIFIED.,.T.,.F.,(1,3,1,
1,1,1,1,1,1,1,1,3,1),(-0.100455652610022,0.,0.118456948763898,0.205277661871927,
0.303533507726329,0.393999634039206,0.494697019297223,0.599307433424606,
0.702180706240979,0.806838101982135,0.899544347389978,1.,1.1184569487639),
 .UNSPECIFIED.);
#1480=B_SPLINE_CURVE_WITH_KNOTS('',3,(#6624,#6625,#6626,#6627,#6628,#6629,
#6630,#6631,#6632,#6633,#6634,#6635,#6636,#6637),.UNSPECIFIED.,.T.,.F.,
(1,3,1,1,1,1,1,1,1,1,1,1,3,1),(-0.127968820458944,0.,0.0534969064721677,
0.135920239477862,0.223316278067933,0.335165095167011,0.397082848011601,
0.509447492978234,0.622839031688004,0.699184366626327,0.781604900588904,
0.872031179541056,1.,1.05349690647217),.UNSPECIFIED.);
#1481=EDGE_LOOP('',(#335));
#1482=EDGE_LOOP('',(#336));
#1483=EDGE_LOOP('',(#337));
#1484=EDGE_LOOP('',(#338));
#1485=EDGE_LOOP('',(#339));
#1486=EDGE_LOOP('',(#340));
#1487=EDGE_LOOP('',(#341));
#1488=EDGE_LOOP('',(#342));
#1489=EDGE_LOOP('',(#343));
#1490=EDGE_LOOP('',(#344));
#1491=EDGE_LOOP('',(#345));
#1492=EDGE_LOOP('',(#346));
#1493=EDGE_LOOP('',(#347));
#1494=EDGE_LOOP('',(#348));
#1495=EDGE_LOOP('',(#349));
#1496=EDGE_LOOP('',(#350));
#1497=EDGE_LOOP('',(#351,#352,#353));
#1498=EDGE_LOOP('',(#354,#355));
#1499=EDGE_LOOP('',(#356,#357,#358,#359,#360,#361,#362,#363,#364,#365,#366));
#1500=EDGE_LOOP('',(#367,#368));
#1501=EDGE_LOOP('',(#369));
#1502=EDGE_LOOP('',(#370));
#1503=EDGE_LOOP('',(#371,#372));
#1504=EDGE_LOOP('',(#373));
#1505=EDGE_LOOP('',(#374,#375,#376,#377,#378,#379,#380,#381));
#1506=EDGE_LOOP('',(#382,#383,#384,#385,#386,#387,#388,#389,#390));
#1507=EDGE_LOOP('',(#391,#392,#393,#394,#395,#396,#397,#398));
#1508=EDGE_LOOP('',(#399));
#1509=EDGE_LOOP('',(#400));
#1510=EDGE_LOOP('',(#401));
#1511=EDGE_LOOP('',(#402));
#1512=EDGE_LOOP('',(#403));
#1513=EDGE_LOOP('',(#404));
#1514=EDGE_LOOP('',(#405));
#1515=EDGE_LOOP('',(#406));
#1516=EDGE_LOOP('',(#407));
#1517=EDGE_LOOP('',(#408));
#1518=EDGE_LOOP('',(#409));
#1519=EDGE_LOOP('',(#410));
#1520=EDGE_LOOP('',(#411));
#1521=EDGE_LOOP('',(#412));
#1522=EDGE_LOOP('',(#413));
#1523=EDGE_LOOP('',(#414));
#1524=EDGE_LOOP('',(#415));
#1525=EDGE_LOOP('',(#416));
#1526=EDGE_LOOP('',(#417));
#1527=EDGE_LOOP('',(#418,#419,#420,#421));
#1528=EDGE_LOOP('',(#422,#423,#424,#425));
#1529=EDGE_LOOP('',(#426));
#1530=EDGE_LOOP('',(#427));
#1531=EDGE_LOOP('',(#428,#429));
#1532=EDGE_LOOP('',(#430));
#1533=EDGE_LOOP('',(#431,#432,#433,#434));
#1534=EDGE_LOOP('',(#435,#436,#437,#438));
#1535=EDGE_LOOP('',(#439,#440,#441,#442));
#1536=EDGE_LOOP('',(#443,#444,#445,#446));
#1537=EDGE_LOOP('',(#447,#448,#449,#450));
#1538=EDGE_LOOP('',(#451,#452,#453,#454));
#1539=EDGE_LOOP('',(#455,#456,#457,#458));
#1540=EDGE_LOOP('',(#459,#460,#461,#462));
#1541=EDGE_LOOP('',(#463,#464,#465,#466,#467,#468,#469,#470));
#1542=EDGE_LOOP('',(#471,#472,#473,#474));
#1543=EDGE_LOOP('',(#475,#476,#477,#478));
#1544=EDGE_LOOP('',(#479,#480,#481,#482));
#1545=EDGE_LOOP('',(#483));
#1546=EDGE_LOOP('',(#484));
#1547=EDGE_LOOP('',(#485,#486,#487));
#1548=EDGE_LOOP('',(#488));
#1549=EDGE_LOOP('',(#489,#490,#491));
#1550=EDGE_LOOP('',(#492,#493,#494,#495));
#1551=EDGE_LOOP('',(#496,#497,#498,#499));
#1552=EDGE_LOOP('',(#500,#501,#502,#503));
#1553=EDGE_LOOP('',(#504));
#1554=EDGE_LOOP('',(#505));
#1555=EDGE_LOOP('',(#506,#507,#508));
#1556=EDGE_LOOP('',(#509));
#1557=EDGE_LOOP('',(#510,#511,#512));
#1558=EDGE_LOOP('',(#513,#514,#515,#516));
#1559=EDGE_LOOP('',(#517,#518,#519,#520));
#1560=EDGE_LOOP('',(#521,#522,#523,#524));
#1561=EDGE_LOOP('',(#525,#526,#527,#528));
#1562=EDGE_LOOP('',(#529,#530,#531,#532));
#1563=EDGE_LOOP('',(#533,#534,#535,#536));
#1564=EDGE_LOOP('',(#537,#538,#539,#540));
#1565=EDGE_LOOP('',(#541,#542,#543,#544));
#1566=EDGE_LOOP('',(#545,#546,#547,#548));
#1567=EDGE_LOOP('',(#549,#550,#551,#552,#553,#554,#555,#556,#557));
#1568=EDGE_LOOP('',(#558,#559,#560,#561));
#1569=EDGE_LOOP('',(#562,#563,#564,#565));
#1570=EDGE_LOOP('',(#566,#567,#568,#569));
#1571=EDGE_LOOP('',(#570,#571,#572,#573));
#1572=EDGE_LOOP('',(#574,#575,#576,#577));
#1573=EDGE_LOOP('',(#578,#579,#580,#581));
#1574=EDGE_LOOP('',(#582,#583,#584,#585));
#1575=EDGE_LOOP('',(#586,#587,#588,#589));
#1576=EDGE_LOOP('',(#590,#591,#592,#593,#594,#595,#596,#597));
#1577=EDGE_LOOP('',(#598,#599,#600,#601));
#1578=EDGE_LOOP('',(#602));
#1579=EDGE_LOOP('',(#603));
#1580=EDGE_LOOP('',(#604,#605,#606,#607));
#1581=EDGE_LOOP('',(#608));
#1582=EDGE_LOOP('',(#609,#610));
#1583=EDGE_LOOP('',(#611,#612,#613,#614));
#1584=EDGE_LOOP('',(#615,#616,#617,#618));
#1585=EDGE_LOOP('',(#619,#620,#621,#622));
#1586=EDGE_LOOP('',(#623,#624,#625,#626));
#1587=EDGE_LOOP('',(#627,#628,#629,#630));
#1588=EDGE_LOOP('',(#631,#632,#633,#634));
#1589=EDGE_LOOP('',(#635,#636,#637,#638));
#1590=EDGE_LOOP('',(#639,#640,#641,#642));
#1591=EDGE_LOOP('',(#643,#644,#645,#646));
#1592=EDGE_LOOP('',(#647,#648,#649,#650));
#1593=EDGE_LOOP('',(#651,#652,#653,#654));
#1594=EDGE_LOOP('',(#655,#656,#657,#658));
#1595=EDGE_LOOP('',(#659,#660,#661,#662));
#1596=EDGE_LOOP('',(#663,#664,#665,#666));
#1597=EDGE_LOOP('',(#667,#668,#669,#670));
#1598=EDGE_LOOP('',(#671,#672,#673,#674));
#1599=EDGE_LOOP('',(#675,#676,#677,#678));
#1600=EDGE_LOOP('',(#679,#680,#681,#682));
#1601=EDGE_LOOP('',(#683,#684,#685,#686,#687,#688,#689,#690,#691,#692,#693));
#1602=EDGE_LOOP('',(#694,#695,#696,#697,#698,#699,#700));
#1603=EDGE_LOOP('',(#701));
#1604=EDGE_LOOP('',(#702));
#1605=EDGE_LOOP('',(#703));
#1606=EDGE_LOOP('',(#704));
#1607=EDGE_LOOP('',(#705));
#1608=EDGE_LOOP('',(#706));
#1609=EDGE_LOOP('',(#707));
#1610=EDGE_LOOP('',(#708));
#1611=EDGE_LOOP('',(#709));
#1612=EDGE_LOOP('',(#710));
#1613=EDGE_LOOP('',(#711));
#1614=EDGE_LOOP('',(#712));
#1615=EDGE_LOOP('',(#713));
#1616=EDGE_LOOP('',(#714));
#1617=EDGE_LOOP('',(#715));
#1618=EDGE_LOOP('',(#716));
#1619=EDGE_LOOP('',(#717));
#1620=EDGE_LOOP('',(#718));
#1621=EDGE_LOOP('',(#719));
#1622=EDGE_LOOP('',(#720));
#1623=EDGE_LOOP('',(#721));
#1624=EDGE_LOOP('',(#722));
#1625=EDGE_LOOP('',(#723));
#1626=EDGE_LOOP('',(#724));
#1627=EDGE_LOOP('',(#725));
#1628=EDGE_LOOP('',(#726));
#1629=EDGE_LOOP('',(#727));
#1630=EDGE_LOOP('',(#728));
#1631=EDGE_LOOP('',(#729));
#1632=EDGE_LOOP('',(#730));
#1633=EDGE_LOOP('',(#731));
#1634=EDGE_LOOP('',(#732));
#1635=EDGE_LOOP('',(#733,#734,#735,#736));
#1636=EDGE_LOOP('',(#737,#738,#739,#740));
#1637=EDGE_LOOP('',(#741,#742));
#1638=EDGE_LOOP('',(#743,#744,#745,#746));
#1639=EDGE_LOOP('',(#747,#748,#749,#750));
#1640=EDGE_LOOP('',(#751,#752,#753,#754));
#1641=EDGE_LOOP('',(#755,#756,#757));
#1642=EDGE_LOOP('',(#758));
#1643=EDGE_LOOP('',(#759));
#1644=EDGE_LOOP('',(#760));
#1645=EDGE_LOOP('',(#761));
#1646=EDGE_LOOP('',(#762));
#1647=EDGE_LOOP('',(#763));
#1648=EDGE_LOOP('',(#764));
#1649=EDGE_LOOP('',(#765));
#1650=EDGE_LOOP('',(#766));
#1651=EDGE_LOOP('',(#767));
#1652=EDGE_LOOP('',(#768));
#1653=EDGE_LOOP('',(#769));
#1654=EDGE_LOOP('',(#770));
#1655=EDGE_LOOP('',(#771));
#1656=EDGE_LOOP('',(#772));
#1657=EDGE_LOOP('',(#773));
#1658=EDGE_LOOP('',(#774));
#1659=EDGE_LOOP('',(#775));
#1660=EDGE_LOOP('',(#776));
#1661=EDGE_LOOP('',(#777));
#1662=EDGE_LOOP('',(#778));
#1663=EDGE_LOOP('',(#779));
#1664=EDGE_LOOP('',(#780));
#1665=EDGE_LOOP('',(#781));
#1666=EDGE_LOOP('',(#782));
#1667=EDGE_LOOP('',(#783));
#1668=EDGE_LOOP('',(#784));
#1669=EDGE_LOOP('',(#785));
#1670=EDGE_LOOP('',(#786));
#1671=EDGE_LOOP('',(#787));
#1672=EDGE_LOOP('',(#788));
#1673=EDGE_LOOP('',(#789));
#1674=EDGE_LOOP('',(#790));
#1675=EDGE_LOOP('',(#791));
#1676=EDGE_LOOP('',(#792));
#1677=EDGE_LOOP('',(#793));
#1678=EDGE_LOOP('',(#794));
#1679=EDGE_LOOP('',(#795));
#1680=EDGE_LOOP('',(#796));
#1681=EDGE_LOOP('',(#797));
#1682=EDGE_LOOP('',(#798));
#1683=EDGE_LOOP('',(#799));
#1684=EDGE_LOOP('',(#800));
#1685=EDGE_LOOP('',(#801));
#1686=EDGE_LOOP('',(#802));
#1687=EDGE_LOOP('',(#803));
#1688=EDGE_LOOP('',(#804));
#1689=EDGE_LOOP('',(#805));
#1690=EDGE_LOOP('',(#806));
#1691=EDGE_LOOP('',(#807));
#1692=EDGE_LOOP('',(#808));
#1693=EDGE_LOOP('',(#809));
#1694=EDGE_LOOP('',(#810));
#1695=EDGE_LOOP('',(#811));
#1696=EDGE_LOOP('',(#812));
#1697=EDGE_LOOP('',(#813));
#1698=EDGE_LOOP('',(#814));
#1699=EDGE_LOOP('',(#815));
#1700=EDGE_LOOP('',(#816));
#1701=EDGE_LOOP('',(#817));
#1702=EDGE_LOOP('',(#818));
#1703=EDGE_LOOP('',(#819));
#1704=EDGE_LOOP('',(#820));
#1705=EDGE_LOOP('',(#821));
#1706=EDGE_LOOP('',(#822));
#1707=EDGE_LOOP('',(#823));
#1708=EDGE_LOOP('',(#824));
#1709=EDGE_LOOP('',(#825));
#1710=EDGE_LOOP('',(#826));
#1711=EDGE_LOOP('',(#827));
#1712=EDGE_LOOP('',(#828));
#1713=EDGE_LOOP('',(#829));
#1714=EDGE_LOOP('',(#830));
#1715=EDGE_LOOP('',(#831));
#1716=EDGE_LOOP('',(#832));
#1717=EDGE_LOOP('',(#833));
#1718=EDGE_LOOP('',(#834));
#1719=EDGE_LOOP('',(#835));
#1720=EDGE_LOOP('',(#836));
#1721=EDGE_LOOP('',(#837));
#1722=EDGE_LOOP('',(#838));
#1723=EDGE_LOOP('',(#839));
#1724=EDGE_LOOP('',(#840));
#1725=EDGE_LOOP('',(#841));
#1726=EDGE_LOOP('',(#842));
#1727=EDGE_LOOP('',(#843));
#1728=EDGE_LOOP('',(#844));
#1729=EDGE_LOOP('',(#845));
#1730=EDGE_LOOP('',(#846));
#1731=EDGE_LOOP('',(#847));
#1732=EDGE_LOOP('',(#848));
#1733=EDGE_LOOP('',(#849));
#1734=EDGE_LOOP('',(#850));
#1735=EDGE_LOOP('',(#851));
#1736=EDGE_LOOP('',(#852));
#1737=EDGE_LOOP('',(#853));
#1738=EDGE_LOOP('',(#854));
#1739=EDGE_LOOP('',(#855));
#1740=EDGE_LOOP('',(#856));
#1741=EDGE_LOOP('',(#857));
#1742=EDGE_LOOP('',(#858));
#1743=EDGE_LOOP('',(#859));
#1744=EDGE_LOOP('',(#860));
#1745=EDGE_LOOP('',(#861));
#1746=EDGE_LOOP('',(#862));
#1747=EDGE_LOOP('',(#863,#864,#865,#866,#867,#868,#869));
#1748=EDGE_LOOP('',(#870));
#1749=FACE_BOUND('',#1481,.T.);
#1750=FACE_BOUND('',#1482,.T.);
#1751=FACE_BOUND('',#1483,.T.);
#1752=FACE_BOUND('',#1484,.T.);
#1753=FACE_BOUND('',#1485,.T.);
#1754=FACE_BOUND('',#1486,.T.);
#1755=FACE_BOUND('',#1487,.T.);
#1756=FACE_BOUND('',#1488,.T.);
#1757=FACE_BOUND('',#1489,.T.);
#1758=FACE_BOUND('',#1490,.T.);
#1759=FACE_BOUND('',#1491,.T.);
#1760=FACE_BOUND('',#1492,.T.);
#1761=FACE_BOUND('',#1493,.T.);
#1762=FACE_BOUND('',#1494,.T.);
#1763=FACE_BOUND('',#1495,.T.);
#1764=FACE_BOUND('',#1496,.T.);
#1765=FACE_BOUND('',#1497,.T.);
#1766=FACE_BOUND('',#1498,.T.);
#1767=FACE_BOUND('',#1499,.T.);
#1768=FACE_BOUND('',#1500,.T.);
#1769=FACE_BOUND('',#1501,.T.);
#1770=FACE_BOUND('',#1502,.T.);
#1771=FACE_BOUND('',#1503,.T.);
#1772=FACE_BOUND('',#1504,.T.);
#1773=FACE_BOUND('',#1505,.T.);
#1774=FACE_BOUND('',#1506,.T.);
#1775=FACE_BOUND('',#1507,.T.);
#1776=FACE_BOUND('',#1508,.T.);
#1777=FACE_BOUND('',#1509,.T.);
#1778=FACE_BOUND('',#1510,.T.);
#1779=FACE_BOUND('',#1511,.T.);
#1780=FACE_BOUND('',#1512,.T.);
#1781=FACE_BOUND('',#1513,.T.);
#1782=FACE_BOUND('',#1514,.T.);
#1783=FACE_BOUND('',#1515,.T.);
#1784=FACE_BOUND('',#1516,.T.);
#1785=FACE_BOUND('',#1517,.T.);
#1786=FACE_BOUND('',#1518,.T.);
#1787=FACE_BOUND('',#1519,.T.);
#1788=FACE_BOUND('',#1520,.T.);
#1789=FACE_BOUND('',#1521,.T.);
#1790=FACE_BOUND('',#1522,.T.);
#1791=FACE_BOUND('',#1523,.T.);
#1792=FACE_BOUND('',#1524,.T.);
#1793=FACE_BOUND('',#1525,.T.);
#1794=FACE_BOUND('',#1526,.T.);
#1795=FACE_BOUND('',#1527,.T.);
#1796=FACE_BOUND('',#1528,.T.);
#1797=FACE_BOUND('',#1529,.T.);
#1798=FACE_BOUND('',#1530,.T.);
#1799=FACE_BOUND('',#1531,.T.);
#1800=FACE_BOUND('',#1532,.T.);
#1801=FACE_BOUND('',#1533,.T.);
#1802=FACE_BOUND('',#1534,.T.);
#1803=FACE_BOUND('',#1535,.T.);
#1804=FACE_BOUND('',#1536,.T.);
#1805=FACE_BOUND('',#1537,.T.);
#1806=FACE_BOUND('',#1538,.T.);
#1807=FACE_BOUND('',#1539,.T.);
#1808=FACE_BOUND('',#1540,.T.);
#1809=FACE_BOUND('',#1541,.T.);
#1810=FACE_BOUND('',#1542,.T.);
#1811=FACE_BOUND('',#1543,.T.);
#1812=FACE_BOUND('',#1544,.T.);
#1813=FACE_BOUND('',#1545,.T.);
#1814=FACE_BOUND('',#1546,.T.);
#1815=FACE_BOUND('',#1547,.T.);
#1816=FACE_BOUND('',#1548,.T.);
#1817=FACE_BOUND('',#1549,.T.);
#1818=FACE_BOUND('',#1550,.T.);
#1819=FACE_BOUND('',#1551,.T.);
#1820=FACE_BOUND('',#1552,.T.);
#1821=FACE_BOUND('',#1553,.T.);
#1822=FACE_BOUND('',#1554,.T.);
#1823=FACE_BOUND('',#1555,.T.);
#1824=FACE_BOUND('',#1556,.T.);
#1825=FACE_BOUND('',#1557,.T.);
#1826=FACE_BOUND('',#1558,.T.);
#1827=FACE_BOUND('',#1559,.T.);
#1828=FACE_BOUND('',#1560,.T.);
#1829=FACE_BOUND('',#1561,.T.);
#1830=FACE_BOUND('',#1562,.T.);
#1831=FACE_BOUND('',#1563,.T.);
#1832=FACE_BOUND('',#1564,.T.);
#1833=FACE_BOUND('',#1565,.T.);
#1834=FACE_BOUND('',#1566,.T.);
#1835=FACE_BOUND('',#1567,.T.);
#1836=FACE_BOUND('',#1568,.T.);
#1837=FACE_BOUND('',#1569,.T.);
#1838=FACE_BOUND('',#1570,.T.);
#1839=FACE_BOUND('',#1571,.T.);
#1840=FACE_BOUND('',#1572,.T.);
#1841=FACE_BOUND('',#1573,.T.);
#1842=FACE_BOUND('',#1574,.T.);
#1843=FACE_BOUND('',#1575,.T.);
#1844=FACE_BOUND('',#1576,.T.);
#1845=FACE_BOUND('',#1577,.T.);
#1846=FACE_BOUND('',#1578,.T.);
#1847=FACE_BOUND('',#1579,.T.);
#1848=FACE_BOUND('',#1580,.T.);
#1849=FACE_BOUND('',#1581,.T.);
#1850=FACE_BOUND('',#1582,.T.);
#1851=FACE_BOUND('',#1583,.T.);
#1852=FACE_BOUND('',#1584,.T.);
#1853=FACE_BOUND('',#1585,.T.);
#1854=FACE_BOUND('',#1586,.T.);
#1855=FACE_BOUND('',#1587,.T.);
#1856=FACE_BOUND('',#1588,.T.);
#1857=FACE_BOUND('',#1589,.T.);
#1858=FACE_BOUND('',#1590,.T.);
#1859=FACE_BOUND('',#1591,.T.);
#1860=FACE_BOUND('',#1592,.T.);
#1861=FACE_BOUND('',#1593,.T.);
#1862=FACE_BOUND('',#1594,.T.);
#1863=FACE_BOUND('',#1595,.T.);
#1864=FACE_BOUND('',#1596,.T.);
#1865=FACE_BOUND('',#1597,.T.);
#1866=FACE_BOUND('',#1598,.T.);
#1867=FACE_BOUND('',#1599,.T.);
#1868=FACE_BOUND('',#1600,.T.);
#1869=FACE_BOUND('',#1601,.T.);
#1870=FACE_BOUND('',#1602,.T.);
#1871=FACE_BOUND('',#1603,.T.);
#1872=FACE_BOUND('',#1604,.T.);
#1873=FACE_BOUND('',#1605,.T.);
#1874=FACE_BOUND('',#1606,.T.);
#1875=FACE_BOUND('',#1607,.T.);
#1876=FACE_BOUND('',#1608,.T.);
#1877=FACE_BOUND('',#1609,.T.);
#1878=FACE_BOUND('',#1610,.T.);
#1879=FACE_BOUND('',#1611,.T.);
#1880=FACE_BOUND('',#1612,.T.);
#1881=FACE_BOUND('',#1613,.T.);
#1882=FACE_BOUND('',#1614,.T.);
#1883=FACE_BOUND('',#1615,.T.);
#1884=FACE_BOUND('',#1616,.T.);
#1885=FACE_BOUND('',#1617,.T.);
#1886=FACE_BOUND('',#1618,.T.);
#1887=FACE_BOUND('',#1619,.T.);
#1888=FACE_BOUND('',#1620,.T.);
#1889=FACE_BOUND('',#1621,.T.);
#1890=FACE_BOUND('',#1622,.T.);
#1891=FACE_BOUND('',#1623,.T.);
#1892=FACE_BOUND('',#1624,.T.);
#1893=FACE_BOUND('',#1625,.T.);
#1894=FACE_BOUND('',#1626,.T.);
#1895=FACE_BOUND('',#1627,.T.);
#1896=FACE_BOUND('',#1628,.T.);
#1897=FACE_BOUND('',#1629,.T.);
#1898=FACE_BOUND('',#1630,.T.);
#1899=FACE_BOUND('',#1631,.T.);
#1900=FACE_BOUND('',#1632,.T.);
#1901=FACE_BOUND('',#1633,.T.);
#1902=FACE_BOUND('',#1634,.T.);
#1903=FACE_BOUND('',#1635,.T.);
#1904=FACE_BOUND('',#1636,.T.);
#1905=FACE_BOUND('',#1637,.T.);
#1906=FACE_BOUND('',#1638,.T.);
#1907=FACE_BOUND('',#1639,.T.);
#1908=FACE_BOUND('',#1640,.T.);
#1909=FACE_BOUND('',#1641,.T.);
#1910=FACE_BOUND('',#1642,.T.);
#1911=FACE_BOUND('',#1643,.T.);
#1912=FACE_BOUND('',#1644,.T.);
#1913=FACE_BOUND('',#1645,.T.);
#1914=FACE_BOUND('',#1646,.T.);
#1915=FACE_BOUND('',#1647,.T.);
#1916=FACE_BOUND('',#1648,.T.);
#1917=FACE_BOUND('',#1649,.T.);
#1918=FACE_BOUND('',#1650,.T.);
#1919=FACE_BOUND('',#1651,.T.);
#1920=FACE_BOUND('',#1652,.T.);
#1921=FACE_BOUND('',#1653,.T.);
#1922=FACE_BOUND('',#1654,.T.);
#1923=FACE_BOUND('',#1655,.T.);
#1924=FACE_BOUND('',#1656,.T.);
#1925=FACE_BOUND('',#1657,.T.);
#1926=FACE_BOUND('',#1658,.T.);
#1927=FACE_BOUND('',#1659,.T.);
#1928=FACE_BOUND('',#1660,.T.);
#1929=FACE_BOUND('',#1661,.T.);
#1930=FACE_BOUND('',#1662,.T.);
#1931=FACE_BOUND('',#1663,.T.);
#1932=FACE_BOUND('',#1664,.T.);
#1933=FACE_BOUND('',#1665,.T.);
#1934=FACE_BOUND('',#1666,.T.);
#1935=FACE_BOUND('',#1667,.T.);
#1936=FACE_BOUND('',#1668,.T.);
#1937=FACE_BOUND('',#1669,.T.);
#1938=FACE_BOUND('',#1670,.T.);
#1939=FACE_BOUND('',#1671,.T.);
#1940=FACE_BOUND('',#1672,.T.);
#1941=FACE_BOUND('',#1673,.T.);
#1942=FACE_BOUND('',#1674,.T.);
#1943=FACE_BOUND('',#1675,.T.);
#1944=FACE_BOUND('',#1676,.T.);
#1945=FACE_BOUND('',#1677,.T.);
#1946=FACE_BOUND('',#1678,.T.);
#1947=FACE_BOUND('',#1679,.T.);
#1948=FACE_BOUND('',#1680,.T.);
#1949=FACE_BOUND('',#1681,.T.);
#1950=FACE_BOUND('',#1682,.T.);
#1951=FACE_BOUND('',#1683,.T.);
#1952=FACE_BOUND('',#1684,.T.);
#1953=FACE_BOUND('',#1685,.T.);
#1954=FACE_BOUND('',#1686,.T.);
#1955=FACE_BOUND('',#1687,.T.);
#1956=FACE_BOUND('',#1688,.T.);
#1957=FACE_BOUND('',#1689,.T.);
#1958=FACE_BOUND('',#1690,.T.);
#1959=FACE_BOUND('',#1691,.T.);
#1960=FACE_BOUND('',#1692,.T.);
#1961=FACE_BOUND('',#1693,.T.);
#1962=FACE_BOUND('',#1694,.T.);
#1963=FACE_BOUND('',#1695,.T.);
#1964=FACE_BOUND('',#1696,.T.);
#1965=FACE_BOUND('',#1697,.T.);
#1966=FACE_BOUND('',#1698,.T.);
#1967=FACE_BOUND('',#1699,.T.);
#1968=FACE_BOUND('',#1700,.T.);
#1969=FACE_BOUND('',#1701,.T.);
#1970=FACE_BOUND('',#1702,.T.);
#1971=FACE_BOUND('',#1703,.T.);
#1972=FACE_BOUND('',#1704,.T.);
#1973=FACE_BOUND('',#1705,.T.);
#1974=FACE_BOUND('',#1706,.T.);
#1975=FACE_BOUND('',#1707,.T.);
#1976=FACE_BOUND('',#1708,.T.);
#1977=FACE_BOUND('',#1709,.T.);
#1978=FACE_BOUND('',#1710,.T.);
#1979=FACE_BOUND('',#1711,.T.);
#1980=FACE_BOUND('',#1712,.T.);
#1981=FACE_BOUND('',#1713,.T.);
#1982=FACE_BOUND('',#1714,.T.);
#1983=FACE_BOUND('',#1715,.T.);
#1984=FACE_BOUND('',#1716,.T.);
#1985=FACE_BOUND('',#1717,.T.);
#1986=FACE_BOUND('',#1718,.T.);
#1987=FACE_BOUND('',#1719,.T.);
#1988=FACE_BOUND('',#1720,.T.);
#1989=FACE_BOUND('',#1721,.T.);
#1990=FACE_BOUND('',#1722,.T.);
#1991=FACE_BOUND('',#1723,.T.);
#1992=FACE_BOUND('',#1724,.T.);
#1993=FACE_BOUND('',#1725,.T.);
#1994=FACE_BOUND('',#1726,.T.);
#1995=FACE_BOUND('',#1727,.T.);
#1996=FACE_BOUND('',#1728,.T.);
#1997=FACE_BOUND('',#1729,.T.);
#1998=FACE_BOUND('',#1730,.T.);
#1999=FACE_BOUND('',#1731,.T.);
#2000=FACE_BOUND('',#1732,.T.);
#2001=FACE_BOUND('',#1733,.T.);
#2002=FACE_BOUND('',#1734,.T.);
#2003=FACE_BOUND('',#1735,.T.);
#2004=FACE_BOUND('',#1736,.T.);
#2005=FACE_BOUND('',#1737,.T.);
#2006=FACE_BOUND('',#1738,.T.);
#2007=FACE_BOUND('',#1739,.T.);
#2008=FACE_BOUND('',#1740,.T.);
#2009=FACE_BOUND('',#1741,.T.);
#2010=FACE_BOUND('',#1742,.T.);
#2011=FACE_BOUND('',#1743,.T.);
#2012=FACE_BOUND('',#1744,.T.);
#2013=FACE_BOUND('',#1745,.T.);
#2014=FACE_BOUND('',#1746,.T.);
#2015=FACE_BOUND('',#1747,.T.);
#2016=FACE_BOUND('',#1748,.T.);
#2017=PLANE('',#2275);
#2018=PLANE('',#2285);
#2019=PLANE('',#2288);
#2020=PLANE('',#2292);
#2021=PLANE('',#2293);
#2022=PLANE('',#2296);
#2023=PLANE('',#2297);
#2024=PLANE('',#2301);
#2025=PLANE('',#2302);
#2026=PLANE('',#2305);
#2027=PLANE('',#2306);
#2028=PLANE('',#2307);
#2029=PLANE('',#2308);
#2030=PLANE('',#2313);
#2031=PLANE('',#2314);
#2032=PLANE('',#2315);
#2033=PLANE('',#2316);
#2034=PLANE('',#2317);
#2035=PLANE('',#2318);
#2036=PLANE('',#2321);
#2037=PLANE('',#2322);
#2038=PLANE('',#2323);
#2039=PLANE('',#2324);
#2040=PLANE('',#2325);
#2041=PLANE('',#2326);
#2042=PLANE('',#2327);
#2043=PLANE('',#2328);
#2044=PLANE('',#2329);
#2045=PLANE('',#2330);
#2046=PLANE('',#2331);
#2047=PLANE('',#2332);
#2048=PLANE('',#2333);
#2049=PLANE('',#2334);
#2050=PLANE('',#2335);
#2051=PLANE('',#2354);
#2052=PLANE('',#2355);
#2053=PLANE('',#2356);
#2054=PLANE('',#2357);
#2055=PLANE('',#2358);
#2056=PLANE('',#2359);
#2057=PLANE('',#2360);
#2058=PLANE('',#2361);
#2059=PLANE('',#2362);
#2060=PLANE('',#2363);
#2061=PLANE('',#2364);
#2062=PLANE('',#2365);
#2063=PLANE('',#2366);
#2064=PLANE('',#2367);
#2065=PLANE('',#2368);
#2066=PLANE('',#2369);
#2067=PLANE('',#2370);
#2068=PLANE('',#2371);
#2069=PLANE('',#2372);
#2070=PLANE('',#2373);
#2071=PLANE('',#2374);
#2072=PLANE('',#2375);
#2073=PLANE('',#2376);
#2074=PLANE('',#2377);
#2075=PLANE('',#2378);
#2076=PLANE('',#2379);
#2077=PLANE('',#2380);
#2078=PLANE('',#2381);
#2079=PLANE('',#2382);
#2080=PLANE('',#2383);
#2081=PLANE('',#2384);
#2082=PLANE('',#2385);
#2083=PLANE('',#2386);
#2084=PLANE('',#2387);
#2085=PLANE('',#2388);
#2086=PLANE('',#2389);
#2087=PLANE('',#2390);
#2088=PLANE('',#2391);
#2089=PLANE('',#2392);
#2090=PLANE('',#2393);
#2091=PLANE('',#2394);
#2092=PLANE('',#2395);
#2093=PLANE('',#2396);
#2094=PLANE('',#2397);
#2095=PLANE('',#2398);
#2096=PLANE('',#2399);
#2097=PLANE('',#2400);
#2098=PLANE('',#2401);
#2099=ADVANCED_FACE('',(#1749,#1750,#1751,#1752,#1753,#1754,#1755,#1756,
#1757,#1758,#1759,#1760,#1761,#1762,#1763,#1764,#1765,#1766,#1767,#1768,
#1769,#1770,#1771,#1772,#1773,#1774,#1775,#1776,#1777,#1778,#1779,#1780,
#1781,#1782,#1783,#1784,#1785,#1786,#1787,#1788,#1789,#1790,#1791,#1792,
#1793,#1794),#2017,.T.);
#2100=ADVANCED_FACE('',(#1795),#27,.T.);
#2101=ADVANCED_FACE('',(#1796),#28,.T.);
#2102=ADVANCED_FACE('',(#1797,#1798),#12,.F.);
#2103=ADVANCED_FACE('',(#1799,#1800),#2018,.F.);
#2104=ADVANCED_FACE('',(#1801),#29,.T.);
#2105=ADVANCED_FACE('',(#1802),#30,.T.);
#2106=ADVANCED_FACE('',(#1803),#13,.F.);
#2107=ADVANCED_FACE('',(#1804),#31,.T.);
#2108=ADVANCED_FACE('',(#1805),#32,.T.);
#2109=ADVANCED_FACE('',(#1806),#33,.T.);
#2110=ADVANCED_FACE('',(#1807),#34,.T.);
#2111=ADVANCED_FACE('',(#1808),#35,.T.);
#2112=ADVANCED_FACE('',(#1809),#2019,.T.);
#2113=ADVANCED_FACE('',(#1810),#14,.T.);
#2114=ADVANCED_FACE('',(#1811),#2020,.F.);
#2115=ADVANCED_FACE('',(#1812),#2021,.F.);
#2116=ADVANCED_FACE('',(#1813,#1814),#15,.F.);
#2117=ADVANCED_FACE('',(#1815,#1816),#2022,.T.);
#2118=ADVANCED_FACE('',(#1817),#2023,.T.);
#2119=ADVANCED_FACE('',(#1818),#16,.T.);
#2120=ADVANCED_FACE('',(#1819),#2024,.F.);
#2121=ADVANCED_FACE('',(#1820),#2025,.F.);
#2122=ADVANCED_FACE('',(#1821,#1822),#17,.F.);
#2123=ADVANCED_FACE('',(#1823,#1824),#2026,.T.);
#2124=ADVANCED_FACE('',(#1825),#2027,.T.);
#2125=ADVANCED_FACE('',(#1826),#2028,.T.);
#2126=ADVANCED_FACE('',(#1827),#2029,.T.);
#2127=ADVANCED_FACE('',(#1828),#18,.F.);
#2128=ADVANCED_FACE('',(#1829),#19,.F.);
#2129=ADVANCED_FACE('',(#1830),#2030,.T.);
#2130=ADVANCED_FACE('',(#1831),#2031,.T.);
#2131=ADVANCED_FACE('',(#1832),#2032,.T.);
#2132=ADVANCED_FACE('',(#1833),#2033,.T.);
#2133=ADVANCED_FACE('',(#1834),#2034,.T.);
#2134=ADVANCED_FACE('',(#1835),#2035,.T.);
#2135=ADVANCED_FACE('',(#1836),#36,.T.);
#2136=ADVANCED_FACE('',(#1837),#37,.T.);
#2137=ADVANCED_FACE('',(#1838),#20,.F.);
#2138=ADVANCED_FACE('',(#1839),#38,.T.);
#2139=ADVANCED_FACE('',(#1840),#39,.T.);
#2140=ADVANCED_FACE('',(#1841),#40,.T.);
#2141=ADVANCED_FACE('',(#1842),#41,.T.);
#2142=ADVANCED_FACE('',(#1843),#42,.T.);
#2143=ADVANCED_FACE('',(#1844),#2036,.T.);
#2144=ADVANCED_FACE('',(#1845),#2037,.F.);
#2145=ADVANCED_FACE('',(#1846,#1847),#43,.T.);
#2146=ADVANCED_FACE('',(#1848),#44,.F.);
#2147=ADVANCED_FACE('',(#1849,#1850),#2038,.T.);
#2148=ADVANCED_FACE('',(#1851),#2039,.T.);
#2149=ADVANCED_FACE('',(#1852),#2040,.T.);
#2150=ADVANCED_FACE('',(#1853),#2041,.T.);
#2151=ADVANCED_FACE('',(#1854),#45,.T.);
#2152=ADVANCED_FACE('',(#1855),#46,.T.);
#2153=ADVANCED_FACE('',(#1856),#47,.T.);
#2154=ADVANCED_FACE('',(#1857),#2042,.T.);
#2155=ADVANCED_FACE('',(#1858),#2043,.T.);
#2156=ADVANCED_FACE('',(#1859),#2044,.T.);
#2157=ADVANCED_FACE('',(#1860),#2045,.T.);
#2158=ADVANCED_FACE('',(#1861),#2046,.T.);
#2159=ADVANCED_FACE('',(#1862),#48,.T.);
#2160=ADVANCED_FACE('',(#1863),#49,.T.);
#2161=ADVANCED_FACE('',(#1864),#50,.T.);
#2162=ADVANCED_FACE('',(#1865),#2047,.T.);
#2163=ADVANCED_FACE('',(#1866),#2048,.T.);
#2164=ADVANCED_FACE('',(#1867),#2049,.T.);
#2165=ADVANCED_FACE('',(#1868),#51,.T.);
#2166=ADVANCED_FACE('',(#1869,#1870),#2050,.T.);
#2167=ADVANCED_FACE('',(#1871,#1872),#52,.F.);
#2168=ADVANCED_FACE('',(#1873,#1874),#21,.T.);
#2169=ADVANCED_FACE('',(#1875,#1876),#22,.T.);
#2170=ADVANCED_FACE('',(#1877,#1878),#23,.T.);
#2171=ADVANCED_FACE('',(#1879,#1880),#24,.T.);
#2172=ADVANCED_FACE('',(#1881,#1882),#25,.T.);
#2173=ADVANCED_FACE('',(#1883,#1884),#26,.T.);
#2174=ADVANCED_FACE('',(#1885,#1886),#53,.F.);
#2175=ADVANCED_FACE('',(#1887,#1888),#54,.F.);
#2176=ADVANCED_FACE('',(#1889,#1890,#1891,#1892,#1893,#1894,#1895,#1896,
#1897),#2051,.T.);
#2177=ADVANCED_FACE('',(#1898),#2052,.T.);
#2178=ADVANCED_FACE('',(#1899),#2053,.T.);
#2179=ADVANCED_FACE('',(#1900),#2054,.T.);
#2180=ADVANCED_FACE('',(#1901),#2055,.T.);
#2181=ADVANCED_FACE('',(#1902),#2056,.T.);
#2182=ADVANCED_FACE('',(#1903),#55,.T.);
#2183=ADVANCED_FACE('',(#1904),#2057,.F.);
#2184=ADVANCED_FACE('',(#1905),#2058,.T.);
#2185=ADVANCED_FACE('',(#1906),#56,.T.);
#2186=ADVANCED_FACE('',(#1907),#57,.F.);
#2187=ADVANCED_FACE('',(#1908),#58,.F.);
#2188=ADVANCED_FACE('',(#1909),#2059,.T.);
#2189=ADVANCED_FACE('',(#1910,#1911),#59,.F.);
#2190=ADVANCED_FACE('',(#1912),#2060,.T.);
#2191=ADVANCED_FACE('',(#1913,#1914),#60,.F.);
#2192=ADVANCED_FACE('',(#1915),#2061,.T.);
#2193=ADVANCED_FACE('',(#1916,#1917),#61,.T.);
#2194=ADVANCED_FACE('',(#1918),#2062,.T.);
#2195=ADVANCED_FACE('',(#1919,#1920),#62,.T.);
#2196=ADVANCED_FACE('',(#1921),#2063,.T.);
#2197=ADVANCED_FACE('',(#1922),#2064,.T.);
#2198=ADVANCED_FACE('',(#1923),#2065,.T.);
#2199=ADVANCED_FACE('',(#1924),#2066,.T.);
#2200=ADVANCED_FACE('',(#1925,#1926),#63,.T.);
#2201=ADVANCED_FACE('',(#1927),#2067,.T.);
#2202=ADVANCED_FACE('',(#1928,#1929),#64,.T.);
#2203=ADVANCED_FACE('',(#1930),#2068,.T.);
#2204=ADVANCED_FACE('',(#1931,#1932),#65,.T.);
#2205=ADVANCED_FACE('',(#1933),#2069,.T.);
#2206=ADVANCED_FACE('',(#1934,#1935),#66,.T.);
#2207=ADVANCED_FACE('',(#1936),#2070,.T.);
#2208=ADVANCED_FACE('',(#1937,#1938),#67,.T.);
#2209=ADVANCED_FACE('',(#1939),#2071,.T.);
#2210=ADVANCED_FACE('',(#1940,#1941),#68,.T.);
#2211=ADVANCED_FACE('',(#1942),#2072,.T.);
#2212=ADVANCED_FACE('',(#1943,#1944),#69,.T.);
#2213=ADVANCED_FACE('',(#1945),#2073,.T.);
#2214=ADVANCED_FACE('',(#1946,#1947),#70,.F.);
#2215=ADVANCED_FACE('',(#1948),#2074,.T.);
#2216=ADVANCED_FACE('',(#1949,#1950),#71,.T.);
#2217=ADVANCED_FACE('',(#1951),#2075,.T.);
#2218=ADVANCED_FACE('',(#1952,#1953),#72,.T.);
#2219=ADVANCED_FACE('',(#1954),#2076,.T.);
#2220=ADVANCED_FACE('',(#1955,#1956),#73,.T.);
#2221=ADVANCED_FACE('',(#1957),#2077,.T.);
#2222=ADVANCED_FACE('',(#1958,#1959),#74,.T.);
#2223=ADVANCED_FACE('',(#1960),#2078,.T.);
#2224=ADVANCED_FACE('',(#1961,#1962),#75,.T.);
#2225=ADVANCED_FACE('',(#1963),#2079,.T.);
#2226=ADVANCED_FACE('',(#1964,#1965),#76,.T.);
#2227=ADVANCED_FACE('',(#1966),#2080,.T.);
#2228=ADVANCED_FACE('',(#1967,#1968),#77,.T.);
#2229=ADVANCED_FACE('',(#1969),#2081,.T.);
#2230=ADVANCED_FACE('',(#1970,#1971),#78,.T.);
#2231=ADVANCED_FACE('',(#1972),#2082,.T.);
#2232=ADVANCED_FACE('',(#1973,#1974),#79,.F.);
#2233=ADVANCED_FACE('',(#1975),#2083,.T.);
#2234=ADVANCED_FACE('',(#1976,#1977),#80,.F.);
#2235=ADVANCED_FACE('',(#1978),#2084,.T.);
#2236=ADVANCED_FACE('',(#1979,#1980),#81,.F.);
#2237=ADVANCED_FACE('',(#1981),#2085,.T.);
#2238=ADVANCED_FACE('',(#1982,#1983),#82,.T.);
#2239=ADVANCED_FACE('',(#1984),#2086,.T.);
#2240=ADVANCED_FACE('',(#1985,#1986),#83,.F.);
#2241=ADVANCED_FACE('',(#1987),#2087,.T.);
#2242=ADVANCED_FACE('',(#1988,#1989),#84,.F.);
#2243=ADVANCED_FACE('',(#1990),#2088,.T.);
#2244=ADVANCED_FACE('',(#1991,#1992),#85,.T.);
#2245=ADVANCED_FACE('',(#1993),#2089,.T.);
#2246=ADVANCED_FACE('',(#1994,#1995),#86,.T.);
#2247=ADVANCED_FACE('',(#1996),#2090,.T.);
#2248=ADVANCED_FACE('',(#1997,#1998),#87,.T.);
#2249=ADVANCED_FACE('',(#1999),#2091,.T.);
#2250=ADVANCED_FACE('',(#2000,#2001),#88,.T.);
#2251=ADVANCED_FACE('',(#2002),#2092,.T.);
#2252=ADVANCED_FACE('',(#2003,#2004),#89,.T.);
#2253=ADVANCED_FACE('',(#2005),#2093,.T.);
#2254=ADVANCED_FACE('',(#2006,#2007),#90,.T.);
#2255=ADVANCED_FACE('',(#2008),#2094,.T.);
#2256=ADVANCED_FACE('',(#2009,#2010),#91,.T.);
#2257=ADVANCED_FACE('',(#2011),#2095,.T.);
#2258=ADVANCED_FACE('',(#2012,#2013),#92,.T.);
#2259=ADVANCED_FACE('',(#2014),#2096,.T.);
#2260=ADVANCED_FACE('',(#2015),#2097,.T.);
#2261=ADVANCED_FACE('',(#2016),#2098,.T.);
#2262=CLOSED_SHELL('',(#2099,#2100,#2101,#2102,#2103,#2104,#2105,#2106,
#2107,#2108,#2109,#2110,#2111,#2112,#2113,#2114,#2115,#2116,#2117,#2118,
#2119,#2120,#2121,#2122,#2123,#2124,#2125,#2126,#2127,#2128,#2129,#2130,
#2131,#2132,#2133,#2134,#2135,#2136,#2137,#2138,#2139,#2140,#2141,#2142,
#2143,#2144,#2145,#2146,#2147,#2148,#2149,#2150,#2151,#2152,#2153,#2154,
#2155,#2156,#2157,#2158,#2159,#2160,#2161,#2162,#2163,#2164,#2165,#2166,
#2167,#2168,#2169,#2170,#2171,#2172,#2173,#2174,#2175,#2176,#2177,#2178,
#2179,#2180,#2181,#2182,#2183,#2184,#2185,#2186,#2187,#2188,#2189,#2190,
#2191,#2192,#2193,#2194,#2195,#2196,#2197,#2198,#2199,#2200,#2201,#2202,
#2203,#2204,#2205,#2206,#2207,#2208,#2209,#2210,#2211,#2212,#2213,#2214,
#2215,#2216,#2217,#2218,#2219,#2220,#2221,#2222,#2223,#2224,#2225,#2226,
#2227,#2228,#2229,#2230,#2231,#2232,#2233,#2234,#2235,#2236,#2237,#2238,
#2239,#2240,#2241,#2242,#2243,#2244,#2245,#2246,#2247,#2248,#2249,#2250,
#2251,#2252,#2253,#2254,#2255,#2256,#2257,#2258,#2259,#2260,#2261));
#2263=STYLED_ITEM('',(#2264),#2271);
#2264=PRESENTATION_STYLE_ASSIGNMENT((#2265));
#2265=SURFACE_STYLE_USAGE(.BOTH.,#2266);
#2266=SURFACE_SIDE_STYLE('',(#2267));
#2267=SURFACE_STYLE_FILL_AREA(#2268);
#2268=FILL_AREA_STYLE('',(#2269));
#2269=FILL_AREA_STYLE_COLOUR('',#2270);
#2270=COLOUR_RGB('',0.615686274509804,0.811764705882353,0.929411764705882);
#2271=MANIFOLD_SOLID_BREP('Willie',#2262);
#2272=SHAPE_DEFINITION_REPRESENTATION(#6648,#2273);
#2273=SHAPE_REPRESENTATION('Willie',(#2274),#6643);
#2274=AXIS2_PLACEMENT_3D('',#2764,#2402,#2403);
#2275=AXIS2_PLACEMENT_3D('',#2765,#2404,#2405);
#2276=AXIS2_PLACEMENT_3D('',#3078,#2416,#2417);
#2277=AXIS2_PLACEMENT_3D('',#3080,#2418,#2419);
#2278=AXIS2_PLACEMENT_3D('',#3192,#2420,#2421);
#2279=AXIS2_PLACEMENT_3D('',#3223,#2422,#2423);
#2280=AXIS2_PLACEMENT_3D('',#3239,#2431,#2432);
#2281=AXIS2_PLACEMENT_3D('',#3241,#2433,#2434);
#2282=AXIS2_PLACEMENT_3D('',#3271,#2435,#2436);
#2283=AXIS2_PLACEMENT_3D('',#4222,#2439,#2440);
#2284=AXIS2_PLACEMENT_3D('',#4223,#2441,#2442);
#2285=AXIS2_PLACEMENT_3D('',#4225,#2443,#2444);
#2286=AXIS2_PLACEMENT_3D('',#4254,#2448,#2449);
#2287=AXIS2_PLACEMENT_3D('',#4257,#2451,#2452);
#2288=AXIS2_PLACEMENT_3D('',#4321,#2457,#2458);
#2289=AXIS2_PLACEMENT_3D('',#4322,#2459,#2460);
#2290=AXIS2_PLACEMENT_3D('',#4323,#2461,#2462);
#2291=AXIS2_PLACEMENT_3D('',#4328,#2464,#2465);
#2292=AXIS2_PLACEMENT_3D('',#4331,#2467,#2468);
#2293=AXIS2_PLACEMENT_3D('',#4337,#2472,#2473);
#2294=AXIS2_PLACEMENT_3D('',#4340,#2476,#2477);
#2295=AXIS2_PLACEMENT_3D('',#4341,#2478,#2479);
#2296=AXIS2_PLACEMENT_3D('',#4343,#2480,#2481);
#2297=AXIS2_PLACEMENT_3D('',#4344,#2482,#2483);
#2298=AXIS2_PLACEMENT_3D('',#4345,#2484,#2485);
#2299=AXIS2_PLACEMENT_3D('',#4346,#2486,#2487);
#2300=AXIS2_PLACEMENT_3D('',#4351,#2489,#2490);
#2301=AXIS2_PLACEMENT_3D('',#4354,#2492,#2493);
#2302=AXIS2_PLACEMENT_3D('',#4360,#2497,#2498);
#2303=AXIS2_PLACEMENT_3D('',#4363,#2501,#2502);
#2304=AXIS2_PLACEMENT_3D('',#4364,#2503,#2504);
#2305=AXIS2_PLACEMENT_3D('',#4366,#2505,#2506);
#2306=AXIS2_PLACEMENT_3D('',#4367,#2507,#2508);
#2307=AXIS2_PLACEMENT_3D('',#4368,#2509,#2510);
#2308=AXIS2_PLACEMENT_3D('',#4374,#2514,#2515);
#2309=AXIS2_PLACEMENT_3D('',#4378,#2518,#2519);
#2310=AXIS2_PLACEMENT_3D('',#4381,#2521,#2522);
#2311=AXIS2_PLACEMENT_3D('',#4382,#2523,#2524);
#2312=AXIS2_PLACEMENT_3D('',#4385,#2526,#2527);
#2313=AXIS2_PLACEMENT_3D('',#4386,#2528,#2529);
#2314=AXIS2_PLACEMENT_3D('',#4390,#2532,#2533);
#2315=AXIS2_PLACEMENT_3D('',#4394,#2536,#2537);
#2316=AXIS2_PLACEMENT_3D('',#4398,#2540,#2541);
#2317=AXIS2_PLACEMENT_3D('',#4402,#2544,#2545);
#2318=AXIS2_PLACEMENT_3D('',#4404,#2547,#2548);
#2319=AXIS2_PLACEMENT_3D('',#4433,#2552,#2553);
#2320=AXIS2_PLACEMENT_3D('',#4436,#2555,#2556);
#2321=AXIS2_PLACEMENT_3D('',#4500,#2561,#2562);
#2322=AXIS2_PLACEMENT_3D('',#4501,#2563,#2564);
#2323=AXIS2_PLACEMENT_3D('',#4723,#2568,#2569);
#2324=AXIS2_PLACEMENT_3D('',#4724,#2570,#2571);
#2325=AXIS2_PLACEMENT_3D('',#4733,#2576,#2577);
#2326=AXIS2_PLACEMENT_3D('',#4739,#2581,#2582);
#2327=AXIS2_PLACEMENT_3D('',#4796,#2589,#2590);
#2328=AXIS2_PLACEMENT_3D('',#4802,#2594,#2595);
#2329=AXIS2_PLACEMENT_3D('',#4806,#2598,#2599);
#2330=AXIS2_PLACEMENT_3D('',#4810,#2602,#2603);
#2331=AXIS2_PLACEMENT_3D('',#4814,#2606,#2607);
#2332=AXIS2_PLACEMENT_3D('',#4857,#2613,#2614);
#2333=AXIS2_PLACEMENT_3D('',#4861,#2617,#2618);
#2334=AXIS2_PLACEMENT_3D('',#4865,#2621,#2622);
#2335=AXIS2_PLACEMENT_3D('',#4881,#2624,#2625);
#2336=AXIS2_PLACEMENT_3D('',#4943,#2626,#2627);
#2337=AXIS2_PLACEMENT_3D('',#4944,#2628,#2629);
#2338=AXIS2_PLACEMENT_3D('',#4946,#2630,#2631);
#2339=AXIS2_PLACEMENT_3D('',#4948,#2632,#2633);
#2340=AXIS2_PLACEMENT_3D('',#4949,#2634,#2635);
#2341=AXIS2_PLACEMENT_3D('',#4951,#2636,#2637);
#2342=AXIS2_PLACEMENT_3D('',#4953,#2638,#2639);
#2343=AXIS2_PLACEMENT_3D('',#4954,#2640,#2641);
#2344=AXIS2_PLACEMENT_3D('',#4956,#2642,#2643);
#2345=AXIS2_PLACEMENT_3D('',#4958,#2644,#2645);
#2346=AXIS2_PLACEMENT_3D('',#4959,#2646,#2647);
#2347=AXIS2_PLACEMENT_3D('',#4961,#2648,#2649);
#2348=AXIS2_PLACEMENT_3D('',#4963,#2650,#2651);
#2349=AXIS2_PLACEMENT_3D('',#4964,#2652,#2653);
#2350=AXIS2_PLACEMENT_3D('',#4966,#2654,#2655);
#2351=AXIS2_PLACEMENT_3D('',#4968,#2656,#2657);
#2352=AXIS2_PLACEMENT_3D('',#4969,#2658,#2659);
#2353=AXIS2_PLACEMENT_3D('',#4971,#2660,#2661);
#2354=AXIS2_PLACEMENT_3D('',#5073,#2662,#2663);
#2355=AXIS2_PLACEMENT_3D('',#5074,#2664,#2665);
#2356=AXIS2_PLACEMENT_3D('',#5075,#2666,#2667);
#2357=AXIS2_PLACEMENT_3D('',#5076,#2668,#2669);
#2358=AXIS2_PLACEMENT_3D('',#5077,#2670,#2671);
#2359=AXIS2_PLACEMENT_3D('',#5078,#2672,#2673);
#2360=AXIS2_PLACEMENT_3D('',#5145,#2676,#2677);
#2361=AXIS2_PLACEMENT_3D('',#5147,#2679,#2680);
#2362=AXIS2_PLACEMENT_3D('',#5242,#2684,#2685);
#2363=AXIS2_PLACEMENT_3D('',#5274,#2686,#2687);
#2364=AXIS2_PLACEMENT_3D('',#5363,#2688,#2689);
#2365=AXIS2_PLACEMENT_3D('',#5485,#2690,#2691);
#2366=AXIS2_PLACEMENT_3D('',#5508,#2692,#2693);
#2367=AXIS2_PLACEMENT_3D('',#5509,#2694,#2695);
#2368=AXIS2_PLACEMENT_3D('',#5510,#2696,#2697);
#2369=AXIS2_PLACEMENT_3D('',#5511,#2698,#2699);
#2370=AXIS2_PLACEMENT_3D('',#5546,#2700,#2701);
#2371=AXIS2_PLACEMENT_3D('',#5581,#2702,#2703);
#2372=AXIS2_PLACEMENT_3D('',#5616,#2704,#2705);
#2373=AXIS2_PLACEMENT_3D('',#5648,#2706,#2707);
#2374=AXIS2_PLACEMENT_3D('',#5680,#2708,#2709);
#2375=AXIS2_PLACEMENT_3D('',#5706,#2710,#2711);
#2376=AXIS2_PLACEMENT_3D('',#5732,#2712,#2713);
#2377=AXIS2_PLACEMENT_3D('',#5761,#2714,#2715);
#2378=AXIS2_PLACEMENT_3D('',#5784,#2716,#2717);
#2379=AXIS2_PLACEMENT_3D('',#5807,#2718,#2719);
#2380=AXIS2_PLACEMENT_3D('',#5836,#2720,#2721);
#2381=AXIS2_PLACEMENT_3D('',#5868,#2722,#2723);
#2382=AXIS2_PLACEMENT_3D('',#5897,#2724,#2725);
#2383=AXIS2_PLACEMENT_3D('',#5926,#2726,#2727);
#2384=AXIS2_PLACEMENT_3D('',#5955,#2728,#2729);
#2385=AXIS2_PLACEMENT_3D('',#5984,#2730,#2731);
#2386=AXIS2_PLACEMENT_3D('',#6022,#2732,#2733);
#2387=AXIS2_PLACEMENT_3D('',#6069,#2734,#2735);
#2388=AXIS2_PLACEMENT_3D('',#6278,#2736,#2737);
#2389=AXIS2_PLACEMENT_3D('',#6301,#2738,#2739);
#2390=AXIS2_PLACEMENT_3D('',#6330,#2740,#2741);
#2391=AXIS2_PLACEMENT_3D('',#6359,#2742,#2743);
#2392=AXIS2_PLACEMENT_3D('',#6409,#2744,#2745);
#2393=AXIS2_PLACEMENT_3D('',#6435,#2746,#2747);
#2394=AXIS2_PLACEMENT_3D('',#6467,#2748,#2749);
#2395=AXIS2_PLACEMENT_3D('',#6496,#2750,#2751);
#2396=AXIS2_PLACEMENT_3D('',#6528,#2752,#2753);
#2397=AXIS2_PLACEMENT_3D('',#6554,#2754,#2755);
#2398=AXIS2_PLACEMENT_3D('',#6595,#2756,#2757);
#2399=AXIS2_PLACEMENT_3D('',#6639,#2758,#2759);
#2400=AXIS2_PLACEMENT_3D('',#6640,#2760,#2761);
#2401=AXIS2_PLACEMENT_3D('',#6641,#2762,#2763);
#2402=DIRECTION('',(0.,0.,1.));
#2403=DIRECTION('',(1.,0.,0.));
#2404=DIRECTION('',(0.,0.,1.));
#2405=DIRECTION('',(1.,0.,0.));
#2406=DIRECTION('',(-0.886035324092978,-0.463617735272769,0.));
#2407=DIRECTION('',(-0.939692620785908,-0.342020143325671,0.));
#2408=DIRECTION('',(0.342020143325666,-0.939692620785909,0.));
#2409=DIRECTION('',(-0.939692620785908,-0.342020143325669,0.));
#2410=DIRECTION('',(-0.342020143325671,0.939692620785907,0.));
#2411=DIRECTION('',(0.93969262078591,0.342020143325665,0.));
#2412=DIRECTION('',(0.778814664051304,-0.627254110435838,0.));
#2413=DIRECTION('',(-0.93969262078591,-0.342020143325664,0.));
#2414=DIRECTION('',(-0.768327205599199,0.640057267075476,0.));
#2415=DIRECTION('',(-0.670360114166424,-0.742035927253377,0.));
#2416=DIRECTION('',(0.,0.,1.));
#2417=DIRECTION('',(1.,0.,0.));
#2418=DIRECTION('',(0.,0.,1.));
#2419=DIRECTION('',(1.,0.,0.));
#2420=DIRECTION('',(0.,0.,1.));
#2421=DIRECTION('',(1.,0.,0.));
#2422=DIRECTION('',(0.,0.,1.));
#2423=DIRECTION('',(1.,0.,0.));
#2424=DIRECTION('',(-0.00763831346145368,0.99997082765822,0.));
#2425=DIRECTION('',(0.939692620785908,0.34202014332567,0.));
#2426=DIRECTION('',(0.0032855256524482,-0.999994602646028,0.));
#2427=DIRECTION('',(-0.939692620785908,-0.34202014332567,0.));
#2428=DIRECTION('',(-0.639075370962038,0.769144115383934,0.));
#2429=DIRECTION('',(0.939692620785911,0.342020143325662,0.));
#2430=DIRECTION('',(0.636825819594645,-0.771007701321854,0.));
#2431=DIRECTION('',(0.,0.,1.));
#2432=DIRECTION('',(1.,0.,0.));
#2433=DIRECTION('',(0.,0.,1.));
#2434=DIRECTION('',(1.,0.,0.));
#2435=DIRECTION('',(0.,0.,1.));
#2436=DIRECTION('',(1.,0.,0.));
#2437=DIRECTION('',(0.,0.,-1.));
#2438=DIRECTION('',(0.,0.,-1.));
#2439=DIRECTION('',(0.,0.,-1.));
#2440=DIRECTION('',(-1.,0.,0.));
#2441=DIRECTION('',(0.,0.,1.));
#2442=DIRECTION('',(1.,0.,0.));
#2443=DIRECTION('',(0.,0.,1.));
#2444=DIRECTION('',(1.,0.,0.));
#2445=DIRECTION('',(0.,0.,1.));
#2446=DIRECTION('',(0.,0.,1.));
#2447=DIRECTION('',(0.,0.,1.));
#2448=DIRECTION('',(0.,0.,1.));
#2449=DIRECTION('',(-0.0152940021405771,-0.999883039909431,0.));
#2450=DIRECTION('',(0.,0.,1.));
#2451=DIRECTION('',(0.,0.,1.));
#2452=DIRECTION('',(1.,0.,0.));
#2453=DIRECTION('',(0.,0.,1.));
#2454=DIRECTION('',(0.,0.,1.));
#2455=DIRECTION('',(0.,0.,1.));
#2456=DIRECTION('',(0.,0.,1.));
#2457=DIRECTION('',(0.,0.,1.));
#2458=DIRECTION('',(1.,0.,0.));
#2459=DIRECTION('',(0.,0.,1.));
#2460=DIRECTION('',(1.,0.,0.));
#2461=DIRECTION('',(0.,0.,1.));
#2462=DIRECTION('',(1.,0.,0.));
#2463=DIRECTION('',(0.,0.,1.));
#2464=DIRECTION('',(0.,0.,1.));
#2465=DIRECTION('',(1.,0.,0.));
#2466=DIRECTION('',(0.,0.,1.));
#2467=DIRECTION('',(-0.818388926670493,0.574664741134445,0.));
#2468=DIRECTION('',(-0.574664741134445,-0.818388926670493,0.));
#2469=DIRECTION('',(-0.574664741134445,-0.818388926670493,0.));
#2470=DIRECTION('',(0.,0.,1.));
#2471=DIRECTION('',(-0.574664741134445,-0.818388926670493,0.));
#2472=DIRECTION('',(-0.574664741134448,-0.818388926670491,0.));
#2473=DIRECTION('',(0.818388926670491,-0.574664741134448,0.));
#2474=DIRECTION('',(0.818388926670491,-0.574664741134448,0.));
#2475=DIRECTION('',(0.818388926670491,-0.574664741134448,0.));
#2476=DIRECTION('',(0.,0.,1.));
#2477=DIRECTION('',(1.,0.,0.));
#2478=DIRECTION('',(0.,0.,1.));
#2479=DIRECTION('',(1.,0.,0.));
#2480=DIRECTION('',(0.,0.,1.));
#2481=DIRECTION('',(1.,0.,0.));
#2482=DIRECTION('',(0.,0.,1.));
#2483=DIRECTION('',(1.,0.,0.));
#2484=DIRECTION('',(0.,0.,1.));
#2485=DIRECTION('',(1.,0.,0.));
#2486=DIRECTION('',(0.,0.,1.));
#2487=DIRECTION('',(1.,0.,0.));
#2488=DIRECTION('',(0.,0.,1.));
#2489=DIRECTION('',(0.,0.,1.));
#2490=DIRECTION('',(1.,0.,0.));
#2491=DIRECTION('',(0.,0.,1.));
#2492=DIRECTION('',(-0.914642047564797,0.404264671751658,0.));
#2493=DIRECTION('',(-0.404264671751658,-0.914642047564797,0.));
#2494=DIRECTION('',(-0.404264671751658,-0.914642047564797,0.));
#2495=DIRECTION('',(0.,0.,1.));
#2496=DIRECTION('',(-0.404264671751658,-0.914642047564797,0.));
#2497=DIRECTION('',(-0.404264671751658,-0.914642047564797,0.));
#2498=DIRECTION('',(0.914642047564797,-0.404264671751658,0.));
#2499=DIRECTION('',(0.914642047564797,-0.404264671751658,0.));
#2500=DIRECTION('',(0.914642047564797,-0.404264671751658,0.));
#2501=DIRECTION('',(0.,0.,1.));
#2502=DIRECTION('',(1.,0.,0.));
#2503=DIRECTION('',(0.,0.,1.));
#2504=DIRECTION('',(1.,0.,0.));
#2505=DIRECTION('',(0.,0.,1.));
#2506=DIRECTION('',(1.,0.,0.));
#2507=DIRECTION('',(0.,0.,1.));
#2508=DIRECTION('',(1.,0.,0.));
#2509=DIRECTION('',(0.34202014332567,-0.939692620785908,0.));
#2510=DIRECTION('',(0.939692620785908,0.34202014332567,0.));
#2511=DIRECTION('',(0.,0.,1.));
#2512=DIRECTION('',(0.939692620785908,0.34202014332567,0.));
#2513=DIRECTION('',(0.,0.,1.));
#2514=DIRECTION('',(0.99997082765822,0.00763831346145368,0.));
#2515=DIRECTION('',(-0.00763831346145368,0.99997082765822,0.));
#2516=DIRECTION('',(0.,0.,1.));
#2517=DIRECTION('',(-0.00763831346145368,0.99997082765822,0.));
#2518=DIRECTION('',(0.,0.,1.));
#2519=DIRECTION('',(-0.997832197240855,-0.065809620493413,0.));
#2520=DIRECTION('',(0.,0.,1.));
#2521=DIRECTION('',(0.,0.,1.));
#2522=DIRECTION('',(1.,0.,0.));
#2523=DIRECTION('',(0.,0.,1.));
#2524=DIRECTION('',(0.808031032569345,0.589139924300601,0.));
#2525=DIRECTION('',(0.,0.,1.));
#2526=DIRECTION('',(0.,0.,1.));
#2527=DIRECTION('',(1.,0.,0.));
#2528=DIRECTION('',(-0.771007701321854,-0.636825819594645,0.));
#2529=DIRECTION('',(0.636825819594645,-0.771007701321854,0.));
#2530=DIRECTION('',(0.,0.,1.));
#2531=DIRECTION('',(0.636825819594645,-0.771007701321854,0.));
#2532=DIRECTION('',(0.342020143325662,-0.939692620785911,0.));
#2533=DIRECTION('',(0.939692620785911,0.342020143325662,0.));
#2534=DIRECTION('',(0.,0.,1.));
#2535=DIRECTION('',(0.939692620785911,0.342020143325662,0.));
#2536=DIRECTION('',(0.769144115383934,0.639075370962038,0.));
#2537=DIRECTION('',(-0.639075370962038,0.769144115383934,0.));
#2538=DIRECTION('',(0.,0.,1.));
#2539=DIRECTION('',(-0.639075370962038,0.769144115383934,0.));
#2540=DIRECTION('',(-0.34202014332567,0.939692620785908,0.));
#2541=DIRECTION('',(-0.939692620785908,-0.34202014332567,0.));
#2542=DIRECTION('',(0.,0.,1.));
#2543=DIRECTION('',(-0.939692620785908,-0.34202014332567,0.));
#2544=DIRECTION('',(-0.999994602646028,-0.0032855256524482,0.));
#2545=DIRECTION('',(0.0032855256524482,-0.999994602646028,0.));
#2546=DIRECTION('',(0.0032855256524482,-0.999994602646028,0.));
#2547=DIRECTION('',(0.,0.,1.));
#2548=DIRECTION('',(1.,0.,0.));
#2549=DIRECTION('',(0.,0.,1.));
#2550=DIRECTION('',(0.,0.,1.));
#2551=DIRECTION('',(0.,0.,1.));
#2552=DIRECTION('',(0.,0.,1.));
#2553=DIRECTION('',(-0.015294002140537,-0.999883039909431,0.));
#2554=DIRECTION('',(0.,0.,1.));
#2555=DIRECTION('',(0.,0.,1.));
#2556=DIRECTION('',(1.,0.,0.));
#2557=DIRECTION('',(0.,0.,1.));
#2558=DIRECTION('',(0.,0.,1.));
#2559=DIRECTION('',(0.,0.,1.));
#2560=DIRECTION('',(0.,0.,1.));
#2561=DIRECTION('',(0.,0.,1.));
#2562=DIRECTION('',(1.,0.,0.));
#2563=DIRECTION('',(-0.742035927253377,0.670360114166424,0.));
#2564=DIRECTION('',(-0.670360114166424,-0.742035927253377,0.));
#2565=DIRECTION('',(0.,0.,1.));
#2566=DIRECTION('',(-0.670360114166424,-0.742035927253377,0.));
#2567=DIRECTION('',(0.,0.,1.));
#2568=DIRECTION('',(0.,0.,1.));
#2569=DIRECTION('',(1.,0.,0.));
#2570=DIRECTION('',(0.342020143325673,-0.939692620785907,0.));
#2571=DIRECTION('',(0.939692620785907,0.342020143325673,0.));
#2572=DIRECTION('',(0.939692620785907,0.342020143325673,0.));
#2573=DIRECTION('',(0.,0.,1.));
#2574=DIRECTION('',(0.939692620785907,0.342020143325673,0.));
#2575=DIRECTION('',(0.,0.,1.));
#2576=DIRECTION('',(-0.939692620785907,-0.342020143325672,0.));
#2577=DIRECTION('',(0.342020143325672,-0.939692620785907,0.));
#2578=DIRECTION('',(0.342020143325672,-0.939692620785907,0.));
#2579=DIRECTION('',(0.,0.,1.));
#2580=DIRECTION('',(0.342020143325672,-0.939692620785907,0.));
#2581=DIRECTION('',(-0.342020143325666,0.939692620785909,0.));
#2582=DIRECTION('',(-0.939692620785909,-0.342020143325666,0.));
#2583=DIRECTION('',(-0.939692620785909,-0.342020143325666,0.));
#2584=DIRECTION('',(0.,0.,1.));
#2585=DIRECTION('',(-0.939692620785909,-0.342020143325666,0.));
#2586=DIRECTION('',(0.,0.,1.));
#2587=DIRECTION('',(0.,0.,1.));
#2588=DIRECTION('',(0.,0.,1.));
#2589=DIRECTION('',(-0.939692620785909,-0.342020143325666,0.));
#2590=DIRECTION('',(0.342020143325666,-0.939692620785909,0.));
#2591=DIRECTION('',(0.,0.,1.));
#2592=DIRECTION('',(0.342020143325666,-0.939692620785909,0.));
#2593=DIRECTION('',(0.,0.,1.));
#2594=DIRECTION('',(-0.342020143325671,0.939692620785908,0.));
#2595=DIRECTION('',(-0.939692620785908,-0.342020143325671,0.));
#2596=DIRECTION('',(0.,0.,1.));
#2597=DIRECTION('',(-0.939692620785908,-0.342020143325671,0.));
#2598=DIRECTION('',(0.640057267075476,0.768327205599199,0.));
#2599=DIRECTION('',(-0.768327205599199,0.640057267075476,0.));
#2600=DIRECTION('',(0.,0.,1.));
#2601=DIRECTION('',(-0.768327205599199,0.640057267075476,0.));
#2602=DIRECTION('',(-0.342020143325664,0.93969262078591,0.));
#2603=DIRECTION('',(-0.93969262078591,-0.342020143325664,0.));
#2604=DIRECTION('',(0.,0.,1.));
#2605=DIRECTION('',(-0.93969262078591,-0.342020143325664,0.));
#2606=DIRECTION('',(-0.627254110435838,-0.778814664051304,0.));
#2607=DIRECTION('',(0.778814664051304,-0.627254110435838,0.));
#2608=DIRECTION('',(0.,0.,1.));
#2609=DIRECTION('',(0.778814664051304,-0.627254110435838,0.));
#2610=DIRECTION('',(0.,0.,1.));
#2611=DIRECTION('',(0.,0.,1.));
#2612=DIRECTION('',(0.,0.,1.));
#2613=DIRECTION('',(0.342020143325665,-0.93969262078591,0.));
#2614=DIRECTION('',(0.93969262078591,0.342020143325665,0.));
#2615=DIRECTION('',(0.,0.,1.));
#2616=DIRECTION('',(0.93969262078591,0.342020143325665,0.));
#2617=DIRECTION('',(0.939692620785908,0.342020143325671,0.));
#2618=DIRECTION('',(-0.342020143325671,0.939692620785908,0.));
#2619=DIRECTION('',(0.,0.,1.));
#2620=DIRECTION('',(-0.342020143325671,0.939692620785907,0.));
#2621=DIRECTION('',(-0.342020143325669,0.939692620785908,0.));
#2622=DIRECTION('',(-0.939692620785908,-0.342020143325669,0.));
#2623=DIRECTION('',(-0.939692620785908,-0.342020143325669,0.));
#2624=DIRECTION('',(0.,0.,1.));
#2625=DIRECTION('',(1.,0.,0.));
#2626=DIRECTION('',(0.,0.,1.));
#2627=DIRECTION('',(1.,0.,0.));
#2628=DIRECTION('',(0.,0.,1.));
#2629=DIRECTION('',(1.,0.,0.));
#2630=DIRECTION('',(0.,0.,1.));
#2631=DIRECTION('',(1.,0.,0.));
#2632=DIRECTION('',(0.,0.,1.));
#2633=DIRECTION('',(1.,0.,0.));
#2634=DIRECTION('',(0.,0.,1.));
#2635=DIRECTION('',(1.,0.,0.));
#2636=DIRECTION('',(0.,0.,1.));
#2637=DIRECTION('',(1.,0.,0.));
#2638=DIRECTION('',(0.,0.,1.));
#2639=DIRECTION('',(1.,0.,0.));
#2640=DIRECTION('',(0.,0.,1.));
#2641=DIRECTION('',(1.,0.,0.));
#2642=DIRECTION('',(0.,0.,1.));
#2643=DIRECTION('',(1.,0.,0.));
#2644=DIRECTION('',(0.,0.,1.));
#2645=DIRECTION('',(1.,0.,0.));
#2646=DIRECTION('',(0.,0.,1.));
#2647=DIRECTION('',(1.,0.,0.));
#2648=DIRECTION('',(0.,0.,1.));
#2649=DIRECTION('',(1.,0.,0.));
#2650=DIRECTION('',(0.,0.,1.));
#2651=DIRECTION('',(1.,0.,0.));
#2652=DIRECTION('',(0.,0.,1.));
#2653=DIRECTION('',(1.,0.,0.));
#2654=DIRECTION('',(0.,0.,1.));
#2655=DIRECTION('',(1.,0.,0.));
#2656=DIRECTION('',(0.,0.,1.));
#2657=DIRECTION('',(1.,0.,0.));
#2658=DIRECTION('',(0.,0.,1.));
#2659=DIRECTION('',(1.,0.,0.));
#2660=DIRECTION('',(0.,0.,1.));
#2661=DIRECTION('',(1.,0.,0.));
#2662=DIRECTION('',(0.,0.,1.));
#2663=DIRECTION('',(1.,0.,0.));
#2664=DIRECTION('',(0.,0.,1.));
#2665=DIRECTION('',(1.,0.,0.));
#2666=DIRECTION('',(0.,0.,1.));
#2667=DIRECTION('',(1.,0.,0.));
#2668=DIRECTION('',(0.,0.,1.));
#2669=DIRECTION('',(1.,0.,0.));
#2670=DIRECTION('',(0.,0.,1.));
#2671=DIRECTION('',(1.,0.,0.));
#2672=DIRECTION('',(0.,0.,1.));
#2673=DIRECTION('',(1.,0.,0.));
#2674=DIRECTION('',(0.,0.,1.));
#2675=DIRECTION('',(0.,0.,1.));
#2676=DIRECTION('',(-0.463617735272769,0.886035324092978,0.));
#2677=DIRECTION('',(-0.886035324092978,-0.463617735272769,0.));
#2678=DIRECTION('',(-0.886035324092978,-0.463617735272769,0.));
#2679=DIRECTION('',(0.,0.,1.));
#2680=DIRECTION('',(1.,0.,0.));
#2681=DIRECTION('',(0.,0.,1.));
#2682=DIRECTION('',(0.,0.,1.));
#2683=DIRECTION('',(0.,0.,1.));
#2684=DIRECTION('',(0.,0.,1.));
#2685=DIRECTION('',(1.,0.,0.));
#2686=DIRECTION('',(0.,0.,1.));
#2687=DIRECTION('',(1.,0.,0.));
#2688=DIRECTION('',(0.,0.,1.));
#2689=DIRECTION('',(1.,0.,0.));
#2690=DIRECTION('',(0.,0.,1.));
#2691=DIRECTION('',(1.,0.,0.));
#2692=DIRECTION('',(0.,0.,1.));
#2693=DIRECTION('',(1.,0.,0.));
#2694=DIRECTION('',(0.,0.,1.));
#2695=DIRECTION('',(1.,0.,0.));
#2696=DIRECTION('',(0.,0.,1.));
#2697=DIRECTION('',(1.,0.,0.));
#2698=DIRECTION('',(0.,0.,1.));
#2699=DIRECTION('',(1.,0.,0.));
#2700=DIRECTION('',(0.,0.,1.));
#2701=DIRECTION('',(1.,0.,0.));
#2702=DIRECTION('',(0.,0.,1.));
#2703=DIRECTION('',(1.,0.,0.));
#2704=DIRECTION('',(0.,0.,1.));
#2705=DIRECTION('',(1.,0.,0.));
#2706=DIRECTION('',(0.,0.,1.));
#2707=DIRECTION('',(1.,0.,0.));
#2708=DIRECTION('',(0.,0.,1.));
#2709=DIRECTION('',(1.,0.,0.));
#2710=DIRECTION('',(0.,0.,1.));
#2711=DIRECTION('',(1.,0.,0.));
#2712=DIRECTION('',(0.,0.,1.));
#2713=DIRECTION('',(1.,0.,0.));
#2714=DIRECTION('',(0.,0.,1.));
#2715=DIRECTION('',(1.,0.,0.));
#2716=DIRECTION('',(0.,0.,1.));
#2717=DIRECTION('',(1.,0.,0.));
#2718=DIRECTION('',(0.,0.,1.));
#2719=DIRECTION('',(1.,0.,0.));
#2720=DIRECTION('',(0.,0.,1.));
#2721=DIRECTION('',(1.,0.,0.));
#2722=DIRECTION('',(0.,0.,1.));
#2723=DIRECTION('',(1.,0.,0.));
#2724=DIRECTION('',(0.,0.,1.));
#2725=DIRECTION('',(1.,0.,0.));
#2726=DIRECTION('',(0.,0.,1.));
#2727=DIRECTION('',(1.,0.,0.));
#2728=DIRECTION('',(0.,0.,1.));
#2729=DIRECTION('',(1.,0.,0.));
#2730=DIRECTION('',(0.,0.,1.));
#2731=DIRECTION('',(1.,0.,0.));
#2732=DIRECTION('',(0.,0.,1.));
#2733=DIRECTION('',(1.,0.,0.));
#2734=DIRECTION('',(0.,0.,1.));
#2735=DIRECTION('',(1.,0.,0.));
#2736=DIRECTION('',(0.,0.,1.));
#2737=DIRECTION('',(1.,0.,0.));
#2738=DIRECTION('',(0.,0.,1.));
#2739=DIRECTION('',(1.,0.,0.));
#2740=DIRECTION('',(0.,0.,1.));
#2741=DIRECTION('',(1.,0.,0.));
#2742=DIRECTION('',(0.,0.,1.));
#2743=DIRECTION('',(1.,0.,0.));
#2744=DIRECTION('',(0.,0.,1.));
#2745=DIRECTION('',(1.,0.,0.));
#2746=DIRECTION('',(0.,0.,1.));
#2747=DIRECTION('',(1.,0.,0.));
#2748=DIRECTION('',(0.,0.,1.));
#2749=DIRECTION('',(1.,0.,0.));
#2750=DIRECTION('',(0.,0.,1.));
#2751=DIRECTION('',(1.,0.,0.));
#2752=DIRECTION('',(0.,0.,1.));
#2753=DIRECTION('',(1.,0.,0.));
#2754=DIRECTION('',(0.,0.,1.));
#2755=DIRECTION('',(1.,0.,0.));
#2756=DIRECTION('',(0.,0.,1.));
#2757=DIRECTION('',(1.,0.,0.));
#2758=DIRECTION('',(0.,0.,1.));
#2759=DIRECTION('',(1.,0.,0.));
#2760=DIRECTION('',(0.,0.,1.));
#2761=DIRECTION('',(1.,0.,0.));
#2762=DIRECTION('',(0.,0.,1.));
#2763=DIRECTION('',(1.,0.,0.));
#2764=CARTESIAN_POINT('',(0.,0.,0.));
#2765=CARTESIAN_POINT('',(0.0532380966764635,0.0334726013243199,0.007));
#2766=CARTESIAN_POINT('',(0.0678834766149521,0.0185858551412821,0.007));
#2767=CARTESIAN_POINT('',(0.0680502965377482,0.0187103425309827,0.007));
#2768=CARTESIAN_POINT('',(0.0684975820672076,0.0188952436037227,0.007));
#2769=CARTESIAN_POINT('',(0.0687068055695659,0.01836070999505,0.007));
#2770=CARTESIAN_POINT('',(0.0690383555423631,0.0189747086834264,0.007));
#2771=CARTESIAN_POINT('',(0.0693762645405017,0.0185244630915468,0.007));
#2772=CARTESIAN_POINT('',(0.0691866646626925,0.0180846950971029,0.007));
#2773=CARTESIAN_POINT('',(0.0687143238068092,0.0178867655857129,0.007));
#2774=CARTESIAN_POINT('',(0.0682844133013104,0.0179710470196317,0.007));
#2775=CARTESIAN_POINT('',(0.067749361420517,0.0177519831868048,0.007));
#2776=CARTESIAN_POINT('',(0.067596221910441,0.0182526906628336,0.007));
#2777=CARTESIAN_POINT('',(0.0677420074619162,0.0184802854629763,0.007));
#2778=CARTESIAN_POINT('',(0.0678834766149521,0.0185858551412821,0.007));
#2779=CARTESIAN_POINT('',(0.0678834766149521,0.0185858551412821,0.007));
#2780=CARTESIAN_POINT('',(0.0669478699564934,0.0220731198787689,0.007));
#2781=CARTESIAN_POINT('',(0.0669452088708919,0.0222507487735813,0.007));
#2782=CARTESIAN_POINT('',(0.0672635437957862,0.0224499810316431,0.007));
#2783=CARTESIAN_POINT('',(0.0677795691845124,0.0230946764568511,0.007));
#2784=CARTESIAN_POINT('',(0.0683212514905936,0.0225097628178157,0.007));
#2785=CARTESIAN_POINT('',(0.0688598359736269,0.0220423658048924,0.007));
#2786=CARTESIAN_POINT('',(0.0679150507260071,0.0215173983451196,0.007));
#2787=CARTESIAN_POINT('',(0.0674068285314999,0.0211801506234354,0.007));
#2788=CARTESIAN_POINT('',(0.0669512881212173,0.021844955545439,0.007));
#2789=CARTESIAN_POINT('',(0.0669478699564934,0.0220731198787689,0.007));
#2790=CARTESIAN_POINT('',(0.0669478699564934,0.0220731198787689,0.007));
#2791=CARTESIAN_POINT('',(0.067585788667202,0.0201593767851591,0.007));
#2792=CARTESIAN_POINT('',(0.067671134415806,0.0204734996709075,0.007));
#2793=CARTESIAN_POINT('',(0.0686651469459536,0.0213186594817452,0.007));
#2794=CARTESIAN_POINT('',(0.0691792421262601,0.0205092220608884,0.007));
#2795=CARTESIAN_POINT('',(0.0694582272602006,0.0199730217300421,0.007));
#2796=CARTESIAN_POINT('',(0.068661501741857,0.0195549718437048,0.007));
#2797=CARTESIAN_POINT('',(0.0679266655526307,0.0191765920235762,0.007));
#2798=CARTESIAN_POINT('',(0.0677896559584147,0.0197149438105486,0.007));
#2799=CARTESIAN_POINT('',(0.0675323111223161,0.0199625477573859,0.007));
#2800=CARTESIAN_POINT('',(0.067585788667202,0.0201593767851591,0.007));
#2801=CARTESIAN_POINT('',(0.067585788667202,0.0201593767851591,0.007));
#2802=CARTESIAN_POINT('',(0.0544481103503481,0.049640334102492,0.007));
#2803=CARTESIAN_POINT('',(0.0546261845123573,0.0496044270595466,0.007));
#2804=CARTESIAN_POINT('',(0.0553123272931017,0.0490603035435593,0.007));
#2805=CARTESIAN_POINT('',(0.0564489048841253,0.050690263898088,0.007));
#2806=CARTESIAN_POINT('',(0.056042789794815,0.048992775360096,0.007));
#2807=CARTESIAN_POINT('',(0.0568099712310448,0.0485197460880186,0.007));
#2808=CARTESIAN_POINT('',(0.057227829662954,0.0479122492536368,0.007));
#2809=CARTESIAN_POINT('',(0.0554078213135459,0.0484183986491492,0.007));
#2810=CARTESIAN_POINT('',(0.0551186397464175,0.0480254791964123,0.007));
#2811=CARTESIAN_POINT('',(0.0542577551297588,0.0480967289522281,0.007));
#2812=CARTESIAN_POINT('',(0.0542494164863206,0.0482021919254901,0.007));
#2813=CARTESIAN_POINT('',(0.0537957780697282,0.0484690168704557,0.007));
#2814=CARTESIAN_POINT('',(0.0551587042330749,0.0487625066842607,0.007));
#2815=CARTESIAN_POINT('',(0.0542144474800765,0.0495949012284153,0.007));
#2816=CARTESIAN_POINT('',(0.0543824202404602,0.0496535799185622,0.007));
#2817=CARTESIAN_POINT('',(0.0544481103503481,0.049640334102492,0.007));
#2818=CARTESIAN_POINT('',(0.0544481103503481,0.049640334102492,0.007));
#2819=CARTESIAN_POINT('',(0.0498653594500811,0.0465837692232096,0.007));
#2820=CARTESIAN_POINT('',(0.0497612428627249,0.0467366304913092,0.007));
#2821=CARTESIAN_POINT('',(0.0486176983562136,0.04646063089784,0.007));
#2822=CARTESIAN_POINT('',(0.0486803814532939,0.0462191176880532,0.007));
#2823=CARTESIAN_POINT('',(0.0488967670471104,0.0460020716326301,0.007));
#2824=CARTESIAN_POINT('',(0.0498279607482477,0.0462908669113567,0.007));
#2825=CARTESIAN_POINT('',(0.0497620385432437,0.0463124327995192,0.007));
#2826=CARTESIAN_POINT('',(0.049916821604962,0.0465082138246513,0.007));
#2827=CARTESIAN_POINT('',(0.0498653594500811,0.0465837692232096,0.007));
#2828=CARTESIAN_POINT('',(0.0498653594500811,0.0465837692232096,0.007));
#2829=CARTESIAN_POINT('',(0.0498956060950976,0.0453406948833417,0.007));
#2830=CARTESIAN_POINT('',(0.0497458620322189,0.0453105782495561,0.007));
#2831=CARTESIAN_POINT('',(0.0492880391209221,0.0451259298446877,0.007));
#2832=CARTESIAN_POINT('',(0.0497216476293844,0.0447448811748188,0.007));
#2833=CARTESIAN_POINT('',(0.0500493513339478,0.0451607968273219,0.007));
#2834=CARTESIAN_POINT('',(0.0501218274029485,0.0450214835155151,0.007));
#2835=CARTESIAN_POINT('',(0.050092434373176,0.0453408995015145,0.007));
#2836=CARTESIAN_POINT('',(0.049985744837173,0.0453588236520742,0.007));
#2837=CARTESIAN_POINT('',(0.0498956060950976,0.0453406948833417,0.007));
#2838=CARTESIAN_POINT('',(0.0498956060950976,0.0453406948833417,0.007));
#2839=CARTESIAN_POINT('',(0.0452123047071507,0.0267124928399616,0.007));
#2840=CARTESIAN_POINT('',(0.0452238691080872,0.0269131672830849,0.007));
#2841=CARTESIAN_POINT('',(0.0460513753264802,0.0273998253444386,0.007));
#2842=CARTESIAN_POINT('',(0.0468508778343529,0.0274495398466104,0.007));
#2843=CARTESIAN_POINT('',(0.0469063543575887,0.0266769804242794,0.007));
#2844=CARTESIAN_POINT('',(0.0467877886816568,0.0262431905882165,0.007));
#2845=CARTESIAN_POINT('',(0.045815243924788,0.0262919476983496,0.007));
#2846=CARTESIAN_POINT('',(0.0452029339764556,0.0265498846621385,0.007));
#2847=CARTESIAN_POINT('',(0.0452123047071507,0.0267124928399616,0.007));
#2848=CARTESIAN_POINT('',(0.0452123047071507,0.0267124928399616,0.007));
#2849=CARTESIAN_POINT('',(0.0443962660030615,0.0314451879197154,0.007));
#2850=CARTESIAN_POINT('',(0.0444197337901054,0.0315458597353808,0.007));
#2851=CARTESIAN_POINT('',(0.0451980932413705,0.0314389234292919,0.007));
#2852=CARTESIAN_POINT('',(0.0452861748511782,0.0321667878050681,0.007));
#2853=CARTESIAN_POINT('',(0.046270786620683,0.0322651222564573,0.007));
#2854=CARTESIAN_POINT('',(0.0458123704043589,0.0313499526952544,0.007));
#2855=CARTESIAN_POINT('',(0.0453773080915439,0.030636330324116,0.007));
#2856=CARTESIAN_POINT('',(0.0443669566197568,0.0313194568983878,0.007));
#2857=CARTESIAN_POINT('',(0.0443962660030615,0.0314451879197154,0.007));
#2858=CARTESIAN_POINT('',(0.0443962660030615,0.0314451879197154,0.007));
#2859=CARTESIAN_POINT('',(0.0562479205367665,0.0470012321377454,0.007));
#2860=CARTESIAN_POINT('',(0.0563224497495599,0.0475507586643934,0.007));
#2861=CARTESIAN_POINT('',(0.0594260144537354,0.0486679062886356,0.007));
#2862=CARTESIAN_POINT('',(0.0612881468824739,0.0486135410372001,0.007));
#2863=CARTESIAN_POINT('',(0.0616560721411354,0.0472409051582652,0.007));
#2864=CARTESIAN_POINT('',(0.0612294088611074,0.0460372274200463,0.007));
#2865=CARTESIAN_POINT('',(0.0597931606421918,0.0458727744511613,0.007));
#2866=CARTESIAN_POINT('',(0.057964176644478,0.0458761632915201,0.007));
#2867=CARTESIAN_POINT('',(0.0561938467008042,0.0466025293184734,0.007));
#2868=CARTESIAN_POINT('',(0.0562479205367665,0.0470012321377454,0.007));
#2869=CARTESIAN_POINT('',(0.0562479205367665,0.0470012321377454,0.007));
#2870=CARTESIAN_POINT('',(0.0403678915663961,0.0294163952618093,0.007));
#2871=CARTESIAN_POINT('',(0.0403233905494831,0.0297507250078201,0.007));
#2872=CARTESIAN_POINT('',(0.0410533517815917,0.0302283386467376,0.007));
#2873=CARTESIAN_POINT('',(0.0418368159953095,0.0292275997792155,0.007));
#2874=CARTESIAN_POINT('',(0.0420687490547943,0.0275274964360277,0.007));
#2875=CARTESIAN_POINT('',(0.040436578664373,0.0289003589639027,0.007));
#2876=CARTESIAN_POINT('',(0.0403678915663961,0.0294163952618093,0.007));
#2877=CARTESIAN_POINT('',(0.0403678915663961,0.0294163952618093,0.007));
#2878=CARTESIAN_POINT('',(0.066486269235611,0.0248518195003271,0.007));
#2879=CARTESIAN_POINT('',(0.066523959294,0.0252254314415197,0.007));
#2880=CARTESIAN_POINT('',(0.0673259488889535,0.0260788764783554,0.007));
#2881=CARTESIAN_POINT('',(0.0672032406598784,0.025269456029951,0.007));
#2882=CARTESIAN_POINT('',(0.0671878297207422,0.024707581899401,0.007));
#2883=CARTESIAN_POINT('',(0.0668352118389161,0.0242487822513964,0.007));
#2884=CARTESIAN_POINT('',(0.0664598215276527,0.0245896501131538,0.007));
#2885=CARTESIAN_POINT('',(0.066486269235611,0.0248518195003271,0.007));
#2886=CARTESIAN_POINT('',(0.066486269235611,0.0248518195003271,0.007));
#2887=CARTESIAN_POINT('',(0.0380383767187596,0.00737253436818719,0.007));
#2888=CARTESIAN_POINT('',(0.038208541279225,0.00761134766115738,0.007));
#2889=CARTESIAN_POINT('',(0.0384285196312532,0.0085317501046318,0.007));
#2890=CARTESIAN_POINT('',(0.0390349697510195,0.00841556805698515,0.007));
#2891=CARTESIAN_POINT('',(0.0396390118843221,0.00819560988588742,0.007));
#2892=CARTESIAN_POINT('',(0.0389502485464961,0.0076047917226167,0.007));
#2893=CARTESIAN_POINT('',(0.0384886523107975,0.00724802184362106,0.007));
#2894=CARTESIAN_POINT('',(0.0377532314573427,0.0071536823135077,0.007));
#2895=CARTESIAN_POINT('',(0.0379621421574496,0.00726554483655524,0.007));
#2896=CARTESIAN_POINT('',(0.0380383767187596,0.00737253436818719,0.007));
#2897=CARTESIAN_POINT('',(0.0380383767187596,0.00737253436818719,0.007));
#2898=CARTESIAN_POINT('',(0.0341116599738598,0.00893188081681728,0.007));
#2899=CARTESIAN_POINT('',(0.0342885683457929,0.00907801908620604,0.007));
#2900=CARTESIAN_POINT('',(0.0346642664323216,0.00935748953847476,0.007));
#2901=CARTESIAN_POINT('',(0.0349506752167654,0.010232733059877,0.007));
#2902=CARTESIAN_POINT('',(0.035647459084101,0.00969720635905901,0.007));
#2903=CARTESIAN_POINT('',(0.035463569716891,0.00880562363438198,0.007));
#2904=CARTESIAN_POINT('',(0.0348725346845984,0.00866620762049565,0.007));
#2905=CARTESIAN_POINT('',(0.0342430038551725,0.0087323879066394,0.007));
#2906=CARTESIAN_POINT('',(0.0337782557940133,0.00864330122047262,0.007));
#2907=CARTESIAN_POINT('',(0.0339951722609354,0.00883565409455531,0.007));
#2908=CARTESIAN_POINT('',(0.0341116599738598,0.00893188081681728,0.007));
#2909=CARTESIAN_POINT('',(0.0341116599738598,0.00893188081681728,0.007));
#2910=CARTESIAN_POINT('',(0.0465595840741726,0.0259676145104479,0.007));
#2911=CARTESIAN_POINT('',(0.0467806804977438,0.0259588087599673,0.007));
#2912=CARTESIAN_POINT('',(0.0471959886441021,0.0260060584765804,0.007));
#2913=CARTESIAN_POINT('',(0.0475445511653962,0.0266413303954677,0.007));
#2914=CARTESIAN_POINT('',(0.0484406964810071,0.0263146606095847,0.007));
#2915=CARTESIAN_POINT('',(0.0484060607800266,0.0254987771959923,0.007));
#2916=CARTESIAN_POINT('',(0.0473979592248377,0.0256070031992275,0.007));
#2917=CARTESIAN_POINT('',(0.0466991539693318,0.0255296255272414,0.007));
#2918=CARTESIAN_POINT('',(0.0459923115274937,0.026032542952942,0.007));
#2919=CARTESIAN_POINT('',(0.0463879798942938,0.0259744491012796,0.007));
#2920=CARTESIAN_POINT('',(0.0465595840741726,0.0259676145104479,0.007));
#2921=CARTESIAN_POINT('',(0.0465595840741726,0.0259676145104479,0.007));
#2922=CARTESIAN_POINT('',(0.0493829473853111,0.0518948547542095,0.007));
#2923=CARTESIAN_POINT('',(0.049548174419543,0.0520554772913124,0.007));
#2924=CARTESIAN_POINT('',(0.0506244215230648,0.0519707671208048,0.007));
#2925=CARTESIAN_POINT('',(0.0545452952073698,0.0534331371636664,0.007));
#2926=CARTESIAN_POINT('',(0.0595875245803522,0.0535443461383049,0.007));
#2927=CARTESIAN_POINT('',(0.0603998888214558,0.0539360584227975,0.007));
#2928=CARTESIAN_POINT('',(0.0600898417491532,0.0489651362361007,0.007));
#2929=CARTESIAN_POINT('',(0.0610490033192987,0.0501335810590528,0.007));
#2930=CARTESIAN_POINT('',(0.0618312730814519,0.0499149799265087,0.007));
#2931=CARTESIAN_POINT('',(0.061035592637086,0.0566787316354997,0.007));
#2932=CARTESIAN_POINT('',(0.0587865282815179,0.0593677410148965,0.007));
#2933=CARTESIAN_POINT('',(0.0530610360451744,0.0603831295601928,0.007));
#2934=CARTESIAN_POINT('',(0.0486171346724008,0.0567996136529711,0.007));
#2935=CARTESIAN_POINT('',(0.0475527473593068,0.0533382676584455,0.007));
#2936=CARTESIAN_POINT('',(0.0482119943593154,0.0481503336369753,0.007));
#2937=CARTESIAN_POINT('',(0.0490576208390786,0.0486115579017841,0.007));
#2938=CARTESIAN_POINT('',(0.0497283641397327,0.0482422102324441,0.007));
#2939=CARTESIAN_POINT('',(0.0492750470368187,0.0507935865164407,0.007));
#2940=CARTESIAN_POINT('',(0.0492057543955722,0.0517225997252367,0.007));
#2941=CARTESIAN_POINT('',(0.0493829473853111,0.0518948547542095,0.007));
#2942=CARTESIAN_POINT('',(0.0493829473853111,0.0518948547542095,0.007));
#2943=CARTESIAN_POINT('',(0.061930627437967,0.0474682744122277,0.007));
#2944=CARTESIAN_POINT('',(0.0620060560862286,0.047607125393823,0.007));
#2945=CARTESIAN_POINT('',(0.0630575674105524,0.0475286689736238,0.007));
#2946=CARTESIAN_POINT('',(0.0630772903968273,0.0472549731962827,0.007));
#2947=CARTESIAN_POINT('',(0.0626553729167645,0.0468689559060773,0.007));
#2948=CARTESIAN_POINT('',(0.0618649920669498,0.04734745114543,0.007));
#2949=CARTESIAN_POINT('',(0.061930627437967,0.0474682744122277,0.007));
#2950=CARTESIAN_POINT('',(0.061930627437967,0.0474682744122277,0.007));
#2951=CARTESIAN_POINT('',(0.0485619157552719,0.0273738075047732,0.007));
#2952=CARTESIAN_POINT('',(0.0485241542784439,0.0272051050739347,0.007));
#2953=CARTESIAN_POINT('',(0.0484403278501631,0.026830604342231,0.007));
#2954=CARTESIAN_POINT('',(0.0495767615846753,0.0268418385861991,0.007));
#2955=CARTESIAN_POINT('',(0.051930918586871,0.0305749894345791,0.007));
#2956=CARTESIAN_POINT('',(0.0588950999110336,0.0320536060534274,0.007));
#2957=CARTESIAN_POINT('',(0.0617008307813305,0.032556485045732,0.007));
#2958=CARTESIAN_POINT('',(0.0635705555117845,0.0354212723796168,0.007));
#2959=CARTESIAN_POINT('',(0.0643150955438614,0.0360327772796154,0.007));
#2960=CARTESIAN_POINT('',(0.0485619157552719,0.0273738075047732,0.007));
#2961=CARTESIAN_POINT('',(0.0643150955438614,0.0360327772796154,0.007));
#2962=CARTESIAN_POINT('',(0.0485619157552719,0.0273738075047732,0.007));
#2963=CARTESIAN_POINT('',(0.0493165897139784,0.0283641037004772,0.007));
#2964=CARTESIAN_POINT('',(0.0511731506146534,0.0308005555190066,0.007));
#2965=CARTESIAN_POINT('',(0.0596304600491451,0.032551993655099,0.007));
#2966=CARTESIAN_POINT('',(0.0629723682021704,0.0352385578636689,0.007));
#2967=CARTESIAN_POINT('',(0.0638677626848221,0.0361949354410172,0.007));
#2968=CARTESIAN_POINT('',(0.0638677626848221,0.0361949354410172,0.007));
#2969=CARTESIAN_POINT('',(0.0643150955438614,0.0360327772796154,0.007));
#2970=CARTESIAN_POINT('',(0.0640745295350187,0.0358790693241833,0.007));
#2971=CARTESIAN_POINT('',(0.0636304856500222,0.0355953506142406,0.007));
#2972=CARTESIAN_POINT('',(0.0637932005156444,0.0360065213143478,0.007));
#2973=CARTESIAN_POINT('',(0.0638677626848221,0.0361949354410172,0.007));
#2974=CARTESIAN_POINT('',(0.048244750137569,0.035841924343883,0.007));
#2975=CARTESIAN_POINT('',(0.0485619157552719,0.0360078811645508,0.007));
#2976=CARTESIAN_POINT('',(0.0479275845198661,0.0356759675232153,0.007));
#2977=CARTESIAN_POINT('',(0.0485619157552719,0.0360078811645508,0.007));
#2978=CARTESIAN_POINT('',(0.0491929380168214,0.0356772933616143,0.007));
#2979=CARTESIAN_POINT('',(0.050761275172053,0.0348556915190986,0.007));
#2980=CARTESIAN_POINT('',(0.056392505245429,0.0364832270207252,0.007));
#2981=CARTESIAN_POINT('',(0.0582728840956486,0.0398671527260083,0.007));
#2982=CARTESIAN_POINT('',(0.0587323961352172,0.0387277730471782,0.007));
#2983=CARTESIAN_POINT('',(0.0568055406660208,0.0366112971468035,0.007));
#2984=CARTESIAN_POINT('',(0.0539894921751986,0.0355308872059626,0.007));
#2985=CARTESIAN_POINT('',(0.0505153313202959,0.0341807527949093,0.007));
#2986=CARTESIAN_POINT('',(0.0482682021084459,0.035592927584888,0.007));
#2987=CARTESIAN_POINT('',(0.0481366730702286,0.0356780792890867,0.007));
#2988=CARTESIAN_POINT('',(0.0479275845198661,0.0356759675232153,0.007));
#2989=CARTESIAN_POINT('',(0.0649611391189603,0.0305300728972561,0.007));
#2990=CARTESIAN_POINT('',(0.0653983108111825,0.0306891903804889,0.007));
#2991=CARTESIAN_POINT('',(0.0645239674267381,0.0303709554140235,0.007));
#2992=CARTESIAN_POINT('',(0.0648408680746858,0.0295002780395768,0.007));
#2993=CARTESIAN_POINT('',(0.0651577687226334,0.0286296006651301,0.007));
#2994=CARTESIAN_POINT('',(0.0649144373090381,0.0285410352735194,0.007));
#2995=CARTESIAN_POINT('',(0.0646711058954427,0.0284524698819088,0.007));
#2996=CARTESIAN_POINT('',(0.063909043232036,0.0305462198418283,0.007));
#2997=CARTESIAN_POINT('',(0.0631469805686292,0.0326399698017478,0.007));
#2998=CARTESIAN_POINT('',(0.0637211693845143,0.0328489574395786,0.007));
#2999=CARTESIAN_POINT('',(0.0642953582003994,0.0330579450774093,0.007));
#3000=CARTESIAN_POINT('',(0.0642953582003994,0.0330579450774093,0.007));
#3001=CARTESIAN_POINT('',(0.0650661368024096,0.0333384855457503,0.007));
#3002=CARTESIAN_POINT('',(0.0655415251965986,0.0331773039621494,0.007));
#3003=CARTESIAN_POINT('',(0.0655415251965986,0.0331773039621494,0.007));
#3004=CARTESIAN_POINT('',(0.0655415251965986,0.0331773039621494,0.007));
#3005=CARTESIAN_POINT('',(0.0660169135907875,0.0330161223785485,0.007));
#3006=CARTESIAN_POINT('',(0.0662327396110214,0.0324231452614253,0.007));
#3007=CARTESIAN_POINT('',(0.0662327396110214,0.0324231452614253,0.007));
#3008=CARTESIAN_POINT('',(0.0662327396110214,0.0324231452614253,0.007));
#3009=CARTESIAN_POINT('',(0.0665349627552746,0.031592793996953,0.007));
#3010=CARTESIAN_POINT('',(0.0657991088600944,0.0309938700202031,0.007));
#3011=CARTESIAN_POINT('',(0.0657991088600943,0.0309938700202031,0.007));
#3012=CARTESIAN_POINT('',(0.0667102181505811,0.0302600663646052,0.007));
#3013=CARTESIAN_POINT('',(0.0676213274410679,0.0295262627090072,0.007));
#3014=CARTESIAN_POINT('',(0.0673335456562508,0.0294215187053698,0.007));
#3015=CARTESIAN_POINT('',(0.0670457638714337,0.0293167747017323,0.007));
#3016=CARTESIAN_POINT('',(0.0662220373413081,0.0300029825411106,0.007));
#3017=CARTESIAN_POINT('',(0.0544724732513631,0.0454886241816713,0.007));
#3018=CARTESIAN_POINT('',(0.0545966807387712,0.0456261121021829,0.007));
#3019=CARTESIAN_POINT('',(0.0543482657639551,0.0453511362611598,0.007));
#3020=CARTESIAN_POINT('',(0.0543482657639551,0.0453511362611598,0.007));
#3021=CARTESIAN_POINT('',(0.0536608448713946,0.045084249156386,0.007));
#3022=CARTESIAN_POINT('',(0.0527478887552433,0.0447297993320324,0.007));
#3023=CARTESIAN_POINT('',(0.053124943105732,0.0444311437150205,0.007));
#3024=CARTESIAN_POINT('',(0.0522477951483963,0.0442019222468107,0.007));
#3025=CARTESIAN_POINT('',(0.0534411975732332,0.0441129123150006,0.007));
#3026=CARTESIAN_POINT('',(0.0526230641063019,0.0435510810483674,0.007));
#3027=CARTESIAN_POINT('',(0.0529135972349691,0.0431217194100807,0.007));
#3028=CARTESIAN_POINT('',(0.0532736204703911,0.0434527539587582,0.007));
#3029=CARTESIAN_POINT('',(0.0534650452780751,0.0430218400888006,0.007));
#3030=CARTESIAN_POINT('',(0.0530717269324365,0.0428963445079783,0.007));
#3031=CARTESIAN_POINT('',(0.0529277190643159,0.0421520980459341,0.007));
#3032=CARTESIAN_POINT('',(0.0536329405662065,0.0425837880644203,0.007));
#3033=CARTESIAN_POINT('',(0.0536788674089265,0.0421362534756209,0.007));
#3034=CARTESIAN_POINT('',(0.0534448526663812,0.0418788652707144,0.007));
#3035=CARTESIAN_POINT('',(0.0535432904250921,0.0416316088197869,0.007));
#3036=CARTESIAN_POINT('',(0.0539856349947022,0.0415990867009688,0.007));
#3037=CARTESIAN_POINT('',(0.0542757219006068,0.04189016723341,0.007));
#3038=CARTESIAN_POINT('',(0.0542644447803191,0.0412571002152684,0.007));
#3039=CARTESIAN_POINT('',(0.054404766787449,0.041009517818133,0.007));
#3040=CARTESIAN_POINT('',(0.0548740684026695,0.0414689656140676,0.007));
#3041=CARTESIAN_POINT('',(0.0549541429565034,0.0410412064701856,0.007));
#3042=CARTESIAN_POINT('',(0.0552600373837532,0.0408113863340816,0.007));
#3043=CARTESIAN_POINT('',(0.0554456266381939,0.0414559598841931,0.007));
#3044=CARTESIAN_POINT('',(0.0557464947795158,0.0410871480547337,0.007));
#3045=CARTESIAN_POINT('',(0.056110026170664,0.0406030795664978,0.007));
#3046=CARTESIAN_POINT('',(0.0563852390353678,0.0413574828029935,0.007));
#3047=CARTESIAN_POINT('',(0.0567074195354537,0.0410185713396208,0.007));
#3048=CARTESIAN_POINT('',(0.057336304139132,0.0405777052885727,0.007));
#3049=CARTESIAN_POINT('',(0.057348841913826,0.0414812599592992,0.007));
#3050=CARTESIAN_POINT('',(0.057819164666487,0.0416122834454378,0.007));
#3051=CARTESIAN_POINT('',(0.0578652380372718,0.0410785676304634,0.007));
#3052=CARTESIAN_POINT('',(0.0584564665480362,0.0415226426016167,0.007));
#3053=CARTESIAN_POINT('',(0.0581257012436141,0.0421526164188335,0.007));
#3054=CARTESIAN_POINT('',(0.0589798999333511,0.0421023621943002,0.007));
#3055=CARTESIAN_POINT('',(0.0590980074836956,0.0424747443043778,0.007));
#3056=CARTESIAN_POINT('',(0.0588743231977435,0.0427851974846509,0.007));
#3057=CARTESIAN_POINT('',(0.0591223196172101,0.0433164567209508,0.007));
#3058=CARTESIAN_POINT('',(0.0594217492481755,0.0430139710131532,0.007));
#3059=CARTESIAN_POINT('',(0.0595803810220338,0.0436315649911286,0.007));
#3060=CARTESIAN_POINT('',(0.059171962326268,0.0434850530760735,0.007));
#3061=CARTESIAN_POINT('',(0.0591305021145043,0.0436658694610257,0.007));
#3062=CARTESIAN_POINT('',(0.0591083840731504,0.0440427904952022,0.007));
#3063=CARTESIAN_POINT('',(0.0596305539167065,0.0439985945800467,0.007));
#3064=CARTESIAN_POINT('',(0.0594056064019341,0.0444740369720604,0.007));
#3065=CARTESIAN_POINT('',(0.0592038010032423,0.0444362338015283,0.007));
#3066=CARTESIAN_POINT('',(0.0592434025390392,0.0449096846728061,0.007));
#3067=CARTESIAN_POINT('',(0.0595415490631992,0.0446823161829553,0.007));
#3068=CARTESIAN_POINT('',(0.0598364822420696,0.045231338744862,0.007));
#3069=CARTESIAN_POINT('',(0.0592610039119425,0.0452652268163973,0.007));
#3070=CARTESIAN_POINT('',(0.0588808331396697,0.0452170801340948,0.007));
#3071=CARTESIAN_POINT('',(0.0591891801788687,0.0459463555356408,0.007));
#3072=CARTESIAN_POINT('',(0.0583038536114452,0.0454680815999818,0.007));
#3073=CARTESIAN_POINT('',(0.0574746159392874,0.046168228253383,0.007));
#3074=CARTESIAN_POINT('',(0.0567178336654918,0.045685981926111,0.007));
#3075=CARTESIAN_POINT('',(0.0550327936359852,0.0454390070713767,0.007));
#3076=CARTESIAN_POINT('',(0.0547070591601845,0.0455787565709184,0.007));
#3077=CARTESIAN_POINT('',(0.0545966807387712,0.0456261121021829,0.007));
#3078=CARTESIAN_POINT('',(0.058313182150582,0.0496319341600047,0.007));
#3079=CARTESIAN_POINT('',(0.0595383272952222,0.0496319341600047,0.007));
#3080=CARTESIAN_POINT('',(0.0522380781503383,0.0489850363857734,0.007));
#3081=CARTESIAN_POINT('',(0.0534879622353379,0.0489850363857734,0.007));
#3082=CARTESIAN_POINT('',(0.0411756746470928,0.00870230793952942,0.007));
#3083=CARTESIAN_POINT('',(0.0405163848778201,0.00789961033074959,0.007));
#3084=CARTESIAN_POINT('',(0.03929296721294,0.00641007647187968,0.007));
#3085=CARTESIAN_POINT('',(0.0365228098566837,0.00635619707464221,0.007));
#3086=CARTESIAN_POINT('',(0.0385221367482431,0.00811293331716336,0.007));
#3087=CARTESIAN_POINT('',(0.0360983265230837,0.00667223270779285,0.007));
#3088=CARTESIAN_POINT('',(0.0345304310001113,0.0073723551714698,0.007));
#3089=CARTESIAN_POINT('',(0.0357274877914944,0.00768940317673872,0.007));
#3090=CARTESIAN_POINT('',(0.0353276047071438,0.00866555806802252,0.007));
#3091=CARTESIAN_POINT('',(0.0336709387096329,0.00781129450756184,0.007));
#3092=CARTESIAN_POINT('',(0.0333921861975311,0.00920932554462347,0.007));
#3093=CARTESIAN_POINT('',(0.0341524552459292,0.00924330673041176,0.007));
#3094=CARTESIAN_POINT('',(0.0335062189527071,0.00990018744461159,0.007));
#3095=CARTESIAN_POINT('',(0.0339389029569289,0.0106031884048407,0.007));
#3096=CARTESIAN_POINT('',(0.0325133593284579,0.0109361500801218,0.007));
#3097=CARTESIAN_POINT('',(0.0336709639778295,0.0112264252233925,0.007));
#3098=CARTESIAN_POINT('',(0.0331880135927687,0.0124935227299711,0.007));
#3099=CARTESIAN_POINT('',(0.0341504616863916,0.012655539025344,0.007));
#3100=CARTESIAN_POINT('',(0.0328428337975616,0.0143403810638927,0.007));
#3101=CARTESIAN_POINT('',(0.0380667274963675,0.0155724503628036,0.007));
#3102=CARTESIAN_POINT('',(0.0381290773536995,0.0211415058667258,0.007));
#3103=CARTESIAN_POINT('',(0.0416280594760782,0.0255372651278905,0.007));
#3104=CARTESIAN_POINT('',(0.03848704425748,0.0236057397014987,0.007));
#3105=CARTESIAN_POINT('',(0.0383553645424364,0.0284816409035027,0.007));
#3106=CARTESIAN_POINT('',(0.0361800998578621,0.0283931593240371,0.007));
#3107=CARTESIAN_POINT('',(0.03729151834279,0.0301176086317515,0.007));
#3108=CARTESIAN_POINT('',(0.0353818554763334,0.0314085709559043,0.007));
#3109=CARTESIAN_POINT('',(0.036157739778977,0.0347028756530653,0.007));
#3110=CARTESIAN_POINT('',(0.0378663768610433,0.0373004381239569,0.007));
#3111=CARTESIAN_POINT('',(0.0394952747090875,0.0371518820322204,0.007));
#3112=CARTESIAN_POINT('',(0.0396488512425069,0.0393912933937789,0.007));
#3113=CARTESIAN_POINT('',(0.0412564363978046,0.0410201313885737,0.007));
#3114=CARTESIAN_POINT('',(0.041063978394558,0.0445904066083447,0.007));
#3115=CARTESIAN_POINT('',(0.0446993918468934,0.0468218976299656,0.007));
#3116=CARTESIAN_POINT('',(0.0461891446421167,0.0469175069702471,0.007));
#3117=CARTESIAN_POINT('',(0.0452796154813264,0.0478651193850853,0.007));
#3118=CARTESIAN_POINT('',(0.0483499224348324,0.04803481956323,0.007));
#3119=CARTESIAN_POINT('',(0.0465790498988507,0.0481414815346575,0.007));
#3120=CARTESIAN_POINT('',(0.0451530184411393,0.0490716896647873,0.007));
#3121=CARTESIAN_POINT('',(0.0462791168310438,0.0492393182721995,0.007));
#3122=CARTESIAN_POINT('',(0.0486905688936856,0.0485924209614335,0.007));
#3123=CARTESIAN_POINT('',(0.0461023229837137,0.0498636655009772,0.007));
#3124=CARTESIAN_POINT('',(0.0453056727490467,0.0505277280814263,0.007));
#3125=CARTESIAN_POINT('',(0.0474840397553217,0.0503492704722417,0.007));
#3126=CARTESIAN_POINT('',(0.0460723540163521,0.0509055098533175,0.007));
#3127=CARTESIAN_POINT('',(0.0441681974206474,0.0528588897969663,0.007));
#3128=CARTESIAN_POINT('',(0.0480445603649591,0.050733368888088,0.007));
#3129=CARTESIAN_POINT('',(0.0455099598402982,0.0524861786034922,0.007));
#3130=CARTESIAN_POINT('',(0.0455678380948623,0.0549480158452645,0.007));
#3131=CARTESIAN_POINT('',(0.0474545292815147,0.0517901387022113,0.007));
#3132=CARTESIAN_POINT('',(0.0466440282260285,0.0570479363175213,0.007));
#3133=CARTESIAN_POINT('',(0.0502094662594842,0.0599539044437905,0.007));
#3134=CARTESIAN_POINT('',(0.0537501916924602,0.0609606194111852,0.007));
#3135=CARTESIAN_POINT('',(0.0575789001571128,0.0605264871833214,0.007));
#3136=CARTESIAN_POINT('',(0.0614282175880085,0.0595682796686694,0.007));
#3137=CARTESIAN_POINT('',(0.0613174721389638,0.0530603974446791,0.007));
#3138=CARTESIAN_POINT('',(0.0629307716643957,0.0550828245659864,0.007));
#3139=CARTESIAN_POINT('',(0.0639631598431661,0.0563734013986928,0.007));
#3140=CARTESIAN_POINT('',(0.0638462116313011,0.0555491678007132,0.007));
#3141=CARTESIAN_POINT('',(0.0641173885757703,0.0552263642261385,0.007));
#3142=CARTESIAN_POINT('',(0.0623520516764607,0.0534374266624043,0.007));
#3143=CARTESIAN_POINT('',(0.0634561226444003,0.0543432888688139,0.007));
#3144=CARTESIAN_POINT('',(0.063896045088768,0.0547390542924404,0.007));
#3145=CARTESIAN_POINT('',(0.0411756746470928,0.00870230793952942,0.007));
#3146=CARTESIAN_POINT('',(0.063896045088768,0.0547390542924404,0.007));
#3147=CARTESIAN_POINT('',(0.063896045088768,0.0547390542924404,0.007));
#3148=CARTESIAN_POINT('',(0.0639534374432005,0.0546338703440584,0.007));
#3149=CARTESIAN_POINT('',(0.0641341630044098,0.0543076868616216,0.007));
#3150=CARTESIAN_POINT('',(0.0618241435553646,0.0520706977607982,0.007));
#3151=CARTESIAN_POINT('',(0.0636802173679564,0.0535183239228201,0.007));
#3152=CARTESIAN_POINT('',(0.0640367568241109,0.053122444679935,0.007));
#3153=CARTESIAN_POINT('',(0.0634725841798663,0.0518063082028379,0.007));
#3154=CARTESIAN_POINT('',(0.0616682289841934,0.0504000721455105,0.007));
#3155=CARTESIAN_POINT('',(0.0652376801764631,0.0522259388199802,0.007));
#3156=CARTESIAN_POINT('',(0.0647906963168148,0.0506242021976093,0.007));
#3157=CARTESIAN_POINT('',(0.0617944686182216,0.0503573097472125,0.007));
#3158=CARTESIAN_POINT('',(0.0627191203868537,0.0496952536448974,0.007));
#3159=CARTESIAN_POINT('',(0.063311642766653,0.0504415274219093,0.007));
#3160=CARTESIAN_POINT('',(0.0642339935037392,0.0505537708348924,0.007));
#3161=CARTESIAN_POINT('',(0.0631626803055325,0.049713419808191,0.007));
#3162=CARTESIAN_POINT('',(0.0633683064397461,0.0491411203726123,0.007));
#3163=CARTESIAN_POINT('',(0.0654567715133842,0.0501665875253441,0.007));
#3164=CARTESIAN_POINT('',(0.0655481347883901,0.049120133514544,0.007));
#3165=CARTESIAN_POINT('',(0.0638324942037239,0.049288454129312,0.007));
#3166=CARTESIAN_POINT('',(0.0628507874497848,0.0479720468346321,0.007));
#3167=CARTESIAN_POINT('',(0.0661349408591269,0.047739570050929,0.007));
#3168=CARTESIAN_POINT('',(0.069327535769638,0.0447680677919117,0.007));
#3169=CARTESIAN_POINT('',(0.061708943225361,0.0348644285856732,0.007));
#3170=CARTESIAN_POINT('',(0.0726680854803939,0.0385919511681752,0.007));
#3171=CARTESIAN_POINT('',(0.0748763964303595,0.0351199755801224,0.007));
#3172=CARTESIAN_POINT('',(0.0764000637244965,0.0304676104452235,0.007));
#3173=CARTESIAN_POINT('',(0.0681552683998043,0.0213297990810103,0.007));
#3174=CARTESIAN_POINT('',(0.0718661804804675,0.0217402697662458,0.007));
#3175=CARTESIAN_POINT('',(0.0700038559384179,0.020364798388959,0.007));
#3176=CARTESIAN_POINT('',(0.0696303818781685,0.0186262227849375,0.007));
#3177=CARTESIAN_POINT('',(0.0722799461333216,0.0188677985366212,0.007));
#3178=CARTESIAN_POINT('',(0.0693124256588625,0.0165763549884362,0.007));
#3179=CARTESIAN_POINT('',(0.066959078328623,0.018012356682344,0.007));
#3180=CARTESIAN_POINT('',(0.063934915816317,0.0169395796483078,0.007));
#3181=CARTESIAN_POINT('',(0.0603832164626716,0.0165727622551135,0.007));
#3182=CARTESIAN_POINT('',(0.0582642840986046,0.0199849425543766,0.007));
#3183=CARTESIAN_POINT('',(0.0617109672533591,0.0220472931240184,0.007));
#3184=CARTESIAN_POINT('',(0.0626438668053435,0.0242444996796489,0.007));
#3185=CARTESIAN_POINT('',(0.0639143601291772,0.0276790842729009,0.007));
#3186=CARTESIAN_POINT('',(0.0597000033443151,0.028073083293353,0.007));
#3187=CARTESIAN_POINT('',(0.0517653976350216,0.0242813147523505,0.007));
#3188=CARTESIAN_POINT('',(0.0459574560232016,0.0186385881241178,0.007));
#3189=CARTESIAN_POINT('',(0.0417827526406018,0.0125356908263132,0.007));
#3190=CARTESIAN_POINT('',(0.0413564834211552,0.00984402163642291,0.007));
#3191=CARTESIAN_POINT('',(0.0411756746470928,0.00870230793952942,0.007));
#3192=CARTESIAN_POINT('',(0.0450585504875422,0.0421069707969042,0.007));
#3193=CARTESIAN_POINT('',(0.0466723494978035,0.0421069707969042,0.007));
#3194=CARTESIAN_POINT('',(0.0733015993414861,0.0316014969699627,0.007));
#3195=CARTESIAN_POINT('',(0.0731729672367992,0.0316569133948812,0.007));
#3196=CARTESIAN_POINT('',(0.07309791182018,0.0318631264572501,0.007));
#3197=CARTESIAN_POINT('',(0.0733015993414861,0.0316014969699627,0.007));
#3198=CARTESIAN_POINT('',(0.07309791182018,0.0318631264572501,0.007));
#3199=CARTESIAN_POINT('',(0.07309791182018,0.0318631264572501,0.007));
#3200=CARTESIAN_POINT('',(0.0730278600980021,0.0320555919821278,0.007));
#3201=CARTESIAN_POINT('',(0.073079526276534,0.0321859728554247,0.007));
#3202=CARTESIAN_POINT('',(0.073079526276534,0.0321859728554247,0.007));
#3203=CARTESIAN_POINT('',(0.073079526276534,0.0321859728554247,0.007));
#3204=CARTESIAN_POINT('',(0.0731311924550659,0.0323163537287216,0.007));
#3205=CARTESIAN_POINT('',(0.0732943298999622,0.032375730902758,0.007));
#3206=CARTESIAN_POINT('',(0.0732943298999622,0.032375730902758,0.007));
#3207=CARTESIAN_POINT('',(0.0732943298999622,0.032375730902758,0.007));
#3208=CARTESIAN_POINT('',(0.0734602168523568,0.0324361088156828,0.007));
#3209=CARTESIAN_POINT('',(0.0735891016662102,0.0323714431293814,0.007));
#3210=CARTESIAN_POINT('',(0.0735891016662102,0.0323714431293814,0.007));
#3211=CARTESIAN_POINT('',(0.0735891016662102,0.0323714431293814,0.007));
#3212=CARTESIAN_POINT('',(0.0737179864800635,0.03230677744308,0.007));
#3213=CARTESIAN_POINT('',(0.0737880382022415,0.0321143119182023,0.007));
#3214=CARTESIAN_POINT('',(0.0737880382022415,0.0321143119182023,0.007));
#3215=CARTESIAN_POINT('',(0.0737880382022415,0.0321143119182023,0.007));
#3216=CARTESIAN_POINT('',(0.0738557548670134,0.0319282619108206,0.007));
#3217=CARTESIAN_POINT('',(0.0737978820789947,0.0317935461853042,0.007));
#3218=CARTESIAN_POINT('',(0.0737978820789947,0.0317935461853042,0.007));
#3219=CARTESIAN_POINT('',(0.0737978820789947,0.0317935461853042,0.007));
#3220=CARTESIAN_POINT('',(0.0737400092909761,0.0316588304597878,0.007));
#3221=CARTESIAN_POINT('',(0.0735768718460797,0.0315994532857514,0.007));
#3222=CARTESIAN_POINT('',(0.0735768718460797,0.0315994532857514,0.007));
#3223=CARTESIAN_POINT('',(0.0734402535078332,0.0319341606313069,0.007));
#3224=CARTESIAN_POINT('',(0.0707371539072332,0.0338778690192091,0.007));
#3225=CARTESIAN_POINT('',(0.0707488110653919,0.0323573983874662,0.007));
#3226=CARTESIAN_POINT('',(0.0707255397363133,0.0353983397574101,0.007));
#3227=CARTESIAN_POINT('',(0.070987201199897,0.0354935767416091,0.007));
#3228=CARTESIAN_POINT('',(0.0712488626634807,0.035588813725808,0.007));
#3229=CARTESIAN_POINT('',(0.0712566437698668,0.0332205277308771,0.007));
#3230=CARTESIAN_POINT('',(0.0712644248762528,0.0308522417359461,0.007));
#3231=CARTESIAN_POINT('',(0.0710238429701557,0.0307646770832237,0.007));
#3232=CARTESIAN_POINT('',(0.0707832610640586,0.0306771124305014,0.007));
#3233=CARTESIAN_POINT('',(0.0692705828536289,0.032497660673927,0.007));
#3234=CARTESIAN_POINT('',(0.0677579046431991,0.0343182089173526,0.007));
#3235=CARTESIAN_POINT('',(0.0680159000967852,0.034412111583034,0.007));
#3236=CARTESIAN_POINT('',(0.0682738955503712,0.0345060142487153,0.007));
#3237=CARTESIAN_POINT('',(0.0692480900548461,0.0333265528600209,0.007));
#3238=CARTESIAN_POINT('',(0.0702221894886517,0.032147012457994,0.007));
#3239=CARTESIAN_POINT('',(0.0639735329471403,0.0269537474803302,0.007));
#3240=CARTESIAN_POINT('',(0.0708157697566327,0.031334938423982,0.007));
#3241=CARTESIAN_POINT('',(0.0789024654588623,0.0323775909451597,0.007));
#3242=CARTESIAN_POINT('',(0.0682498375646963,0.0297628060526075,0.007));
#3243=CARTESIAN_POINT('',(0.0681212054600094,0.029818222477526,0.007));
#3244=CARTESIAN_POINT('',(0.0680461500433903,0.0300244355398949,0.007));
#3245=CARTESIAN_POINT('',(0.0682498375646963,0.0297628060526075,0.007));
#3246=CARTESIAN_POINT('',(0.0680461500433903,0.0300244355398949,0.007));
#3247=CARTESIAN_POINT('',(0.0680461500433903,0.0300244355398949,0.007));
#3248=CARTESIAN_POINT('',(0.0679760983212124,0.0302169010647726,0.007));
#3249=CARTESIAN_POINT('',(0.0680277644997442,0.0303472819380694,0.007));
#3250=CARTESIAN_POINT('',(0.0680277644997442,0.0303472819380694,0.007));
#3251=CARTESIAN_POINT('',(0.0680277644997442,0.0303472819380694,0.007));
#3252=CARTESIAN_POINT('',(0.0680794306782761,0.0304776628113663,0.007));
#3253=CARTESIAN_POINT('',(0.0682425681231724,0.0305370399854029,0.007));
#3254=CARTESIAN_POINT('',(0.0682425681231724,0.0305370399854029,0.007));
#3255=CARTESIAN_POINT('',(0.0682425681231724,0.0305370399854029,0.007));
#3256=CARTESIAN_POINT('',(0.068408455075567,0.0305974178983276,0.007));
#3257=CARTESIAN_POINT('',(0.0685373398894204,0.0305327522120262,0.007));
#3258=CARTESIAN_POINT('',(0.0685373398894204,0.0305327522120262,0.007));
#3259=CARTESIAN_POINT('',(0.0685373398894204,0.0305327522120262,0.007));
#3260=CARTESIAN_POINT('',(0.0686662247032738,0.0304680865257248,0.007));
#3261=CARTESIAN_POINT('',(0.0687362764254517,0.0302756210008471,0.007));
#3262=CARTESIAN_POINT('',(0.0687362764254517,0.0302756210008471,0.007));
#3263=CARTESIAN_POINT('',(0.0687362764254517,0.0302756210008471,0.007));
#3264=CARTESIAN_POINT('',(0.0688039930902237,0.0300895709934654,0.007));
#3265=CARTESIAN_POINT('',(0.068746120302205,0.029954855267949,0.007));
#3266=CARTESIAN_POINT('',(0.068746120302205,0.029954855267949,0.007));
#3267=CARTESIAN_POINT('',(0.068746120302205,0.029954855267949,0.007));
#3268=CARTESIAN_POINT('',(0.0686882475141863,0.0298201395424326,0.007));
#3269=CARTESIAN_POINT('',(0.06852511006929,0.0297607623683962,0.007));
#3270=CARTESIAN_POINT('',(0.06852511006929,0.0297607623683962,0.007));
#3271=CARTESIAN_POINT('',(0.0683884917310435,0.0300954697139517,0.007));
#3272=CARTESIAN_POINT('',(0.0554709429169556,0.0469527932658155,0.007));
#3273=CARTESIAN_POINT('',(0.0553990733522665,0.0473508804168676,0.007));
#3274=CARTESIAN_POINT('',(0.0531218347513612,0.0476949166563733,0.007));
#3275=CARTESIAN_POINT('',(0.0502858728058852,0.0473930853402523,0.007));
#3276=CARTESIAN_POINT('',(0.04982279934987,0.0459803815004008,0.007));
#3277=CARTESIAN_POINT('',(0.0504609043441029,0.0444999826570876,0.007));
#3278=CARTESIAN_POINT('',(0.0518438088269919,0.044646306819362,0.007));
#3279=CARTESIAN_POINT('',(0.0537532154249823,0.0453121544795414,0.007));
#3280=CARTESIAN_POINT('',(0.0555410605579265,0.0465644100600259,0.007));
#3281=CARTESIAN_POINT('',(0.0554709429169556,0.0469527932658155,0.007));
#3282=CARTESIAN_POINT('',(0.0554709429169556,0.0469527932658155,0.007));
#3283=CARTESIAN_POINT('',(0.0532599455866166,0.0515793436851347,0.007));
#3284=CARTESIAN_POINT('',(0.0529254362481727,0.0517075116032991,0.007));
#3285=CARTESIAN_POINT('',(0.0519249113649883,0.0516955089647301,0.007));
#3286=CARTESIAN_POINT('',(0.0528761804297157,0.0511441420589626,0.007));
#3287=CARTESIAN_POINT('',(0.0536392652514141,0.0506287328286343,0.007));
#3288=CARTESIAN_POINT('',(0.0549852374958325,0.0503410689356307,0.007));
#3289=CARTESIAN_POINT('',(0.0557735198063634,0.0509844255547566,0.007));
#3290=CARTESIAN_POINT('',(0.0562606271724673,0.0512897289946117,0.007));
#3291=CARTESIAN_POINT('',(0.0574398498986158,0.0516933591385603,0.007));
#3292=CARTESIAN_POINT('',(0.0588889975577809,0.05191713041504,0.007));
#3293=CARTESIAN_POINT('',(0.0596287489013719,0.0510364593635141,0.007));
#3294=CARTESIAN_POINT('',(0.0599329149838937,0.0512823927342083,0.007));
#3295=CARTESIAN_POINT('',(0.0595033537912839,0.0518452149408333,0.007));
#3296=CARTESIAN_POINT('',(0.0598239879227177,0.0527155587006926,0.007));
#3297=CARTESIAN_POINT('',(0.0587398296900808,0.0522606096494051,0.007));
#3298=CARTESIAN_POINT('',(0.0572241013145508,0.0523128052879084,0.007));
#3299=CARTESIAN_POINT('',(0.0555024422513656,0.0521724605501051,0.007));
#3300=CARTESIAN_POINT('',(0.0548297460092796,0.051972177435484,0.007));
#3301=CARTESIAN_POINT('',(0.0560825492187829,0.0516811751766753,0.007));
#3302=CARTESIAN_POINT('',(0.0570530985993748,0.0519870310572817,0.007));
#3303=CARTESIAN_POINT('',(0.0559689384766452,0.0513255658936497,0.007));
#3304=CARTESIAN_POINT('',(0.0543193216587437,0.0517663601000926,0.007));
#3305=CARTESIAN_POINT('',(0.0535931159874841,0.0518895362734614,0.007));
#3306=CARTESIAN_POINT('',(0.0541214552520284,0.0511560917146621,0.007));
#3307=CARTESIAN_POINT('',(0.0560014337858882,0.0513884943452174,0.007));
#3308=CARTESIAN_POINT('',(0.055192440852679,0.0510135167139251,0.007));
#3309=CARTESIAN_POINT('',(0.0538356003596054,0.0509154766185592,0.007));
#3310=CARTESIAN_POINT('',(0.0535760978609701,0.0514582093125778,0.007));
#3311=CARTESIAN_POINT('',(0.0532599455866166,0.0515793436851347,0.007));
#3312=CARTESIAN_POINT('',(0.0532599455866166,0.0515793436851347,0.007));
#3313=CARTESIAN_POINT('',(0.0430848983748027,0.0380746167029697,0.007));
#3314=CARTESIAN_POINT('',(0.0431588986395452,0.0383304556778332,0.007));
#3315=CARTESIAN_POINT('',(0.0467317652321246,0.0398693730578409,0.007));
#3316=CARTESIAN_POINT('',(0.048707786615914,0.0407669448723969,0.007));
#3317=CARTESIAN_POINT('',(0.0502065532068129,0.0368482128168335,0.007));
#3318=CARTESIAN_POINT('',(0.0474626927129971,0.0361858476917548,0.007));
#3319=CARTESIAN_POINT('',(0.0467529126449339,0.0351858775210127,0.007));
#3320=CARTESIAN_POINT('',(0.0445810717652083,0.0347835493851703,0.007));
#3321=CARTESIAN_POINT('',(0.0469390008821774,0.0334209926321166,0.007));
#3322=CARTESIAN_POINT('',(0.0437454297741303,0.0341873575388201,0.007));
#3323=CARTESIAN_POINT('',(0.0448327575872682,0.033462877511004,0.007));
#3324=CARTESIAN_POINT('',(0.0440184945387255,0.0328366527045688,0.007));
#3325=CARTESIAN_POINT('',(0.0457275007694327,0.0322704613488349,0.007));
#3326=CARTESIAN_POINT('',(0.0439988777417727,0.0318951202999866,0.007));
#3327=CARTESIAN_POINT('',(0.0428511925009475,0.0303197414741971,0.007));
#3328=CARTESIAN_POINT('',(0.0453796587202239,0.030487173361244,0.007));
#3329=CARTESIAN_POINT('',(0.0423523997696156,0.0294506717964218,0.007));
#3330=CARTESIAN_POINT('',(0.0433303871473821,0.0273870774859933,0.007));
#3331=CARTESIAN_POINT('',(0.0450289092207552,0.0281947279843597,0.007));
#3332=CARTESIAN_POINT('',(0.0443745600309767,0.0257899971034985,0.007));
#3333=CARTESIAN_POINT('',(0.0406996268739346,0.0238345827872331,0.007));
#3334=CARTESIAN_POINT('',(0.0395178869798866,0.030271082626726,0.007));
#3335=CARTESIAN_POINT('',(0.0416879526929525,0.0270680298401183,0.007));
#3336=CARTESIAN_POINT('',(0.0427138552012883,0.0288653595587927,0.007));
#3337=CARTESIAN_POINT('',(0.0410479768717679,0.030263022756326,0.007));
#3338=CARTESIAN_POINT('',(0.0438574286221263,0.0292873384742303,0.007));
#3339=CARTESIAN_POINT('',(0.0416685385492259,0.0323109721933887,0.007));
#3340=CARTESIAN_POINT('',(0.0434584031159515,0.0323764044888194,0.007));
#3341=CARTESIAN_POINT('',(0.0445301360223056,0.0322875169249199,0.007));
#3342=CARTESIAN_POINT('',(0.0439003352939306,0.0336216275933944,0.007));
#3343=CARTESIAN_POINT('',(0.0434632825266666,0.0341610235415264,0.007));
#3344=CARTESIAN_POINT('',(0.0435320717654834,0.0346304082199,0.007));
#3345=CARTESIAN_POINT('',(0.044597938863959,0.0344570507719463,0.007));
#3346=CARTESIAN_POINT('',(0.0450749981500066,0.0342691693869171,0.007));
#3347=CARTESIAN_POINT('',(0.0445910171408616,0.0356416034532224,0.007));
#3348=CARTESIAN_POINT('',(0.0441805012193133,0.0363038813997457,0.007));
#3349=CARTESIAN_POINT('',(0.0448776011842119,0.0357151473575449,0.007));
#3350=CARTESIAN_POINT('',(0.0439737692080529,0.0379912593848492,0.007));
#3351=CARTESIAN_POINT('',(0.0430519989439926,0.0379608744524343,0.007));
#3352=CARTESIAN_POINT('',(0.0430848983748027,0.0380746167029697,0.007));
#3353=CARTESIAN_POINT('',(0.0430848983748027,0.0380746167029697,0.007));
#3354=CARTESIAN_POINT('',(0.0341825410723686,0.0114551866427064,0.007));
#3355=CARTESIAN_POINT('',(0.0342076492129652,0.0116219624946093,0.007));
#3356=CARTESIAN_POINT('',(0.0346497518935077,0.0119607267630568,0.007));
#3357=CARTESIAN_POINT('',(0.0352091802831727,0.0120588560666957,0.007));
#3358=CARTESIAN_POINT('',(0.0354211208695937,0.0112304445225783,0.007));
#3359=CARTESIAN_POINT('',(0.0349427825334424,0.0108397635183336,0.007));
#3360=CARTESIAN_POINT('',(0.0342672525400801,0.0109326539589357,0.007));
#3361=CARTESIAN_POINT('',(0.0337424461937995,0.0111204270194978,0.007));
#3362=CARTESIAN_POINT('',(0.0343056622370141,0.011151955902796,0.007));
#3363=CARTESIAN_POINT('',(0.0341669514297142,0.0113516355284947,0.007));
#3364=CARTESIAN_POINT('',(0.0341825410723686,0.0114551866427064,0.007));
#3365=CARTESIAN_POINT('',(0.0341825410723686,0.0114551866427064,0.007));
#3366=CARTESIAN_POINT('',(0.0359828770160675,0.0078970417380333,0.007));
#3367=CARTESIAN_POINT('',(0.0361300709223964,0.00804588422557324,0.007));
#3368=CARTESIAN_POINT('',(0.0363708303501435,0.00839748403945129,0.007));
#3369=CARTESIAN_POINT('',(0.036983291657446,0.00932182518159971,0.007));
#3370=CARTESIAN_POINT('',(0.0377980864992557,0.00842563448663555,0.007));
#3371=CARTESIAN_POINT('',(0.0369916348577414,0.00772511302562747,0.007));
#3372=CARTESIAN_POINT('',(0.0363865028019026,0.0074517493828468,0.007));
#3373=CARTESIAN_POINT('',(0.0356088759186239,0.00757529336839669,0.007));
#3374=CARTESIAN_POINT('',(0.035879450517938,0.00779245685647753,0.007));
#3375=CARTESIAN_POINT('',(0.0359828770160675,0.0078970417380333,0.007));
#3376=CARTESIAN_POINT('',(0.0359828770160675,0.0078970417380333,0.007));
#3377=CARTESIAN_POINT('',(0.0627730861306191,0.0229238923639059,0.007));
#3378=CARTESIAN_POINT('',(0.0629139726925911,0.0232703972382629,0.007));
#3379=CARTESIAN_POINT('',(0.0637757041491735,0.0240459659447012,0.007));
#3380=CARTESIAN_POINT('',(0.0642308440277784,0.023485489057999,0.007));
#3381=CARTESIAN_POINT('',(0.0636218931739676,0.0233122856284206,0.007));
#3382=CARTESIAN_POINT('',(0.0627891212277348,0.0224000982163419,0.007));
#3383=CARTESIAN_POINT('',(0.0627068295960529,0.0227609370623935,0.007));
#3384=CARTESIAN_POINT('',(0.0627730861306191,0.0229238923639059,0.007));
#3385=CARTESIAN_POINT('',(0.0627730861306191,0.0229238923639059,0.007));
#3386=CARTESIAN_POINT('',(0.0658058226108551,0.0245186854153872,0.007));
#3387=CARTESIAN_POINT('',(0.0656906869603986,0.0244253891132834,0.007));
#3388=CARTESIAN_POINT('',(0.0648721684202712,0.0236096273113111,0.007));
#3389=CARTESIAN_POINT('',(0.0657756156539239,0.0228522725558519,0.007));
#3390=CARTESIAN_POINT('',(0.0665277158162632,0.0234354456929631,0.007));
#3391=CARTESIAN_POINT('',(0.0666769304951166,0.0242044570906725,0.007));
#3392=CARTESIAN_POINT('',(0.0658683810870899,0.024546007307184,0.007));
#3393=CARTESIAN_POINT('',(0.0658358951484356,0.0245430536848156,0.007));
#3394=CARTESIAN_POINT('',(0.0658058226108551,0.0245186854153872,0.007));
#3395=CARTESIAN_POINT('',(0.0658058226108551,0.0245186854153872,0.007));
#3396=CARTESIAN_POINT('',(0.0413901366617525,0.0307060466344874,0.007));
#3397=CARTESIAN_POINT('',(0.0412703713762398,0.0310596725858404,0.007));
#3398=CARTESIAN_POINT('',(0.041856141949171,0.0322746258504683,0.007));
#3399=CARTESIAN_POINT('',(0.043083877352914,0.0302628213972458,0.007));
#3400=CARTESIAN_POINT('',(0.0424648751695193,0.0300591575590702,0.007));
#3401=CARTESIAN_POINT('',(0.0415230986255439,0.0303134554029114,0.007));
#3402=CARTESIAN_POINT('',(0.0413901366617525,0.0307060466344874,0.007));
#3403=CARTESIAN_POINT('',(0.0413901366617525,0.0307060466344874,0.007));
#3404=CARTESIAN_POINT('',(0.0388219875115172,0.0283727186705975,0.007));
#3405=CARTESIAN_POINT('',(0.0389078801059355,0.0286606390784501,0.007));
#3406=CARTESIAN_POINT('',(0.0398788083589183,0.0294278265981097,0.007));
#3407=CARTESIAN_POINT('',(0.039412494579757,0.0277600437650375,0.007));
#3408=CARTESIAN_POINT('',(0.0403565472087797,0.026749235056516,0.007));
#3409=CARTESIAN_POINT('',(0.0393521414912313,0.0265797533227512,0.007));
#3410=CARTESIAN_POINT('',(0.0392672582399855,0.0276822633184282,0.007));
#3411=CARTESIAN_POINT('',(0.0387412035057609,0.0281019227534077,0.007));
#3412=CARTESIAN_POINT('',(0.0388219875115172,0.0283727186705975,0.007));
#3413=CARTESIAN_POINT('',(0.0388219875115172,0.0283727186705975,0.007));
#3414=CARTESIAN_POINT('',(0.0426453415681038,0.0334102799348858,0.007));
#3415=CARTESIAN_POINT('',(0.0426998048143933,0.0335407885731429,0.007));
#3416=CARTESIAN_POINT('',(0.0430170889339068,0.0335852835570509,0.007));
#3417=CARTESIAN_POINT('',(0.0432330920466586,0.0342338624772685,0.007));
#3418=CARTESIAN_POINT('',(0.0446025529833532,0.0322940682359598,0.007));
#3419=CARTESIAN_POINT('',(0.04357041478181,0.0328982315102629,0.007));
#3420=CARTESIAN_POINT('',(0.042796820181552,0.0325469402010962,0.007));
#3421=CARTESIAN_POINT('',(0.0425768303625201,0.0332461085944827,0.007));
#3422=CARTESIAN_POINT('',(0.0426453415681038,0.0334102799348858,0.007));
#3423=CARTESIAN_POINT('',(0.0426453415681038,0.0334102799348858,0.007));
#3424=CARTESIAN_POINT('',(0.0442405009304326,0.0288451901401591,0.007));
#3425=CARTESIAN_POINT('',(0.0442904033379153,0.0290820099418738,0.007));
#3426=CARTESIAN_POINT('',(0.0450180270061827,0.0294310358228396,0.007));
#3427=CARTESIAN_POINT('',(0.045679152800007,0.0300240935104665,0.007));
#3428=CARTESIAN_POINT('',(0.045786690594422,0.0290860237660789,0.007));
#3429=CARTESIAN_POINT('',(0.0452630725063039,0.0285499489060407,0.007));
#3430=CARTESIAN_POINT('',(0.0445174207784256,0.0282617157192011,0.007));
#3431=CARTESIAN_POINT('',(0.0442049417527857,0.0286764384140545,0.007));
#3432=CARTESIAN_POINT('',(0.0442405009304326,0.0288451901401591,0.007));
#3433=CARTESIAN_POINT('',(0.0442405009304326,0.0288451901401591,0.007));
#3434=CARTESIAN_POINT('',(0.0468358764782229,0.0342548867013625,0.007));
#3435=CARTESIAN_POINT('',(0.0461186295916614,0.0339052553509651,0.007));
#3436=CARTESIAN_POINT('',(0.047061983945382,0.0316116103054142,0.007));
#3437=CARTESIAN_POINT('',(0.0455658164704478,0.0300940864726474,0.007));
#3438=CARTESIAN_POINT('',(0.0477313980598594,0.029763582391929,0.007));
#3439=CARTESIAN_POINT('',(0.0468918617550305,0.0285218830643249,0.007));
#3440=CARTESIAN_POINT('',(0.0479159164082368,0.026547578682068,0.007));
#3441=CARTESIAN_POINT('',(0.0485858122167021,0.0291359792520184,0.007));
#3442=CARTESIAN_POINT('',(0.0501552954887376,0.0307101711758132,0.007));
#3443=CARTESIAN_POINT('',(0.054106697219869,0.0322108781132419,0.007));
#3444=CARTESIAN_POINT('',(0.0479009471336803,0.0347740692848124,0.007));
#3445=CARTESIAN_POINT('',(0.0468358764782229,0.0342548867013625,0.007));
#3446=CARTESIAN_POINT('',(0.0468358764782229,0.0342548867013625,0.007));
#3447=CARTESIAN_POINT('',(0.0384806784270348,0.029180029216712,0.007));
#3448=CARTESIAN_POINT('',(0.0392921742397385,0.0296896956622103,0.007));
#3449=CARTESIAN_POINT('',(0.0413192654213727,0.0310170066280803,0.007));
#3450=CARTESIAN_POINT('',(0.0421353796591556,0.035436497621103,0.007));
#3451=CARTESIAN_POINT('',(0.0434202733659073,0.0347067417673103,0.007));
#3452=CARTESIAN_POINT('',(0.0443731276663945,0.0347164833126213,0.007));
#3453=CARTESIAN_POINT('',(0.0435433635935612,0.0370634796535504,0.007));
#3454=CARTESIAN_POINT('',(0.0416094733063012,0.0363727201458324,0.007));
#3455=CARTESIAN_POINT('',(0.0401111540776074,0.037593609022214,0.007));
#3456=CARTESIAN_POINT('',(0.03711517477945,0.0348420694898432,0.007));
#3457=CARTESIAN_POINT('',(0.0361844913648433,0.0317065399312678,0.007));
#3458=CARTESIAN_POINT('',(0.037624874667086,0.0305298279099406,0.007));
#3459=CARTESIAN_POINT('',(0.037150227601305,0.0283627331691192,0.007));
#3460=CARTESIAN_POINT('',(0.0380229858348299,0.0288925717179199,0.007));
#3461=CARTESIAN_POINT('',(0.0384806784270348,0.029180029216712,0.007));
#3462=CARTESIAN_POINT('',(0.0384806784270348,0.029180029216712,0.007));
#3463=CARTESIAN_POINT('',(0.0470902509987354,0.0470060184597969,0.007));
#3464=CARTESIAN_POINT('',(0.0470533466941059,0.0470282115170286,0.007));
#3465=CARTESIAN_POINT('',(0.0456805493360228,0.0463383030533543,0.007));
#3466=CARTESIAN_POINT('',(0.0477730039361575,0.0462828102848928,0.007));
#3467=CARTESIAN_POINT('',(0.0460349871704483,0.0444030408920121,0.007));
#3468=CARTESIAN_POINT('',(0.0479175639501044,0.0450457343022018,0.007));
#3469=CARTESIAN_POINT('',(0.0469935208457167,0.0430732970954028,0.007));
#3470=CARTESIAN_POINT('',(0.0486118401162225,0.0436637842534183,0.007));
#3471=CARTESIAN_POINT('',(0.0475775722337003,0.0420112052160989,0.007));
#3472=CARTESIAN_POINT('',(0.0501113060455668,0.0430557041733692,0.007));
#3473=CARTESIAN_POINT('',(0.0491253684606434,0.0411421959080884,0.007));
#3474=CARTESIAN_POINT('',(0.0510506854298116,0.0417852480493163,0.007));
#3475=CARTESIAN_POINT('',(0.0511878085785611,0.040092876075667,0.007));
#3476=CARTESIAN_POINT('',(0.0525254196499363,0.0410679453661098,0.007));
#3477=CARTESIAN_POINT('',(0.0528267769407485,0.0396332327647369,0.007));
#3478=CARTESIAN_POINT('',(0.0540148587085505,0.0409026288385224,0.007));
#3479=CARTESIAN_POINT('',(0.0542506860250625,0.0395223620852309,0.007));
#3480=CARTESIAN_POINT('',(0.0555549986472127,0.0409523891140499,0.007));
#3481=CARTESIAN_POINT('',(0.0556452187473982,0.0391702953418653,0.007));
#3482=CARTESIAN_POINT('',(0.0575634066998127,0.0412126481334938,0.007));
#3483=CARTESIAN_POINT('',(0.0585917950150144,0.0387318638474053,0.007));
#3484=CARTESIAN_POINT('',(0.058861130038099,0.0422572792662331,0.007));
#3485=CARTESIAN_POINT('',(0.0606866592106123,0.0406284054315661,0.007));
#3486=CARTESIAN_POINT('',(0.0596370623289701,0.042610748105025,0.007));
#3487=CARTESIAN_POINT('',(0.0612893019191332,0.0419709850363459,0.007));
#3488=CARTESIAN_POINT('',(0.0608893340787555,0.0432110466664491,0.007));
#3489=CARTESIAN_POINT('',(0.062371240909952,0.0431105755867372,0.007));
#3490=CARTESIAN_POINT('',(0.0618751021772997,0.0441341470129007,0.007));
#3491=CARTESIAN_POINT('',(0.0626873540957342,0.0443340402712987,0.007));
#3492=CARTESIAN_POINT('',(0.0633684755527363,0.0445289833798855,0.007));
#3493=CARTESIAN_POINT('',(0.0625777907875765,0.0454944070474517,0.007));
#3494=CARTESIAN_POINT('',(0.0644643436264107,0.0458215425370605,0.007));
#3495=CARTESIAN_POINT('',(0.0631083693423409,0.0470083661404713,0.007));
#3496=CARTESIAN_POINT('',(0.0645457417708388,0.0471409001263583,0.007));
#3497=CARTESIAN_POINT('',(0.0645659860977639,0.0476689255356646,0.007));
#3498=CARTESIAN_POINT('',(0.0636504777848902,0.0473709536406157,0.007));
#3499=CARTESIAN_POINT('',(0.0630004796878613,0.0473539405341766,0.007));
#3500=CARTESIAN_POINT('',(0.0633665978707967,0.0466098473583307,0.007));
#3501=CARTESIAN_POINT('',(0.0634656362135384,0.0461090760478043,0.007));
#3502=CARTESIAN_POINT('',(0.0620978665016687,0.046152493600356,0.007));
#3503=CARTESIAN_POINT('',(0.0631744928666529,0.0447244205595232,0.007));
#3504=CARTESIAN_POINT('',(0.0612072199399777,0.0448651291162701,0.007));
#3505=CARTESIAN_POINT('',(0.0619188320063631,0.0434996977699742,0.007));
#3506=CARTESIAN_POINT('',(0.0599984344487639,0.0428646651527652,0.007));
#3507=CARTESIAN_POINT('',(0.0598274395125017,0.041662774813652,0.007));
#3508=CARTESIAN_POINT('',(0.0588612784467519,0.0420112528769357,0.007));
#3509=CARTESIAN_POINT('',(0.0584096613987296,0.039807237314864,0.007));
#3510=CARTESIAN_POINT('',(0.0576309959898517,0.0410757867568992,0.007));
#3511=CARTESIAN_POINT('',(0.057514641654648,0.0404677991848842,0.007));
#3512=CARTESIAN_POINT('',(0.0567873411405436,0.0408733632741307,0.007));
#3513=CARTESIAN_POINT('',(0.0561720536312842,0.039956132730336,0.007));
#3514=CARTESIAN_POINT('',(0.0555661922004326,0.0409142010100643,0.007));
#3515=CARTESIAN_POINT('',(0.0546814016339829,0.0402385349517446,0.007));
#3516=CARTESIAN_POINT('',(0.0538955386063012,0.0411422515053552,0.007));
#3517=CARTESIAN_POINT('',(0.0530745539680727,0.0400292050262651,0.007));
#3518=CARTESIAN_POINT('',(0.0530758798004107,0.0419254191214168,0.007));
#3519=CARTESIAN_POINT('',(0.0515609069099213,0.0404125810059843,0.007));
#3520=CARTESIAN_POINT('',(0.0510811399999649,0.0427897064415422,0.007));
#3521=CARTESIAN_POINT('',(0.0497246783238303,0.0412153451821256,0.007));
#3522=CARTESIAN_POINT('',(0.0504511499517143,0.0435160891531146,0.007));
#3523=CARTESIAN_POINT('',(0.0482824979288452,0.0425266040860158,0.007));
#3524=CARTESIAN_POINT('',(0.0493601490919438,0.0443197384563755,0.007));
#3525=CARTESIAN_POINT('',(0.0476967781038205,0.0433714098897742,0.007));
#3526=CARTESIAN_POINT('',(0.0488552694628794,0.045032108238119,0.007));
#3527=CARTESIAN_POINT('',(0.0468674099866151,0.0449442272540837,0.007));
#3528=CARTESIAN_POINT('',(0.0485645219315011,0.0463669788775499,0.007));
#3529=CARTESIAN_POINT('',(0.0465186340170448,0.0465843252970579,0.007));
#3530=CARTESIAN_POINT('',(0.0471119978608516,0.0469929405990867,0.007));
#3531=CARTESIAN_POINT('',(0.0470902509987354,0.0470060184597969,0.007));
#3532=CARTESIAN_POINT('',(0.0470902509987354,0.0470060184597969,0.007));
#3533=CARTESIAN_POINT('',(0.0615220597805751,0.0485412920507825,0.007));
#3534=CARTESIAN_POINT('',(0.0616653176568037,0.0487435838440837,0.007));
#3535=CARTESIAN_POINT('',(0.0632669495213994,0.0491436164038733,0.007));
#3536=CARTESIAN_POINT('',(0.0632677454956338,0.0484400940263353,0.007));
#3537=CARTESIAN_POINT('',(0.061914621209059,0.0482162855974373,0.007));
#3538=CARTESIAN_POINT('',(0.0614530384376517,0.0484438282909976,0.007));
#3539=CARTESIAN_POINT('',(0.0615220597805751,0.0485412920507825,0.007));
#3540=CARTESIAN_POINT('',(0.0615220597805751,0.0485412920507825,0.007));
#3541=CARTESIAN_POINT('',(0.069527879357338,0.0211091600358486,0.007));
#3542=CARTESIAN_POINT('',(0.0696957731404882,0.0213031976120631,0.007));
#3543=CARTESIAN_POINT('',(0.0703488078144869,0.0214040153637676,0.007));
#3544=CARTESIAN_POINT('',(0.0702863350158556,0.0211310136179704,0.007));
#3545=CARTESIAN_POINT('',(0.0702234049708047,0.0207401047455955,0.007));
#3546=CARTESIAN_POINT('',(0.0694788737273908,0.020480750276409,0.007));
#3547=CARTESIAN_POINT('',(0.0693981735133564,0.0209592568821117,0.007));
#3548=CARTESIAN_POINT('',(0.069527879357338,0.0211091600358486,0.007));
#3549=CARTESIAN_POINT('',(0.069527879357338,0.0211091600358486,0.007));
#3550=CARTESIAN_POINT('',(0.068563923239708,0.0231079570949077,0.007));
#3551=CARTESIAN_POINT('',(0.0685154835661819,0.0233781460344412,0.007));
#3552=CARTESIAN_POINT('',(0.0690374094656163,0.0238040767162423,0.007));
#3553=CARTESIAN_POINT('',(0.0695102037946242,0.0237698086300301,0.007));
#3554=CARTESIAN_POINT('',(0.0696828639128987,0.0234356107806051,0.007));
#3555=CARTESIAN_POINT('',(0.0690987922757806,0.023233990379652,0.007));
#3556=CARTESIAN_POINT('',(0.069305846790174,0.0223122763987635,0.007));
#3557=CARTESIAN_POINT('',(0.0686110154423039,0.0228452841379387,0.007));
#3558=CARTESIAN_POINT('',(0.068563923239708,0.0231079570949077,0.007));
#3559=CARTESIAN_POINT('',(0.068563923239708,0.0231079570949077,0.007));
#3560=CARTESIAN_POINT('',(0.0697121694684029,0.0185007993131876,0.007));
#3561=CARTESIAN_POINT('',(0.0698139035960517,0.0186153070834214,0.007));
#3562=CARTESIAN_POINT('',(0.0701954235649692,0.0183705030971485,0.007));
#3563=CARTESIAN_POINT('',(0.0711104357008668,0.0182448145544005,0.007));
#3564=CARTESIAN_POINT('',(0.0702099339964624,0.0180360378229592,0.007));
#3565=CARTESIAN_POINT('',(0.0695805620536173,0.017560801331808,0.007));
#3566=CARTESIAN_POINT('',(0.0695982372956524,0.0183725619226378,0.007));
#3567=CARTESIAN_POINT('',(0.0697121694684029,0.0185007993131876,0.007));
#3568=CARTESIAN_POINT('',(0.0697121694684029,0.0185007993131876,0.007));
#3569=CARTESIAN_POINT('',(0.0632621422410011,0.0221865270286799,0.007));
#3570=CARTESIAN_POINT('',(0.0634693133596443,0.022330652795171,0.007));
#3571=CARTESIAN_POINT('',(0.0636446972808892,0.0225943283609765,0.007));
#3572=CARTESIAN_POINT('',(0.0649322199674077,0.0220038599920418,0.007));
#3573=CARTESIAN_POINT('',(0.0660782194326235,0.0213547445519687,0.007));
#3574=CARTESIAN_POINT('',(0.0663069213640936,0.0188890484456283,0.007));
#3575=CARTESIAN_POINT('',(0.0658887151145937,0.0182646792674004,0.007));
#3576=CARTESIAN_POINT('',(0.0637097648002528,0.0174313791571438,0.007));
#3577=CARTESIAN_POINT('',(0.0614119624884948,0.0174927684025322,0.007));
#3578=CARTESIAN_POINT('',(0.060559896606077,0.0182072314578056,0.007));
#3579=CARTESIAN_POINT('',(0.059903022847338,0.0194227682876057,0.007));
#3580=CARTESIAN_POINT('',(0.0605718119955032,0.0208593991171091,0.007));
#3581=CARTESIAN_POINT('',(0.0627665725822262,0.0218417668256724,0.007));
#3582=CARTESIAN_POINT('',(0.0632621422410011,0.0221865270286799,0.007));
#3583=CARTESIAN_POINT('',(0.0632621422410011,0.0221865270286799,0.007));
#3584=CARTESIAN_POINT('',(0.0411756746470928,0.00870230793952942,0.007));
#3585=CARTESIAN_POINT('',(0.0411756746470928,0.00870230793952942,1.47451495458029E-17));
#3586=CARTESIAN_POINT('',(0.0409531629440781,0.00843139578487473,0.007));
#3587=CARTESIAN_POINT('',(0.0409531629440781,0.00843139578487473,1.47451495458029E-17));
#3588=CARTESIAN_POINT('',(0.0404948889492479,0.00787371002583681,0.007));
#3589=CARTESIAN_POINT('',(0.0404948889492479,0.00787371002583681,1.64798730217797E-17));
#3590=CARTESIAN_POINT('',(0.0397156062696578,0.00712030499799558,0.007));
#3591=CARTESIAN_POINT('',(0.0397156062696578,0.00712030499799558,1.56125112837913E-17));
#3592=CARTESIAN_POINT('',(0.0387842971763706,0.00658071904215877,0.007));
#3593=CARTESIAN_POINT('',(0.0387842971763706,0.00658071904215877,1.21430643318376E-17));
#3594=CARTESIAN_POINT('',(0.0376689648205184,0.00638568795583869,0.007));
#3595=CARTESIAN_POINT('',(0.0376689648205184,0.00638568795583869,1.64798730217797E-17));
#3596=CARTESIAN_POINT('',(0.0370232724189127,0.00659108902492671,0.007));
#3597=CARTESIAN_POINT('',(0.0370232724189127,0.00659108902492671,1.47451495458029E-17));
#3598=CARTESIAN_POINT('',(0.037469725280626,0.00716914021897421,0.007));
#3599=CARTESIAN_POINT('',(0.037469725280626,0.00716914021897421,1.56125112837913E-17));
#3600=CARTESIAN_POINT('',(0.0377887084977673,0.00751774789842634,0.007));
#3601=CARTESIAN_POINT('',(0.0377887084977673,0.00751774789842634,1.56125112837913E-17));
#3602=CARTESIAN_POINT('',(0.0378116655093503,0.00763589790638357,0.007));
#3603=CARTESIAN_POINT('',(0.0378116655093503,0.00763589790638357,1.21430643318376E-17));
#3604=CARTESIAN_POINT('',(0.0371805072813697,0.00733783272019441,0.007));
#3605=CARTESIAN_POINT('',(0.0371805072813697,0.00733783272019441,1.73472347597681E-17));
#3606=CARTESIAN_POINT('',(0.0360350215247443,0.0069387318632594,0.007));
#3607=CARTESIAN_POINT('',(0.0360350215247443,0.0069387318632594,1.21430643318376E-17));
#3608=CARTESIAN_POINT('',(0.0352476475303736,0.00707675383687496,0.00700000000000001));
#3609=CARTESIAN_POINT('',(0.0352476475303736,0.00707675383687496,1.99493199737333E-17));
#3610=CARTESIAN_POINT('',(0.0349541247024431,0.00728288498701611,0.007));
#3611=CARTESIAN_POINT('',(0.0349541247024431,0.00728288498701611,1.21430643318376E-17));
#3612=CARTESIAN_POINT('',(0.0349910513985323,0.00748032966656295,0.007));
#3613=CARTESIAN_POINT('',(0.0349910513985323,0.00748032966656295,1.64798730217797E-17));
#3614=CARTESIAN_POINT('',(0.0354470964579407,0.00764069640491362,0.007));
#3615=CARTESIAN_POINT('',(0.0354470964579407,0.00764069640491362,1.38777878078145E-17));
#3616=CARTESIAN_POINT('',(0.0355747651181199,0.00795289752530511,0.007));
#3617=CARTESIAN_POINT('',(0.0355747651181199,0.00795289752530511,1.73472347597681E-17));
#3618=CARTESIAN_POINT('',(0.0354797611257822,0.00820614037628706,0.007));
#3619=CARTESIAN_POINT('',(0.0354797611257822,0.00820614037628706,1.64798730217797E-17));
#3620=CARTESIAN_POINT('',(0.0352402039512863,0.00836097793156165,0.007));
#3621=CARTESIAN_POINT('',(0.0352402039512863,0.00836097793156165,1.56125112837913E-17));
#3622=CARTESIAN_POINT('',(0.0347710435973188,0.00833527940462774,0.007));
#3623=CARTESIAN_POINT('',(0.0347710435973188,0.00833527940462774,1.64798730217797E-17));
#3624=CARTESIAN_POINT('',(0.0342015705728217,0.00817362441001288,0.007));
#3625=CARTESIAN_POINT('',(0.0342015705728217,0.00817362441001288,1.38777878078145E-17));
#3626=CARTESIAN_POINT('',(0.0337727974691829,0.00826276447799139,0.007));
#3627=CARTESIAN_POINT('',(0.0337727974691829,0.00826276447799139,1.56125112837913E-17));
#3628=CARTESIAN_POINT('',(0.0335097798748282,0.00861821144626002,0.007));
#3629=CARTESIAN_POINT('',(0.0335097798748282,0.00861821144626002,1.64798730217797E-17));
#3630=CARTESIAN_POINT('',(0.0335104677858264,0.00921060881871887,0.00699999999999999));
#3631=CARTESIAN_POINT('',(0.0335104677858264,0.00921060881871887,8.67361737988404E-18));
#3632=CARTESIAN_POINT('',(0.0339823243960415,0.0092392214745304,0.007));
#3633=CARTESIAN_POINT('',(0.0339823243960415,0.0092392214745304,1.90819582357449E-17));
#3634=CARTESIAN_POINT('',(0.0339039679987451,0.00946960384906679,0.007));
#3635=CARTESIAN_POINT('',(0.0339039679987451,0.00946960384906679,1.38777878078145E-17));
#3636=CARTESIAN_POINT('',(0.0337446597521405,0.00971078359751737,0.007));
#3637=CARTESIAN_POINT('',(0.0337446597521405,0.00971078359751737,1.38777878078145E-17));
#3638=CARTESIAN_POINT('',(0.0336575983576514,0.00997488024482727,0.007));
#3639=CARTESIAN_POINT('',(0.0336575983576514,0.00997488024482727,1.56125112837913E-17));
#3640=CARTESIAN_POINT('',(0.033705900794638,0.0102271568230184,0.007));
#3641=CARTESIAN_POINT('',(0.033705900794638,0.0102271568230184,1.47451495458029E-17));
#3642=CARTESIAN_POINT('',(0.0337175939001423,0.0104553351862535,0.007));
#3643=CARTESIAN_POINT('',(0.0337175939001423,0.0104553351862535,1.56125112837913E-17));
#3644=CARTESIAN_POINT('',(0.0334480415780792,0.0107008754574661,0.007));
#3645=CARTESIAN_POINT('',(0.0334480415780792,0.0107008754574661,1.30104260698261E-17));
#3646=CARTESIAN_POINT('',(0.0329067386336617,0.0108693553694122,0.007));
#3647=CARTESIAN_POINT('',(0.0329067386336617,0.0108693553694122,1.73472347597681E-17));
#3648=CARTESIAN_POINT('',(0.0329269253962538,0.0110070098391093,0.007));
#3649=CARTESIAN_POINT('',(0.0329269253962538,0.0110070098391093,1.30104260698261E-17));
#3650=CARTESIAN_POINT('',(0.0331695667225614,0.0111291540103376,0.007));
#3651=CARTESIAN_POINT('',(0.0331695667225614,0.0111291540103376,1.56125112837913E-17));
#3652=CARTESIAN_POINT('',(0.0333987321408207,0.0113267360595104,0.007));
#3653=CARTESIAN_POINT('',(0.0333987321408207,0.0113267360595104,1.47451495458029E-17));
#3654=CARTESIAN_POINT('',(0.0334563326057545,0.0117449979931069,0.007));
#3655=CARTESIAN_POINT('',(0.0334563326057545,0.0117449979931069,1.56125112837913E-17));
#3656=CARTESIAN_POINT('',(0.0333545758425733,0.0122456224558778,0.007));
#3657=CARTESIAN_POINT('',(0.0333545758425733,0.0122456224558778,1.82145964977565E-17));
#3658=CARTESIAN_POINT('',(0.0335352160794955,0.0125061148802542,0.007));
#3659=CARTESIAN_POINT('',(0.0335352160794955,0.0125061148802542,1.47451495458029E-17));
#3660=CARTESIAN_POINT('',(0.0337541745841438,0.0126200289705695,0.007));
#3661=CARTESIAN_POINT('',(0.0337541745841438,0.0126200289705695,1.56125112837913E-17));
#3662=CARTESIAN_POINT('',(0.0338720895257753,0.0127772863906761,0.007));
#3663=CARTESIAN_POINT('',(0.0338720895257753,0.0127772863906761,1.56125112837913E-17));
#3664=CARTESIAN_POINT('',(0.0337660086975875,0.0131430407901266,0.007));
#3665=CARTESIAN_POINT('',(0.0337660086975875,0.0131430407901266,1.56125112837913E-17));
#3666=CARTESIAN_POINT('',(0.033478725818603,0.0137632083405058,0.007));
#3667=CARTESIAN_POINT('',(0.033478725818603,0.0137632083405058,1.30104260698261E-17));
#3668=CARTESIAN_POINT('',(0.033990797866508,0.0143770310593927,0.007));
#3669=CARTESIAN_POINT('',(0.033990797866508,0.0143770310593927,1.73472347597681E-17));
#3670=CARTESIAN_POINT('',(0.0351130441465843,0.0149432471654725,0.007));
#3671=CARTESIAN_POINT('',(0.0351130441465843,0.0149432471654725,1.38777878078145E-17));
#3672=CARTESIAN_POINT('',(0.0363866727630236,0.0156197474157486,0.007));
#3673=CARTESIAN_POINT('',(0.0363866727630236,0.0156197474157486,1.47451495458029E-17));
#3674=CARTESIAN_POINT('',(0.0373309151420953,0.0165747418053714,0.007));
#3675=CARTESIAN_POINT('',(0.0373309151420953,0.0165747418053714,1.64798730217797E-17));
#3676=CARTESIAN_POINT('',(0.0378705681701786,0.0178193408607708,0.007));
#3677=CARTESIAN_POINT('',(0.0378705681701786,0.0178193408607708,1.47451495458029E-17));
#3678=CARTESIAN_POINT('',(0.0382596945211205,0.0192417840572215,0.007));
#3679=CARTESIAN_POINT('',(0.0382596945211205,0.0192417840572215,1.73472347597681E-17));
#3680=CARTESIAN_POINT('',(0.0386595873933606,0.0207530268423183,0.007));
#3681=CARTESIAN_POINT('',(0.0386595873933606,0.0207530268423183,1.38777878078145E-17));
#3682=CARTESIAN_POINT('',(0.0393245490423231,0.0222763721431549,0.007));
#3683=CARTESIAN_POINT('',(0.0393245490423231,0.0222763721431549,1.73472347597681E-17));
#3684=CARTESIAN_POINT('',(0.0401502534452643,0.0236413018971659,0.007));
#3685=CARTESIAN_POINT('',(0.0401502534452643,0.0236413018971659,1.47451495458029E-17));
#3686=CARTESIAN_POINT('',(0.0406114579086599,0.0244262467604796,0.007));
#3687=CARTESIAN_POINT('',(0.0406114579086599,0.0244262467604796,1.56125112837913E-17));
#3688=CARTESIAN_POINT('',(0.0406703137145206,0.0247281542127266,0.007));
#3689=CARTESIAN_POINT('',(0.0406703137145206,0.0247281542127266,1.12757025938492E-17));
#3690=CARTESIAN_POINT('',(0.040440494003117,0.0247503502915055,0.007));
#3691=CARTESIAN_POINT('',(0.040440494003117,0.0247503502915055,1.90819582357449E-17));
#3692=CARTESIAN_POINT('',(0.039872748597134,0.0245122339892802,0.007));
#3693=CARTESIAN_POINT('',(0.039872748597134,0.0245122339892802,1.64798730217797E-17));
#3694=CARTESIAN_POINT('',(0.0393040929437305,0.0245008264236187,0.007));
#3695=CARTESIAN_POINT('',(0.0393040929437305,0.0245008264236187,1.56125112837913E-17));
#3696=CARTESIAN_POINT('',(0.0388558847559701,0.024821982774639,0.007));
#3697=CARTESIAN_POINT('',(0.0388558847559701,0.024821982774639,1.56125112837913E-17));
#3698=CARTESIAN_POINT('',(0.0385072612271135,0.0257661640482259,0.007));
#3699=CARTESIAN_POINT('',(0.0385072612271135,0.0257661640482259,1.56125112837913E-17));
#3700=CARTESIAN_POINT('',(0.0381825116017327,0.0271628591996678,0.007));
#3701=CARTESIAN_POINT('',(0.0381825116017327,0.0271628591996678,1.30104260698261E-17));
#3702=CARTESIAN_POINT('',(0.0376935425648586,0.0282041236625804,0.007));
#3703=CARTESIAN_POINT('',(0.0376935425648586,0.0282041236625804,1.82145964977565E-17));
#3704=CARTESIAN_POINT('',(0.0370385662578243,0.0284152357938651,0.007));
#3705=CARTESIAN_POINT('',(0.0370385662578243,0.0284152357938651,1.21430643318376E-17));
#3706=CARTESIAN_POINT('',(0.0366878226433064,0.0285746560195236,0.007));
#3707=CARTESIAN_POINT('',(0.0366878226433064,0.0285746560195236,1.64798730217797E-17));
#3708=CARTESIAN_POINT('',(0.0365661959402717,0.0288459864740714,0.007));
#3709=CARTESIAN_POINT('',(0.0365661959402717,0.0288459864740714,1.21430643318376E-17));
#3710=CARTESIAN_POINT('',(0.0367605805614234,0.0293271725610029,0.007));
#3711=CARTESIAN_POINT('',(0.0367605805614234,0.0293271725610029,1.90819582357449E-17));
#3712=CARTESIAN_POINT('',(0.0368650418332067,0.029834072983172,0.007));
#3713=CARTESIAN_POINT('',(0.0368650418332067,0.029834072983172,1.30104260698261E-17));
#3714=CARTESIAN_POINT('',(0.0367673562395069,0.0302989267843158,0.007));
#3715=CARTESIAN_POINT('',(0.0367673562395069,0.0302989267843158,1.64798730217797E-17));
#3716=CARTESIAN_POINT('',(0.0363305887801161,0.0308216046818588,0.007));
#3717=CARTESIAN_POINT('',(0.0363305887801161,0.0308216046818588,1.56125112837913E-17));
#3718=CARTESIAN_POINT('',(0.0358206969430693,0.0315547451817073,0.007));
#3719=CARTESIAN_POINT('',(0.0358206969430693,0.0315547451817073,1.47451495458029E-17));
#3720=CARTESIAN_POINT('',(0.0357439199927624,0.0325458289319139,0.007));
#3721=CARTESIAN_POINT('',(0.0357439199927624,0.0325458289319139,1.64798730217797E-17));
#3722=CARTESIAN_POINT('',(0.0359702362110417,0.0336674643813689,0.007));
#3723=CARTESIAN_POINT('',(0.0359702362110417,0.0336674643813689,1.38777878078145E-17));
#3724=CARTESIAN_POINT('',(0.0364101633704741,0.0348158795725628,0.007));
#3725=CARTESIAN_POINT('',(0.0364101633704741,0.0348158795725628,1.56125112837913E-17));
#3726=CARTESIAN_POINT('',(0.0369712259697214,0.0358747070425591,0.007));
#3727=CARTESIAN_POINT('',(0.0369712259697214,0.0358747070425591,1.47451495458029E-17));
#3728=CARTESIAN_POINT('',(0.0376165317000009,0.0367154567372211,0.007));
#3729=CARTESIAN_POINT('',(0.0376165317000009,0.0367154567372211,1.30104260698261E-17));
#3730=CARTESIAN_POINT('',(0.0383100155110028,0.0371689867369069,0.007));
#3731=CARTESIAN_POINT('',(0.0383100155110028,0.0371689867369069,1.64798730217797E-17));
#3732=CARTESIAN_POINT('',(0.0389896463307448,0.0372373861966563,0.007));
#3733=CARTESIAN_POINT('',(0.0389896463307448,0.0372373861966563,1.73472347597681E-17));
#3734=CARTESIAN_POINT('',(0.0394234042649051,0.0376174870267293,0.007));
#3735=CARTESIAN_POINT('',(0.0394234042649051,0.0376174870267293,1.30104260698261E-17));
#3736=CARTESIAN_POINT('',(0.0396171716972626,0.0384630431410773,0.007));
#3737=CARTESIAN_POINT('',(0.0396171716972626,0.0384630431410773,1.38777878078145E-17));
#3738=CARTESIAN_POINT('',(0.0398734094364558,0.0393586275259563,0.007));
#3739=CARTESIAN_POINT('',(0.0398734094364558,0.0393586275259563,1.73472347597681E-17));
#3740=CARTESIAN_POINT('',(0.0403482525054109,0.0400926417409575,0.007));
#3741=CARTESIAN_POINT('',(0.0403482525054109,0.0400926417409575,1.47451495458029E-17));
#3742=CARTESIAN_POINT('',(0.0408261935785784,0.0408424599322355,0.007));
#3743=CARTESIAN_POINT('',(0.0408261935785784,0.0408424599322355,1.47451495458029E-17));
#3744=CARTESIAN_POINT('',(0.0410783233575685,0.0417772390420951,0.007));
#3745=CARTESIAN_POINT('',(0.0410783233575685,0.0417772390420951,1.47451495458029E-17));
#3746=CARTESIAN_POINT('',(0.0412248854341384,0.0428585043512448,0.007));
#3747=CARTESIAN_POINT('',(0.0412248854341384,0.0428585043512448,1.47451495458029E-17));
#3748=CARTESIAN_POINT('',(0.0415113699164138,0.0439619394844401,0.007));
#3749=CARTESIAN_POINT('',(0.0415113699164138,0.0439619394844401,1.47451495458029E-17));
#3750=CARTESIAN_POINT('',(0.0422064665319006,0.044978926593213,0.007));
#3751=CARTESIAN_POINT('',(0.0422064665319006,0.044978926593213,1.47451495458029E-17));
#3752=CARTESIAN_POINT('',(0.0432279128802071,0.0458337929177113,0.007));
#3753=CARTESIAN_POINT('',(0.0432279128802071,0.0458337929177113,1.47451495458029E-17));
#3754=CARTESIAN_POINT('',(0.0443343889738006,0.046479614187875,0.007));
#3755=CARTESIAN_POINT('',(0.0443343889738006,0.046479614187875,1.47451495458029E-17));
#3756=CARTESIAN_POINT('',(0.0451695419163644,0.0467704078680392,0.007));
#3757=CARTESIAN_POINT('',(0.0451695419163644,0.0467704078680392,1.47451495458029E-17));
#3758=CARTESIAN_POINT('',(0.0456570190310703,0.0468868156751085,0.007));
#3759=CARTESIAN_POINT('',(0.0456570190310703,0.0468868156751085,1.47451495458029E-17));
#3760=CARTESIAN_POINT('',(0.0458855117409422,0.0469806071315424,0.007));
#3761=CARTESIAN_POINT('',(0.0458855117409422,0.0469806071315424,1.47451495458029E-17));
#3762=CARTESIAN_POINT('',(0.0459117329899966,0.0471351975254745,0.007));
#3763=CARTESIAN_POINT('',(0.0459117329899966,0.0471351975254745,1.30104260698261E-17));
#3764=CARTESIAN_POINT('',(0.0457760651954409,0.0473665687055111,0.007));
#3765=CARTESIAN_POINT('',(0.0457760651954409,0.0473665687055111,1.47451495458029E-17));
#3766=CARTESIAN_POINT('',(0.0457315878033168,0.0476002843983421,0.007));
#3767=CARTESIAN_POINT('',(0.0457315878033168,0.0476002843983421,1.30104260698261E-17));
#3768=CARTESIAN_POINT('',(0.0460202320536548,0.0477724423315899,0.00700000000000001));
#3769=CARTESIAN_POINT('',(0.0460202320536548,0.0477724423315899,1.99493199737333E-17));
#3770=CARTESIAN_POINT('',(0.0465167009852796,0.0478896081558645,0.007));
#3771=CARTESIAN_POINT('',(0.0465167009852796,0.0478896081558645,1.21430643318376E-17));
#3772=CARTESIAN_POINT('',(0.0470537143676152,0.0479667966099997,0.007));
#3773=CARTESIAN_POINT('',(0.0470537143676152,0.0479667966099997,1.82145964977565E-17));
#3774=CARTESIAN_POINT('',(0.0474830957006632,0.0480167646377871,0.007));
#3775=CARTESIAN_POINT('',(0.0474830957006632,0.0480167646377871,1.38777878078145E-17));
#3776=CARTESIAN_POINT('',(0.0476680619009472,0.048064989918847,0.007));
#3777=CARTESIAN_POINT('',(0.0476680619009472,0.048064989918847,1.73472347597681E-17));
#3778=CARTESIAN_POINT('',(0.0470632481308734,0.0481253999118806,0.007));
#3779=CARTESIAN_POINT('',(0.0470632481308734,0.0481253999118806,1.38777878078145E-17));
#3780=CARTESIAN_POINT('',(0.0461035553152111,0.0484597223636432,0.007));
#3781=CARTESIAN_POINT('',(0.0461035553152111,0.0484597223636432,1.56125112837913E-17));
#3782=CARTESIAN_POINT('',(0.0454690698946279,0.0489292270165268,0.007));
#3783=CARTESIAN_POINT('',(0.0454690698946279,0.0489292270165268,1.56125112837913E-17));
#3784=CARTESIAN_POINT('',(0.0456363969739214,0.0491790845245343,0.007));
#3785=CARTESIAN_POINT('',(0.0456363969739214,0.0491790845245343,1.73472347597681E-17));
#3786=CARTESIAN_POINT('',(0.0464957258532208,0.049135357076794,0.007));
#3787=CARTESIAN_POINT('',(0.0464957258532208,0.049135357076794,1.47451495458029E-17));
#3788=CARTESIAN_POINT('',(0.0473569704495128,0.0489527277593477,0.007));
#3789=CARTESIAN_POINT('',(0.0473569704495128,0.0489527277593477,1.47451495458029E-17));
#3790=CARTESIAN_POINT('',(0.0477372691856544,0.0489076330362722,0.007));
#3791=CARTESIAN_POINT('',(0.0477372691856544,0.0489076330362722,1.38777878078145E-17));
#3792=CARTESIAN_POINT('',(0.0477606029322485,0.04899558615286,0.007));
#3793=CARTESIAN_POINT('',(0.0477606029322485,0.04899558615286,1.47451495458029E-17));
#3794=CARTESIAN_POINT('',(0.047118484859132,0.0493665783335452,0.007));
#3795=CARTESIAN_POINT('',(0.047118484859132,0.0493665783335452,1.64798730217797E-17));
#3796=CARTESIAN_POINT('',(0.0460752248204705,0.0499330124582578,0.007));
#3797=CARTESIAN_POINT('',(0.0460752248204705,0.0499330124582578,1.30104260698261E-17));
#3798=CARTESIAN_POINT('',(0.0455881941663975,0.0502774541201661,0.007));
#3799=CARTESIAN_POINT('',(0.0455881941663975,0.0502774541201661,1.56125112837913E-17));
#3800=CARTESIAN_POINT('',(0.0457219246683138,0.0504104306098542,0.007));
#3801=CARTESIAN_POINT('',(0.0457219246683138,0.0504104306098542,1.38777878078145E-17));
#3802=CARTESIAN_POINT('',(0.0462084083229119,0.0504493048697398,0.007));
#3803=CARTESIAN_POINT('',(0.0462084083229119,0.0504493048697398,1.82145964977565E-17));
#3804=CARTESIAN_POINT('',(0.0468523573203488,0.0504319275526126,0.007));
#3805=CARTESIAN_POINT('',(0.0468523573203488,0.0504319275526126,1.73472347597681E-17));
#3806=CARTESIAN_POINT('',(0.0469466090336001,0.0505153225271463,0.007));
#3807=CARTESIAN_POINT('',(0.0469466090336001,0.0505153225271463,1.47451495458029E-17));
#3808=CARTESIAN_POINT('',(0.0466764455173482,0.0506883170585903,0.007));
#3809=CARTESIAN_POINT('',(0.0466764455173482,0.0506883170585903,1.56125112837913E-17));
#3810=CARTESIAN_POINT('',(0.0459369571331706,0.0511199182071548,0.007));
#3811=CARTESIAN_POINT('',(0.0459369571331706,0.0511199182071548,1.30104260698261E-17));
#3812=CARTESIAN_POINT('',(0.0452487965174356,0.051778069362306,0.007));
#3813=CARTESIAN_POINT('',(0.0452487965174356,0.051778069362306,1.64798730217797E-17));
#3814=CARTESIAN_POINT('',(0.0450448129890865,0.052107325148878,0.007));
#3815=CARTESIAN_POINT('',(0.0450448129890865,0.052107325148878,1.38777878078145E-17));
#3816=CARTESIAN_POINT('',(0.0452038808153834,0.0521932370836158,0.007));
#3817=CARTESIAN_POINT('',(0.0452038808153834,0.0521932370836158,1.73472347597681E-17));
#3818=CARTESIAN_POINT('',(0.0460828190159447,0.0518046099225001,0.007));
#3819=CARTESIAN_POINT('',(0.0460828190159447,0.0518046099225001,1.12757025938492E-17));
#3820=CARTESIAN_POINT('',(0.0469283859190183,0.051383340266036,0.007));
#3821=CARTESIAN_POINT('',(0.0469283859190183,0.051383340266036,1.21430643318376E-17));
#3822=CARTESIAN_POINT('',(0.0470146471332286,0.0513949067481484,0.007));
#3823=CARTESIAN_POINT('',(0.0470146471332286,0.0513949067481484,1.64798730217797E-17));
#3824=CARTESIAN_POINT('',(0.0467434613425691,0.0516511957877486,0.007));
#3825=CARTESIAN_POINT('',(0.0467434613425691,0.0516511957877486,1.21430643318376E-17));
#3826=CARTESIAN_POINT('',(0.0460318965099137,0.052308992618842,0.007));
#3827=CARTESIAN_POINT('',(0.0460318965099137,0.052308992618842,1.82145964977565E-17));
#3828=CARTESIAN_POINT('',(0.0455559993774443,0.053411469570265,0.007));
#3829=CARTESIAN_POINT('',(0.0455559993774443,0.053411469570265,1.21430643318376E-17));
#3830=CARTESIAN_POINT('',(0.0456313830238582,0.0541018451610386,0.007));
#3831=CARTESIAN_POINT('',(0.0456313830238582,0.0541018451610386,1.82145964977565E-17));
#3832=CARTESIAN_POINT('',(0.0458946021073594,0.0541085306455279,0.007));
#3833=CARTESIAN_POINT('',(0.0458946021073594,0.0541085306455279,1.04083408558608E-17));
#3834=CARTESIAN_POINT('',(0.0462677726216845,0.0537427629522276,0.007));
#3835=CARTESIAN_POINT('',(0.0462677726216845,0.0537427629522276,1.90819582357449E-17));
#3836=CARTESIAN_POINT('',(0.0466958959340244,0.0531757228919991,0.007));
#3837=CARTESIAN_POINT('',(0.0466958959340244,0.0531757228919991,1.64798730217797E-17));
#3838=CARTESIAN_POINT('',(0.0469690615110547,0.0530472399409386,0.007));
#3839=CARTESIAN_POINT('',(0.0469690615110547,0.0530472399409386,1.47451495458029E-17));
#3840=CARTESIAN_POINT('',(0.0471022821988272,0.0533411566590612,0.007));
#3841=CARTESIAN_POINT('',(0.0471022821988272,0.0533411566590612,1.47451495458029E-17));
#3842=CARTESIAN_POINT('',(0.0471209191289446,0.0542762512726547,0.007));
#3843=CARTESIAN_POINT('',(0.0471209191289446,0.0542762512726547,1.38777878078145E-17));
#3844=CARTESIAN_POINT('',(0.0471737362967505,0.055819963502121,0.007));
#3845=CARTESIAN_POINT('',(0.0471737362967505,0.055819963502121,1.64798730217797E-17));
#3846=CARTESIAN_POINT('',(0.0475892375365089,0.0571994142798706,0.007));
#3847=CARTESIAN_POINT('',(0.0475892375365089,0.0571994142798706,1.38777878078145E-17));
#3848=CARTESIAN_POINT('',(0.0483671709104375,0.0582819826313092,0.007));
#3849=CARTESIAN_POINT('',(0.0483671709104375,0.0582819826313092,1.64798730217797E-17));
#3850=CARTESIAN_POINT('',(0.0493583109176483,0.0591374010611617,0.007));
#3851=CARTESIAN_POINT('',(0.0493583109176483,0.0591374010611617,1.38777878078145E-17));
#3852=CARTESIAN_POINT('',(0.0504460948214862,0.0597867831082123,0.007));
#3853=CARTESIAN_POINT('',(0.0504460948214862,0.0597867831082123,1.64798730217797E-17));
#3854=CARTESIAN_POINT('',(0.0518756103123543,0.0604212095403152,0.007));
#3855=CARTESIAN_POINT('',(0.0518756103123543,0.0604212095403152,1.30104260698261E-17));
#3856=CARTESIAN_POINT('',(0.0536825044846049,0.0608077604171566,0.007));
#3857=CARTESIAN_POINT('',(0.0536825044846049,0.0608077604171566,1.21430643318376E-17));
#3858=CARTESIAN_POINT('',(0.0556304522769522,0.0607401307588243,0.007));
#3859=CARTESIAN_POINT('',(0.0556304522769522,0.0607401307588243,1.73472347597681E-17));
#3860=CARTESIAN_POINT('',(0.0572060596992776,0.0605123425720371,0.007));
#3861=CARTESIAN_POINT('',(0.0572060596992776,0.0605123425720371,1.30104260698261E-17));
#3862=CARTESIAN_POINT('',(0.0583881426022222,0.0603022270885712,0.007));
#3863=CARTESIAN_POINT('',(0.0583881426022222,0.0603022270885712,1.64798730217797E-17));
#3864=CARTESIAN_POINT('',(0.0594888579835227,0.0599402229330757,0.007));
#3865=CARTESIAN_POINT('',(0.0594888579835227,0.0599402229330757,1.64798730217797E-17));
#3866=CARTESIAN_POINT('',(0.0604006598198598,0.059260607933955,0.007));
#3867=CARTESIAN_POINT('',(0.0604006598198598,0.059260607933955,1.38777878078145E-17));
#3868=CARTESIAN_POINT('',(0.0609884265337191,0.0580322969187315,0.007));
#3869=CARTESIAN_POINT('',(0.0609884265337191,0.0580322969187315,1.47451495458029E-17));
#3870=CARTESIAN_POINT('',(0.0613863217286267,0.0558786169072576,0.007));
#3871=CARTESIAN_POINT('',(0.0613863217286267,0.0558786169072576,1.47451495458029E-17));
#3872=CARTESIAN_POINT('',(0.0615867519138425,0.0539863111166122,0.007));
#3873=CARTESIAN_POINT('',(0.0615867519138425,0.0539863111166122,1.73472347597681E-17));
#3874=CARTESIAN_POINT('',(0.0622672533835635,0.0542579161255115,0.007));
#3875=CARTESIAN_POINT('',(0.0622672533835635,0.0542579161255115,1.21430643318376E-17));
#3876=CARTESIAN_POINT('',(0.0629054160151515,0.0550478609680848,0.007));
#3877=CARTESIAN_POINT('',(0.0629054160151515,0.0550478609680848,1.82145964977565E-17));
#3878=CARTESIAN_POINT('',(0.063541392394151,0.0558501278207247,0.007));
#3879=CARTESIAN_POINT('',(0.063541392394151,0.0558501278207247,1.64798730217797E-17));
#3880=CARTESIAN_POINT('',(0.0639345336423396,0.0561769447060423,0.007));
#3881=CARTESIAN_POINT('',(0.0639345336423396,0.0561769447060423,1.38777878078145E-17));
#3882=CARTESIAN_POINT('',(0.0638465723984765,0.055572377246256,0.007));
#3883=CARTESIAN_POINT('',(0.0638465723984765,0.055572377246256,1.73472347597681E-17));
#3884=CARTESIAN_POINT('',(0.0640468523673284,0.0553372013911713,0.007));
#3885=CARTESIAN_POINT('',(0.0640468523673284,0.0553372013911713,1.56125112837913E-17));
#3886=CARTESIAN_POINT('',(0.0634896773006443,0.0545999023312572,0.007));
#3887=CARTESIAN_POINT('',(0.0634896773006443,0.0545999023312572,1.30104260698261E-17));
#3888=CARTESIAN_POINT('',(0.0628332071960816,0.0538917655671618,0.007));
#3889=CARTESIAN_POINT('',(0.0628332071960816,0.0538917655671618,1.56125112837913E-17));
#3890=CARTESIAN_POINT('',(0.0631163943673238,0.0540629179786869,0.007));
#3891=CARTESIAN_POINT('',(0.0631163943673238,0.0540629179786869,1.73472347597681E-17));
#3892=CARTESIAN_POINT('',(0.0636544632804426,0.0545217211512551,0.007));
#3893=CARTESIAN_POINT('',(0.0636544632804426,0.0545217211512551,1.47451495458029E-17));
#3894=CARTESIAN_POINT('',(0.063896045088768,0.0547390542924404,0.007));
#3895=CARTESIAN_POINT('',(0.063896045088768,0.0547390542924404,1.47451495458029E-17));
#3896=CARTESIAN_POINT('',(0.0411756746470928,0.00870230793952942,0.));
#3897=CARTESIAN_POINT('',(0.0405163848778201,0.00789961033074959,0.));
#3898=CARTESIAN_POINT('',(0.03929296721294,0.00641007647187968,0.));
#3899=CARTESIAN_POINT('',(0.0365228098566837,0.00635619707464221,0.));
#3900=CARTESIAN_POINT('',(0.0385221367482431,0.00811293331716336,0.));
#3901=CARTESIAN_POINT('',(0.0360983265230837,0.00667223270779285,0.));
#3902=CARTESIAN_POINT('',(0.0345304310001113,0.0073723551714698,0.));
#3903=CARTESIAN_POINT('',(0.0357274877914944,0.00768940317673872,0.));
#3904=CARTESIAN_POINT('',(0.0353276047071438,0.00866555806802252,0.));
#3905=CARTESIAN_POINT('',(0.0336709387096329,0.00781129450756184,0.));
#3906=CARTESIAN_POINT('',(0.0333921861975311,0.00920932554462347,0.));
#3907=CARTESIAN_POINT('',(0.0341524552459292,0.00924330673041176,0.));
#3908=CARTESIAN_POINT('',(0.0335062189527071,0.00990018744461159,0.));
#3909=CARTESIAN_POINT('',(0.0339389029569289,0.0106031884048407,0.));
#3910=CARTESIAN_POINT('',(0.0325133593284579,0.0109361500801218,0.));
#3911=CARTESIAN_POINT('',(0.0336709639778295,0.0112264252233925,0.));
#3912=CARTESIAN_POINT('',(0.0331880135927687,0.0124935227299711,0.));
#3913=CARTESIAN_POINT('',(0.0341504616863916,0.012655539025344,0.));
#3914=CARTESIAN_POINT('',(0.0328428337975616,0.0143403810638927,0.));
#3915=CARTESIAN_POINT('',(0.0380667274963675,0.0155724503628036,0.));
#3916=CARTESIAN_POINT('',(0.0381290773536995,0.0211415058667258,0.));
#3917=CARTESIAN_POINT('',(0.0416280594760782,0.0255372651278905,0.));
#3918=CARTESIAN_POINT('',(0.03848704425748,0.0236057397014987,0.));
#3919=CARTESIAN_POINT('',(0.0383553645424364,0.0284816409035027,0.));
#3920=CARTESIAN_POINT('',(0.0361800998578621,0.0283931593240371,0.));
#3921=CARTESIAN_POINT('',(0.03729151834279,0.0301176086317515,0.));
#3922=CARTESIAN_POINT('',(0.0353818554763334,0.0314085709559043,0.));
#3923=CARTESIAN_POINT('',(0.036157739778977,0.0347028756530653,0.));
#3924=CARTESIAN_POINT('',(0.0378663768610433,0.0373004381239569,0.));
#3925=CARTESIAN_POINT('',(0.0394952747090875,0.0371518820322204,0.));
#3926=CARTESIAN_POINT('',(0.0396488512425069,0.0393912933937789,0.));
#3927=CARTESIAN_POINT('',(0.0412564363978046,0.0410201313885737,0.));
#3928=CARTESIAN_POINT('',(0.041063978394558,0.0445904066083447,0.));
#3929=CARTESIAN_POINT('',(0.0446993918468934,0.0468218976299656,0.));
#3930=CARTESIAN_POINT('',(0.0461891446421167,0.0469175069702471,0.));
#3931=CARTESIAN_POINT('',(0.0452796154813264,0.0478651193850853,0.));
#3932=CARTESIAN_POINT('',(0.0483499224348324,0.04803481956323,0.));
#3933=CARTESIAN_POINT('',(0.0465790498988507,0.0481414815346575,0.));
#3934=CARTESIAN_POINT('',(0.0451530184411393,0.0490716896647873,0.));
#3935=CARTESIAN_POINT('',(0.0462791168310438,0.0492393182721995,0.));
#3936=CARTESIAN_POINT('',(0.0486905688936856,0.0485924209614335,0.));
#3937=CARTESIAN_POINT('',(0.0461023229837137,0.0498636655009772,0.));
#3938=CARTESIAN_POINT('',(0.0453056727490467,0.0505277280814263,0.));
#3939=CARTESIAN_POINT('',(0.0474840397553217,0.0503492704722417,0.));
#3940=CARTESIAN_POINT('',(0.0460723540163521,0.0509055098533175,0.));
#3941=CARTESIAN_POINT('',(0.0441681974206474,0.0528588897969663,0.));
#3942=CARTESIAN_POINT('',(0.0480445603649591,0.050733368888088,0.));
#3943=CARTESIAN_POINT('',(0.0455099598402982,0.0524861786034922,0.));
#3944=CARTESIAN_POINT('',(0.0455678380948623,0.0549480158452645,0.));
#3945=CARTESIAN_POINT('',(0.0474545292815147,0.0517901387022113,0.));
#3946=CARTESIAN_POINT('',(0.0466440282260285,0.0570479363175213,0.));
#3947=CARTESIAN_POINT('',(0.0502094662594842,0.0599539044437905,0.));
#3948=CARTESIAN_POINT('',(0.0537501916924602,0.0609606194111852,0.));
#3949=CARTESIAN_POINT('',(0.0575789001571128,0.0605264871833214,0.));
#3950=CARTESIAN_POINT('',(0.0614282175880085,0.0595682796686694,0.));
#3951=CARTESIAN_POINT('',(0.0613174721389638,0.0530603974446791,0.));
#3952=CARTESIAN_POINT('',(0.0629307716643957,0.0550828245659864,0.));
#3953=CARTESIAN_POINT('',(0.0639631598431661,0.0563734013986928,0.));
#3954=CARTESIAN_POINT('',(0.0638462116313011,0.0555491678007132,0.));
#3955=CARTESIAN_POINT('',(0.0641173885757703,0.0552263642261385,0.));
#3956=CARTESIAN_POINT('',(0.0623520516764607,0.0534374266624043,0.));
#3957=CARTESIAN_POINT('',(0.0634561226444003,0.0543432888688139,0.));
#3958=CARTESIAN_POINT('',(0.063896045088768,0.0547390542924404,0.));
#3959=CARTESIAN_POINT('',(0.0411756746470928,0.00870230793952942,0.));
#3960=CARTESIAN_POINT('',(0.063896045088768,0.0547390542924404,0.));
#3961=CARTESIAN_POINT('',(0.0411756746470928,0.00870230793952942,0.007));
#3962=CARTESIAN_POINT('',(0.063896045088768,0.0547390542924404,0.007));
#3963=CARTESIAN_POINT('',(0.063896045088768,0.0547390542924404,0.007));
#3964=CARTESIAN_POINT('',(0.063896045088768,0.0547390542924404,9.54097911787244E-18));
#3965=CARTESIAN_POINT('',(0.0639399470837264,0.0546585943563177,0.007));
#3966=CARTESIAN_POINT('',(0.0639399470837264,0.0546585943563177,9.54097911787244E-18));
#3967=CARTESIAN_POINT('',(0.0640088434087439,0.054541207254679,0.007));
#3968=CARTESIAN_POINT('',(0.0640088434087439,0.054541207254679,7.80625564189563E-18));
#3969=CARTESIAN_POINT('',(0.0638575259370246,0.0542205902111586,0.007));
#3970=CARTESIAN_POINT('',(0.0638575259370246,0.0542205902111586,1.04083408558608E-17));
#3971=CARTESIAN_POINT('',(0.0635226173231836,0.0537792135208889,0.007));
#3972=CARTESIAN_POINT('',(0.0635226173231836,0.0537792135208889,7.80625564189563E-18));
#3973=CARTESIAN_POINT('',(0.0629546377364626,0.0531544968290848,0.007));
#3974=CARTESIAN_POINT('',(0.0629546377364626,0.0531544968290848,1.21430643318376E-17));
#3975=CARTESIAN_POINT('',(0.0625197405354493,0.0526727401963272,0.007));
#3976=CARTESIAN_POINT('',(0.0625197405354493,0.0526727401963272,8.67361737988404E-18));
#3977=CARTESIAN_POINT('',(0.0629024327308839,0.052917734178933,0.007));
#3978=CARTESIAN_POINT('',(0.0629024327308839,0.052917734178933,9.54097911787244E-18));
#3979=CARTESIAN_POINT('',(0.0636060447335177,0.0533777439656006,0.007));
#3980=CARTESIAN_POINT('',(0.0636060447335177,0.0533777439656006,8.67361737988404E-18));
#3981=CARTESIAN_POINT('',(0.063927404914285,0.0533282196123069,0.007));
#3982=CARTESIAN_POINT('',(0.063927404914285,0.0533282196123069,1.30104260698261E-17));
#3983=CARTESIAN_POINT('',(0.0638987158881899,0.0528886893227762,0.007));
#3984=CARTESIAN_POINT('',(0.0638987158881899,0.0528886893227762,6.93889390390723E-18));
#3985=CARTESIAN_POINT('',(0.0636395919391213,0.052283729876513,0.007));
#3986=CARTESIAN_POINT('',(0.0636395919391213,0.052283729876513,1.30104260698261E-17));
#3987=CARTESIAN_POINT('',(0.0631502021513461,0.0516290652965029,0.007));
#3988=CARTESIAN_POINT('',(0.0631502021513461,0.0516290652965029,1.04083408558608E-17));
#3989=CARTESIAN_POINT('',(0.0625541843974978,0.05108072393584,0.007));
#3990=CARTESIAN_POINT('',(0.0625541843974978,0.05108072393584,8.67361737988404E-18));
#3991=CARTESIAN_POINT('',(0.0624383175604025,0.0508844592720038,0.007));
#3992=CARTESIAN_POINT('',(0.0624383175604025,0.0508844592720038,1.04083408558608E-17));
#3993=CARTESIAN_POINT('',(0.0631873089395035,0.0511942936065101,0.007));
#3994=CARTESIAN_POINT('',(0.0631873089395035,0.0511942936065101,8.67361737988404E-18));
#3995=CARTESIAN_POINT('',(0.0642058427964015,0.0516051456415129,0.007));
#3996=CARTESIAN_POINT('',(0.0642058427964015,0.0516051456415129,1.38777878078145E-17));
#3997=CARTESIAN_POINT('',(0.0649754694229599,0.0517560931979188,0.007));
#3998=CARTESIAN_POINT('',(0.0649754694229599,0.0517560931979188,6.93889390390723E-18));
#3999=CARTESIAN_POINT('',(0.0649991100630958,0.051301132695946,0.007));
#4000=CARTESIAN_POINT('',(0.0649991100630958,0.051301132695946,1.30104260698261E-17));
#4001=CARTESIAN_POINT('',(0.064386358071913,0.0508130121152592,0.007));
#4002=CARTESIAN_POINT('',(0.064386358071913,0.0508130121152592,1.12757025938492E-17));
#4003=CARTESIAN_POINT('',(0.0633854527017873,0.0505338076738029,0.007));
#4004=CARTESIAN_POINT('',(0.0633854527017873,0.0505338076738029,7.80625564189563E-18));
#4005=CARTESIAN_POINT('',(0.0626393887547979,0.0503495737990914,0.007));
#4006=CARTESIAN_POINT('',(0.0626393887547979,0.0503495737990914,1.12757025938492E-17));
#4007=CARTESIAN_POINT('',(0.0623100973475742,0.0501982419443519,0.007));
#4008=CARTESIAN_POINT('',(0.0623100973475742,0.0501982419443519,9.54097911787244E-18));
#4009=CARTESIAN_POINT('',(0.0622565513177381,0.0500174906534682,0.007));
#4010=CARTESIAN_POINT('',(0.0622565513177381,0.0500174906534682,1.21430643318376E-17));
#4011=CARTESIAN_POINT('',(0.0626276796354836,0.0498149937165523,0.007));
#4012=CARTESIAN_POINT('',(0.0626276796354836,0.0498149937165523,7.80625564189563E-18));
#4013=CARTESIAN_POINT('',(0.0630281835593671,0.0500794403691768,0.007));
#4014=CARTESIAN_POINT('',(0.0630281835593671,0.0500794403691768,1.04083408558608E-17));
#4015=CARTESIAN_POINT('',(0.063462773433171,0.0504367817960855,0.007));
#4016=CARTESIAN_POINT('',(0.063462773433171,0.0504367817960855,1.21430643318376E-17));
#4017=CARTESIAN_POINT('',(0.0639814068921357,0.0505285063617536,0.007));
#4018=CARTESIAN_POINT('',(0.0639814068921357,0.0505285063617536,8.67361737988404E-18));
#4019=CARTESIAN_POINT('',(0.0638059403411391,0.0502306157499038,0.007));
#4020=CARTESIAN_POINT('',(0.0638059403411391,0.0502306157499038,1.21430643318376E-17));
#4021=CARTESIAN_POINT('',(0.0632852333926325,0.0497417303924498,0.007));
#4022=CARTESIAN_POINT('',(0.0632852333926325,0.0497417303924498,6.07153216591882E-18));
#4023=CARTESIAN_POINT('',(0.0632119010229389,0.0493609966144836,0.007));
#4024=CARTESIAN_POINT('',(0.0632119010229389,0.0493609966144836,1.21430643318376E-17));
#4025=CARTESIAN_POINT('',(0.0637717874142218,0.0494176240270389,0.007));
#4026=CARTESIAN_POINT('',(0.0637717874142218,0.0494176240270389,9.54097911787244E-18));
#4027=CARTESIAN_POINT('',(0.0646408468569397,0.0497199871742442,0.007));
#4028=CARTESIAN_POINT('',(0.0646408468569397,0.0497199871742442,1.12757025938492E-17));
#4029=CARTESIAN_POINT('',(0.0653796363383766,0.0498856802622697,0.007));
#4030=CARTESIAN_POINT('',(0.0653796363383766,0.0498856802622697,9.54097911787244E-18));
#4031=CARTESIAN_POINT('',(0.0655558488616061,0.0494866523897422,0.007));
#4032=CARTESIAN_POINT('',(0.0655558488616061,0.0494866523897422,8.67361737988404E-18));
#4033=CARTESIAN_POINT('',(0.0651693336774103,0.0492264313225146,0.007));
#4034=CARTESIAN_POINT('',(0.0651693336774103,0.0492264313225146,1.04083408558608E-17));
#4035=CARTESIAN_POINT('',(0.064456393137361,0.0491763573012656,0.007));
#4036=CARTESIAN_POINT('',(0.064456393137361,0.0491763573012656,9.54097911787244E-18));
#4037=CARTESIAN_POINT('',(0.0637432698098095,0.0490113226805944,0.007));
#4038=CARTESIAN_POINT('',(0.0637432698098095,0.0490113226805944,1.12757025938492E-17));
#4039=CARTESIAN_POINT('',(0.0633066968286232,0.0485770586968623,0.007));
#4040=CARTESIAN_POINT('',(0.0633066968286232,0.0485770586968623,8.67361737988404E-18));
#4041=CARTESIAN_POINT('',(0.0633544756793786,0.0481737260419164,0.007));
#4042=CARTESIAN_POINT('',(0.0633544756793786,0.0481737260419164,1.30104260698261E-17));
#4043=CARTESIAN_POINT('',(0.0639678499758403,0.047939359126335,0.007));
#4044=CARTESIAN_POINT('',(0.0639678499758403,0.047939359126335,6.93889390390723E-18));
#4045=CARTESIAN_POINT('',(0.0648845116581497,0.0477264116319061,0.007));
#4046=CARTESIAN_POINT('',(0.0648845116581497,0.0477264116319061,9.54097911787244E-18));
#4047=CARTESIAN_POINT('',(0.0658932005797865,0.0474285022413899,0.007));
#4048=CARTESIAN_POINT('',(0.0658932005797865,0.0474285022413899,9.54097911787244E-18));
#4049=CARTESIAN_POINT('',(0.0667817435933646,0.0469379155999168,0.007));
#4050=CARTESIAN_POINT('',(0.0667817435933646,0.0469379155999168,9.54097911787244E-18));
#4051=CARTESIAN_POINT('',(0.067446649851221,0.046231501313046,0.007));
#4052=CARTESIAN_POINT('',(0.067446649851221,0.046231501313046,8.67361737988404E-18));
#4053=CARTESIAN_POINT('',(0.0677839842003865,0.0452834725992552,0.007));
#4054=CARTESIAN_POINT('',(0.0677839842003865,0.0452834725992552,1.30104260698261E-17));
#4055=CARTESIAN_POINT('',(0.0676575145864814,0.0440515736608751,0.007));
#4056=CARTESIAN_POINT('',(0.0676575145864814,0.0440515736608751,1.04083408558608E-17));
#4057=CARTESIAN_POINT('',(0.0668871754262477,0.042079100837371,0.007));
#4058=CARTESIAN_POINT('',(0.0668871754262477,0.042079100837371,1.12757025938492E-17));
#4059=CARTESIAN_POINT('',(0.0654438358372434,0.0394153154656457,0.007));
#4060=CARTESIAN_POINT('',(0.0654438358372434,0.0394153154656457,8.67361737988404E-18));
#4061=CARTESIAN_POINT('',(0.0646708249244864,0.0370523605134893,0.007));
#4062=CARTESIAN_POINT('',(0.0646708249244864,0.0370523605134893,1.21430643318376E-17));
#4063=CARTESIAN_POINT('',(0.066772746825098,0.0368038147228012,0.007));
#4064=CARTESIAN_POINT('',(0.066772746825098,0.0368038147228012,6.93889390390723E-18));
#4065=CARTESIAN_POINT('',(0.0695988690685588,0.037316425776929,0.007));
#4066=CARTESIAN_POINT('',(0.0695988690685588,0.037316425776929,1.30104260698261E-17));
#4067=CARTESIAN_POINT('',(0.071635181696955,0.0374786606249415,0.007));
#4068=CARTESIAN_POINT('',(0.071635181696955,0.0374786606249415,7.80625564189563E-18));
#4069=CARTESIAN_POINT('',(0.0731969054238545,0.037220017071513,0.007));
#4070=CARTESIAN_POINT('',(0.0731969054238545,0.037220017071513,1.38777878078145E-17));
#4071=CARTESIAN_POINT('',(0.0740652806093391,0.0363536411907355,0.007));
#4072=CARTESIAN_POINT('',(0.0740652806093391,0.0363536411907355,7.80625564189563E-18));
#4073=CARTESIAN_POINT('',(0.074654048448481,0.0352295703036591,0.007));
#4074=CARTESIAN_POINT('',(0.074654048448481,0.0352295703036591,1.04083408558608E-17));
#4075=CARTESIAN_POINT('',(0.0751827045352682,0.0340401228465751,0.007));
#4076=CARTESIAN_POINT('',(0.0751827045352682,0.0340401228465751,1.04083408558608E-17));
#4077=CARTESIAN_POINT('',(0.0754545849987657,0.0326785436675134,0.007));
#4078=CARTESIAN_POINT('',(0.0754545849987657,0.0326785436675134,1.04083408558608E-17));
#4079=CARTESIAN_POINT('',(0.0751300848882854,0.0309905474574584,0.007));
#4080=CARTESIAN_POINT('',(0.0751300848882854,0.0309905474574584,8.67361737988404E-18));
#4081=CARTESIAN_POINT('',(0.0744754140324636,0.0295058477616162,0.007));
#4082=CARTESIAN_POINT('',(0.0744754140324636,0.0295058477616162,1.21430643318376E-17));
#4083=CARTESIAN_POINT('',(0.0734784185301518,0.0278567449405688,0.007));
#4084=CARTESIAN_POINT('',(0.0734784185301518,0.0278567449405688,8.67361737988404E-18));
#4085=CARTESIAN_POINT('',(0.0723482262334003,0.0261820979573725,0.007));
#4086=CARTESIAN_POINT('',(0.0723482262334003,0.0261820979573725,1.21430643318376E-17));
#4087=CARTESIAN_POINT('',(0.0712608315857633,0.0246007863167287,0.007));
#4088=CARTESIAN_POINT('',(0.0712608315857633,0.0246007863167287,7.80625564189563E-18));
#4089=CARTESIAN_POINT('',(0.0704066130346606,0.0232403237115253,0.007));
#4090=CARTESIAN_POINT('',(0.0704066130346606,0.0232403237115253,1.12757025938492E-17));
#4091=CARTESIAN_POINT('',(0.0699515464205459,0.022213666540261,0.007));
#4092=CARTESIAN_POINT('',(0.0699515464205459,0.022213666540261,9.54097911787244E-18));
#4093=CARTESIAN_POINT('',(0.0701448340078712,0.0216833661908035,0.007));
#4094=CARTESIAN_POINT('',(0.0701448340078712,0.0216833661908035,9.54097911787244E-18));
#4095=CARTESIAN_POINT('',(0.0708862173180388,0.0216041668465433,0.007));
#4096=CARTESIAN_POINT('',(0.0708862173180388,0.0216041668465433,1.30104260698261E-17));
#4097=CARTESIAN_POINT('',(0.0712976208916955,0.0214871307687832,0.007));
#4098=CARTESIAN_POINT('',(0.0712976208916955,0.0214871307687832,8.67361737988404E-18));
#4099=CARTESIAN_POINT('',(0.0709291721858373,0.0210475853299085,0.007));
#4100=CARTESIAN_POINT('',(0.0709291721858373,0.0210475853299085,1.12757025938492E-17));
#4101=CARTESIAN_POINT('',(0.0703148318117891,0.0204342658385021,0.007));
#4102=CARTESIAN_POINT('',(0.0703148318117891,0.0204342658385021,1.30104260698261E-17));
#4103=CARTESIAN_POINT('',(0.0699002084358647,0.0197342782638555,0.007));
#4104=CARTESIAN_POINT('',(0.0699002084358647,0.0197342782638555,1.04083408558608E-17));
#4105=CARTESIAN_POINT('',(0.0698449951695395,0.0191067720356586,0.007));
#4106=CARTESIAN_POINT('',(0.0698449951695395,0.0191067720356586,8.67361737988404E-18));
#4107=CARTESIAN_POINT('',(0.0703061326753309,0.0187836426853196,0.007));
#4108=CARTESIAN_POINT('',(0.0703061326753309,0.0187836426853196,9.54097911787244E-18));
#4109=CARTESIAN_POINT('',(0.0710841081073252,0.0187222681931812,0.007));
#4110=CARTESIAN_POINT('',(0.0710841081073252,0.0187222681931812,8.67361737988404E-18));
#4111=CARTESIAN_POINT('',(0.0714898314465203,0.0185388056262514,0.007));
#4112=CARTESIAN_POINT('',(0.0714898314465203,0.0185388056262514,1.30104260698261E-17));
#4113=CARTESIAN_POINT('',(0.0710998463130102,0.0180250358495485,0.007));
#4114=CARTESIAN_POINT('',(0.0710998463130102,0.0180250358495485,6.93889390390723E-18));
#4115=CARTESIAN_POINT('',(0.0702833554751312,0.01747127725872,0.007));
#4116=CARTESIAN_POINT('',(0.0702833554751312,0.01747127725872,1.12757025938492E-17));
#4117=CARTESIAN_POINT('',(0.0693428564211756,0.0171392365976243,0.007));
#4118=CARTESIAN_POINT('',(0.0693428564211756,0.0171392365976243,1.30104260698261E-17));
#4119=CARTESIAN_POINT('',(0.0685225333877461,0.017201171163354,0.007));
#4120=CARTESIAN_POINT('',(0.0685225333877461,0.017201171163354,6.93889390390723E-18));
#4121=CARTESIAN_POINT('',(0.0677434872787474,0.0174214413354165,0.007));
#4122=CARTESIAN_POINT('',(0.0677434872787474,0.0174214413354165,1.12757025938492E-17));
#4123=CARTESIAN_POINT('',(0.0669696018471681,0.0176180688777666,0.007));
#4124=CARTESIAN_POINT('',(0.0669696018471681,0.0176180688777666,7.80625564189563E-18));
#4125=CARTESIAN_POINT('',(0.0658792395005235,0.0175834710071933,0.007));
#4126=CARTESIAN_POINT('',(0.0658792395005235,0.0175834710071933,1.30104260698261E-17));
#4127=CARTESIAN_POINT('',(0.0644173773519107,0.0171758706501116,0.007));
#4128=CARTESIAN_POINT('',(0.0644173773519107,0.0171758706501116,6.07153216591882E-18));
#4129=CARTESIAN_POINT('',(0.0624754682454117,0.0167590828483676,0.007));
#4130=CARTESIAN_POINT('',(0.0624754682454117,0.0167590828483676,1.30104260698261E-17));
#4131=CARTESIAN_POINT('',(0.0606188478464304,0.0169600133439571,0.007));
#4132=CARTESIAN_POINT('',(0.0606188478464304,0.0169600133439571,5.20417042793042E-18));
#4133=CARTESIAN_POINT('',(0.0594318535461758,0.0181476704290804,0.007));
#4134=CARTESIAN_POINT('',(0.0594318535461758,0.0181476704290804,1.30104260698261E-17));
#4135=CARTESIAN_POINT('',(0.0590790195962728,0.0192841309196006,0.007));
#4136=CARTESIAN_POINT('',(0.0590790195962728,0.0192841309196006,7.80625564189563E-18));
#4137=CARTESIAN_POINT('',(0.0593030606204243,0.0203507073366204,0.007));
#4138=CARTESIAN_POINT('',(0.0593030606204243,0.0203507073366204,1.12757025938492E-17));
#4139=CARTESIAN_POINT('',(0.060308616841265,0.02122460138623,0.007));
#4140=CARTESIAN_POINT('',(0.060308616841265,0.02122460138623,1.04083408558608E-17));
#4141=CARTESIAN_POINT('',(0.0613073217247781,0.0220559225527134,0.007));
#4142=CARTESIAN_POINT('',(0.0613073217247781,0.0220559225527134,8.67361737988404E-18));
#4143=CARTESIAN_POINT('',(0.0620393037010818,0.0228978682351183,0.007));
#4144=CARTESIAN_POINT('',(0.0620393037010818,0.0228978682351183,1.38777878078145E-17));
#4145=CARTESIAN_POINT('',(0.0624545568385484,0.0238146206594607,0.007));
#4146=CARTESIAN_POINT('',(0.0624545568385484,0.0238146206594607,1.04083408558608E-17));
#4147=CARTESIAN_POINT('',(0.0629039318914854,0.0249608463256135,0.007));
#4148=CARTESIAN_POINT('',(0.0629039318914854,0.0249608463256135,9.54097911787244E-18));
#4149=CARTESIAN_POINT('',(0.0632060867466636,0.025876184242334,0.007));
#4150=CARTESIAN_POINT('',(0.0632060867466636,0.025876184242334,8.67361737988404E-18));
#4151=CARTESIAN_POINT('',(0.0633226722525951,0.0267143374906615,0.007));
#4152=CARTESIAN_POINT('',(0.0633226722525951,0.0267143374906615,1.21430643318376E-17));
#4153=CARTESIAN_POINT('',(0.0630353077732937,0.0275569092111181,0.007));
#4154=CARTESIAN_POINT('',(0.0630353077732937,0.0275569092111181,6.07153216591882E-18));
#4155=CARTESIAN_POINT('',(0.0616684540964668,0.0279056408045116,0.007));
#4156=CARTESIAN_POINT('',(0.0616684540964668,0.0279056408045116,1.04083408558608E-17));
#4157=CARTESIAN_POINT('',(0.0592104114667682,0.0274829602427582,0.007));
#4158=CARTESIAN_POINT('',(0.0592104114667682,0.0274829602427582,9.54097911787244E-18));
#4159=CARTESIAN_POINT('',(0.0564292685815939,0.0264251295995386,0.007));
#4160=CARTESIAN_POINT('',(0.0564292685815939,0.0264251295995386,1.12757025938492E-17));
#4161=CARTESIAN_POINT('',(0.0535689716862051,0.0249144169724806,0.007));
#4162=CARTESIAN_POINT('',(0.0535689716862051,0.0249144169724806,9.54097911787244E-18));
#4163=CARTESIAN_POINT('',(0.0509684424646064,0.0231601673394023,0.007));
#4164=CARTESIAN_POINT('',(0.0509684424646064,0.0231601673394023,9.54097911787244E-18));
#4165=CARTESIAN_POINT('',(0.0487292385125493,0.0212564071498778,0.007));
#4166=CARTESIAN_POINT('',(0.0487292385125493,0.0212564071498778,6.93889390390723E-18));
#4167=CARTESIAN_POINT('',(0.0467385660903039,0.0191881799866454,0.007));
#4168=CARTESIAN_POINT('',(0.0467385660903039,0.0191881799866454,1.21430643318376E-17));
#4169=CARTESIAN_POINT('',(0.0442807491425212,0.0161923385508209,0.007));
#4170=CARTESIAN_POINT('',(0.0442807491425212,0.0161923385508209,6.93889390390723E-18));
#4171=CARTESIAN_POINT('',(0.0417495346455947,0.0122529467834371,0.007));
#4172=CARTESIAN_POINT('',(0.0417495346455947,0.0122529467834371,1.12757025938492E-17));
#4173=CARTESIAN_POINT('',(0.0413642861534174,0.00989329184658333,0.007));
#4174=CARTESIAN_POINT('',(0.0413642861534174,0.00989329184658333,9.54097911787244E-18));
#4175=CARTESIAN_POINT('',(0.0411756746470928,0.00870230793952942,0.007));
#4176=CARTESIAN_POINT('',(0.0411756746470928,0.00870230793952942,9.54097911787244E-18));
#4177=CARTESIAN_POINT('',(0.063896045088768,0.0547390542924404,0.));
#4178=CARTESIAN_POINT('',(0.0639534374432005,0.0546338703440584,0.));
#4179=CARTESIAN_POINT('',(0.0641341630044098,0.0543076868616216,0.));
#4180=CARTESIAN_POINT('',(0.0618241435553646,0.0520706977607982,0.));
#4181=CARTESIAN_POINT('',(0.0636802173679564,0.0535183239228201,0.));
#4182=CARTESIAN_POINT('',(0.0640367568241109,0.053122444679935,0.));
#4183=CARTESIAN_POINT('',(0.0634725841798663,0.0518063082028379,0.));
#4184=CARTESIAN_POINT('',(0.0616682289841934,0.0504000721455105,0.));
#4185=CARTESIAN_POINT('',(0.0652376801764631,0.0522259388199802,0.));
#4186=CARTESIAN_POINT('',(0.0647906963168148,0.0506242021976093,0.));
#4187=CARTESIAN_POINT('',(0.0617944686182216,0.0503573097472125,0.));
#4188=CARTESIAN_POINT('',(0.0627191203868537,0.0496952536448974,0.));
#4189=CARTESIAN_POINT('',(0.063311642766653,0.0504415274219093,0.));
#4190=CARTESIAN_POINT('',(0.0642339935037392,0.0505537708348924,0.));
#4191=CARTESIAN_POINT('',(0.0631626803055325,0.049713419808191,0.));
#4192=CARTESIAN_POINT('',(0.0633683064397461,0.0491411203726123,0.));
#4193=CARTESIAN_POINT('',(0.0654567715133842,0.0501665875253441,0.));
#4194=CARTESIAN_POINT('',(0.0655481347883901,0.049120133514544,0.));
#4195=CARTESIAN_POINT('',(0.0638324942037239,0.049288454129312,0.));
#4196=CARTESIAN_POINT('',(0.0628507874497848,0.0479720468346321,0.));
#4197=CARTESIAN_POINT('',(0.0661349408591269,0.047739570050929,0.));
#4198=CARTESIAN_POINT('',(0.069327535769638,0.0447680677919117,0.));
#4199=CARTESIAN_POINT('',(0.061708943225361,0.0348644285856732,0.));
#4200=CARTESIAN_POINT('',(0.0726680854803939,0.0385919511681752,0.));
#4201=CARTESIAN_POINT('',(0.0748763964303595,0.0351199755801224,0.));
#4202=CARTESIAN_POINT('',(0.0764000637244965,0.0304676104452235,0.));
#4203=CARTESIAN_POINT('',(0.0681552683998043,0.0213297990810103,0.));
#4204=CARTESIAN_POINT('',(0.0718661804804675,0.0217402697662458,0.));
#4205=CARTESIAN_POINT('',(0.0700038559384179,0.020364798388959,0.));
#4206=CARTESIAN_POINT('',(0.0696303818781685,0.0186262227849375,0.));
#4207=CARTESIAN_POINT('',(0.0722799461333216,0.0188677985366212,0.));
#4208=CARTESIAN_POINT('',(0.0693124256588625,0.0165763549884362,0.));
#4209=CARTESIAN_POINT('',(0.066959078328623,0.018012356682344,0.));
#4210=CARTESIAN_POINT('',(0.063934915816317,0.0169395796483078,0.));
#4211=CARTESIAN_POINT('',(0.0603832164626716,0.0165727622551135,0.));
#4212=CARTESIAN_POINT('',(0.0582642840986046,0.0199849425543766,0.));
#4213=CARTESIAN_POINT('',(0.0617109672533591,0.0220472931240184,0.));
#4214=CARTESIAN_POINT('',(0.0626438668053435,0.0242444996796489,0.));
#4215=CARTESIAN_POINT('',(0.0639143601291772,0.0276790842729009,0.));
#4216=CARTESIAN_POINT('',(0.0597000033443151,0.028073083293353,0.));
#4217=CARTESIAN_POINT('',(0.0517653976350216,0.0242813147523505,0.));
#4218=CARTESIAN_POINT('',(0.0459574560232016,0.0186385881241178,0.));
#4219=CARTESIAN_POINT('',(0.0417827526406018,0.0125356908263132,0.));
#4220=CARTESIAN_POINT('',(0.0413564834211552,0.00984402163642291,0.));
#4221=CARTESIAN_POINT('',(0.0411756746470928,0.00870230793952942,0.));
#4222=CARTESIAN_POINT('',(0.0450585504875422,0.0421069707969042,0.007));
#4223=CARTESIAN_POINT('',(0.0450585504875422,0.0421069707969042,0.));
#4224=CARTESIAN_POINT('',(0.0466723494978035,0.0421069707969042,0.));
#4225=CARTESIAN_POINT('',(0.0532380966764635,0.0334726013243199,0.));
#4226=CARTESIAN_POINT('',(0.07309791182018,0.0318631264572501,0.006));
#4227=CARTESIAN_POINT('',(0.07309791182018,0.0318631264572501,0.007));
#4228=CARTESIAN_POINT('',(0.0730512106720614,0.0319914368071686,0.006));
#4229=CARTESIAN_POINT('',(0.0730512106720614,0.0319914368071686,0.007));
#4230=CARTESIAN_POINT('',(0.0730450821575127,0.0320990522732268,0.006));
#4231=CARTESIAN_POINT('',(0.0730450821575127,0.0320990522732268,0.007));
#4232=CARTESIAN_POINT('',(0.073079526276534,0.0321859728554247,0.006));
#4233=CARTESIAN_POINT('',(0.073079526276534,0.0321859728554247,0.007));
#4234=CARTESIAN_POINT('',(0.07309791182018,0.0318631264572501,0.006));
#4235=CARTESIAN_POINT('',(0.07309791182018,0.0318631264572501,0.006));
#4236=CARTESIAN_POINT('',(0.07309791182018,0.0318631264572501,0.006));
#4237=CARTESIAN_POINT('',(0.0730278600980021,0.0320555919821278,0.006));
#4238=CARTESIAN_POINT('',(0.073079526276534,0.0321859728554247,0.006));
#4239=CARTESIAN_POINT('',(0.073079526276534,0.0321859728554247,0.006));
#4240=CARTESIAN_POINT('',(0.073079526276534,0.0321859728554247,0.006));
#4241=CARTESIAN_POINT('',(0.0733015993414861,0.0316014969699627,0.006));
#4242=CARTESIAN_POINT('',(0.0733015993414861,0.0316014969699627,0.007));
#4243=CARTESIAN_POINT('',(0.0732158446050282,0.0316384412532417,0.006));
#4244=CARTESIAN_POINT('',(0.0732158446050282,0.0316384412532417,0.007));
#4245=CARTESIAN_POINT('',(0.0731479487645928,0.0317256510823375,0.006));
#4246=CARTESIAN_POINT('',(0.0731479487645928,0.0317256510823375,0.007));
#4247=CARTESIAN_POINT('',(0.07309791182018,0.0318631264572501,0.006));
#4248=CARTESIAN_POINT('',(0.07309791182018,0.0318631264572501,0.007));
#4249=CARTESIAN_POINT('',(0.0733015993414861,0.0316014969699627,0.006));
#4250=CARTESIAN_POINT('',(0.0733015993414861,0.0316014969699627,0.006));
#4251=CARTESIAN_POINT('',(0.0733015993414861,0.0316014969699627,0.006));
#4252=CARTESIAN_POINT('',(0.0731729672367992,0.0316569133948812,0.006));
#4253=CARTESIAN_POINT('',(0.07309791182018,0.0318631264572501,0.006));
#4254=CARTESIAN_POINT('',(0.0734402535078332,0.0319341606313069,0.006));
#4255=CARTESIAN_POINT('',(0.0735768718460797,0.0315994532857514,0.006));
#4256=CARTESIAN_POINT('',(0.0735768718460797,0.0315994532857514,0.006));
#4257=CARTESIAN_POINT('',(0.0734402535078332,0.0319341606313069,0.006));
#4258=CARTESIAN_POINT('',(0.0737978820789947,0.0317935461853042,0.006));
#4259=CARTESIAN_POINT('',(0.0737978820789947,0.0317935461853042,0.007));
#4260=CARTESIAN_POINT('',(0.0737593002203156,0.0317037357016266,0.006));
#4261=CARTESIAN_POINT('',(0.0737593002203156,0.0317037357016266,0.007));
#4262=CARTESIAN_POINT('',(0.0736856301426773,0.0316390380684424,0.006));
#4263=CARTESIAN_POINT('',(0.0736856301426773,0.0316390380684424,0.007));
#4264=CARTESIAN_POINT('',(0.0735768718460797,0.0315994532857514,0.006));
#4265=CARTESIAN_POINT('',(0.0735768718460797,0.0315994532857514,0.007));
#4266=CARTESIAN_POINT('',(0.0737978820789947,0.0317935461853042,0.006));
#4267=CARTESIAN_POINT('',(0.0737978820789947,0.0317935461853042,0.006));
#4268=CARTESIAN_POINT('',(0.0737978820789947,0.0317935461853042,0.006));
#4269=CARTESIAN_POINT('',(0.0737400092909761,0.0316588304597878,0.006));
#4270=CARTESIAN_POINT('',(0.0735768718460797,0.0315994532857514,0.006));
#4271=CARTESIAN_POINT('',(0.0737880382022415,0.0321143119182023,0.006));
#4272=CARTESIAN_POINT('',(0.0737880382022415,0.0321143119182023,0.007));
#4273=CARTESIAN_POINT('',(0.0738331826454228,0.0319902785799478,0.006));
#4274=CARTESIAN_POINT('',(0.0738331826454228,0.0319902785799478,0.007));
#4275=CARTESIAN_POINT('',(0.0738364639376738,0.0318833566689818,0.006));
#4276=CARTESIAN_POINT('',(0.0738364639376738,0.0318833566689818,0.007));
#4277=CARTESIAN_POINT('',(0.0737978820789947,0.0317935461853042,0.006));
#4278=CARTESIAN_POINT('',(0.0737978820789947,0.0317935461853042,0.007));
#4279=CARTESIAN_POINT('',(0.0737880382022415,0.0321143119182023,0.006));
#4280=CARTESIAN_POINT('',(0.0737880382022415,0.0321143119182023,0.006));
#4281=CARTESIAN_POINT('',(0.0737880382022415,0.0321143119182023,0.006));
#4282=CARTESIAN_POINT('',(0.0738557548670134,0.0319282619108206,0.006));
#4283=CARTESIAN_POINT('',(0.0737978820789947,0.0317935461853042,0.006));
#4284=CARTESIAN_POINT('',(0.0735891016662102,0.0323714431293814,0.006));
#4285=CARTESIAN_POINT('',(0.0735891016662102,0.0323714431293814,0.007));
#4286=CARTESIAN_POINT('',(0.0736750248754457,0.0323283326718471,0.006));
#4287=CARTESIAN_POINT('',(0.0736750248754457,0.0323283326718471,0.007));
#4288=CARTESIAN_POINT('',(0.0737413370541228,0.0322426222681208,0.006));
#4289=CARTESIAN_POINT('',(0.0737413370541228,0.0322426222681208,0.007));
#4290=CARTESIAN_POINT('',(0.0737880382022415,0.0321143119182023,0.006));
#4291=CARTESIAN_POINT('',(0.0737880382022415,0.0321143119182023,0.007));
#4292=CARTESIAN_POINT('',(0.0735891016662102,0.0323714431293814,0.006));
#4293=CARTESIAN_POINT('',(0.0735891016662102,0.0323714431293814,0.006));
#4294=CARTESIAN_POINT('',(0.0735891016662102,0.0323714431293814,0.006));
#4295=CARTESIAN_POINT('',(0.0737179864800635,0.03230677744308,0.006));
#4296=CARTESIAN_POINT('',(0.0737880382022415,0.0321143119182023,0.006));
#4297=CARTESIAN_POINT('',(0.0732943298999622,0.032375730902758,0.006));
#4298=CARTESIAN_POINT('',(0.0732943298999622,0.032375730902758,0.007));
#4299=CARTESIAN_POINT('',(0.0734049212015586,0.0324159828447079,0.006));
#4300=CARTESIAN_POINT('',(0.0734049212015586,0.0324159828447079,0.007));
#4301=CARTESIAN_POINT('',(0.0735031784569746,0.0324145535869157,0.006));
#4302=CARTESIAN_POINT('',(0.0735031784569746,0.0324145535869157,0.007));
#4303=CARTESIAN_POINT('',(0.0735891016662102,0.0323714431293814,0.006));
#4304=CARTESIAN_POINT('',(0.0735891016662102,0.0323714431293814,0.007));
#4305=CARTESIAN_POINT('',(0.0732943298999622,0.032375730902758,0.006));
#4306=CARTESIAN_POINT('',(0.0732943298999622,0.032375730902758,0.006));
#4307=CARTESIAN_POINT('',(0.0732943298999622,0.032375730902758,0.006));
#4308=CARTESIAN_POINT('',(0.0734602168523568,0.0324361088156828,0.006));
#4309=CARTESIAN_POINT('',(0.0735891016662102,0.0323714431293814,0.006));
#4310=CARTESIAN_POINT('',(0.073079526276534,0.0321859728554247,0.006));
#4311=CARTESIAN_POINT('',(0.073079526276534,0.0321859728554247,0.007));
#4312=CARTESIAN_POINT('',(0.0731139703955553,0.0322728934376226,0.006));
#4313=CARTESIAN_POINT('',(0.0731139703955553,0.0322728934376226,0.007));
#4314=CARTESIAN_POINT('',(0.0731855716033647,0.032336146120067,0.006));
#4315=CARTESIAN_POINT('',(0.0731855716033647,0.032336146120067,0.007));
#4316=CARTESIAN_POINT('',(0.0732943298999622,0.032375730902758,0.006));
#4317=CARTESIAN_POINT('',(0.0732943298999622,0.032375730902758,0.007));
#4318=CARTESIAN_POINT('',(0.073079526276534,0.0321859728554247,0.006));
#4319=CARTESIAN_POINT('',(0.0731311924550659,0.0323163537287216,0.006));
#4320=CARTESIAN_POINT('',(0.0732943298999622,0.032375730902758,0.006));
#4321=CARTESIAN_POINT('',(0.0544567115264772,0.0336584082429137,0.006));
#4322=CARTESIAN_POINT('',(0.0522345264640652,0.0490086300765637,0.006));
#4323=CARTESIAN_POINT('',(0.0522345264640652,0.0490086300765637,0.007));
#4324=CARTESIAN_POINT('',(0.0526348617512635,0.0495501020354261,0.007));
#4325=CARTESIAN_POINT('',(0.0527755207022699,0.0486076494552867,0.007));
#4326=CARTESIAN_POINT('',(0.0526348617512635,0.0495501020354261,0.006));
#4327=CARTESIAN_POINT('',(0.0526348617512635,0.0495501020354261,0.006));
#4328=CARTESIAN_POINT('',(0.0522345264640652,0.0490086300765637,0.006));
#4329=CARTESIAN_POINT('',(0.0527755207022699,0.0486076494552867,0.006));
#4330=CARTESIAN_POINT('',(0.0527755207022699,0.0486076494552867,0.006));
#4331=CARTESIAN_POINT('',(0.0524364699508009,0.0492675692105997,0.006));
#4332=CARTESIAN_POINT('',(0.0524364699508009,0.0492675692105997,0.007));
#4333=CARTESIAN_POINT('',(0.0522380781503383,0.0489850363857734,0.007));
#4334=CARTESIAN_POINT('',(0.0522380781503383,0.0489850363857734,0.006));
#4335=CARTESIAN_POINT('',(0.0522380781503383,0.0489850363857734,0.006));
#4336=CARTESIAN_POINT('',(0.0524364699508009,0.0492675692105997,0.006));
#4337=CARTESIAN_POINT('',(0.0525067994263041,0.0487963429205301,0.006));
#4338=CARTESIAN_POINT('',(0.0525067994263041,0.0487963429205301,0.007));
#4339=CARTESIAN_POINT('',(0.0525067994263041,0.0487963429205301,0.006));
#4340=CARTESIAN_POINT('',(0.0522380781503383,0.0489850363857734,0.006));
#4341=CARTESIAN_POINT('',(0.0522380781503383,0.0489850363857734,0.006));
#4342=CARTESIAN_POINT('',(0.0534879622353379,0.0489850363857734,0.006));
#4343=CARTESIAN_POINT('',(0.0544567115264772,0.0336584082429137,0.006));
#4344=CARTESIAN_POINT('',(0.0532380966764635,0.0334726013243199,0.007));
#4345=CARTESIAN_POINT('',(0.058313182150582,0.0496319341600047,0.006));
#4346=CARTESIAN_POINT('',(0.058313182150582,0.0496319341600047,0.007));
#4347=CARTESIAN_POINT('',(0.058573785431013,0.0502215447163333,0.007));
#4348=CARTESIAN_POINT('',(0.0589027927069106,0.0493713308795738,0.007));
#4349=CARTESIAN_POINT('',(0.058573785431013,0.0502215447163333,0.006));
#4350=CARTESIAN_POINT('',(0.058573785431013,0.0502215447163333,0.006));
#4351=CARTESIAN_POINT('',(0.058313182150582,0.0496319341600047,0.006));
#4352=CARTESIAN_POINT('',(0.0589027927069106,0.0493713308795738,0.006));
#4353=CARTESIAN_POINT('',(0.0589027927069106,0.0493713308795738,0.006));
#4354=CARTESIAN_POINT('',(0.0584434837907975,0.049926739438169,0.006));
#4355=CARTESIAN_POINT('',(0.0584434837907975,0.049926739438169,0.007));
#4356=CARTESIAN_POINT('',(0.058313182150582,0.0496319341600047,0.007));
#4357=CARTESIAN_POINT('',(0.058313182150582,0.0496319341600047,0.006));
#4358=CARTESIAN_POINT('',(0.058313182150582,0.0496319341600047,0.006));
#4359=CARTESIAN_POINT('',(0.0584434837907975,0.049926739438169,0.006));
#4360=CARTESIAN_POINT('',(0.0586079874287463,0.0495016325197892,0.006));
#4361=CARTESIAN_POINT('',(0.0586079874287463,0.0495016325197892,0.007));
#4362=CARTESIAN_POINT('',(0.0586079874287463,0.0495016325197892,0.006));
#4363=CARTESIAN_POINT('',(0.058313182150582,0.0496319341600047,0.006));
#4364=CARTESIAN_POINT('',(0.058313182150582,0.0496319341600047,0.006));
#4365=CARTESIAN_POINT('',(0.0595383272952222,0.0496319341600047,0.006));
#4366=CARTESIAN_POINT('',(0.0544567115264772,0.0336584082429137,0.006));
#4367=CARTESIAN_POINT('',(0.0532380966764635,0.0334726013243199,0.007));
#4368=CARTESIAN_POINT('',(0.070987201199897,0.0354935767416091,0.006));
#4369=CARTESIAN_POINT('',(0.0707255397363133,0.0353983397574101,0.006));
#4370=CARTESIAN_POINT('',(0.0707255397363133,0.0353983397574101,0.006));
#4371=CARTESIAN_POINT('',(0.070987201199897,0.0354935767416091,0.006));
#4372=CARTESIAN_POINT('',(0.0712488626634807,0.035588813725808,0.006));
#4373=CARTESIAN_POINT('',(0.0712488626634807,0.035588813725808,0.006));
#4374=CARTESIAN_POINT('',(0.0707371539072332,0.0338778690192091,0.006));
#4375=CARTESIAN_POINT('',(0.0707487680781531,0.0323573982810081,0.006));
#4376=CARTESIAN_POINT('',(0.0707488110653919,0.0323573983874662,0.006));
#4377=CARTESIAN_POINT('',(0.0707371539072332,0.0338778690192091,0.006));
#4378=CARTESIAN_POINT('',(0.0789024654588623,0.0323775909451597,0.006));
#4379=CARTESIAN_POINT('',(0.0708158981894077,0.0313345748480467,0.006));
#4380=CARTESIAN_POINT('',(0.0708157697566327,0.031334938423982,0.006));
#4381=CARTESIAN_POINT('',(0.0789024654588623,0.0323775909451597,0.006));
#4382=CARTESIAN_POINT('',(0.0639735329471403,0.0269537474803302,0.006));
#4383=CARTESIAN_POINT('',(0.070222284559321,0.0321470914713265,0.006));
#4384=CARTESIAN_POINT('',(0.0702221894886517,0.0321470124579939,0.00600000025));
#4385=CARTESIAN_POINT('',(0.0639735329471403,0.0269537474803302,0.006));
#4386=CARTESIAN_POINT('',(0.0692480900548461,0.0333265528600209,0.006));
#4387=CARTESIAN_POINT('',(0.0682738955503712,0.0345060142487153,0.006));
#4388=CARTESIAN_POINT('',(0.0682738955503712,0.0345060142487153,0.006));
#4389=CARTESIAN_POINT('',(0.0692480900548461,0.0333265528600209,0.006));
#4390=CARTESIAN_POINT('',(0.0680159000967852,0.034412111583034,0.006));
#4391=CARTESIAN_POINT('',(0.0677579046431991,0.0343182089173526,0.006));
#4392=CARTESIAN_POINT('',(0.0677579046431991,0.0343182089173526,0.006));
#4393=CARTESIAN_POINT('',(0.0680159000967852,0.034412111583034,0.006));
#4394=CARTESIAN_POINT('',(0.0692705828536289,0.032497660673927,0.006));
#4395=CARTESIAN_POINT('',(0.0707832610640586,0.0306771124305014,0.006));
#4396=CARTESIAN_POINT('',(0.0707832610640586,0.0306771124305014,0.006));
#4397=CARTESIAN_POINT('',(0.0692705828536289,0.032497660673927,0.006));
#4398=CARTESIAN_POINT('',(0.0710238429701557,0.0307646770832237,0.006));
#4399=CARTESIAN_POINT('',(0.0712644248762528,0.0308522417359461,0.006));
#4400=CARTESIAN_POINT('',(0.0712644248762528,0.0308522417359461,0.006));
#4401=CARTESIAN_POINT('',(0.0710238429701557,0.0307646770832237,0.006));
#4402=CARTESIAN_POINT('',(0.0712566437698668,0.0332205277308771,0.006));
#4403=CARTESIAN_POINT('',(0.0712566437698668,0.0332205277308771,0.006));
#4404=CARTESIAN_POINT('',(0.0544567115264772,0.0336584082429137,0.006));
#4405=CARTESIAN_POINT('',(0.0680461500433903,0.0300244355398949,0.006));
#4406=CARTESIAN_POINT('',(0.0680461500433903,0.0300244355398949,0.007));
#4407=CARTESIAN_POINT('',(0.0679994488952717,0.0301527458898134,0.006));
#4408=CARTESIAN_POINT('',(0.0679994488952717,0.0301527458898134,0.007));
#4409=CARTESIAN_POINT('',(0.067993320380723,0.0302603613558716,0.006));
#4410=CARTESIAN_POINT('',(0.067993320380723,0.0302603613558716,0.007));
#4411=CARTESIAN_POINT('',(0.0680277644997442,0.0303472819380694,0.006));
#4412=CARTESIAN_POINT('',(0.0680277644997442,0.0303472819380694,0.007));
#4413=CARTESIAN_POINT('',(0.0680461500433903,0.0300244355398949,0.006));
#4414=CARTESIAN_POINT('',(0.0680461500433903,0.0300244355398949,0.006));
#4415=CARTESIAN_POINT('',(0.0680461500433903,0.0300244355398949,0.006));
#4416=CARTESIAN_POINT('',(0.0679760983212124,0.0302169010647726,0.006));
#4417=CARTESIAN_POINT('',(0.0680277644997442,0.0303472819380694,0.006));
#4418=CARTESIAN_POINT('',(0.0680277644997442,0.0303472819380694,0.006));
#4419=CARTESIAN_POINT('',(0.0680277644997442,0.0303472819380694,0.006));
#4420=CARTESIAN_POINT('',(0.0682498375646963,0.0297628060526075,0.006));
#4421=CARTESIAN_POINT('',(0.0682498375646963,0.0297628060526075,0.007));
#4422=CARTESIAN_POINT('',(0.0681640828282384,0.0297997503358865,0.006));
#4423=CARTESIAN_POINT('',(0.0681640828282384,0.0297997503358865,0.007));
#4424=CARTESIAN_POINT('',(0.068096186987803,0.0298869601649823,0.006));
#4425=CARTESIAN_POINT('',(0.068096186987803,0.0298869601649823,0.007));
#4426=CARTESIAN_POINT('',(0.0680461500433903,0.0300244355398949,0.006));
#4427=CARTESIAN_POINT('',(0.0680461500433903,0.0300244355398949,0.007));
#4428=CARTESIAN_POINT('',(0.0682498375646963,0.0297628060526075,0.006));
#4429=CARTESIAN_POINT('',(0.0682498375646963,0.0297628060526075,0.006));
#4430=CARTESIAN_POINT('',(0.0682498375646963,0.0297628060526075,0.006));
#4431=CARTESIAN_POINT('',(0.0681212054600094,0.029818222477526,0.006));
#4432=CARTESIAN_POINT('',(0.0680461500433903,0.0300244355398949,0.006));
#4433=CARTESIAN_POINT('',(0.0683884917310435,0.0300954697139517,0.006));
#4434=CARTESIAN_POINT('',(0.06852511006929,0.0297607623683962,0.006));
#4435=CARTESIAN_POINT('',(0.06852511006929,0.0297607623683962,0.006));
#4436=CARTESIAN_POINT('',(0.0683884917310435,0.0300954697139517,0.006));
#4437=CARTESIAN_POINT('',(0.068746120302205,0.029954855267949,0.006));
#4438=CARTESIAN_POINT('',(0.068746120302205,0.029954855267949,0.007));
#4439=CARTESIAN_POINT('',(0.0687075384435259,0.0298650447842714,0.006));
#4440=CARTESIAN_POINT('',(0.0687075384435259,0.0298650447842714,0.007));
#4441=CARTESIAN_POINT('',(0.0686338683658875,0.0298003471510872,0.006));
#4442=CARTESIAN_POINT('',(0.0686338683658875,0.0298003471510872,0.007));
#4443=CARTESIAN_POINT('',(0.06852511006929,0.0297607623683962,0.006));
#4444=CARTESIAN_POINT('',(0.06852511006929,0.0297607623683962,0.007));
#4445=CARTESIAN_POINT('',(0.068746120302205,0.029954855267949,0.006));
#4446=CARTESIAN_POINT('',(0.068746120302205,0.029954855267949,0.006));
#4447=CARTESIAN_POINT('',(0.068746120302205,0.029954855267949,0.006));
#4448=CARTESIAN_POINT('',(0.0686882475141863,0.0298201395424326,0.006));
#4449=CARTESIAN_POINT('',(0.06852511006929,0.0297607623683962,0.006));
#4450=CARTESIAN_POINT('',(0.0687362764254517,0.0302756210008471,0.006));
#4451=CARTESIAN_POINT('',(0.0687362764254517,0.0302756210008471,0.007));
#4452=CARTESIAN_POINT('',(0.068781420868633,0.0301515876625926,0.006));
#4453=CARTESIAN_POINT('',(0.068781420868633,0.0301515876625926,0.007));
#4454=CARTESIAN_POINT('',(0.0687847021608841,0.0300446657516266,0.006));
#4455=CARTESIAN_POINT('',(0.0687847021608841,0.0300446657516266,0.007));
#4456=CARTESIAN_POINT('',(0.068746120302205,0.029954855267949,0.006));
#4457=CARTESIAN_POINT('',(0.068746120302205,0.029954855267949,0.007));
#4458=CARTESIAN_POINT('',(0.0687362764254517,0.0302756210008471,0.006));
#4459=CARTESIAN_POINT('',(0.0687362764254517,0.0302756210008471,0.006));
#4460=CARTESIAN_POINT('',(0.0687362764254517,0.0302756210008471,0.006));
#4461=CARTESIAN_POINT('',(0.0688039930902237,0.0300895709934654,0.006));
#4462=CARTESIAN_POINT('',(0.068746120302205,0.029954855267949,0.006));
#4463=CARTESIAN_POINT('',(0.0685373398894204,0.0305327522120262,0.006));
#4464=CARTESIAN_POINT('',(0.0685373398894204,0.0305327522120262,0.007));
#4465=CARTESIAN_POINT('',(0.068623263098656,0.0304896417544919,0.006));
#4466=CARTESIAN_POINT('',(0.068623263098656,0.0304896417544919,0.007));
#4467=CARTESIAN_POINT('',(0.0686895752773331,0.0304039313507656,0.006));
#4468=CARTESIAN_POINT('',(0.0686895752773331,0.0304039313507656,0.007));
#4469=CARTESIAN_POINT('',(0.0687362764254517,0.0302756210008471,0.006));
#4470=CARTESIAN_POINT('',(0.0687362764254517,0.0302756210008471,0.007));
#4471=CARTESIAN_POINT('',(0.0685373398894204,0.0305327522120262,0.006));
#4472=CARTESIAN_POINT('',(0.0685373398894204,0.0305327522120262,0.006));
#4473=CARTESIAN_POINT('',(0.0685373398894204,0.0305327522120262,0.006));
#4474=CARTESIAN_POINT('',(0.0686662247032738,0.0304680865257248,0.006));
#4475=CARTESIAN_POINT('',(0.0687362764254517,0.0302756210008471,0.006));
#4476=CARTESIAN_POINT('',(0.0682425681231724,0.0305370399854029,0.006));
#4477=CARTESIAN_POINT('',(0.0682425681231724,0.0305370399854029,0.007));
#4478=CARTESIAN_POINT('',(0.0683531594247688,0.0305772919273527,0.006));
#4479=CARTESIAN_POINT('',(0.0683531594247688,0.0305772919273527,0.007));
#4480=CARTESIAN_POINT('',(0.0684514166801848,0.0305758626695605,0.006));
#4481=CARTESIAN_POINT('',(0.0684514166801848,0.0305758626695605,0.007));
#4482=CARTESIAN_POINT('',(0.0685373398894204,0.0305327522120262,0.006));
#4483=CARTESIAN_POINT('',(0.0685373398894204,0.0305327522120262,0.007));
#4484=CARTESIAN_POINT('',(0.0682425681231724,0.0305370399854029,0.006));
#4485=CARTESIAN_POINT('',(0.0682425681231724,0.0305370399854029,0.006));
#4486=CARTESIAN_POINT('',(0.0682425681231724,0.0305370399854029,0.006));
#4487=CARTESIAN_POINT('',(0.068408455075567,0.0305974178983276,0.006));
#4488=CARTESIAN_POINT('',(0.0685373398894204,0.0305327522120262,0.006));
#4489=CARTESIAN_POINT('',(0.0680277644997442,0.0303472819380694,0.006));
#4490=CARTESIAN_POINT('',(0.0680277644997442,0.0303472819380694,0.007));
#4491=CARTESIAN_POINT('',(0.0680622086187655,0.0304342025202674,0.006));
#4492=CARTESIAN_POINT('',(0.0680622086187655,0.0304342025202674,0.007));
#4493=CARTESIAN_POINT('',(0.0681338098265749,0.0304974552027118,0.006));
#4494=CARTESIAN_POINT('',(0.0681338098265749,0.0304974552027118,0.007));
#4495=CARTESIAN_POINT('',(0.0682425681231724,0.0305370399854029,0.006));
#4496=CARTESIAN_POINT('',(0.0682425681231724,0.0305370399854029,0.007));
#4497=CARTESIAN_POINT('',(0.0680277644997442,0.0303472819380694,0.006));
#4498=CARTESIAN_POINT('',(0.0680794306782761,0.0304776628113663,0.006));
#4499=CARTESIAN_POINT('',(0.0682425681231724,0.0305370399854029,0.006));
#4500=CARTESIAN_POINT('',(0.0544567115264772,0.0336584082429137,0.006));
#4501=CARTESIAN_POINT('',(0.0544724732513631,0.0454886241816713,0.006));
#4502=CARTESIAN_POINT('',(0.0543482657639551,0.0453511362611598,0.006));
#4503=CARTESIAN_POINT('',(0.0543482657639551,0.0453511362611598,0.006));
#4504=CARTESIAN_POINT('',(0.0544724732513631,0.0454886241816713,0.006));
#4505=CARTESIAN_POINT('',(0.0545966807387712,0.0456261121021829,0.006));
#4506=CARTESIAN_POINT('',(0.0545966807387712,0.0456261121021829,0.006));
#4507=CARTESIAN_POINT('',(0.0548223585397785,0.0452385304557625,0.006));
#4508=CARTESIAN_POINT('',(0.0548223585397785,0.0452385304557625,0.007));
#4509=CARTESIAN_POINT('',(0.054591265391285,0.045080826659307,0.006));
#4510=CARTESIAN_POINT('',(0.054591265391285,0.045080826659307,0.007));
#4511=CARTESIAN_POINT('',(0.0549079247571864,0.0437309023141189,0.006));
#4512=CARTESIAN_POINT('',(0.0549079247571864,0.0437309023141189,0.007));
#4513=CARTESIAN_POINT('',(0.0554295491979622,0.0427313229857731,0.006));
#4514=CARTESIAN_POINT('',(0.0554295491979622,0.0427313229857731,0.007));
#4515=CARTESIAN_POINT('',(0.0567100678977174,0.0429059229111447,0.006));
#4516=CARTESIAN_POINT('',(0.0567100678977174,0.0429059229111447,0.007));
#4517=CARTESIAN_POINT('',(0.0571331044046299,0.0432176833050008,0.006));
#4518=CARTESIAN_POINT('',(0.0571331044046299,0.0432176833050008,0.007));
#4519=CARTESIAN_POINT('',(0.0574427153615771,0.0463385795639238,0.006));
#4520=CARTESIAN_POINT('',(0.0574427153615771,0.0463385795639238,0.007));
#4521=CARTESIAN_POINT('',(0.0561838460488014,0.0446936568013587,0.006));
#4522=CARTESIAN_POINT('',(0.0561838460488014,0.0446936568013587,0.007));
#4523=CARTESIAN_POINT('',(0.0550472130459407,0.0453919768452512,0.006));
#4524=CARTESIAN_POINT('',(0.0550472130459407,0.0453919768452512,0.007));
#4525=CARTESIAN_POINT('',(0.0548223585397785,0.0452385304557625,0.006));
#4526=CARTESIAN_POINT('',(0.0548223585397785,0.0452385304557625,0.007));
#4527=CARTESIAN_POINT('',(0.0548223585397785,0.0452385304557625,0.006));
#4528=CARTESIAN_POINT('',(0.054591265391285,0.045080826659307,0.006));
#4529=CARTESIAN_POINT('',(0.0549079247571864,0.0437309023141189,0.006));
#4530=CARTESIAN_POINT('',(0.0554295491979622,0.0427313229857731,0.006));
#4531=CARTESIAN_POINT('',(0.0567100678977174,0.0429059229111447,0.006));
#4532=CARTESIAN_POINT('',(0.0571331044046299,0.0432176833050008,0.006));
#4533=CARTESIAN_POINT('',(0.0574427153615771,0.0463385795639238,0.006));
#4534=CARTESIAN_POINT('',(0.0561838460488014,0.0446936568013587,0.006));
#4535=CARTESIAN_POINT('',(0.0550472130459407,0.0453919768452512,0.006));
#4536=CARTESIAN_POINT('',(0.0548223585397785,0.0452385304557625,0.006));
#4537=CARTESIAN_POINT('',(0.0548223585397785,0.0452385304557625,0.006));
#4538=CARTESIAN_POINT('',(0.0548223585397785,0.0452385304557625,0.007));
#4539=CARTESIAN_POINT('',(0.054591265391285,0.045080826659307,0.007));
#4540=CARTESIAN_POINT('',(0.0549079247571864,0.0437309023141189,0.007));
#4541=CARTESIAN_POINT('',(0.0554295491979622,0.0427313229857731,0.007));
#4542=CARTESIAN_POINT('',(0.0567100678977174,0.0429059229111447,0.007));
#4543=CARTESIAN_POINT('',(0.0571331044046299,0.0432176833050008,0.007));
#4544=CARTESIAN_POINT('',(0.0574427153615771,0.0463385795639238,0.007));
#4545=CARTESIAN_POINT('',(0.0561838460488014,0.0446936568013587,0.007));
#4546=CARTESIAN_POINT('',(0.0550472130459407,0.0453919768452512,0.007));
#4547=CARTESIAN_POINT('',(0.0548223585397785,0.0452385304557625,0.007));
#4548=CARTESIAN_POINT('',(0.0548223585397785,0.0452385304557625,0.007));
#4549=CARTESIAN_POINT('',(0.0543482657639551,0.0453511362611598,0.006));
#4550=CARTESIAN_POINT('',(0.0543482657639551,0.0453511362611598,0.00699999999999998));
#4551=CARTESIAN_POINT('',(0.0536608448713946,0.045084249156386,0.006));
#4552=CARTESIAN_POINT('',(0.0536608448713946,0.045084249156386,0.00699999999999998));
#4553=CARTESIAN_POINT('',(0.0527478887552433,0.0447297993320324,0.006));
#4554=CARTESIAN_POINT('',(0.0527478887552433,0.0447297993320324,0.00699999999999998));
#4555=CARTESIAN_POINT('',(0.053124943105732,0.0444311437150205,0.006));
#4556=CARTESIAN_POINT('',(0.053124943105732,0.0444311437150205,0.00699999999999998));
#4557=CARTESIAN_POINT('',(0.0522477951483963,0.0442019222468107,0.006));
#4558=CARTESIAN_POINT('',(0.0522477951483963,0.0442019222468107,0.00699999999999998));
#4559=CARTESIAN_POINT('',(0.0534411975732332,0.0441129123150006,0.006));
#4560=CARTESIAN_POINT('',(0.0534411975732332,0.0441129123150006,0.00699999999999998));
#4561=CARTESIAN_POINT('',(0.0526230641063019,0.0435510810483674,0.006));
#4562=CARTESIAN_POINT('',(0.0526230641063019,0.0435510810483674,0.00699999999999998));
#4563=CARTESIAN_POINT('',(0.0529135972349691,0.0431217194100807,0.006));
#4564=CARTESIAN_POINT('',(0.0529135972349691,0.0431217194100807,0.00699999999999998));
#4565=CARTESIAN_POINT('',(0.0532736204703911,0.0434527539587582,0.006));
#4566=CARTESIAN_POINT('',(0.0532736204703911,0.0434527539587582,0.00699999999999998));
#4567=CARTESIAN_POINT('',(0.0534650452780751,0.0430218400888006,0.006));
#4568=CARTESIAN_POINT('',(0.0534650452780751,0.0430218400888006,0.00699999999999998));
#4569=CARTESIAN_POINT('',(0.0530717269324365,0.0428963445079783,0.006));
#4570=CARTESIAN_POINT('',(0.0530717269324365,0.0428963445079783,0.00699999999999998));
#4571=CARTESIAN_POINT('',(0.0529277190643159,0.0421520980459341,0.006));
#4572=CARTESIAN_POINT('',(0.0529277190643159,0.0421520980459341,0.00699999999999998));
#4573=CARTESIAN_POINT('',(0.0536329405662065,0.0425837880644203,0.006));
#4574=CARTESIAN_POINT('',(0.0536329405662065,0.0425837880644203,0.00699999999999998));
#4575=CARTESIAN_POINT('',(0.0536788674089265,0.0421362534756209,0.006));
#4576=CARTESIAN_POINT('',(0.0536788674089265,0.0421362534756209,0.00699999999999998));
#4577=CARTESIAN_POINT('',(0.0534448526663812,0.0418788652707144,0.006));
#4578=CARTESIAN_POINT('',(0.0534448526663812,0.0418788652707144,0.00699999999999998));
#4579=CARTESIAN_POINT('',(0.0535432904250921,0.0416316088197869,0.006));
#4580=CARTESIAN_POINT('',(0.0535432904250921,0.0416316088197869,0.00699999999999998));
#4581=CARTESIAN_POINT('',(0.0539856349947022,0.0415990867009688,0.006));
#4582=CARTESIAN_POINT('',(0.0539856349947022,0.0415990867009688,0.00699999999999998));
#4583=CARTESIAN_POINT('',(0.0542757219006068,0.04189016723341,0.006));
#4584=CARTESIAN_POINT('',(0.0542757219006068,0.04189016723341,0.00699999999999998));
#4585=CARTESIAN_POINT('',(0.0542644447803191,0.0412571002152684,0.006));
#4586=CARTESIAN_POINT('',(0.0542644447803191,0.0412571002152684,0.00699999999999998));
#4587=CARTESIAN_POINT('',(0.054404766787449,0.041009517818133,0.006));
#4588=CARTESIAN_POINT('',(0.054404766787449,0.041009517818133,0.00699999999999998));
#4589=CARTESIAN_POINT('',(0.0548740684026695,0.0414689656140676,0.006));
#4590=CARTESIAN_POINT('',(0.0548740684026695,0.0414689656140676,0.00699999999999998));
#4591=CARTESIAN_POINT('',(0.0549541429565034,0.0410412064701856,0.006));
#4592=CARTESIAN_POINT('',(0.0549541429565034,0.0410412064701856,0.00699999999999998));
#4593=CARTESIAN_POINT('',(0.0552600373837532,0.0408113863340816,0.006));
#4594=CARTESIAN_POINT('',(0.0552600373837532,0.0408113863340816,0.00699999999999998));
#4595=CARTESIAN_POINT('',(0.0554456266381939,0.0414559598841931,0.006));
#4596=CARTESIAN_POINT('',(0.0554456266381939,0.0414559598841931,0.00699999999999998));
#4597=CARTESIAN_POINT('',(0.0557464947795158,0.0410871480547337,0.006));
#4598=CARTESIAN_POINT('',(0.0557464947795158,0.0410871480547337,0.00699999999999998));
#4599=CARTESIAN_POINT('',(0.056110026170664,0.0406030795664978,0.006));
#4600=CARTESIAN_POINT('',(0.056110026170664,0.0406030795664978,0.00699999999999998));
#4601=CARTESIAN_POINT('',(0.0563852390353678,0.0413574828029935,0.006));
#4602=CARTESIAN_POINT('',(0.0563852390353678,0.0413574828029935,0.00699999999999998));
#4603=CARTESIAN_POINT('',(0.0567074195354537,0.0410185713396208,0.006));
#4604=CARTESIAN_POINT('',(0.0567074195354537,0.0410185713396208,0.00699999999999998));
#4605=CARTESIAN_POINT('',(0.057336304139132,0.0405777052885727,0.006));
#4606=CARTESIAN_POINT('',(0.057336304139132,0.0405777052885727,0.00699999999999998));
#4607=CARTESIAN_POINT('',(0.057348841913826,0.0414812599592992,0.006));
#4608=CARTESIAN_POINT('',(0.057348841913826,0.0414812599592992,0.00699999999999998));
#4609=CARTESIAN_POINT('',(0.057819164666487,0.0416122834454378,0.006));
#4610=CARTESIAN_POINT('',(0.057819164666487,0.0416122834454378,0.00699999999999998));
#4611=CARTESIAN_POINT('',(0.0578652380372718,0.0410785676304634,0.006));
#4612=CARTESIAN_POINT('',(0.0578652380372718,0.0410785676304634,0.00699999999999998));
#4613=CARTESIAN_POINT('',(0.0584564665480362,0.0415226426016167,0.006));
#4614=CARTESIAN_POINT('',(0.0584564665480362,0.0415226426016167,0.00699999999999998));
#4615=CARTESIAN_POINT('',(0.0581257012436141,0.0421526164188335,0.006));
#4616=CARTESIAN_POINT('',(0.0581257012436141,0.0421526164188335,0.00699999999999998));
#4617=CARTESIAN_POINT('',(0.0589798999333511,0.0421023621943002,0.006));
#4618=CARTESIAN_POINT('',(0.0589798999333511,0.0421023621943002,0.00699999999999998));
#4619=CARTESIAN_POINT('',(0.0590980074836956,0.0424747443043778,0.006));
#4620=CARTESIAN_POINT('',(0.0590980074836956,0.0424747443043778,0.00699999999999998));
#4621=CARTESIAN_POINT('',(0.0588743231977435,0.0427851974846509,0.006));
#4622=CARTESIAN_POINT('',(0.0588743231977435,0.0427851974846509,0.00699999999999998));
#4623=CARTESIAN_POINT('',(0.0591223196172101,0.0433164567209508,0.006));
#4624=CARTESIAN_POINT('',(0.0591223196172101,0.0433164567209508,0.00699999999999998));
#4625=CARTESIAN_POINT('',(0.0594217492481755,0.0430139710131532,0.006));
#4626=CARTESIAN_POINT('',(0.0594217492481755,0.0430139710131532,0.00699999999999998));
#4627=CARTESIAN_POINT('',(0.0595803810220338,0.0436315649911286,0.006));
#4628=CARTESIAN_POINT('',(0.0595803810220338,0.0436315649911286,0.00699999999999998));
#4629=CARTESIAN_POINT('',(0.059171962326268,0.0434850530760735,0.006));
#4630=CARTESIAN_POINT('',(0.059171962326268,0.0434850530760735,0.00699999999999998));
#4631=CARTESIAN_POINT('',(0.0591305021145043,0.0436658694610257,0.006));
#4632=CARTESIAN_POINT('',(0.0591305021145043,0.0436658694610257,0.00699999999999998));
#4633=CARTESIAN_POINT('',(0.0591083840731504,0.0440427904952022,0.006));
#4634=CARTESIAN_POINT('',(0.0591083840731504,0.0440427904952022,0.00699999999999998));
#4635=CARTESIAN_POINT('',(0.0596305539167065,0.0439985945800467,0.006));
#4636=CARTESIAN_POINT('',(0.0596305539167065,0.0439985945800467,0.00699999999999998));
#4637=CARTESIAN_POINT('',(0.0594056064019341,0.0444740369720604,0.006));
#4638=CARTESIAN_POINT('',(0.0594056064019341,0.0444740369720604,0.00699999999999998));
#4639=CARTESIAN_POINT('',(0.0592038010032423,0.0444362338015283,0.006));
#4640=CARTESIAN_POINT('',(0.0592038010032423,0.0444362338015283,0.00699999999999998));
#4641=CARTESIAN_POINT('',(0.0592434025390392,0.0449096846728061,0.006));
#4642=CARTESIAN_POINT('',(0.0592434025390392,0.0449096846728061,0.00699999999999998));
#4643=CARTESIAN_POINT('',(0.0595415490631992,0.0446823161829553,0.006));
#4644=CARTESIAN_POINT('',(0.0595415490631992,0.0446823161829553,0.00699999999999998));
#4645=CARTESIAN_POINT('',(0.0598364822420696,0.045231338744862,0.006));
#4646=CARTESIAN_POINT('',(0.0598364822420696,0.045231338744862,0.00699999999999998));
#4647=CARTESIAN_POINT('',(0.0592610039119425,0.0452652268163973,0.006));
#4648=CARTESIAN_POINT('',(0.0592610039119425,0.0452652268163973,0.00699999999999998));
#4649=CARTESIAN_POINT('',(0.0588808331396697,0.0452170801340948,0.006));
#4650=CARTESIAN_POINT('',(0.0588808331396697,0.0452170801340948,0.00699999999999998));
#4651=CARTESIAN_POINT('',(0.0591891801788687,0.0459463555356408,0.006));
#4652=CARTESIAN_POINT('',(0.0591891801788687,0.0459463555356408,0.00699999999999998));
#4653=CARTESIAN_POINT('',(0.0583038536114452,0.0454680815999818,0.006));
#4654=CARTESIAN_POINT('',(0.0583038536114452,0.0454680815999818,0.00699999999999998));
#4655=CARTESIAN_POINT('',(0.0574746159392874,0.046168228253383,0.006));
#4656=CARTESIAN_POINT('',(0.0574746159392874,0.046168228253383,0.00699999999999998));
#4657=CARTESIAN_POINT('',(0.0567178336654918,0.045685981926111,0.006));
#4658=CARTESIAN_POINT('',(0.0567178336654918,0.045685981926111,0.00699999999999998));
#4659=CARTESIAN_POINT('',(0.0550327936359852,0.0454390070713767,0.006));
#4660=CARTESIAN_POINT('',(0.0550327936359852,0.0454390070713767,0.00699999999999998));
#4661=CARTESIAN_POINT('',(0.0547070591601845,0.0455787565709184,0.006));
#4662=CARTESIAN_POINT('',(0.0547070591601845,0.0455787565709184,0.00699999999999998));
#4663=CARTESIAN_POINT('',(0.0545966807387712,0.0456261121021829,0.006));
#4664=CARTESIAN_POINT('',(0.0545966807387712,0.0456261121021829,0.00699999999999998));
#4665=CARTESIAN_POINT('',(0.0543482657639551,0.0453511362611598,0.006));
#4666=CARTESIAN_POINT('',(0.0536608448713946,0.045084249156386,0.006));
#4667=CARTESIAN_POINT('',(0.0527478887552433,0.0447297993320324,0.006));
#4668=CARTESIAN_POINT('',(0.053124943105732,0.0444311437150205,0.006));
#4669=CARTESIAN_POINT('',(0.0522477951483963,0.0442019222468107,0.006));
#4670=CARTESIAN_POINT('',(0.0534411975732332,0.0441129123150006,0.006));
#4671=CARTESIAN_POINT('',(0.0526230641063019,0.0435510810483674,0.006));
#4672=CARTESIAN_POINT('',(0.0529135972349691,0.0431217194100807,0.006));
#4673=CARTESIAN_POINT('',(0.0532736204703911,0.0434527539587582,0.006));
#4674=CARTESIAN_POINT('',(0.0534650452780751,0.0430218400888006,0.006));
#4675=CARTESIAN_POINT('',(0.0530717269324365,0.0428963445079783,0.006));
#4676=CARTESIAN_POINT('',(0.0529277190643159,0.0421520980459341,0.006));
#4677=CARTESIAN_POINT('',(0.0536329405662065,0.0425837880644203,0.006));
#4678=CARTESIAN_POINT('',(0.0536788674089265,0.0421362534756209,0.006));
#4679=CARTESIAN_POINT('',(0.0534448526663812,0.0418788652707144,0.006));
#4680=CARTESIAN_POINT('',(0.0535432904250921,0.0416316088197869,0.006));
#4681=CARTESIAN_POINT('',(0.0539856349947022,0.0415990867009688,0.006));
#4682=CARTESIAN_POINT('',(0.0542757219006068,0.04189016723341,0.006));
#4683=CARTESIAN_POINT('',(0.0542644447803191,0.0412571002152684,0.006));
#4684=CARTESIAN_POINT('',(0.054404766787449,0.041009517818133,0.006));
#4685=CARTESIAN_POINT('',(0.0548740684026695,0.0414689656140676,0.006));
#4686=CARTESIAN_POINT('',(0.0549541429565034,0.0410412064701856,0.006));
#4687=CARTESIAN_POINT('',(0.0552600373837532,0.0408113863340816,0.006));
#4688=CARTESIAN_POINT('',(0.0554456266381939,0.0414559598841931,0.006));
#4689=CARTESIAN_POINT('',(0.0557464947795158,0.0410871480547337,0.006));
#4690=CARTESIAN_POINT('',(0.056110026170664,0.0406030795664978,0.006));
#4691=CARTESIAN_POINT('',(0.0563852390353678,0.0413574828029935,0.006));
#4692=CARTESIAN_POINT('',(0.0567074195354537,0.0410185713396208,0.006));
#4693=CARTESIAN_POINT('',(0.057336304139132,0.0405777052885727,0.006));
#4694=CARTESIAN_POINT('',(0.057348841913826,0.0414812599592992,0.006));
#4695=CARTESIAN_POINT('',(0.057819164666487,0.0416122834454378,0.006));
#4696=CARTESIAN_POINT('',(0.0578652380372718,0.0410785676304634,0.006));
#4697=CARTESIAN_POINT('',(0.0584564665480362,0.0415226426016167,0.006));
#4698=CARTESIAN_POINT('',(0.0581257012436141,0.0421526164188335,0.006));
#4699=CARTESIAN_POINT('',(0.0589798999333511,0.0421023621943002,0.006));
#4700=CARTESIAN_POINT('',(0.0590980074836956,0.0424747443043778,0.006));
#4701=CARTESIAN_POINT('',(0.0588743231977435,0.0427851974846509,0.006));
#4702=CARTESIAN_POINT('',(0.0591223196172101,0.0433164567209508,0.006));
#4703=CARTESIAN_POINT('',(0.0594217492481755,0.0430139710131532,0.006));
#4704=CARTESIAN_POINT('',(0.0595803810220338,0.0436315649911286,0.006));
#4705=CARTESIAN_POINT('',(0.059171962326268,0.0434850530760735,0.006));
#4706=CARTESIAN_POINT('',(0.0591305021145043,0.0436658694610257,0.006));
#4707=CARTESIAN_POINT('',(0.0591083840731504,0.0440427904952022,0.006));
#4708=CARTESIAN_POINT('',(0.0596305539167065,0.0439985945800467,0.006));
#4709=CARTESIAN_POINT('',(0.0594056064019341,0.0444740369720604,0.006));
#4710=CARTESIAN_POINT('',(0.0592038010032423,0.0444362338015283,0.006));
#4711=CARTESIAN_POINT('',(0.0592434025390392,0.0449096846728061,0.006));
#4712=CARTESIAN_POINT('',(0.0595415490631992,0.0446823161829553,0.006));
#4713=CARTESIAN_POINT('',(0.0598364822420696,0.045231338744862,0.006));
#4714=CARTESIAN_POINT('',(0.0592610039119425,0.0452652268163973,0.006));
#4715=CARTESIAN_POINT('',(0.0588808331396697,0.0452170801340948,0.006));
#4716=CARTESIAN_POINT('',(0.0591891801788687,0.0459463555356408,0.006));
#4717=CARTESIAN_POINT('',(0.0583038536114452,0.0454680815999818,0.006));
#4718=CARTESIAN_POINT('',(0.0574746159392874,0.046168228253383,0.006));
#4719=CARTESIAN_POINT('',(0.0567178336654918,0.045685981926111,0.006));
#4720=CARTESIAN_POINT('',(0.0550327936359852,0.0454390070713767,0.006));
#4721=CARTESIAN_POINT('',(0.0547070591601845,0.0455787565709184,0.006));
#4722=CARTESIAN_POINT('',(0.0545966807387712,0.0456261121021829,0.006));
#4723=CARTESIAN_POINT('',(0.0544567115264772,0.0336584082429137,0.006));
#4724=CARTESIAN_POINT('',(0.064705920276761,0.030910470328681,0.006));
#4725=CARTESIAN_POINT('',(0.064705920276761,0.030910470328681,0.007));
#4726=CARTESIAN_POINT('',(0.0643718551157233,0.030788880553758,0.007));
#4727=CARTESIAN_POINT('',(0.0650399854377987,0.0310320601036041,0.007));
#4728=CARTESIAN_POINT('',(0.0643718551157233,0.030788880553758,0.006));
#4729=CARTESIAN_POINT('',(0.0643718551157233,0.030788880553758,0.006));
#4730=CARTESIAN_POINT('',(0.064705920276761,0.030910470328681,0.006));
#4731=CARTESIAN_POINT('',(0.0650399854377987,0.0310320601036041,0.006));
#4732=CARTESIAN_POINT('',(0.0650399854377987,0.0310320601036041,0.006));
#4733=CARTESIAN_POINT('',(0.0640804733094261,0.0315894454869992,0.006));
#4734=CARTESIAN_POINT('',(0.0640804733094261,0.0315894454869992,0.007));
#4735=CARTESIAN_POINT('',(0.063789091503129,0.0323900104202405,0.007));
#4736=CARTESIAN_POINT('',(0.063789091503129,0.0323900104202405,0.006));
#4737=CARTESIAN_POINT('',(0.063789091503129,0.0323900104202405,0.006));
#4738=CARTESIAN_POINT('',(0.0640804733094261,0.0315894454869992,0.006));
#4739=CARTESIAN_POINT('',(0.0641057431166778,0.0325052621822046,0.006));
#4740=CARTESIAN_POINT('',(0.0641057431166778,0.0325052621822046,0.007));
#4741=CARTESIAN_POINT('',(0.0644223947302266,0.0326205139441687,0.007));
#4742=CARTESIAN_POINT('',(0.0644223947302266,0.0326205139441687,0.006));
#4743=CARTESIAN_POINT('',(0.0644223947302266,0.0326205139441687,0.006));
#4744=CARTESIAN_POINT('',(0.0641057431166778,0.0325052621822046,0.006));
#4745=CARTESIAN_POINT('',(0.0652754698006106,0.0327234247663264,0.006));
#4746=CARTESIAN_POINT('',(0.0652754698006106,0.0327234247663264,0.007));
#4747=CARTESIAN_POINT('',(0.0650678550717918,0.0327862479255455,0.006));
#4748=CARTESIAN_POINT('',(0.0650678550717918,0.0327862479255455,0.007));
#4749=CARTESIAN_POINT('',(0.0647834967149971,0.0327519443181596,0.006));
#4750=CARTESIAN_POINT('',(0.0647834967149971,0.0327519443181596,0.007));
#4751=CARTESIAN_POINT('',(0.0644223947302266,0.0326205139441687,0.006));
#4752=CARTESIAN_POINT('',(0.0644223947302266,0.0326205139441687,0.007));
#4753=CARTESIAN_POINT('',(0.0652754698006106,0.0327234247663264,0.007));
#4754=CARTESIAN_POINT('',(0.0649640477073824,0.0328176595051551,0.007));
#4755=CARTESIAN_POINT('',(0.0644223947302266,0.0326205139441687,0.007));
#4756=CARTESIAN_POINT('',(0.0652754698006106,0.0327234247663264,0.007));
#4757=CARTESIAN_POINT('',(0.0652754698006106,0.0327234247663264,0.006));
#4758=CARTESIAN_POINT('',(0.0652754698006106,0.0327234247663264,0.006));
#4759=CARTESIAN_POINT('',(0.0652754698006106,0.0327234247663264,0.006));
#4760=CARTESIAN_POINT('',(0.0649640477073824,0.0328176595051551,0.006));
#4761=CARTESIAN_POINT('',(0.0644223947302266,0.0326205139441687,0.006));
#4762=CARTESIAN_POINT('',(0.0657380034659654,0.0322140143952614,0.006));
#4763=CARTESIAN_POINT('',(0.0657380034659654,0.0322140143952614,0.007));
#4764=CARTESIAN_POINT('',(0.065637262417881,0.0324907981500855,0.006));
#4765=CARTESIAN_POINT('',(0.065637262417881,0.0324907981500855,0.007));
#4766=CARTESIAN_POINT('',(0.0654830845294294,0.0326606016071072,0.006));
#4767=CARTESIAN_POINT('',(0.0654830845294294,0.0326606016071072,0.007));
#4768=CARTESIAN_POINT('',(0.0652754698006106,0.0327234247663264,0.006));
#4769=CARTESIAN_POINT('',(0.0652754698006106,0.0327234247663264,0.007));
#4770=CARTESIAN_POINT('',(0.0657380034659654,0.0322140143952614,0.007));
#4771=CARTESIAN_POINT('',(0.0655868918938388,0.0326291900274976,0.007));
#4772=CARTESIAN_POINT('',(0.0652754698006106,0.0327234247663264,0.007));
#4773=CARTESIAN_POINT('',(0.0657380034659654,0.0322140143952614,0.007));
#4774=CARTESIAN_POINT('',(0.0657380034659654,0.0322140143952614,0.006));
#4775=CARTESIAN_POINT('',(0.0657380034659654,0.0322140143952614,0.006));
#4776=CARTESIAN_POINT('',(0.0657380034659654,0.0322140143952614,0.006));
#4777=CARTESIAN_POINT('',(0.0655868918938388,0.0326291900274976,0.006));
#4778=CARTESIAN_POINT('',(0.0652754698006106,0.0327234247663264,0.006));
#4779=CARTESIAN_POINT('',(0.0657210867013934,0.0315119348166795,0.006));
#4780=CARTESIAN_POINT('',(0.0657210867013934,0.0315119348166795,0.007));
#4781=CARTESIAN_POINT('',(0.0658317712740081,0.031706870124241,0.006));
#4782=CARTESIAN_POINT('',(0.0658317712740081,0.031706870124241,0.007));
#4783=CARTESIAN_POINT('',(0.0658374101955321,0.031940896650435,0.006));
#4784=CARTESIAN_POINT('',(0.0658374101955321,0.031940896650435,0.007));
#4785=CARTESIAN_POINT('',(0.0657380034659654,0.0322140143952614,0.006));
#4786=CARTESIAN_POINT('',(0.0657380034659654,0.0322140143952614,0.007));
#4787=CARTESIAN_POINT('',(0.0657210867013934,0.0315119348166795,0.007));
#4788=CARTESIAN_POINT('',(0.0658871135603155,0.0318043377780217,0.007));
#4789=CARTESIAN_POINT('',(0.0657380034659654,0.0322140143952614,0.007));
#4790=CARTESIAN_POINT('',(0.0657210867013934,0.0315119348166795,0.007));
#4791=CARTESIAN_POINT('',(0.0657210867013934,0.0315119348166795,0.006));
#4792=CARTESIAN_POINT('',(0.0657210867013934,0.0315119348166795,0.006));
#4793=CARTESIAN_POINT('',(0.0657210867013934,0.0315119348166795,0.006));
#4794=CARTESIAN_POINT('',(0.0658871135603155,0.0318043377780217,0.006));
#4795=CARTESIAN_POINT('',(0.0657380034659654,0.0322140143952614,0.006));
#4796=CARTESIAN_POINT('',(0.0648408680746858,0.0295002780395768,0.006));
#4797=CARTESIAN_POINT('',(0.0645239674267381,0.0303709554140235,0.006));
#4798=CARTESIAN_POINT('',(0.0645239674267381,0.0303709554140235,0.006));
#4799=CARTESIAN_POINT('',(0.0648408680746858,0.0295002780395768,0.006));
#4800=CARTESIAN_POINT('',(0.0651577687226334,0.0286296006651301,0.006));
#4801=CARTESIAN_POINT('',(0.0651577687226334,0.0286296006651301,0.006));
#4802=CARTESIAN_POINT('',(0.0649611391189603,0.0305300728972561,0.006));
#4803=CARTESIAN_POINT('',(0.0653983108111825,0.0306891903804889,0.006));
#4804=CARTESIAN_POINT('',(0.0653983108111825,0.0306891903804889,0.006));
#4805=CARTESIAN_POINT('',(0.0649611391189603,0.0305300728972561,0.006));
#4806=CARTESIAN_POINT('',(0.0662220373413081,0.0300029825411106,0.006));
#4807=CARTESIAN_POINT('',(0.0670457638714337,0.0293167747017323,0.006));
#4808=CARTESIAN_POINT('',(0.0670457638714337,0.0293167747017323,0.006));
#4809=CARTESIAN_POINT('',(0.0662220373413081,0.0300029825411106,0.006));
#4810=CARTESIAN_POINT('',(0.0673335456562508,0.0294215187053698,0.006));
#4811=CARTESIAN_POINT('',(0.0676213274410679,0.0295262627090072,0.006));
#4812=CARTESIAN_POINT('',(0.0676213274410679,0.0295262627090072,0.006));
#4813=CARTESIAN_POINT('',(0.0673335456562508,0.0294215187053698,0.006));
#4814=CARTESIAN_POINT('',(0.0667102181505811,0.0302600663646052,0.006));
#4815=CARTESIAN_POINT('',(0.0657991088600943,0.0309938700202031,0.006));
#4816=CARTESIAN_POINT('',(0.0657991088600943,0.0309938700202031,0.006));
#4817=CARTESIAN_POINT('',(0.0667102181505811,0.0302600663646052,0.006));
#4818=CARTESIAN_POINT('',(0.0662327396110214,0.0324231452614253,0.006));
#4819=CARTESIAN_POINT('',(0.0662327396110214,0.0324231452614253,0.007));
#4820=CARTESIAN_POINT('',(0.0664342217071902,0.0318695777517771,0.006));
#4821=CARTESIAN_POINT('',(0.0664342217071902,0.0318695777517771,0.007));
#4822=CARTESIAN_POINT('',(0.0662896781235479,0.0313931526713697,0.006));
#4823=CARTESIAN_POINT('',(0.0662896781235479,0.0313931526713697,0.007));
#4824=CARTESIAN_POINT('',(0.0657991088600944,0.0309938700202031,0.006));
#4825=CARTESIAN_POINT('',(0.0657991088600944,0.0309938700202031,0.007));
#4826=CARTESIAN_POINT('',(0.0662327396110214,0.0324231452614253,0.006));
#4827=CARTESIAN_POINT('',(0.0662327396110214,0.0324231452614253,0.006));
#4828=CARTESIAN_POINT('',(0.0662327396110214,0.0324231452614253,0.006));
#4829=CARTESIAN_POINT('',(0.0665349627552746,0.031592793996953,0.006));
#4830=CARTESIAN_POINT('',(0.0657991088600944,0.0309938700202031,0.006));
#4831=CARTESIAN_POINT('',(0.0655415251965986,0.0331773039621494,0.006));
#4832=CARTESIAN_POINT('',(0.0655415251965986,0.0331773039621494,0.007));
#4833=CARTESIAN_POINT('',(0.0658584507927245,0.0330698495730821,0.006));
#4834=CARTESIAN_POINT('',(0.0658584507927245,0.0330698495730821,0.007));
#4835=CARTESIAN_POINT('',(0.0660888555975321,0.0328184633395074,0.006));
#4836=CARTESIAN_POINT('',(0.0660888555975321,0.0328184633395074,0.007));
#4837=CARTESIAN_POINT('',(0.0662327396110214,0.0324231452614253,0.006));
#4838=CARTESIAN_POINT('',(0.0662327396110214,0.0324231452614253,0.007));
#4839=CARTESIAN_POINT('',(0.0655415251965986,0.0331773039621494,0.006));
#4840=CARTESIAN_POINT('',(0.0655415251965986,0.0331773039621494,0.006));
#4841=CARTESIAN_POINT('',(0.0655415251965986,0.0331773039621494,0.006));
#4842=CARTESIAN_POINT('',(0.0660169135907875,0.0330161223785485,0.006));
#4843=CARTESIAN_POINT('',(0.0662327396110214,0.0324231452614253,0.006));
#4844=CARTESIAN_POINT('',(0.0642953582003994,0.0330579450774093,0.006));
#4845=CARTESIAN_POINT('',(0.0642953582003994,0.0330579450774093,0.007));
#4846=CARTESIAN_POINT('',(0.0648092106017395,0.0332449720563033,0.006));
#4847=CARTESIAN_POINT('',(0.0648092106017395,0.0332449720563033,0.007));
#4848=CARTESIAN_POINT('',(0.0652245996004726,0.0332847583512167,0.006));
#4849=CARTESIAN_POINT('',(0.0652245996004726,0.0332847583512167,0.007));
#4850=CARTESIAN_POINT('',(0.0655415251965986,0.0331773039621494,0.006));
#4851=CARTESIAN_POINT('',(0.0655415251965986,0.0331773039621494,0.007));
#4852=CARTESIAN_POINT('',(0.0642953582003994,0.0330579450774093,0.006));
#4853=CARTESIAN_POINT('',(0.0642953582003994,0.0330579450774093,0.006));
#4854=CARTESIAN_POINT('',(0.0642953582003994,0.0330579450774093,0.006));
#4855=CARTESIAN_POINT('',(0.0650661368024096,0.0333384855457503,0.006));
#4856=CARTESIAN_POINT('',(0.0655415251965986,0.0331773039621494,0.006));
#4857=CARTESIAN_POINT('',(0.0637211693845143,0.0328489574395786,0.006));
#4858=CARTESIAN_POINT('',(0.0631469805686292,0.0326399698017478,0.006));
#4859=CARTESIAN_POINT('',(0.0631469805686292,0.0326399698017478,0.006));
#4860=CARTESIAN_POINT('',(0.0637211693845143,0.0328489574395786,0.006));
#4861=CARTESIAN_POINT('',(0.063909043232036,0.0305462198418283,0.006));
#4862=CARTESIAN_POINT('',(0.0646711058954427,0.0284524698819088,0.006));
#4863=CARTESIAN_POINT('',(0.0646711058954427,0.0284524698819088,0.006));
#4864=CARTESIAN_POINT('',(0.063909043232036,0.0305462198418283,0.006));
#4865=CARTESIAN_POINT('',(0.0649144373090381,0.0285410352735194,0.006));
#4866=CARTESIAN_POINT('',(0.0649144373090381,0.0285410352735194,0.006));
#4867=CARTESIAN_POINT('',(0.0650399854377987,0.0310320601036041,0.006));
#4868=CARTESIAN_POINT('',(0.0650399854377987,0.0310320601036041,0.007));
#4869=CARTESIAN_POINT('',(0.0653833683742472,0.0311570412714262,0.006));
#4870=CARTESIAN_POINT('',(0.0653833683742472,0.0311570412714262,0.007));
#4871=CARTESIAN_POINT('',(0.0656104021287787,0.031316999509118,0.006));
#4872=CARTESIAN_POINT('',(0.0656104021287787,0.031316999509118,0.007));
#4873=CARTESIAN_POINT('',(0.0657210867013934,0.0315119348166795,0.006));
#4874=CARTESIAN_POINT('',(0.0657210867013934,0.0315119348166795,0.007));
#4875=CARTESIAN_POINT('',(0.0650399854377987,0.0310320601036041,0.007));
#4876=CARTESIAN_POINT('',(0.0655550598424714,0.0312195318553373,0.007));
#4877=CARTESIAN_POINT('',(0.0657210867013934,0.0315119348166795,0.007));
#4878=CARTESIAN_POINT('',(0.0650399854377987,0.0310320601036041,0.006));
#4879=CARTESIAN_POINT('',(0.0655550598424714,0.0312195318553373,0.006));
#4880=CARTESIAN_POINT('',(0.0657210867013934,0.0315119348166795,0.006));
#4881=CARTESIAN_POINT('',(0.0544567115264772,0.0336584082429137,0.006));
#4882=CARTESIAN_POINT('',(0.0493829473853111,0.0518948547542095,0.006));
#4883=CARTESIAN_POINT('',(0.0493829473853111,0.0518948547542095,0.00699999999999999));
#4884=CARTESIAN_POINT('',(0.049548174419543,0.0520554772913124,0.006));
#4885=CARTESIAN_POINT('',(0.049548174419543,0.0520554772913124,0.00699999999999999));
#4886=CARTESIAN_POINT('',(0.0506244215230648,0.0519707671208048,0.006));
#4887=CARTESIAN_POINT('',(0.0506244215230648,0.0519707671208048,0.00699999999999999));
#4888=CARTESIAN_POINT('',(0.0545452952073698,0.0534331371636664,0.006));
#4889=CARTESIAN_POINT('',(0.0545452952073698,0.0534331371636664,0.00699999999999999));
#4890=CARTESIAN_POINT('',(0.0595875245803522,0.0535443461383049,0.006));
#4891=CARTESIAN_POINT('',(0.0595875245803522,0.0535443461383049,0.00699999999999999));
#4892=CARTESIAN_POINT('',(0.0603998888214558,0.0539360584227975,0.006));
#4893=CARTESIAN_POINT('',(0.0603998888214558,0.0539360584227975,0.00699999999999999));
#4894=CARTESIAN_POINT('',(0.0600898417491532,0.0489651362361007,0.006));
#4895=CARTESIAN_POINT('',(0.0600898417491532,0.0489651362361007,0.00699999999999999));
#4896=CARTESIAN_POINT('',(0.0610490033192987,0.0501335810590528,0.006));
#4897=CARTESIAN_POINT('',(0.0610490033192987,0.0501335810590528,0.00699999999999999));
#4898=CARTESIAN_POINT('',(0.0618312730814519,0.0499149799265087,0.006));
#4899=CARTESIAN_POINT('',(0.0618312730814519,0.0499149799265087,0.00699999999999999));
#4900=CARTESIAN_POINT('',(0.061035592637086,0.0566787316354997,0.006));
#4901=CARTESIAN_POINT('',(0.061035592637086,0.0566787316354997,0.00699999999999999));
#4902=CARTESIAN_POINT('',(0.0587865282815179,0.0593677410148965,0.006));
#4903=CARTESIAN_POINT('',(0.0587865282815179,0.0593677410148965,0.00699999999999999));
#4904=CARTESIAN_POINT('',(0.0530610360451744,0.0603831295601928,0.006));
#4905=CARTESIAN_POINT('',(0.0530610360451744,0.0603831295601928,0.00699999999999999));
#4906=CARTESIAN_POINT('',(0.0486171346724008,0.0567996136529711,0.006));
#4907=CARTESIAN_POINT('',(0.0486171346724008,0.0567996136529711,0.00699999999999999));
#4908=CARTESIAN_POINT('',(0.0475527473593068,0.0533382676584455,0.006));
#4909=CARTESIAN_POINT('',(0.0475527473593068,0.0533382676584455,0.00699999999999999));
#4910=CARTESIAN_POINT('',(0.0482119943593154,0.0481503336369753,0.006));
#4911=CARTESIAN_POINT('',(0.0482119943593154,0.0481503336369753,0.00699999999999999));
#4912=CARTESIAN_POINT('',(0.0490576208390786,0.0486115579017841,0.006));
#4913=CARTESIAN_POINT('',(0.0490576208390786,0.0486115579017841,0.00699999999999999));
#4914=CARTESIAN_POINT('',(0.0497283641397327,0.0482422102324441,0.006));
#4915=CARTESIAN_POINT('',(0.0497283641397327,0.0482422102324441,0.00699999999999999));
#4916=CARTESIAN_POINT('',(0.0492750470368187,0.0507935865164407,0.006));
#4917=CARTESIAN_POINT('',(0.0492750470368187,0.0507935865164407,0.00699999999999999));
#4918=CARTESIAN_POINT('',(0.0492057543955722,0.0517225997252367,0.006));
#4919=CARTESIAN_POINT('',(0.0492057543955722,0.0517225997252367,0.00699999999999999));
#4920=CARTESIAN_POINT('',(0.0493829473853111,0.0518948547542095,0.006));
#4921=CARTESIAN_POINT('',(0.0493829473853111,0.0518948547542095,0.00699999999999999));
#4922=CARTESIAN_POINT('',(0.0493829473853111,0.0518948547542095,0.006));
#4923=CARTESIAN_POINT('',(0.049548174419543,0.0520554772913124,0.006));
#4924=CARTESIAN_POINT('',(0.0506244215230648,0.0519707671208048,0.006));
#4925=CARTESIAN_POINT('',(0.0545452952073698,0.0534331371636664,0.006));
#4926=CARTESIAN_POINT('',(0.0595875245803522,0.0535443461383049,0.006));
#4927=CARTESIAN_POINT('',(0.0603998888214558,0.0539360584227975,0.006));
#4928=CARTESIAN_POINT('',(0.0600898417491532,0.0489651362361007,0.006));
#4929=CARTESIAN_POINT('',(0.0610490033192987,0.0501335810590528,0.006));
#4930=CARTESIAN_POINT('',(0.0618312730814519,0.0499149799265087,0.006));
#4931=CARTESIAN_POINT('',(0.061035592637086,0.0566787316354997,0.006));
#4932=CARTESIAN_POINT('',(0.0587865282815179,0.0593677410148965,0.006));
#4933=CARTESIAN_POINT('',(0.0530610360451744,0.0603831295601928,0.006));
#4934=CARTESIAN_POINT('',(0.0486171346724008,0.0567996136529711,0.006));
#4935=CARTESIAN_POINT('',(0.0475527473593068,0.0533382676584455,0.006));
#4936=CARTESIAN_POINT('',(0.0482119943593154,0.0481503336369753,0.006));
#4937=CARTESIAN_POINT('',(0.0490576208390786,0.0486115579017841,0.006));
#4938=CARTESIAN_POINT('',(0.0497283641397327,0.0482422102324441,0.006));
#4939=CARTESIAN_POINT('',(0.0492750470368187,0.0507935865164407,0.006));
#4940=CARTESIAN_POINT('',(0.0492057543955722,0.0517225997252367,0.006));
#4941=CARTESIAN_POINT('',(0.0493829473853111,0.0518948547542095,0.006));
#4942=CARTESIAN_POINT('',(0.0493829473853111,0.0518948547542095,0.006));
#4943=CARTESIAN_POINT('',(0.0532116200387453,0.0543667695068604,0.006));
#4944=CARTESIAN_POINT('',(0.0532116200387453,0.0543667695068604,0.006));
#4945=CARTESIAN_POINT('',(0.0535695107786456,0.0543667695068604,0.006));
#4946=CARTESIAN_POINT('',(0.0532116200387453,0.0543667695068604,0.007));
#4947=CARTESIAN_POINT('',(0.0535695107786456,0.0543667695068604,0.007));
#4948=CARTESIAN_POINT('',(0.0524373539603336,0.0555050981778839,0.006));
#4949=CARTESIAN_POINT('',(0.0524373539603336,0.0555050981778839,0.006));
#4950=CARTESIAN_POINT('',(0.052819857787115,0.0555050981778839,0.006));
#4951=CARTESIAN_POINT('',(0.0524373539603336,0.0555050981778839,0.007));
#4952=CARTESIAN_POINT('',(0.052819857787115,0.0555050981778839,0.007));
#4953=CARTESIAN_POINT('',(0.0517026201030511,0.0541401636973803,0.006));
#4954=CARTESIAN_POINT('',(0.0517026201030511,0.0541401636973803,0.006));
#4955=CARTESIAN_POINT('',(0.0520612924495072,0.0541401636973803,0.006));
#4956=CARTESIAN_POINT('',(0.0517026201030511,0.0541401636973803,0.007));
#4957=CARTESIAN_POINT('',(0.0520612924495072,0.0541401636973803,0.007));
#4958=CARTESIAN_POINT('',(0.0583636216413273,0.0548991712653968,0.006));
#4959=CARTESIAN_POINT('',(0.0583636216413273,0.0548991712653968,0.006));
#4960=CARTESIAN_POINT('',(0.0586984919022278,0.0548991712653968,0.006));
#4961=CARTESIAN_POINT('',(0.0583636216413273,0.0548991712653968,0.007));
#4962=CARTESIAN_POINT('',(0.0586984919022278,0.0548991712653968,0.007));
#4963=CARTESIAN_POINT('',(0.0573936203552507,0.0560563614802342,0.006));
#4964=CARTESIAN_POINT('',(0.0573936203552507,0.0560563614802342,0.006));
#4965=CARTESIAN_POINT('',(0.0577753715247346,0.0560563614802342,0.006));
#4966=CARTESIAN_POINT('',(0.0573936203552507,0.0560563614802342,0.007));
#4967=CARTESIAN_POINT('',(0.0577753715247346,0.0560563614802342,0.007));
#4968=CARTESIAN_POINT('',(0.0569169458542534,0.0548990678654796,0.006));
#4969=CARTESIAN_POINT('',(0.0569169458542534,0.0548990678654796,0.006));
#4970=CARTESIAN_POINT('',(0.0573016422995445,0.0548990678654796,0.006));
#4971=CARTESIAN_POINT('',(0.0569169458542534,0.0548990678654796,0.007));
#4972=CARTESIAN_POINT('',(0.0573016422995445,0.0548990678654796,0.007));
#4973=CARTESIAN_POINT('',(0.0554432042439707,0.0572292564711707,0.006));
#4974=CARTESIAN_POINT('',(0.0554432042439707,0.0572292564711707,0.007));
#4975=CARTESIAN_POINT('',(0.0554655966005378,0.0574334257307527,0.006));
#4976=CARTESIAN_POINT('',(0.0554655966005378,0.0574334257307527,0.007));
#4977=CARTESIAN_POINT('',(0.0557616609096029,0.0578428923674253,0.006));
#4978=CARTESIAN_POINT('',(0.0557616609096029,0.0578428923674253,0.007));
#4979=CARTESIAN_POINT('',(0.0560565443424619,0.0540195102843907,0.006));
#4980=CARTESIAN_POINT('',(0.0560565443424619,0.0540195102843907,0.007));
#4981=CARTESIAN_POINT('',(0.0567333200990481,0.0541932341399518,0.006));
#4982=CARTESIAN_POINT('',(0.0567333200990481,0.0541932341399518,0.007));
#4983=CARTESIAN_POINT('',(0.0597963690973353,0.054662977169734,0.006));
#4984=CARTESIAN_POINT('',(0.0597963690973353,0.054662977169734,0.007));
#4985=CARTESIAN_POINT('',(0.0595506481020217,0.0537651350034747,0.006));
#4986=CARTESIAN_POINT('',(0.0595506481020217,0.0537651350034747,0.007));
#4987=CARTESIAN_POINT('',(0.0580792197273026,0.0542623569918615,0.006));
#4988=CARTESIAN_POINT('',(0.0580792197273026,0.0542623569918615,0.007));
#4989=CARTESIAN_POINT('',(0.0561023722046663,0.0536831941759062,0.006));
#4990=CARTESIAN_POINT('',(0.0561023722046663,0.0536831941759062,0.007));
#4991=CARTESIAN_POINT('',(0.0559576224081826,0.053878394949011,0.006));
#4992=CARTESIAN_POINT('',(0.0559576224081826,0.053878394949011,0.007));
#4993=CARTESIAN_POINT('',(0.0553639129487409,0.0565062934819966,0.006));
#4994=CARTESIAN_POINT('',(0.0553639129487409,0.0565062934819966,0.007));
#4995=CARTESIAN_POINT('',(0.0554432042439707,0.0572292564711707,0.006));
#4996=CARTESIAN_POINT('',(0.0554432042439707,0.0572292564711707,0.007));
#4997=CARTESIAN_POINT('',(0.0554432042439707,0.0572292564711707,0.006));
#4998=CARTESIAN_POINT('',(0.0554655966005378,0.0574334257307527,0.006));
#4999=CARTESIAN_POINT('',(0.0557616609096029,0.0578428923674253,0.006));
#5000=CARTESIAN_POINT('',(0.0560565443424619,0.0540195102843907,0.006));
#5001=CARTESIAN_POINT('',(0.0567333200990481,0.0541932341399518,0.006));
#5002=CARTESIAN_POINT('',(0.0597963690973353,0.054662977169734,0.006));
#5003=CARTESIAN_POINT('',(0.0595506481020217,0.0537651350034747,0.006));
#5004=CARTESIAN_POINT('',(0.0580792197273026,0.0542623569918615,0.006));
#5005=CARTESIAN_POINT('',(0.0561023722046663,0.0536831941759062,0.006));
#5006=CARTESIAN_POINT('',(0.0559576224081826,0.053878394949011,0.006));
#5007=CARTESIAN_POINT('',(0.0553639129487409,0.0565062934819966,0.006));
#5008=CARTESIAN_POINT('',(0.0554432042439707,0.0572292564711707,0.006));
#5009=CARTESIAN_POINT('',(0.0554432042439707,0.0572292564711707,0.006));
#5010=CARTESIAN_POINT('',(0.0554432042439707,0.0572292564711707,0.007));
#5011=CARTESIAN_POINT('',(0.0554655966005378,0.0574334257307527,0.007));
#5012=CARTESIAN_POINT('',(0.0557616609096029,0.0578428923674253,0.007));
#5013=CARTESIAN_POINT('',(0.0560565443424619,0.0540195102843907,0.007));
#5014=CARTESIAN_POINT('',(0.0567333200990481,0.0541932341399518,0.007));
#5015=CARTESIAN_POINT('',(0.0597963690973353,0.054662977169734,0.007));
#5016=CARTESIAN_POINT('',(0.0595506481020217,0.0537651350034747,0.007));
#5017=CARTESIAN_POINT('',(0.0580792197273026,0.0542623569918615,0.007));
#5018=CARTESIAN_POINT('',(0.0561023722046663,0.0536831941759062,0.007));
#5019=CARTESIAN_POINT('',(0.0559576224081826,0.053878394949011,0.007));
#5020=CARTESIAN_POINT('',(0.0553639129487409,0.0565062934819966,0.007));
#5021=CARTESIAN_POINT('',(0.0554432042439707,0.0572292564711707,0.007));
#5022=CARTESIAN_POINT('',(0.0554432042439707,0.0572292564711707,0.007));
#5023=CARTESIAN_POINT('',(0.0507581906025033,0.0531848360716727,0.006));
#5024=CARTESIAN_POINT('',(0.0507581906025033,0.0531848360716727,0.007));
#5025=CARTESIAN_POINT('',(0.0513908339772866,0.0535214325148962,0.006));
#5026=CARTESIAN_POINT('',(0.0513908339772866,0.0535214325148962,0.007));
#5027=CARTESIAN_POINT('',(0.0542589376580112,0.0536598588797429,0.006));
#5028=CARTESIAN_POINT('',(0.0542589376580112,0.0536598588797429,0.007));
#5029=CARTESIAN_POINT('',(0.0541933129165899,0.0544046068238449,0.006));
#5030=CARTESIAN_POINT('',(0.0541933129165899,0.0544046068238449,0.007));
#5031=CARTESIAN_POINT('',(0.0534746993410118,0.0570128198344658,0.006));
#5032=CARTESIAN_POINT('',(0.0534746993410118,0.0570128198344658,0.007));
#5033=CARTESIAN_POINT('',(0.0541559832793018,0.0576933567686562,0.006));
#5034=CARTESIAN_POINT('',(0.0541559832793018,0.0576933567686562,0.007));
#5035=CARTESIAN_POINT('',(0.0548436595669942,0.0530798664025918,0.006));
#5036=CARTESIAN_POINT('',(0.0548436595669942,0.0530798664025918,0.007));
#5037=CARTESIAN_POINT('',(0.0540730015639531,0.0537646885444022,0.006));
#5038=CARTESIAN_POINT('',(0.0540730015639531,0.0537646885444022,0.007));
#5039=CARTESIAN_POINT('',(0.0508114645508173,0.0525545388167724,0.006));
#5040=CARTESIAN_POINT('',(0.0508114645508173,0.0525545388167724,0.007));
#5041=CARTESIAN_POINT('',(0.0504489881094916,0.0527811588452304,0.006));
#5042=CARTESIAN_POINT('',(0.0504489881094916,0.0527811588452304,0.007));
#5043=CARTESIAN_POINT('',(0.050523983305897,0.0530602266216146,0.006));
#5044=CARTESIAN_POINT('',(0.050523983305897,0.0530602266216146,0.007));
#5045=CARTESIAN_POINT('',(0.0507581906025033,0.0531848360716727,0.006));
#5046=CARTESIAN_POINT('',(0.0507581906025033,0.0531848360716727,0.007));
#5047=CARTESIAN_POINT('',(0.0507581906025033,0.0531848360716727,0.006));
#5048=CARTESIAN_POINT('',(0.0513908339772866,0.0535214325148962,0.006));
#5049=CARTESIAN_POINT('',(0.0542589376580112,0.0536598588797429,0.006));
#5050=CARTESIAN_POINT('',(0.0541933129165899,0.0544046068238449,0.006));
#5051=CARTESIAN_POINT('',(0.0534746993410118,0.0570128198344658,0.006));
#5052=CARTESIAN_POINT('',(0.0541559832793018,0.0576933567686562,0.006));
#5053=CARTESIAN_POINT('',(0.0548436595669942,0.0530798664025918,0.006));
#5054=CARTESIAN_POINT('',(0.0540730015639531,0.0537646885444022,0.006));
#5055=CARTESIAN_POINT('',(0.0508114645508173,0.0525545388167724,0.006));
#5056=CARTESIAN_POINT('',(0.0504489881094916,0.0527811588452304,0.006));
#5057=CARTESIAN_POINT('',(0.050523983305897,0.0530602266216146,0.006));
#5058=CARTESIAN_POINT('',(0.0507581906025033,0.0531848360716727,0.006));
#5059=CARTESIAN_POINT('',(0.0507581906025033,0.0531848360716727,0.006));
#5060=CARTESIAN_POINT('',(0.0507581906025033,0.0531848360716727,0.007));
#5061=CARTESIAN_POINT('',(0.0513908339772866,0.0535214325148962,0.007));
#5062=CARTESIAN_POINT('',(0.0542589376580112,0.0536598588797429,0.007));
#5063=CARTESIAN_POINT('',(0.0541933129165899,0.0544046068238449,0.007));
#5064=CARTESIAN_POINT('',(0.0534746993410118,0.0570128198344658,0.007));
#5065=CARTESIAN_POINT('',(0.0541559832793018,0.0576933567686562,0.007));
#5066=CARTESIAN_POINT('',(0.0548436595669942,0.0530798664025918,0.007));
#5067=CARTESIAN_POINT('',(0.0540730015639531,0.0537646885444022,0.007));
#5068=CARTESIAN_POINT('',(0.0508114645508173,0.0525545388167724,0.007));
#5069=CARTESIAN_POINT('',(0.0504489881094916,0.0527811588452304,0.007));
#5070=CARTESIAN_POINT('',(0.050523983305897,0.0530602266216146,0.007));
#5071=CARTESIAN_POINT('',(0.0507581906025033,0.0531848360716727,0.007));
#5072=CARTESIAN_POINT('',(0.0507581906025033,0.0531848360716727,0.007));
#5073=CARTESIAN_POINT('',(0.0544567115264772,0.0336584082429137,0.006));
#5074=CARTESIAN_POINT('',(0.0532380966764635,0.0334726013243199,0.007));
#5075=CARTESIAN_POINT('',(0.0532380966764635,0.0334726013243199,0.007));
#5076=CARTESIAN_POINT('',(0.0532380966764635,0.0334726013243199,0.007));
#5077=CARTESIAN_POINT('',(0.0532380966764635,0.0334726013243199,0.007));
#5078=CARTESIAN_POINT('',(0.0532380966764635,0.0334726013243199,0.007));
#5079=CARTESIAN_POINT('',(0.0485619157552719,0.0360078811645508,0.006));
#5080=CARTESIAN_POINT('',(0.0485619157552719,0.0360078811645508,0.007));
#5081=CARTESIAN_POINT('',(0.0489209193492647,0.0358198018896723,0.006));
#5082=CARTESIAN_POINT('',(0.0489209193492647,0.0358198018896723,0.007));
#5083=CARTESIAN_POINT('',(0.0496160557331713,0.0354496746853763,0.006));
#5084=CARTESIAN_POINT('',(0.0496160557331713,0.0354496746853763,0.007));
#5085=CARTESIAN_POINT('',(0.0510614687459293,0.0352423880598746,0.006));
#5086=CARTESIAN_POINT('',(0.0510614687459293,0.0352423880598746,0.007));
#5087=CARTESIAN_POINT('',(0.0531351157821272,0.0356154269880397,0.006));
#5088=CARTESIAN_POINT('',(0.0531351157821272,0.0356154269880397,0.007));
#5089=CARTESIAN_POINT('',(0.0549190135662446,0.0363475146833417,0.006));
#5090=CARTESIAN_POINT('',(0.0549190135662446,0.0363475146833417,0.007));
#5091=CARTESIAN_POINT('',(0.0561555041354307,0.0371664028158992,0.006));
#5092=CARTESIAN_POINT('',(0.0561555041354307,0.0371664028158992,0.007));
#5093=CARTESIAN_POINT('',(0.0571781261313332,0.0381421775853006,0.006));
#5094=CARTESIAN_POINT('',(0.0571781261313332,0.0381421775853006,0.007));
#5095=CARTESIAN_POINT('',(0.0578904819621343,0.0390891588021121,0.006));
#5096=CARTESIAN_POINT('',(0.0578904819621343,0.0390891588021121,0.007));
#5097=CARTESIAN_POINT('',(0.0583265539830622,0.0394522917824853,0.006));
#5098=CARTESIAN_POINT('',(0.0583265539830622,0.0394522917824853,0.007));
#5099=CARTESIAN_POINT('',(0.0585330639787792,0.0392702932520628,0.006));
#5100=CARTESIAN_POINT('',(0.0585330639787792,0.0392702932520628,0.007));
#5101=CARTESIAN_POINT('',(0.0585205542349403,0.0388219533528242,0.006));
#5102=CARTESIAN_POINT('',(0.0585205542349403,0.0388219533528242,0.007));
#5103=CARTESIAN_POINT('',(0.0581356446337851,0.0381154076981022,0.006));
#5104=CARTESIAN_POINT('',(0.0581356446337851,0.0381154076981022,0.007));
#5105=CARTESIAN_POINT('',(0.0571696582302933,0.0371173910266913,0.006));
#5106=CARTESIAN_POINT('',(0.0571696582302933,0.0371173910266913,0.007));
#5107=CARTESIAN_POINT('',(0.0558478440218502,0.0362741156519203,0.006));
#5108=CARTESIAN_POINT('',(0.0558478440218502,0.0362741156519203,0.007));
#5109=CARTESIAN_POINT('',(0.0544440587856726,0.035702352459965,0.006));
#5110=CARTESIAN_POINT('',(0.0544440587856726,0.035702352459965,0.007));
#5111=CARTESIAN_POINT('',(0.0528668357462048,0.0350783244503859,0.006));
#5112=CARTESIAN_POINT('',(0.0528668357462048,0.0350783244503859,0.007));
#5113=CARTESIAN_POINT('',(0.0514847029752006,0.0346945445636588,0.006));
#5114=CARTESIAN_POINT('',(0.0514847029752006,0.0346945445636588,0.007));
#5115=CARTESIAN_POINT('',(0.0504149245046057,0.0346841193699407,0.006));
#5116=CARTESIAN_POINT('',(0.0504149245046057,0.0346841193699407,0.007));
#5117=CARTESIAN_POINT('',(0.0496439103602357,0.0348768985361075,0.006));
#5118=CARTESIAN_POINT('',(0.0496439103602357,0.0348768985361075,0.007));
#5119=CARTESIAN_POINT('',(0.0489703323239016,0.0351753669675874,0.006));
#5120=CARTESIAN_POINT('',(0.0489703323239016,0.0351753669675874,0.007));
#5121=CARTESIAN_POINT('',(0.0484460278497639,0.0354752986432577,0.006));
#5122=CARTESIAN_POINT('',(0.0484460278497639,0.0354752986432577,0.00699999999999999));
#5123=CARTESIAN_POINT('',(0.0481893903741555,0.0356569598481155,0.006));
#5124=CARTESIAN_POINT('',(0.0481893903741555,0.0356569598481155,0.007));
#5125=CARTESIAN_POINT('',(0.0480709824675627,0.0356774158229498,0.006));
#5126=CARTESIAN_POINT('',(0.0480709824675627,0.0356774158229498,0.007));
#5127=CARTESIAN_POINT('',(0.0479275845198661,0.0356759675232153,0.006));
#5128=CARTESIAN_POINT('',(0.0479275845198661,0.0356759675232153,0.007));
#5129=CARTESIAN_POINT('',(0.0485619157552719,0.0360078811645508,0.006));
#5130=CARTESIAN_POINT('',(0.0485619157552719,0.0360078811645508,0.006));
#5131=CARTESIAN_POINT('',(0.0485619157552719,0.0360078811645508,0.006));
#5132=CARTESIAN_POINT('',(0.0491929380168214,0.0356772933616143,0.006));
#5133=CARTESIAN_POINT('',(0.050761275172053,0.0348556915190986,0.006));
#5134=CARTESIAN_POINT('',(0.056392505245429,0.0364832270207252,0.006));
#5135=CARTESIAN_POINT('',(0.0582728840956486,0.0398671527260083,0.006));
#5136=CARTESIAN_POINT('',(0.0587323961352172,0.0387277730471782,0.006));
#5137=CARTESIAN_POINT('',(0.0568055406660208,0.0366112971468035,0.006));
#5138=CARTESIAN_POINT('',(0.0539894921751986,0.0355308872059626,0.006));
#5139=CARTESIAN_POINT('',(0.0505153313202959,0.0341807527949093,0.006));
#5140=CARTESIAN_POINT('',(0.0482682021084459,0.035592927584888,0.006));
#5141=CARTESIAN_POINT('',(0.0481366730702286,0.0356780792890867,0.006));
#5142=CARTESIAN_POINT('',(0.0479275845198661,0.0356759675232153,0.006));
#5143=CARTESIAN_POINT('',(0.0479275845198661,0.0356759675232153,0.006));
#5144=CARTESIAN_POINT('',(0.0479275845198661,0.0356759675232153,0.006));
#5145=CARTESIAN_POINT('',(0.048244750137569,0.035841924343883,0.006));
#5146=CARTESIAN_POINT('',(0.048244750137569,0.035841924343883,0.006));
#5147=CARTESIAN_POINT('',(0.0544567115264772,0.0336584082429137,0.006));
#5148=CARTESIAN_POINT('',(0.0485619157552719,0.0273738075047732,0.006));
#5149=CARTESIAN_POINT('',(0.0485619157552719,0.0273738075047732,0.007));
#5150=CARTESIAN_POINT('',(0.048902829684314,0.0278211606472766,0.006));
#5151=CARTESIAN_POINT('',(0.048902829684314,0.0278211606472766,0.007));
#5152=CARTESIAN_POINT('',(0.0495872556981054,0.0287149759636648,0.006));
#5153=CARTESIAN_POINT('',(0.0495872556981054,0.0287149759636648,0.007));
#5154=CARTESIAN_POINT('',(0.050954864287918,0.0299477240906586,0.006));
#5155=CARTESIAN_POINT('',(0.050954864287918,0.0299477240906586,0.007));
#5156=CARTESIAN_POINT('',(0.0530898139924309,0.0309332413674571,0.006));
#5157=CARTESIAN_POINT('',(0.0530898139924309,0.0309332413674571,0.007));
#5158=CARTESIAN_POINT('',(0.055725455575297,0.0317825757130991,0.006));
#5159=CARTESIAN_POINT('',(0.055725455575297,0.0317825757130991,0.007));
#5160=CARTESIAN_POINT('',(0.0584405773948124,0.0326549573037465,0.006));
#5161=CARTESIAN_POINT('',(0.0584405773948124,0.0326549573037465,0.007));
#5162=CARTESIAN_POINT('',(0.0608057820121088,0.0337394465385975,0.006));
#5163=CARTESIAN_POINT('',(0.0608057820121088,0.0337394465385975,0.007));
#5164=CARTESIAN_POINT('',(0.0626370219166781,0.0350025165724332,0.006));
#5165=CARTESIAN_POINT('',(0.0626370219166781,0.0350025165724332,0.007));
#5166=CARTESIAN_POINT('',(0.0635172229473239,0.0358205213124869,0.006));
#5167=CARTESIAN_POINT('',(0.0635172229473239,0.0358205213124869,0.007));
#5168=CARTESIAN_POINT('',(0.0638677626848221,0.0361949354410172,0.006));
#5169=CARTESIAN_POINT('',(0.0638677626848221,0.0361949354410172,0.007));
#5170=CARTESIAN_POINT('',(0.0485619157552719,0.0273738075047732,0.006));
#5171=CARTESIAN_POINT('',(0.0485619157552719,0.0273738075047732,0.006));
#5172=CARTESIAN_POINT('',(0.0485619157552719,0.0273738075047732,0.006));
#5173=CARTESIAN_POINT('',(0.0493165897139784,0.0283641037004772,0.006));
#5174=CARTESIAN_POINT('',(0.0511731506146534,0.0308005555190066,0.006));
#5175=CARTESIAN_POINT('',(0.0596304600491451,0.032551993655099,0.006));
#5176=CARTESIAN_POINT('',(0.0629723682021704,0.0352385578636689,0.006));
#5177=CARTESIAN_POINT('',(0.0638677626848221,0.0361949354410172,0.006));
#5178=CARTESIAN_POINT('',(0.0638677626848221,0.0361949354410172,0.006));
#5179=CARTESIAN_POINT('',(0.0638677626848221,0.0361949354410172,0.006));
#5180=CARTESIAN_POINT('',(0.0485619157552719,0.0273738075047732,0.006));
#5181=CARTESIAN_POINT('',(0.0485619157552719,0.0273738075047732,0.007));
#5182=CARTESIAN_POINT('',(0.0485264434221916,0.027215332007498,0.006));
#5183=CARTESIAN_POINT('',(0.0485264434221916,0.027215332007498,0.007));
#5184=CARTESIAN_POINT('',(0.0484486518903203,0.026898388494525,0.006));
#5185=CARTESIAN_POINT('',(0.0484486518903203,0.026898388494525,0.007));
#5186=CARTESIAN_POINT('',(0.048936485259845,0.0268057720134419,0.006));
#5187=CARTESIAN_POINT('',(0.048936485259845,0.0268057720134419,0.007));
#5188=CARTESIAN_POINT('',(0.0496205655145365,0.0272516143155224,0.006));
#5189=CARTESIAN_POINT('',(0.0496205655145365,0.0272516143155224,0.007));
#5190=CARTESIAN_POINT('',(0.0504035660384415,0.0281143710416778,0.006));
#5191=CARTESIAN_POINT('',(0.0504035660384415,0.0281143710416778,0.007));
#5192=CARTESIAN_POINT('',(0.0513925039096753,0.0291416761888595,0.006));
#5193=CARTESIAN_POINT('',(0.0513925039096753,0.0291416761888595,0.007));
#5194=CARTESIAN_POINT('',(0.0526651902584052,0.030089003186425,0.006));
#5195=CARTESIAN_POINT('',(0.0526651902584052,0.030089003186425,0.007));
#5196=CARTESIAN_POINT('',(0.0542256230376831,0.0308054261445478,0.006));
#5197=CARTESIAN_POINT('',(0.0542256230376831,0.0308054261445478,0.007));
#5198=CARTESIAN_POINT('',(0.0564537312404325,0.0315348695814826,0.006));
#5199=CARTESIAN_POINT('',(0.0564537312404325,0.0315348695814826,0.007));
#5200=CARTESIAN_POINT('',(0.0586049030359626,0.0319737968640088,0.006));
#5201=CARTESIAN_POINT('',(0.0586049030359626,0.0319737968640088,0.007));
#5202=CARTESIAN_POINT('',(0.0600776045730459,0.0322644137204262,0.006));
#5203=CARTESIAN_POINT('',(0.0600776045730459,0.0322644137204262,0.007));
#5204=CARTESIAN_POINT('',(0.0609847136701824,0.0325859659254989,0.006));
#5205=CARTESIAN_POINT('',(0.0609847136701824,0.0325859659254989,0.007));
#5206=CARTESIAN_POINT('',(0.0618357281154662,0.0332138566506393,0.006));
#5207=CARTESIAN_POINT('',(0.0618357281154662,0.0332138566506393,0.007));
#5208=CARTESIAN_POINT('',(0.062725209475511,0.0342283676278632,0.006));
#5209=CARTESIAN_POINT('',(0.062725209475511,0.0342283676278632,0.007));
#5210=CARTESIAN_POINT('',(0.0635772936664399,0.0352909314858688,0.006));
#5211=CARTESIAN_POINT('',(0.0635772936664399,0.0352909314858688,0.007));
#5212=CARTESIAN_POINT('',(0.0640856570178599,0.0358443350510532,0.006));
#5213=CARTESIAN_POINT('',(0.0640856570178599,0.0358443350510532,0.007));
#5214=CARTESIAN_POINT('',(0.0643150955438614,0.0360327772796154,0.006));
#5215=CARTESIAN_POINT('',(0.0643150955438614,0.0360327772796154,0.007));
#5216=CARTESIAN_POINT('',(0.0643150955438614,0.0360327772796154,0.006));
#5217=CARTESIAN_POINT('',(0.0643150955438614,0.0360327772796154,0.006));
#5218=CARTESIAN_POINT('',(0.0485619157552719,0.0273738075047732,0.006));
#5219=CARTESIAN_POINT('',(0.0485241542784439,0.0272051050739347,0.006));
#5220=CARTESIAN_POINT('',(0.0484403278501631,0.026830604342231,0.006));
#5221=CARTESIAN_POINT('',(0.0495767615846753,0.0268418385861991,0.006));
#5222=CARTESIAN_POINT('',(0.051930918586871,0.0305749894345791,0.006));
#5223=CARTESIAN_POINT('',(0.0588950999110336,0.0320536060534274,0.006));
#5224=CARTESIAN_POINT('',(0.0617008307813305,0.032556485045732,0.006));
#5225=CARTESIAN_POINT('',(0.0635705555117845,0.0354212723796168,0.006));
#5226=CARTESIAN_POINT('',(0.0643150955438614,0.0360327772796154,0.006));
#5227=CARTESIAN_POINT('',(0.0643150955438614,0.0360327772796154,0.006));
#5228=CARTESIAN_POINT('',(0.0643150955438614,0.0360327772796154,0.007));
#5229=CARTESIAN_POINT('',(0.0640745295350187,0.0358790693241833,0.006));
#5230=CARTESIAN_POINT('',(0.0640745295350187,0.0358790693241833,0.007));
#5231=CARTESIAN_POINT('',(0.0636304856500222,0.0355953506142406,0.006));
#5232=CARTESIAN_POINT('',(0.0636304856500222,0.0355953506142406,0.007));
#5233=CARTESIAN_POINT('',(0.0637932005156444,0.0360065213143478,0.006));
#5234=CARTESIAN_POINT('',(0.0637932005156444,0.0360065213143478,0.007));
#5235=CARTESIAN_POINT('',(0.0638677626848221,0.0361949354410172,0.006));
#5236=CARTESIAN_POINT('',(0.0638677626848221,0.0361949354410172,0.007));
#5237=CARTESIAN_POINT('',(0.0643150955438614,0.0360327772796154,0.006));
#5238=CARTESIAN_POINT('',(0.0640745295350187,0.0358790693241833,0.006));
#5239=CARTESIAN_POINT('',(0.0636304856500222,0.0355953506142406,0.006));
#5240=CARTESIAN_POINT('',(0.0637932005156444,0.0360065213143478,0.006));
#5241=CARTESIAN_POINT('',(0.0638677626848221,0.0361949354410172,0.006));
#5242=CARTESIAN_POINT('',(0.0544567115264772,0.0336584082429137,0.006));
#5243=CARTESIAN_POINT('',(0.0554709429169556,0.0469527932658155,0.006));
#5244=CARTESIAN_POINT('',(0.0554709429169556,0.0469527932658155,0.007));
#5245=CARTESIAN_POINT('',(0.0553990733522665,0.0473508804168676,0.006));
#5246=CARTESIAN_POINT('',(0.0553990733522665,0.0473508804168676,0.007));
#5247=CARTESIAN_POINT('',(0.0531218347513612,0.0476949166563733,0.006));
#5248=CARTESIAN_POINT('',(0.0531218347513612,0.0476949166563733,0.007));
#5249=CARTESIAN_POINT('',(0.0502858728058852,0.0473930853402523,0.006));
#5250=CARTESIAN_POINT('',(0.0502858728058852,0.0473930853402523,0.007));
#5251=CARTESIAN_POINT('',(0.04982279934987,0.0459803815004008,0.006));
#5252=CARTESIAN_POINT('',(0.04982279934987,0.0459803815004008,0.007));
#5253=CARTESIAN_POINT('',(0.0504609043441029,0.0444999826570876,0.006));
#5254=CARTESIAN_POINT('',(0.0504609043441029,0.0444999826570876,0.007));
#5255=CARTESIAN_POINT('',(0.0518438088269919,0.044646306819362,0.006));
#5256=CARTESIAN_POINT('',(0.0518438088269919,0.044646306819362,0.007));
#5257=CARTESIAN_POINT('',(0.0537532154249823,0.0453121544795414,0.006));
#5258=CARTESIAN_POINT('',(0.0537532154249823,0.0453121544795414,0.007));
#5259=CARTESIAN_POINT('',(0.0555410605579265,0.0465644100600259,0.006));
#5260=CARTESIAN_POINT('',(0.0555410605579265,0.0465644100600259,0.007));
#5261=CARTESIAN_POINT('',(0.0554709429169556,0.0469527932658155,0.006));
#5262=CARTESIAN_POINT('',(0.0554709429169556,0.0469527932658155,0.007));
#5263=CARTESIAN_POINT('',(0.0554709429169556,0.0469527932658155,0.006));
#5264=CARTESIAN_POINT('',(0.0553990733522665,0.0473508804168676,0.006));
#5265=CARTESIAN_POINT('',(0.0531218347513612,0.0476949166563733,0.006));
#5266=CARTESIAN_POINT('',(0.0502858728058852,0.0473930853402523,0.006));
#5267=CARTESIAN_POINT('',(0.04982279934987,0.0459803815004008,0.006));
#5268=CARTESIAN_POINT('',(0.0504609043441029,0.0444999826570876,0.006));
#5269=CARTESIAN_POINT('',(0.0518438088269919,0.044646306819362,0.006));
#5270=CARTESIAN_POINT('',(0.0537532154249823,0.0453121544795414,0.006));
#5271=CARTESIAN_POINT('',(0.0555410605579265,0.0465644100600259,0.006));
#5272=CARTESIAN_POINT('',(0.0554709429169556,0.0469527932658155,0.006));
#5273=CARTESIAN_POINT('',(0.0554709429169556,0.0469527932658155,0.006));
#5274=CARTESIAN_POINT('',(0.0544567115264772,0.0336584082429137,0.006));
#5275=CARTESIAN_POINT('',(0.0532599455866166,0.0515793436851347,0.006));
#5276=CARTESIAN_POINT('',(0.0532599455866166,0.0515793436851347,0.00699999999999999));
#5277=CARTESIAN_POINT('',(0.0529254362481727,0.0517075116032991,0.006));
#5278=CARTESIAN_POINT('',(0.0529254362481727,0.0517075116032991,0.00699999999999999));
#5279=CARTESIAN_POINT('',(0.0519249113649883,0.0516955089647301,0.006));
#5280=CARTESIAN_POINT('',(0.0519249113649883,0.0516955089647301,0.00699999999999999));
#5281=CARTESIAN_POINT('',(0.0528761804297157,0.0511441420589626,0.006));
#5282=CARTESIAN_POINT('',(0.0528761804297157,0.0511441420589626,0.00699999999999999));
#5283=CARTESIAN_POINT('',(0.0536392652514141,0.0506287328286343,0.006));
#5284=CARTESIAN_POINT('',(0.0536392652514141,0.0506287328286343,0.00699999999999999));
#5285=CARTESIAN_POINT('',(0.0549852374958325,0.0503410689356307,0.006));
#5286=CARTESIAN_POINT('',(0.0549852374958325,0.0503410689356307,0.00699999999999999));
#5287=CARTESIAN_POINT('',(0.0557735198063634,0.0509844255547566,0.006));
#5288=CARTESIAN_POINT('',(0.0557735198063634,0.0509844255547566,0.00699999999999999));
#5289=CARTESIAN_POINT('',(0.0562606271724673,0.0512897289946117,0.006));
#5290=CARTESIAN_POINT('',(0.0562606271724673,0.0512897289946117,0.00699999999999999));
#5291=CARTESIAN_POINT('',(0.0574398498986158,0.0516933591385603,0.006));
#5292=CARTESIAN_POINT('',(0.0574398498986158,0.0516933591385603,0.00699999999999999));
#5293=CARTESIAN_POINT('',(0.0588889975577809,0.05191713041504,0.006));
#5294=CARTESIAN_POINT('',(0.0588889975577809,0.05191713041504,0.00699999999999999));
#5295=CARTESIAN_POINT('',(0.0596287489013719,0.0510364593635141,0.006));
#5296=CARTESIAN_POINT('',(0.0596287489013719,0.0510364593635141,0.00699999999999999));
#5297=CARTESIAN_POINT('',(0.0599329149838937,0.0512823927342083,0.006));
#5298=CARTESIAN_POINT('',(0.0599329149838937,0.0512823927342083,0.00699999999999999));
#5299=CARTESIAN_POINT('',(0.0595033537912839,0.0518452149408333,0.006));
#5300=CARTESIAN_POINT('',(0.0595033537912839,0.0518452149408333,0.00699999999999999));
#5301=CARTESIAN_POINT('',(0.0598239879227177,0.0527155587006926,0.006));
#5302=CARTESIAN_POINT('',(0.0598239879227177,0.0527155587006926,0.00699999999999999));
#5303=CARTESIAN_POINT('',(0.0587398296900808,0.0522606096494051,0.006));
#5304=CARTESIAN_POINT('',(0.0587398296900808,0.0522606096494051,0.00699999999999999));
#5305=CARTESIAN_POINT('',(0.0572241013145508,0.0523128052879084,0.006));
#5306=CARTESIAN_POINT('',(0.0572241013145508,0.0523128052879084,0.00699999999999999));
#5307=CARTESIAN_POINT('',(0.0555024422513656,0.0521724605501051,0.006));
#5308=CARTESIAN_POINT('',(0.0555024422513656,0.0521724605501051,0.00699999999999999));
#5309=CARTESIAN_POINT('',(0.0548297460092796,0.051972177435484,0.006));
#5310=CARTESIAN_POINT('',(0.0548297460092796,0.051972177435484,0.00699999999999999));
#5311=CARTESIAN_POINT('',(0.0560825492187829,0.0516811751766753,0.006));
#5312=CARTESIAN_POINT('',(0.0560825492187829,0.0516811751766753,0.00699999999999999));
#5313=CARTESIAN_POINT('',(0.0570530985993748,0.0519870310572817,0.006));
#5314=CARTESIAN_POINT('',(0.0570530985993748,0.0519870310572817,0.00699999999999999));
#5315=CARTESIAN_POINT('',(0.0559689384766452,0.0513255658936497,0.006));
#5316=CARTESIAN_POINT('',(0.0559689384766452,0.0513255658936497,0.00699999999999999));
#5317=CARTESIAN_POINT('',(0.0543193216587437,0.0517663601000926,0.006));
#5318=CARTESIAN_POINT('',(0.0543193216587437,0.0517663601000926,0.00699999999999999));
#5319=CARTESIAN_POINT('',(0.0535931159874841,0.0518895362734614,0.006));
#5320=CARTESIAN_POINT('',(0.0535931159874841,0.0518895362734614,0.00699999999999999));
#5321=CARTESIAN_POINT('',(0.0541214552520284,0.0511560917146621,0.006));
#5322=CARTESIAN_POINT('',(0.0541214552520284,0.0511560917146621,0.00699999999999999));
#5323=CARTESIAN_POINT('',(0.0560014337858882,0.0513884943452174,0.006));
#5324=CARTESIAN_POINT('',(0.0560014337858882,0.0513884943452174,0.00699999999999999));
#5325=CARTESIAN_POINT('',(0.055192440852679,0.0510135167139251,0.006));
#5326=CARTESIAN_POINT('',(0.055192440852679,0.0510135167139251,0.00699999999999999));
#5327=CARTESIAN_POINT('',(0.0538356003596054,0.0509154766185592,0.006));
#5328=CARTESIAN_POINT('',(0.0538356003596054,0.0509154766185592,0.00699999999999999));
#5329=CARTESIAN_POINT('',(0.0535760978609701,0.0514582093125778,0.006));
#5330=CARTESIAN_POINT('',(0.0535760978609701,0.0514582093125778,0.00699999999999999));
#5331=CARTESIAN_POINT('',(0.0532599455866166,0.0515793436851347,0.006));
#5332=CARTESIAN_POINT('',(0.0532599455866166,0.0515793436851347,0.00699999999999999));
#5333=CARTESIAN_POINT('',(0.0532599455866166,0.0515793436851347,0.006));
#5334=CARTESIAN_POINT('',(0.0529254362481727,0.0517075116032991,0.006));
#5335=CARTESIAN_POINT('',(0.0519249113649883,0.0516955089647301,0.006));
#5336=CARTESIAN_POINT('',(0.0528761804297157,0.0511441420589626,0.006));
#5337=CARTESIAN_POINT('',(0.0536392652514141,0.0506287328286343,0.006));
#5338=CARTESIAN_POINT('',(0.0549852374958325,0.0503410689356307,0.006));
#5339=CARTESIAN_POINT('',(0.0557735198063634,0.0509844255547566,0.006));
#5340=CARTESIAN_POINT('',(0.0562606271724673,0.0512897289946117,0.006));
#5341=CARTESIAN_POINT('',(0.0574398498986158,0.0516933591385603,0.006));
#5342=CARTESIAN_POINT('',(0.0588889975577809,0.05191713041504,0.006));
#5343=CARTESIAN_POINT('',(0.0596287489013719,0.0510364593635141,0.006));
#5344=CARTESIAN_POINT('',(0.0599329149838937,0.0512823927342083,0.006));
#5345=CARTESIAN_POINT('',(0.0595033537912839,0.0518452149408333,0.006));
#5346=CARTESIAN_POINT('',(0.0598239879227177,0.0527155587006926,0.006));
#5347=CARTESIAN_POINT('',(0.0587398296900808,0.0522606096494051,0.006));
#5348=CARTESIAN_POINT('',(0.0572241013145508,0.0523128052879084,0.006));
#5349=CARTESIAN_POINT('',(0.0555024422513656,0.0521724605501051,0.006));
#5350=CARTESIAN_POINT('',(0.0548297460092796,0.051972177435484,0.006));
#5351=CARTESIAN_POINT('',(0.0560825492187829,0.0516811751766753,0.006));
#5352=CARTESIAN_POINT('',(0.0570530985993748,0.0519870310572817,0.006));
#5353=CARTESIAN_POINT('',(0.0559689384766452,0.0513255658936497,0.006));
#5354=CARTESIAN_POINT('',(0.0543193216587437,0.0517663601000926,0.006));
#5355=CARTESIAN_POINT('',(0.0535931159874841,0.0518895362734614,0.006));
#5356=CARTESIAN_POINT('',(0.0541214552520284,0.0511560917146621,0.006));
#5357=CARTESIAN_POINT('',(0.0560014337858882,0.0513884943452174,0.006));
#5358=CARTESIAN_POINT('',(0.055192440852679,0.0510135167139251,0.006));
#5359=CARTESIAN_POINT('',(0.0538356003596054,0.0509154766185592,0.006));
#5360=CARTESIAN_POINT('',(0.0535760978609701,0.0514582093125778,0.006));
#5361=CARTESIAN_POINT('',(0.0532599455866166,0.0515793436851347,0.006));
#5362=CARTESIAN_POINT('',(0.0532599455866166,0.0515793436851347,0.006));
#5363=CARTESIAN_POINT('',(0.0544567115264772,0.0336584082429137,0.006));
#5364=CARTESIAN_POINT('',(0.0430848983748027,0.0380746167029697,0.006));
#5365=CARTESIAN_POINT('',(0.0430848983748027,0.0380746167029697,0.00699999999999999));
#5366=CARTESIAN_POINT('',(0.0431588986395452,0.0383304556778332,0.006));
#5367=CARTESIAN_POINT('',(0.0431588986395452,0.0383304556778332,0.00699999999999999));
#5368=CARTESIAN_POINT('',(0.0467317652321246,0.0398693730578409,0.006));
#5369=CARTESIAN_POINT('',(0.0467317652321246,0.0398693730578409,0.00699999999999999));
#5370=CARTESIAN_POINT('',(0.048707786615914,0.0407669448723969,0.006));
#5371=CARTESIAN_POINT('',(0.048707786615914,0.0407669448723969,0.00699999999999999));
#5372=CARTESIAN_POINT('',(0.0502065532068129,0.0368482128168335,0.006));
#5373=CARTESIAN_POINT('',(0.0502065532068129,0.0368482128168335,0.00699999999999999));
#5374=CARTESIAN_POINT('',(0.0474626927129971,0.0361858476917548,0.006));
#5375=CARTESIAN_POINT('',(0.0474626927129971,0.0361858476917548,0.00699999999999999));
#5376=CARTESIAN_POINT('',(0.0467529126449339,0.0351858775210127,0.006));
#5377=CARTESIAN_POINT('',(0.0467529126449339,0.0351858775210127,0.00699999999999999));
#5378=CARTESIAN_POINT('',(0.0445810717652083,0.0347835493851703,0.006));
#5379=CARTESIAN_POINT('',(0.0445810717652083,0.0347835493851703,0.00699999999999999));
#5380=CARTESIAN_POINT('',(0.0469390008821774,0.0334209926321166,0.006));
#5381=CARTESIAN_POINT('',(0.0469390008821774,0.0334209926321166,0.00699999999999999));
#5382=CARTESIAN_POINT('',(0.0437454297741303,0.0341873575388201,0.006));
#5383=CARTESIAN_POINT('',(0.0437454297741303,0.0341873575388201,0.00699999999999999));
#5384=CARTESIAN_POINT('',(0.0448327575872682,0.033462877511004,0.006));
#5385=CARTESIAN_POINT('',(0.0448327575872682,0.033462877511004,0.00699999999999999));
#5386=CARTESIAN_POINT('',(0.0440184945387255,0.0328366527045688,0.006));
#5387=CARTESIAN_POINT('',(0.0440184945387255,0.0328366527045688,0.00699999999999999));
#5388=CARTESIAN_POINT('',(0.0457275007694327,0.0322704613488349,0.006));
#5389=CARTESIAN_POINT('',(0.0457275007694327,0.0322704613488349,0.00699999999999999));
#5390=CARTESIAN_POINT('',(0.0439988777417727,0.0318951202999866,0.006));
#5391=CARTESIAN_POINT('',(0.0439988777417727,0.0318951202999866,0.00699999999999999));
#5392=CARTESIAN_POINT('',(0.0428511925009475,0.0303197414741971,0.006));
#5393=CARTESIAN_POINT('',(0.0428511925009475,0.0303197414741971,0.00699999999999999));
#5394=CARTESIAN_POINT('',(0.0453796587202239,0.030487173361244,0.006));
#5395=CARTESIAN_POINT('',(0.0453796587202239,0.030487173361244,0.00699999999999999));
#5396=CARTESIAN_POINT('',(0.0423523997696156,0.0294506717964218,0.006));
#5397=CARTESIAN_POINT('',(0.0423523997696156,0.0294506717964218,0.00699999999999999));
#5398=CARTESIAN_POINT('',(0.0433303871473821,0.0273870774859933,0.006));
#5399=CARTESIAN_POINT('',(0.0433303871473821,0.0273870774859933,0.00699999999999999));
#5400=CARTESIAN_POINT('',(0.0450289092207552,0.0281947279843597,0.006));
#5401=CARTESIAN_POINT('',(0.0450289092207552,0.0281947279843597,0.00699999999999999));
#5402=CARTESIAN_POINT('',(0.0443745600309767,0.0257899971034985,0.006));
#5403=CARTESIAN_POINT('',(0.0443745600309767,0.0257899971034985,0.00699999999999999));
#5404=CARTESIAN_POINT('',(0.0406996268739346,0.0238345827872331,0.006));
#5405=CARTESIAN_POINT('',(0.0406996268739346,0.0238345827872331,0.00699999999999999));
#5406=CARTESIAN_POINT('',(0.0395178869798866,0.030271082626726,0.006));
#5407=CARTESIAN_POINT('',(0.0395178869798866,0.030271082626726,0.00699999999999999));
#5408=CARTESIAN_POINT('',(0.0416879526929525,0.0270680298401183,0.006));
#5409=CARTESIAN_POINT('',(0.0416879526929525,0.0270680298401183,0.00699999999999999));
#5410=CARTESIAN_POINT('',(0.0427138552012883,0.0288653595587927,0.006));
#5411=CARTESIAN_POINT('',(0.0427138552012883,0.0288653595587927,0.00699999999999999));
#5412=CARTESIAN_POINT('',(0.0410479768717679,0.030263022756326,0.006));
#5413=CARTESIAN_POINT('',(0.0410479768717679,0.030263022756326,0.00699999999999999));
#5414=CARTESIAN_POINT('',(0.0438574286221263,0.0292873384742303,0.006));
#5415=CARTESIAN_POINT('',(0.0438574286221263,0.0292873384742303,0.00699999999999999));
#5416=CARTESIAN_POINT('',(0.0416685385492259,0.0323109721933887,0.006));
#5417=CARTESIAN_POINT('',(0.0416685385492259,0.0323109721933887,0.00699999999999999));
#5418=CARTESIAN_POINT('',(0.0434584031159515,0.0323764044888194,0.006));
#5419=CARTESIAN_POINT('',(0.0434584031159515,0.0323764044888194,0.00699999999999999));
#5420=CARTESIAN_POINT('',(0.0445301360223056,0.0322875169249199,0.006));
#5421=CARTESIAN_POINT('',(0.0445301360223056,0.0322875169249199,0.00699999999999999));
#5422=CARTESIAN_POINT('',(0.0439003352939306,0.0336216275933944,0.006));
#5423=CARTESIAN_POINT('',(0.0439003352939306,0.0336216275933944,0.00699999999999999));
#5424=CARTESIAN_POINT('',(0.0434632825266666,0.0341610235415264,0.006));
#5425=CARTESIAN_POINT('',(0.0434632825266666,0.0341610235415264,0.00699999999999999));
#5426=CARTESIAN_POINT('',(0.0435320717654834,0.0346304082199,0.006));
#5427=CARTESIAN_POINT('',(0.0435320717654834,0.0346304082199,0.00699999999999999));
#5428=CARTESIAN_POINT('',(0.044597938863959,0.0344570507719463,0.006));
#5429=CARTESIAN_POINT('',(0.044597938863959,0.0344570507719463,0.00699999999999999));
#5430=CARTESIAN_POINT('',(0.0450749981500066,0.0342691693869171,0.006));
#5431=CARTESIAN_POINT('',(0.0450749981500066,0.0342691693869171,0.00699999999999999));
#5432=CARTESIAN_POINT('',(0.0445910171408616,0.0356416034532224,0.006));
#5433=CARTESIAN_POINT('',(0.0445910171408616,0.0356416034532224,0.00699999999999999));
#5434=CARTESIAN_POINT('',(0.0441805012193133,0.0363038813997457,0.006));
#5435=CARTESIAN_POINT('',(0.0441805012193133,0.0363038813997457,0.00699999999999999));
#5436=CARTESIAN_POINT('',(0.0448776011842119,0.0357151473575449,0.006));
#5437=CARTESIAN_POINT('',(0.0448776011842119,0.0357151473575449,0.00699999999999999));
#5438=CARTESIAN_POINT('',(0.0439737692080529,0.0379912593848492,0.006));
#5439=CARTESIAN_POINT('',(0.0439737692080529,0.0379912593848492,0.00699999999999999));
#5440=CARTESIAN_POINT('',(0.0430519989439926,0.0379608744524343,0.006));
#5441=CARTESIAN_POINT('',(0.0430519989439926,0.0379608744524343,0.00699999999999999));
#5442=CARTESIAN_POINT('',(0.0430848983748027,0.0380746167029697,0.006));
#5443=CARTESIAN_POINT('',(0.0430848983748027,0.0380746167029697,0.00699999999999999));
#5444=CARTESIAN_POINT('',(0.0430848983748027,0.0380746167029697,0.006));
#5445=CARTESIAN_POINT('',(0.0431588986395452,0.0383304556778332,0.006));
#5446=CARTESIAN_POINT('',(0.0467317652321246,0.0398693730578409,0.006));
#5447=CARTESIAN_POINT('',(0.048707786615914,0.0407669448723969,0.006));
#5448=CARTESIAN_POINT('',(0.0502065532068129,0.0368482128168335,0.006));
#5449=CARTESIAN_POINT('',(0.0474626927129971,0.0361858476917548,0.006));
#5450=CARTESIAN_POINT('',(0.0467529126449339,0.0351858775210127,0.006));
#5451=CARTESIAN_POINT('',(0.0445810717652083,0.0347835493851703,0.006));
#5452=CARTESIAN_POINT('',(0.0469390008821774,0.0334209926321166,0.006));
#5453=CARTESIAN_POINT('',(0.0437454297741303,0.0341873575388201,0.006));
#5454=CARTESIAN_POINT('',(0.0448327575872682,0.033462877511004,0.006));
#5455=CARTESIAN_POINT('',(0.0440184945387255,0.0328366527045688,0.006));
#5456=CARTESIAN_POINT('',(0.0457275007694327,0.0322704613488349,0.006));
#5457=CARTESIAN_POINT('',(0.0439988777417727,0.0318951202999866,0.006));
#5458=CARTESIAN_POINT('',(0.0428511925009475,0.0303197414741971,0.006));
#5459=CARTESIAN_POINT('',(0.0453796587202239,0.030487173361244,0.006));
#5460=CARTESIAN_POINT('',(0.0423523997696156,0.0294506717964218,0.006));
#5461=CARTESIAN_POINT('',(0.0433303871473821,0.0273870774859933,0.006));
#5462=CARTESIAN_POINT('',(0.0450289092207552,0.0281947279843597,0.006));
#5463=CARTESIAN_POINT('',(0.0443745600309767,0.0257899971034985,0.006));
#5464=CARTESIAN_POINT('',(0.0406996268739346,0.0238345827872331,0.006));
#5465=CARTESIAN_POINT('',(0.0395178869798866,0.030271082626726,0.006));
#5466=CARTESIAN_POINT('',(0.0416879526929525,0.0270680298401183,0.006));
#5467=CARTESIAN_POINT('',(0.0427138552012883,0.0288653595587927,0.006));
#5468=CARTESIAN_POINT('',(0.0410479768717679,0.030263022756326,0.006));
#5469=CARTESIAN_POINT('',(0.0438574286221263,0.0292873384742303,0.006));
#5470=CARTESIAN_POINT('',(0.0416685385492259,0.0323109721933887,0.006));
#5471=CARTESIAN_POINT('',(0.0434584031159515,0.0323764044888194,0.006));
#5472=CARTESIAN_POINT('',(0.0445301360223056,0.0322875169249199,0.006));
#5473=CARTESIAN_POINT('',(0.0439003352939306,0.0336216275933944,0.006));
#5474=CARTESIAN_POINT('',(0.0434632825266666,0.0341610235415264,0.006));
#5475=CARTESIAN_POINT('',(0.0435320717654834,0.0346304082199,0.006));
#5476=CARTESIAN_POINT('',(0.044597938863959,0.0344570507719463,0.006));
#5477=CARTESIAN_POINT('',(0.0450749981500066,0.0342691693869171,0.006));
#5478=CARTESIAN_POINT('',(0.0445910171408616,0.0356416034532224,0.006));
#5479=CARTESIAN_POINT('',(0.0441805012193133,0.0363038813997457,0.006));
#5480=CARTESIAN_POINT('',(0.0448776011842119,0.0357151473575449,0.006));
#5481=CARTESIAN_POINT('',(0.0439737692080529,0.0379912593848492,0.006));
#5482=CARTESIAN_POINT('',(0.0430519989439926,0.0379608744524343,0.006));
#5483=CARTESIAN_POINT('',(0.0430848983748027,0.0380746167029697,0.006));
#5484=CARTESIAN_POINT('',(0.0430848983748027,0.0380746167029697,0.006));
#5485=CARTESIAN_POINT('',(0.0544567115264772,0.0336584082429137,0.006));
#5486=CARTESIAN_POINT('',(0.061930627437967,0.0474682744122277,0.006));
#5487=CARTESIAN_POINT('',(0.061930627437967,0.0474682744122277,0.007));
#5488=CARTESIAN_POINT('',(0.0620060560862286,0.047607125393823,0.006));
#5489=CARTESIAN_POINT('',(0.0620060560862286,0.047607125393823,0.007));
#5490=CARTESIAN_POINT('',(0.0630575674105524,0.0475286689736238,0.006));
#5491=CARTESIAN_POINT('',(0.0630575674105524,0.0475286689736238,0.007));
#5492=CARTESIAN_POINT('',(0.0630772903968273,0.0472549731962827,0.006));
#5493=CARTESIAN_POINT('',(0.0630772903968273,0.0472549731962827,0.007));
#5494=CARTESIAN_POINT('',(0.0626553729167645,0.0468689559060773,0.006));
#5495=CARTESIAN_POINT('',(0.0626553729167645,0.0468689559060773,0.007));
#5496=CARTESIAN_POINT('',(0.0618649920669498,0.04734745114543,0.006));
#5497=CARTESIAN_POINT('',(0.0618649920669498,0.04734745114543,0.007));
#5498=CARTESIAN_POINT('',(0.061930627437967,0.0474682744122277,0.006));
#5499=CARTESIAN_POINT('',(0.061930627437967,0.0474682744122277,0.007));
#5500=CARTESIAN_POINT('',(0.061930627437967,0.0474682744122277,0.006));
#5501=CARTESIAN_POINT('',(0.0620060560862286,0.047607125393823,0.006));
#5502=CARTESIAN_POINT('',(0.0630575674105524,0.0475286689736238,0.006));
#5503=CARTESIAN_POINT('',(0.0630772903968273,0.0472549731962827,0.006));
#5504=CARTESIAN_POINT('',(0.0626553729167645,0.0468689559060773,0.006));
#5505=CARTESIAN_POINT('',(0.0618649920669498,0.04734745114543,0.006));
#5506=CARTESIAN_POINT('',(0.061930627437967,0.0474682744122277,0.006));
#5507=CARTESIAN_POINT('',(0.061930627437967,0.0474682744122277,0.006));
#5508=CARTESIAN_POINT('',(0.0544567115264772,0.0336584082429137,0.006));
#5509=CARTESIAN_POINT('',(0.0532380966764635,0.0334726013243199,0.007));
#5510=CARTESIAN_POINT('',(0.0532380966764635,0.0334726013243199,0.007));
#5511=CARTESIAN_POINT('',(0.0532380966764635,0.0334726013243199,0.007));
#5512=CARTESIAN_POINT('',(0.0465595840741726,0.0259676145104479,0.006));
#5513=CARTESIAN_POINT('',(0.0465595840741726,0.0259676145104479,0.007));
#5514=CARTESIAN_POINT('',(0.0467806804977438,0.0259588087599673,0.006));
#5515=CARTESIAN_POINT('',(0.0467806804977438,0.0259588087599673,0.007));
#5516=CARTESIAN_POINT('',(0.0471959886441021,0.0260060584765804,0.006));
#5517=CARTESIAN_POINT('',(0.0471959886441021,0.0260060584765804,0.007));
#5518=CARTESIAN_POINT('',(0.0475445511653962,0.0266413303954677,0.006));
#5519=CARTESIAN_POINT('',(0.0475445511653962,0.0266413303954677,0.007));
#5520=CARTESIAN_POINT('',(0.0484406964810071,0.0263146606095847,0.006));
#5521=CARTESIAN_POINT('',(0.0484406964810071,0.0263146606095847,0.007));
#5522=CARTESIAN_POINT('',(0.0484060607800266,0.0254987771959923,0.006));
#5523=CARTESIAN_POINT('',(0.0484060607800266,0.0254987771959923,0.007));
#5524=CARTESIAN_POINT('',(0.0473979592248377,0.0256070031992275,0.006));
#5525=CARTESIAN_POINT('',(0.0473979592248377,0.0256070031992275,0.007));
#5526=CARTESIAN_POINT('',(0.0466991539693318,0.0255296255272414,0.006));
#5527=CARTESIAN_POINT('',(0.0466991539693318,0.0255296255272414,0.007));
#5528=CARTESIAN_POINT('',(0.0459923115274937,0.026032542952942,0.006));
#5529=CARTESIAN_POINT('',(0.0459923115274937,0.026032542952942,0.007));
#5530=CARTESIAN_POINT('',(0.0463879798942938,0.0259744491012796,0.006));
#5531=CARTESIAN_POINT('',(0.0463879798942938,0.0259744491012796,0.007));
#5532=CARTESIAN_POINT('',(0.0465595840741726,0.0259676145104479,0.006));
#5533=CARTESIAN_POINT('',(0.0465595840741726,0.0259676145104479,0.007));
#5534=CARTESIAN_POINT('',(0.0465595840741726,0.0259676145104479,0.006));
#5535=CARTESIAN_POINT('',(0.0467806804977438,0.0259588087599673,0.006));
#5536=CARTESIAN_POINT('',(0.0471959886441021,0.0260060584765804,0.006));
#5537=CARTESIAN_POINT('',(0.0475445511653962,0.0266413303954677,0.006));
#5538=CARTESIAN_POINT('',(0.0484406964810071,0.0263146606095847,0.006));
#5539=CARTESIAN_POINT('',(0.0484060607800266,0.0254987771959923,0.006));
#5540=CARTESIAN_POINT('',(0.0473979592248377,0.0256070031992275,0.006));
#5541=CARTESIAN_POINT('',(0.0466991539693318,0.0255296255272414,0.006));
#5542=CARTESIAN_POINT('',(0.0459923115274937,0.026032542952942,0.006));
#5543=CARTESIAN_POINT('',(0.0463879798942938,0.0259744491012796,0.006));
#5544=CARTESIAN_POINT('',(0.0465595840741726,0.0259676145104479,0.006));
#5545=CARTESIAN_POINT('',(0.0465595840741726,0.0259676145104479,0.006));
#5546=CARTESIAN_POINT('',(0.0544567115264772,0.0336584082429137,0.006));
#5547=CARTESIAN_POINT('',(0.0341825410723686,0.0114551866427064,0.006));
#5548=CARTESIAN_POINT('',(0.0341825410723686,0.0114551866427064,0.007));
#5549=CARTESIAN_POINT('',(0.0342076492129652,0.0116219624946093,0.006));
#5550=CARTESIAN_POINT('',(0.0342076492129652,0.0116219624946093,0.007));
#5551=CARTESIAN_POINT('',(0.0346497518935077,0.0119607267630568,0.006));
#5552=CARTESIAN_POINT('',(0.0346497518935077,0.0119607267630568,0.007));
#5553=CARTESIAN_POINT('',(0.0352091802831727,0.0120588560666957,0.006));
#5554=CARTESIAN_POINT('',(0.0352091802831727,0.0120588560666957,0.007));
#5555=CARTESIAN_POINT('',(0.0354211208695937,0.0112304445225783,0.006));
#5556=CARTESIAN_POINT('',(0.0354211208695937,0.0112304445225783,0.007));
#5557=CARTESIAN_POINT('',(0.0349427825334424,0.0108397635183336,0.006));
#5558=CARTESIAN_POINT('',(0.0349427825334424,0.0108397635183336,0.007));
#5559=CARTESIAN_POINT('',(0.0342672525400801,0.0109326539589357,0.006));
#5560=CARTESIAN_POINT('',(0.0342672525400801,0.0109326539589357,0.007));
#5561=CARTESIAN_POINT('',(0.0337424461937995,0.0111204270194978,0.006));
#5562=CARTESIAN_POINT('',(0.0337424461937995,0.0111204270194978,0.007));
#5563=CARTESIAN_POINT('',(0.0343056622370141,0.011151955902796,0.006));
#5564=CARTESIAN_POINT('',(0.0343056622370141,0.011151955902796,0.007));
#5565=CARTESIAN_POINT('',(0.0341669514297142,0.0113516355284947,0.006));
#5566=CARTESIAN_POINT('',(0.0341669514297142,0.0113516355284947,0.007));
#5567=CARTESIAN_POINT('',(0.0341825410723686,0.0114551866427064,0.006));
#5568=CARTESIAN_POINT('',(0.0341825410723686,0.0114551866427064,0.007));
#5569=CARTESIAN_POINT('',(0.0341825410723686,0.0114551866427064,0.006));
#5570=CARTESIAN_POINT('',(0.0342076492129652,0.0116219624946093,0.006));
#5571=CARTESIAN_POINT('',(0.0346497518935077,0.0119607267630568,0.006));
#5572=CARTESIAN_POINT('',(0.0352091802831727,0.0120588560666957,0.006));
#5573=CARTESIAN_POINT('',(0.0354211208695937,0.0112304445225783,0.006));
#5574=CARTESIAN_POINT('',(0.0349427825334424,0.0108397635183336,0.006));
#5575=CARTESIAN_POINT('',(0.0342672525400801,0.0109326539589357,0.006));
#5576=CARTESIAN_POINT('',(0.0337424461937995,0.0111204270194978,0.006));
#5577=CARTESIAN_POINT('',(0.0343056622370141,0.011151955902796,0.006));
#5578=CARTESIAN_POINT('',(0.0341669514297142,0.0113516355284947,0.006));
#5579=CARTESIAN_POINT('',(0.0341825410723686,0.0114551866427064,0.006));
#5580=CARTESIAN_POINT('',(0.0341825410723686,0.0114551866427064,0.006));
#5581=CARTESIAN_POINT('',(0.0544567115264772,0.0336584082429137,0.006));
#5582=CARTESIAN_POINT('',(0.0341116599738598,0.00893188081681728,0.006));
#5583=CARTESIAN_POINT('',(0.0341116599738598,0.00893188081681728,0.007));
#5584=CARTESIAN_POINT('',(0.0342885683457929,0.00907801908620604,0.006));
#5585=CARTESIAN_POINT('',(0.0342885683457929,0.00907801908620604,0.007));
#5586=CARTESIAN_POINT('',(0.0346642664323216,0.00935748953847476,0.006));
#5587=CARTESIAN_POINT('',(0.0346642664323216,0.00935748953847476,0.007));
#5588=CARTESIAN_POINT('',(0.0349506752167654,0.010232733059877,0.006));
#5589=CARTESIAN_POINT('',(0.0349506752167654,0.010232733059877,0.007));
#5590=CARTESIAN_POINT('',(0.035647459084101,0.00969720635905901,0.006));
#5591=CARTESIAN_POINT('',(0.035647459084101,0.00969720635905901,0.007));
#5592=CARTESIAN_POINT('',(0.035463569716891,0.00880562363438198,0.006));
#5593=CARTESIAN_POINT('',(0.035463569716891,0.00880562363438198,0.007));
#5594=CARTESIAN_POINT('',(0.0348725346845984,0.00866620762049565,0.006));
#5595=CARTESIAN_POINT('',(0.0348725346845984,0.00866620762049565,0.007));
#5596=CARTESIAN_POINT('',(0.0342430038551725,0.0087323879066394,0.006));
#5597=CARTESIAN_POINT('',(0.0342430038551725,0.0087323879066394,0.007));
#5598=CARTESIAN_POINT('',(0.0337782557940133,0.00864330122047262,0.006));
#5599=CARTESIAN_POINT('',(0.0337782557940133,0.00864330122047262,0.007));
#5600=CARTESIAN_POINT('',(0.0339951722609354,0.00883565409455531,0.006));
#5601=CARTESIAN_POINT('',(0.0339951722609354,0.00883565409455531,0.007));
#5602=CARTESIAN_POINT('',(0.0341116599738598,0.00893188081681728,0.006));
#5603=CARTESIAN_POINT('',(0.0341116599738598,0.00893188081681728,0.007));
#5604=CARTESIAN_POINT('',(0.0341116599738598,0.00893188081681728,0.006));
#5605=CARTESIAN_POINT('',(0.0342885683457929,0.00907801908620604,0.006));
#5606=CARTESIAN_POINT('',(0.0346642664323216,0.00935748953847476,0.006));
#5607=CARTESIAN_POINT('',(0.0349506752167654,0.010232733059877,0.006));
#5608=CARTESIAN_POINT('',(0.035647459084101,0.00969720635905901,0.006));
#5609=CARTESIAN_POINT('',(0.035463569716891,0.00880562363438198,0.006));
#5610=CARTESIAN_POINT('',(0.0348725346845984,0.00866620762049565,0.006));
#5611=CARTESIAN_POINT('',(0.0342430038551725,0.0087323879066394,0.006));
#5612=CARTESIAN_POINT('',(0.0337782557940133,0.00864330122047262,0.006));
#5613=CARTESIAN_POINT('',(0.0339951722609354,0.00883565409455531,0.006));
#5614=CARTESIAN_POINT('',(0.0341116599738598,0.00893188081681728,0.006));
#5615=CARTESIAN_POINT('',(0.0341116599738598,0.00893188081681728,0.006));
#5616=CARTESIAN_POINT('',(0.0544567115264772,0.0336584082429137,0.006));
#5617=CARTESIAN_POINT('',(0.0359828770160675,0.0078970417380333,0.006));
#5618=CARTESIAN_POINT('',(0.0359828770160675,0.0078970417380333,0.007));
#5619=CARTESIAN_POINT('',(0.0361300709223964,0.00804588422557324,0.006));
#5620=CARTESIAN_POINT('',(0.0361300709223964,0.00804588422557324,0.007));
#5621=CARTESIAN_POINT('',(0.0363708303501435,0.00839748403945129,0.006));
#5622=CARTESIAN_POINT('',(0.0363708303501435,0.00839748403945129,0.007));
#5623=CARTESIAN_POINT('',(0.036983291657446,0.00932182518159971,0.006));
#5624=CARTESIAN_POINT('',(0.036983291657446,0.00932182518159971,0.007));
#5625=CARTESIAN_POINT('',(0.0377980864992557,0.00842563448663555,0.006));
#5626=CARTESIAN_POINT('',(0.0377980864992557,0.00842563448663555,0.007));
#5627=CARTESIAN_POINT('',(0.0369916348577414,0.00772511302562747,0.006));
#5628=CARTESIAN_POINT('',(0.0369916348577414,0.00772511302562747,0.007));
#5629=CARTESIAN_POINT('',(0.0363865028019026,0.0074517493828468,0.006));
#5630=CARTESIAN_POINT('',(0.0363865028019026,0.0074517493828468,0.007));
#5631=CARTESIAN_POINT('',(0.0356088759186239,0.00757529336839669,0.006));
#5632=CARTESIAN_POINT('',(0.0356088759186239,0.00757529336839669,0.007));
#5633=CARTESIAN_POINT('',(0.035879450517938,0.00779245685647753,0.006));
#5634=CARTESIAN_POINT('',(0.035879450517938,0.00779245685647753,0.007));
#5635=CARTESIAN_POINT('',(0.0359828770160675,0.0078970417380333,0.006));
#5636=CARTESIAN_POINT('',(0.0359828770160675,0.0078970417380333,0.007));
#5637=CARTESIAN_POINT('',(0.0359828770160675,0.0078970417380333,0.006));
#5638=CARTESIAN_POINT('',(0.0361300709223964,0.00804588422557324,0.006));
#5639=CARTESIAN_POINT('',(0.0363708303501435,0.00839748403945129,0.006));
#5640=CARTESIAN_POINT('',(0.036983291657446,0.00932182518159971,0.006));
#5641=CARTESIAN_POINT('',(0.0377980864992557,0.00842563448663555,0.006));
#5642=CARTESIAN_POINT('',(0.0369916348577414,0.00772511302562747,0.006));
#5643=CARTESIAN_POINT('',(0.0363865028019026,0.0074517493828468,0.006));
#5644=CARTESIAN_POINT('',(0.0356088759186239,0.00757529336839669,0.006));
#5645=CARTESIAN_POINT('',(0.035879450517938,0.00779245685647753,0.006));
#5646=CARTESIAN_POINT('',(0.0359828770160675,0.0078970417380333,0.006));
#5647=CARTESIAN_POINT('',(0.0359828770160675,0.0078970417380333,0.006));
#5648=CARTESIAN_POINT('',(0.0544567115264772,0.0336584082429137,0.006));
#5649=CARTESIAN_POINT('',(0.0380383767187596,0.00737253436818719,0.006));
#5650=CARTESIAN_POINT('',(0.0380383767187596,0.00737253436818719,0.007));
#5651=CARTESIAN_POINT('',(0.038208541279225,0.00761134766115738,0.006));
#5652=CARTESIAN_POINT('',(0.038208541279225,0.00761134766115738,0.007));
#5653=CARTESIAN_POINT('',(0.0384285196312532,0.0085317501046318,0.006));
#5654=CARTESIAN_POINT('',(0.0384285196312532,0.0085317501046318,0.007));
#5655=CARTESIAN_POINT('',(0.0390349697510195,0.00841556805698515,0.006));
#5656=CARTESIAN_POINT('',(0.0390349697510195,0.00841556805698515,0.007));
#5657=CARTESIAN_POINT('',(0.0396390118843221,0.00819560988588742,0.006));
#5658=CARTESIAN_POINT('',(0.0396390118843221,0.00819560988588742,0.007));
#5659=CARTESIAN_POINT('',(0.0389502485464961,0.0076047917226167,0.006));
#5660=CARTESIAN_POINT('',(0.0389502485464961,0.0076047917226167,0.007));
#5661=CARTESIAN_POINT('',(0.0384886523107975,0.00724802184362106,0.006));
#5662=CARTESIAN_POINT('',(0.0384886523107975,0.00724802184362106,0.007));
#5663=CARTESIAN_POINT('',(0.0377532314573427,0.0071536823135077,0.006));
#5664=CARTESIAN_POINT('',(0.0377532314573427,0.0071536823135077,0.007));
#5665=CARTESIAN_POINT('',(0.0379621421574496,0.00726554483655524,0.006));
#5666=CARTESIAN_POINT('',(0.0379621421574496,0.00726554483655524,0.007));
#5667=CARTESIAN_POINT('',(0.0380383767187596,0.00737253436818719,0.006));
#5668=CARTESIAN_POINT('',(0.0380383767187596,0.00737253436818719,0.007));
#5669=CARTESIAN_POINT('',(0.0380383767187596,0.00737253436818719,0.006));
#5670=CARTESIAN_POINT('',(0.038208541279225,0.00761134766115738,0.006));
#5671=CARTESIAN_POINT('',(0.0384285196312532,0.0085317501046318,0.006));
#5672=CARTESIAN_POINT('',(0.0390349697510195,0.00841556805698515,0.006));
#5673=CARTESIAN_POINT('',(0.0396390118843221,0.00819560988588742,0.006));
#5674=CARTESIAN_POINT('',(0.0389502485464961,0.0076047917226167,0.006));
#5675=CARTESIAN_POINT('',(0.0384886523107975,0.00724802184362106,0.006));
#5676=CARTESIAN_POINT('',(0.0377532314573427,0.0071536823135077,0.006));
#5677=CARTESIAN_POINT('',(0.0379621421574496,0.00726554483655524,0.006));
#5678=CARTESIAN_POINT('',(0.0380383767187596,0.00737253436818719,0.006));
#5679=CARTESIAN_POINT('',(0.0380383767187596,0.00737253436818719,0.006));
#5680=CARTESIAN_POINT('',(0.0544567115264772,0.0336584082429137,0.006));
#5681=CARTESIAN_POINT('',(0.0627730861306191,0.0229238923639059,0.006));
#5682=CARTESIAN_POINT('',(0.0627730861306191,0.0229238923639059,0.007));
#5683=CARTESIAN_POINT('',(0.0629139726925911,0.0232703972382629,0.006));
#5684=CARTESIAN_POINT('',(0.0629139726925911,0.0232703972382629,0.007));
#5685=CARTESIAN_POINT('',(0.0637757041491735,0.0240459659447012,0.006));
#5686=CARTESIAN_POINT('',(0.0637757041491735,0.0240459659447012,0.007));
#5687=CARTESIAN_POINT('',(0.0642308440277784,0.023485489057999,0.006));
#5688=CARTESIAN_POINT('',(0.0642308440277784,0.023485489057999,0.007));
#5689=CARTESIAN_POINT('',(0.0636218931739676,0.0233122856284206,0.006));
#5690=CARTESIAN_POINT('',(0.0636218931739676,0.0233122856284206,0.007));
#5691=CARTESIAN_POINT('',(0.0627891212277348,0.0224000982163419,0.006));
#5692=CARTESIAN_POINT('',(0.0627891212277348,0.0224000982163419,0.007));
#5693=CARTESIAN_POINT('',(0.0627068295960529,0.0227609370623935,0.006));
#5694=CARTESIAN_POINT('',(0.0627068295960529,0.0227609370623935,0.007));
#5695=CARTESIAN_POINT('',(0.0627730861306191,0.0229238923639059,0.006));
#5696=CARTESIAN_POINT('',(0.0627730861306191,0.0229238923639059,0.007));
#5697=CARTESIAN_POINT('',(0.0627730861306191,0.0229238923639059,0.006));
#5698=CARTESIAN_POINT('',(0.0629139726925911,0.0232703972382629,0.006));
#5699=CARTESIAN_POINT('',(0.0637757041491735,0.0240459659447012,0.006));
#5700=CARTESIAN_POINT('',(0.0642308440277784,0.023485489057999,0.006));
#5701=CARTESIAN_POINT('',(0.0636218931739676,0.0233122856284206,0.006));
#5702=CARTESIAN_POINT('',(0.0627891212277348,0.0224000982163419,0.006));
#5703=CARTESIAN_POINT('',(0.0627068295960529,0.0227609370623935,0.006));
#5704=CARTESIAN_POINT('',(0.0627730861306191,0.0229238923639059,0.006));
#5705=CARTESIAN_POINT('',(0.0627730861306191,0.0229238923639059,0.006));
#5706=CARTESIAN_POINT('',(0.0544567115264772,0.0336584082429137,0.006));
#5707=CARTESIAN_POINT('',(0.066486269235611,0.0248518195003271,0.006));
#5708=CARTESIAN_POINT('',(0.066486269235611,0.0248518195003271,0.007));
#5709=CARTESIAN_POINT('',(0.066523959294,0.0252254314415197,0.006));
#5710=CARTESIAN_POINT('',(0.066523959294,0.0252254314415197,0.007));
#5711=CARTESIAN_POINT('',(0.0673259488889535,0.0260788764783554,0.006));
#5712=CARTESIAN_POINT('',(0.0673259488889535,0.0260788764783554,0.007));
#5713=CARTESIAN_POINT('',(0.0672032406598784,0.025269456029951,0.006));
#5714=CARTESIAN_POINT('',(0.0672032406598784,0.025269456029951,0.007));
#5715=CARTESIAN_POINT('',(0.0671878297207422,0.024707581899401,0.006));
#5716=CARTESIAN_POINT('',(0.0671878297207422,0.024707581899401,0.007));
#5717=CARTESIAN_POINT('',(0.0668352118389161,0.0242487822513964,0.006));
#5718=CARTESIAN_POINT('',(0.0668352118389161,0.0242487822513964,0.007));
#5719=CARTESIAN_POINT('',(0.0664598215276527,0.0245896501131538,0.006));
#5720=CARTESIAN_POINT('',(0.0664598215276527,0.0245896501131538,0.007));
#5721=CARTESIAN_POINT('',(0.066486269235611,0.0248518195003271,0.006));
#5722=CARTESIAN_POINT('',(0.066486269235611,0.0248518195003271,0.007));
#5723=CARTESIAN_POINT('',(0.066486269235611,0.0248518195003271,0.006));
#5724=CARTESIAN_POINT('',(0.066523959294,0.0252254314415197,0.006));
#5725=CARTESIAN_POINT('',(0.0673259488889535,0.0260788764783554,0.006));
#5726=CARTESIAN_POINT('',(0.0672032406598784,0.025269456029951,0.006));
#5727=CARTESIAN_POINT('',(0.0671878297207422,0.024707581899401,0.006));
#5728=CARTESIAN_POINT('',(0.0668352118389161,0.0242487822513964,0.006));
#5729=CARTESIAN_POINT('',(0.0664598215276527,0.0245896501131538,0.006));
#5730=CARTESIAN_POINT('',(0.066486269235611,0.0248518195003271,0.006));
#5731=CARTESIAN_POINT('',(0.066486269235611,0.0248518195003271,0.006));
#5732=CARTESIAN_POINT('',(0.0544567115264772,0.0336584082429137,0.006));
#5733=CARTESIAN_POINT('',(0.0658058226108551,0.0245186854153872,0.006));
#5734=CARTESIAN_POINT('',(0.0658058226108551,0.0245186854153872,0.007));
#5735=CARTESIAN_POINT('',(0.0656906869603986,0.0244253891132834,0.006));
#5736=CARTESIAN_POINT('',(0.0656906869603986,0.0244253891132834,0.007));
#5737=CARTESIAN_POINT('',(0.0648721684202712,0.0236096273113111,0.006));
#5738=CARTESIAN_POINT('',(0.0648721684202712,0.0236096273113111,0.007));
#5739=CARTESIAN_POINT('',(0.0657756156539239,0.0228522725558519,0.006));
#5740=CARTESIAN_POINT('',(0.0657756156539239,0.0228522725558519,0.007));
#5741=CARTESIAN_POINT('',(0.0665277158162632,0.0234354456929631,0.006));
#5742=CARTESIAN_POINT('',(0.0665277158162632,0.0234354456929631,0.007));
#5743=CARTESIAN_POINT('',(0.0666769304951166,0.0242044570906725,0.006));
#5744=CARTESIAN_POINT('',(0.0666769304951166,0.0242044570906725,0.007));
#5745=CARTESIAN_POINT('',(0.0658683810870899,0.024546007307184,0.006));
#5746=CARTESIAN_POINT('',(0.0658683810870899,0.024546007307184,0.007));
#5747=CARTESIAN_POINT('',(0.0658358951484356,0.0245430536848156,0.006));
#5748=CARTESIAN_POINT('',(0.0658358951484356,0.0245430536848156,0.007));
#5749=CARTESIAN_POINT('',(0.0658058226108551,0.0245186854153872,0.006));
#5750=CARTESIAN_POINT('',(0.0658058226108551,0.0245186854153872,0.007));
#5751=CARTESIAN_POINT('',(0.0658058226108551,0.0245186854153872,0.006));
#5752=CARTESIAN_POINT('',(0.0656906869603986,0.0244253891132834,0.006));
#5753=CARTESIAN_POINT('',(0.0648721684202712,0.0236096273113111,0.006));
#5754=CARTESIAN_POINT('',(0.0657756156539239,0.0228522725558519,0.006));
#5755=CARTESIAN_POINT('',(0.0665277158162632,0.0234354456929631,0.006));
#5756=CARTESIAN_POINT('',(0.0666769304951166,0.0242044570906725,0.006));
#5757=CARTESIAN_POINT('',(0.0658683810870899,0.024546007307184,0.006));
#5758=CARTESIAN_POINT('',(0.0658358951484356,0.0245430536848156,0.006));
#5759=CARTESIAN_POINT('',(0.0658058226108551,0.0245186854153872,0.006));
#5760=CARTESIAN_POINT('',(0.0658058226108551,0.0245186854153872,0.006));
#5761=CARTESIAN_POINT('',(0.0544567115264772,0.0336584082429137,0.006));
#5762=CARTESIAN_POINT('',(0.0413901366617525,0.0307060466344874,0.006));
#5763=CARTESIAN_POINT('',(0.0413901366617525,0.0307060466344874,0.007));
#5764=CARTESIAN_POINT('',(0.0412703713762398,0.0310596725858404,0.006));
#5765=CARTESIAN_POINT('',(0.0412703713762398,0.0310596725858404,0.007));
#5766=CARTESIAN_POINT('',(0.041856141949171,0.0322746258504683,0.006));
#5767=CARTESIAN_POINT('',(0.041856141949171,0.0322746258504683,0.007));
#5768=CARTESIAN_POINT('',(0.043083877352914,0.0302628213972458,0.006));
#5769=CARTESIAN_POINT('',(0.043083877352914,0.0302628213972458,0.007));
#5770=CARTESIAN_POINT('',(0.0424648751695193,0.0300591575590702,0.006));
#5771=CARTESIAN_POINT('',(0.0424648751695193,0.0300591575590702,0.007));
#5772=CARTESIAN_POINT('',(0.0415230986255439,0.0303134554029114,0.006));
#5773=CARTESIAN_POINT('',(0.0415230986255439,0.0303134554029114,0.007));
#5774=CARTESIAN_POINT('',(0.0413901366617525,0.0307060466344874,0.006));
#5775=CARTESIAN_POINT('',(0.0413901366617525,0.0307060466344874,0.007));
#5776=CARTESIAN_POINT('',(0.0413901366617525,0.0307060466344874,0.006));
#5777=CARTESIAN_POINT('',(0.0412703713762398,0.0310596725858404,0.006));
#5778=CARTESIAN_POINT('',(0.041856141949171,0.0322746258504683,0.006));
#5779=CARTESIAN_POINT('',(0.043083877352914,0.0302628213972458,0.006));
#5780=CARTESIAN_POINT('',(0.0424648751695193,0.0300591575590702,0.006));
#5781=CARTESIAN_POINT('',(0.0415230986255439,0.0303134554029114,0.006));
#5782=CARTESIAN_POINT('',(0.0413901366617525,0.0307060466344874,0.006));
#5783=CARTESIAN_POINT('',(0.0413901366617525,0.0307060466344874,0.006));
#5784=CARTESIAN_POINT('',(0.0544567115264772,0.0336584082429137,0.006));
#5785=CARTESIAN_POINT('',(0.0403678915663961,0.0294163952618093,0.006));
#5786=CARTESIAN_POINT('',(0.0403678915663961,0.0294163952618093,0.007));
#5787=CARTESIAN_POINT('',(0.0403233905494831,0.0297507250078201,0.006));
#5788=CARTESIAN_POINT('',(0.0403233905494831,0.0297507250078201,0.007));
#5789=CARTESIAN_POINT('',(0.0410533517815917,0.0302283386467376,0.006));
#5790=CARTESIAN_POINT('',(0.0410533517815917,0.0302283386467376,0.007));
#5791=CARTESIAN_POINT('',(0.0418368159953095,0.0292275997792155,0.006));
#5792=CARTESIAN_POINT('',(0.0418368159953095,0.0292275997792155,0.007));
#5793=CARTESIAN_POINT('',(0.0420687490547943,0.0275274964360277,0.006));
#5794=CARTESIAN_POINT('',(0.0420687490547943,0.0275274964360277,0.007));
#5795=CARTESIAN_POINT('',(0.040436578664373,0.0289003589639027,0.006));
#5796=CARTESIAN_POINT('',(0.040436578664373,0.0289003589639027,0.007));
#5797=CARTESIAN_POINT('',(0.0403678915663961,0.0294163952618093,0.006));
#5798=CARTESIAN_POINT('',(0.0403678915663961,0.0294163952618093,0.007));
#5799=CARTESIAN_POINT('',(0.0403678915663961,0.0294163952618093,0.006));
#5800=CARTESIAN_POINT('',(0.0403233905494831,0.0297507250078201,0.006));
#5801=CARTESIAN_POINT('',(0.0410533517815917,0.0302283386467376,0.006));
#5802=CARTESIAN_POINT('',(0.0418368159953095,0.0292275997792155,0.006));
#5803=CARTESIAN_POINT('',(0.0420687490547943,0.0275274964360277,0.006));
#5804=CARTESIAN_POINT('',(0.040436578664373,0.0289003589639027,0.006));
#5805=CARTESIAN_POINT('',(0.0403678915663961,0.0294163952618093,0.006));
#5806=CARTESIAN_POINT('',(0.0403678915663961,0.0294163952618093,0.006));
#5807=CARTESIAN_POINT('',(0.0544567115264772,0.0336584082429137,0.006));
#5808=CARTESIAN_POINT('',(0.0388219875115172,0.0283727186705975,0.006));
#5809=CARTESIAN_POINT('',(0.0388219875115172,0.0283727186705975,0.007));
#5810=CARTESIAN_POINT('',(0.0389078801059355,0.0286606390784501,0.006));
#5811=CARTESIAN_POINT('',(0.0389078801059355,0.0286606390784501,0.007));
#5812=CARTESIAN_POINT('',(0.0398788083589183,0.0294278265981097,0.006));
#5813=CARTESIAN_POINT('',(0.0398788083589183,0.0294278265981097,0.007));
#5814=CARTESIAN_POINT('',(0.039412494579757,0.0277600437650375,0.006));
#5815=CARTESIAN_POINT('',(0.039412494579757,0.0277600437650375,0.007));
#5816=CARTESIAN_POINT('',(0.0403565472087797,0.026749235056516,0.006));
#5817=CARTESIAN_POINT('',(0.0403565472087797,0.026749235056516,0.007));
#5818=CARTESIAN_POINT('',(0.0393521414912313,0.0265797533227512,0.006));
#5819=CARTESIAN_POINT('',(0.0393521414912313,0.0265797533227512,0.007));
#5820=CARTESIAN_POINT('',(0.0392672582399855,0.0276822633184282,0.006));
#5821=CARTESIAN_POINT('',(0.0392672582399855,0.0276822633184282,0.007));
#5822=CARTESIAN_POINT('',(0.0387412035057609,0.0281019227534077,0.006));
#5823=CARTESIAN_POINT('',(0.0387412035057609,0.0281019227534077,0.007));
#5824=CARTESIAN_POINT('',(0.0388219875115172,0.0283727186705975,0.006));
#5825=CARTESIAN_POINT('',(0.0388219875115172,0.0283727186705975,0.007));
#5826=CARTESIAN_POINT('',(0.0388219875115172,0.0283727186705975,0.006));
#5827=CARTESIAN_POINT('',(0.0389078801059355,0.0286606390784501,0.006));
#5828=CARTESIAN_POINT('',(0.0398788083589183,0.0294278265981097,0.006));
#5829=CARTESIAN_POINT('',(0.039412494579757,0.0277600437650375,0.006));
#5830=CARTESIAN_POINT('',(0.0403565472087797,0.026749235056516,0.006));
#5831=CARTESIAN_POINT('',(0.0393521414912313,0.0265797533227512,0.006));
#5832=CARTESIAN_POINT('',(0.0392672582399855,0.0276822633184282,0.006));
#5833=CARTESIAN_POINT('',(0.0387412035057609,0.0281019227534077,0.006));
#5834=CARTESIAN_POINT('',(0.0388219875115172,0.0283727186705975,0.006));
#5835=CARTESIAN_POINT('',(0.0388219875115172,0.0283727186705975,0.006));
#5836=CARTESIAN_POINT('',(0.0544567115264772,0.0336584082429137,0.006));
#5837=CARTESIAN_POINT('',(0.0562479205367665,0.0470012321377454,0.006));
#5838=CARTESIAN_POINT('',(0.0562479205367665,0.0470012321377454,0.007));
#5839=CARTESIAN_POINT('',(0.0563224497495599,0.0475507586643934,0.006));
#5840=CARTESIAN_POINT('',(0.0563224497495599,0.0475507586643934,0.007));
#5841=CARTESIAN_POINT('',(0.0594260144537354,0.0486679062886356,0.006));
#5842=CARTESIAN_POINT('',(0.0594260144537354,0.0486679062886356,0.007));
#5843=CARTESIAN_POINT('',(0.0612881468824739,0.0486135410372001,0.006));
#5844=CARTESIAN_POINT('',(0.0612881468824739,0.0486135410372001,0.007));
#5845=CARTESIAN_POINT('',(0.0616560721411354,0.0472409051582652,0.006));
#5846=CARTESIAN_POINT('',(0.0616560721411354,0.0472409051582652,0.007));
#5847=CARTESIAN_POINT('',(0.0612294088611074,0.0460372274200463,0.006));
#5848=CARTESIAN_POINT('',(0.0612294088611074,0.0460372274200463,0.007));
#5849=CARTESIAN_POINT('',(0.0597931606421918,0.0458727744511613,0.006));
#5850=CARTESIAN_POINT('',(0.0597931606421918,0.0458727744511613,0.007));
#5851=CARTESIAN_POINT('',(0.057964176644478,0.0458761632915201,0.006));
#5852=CARTESIAN_POINT('',(0.057964176644478,0.0458761632915201,0.007));
#5853=CARTESIAN_POINT('',(0.0561938467008042,0.0466025293184734,0.006));
#5854=CARTESIAN_POINT('',(0.0561938467008042,0.0466025293184734,0.007));
#5855=CARTESIAN_POINT('',(0.0562479205367665,0.0470012321377454,0.006));
#5856=CARTESIAN_POINT('',(0.0562479205367665,0.0470012321377454,0.007));
#5857=CARTESIAN_POINT('',(0.0562479205367665,0.0470012321377454,0.006));
#5858=CARTESIAN_POINT('',(0.0563224497495599,0.0475507586643934,0.006));
#5859=CARTESIAN_POINT('',(0.0594260144537354,0.0486679062886356,0.006));
#5860=CARTESIAN_POINT('',(0.0612881468824739,0.0486135410372001,0.006));
#5861=CARTESIAN_POINT('',(0.0616560721411354,0.0472409051582652,0.006));
#5862=CARTESIAN_POINT('',(0.0612294088611074,0.0460372274200463,0.006));
#5863=CARTESIAN_POINT('',(0.0597931606421918,0.0458727744511613,0.006));
#5864=CARTESIAN_POINT('',(0.057964176644478,0.0458761632915201,0.006));
#5865=CARTESIAN_POINT('',(0.0561938467008042,0.0466025293184734,0.006));
#5866=CARTESIAN_POINT('',(0.0562479205367665,0.0470012321377454,0.006));
#5867=CARTESIAN_POINT('',(0.0562479205367665,0.0470012321377454,0.006));
#5868=CARTESIAN_POINT('',(0.0544567115264772,0.0336584082429137,0.006));
#5869=CARTESIAN_POINT('',(0.0426453415681038,0.0334102799348858,0.006));
#5870=CARTESIAN_POINT('',(0.0426453415681038,0.0334102799348858,0.007));
#5871=CARTESIAN_POINT('',(0.0426998048143933,0.0335407885731429,0.006));
#5872=CARTESIAN_POINT('',(0.0426998048143933,0.0335407885731429,0.007));
#5873=CARTESIAN_POINT('',(0.0430170889339068,0.0335852835570509,0.006));
#5874=CARTESIAN_POINT('',(0.0430170889339068,0.0335852835570509,0.007));
#5875=CARTESIAN_POINT('',(0.0432330920466586,0.0342338624772685,0.006));
#5876=CARTESIAN_POINT('',(0.0432330920466586,0.0342338624772685,0.007));
#5877=CARTESIAN_POINT('',(0.0446025529833532,0.0322940682359598,0.006));
#5878=CARTESIAN_POINT('',(0.0446025529833532,0.0322940682359598,0.007));
#5879=CARTESIAN_POINT('',(0.04357041478181,0.0328982315102629,0.006));
#5880=CARTESIAN_POINT('',(0.04357041478181,0.0328982315102629,0.007));
#5881=CARTESIAN_POINT('',(0.042796820181552,0.0325469402010962,0.006));
#5882=CARTESIAN_POINT('',(0.042796820181552,0.0325469402010962,0.007));
#5883=CARTESIAN_POINT('',(0.0425768303625201,0.0332461085944827,0.006));
#5884=CARTESIAN_POINT('',(0.0425768303625201,0.0332461085944827,0.007));
#5885=CARTESIAN_POINT('',(0.0426453415681038,0.0334102799348858,0.006));
#5886=CARTESIAN_POINT('',(0.0426453415681038,0.0334102799348858,0.007));
#5887=CARTESIAN_POINT('',(0.0426453415681038,0.0334102799348858,0.006));
#5888=CARTESIAN_POINT('',(0.0426998048143933,0.0335407885731429,0.006));
#5889=CARTESIAN_POINT('',(0.0430170889339068,0.0335852835570509,0.006));
#5890=CARTESIAN_POINT('',(0.0432330920466586,0.0342338624772685,0.006));
#5891=CARTESIAN_POINT('',(0.0446025529833532,0.0322940682359598,0.006));
#5892=CARTESIAN_POINT('',(0.04357041478181,0.0328982315102629,0.006));
#5893=CARTESIAN_POINT('',(0.042796820181552,0.0325469402010962,0.006));
#5894=CARTESIAN_POINT('',(0.0425768303625201,0.0332461085944827,0.006));
#5895=CARTESIAN_POINT('',(0.0426453415681038,0.0334102799348858,0.006));
#5896=CARTESIAN_POINT('',(0.0426453415681038,0.0334102799348858,0.006));
#5897=CARTESIAN_POINT('',(0.0544567115264772,0.0336584082429137,0.006));
#5898=CARTESIAN_POINT('',(0.0443962660030615,0.0314451879197154,0.006));
#5899=CARTESIAN_POINT('',(0.0443962660030615,0.0314451879197154,0.007));
#5900=CARTESIAN_POINT('',(0.0444197337901054,0.0315458597353808,0.006));
#5901=CARTESIAN_POINT('',(0.0444197337901054,0.0315458597353808,0.007));
#5902=CARTESIAN_POINT('',(0.0451980932413705,0.0314389234292919,0.006));
#5903=CARTESIAN_POINT('',(0.0451980932413705,0.0314389234292919,0.007));
#5904=CARTESIAN_POINT('',(0.0452861748511782,0.0321667878050681,0.006));
#5905=CARTESIAN_POINT('',(0.0452861748511782,0.0321667878050681,0.007));
#5906=CARTESIAN_POINT('',(0.046270786620683,0.0322651222564573,0.006));
#5907=CARTESIAN_POINT('',(0.046270786620683,0.0322651222564573,0.007));
#5908=CARTESIAN_POINT('',(0.0458123704043589,0.0313499526952544,0.006));
#5909=CARTESIAN_POINT('',(0.0458123704043589,0.0313499526952544,0.007));
#5910=CARTESIAN_POINT('',(0.0453773080915439,0.030636330324116,0.006));
#5911=CARTESIAN_POINT('',(0.0453773080915439,0.030636330324116,0.007));
#5912=CARTESIAN_POINT('',(0.0443669566197568,0.0313194568983878,0.006));
#5913=CARTESIAN_POINT('',(0.0443669566197568,0.0313194568983878,0.007));
#5914=CARTESIAN_POINT('',(0.0443962660030615,0.0314451879197154,0.006));
#5915=CARTESIAN_POINT('',(0.0443962660030615,0.0314451879197154,0.007));
#5916=CARTESIAN_POINT('',(0.0443962660030615,0.0314451879197154,0.006));
#5917=CARTESIAN_POINT('',(0.0444197337901054,0.0315458597353808,0.006));
#5918=CARTESIAN_POINT('',(0.0451980932413705,0.0314389234292919,0.006));
#5919=CARTESIAN_POINT('',(0.0452861748511782,0.0321667878050681,0.006));
#5920=CARTESIAN_POINT('',(0.046270786620683,0.0322651222564573,0.006));
#5921=CARTESIAN_POINT('',(0.0458123704043589,0.0313499526952544,0.006));
#5922=CARTESIAN_POINT('',(0.0453773080915439,0.030636330324116,0.006));
#5923=CARTESIAN_POINT('',(0.0443669566197568,0.0313194568983878,0.006));
#5924=CARTESIAN_POINT('',(0.0443962660030615,0.0314451879197154,0.006));
#5925=CARTESIAN_POINT('',(0.0443962660030615,0.0314451879197154,0.006));
#5926=CARTESIAN_POINT('',(0.0544567115264772,0.0336584082429137,0.006));
#5927=CARTESIAN_POINT('',(0.0442405009304326,0.0288451901401591,0.006));
#5928=CARTESIAN_POINT('',(0.0442405009304326,0.0288451901401591,0.007));
#5929=CARTESIAN_POINT('',(0.0442904033379153,0.0290820099418738,0.006));
#5930=CARTESIAN_POINT('',(0.0442904033379153,0.0290820099418738,0.007));
#5931=CARTESIAN_POINT('',(0.0450180270061827,0.0294310358228396,0.006));
#5932=CARTESIAN_POINT('',(0.0450180270061827,0.0294310358228396,0.007));
#5933=CARTESIAN_POINT('',(0.045679152800007,0.0300240935104665,0.006));
#5934=CARTESIAN_POINT('',(0.045679152800007,0.0300240935104665,0.007));
#5935=CARTESIAN_POINT('',(0.045786690594422,0.0290860237660789,0.006));
#5936=CARTESIAN_POINT('',(0.045786690594422,0.0290860237660789,0.007));
#5937=CARTESIAN_POINT('',(0.0452630725063039,0.0285499489060407,0.006));
#5938=CARTESIAN_POINT('',(0.0452630725063039,0.0285499489060407,0.007));
#5939=CARTESIAN_POINT('',(0.0445174207784256,0.0282617157192011,0.006));
#5940=CARTESIAN_POINT('',(0.0445174207784256,0.0282617157192011,0.007));
#5941=CARTESIAN_POINT('',(0.0442049417527857,0.0286764384140545,0.006));
#5942=CARTESIAN_POINT('',(0.0442049417527857,0.0286764384140545,0.007));
#5943=CARTESIAN_POINT('',(0.0442405009304326,0.0288451901401591,0.006));
#5944=CARTESIAN_POINT('',(0.0442405009304326,0.0288451901401591,0.007));
#5945=CARTESIAN_POINT('',(0.0442405009304326,0.0288451901401591,0.006));
#5946=CARTESIAN_POINT('',(0.0442904033379153,0.0290820099418738,0.006));
#5947=CARTESIAN_POINT('',(0.0450180270061827,0.0294310358228396,0.006));
#5948=CARTESIAN_POINT('',(0.045679152800007,0.0300240935104665,0.006));
#5949=CARTESIAN_POINT('',(0.045786690594422,0.0290860237660789,0.006));
#5950=CARTESIAN_POINT('',(0.0452630725063039,0.0285499489060407,0.006));
#5951=CARTESIAN_POINT('',(0.0445174207784256,0.0282617157192011,0.006));
#5952=CARTESIAN_POINT('',(0.0442049417527857,0.0286764384140545,0.006));
#5953=CARTESIAN_POINT('',(0.0442405009304326,0.0288451901401591,0.006));
#5954=CARTESIAN_POINT('',(0.0442405009304326,0.0288451901401591,0.006));
#5955=CARTESIAN_POINT('',(0.0544567115264772,0.0336584082429137,0.006));
#5956=CARTESIAN_POINT('',(0.0452123047071507,0.0267124928399616,0.006));
#5957=CARTESIAN_POINT('',(0.0452123047071507,0.0267124928399616,0.007));
#5958=CARTESIAN_POINT('',(0.0452238691080872,0.0269131672830849,0.006));
#5959=CARTESIAN_POINT('',(0.0452238691080872,0.0269131672830849,0.007));
#5960=CARTESIAN_POINT('',(0.0460513753264802,0.0273998253444386,0.006));
#5961=CARTESIAN_POINT('',(0.0460513753264802,0.0273998253444386,0.007));
#5962=CARTESIAN_POINT('',(0.0468508778343529,0.0274495398466104,0.006));
#5963=CARTESIAN_POINT('',(0.0468508778343529,0.0274495398466104,0.007));
#5964=CARTESIAN_POINT('',(0.0469063543575887,0.0266769804242794,0.006));
#5965=CARTESIAN_POINT('',(0.0469063543575887,0.0266769804242794,0.007));
#5966=CARTESIAN_POINT('',(0.0467877886816568,0.0262431905882165,0.006));
#5967=CARTESIAN_POINT('',(0.0467877886816568,0.0262431905882165,0.007));
#5968=CARTESIAN_POINT('',(0.045815243924788,0.0262919476983496,0.006));
#5969=CARTESIAN_POINT('',(0.045815243924788,0.0262919476983496,0.007));
#5970=CARTESIAN_POINT('',(0.0452029339764556,0.0265498846621385,0.006));
#5971=CARTESIAN_POINT('',(0.0452029339764556,0.0265498846621385,0.007));
#5972=CARTESIAN_POINT('',(0.0452123047071507,0.0267124928399616,0.006));
#5973=CARTESIAN_POINT('',(0.0452123047071507,0.0267124928399616,0.007));
#5974=CARTESIAN_POINT('',(0.0452123047071507,0.0267124928399616,0.006));
#5975=CARTESIAN_POINT('',(0.0452238691080872,0.0269131672830849,0.006));
#5976=CARTESIAN_POINT('',(0.0460513753264802,0.0273998253444386,0.006));
#5977=CARTESIAN_POINT('',(0.0468508778343529,0.0274495398466104,0.006));
#5978=CARTESIAN_POINT('',(0.0469063543575887,0.0266769804242794,0.006));
#5979=CARTESIAN_POINT('',(0.0467877886816568,0.0262431905882165,0.006));
#5980=CARTESIAN_POINT('',(0.045815243924788,0.0262919476983496,0.006));
#5981=CARTESIAN_POINT('',(0.0452029339764556,0.0265498846621385,0.006));
#5982=CARTESIAN_POINT('',(0.0452123047071507,0.0267124928399616,0.006));
#5983=CARTESIAN_POINT('',(0.0452123047071507,0.0267124928399616,0.006));
#5984=CARTESIAN_POINT('',(0.0544567115264772,0.0336584082429137,0.006));
#5985=CARTESIAN_POINT('',(0.0468358764782229,0.0342548867013625,0.006));
#5986=CARTESIAN_POINT('',(0.0468358764782229,0.0342548867013625,0.007));
#5987=CARTESIAN_POINT('',(0.0461186295916614,0.0339052553509651,0.006));
#5988=CARTESIAN_POINT('',(0.0461186295916614,0.0339052553509651,0.007));
#5989=CARTESIAN_POINT('',(0.047061983945382,0.0316116103054142,0.006));
#5990=CARTESIAN_POINT('',(0.047061983945382,0.0316116103054142,0.007));
#5991=CARTESIAN_POINT('',(0.0455658164704478,0.0300940864726474,0.006));
#5992=CARTESIAN_POINT('',(0.0455658164704478,0.0300940864726474,0.007));
#5993=CARTESIAN_POINT('',(0.0477313980598594,0.029763582391929,0.006));
#5994=CARTESIAN_POINT('',(0.0477313980598594,0.029763582391929,0.007));
#5995=CARTESIAN_POINT('',(0.0468918617550305,0.0285218830643249,0.006));
#5996=CARTESIAN_POINT('',(0.0468918617550305,0.0285218830643249,0.007));
#5997=CARTESIAN_POINT('',(0.0479159164082368,0.026547578682068,0.006));
#5998=CARTESIAN_POINT('',(0.0479159164082368,0.026547578682068,0.007));
#5999=CARTESIAN_POINT('',(0.0485858122167021,0.0291359792520184,0.006));
#6000=CARTESIAN_POINT('',(0.0485858122167021,0.0291359792520184,0.007));
#6001=CARTESIAN_POINT('',(0.0501552954887376,0.0307101711758132,0.006));
#6002=CARTESIAN_POINT('',(0.0501552954887376,0.0307101711758132,0.007));
#6003=CARTESIAN_POINT('',(0.054106697219869,0.0322108781132419,0.006));
#6004=CARTESIAN_POINT('',(0.054106697219869,0.0322108781132419,0.007));
#6005=CARTESIAN_POINT('',(0.0479009471336803,0.0347740692848124,0.006));
#6006=CARTESIAN_POINT('',(0.0479009471336803,0.0347740692848124,0.007));
#6007=CARTESIAN_POINT('',(0.0468358764782229,0.0342548867013625,0.006));
#6008=CARTESIAN_POINT('',(0.0468358764782229,0.0342548867013625,0.007));
#6009=CARTESIAN_POINT('',(0.0468358764782229,0.0342548867013625,0.006));
#6010=CARTESIAN_POINT('',(0.0461186295916614,0.0339052553509651,0.006));
#6011=CARTESIAN_POINT('',(0.047061983945382,0.0316116103054142,0.006));
#6012=CARTESIAN_POINT('',(0.0455658164704478,0.0300940864726474,0.006));
#6013=CARTESIAN_POINT('',(0.0477313980598594,0.029763582391929,0.006));
#6014=CARTESIAN_POINT('',(0.0468918617550305,0.0285218830643249,0.006));
#6015=CARTESIAN_POINT('',(0.0479159164082368,0.026547578682068,0.006));
#6016=CARTESIAN_POINT('',(0.0485858122167021,0.0291359792520184,0.006));
#6017=CARTESIAN_POINT('',(0.0501552954887376,0.0307101711758132,0.006));
#6018=CARTESIAN_POINT('',(0.054106697219869,0.0322108781132419,0.006));
#6019=CARTESIAN_POINT('',(0.0479009471336803,0.0347740692848124,0.006));
#6020=CARTESIAN_POINT('',(0.0468358764782229,0.0342548867013625,0.006));
#6021=CARTESIAN_POINT('',(0.0468358764782229,0.0342548867013625,0.006));
#6022=CARTESIAN_POINT('',(0.0544567115264772,0.0336584082429137,0.006));
#6023=CARTESIAN_POINT('',(0.0384806784270348,0.029180029216712,0.006));
#6024=CARTESIAN_POINT('',(0.0384806784270348,0.029180029216712,0.007));
#6025=CARTESIAN_POINT('',(0.0392921742397385,0.0296896956622103,0.006));
#6026=CARTESIAN_POINT('',(0.0392921742397385,0.0296896956622103,0.007));
#6027=CARTESIAN_POINT('',(0.0413192654213727,0.0310170066280803,0.006));
#6028=CARTESIAN_POINT('',(0.0413192654213727,0.0310170066280803,0.007));
#6029=CARTESIAN_POINT('',(0.0421353796591556,0.035436497621103,0.006));
#6030=CARTESIAN_POINT('',(0.0421353796591556,0.035436497621103,0.007));
#6031=CARTESIAN_POINT('',(0.0434202733659073,0.0347067417673103,0.006));
#6032=CARTESIAN_POINT('',(0.0434202733659073,0.0347067417673103,0.007));
#6033=CARTESIAN_POINT('',(0.0443731276663945,0.0347164833126213,0.006));
#6034=CARTESIAN_POINT('',(0.0443731276663945,0.0347164833126213,0.007));
#6035=CARTESIAN_POINT('',(0.0435433635935612,0.0370634796535504,0.006));
#6036=CARTESIAN_POINT('',(0.0435433635935612,0.0370634796535504,0.007));
#6037=CARTESIAN_POINT('',(0.0416094733063012,0.0363727201458324,0.006));
#6038=CARTESIAN_POINT('',(0.0416094733063012,0.0363727201458324,0.007));
#6039=CARTESIAN_POINT('',(0.0401111540776074,0.037593609022214,0.006));
#6040=CARTESIAN_POINT('',(0.0401111540776074,0.037593609022214,0.007));
#6041=CARTESIAN_POINT('',(0.03711517477945,0.0348420694898432,0.006));
#6042=CARTESIAN_POINT('',(0.03711517477945,0.0348420694898432,0.007));
#6043=CARTESIAN_POINT('',(0.0361844913648433,0.0317065399312678,0.006));
#6044=CARTESIAN_POINT('',(0.0361844913648433,0.0317065399312678,0.007));
#6045=CARTESIAN_POINT('',(0.037624874667086,0.0305298279099406,0.006));
#6046=CARTESIAN_POINT('',(0.037624874667086,0.0305298279099406,0.007));
#6047=CARTESIAN_POINT('',(0.037150227601305,0.0283627331691192,0.006));
#6048=CARTESIAN_POINT('',(0.037150227601305,0.0283627331691192,0.007));
#6049=CARTESIAN_POINT('',(0.0380229858348299,0.0288925717179199,0.006));
#6050=CARTESIAN_POINT('',(0.0380229858348299,0.0288925717179199,0.007));
#6051=CARTESIAN_POINT('',(0.0384806784270348,0.029180029216712,0.006));
#6052=CARTESIAN_POINT('',(0.0384806784270348,0.029180029216712,0.007));
#6053=CARTESIAN_POINT('',(0.0384806784270348,0.029180029216712,0.006));
#6054=CARTESIAN_POINT('',(0.0392921742397385,0.0296896956622103,0.006));
#6055=CARTESIAN_POINT('',(0.0413192654213727,0.0310170066280803,0.006));
#6056=CARTESIAN_POINT('',(0.0421353796591556,0.035436497621103,0.006));
#6057=CARTESIAN_POINT('',(0.0434202733659073,0.0347067417673103,0.006));
#6058=CARTESIAN_POINT('',(0.0443731276663945,0.0347164833126213,0.006));
#6059=CARTESIAN_POINT('',(0.0435433635935612,0.0370634796535504,0.006));
#6060=CARTESIAN_POINT('',(0.0416094733063012,0.0363727201458324,0.006));
#6061=CARTESIAN_POINT('',(0.0401111540776074,0.037593609022214,0.006));
#6062=CARTESIAN_POINT('',(0.03711517477945,0.0348420694898432,0.006));
#6063=CARTESIAN_POINT('',(0.0361844913648433,0.0317065399312678,0.006));
#6064=CARTESIAN_POINT('',(0.037624874667086,0.0305298279099406,0.006));
#6065=CARTESIAN_POINT('',(0.037150227601305,0.0283627331691192,0.006));
#6066=CARTESIAN_POINT('',(0.0380229858348299,0.0288925717179199,0.006));
#6067=CARTESIAN_POINT('',(0.0384806784270348,0.029180029216712,0.006));
#6068=CARTESIAN_POINT('',(0.0384806784270348,0.029180029216712,0.006));
#6069=CARTESIAN_POINT('',(0.0544567115264772,0.0336584082429137,0.006));
#6070=CARTESIAN_POINT('',(0.0470902509987354,0.0470060184597969,0.006));
#6071=CARTESIAN_POINT('',(0.0470902509987354,0.0470060184597969,0.00699999999999998));
#6072=CARTESIAN_POINT('',(0.0470533466941059,0.0470282115170286,0.006));
#6073=CARTESIAN_POINT('',(0.0470533466941059,0.0470282115170286,0.00699999999999998));
#6074=CARTESIAN_POINT('',(0.0456805493360228,0.0463383030533543,0.006));
#6075=CARTESIAN_POINT('',(0.0456805493360228,0.0463383030533543,0.00699999999999998));
#6076=CARTESIAN_POINT('',(0.0477730039361575,0.0462828102848928,0.006));
#6077=CARTESIAN_POINT('',(0.0477730039361575,0.0462828102848928,0.00699999999999998));
#6078=CARTESIAN_POINT('',(0.0460349871704483,0.0444030408920121,0.006));
#6079=CARTESIAN_POINT('',(0.0460349871704483,0.0444030408920121,0.00699999999999998));
#6080=CARTESIAN_POINT('',(0.0479175639501044,0.0450457343022018,0.006));
#6081=CARTESIAN_POINT('',(0.0479175639501044,0.0450457343022018,0.00699999999999998));
#6082=CARTESIAN_POINT('',(0.0469935208457167,0.0430732970954028,0.006));
#6083=CARTESIAN_POINT('',(0.0469935208457167,0.0430732970954028,0.00699999999999998));
#6084=CARTESIAN_POINT('',(0.0486118401162225,0.0436637842534183,0.006));
#6085=CARTESIAN_POINT('',(0.0486118401162225,0.0436637842534183,0.00699999999999998));
#6086=CARTESIAN_POINT('',(0.0475775722337003,0.0420112052160989,0.006));
#6087=CARTESIAN_POINT('',(0.0475775722337003,0.0420112052160989,0.00699999999999998));
#6088=CARTESIAN_POINT('',(0.0501113060455668,0.0430557041733692,0.006));
#6089=CARTESIAN_POINT('',(0.0501113060455668,0.0430557041733692,0.00699999999999998));
#6090=CARTESIAN_POINT('',(0.0491253684606434,0.0411421959080884,0.006));
#6091=CARTESIAN_POINT('',(0.0491253684606434,0.0411421959080884,0.00699999999999998));
#6092=CARTESIAN_POINT('',(0.0510506854298116,0.0417852480493163,0.006));
#6093=CARTESIAN_POINT('',(0.0510506854298116,0.0417852480493163,0.00699999999999998));
#6094=CARTESIAN_POINT('',(0.0511878085785611,0.040092876075667,0.006));
#6095=CARTESIAN_POINT('',(0.0511878085785611,0.040092876075667,0.00699999999999998));
#6096=CARTESIAN_POINT('',(0.0525254196499363,0.0410679453661098,0.006));
#6097=CARTESIAN_POINT('',(0.0525254196499363,0.0410679453661098,0.00699999999999998));
#6098=CARTESIAN_POINT('',(0.0528267769407485,0.0396332327647369,0.006));
#6099=CARTESIAN_POINT('',(0.0528267769407485,0.0396332327647369,0.00699999999999998));
#6100=CARTESIAN_POINT('',(0.0540148587085505,0.0409026288385224,0.006));
#6101=CARTESIAN_POINT('',(0.0540148587085505,0.0409026288385224,0.00699999999999998));
#6102=CARTESIAN_POINT('',(0.0542506860250625,0.0395223620852309,0.006));
#6103=CARTESIAN_POINT('',(0.0542506860250625,0.0395223620852309,0.00699999999999998));
#6104=CARTESIAN_POINT('',(0.0555549986472127,0.0409523891140499,0.006));
#6105=CARTESIAN_POINT('',(0.0555549986472127,0.0409523891140499,0.00699999999999998));
#6106=CARTESIAN_POINT('',(0.0556452187473982,0.0391702953418653,0.006));
#6107=CARTESIAN_POINT('',(0.0556452187473982,0.0391702953418653,0.00699999999999998));
#6108=CARTESIAN_POINT('',(0.0575634066998127,0.0412126481334938,0.006));
#6109=CARTESIAN_POINT('',(0.0575634066998127,0.0412126481334938,0.00699999999999998));
#6110=CARTESIAN_POINT('',(0.0585917950150144,0.0387318638474053,0.006));
#6111=CARTESIAN_POINT('',(0.0585917950150144,0.0387318638474053,0.00699999999999998));
#6112=CARTESIAN_POINT('',(0.058861130038099,0.0422572792662331,0.006));
#6113=CARTESIAN_POINT('',(0.058861130038099,0.0422572792662331,0.00699999999999998));
#6114=CARTESIAN_POINT('',(0.0606866592106123,0.0406284054315661,0.006));
#6115=CARTESIAN_POINT('',(0.0606866592106123,0.0406284054315661,0.00699999999999998));
#6116=CARTESIAN_POINT('',(0.0596370623289701,0.042610748105025,0.006));
#6117=CARTESIAN_POINT('',(0.0596370623289701,0.042610748105025,0.00699999999999998));
#6118=CARTESIAN_POINT('',(0.0612893019191332,0.0419709850363459,0.006));
#6119=CARTESIAN_POINT('',(0.0612893019191332,0.0419709850363459,0.00699999999999998));
#6120=CARTESIAN_POINT('',(0.0608893340787555,0.0432110466664491,0.006));
#6121=CARTESIAN_POINT('',(0.0608893340787555,0.0432110466664491,0.00699999999999998));
#6122=CARTESIAN_POINT('',(0.062371240909952,0.0431105755867372,0.006));
#6123=CARTESIAN_POINT('',(0.062371240909952,0.0431105755867372,0.00699999999999998));
#6124=CARTESIAN_POINT('',(0.0618751021772997,0.0441341470129007,0.006));
#6125=CARTESIAN_POINT('',(0.0618751021772997,0.0441341470129007,0.00699999999999998));
#6126=CARTESIAN_POINT('',(0.0626873540957342,0.0443340402712987,0.006));
#6127=CARTESIAN_POINT('',(0.0626873540957342,0.0443340402712987,0.00699999999999998));
#6128=CARTESIAN_POINT('',(0.0633684755527363,0.0445289833798855,0.006));
#6129=CARTESIAN_POINT('',(0.0633684755527363,0.0445289833798855,0.00699999999999998));
#6130=CARTESIAN_POINT('',(0.0625777907875765,0.0454944070474517,0.006));
#6131=CARTESIAN_POINT('',(0.0625777907875765,0.0454944070474517,0.00699999999999998));
#6132=CARTESIAN_POINT('',(0.0644643436264107,0.0458215425370605,0.006));
#6133=CARTESIAN_POINT('',(0.0644643436264107,0.0458215425370605,0.00699999999999998));
#6134=CARTESIAN_POINT('',(0.0631083693423409,0.0470083661404713,0.006));
#6135=CARTESIAN_POINT('',(0.0631083693423409,0.0470083661404713,0.00699999999999998));
#6136=CARTESIAN_POINT('',(0.0645457417708388,0.0471409001263583,0.006));
#6137=CARTESIAN_POINT('',(0.0645457417708388,0.0471409001263583,0.00699999999999998));
#6138=CARTESIAN_POINT('',(0.0645659860977639,0.0476689255356646,0.006));
#6139=CARTESIAN_POINT('',(0.0645659860977639,0.0476689255356646,0.00699999999999998));
#6140=CARTESIAN_POINT('',(0.0636504777848902,0.0473709536406157,0.006));
#6141=CARTESIAN_POINT('',(0.0636504777848902,0.0473709536406157,0.00699999999999998));
#6142=CARTESIAN_POINT('',(0.0630004796878613,0.0473539405341766,0.006));
#6143=CARTESIAN_POINT('',(0.0630004796878613,0.0473539405341766,0.00699999999999998));
#6144=CARTESIAN_POINT('',(0.0633665978707967,0.0466098473583307,0.006));
#6145=CARTESIAN_POINT('',(0.0633665978707967,0.0466098473583307,0.00699999999999998));
#6146=CARTESIAN_POINT('',(0.0634656362135384,0.0461090760478043,0.006));
#6147=CARTESIAN_POINT('',(0.0634656362135384,0.0461090760478043,0.00699999999999998));
#6148=CARTESIAN_POINT('',(0.0620978665016687,0.046152493600356,0.006));
#6149=CARTESIAN_POINT('',(0.0620978665016687,0.046152493600356,0.00699999999999998));
#6150=CARTESIAN_POINT('',(0.0631744928666529,0.0447244205595232,0.006));
#6151=CARTESIAN_POINT('',(0.0631744928666529,0.0447244205595232,0.00699999999999998));
#6152=CARTESIAN_POINT('',(0.0612072199399777,0.0448651291162701,0.006));
#6153=CARTESIAN_POINT('',(0.0612072199399777,0.0448651291162701,0.00699999999999998));
#6154=CARTESIAN_POINT('',(0.0619188320063631,0.0434996977699742,0.006));
#6155=CARTESIAN_POINT('',(0.0619188320063631,0.0434996977699742,0.00699999999999998));
#6156=CARTESIAN_POINT('',(0.0599984344487639,0.0428646651527652,0.006));
#6157=CARTESIAN_POINT('',(0.0599984344487639,0.0428646651527652,0.00699999999999998));
#6158=CARTESIAN_POINT('',(0.0598274395125017,0.041662774813652,0.006));
#6159=CARTESIAN_POINT('',(0.0598274395125017,0.041662774813652,0.00699999999999998));
#6160=CARTESIAN_POINT('',(0.0588612784467519,0.0420112528769357,0.006));
#6161=CARTESIAN_POINT('',(0.0588612784467519,0.0420112528769357,0.00699999999999998));
#6162=CARTESIAN_POINT('',(0.0584096613987296,0.039807237314864,0.006));
#6163=CARTESIAN_POINT('',(0.0584096613987296,0.039807237314864,0.00699999999999998));
#6164=CARTESIAN_POINT('',(0.0576309959898517,0.0410757867568992,0.006));
#6165=CARTESIAN_POINT('',(0.0576309959898517,0.0410757867568992,0.00699999999999998));
#6166=CARTESIAN_POINT('',(0.057514641654648,0.0404677991848842,0.006));
#6167=CARTESIAN_POINT('',(0.057514641654648,0.0404677991848842,0.00699999999999998));
#6168=CARTESIAN_POINT('',(0.0567873411405436,0.0408733632741307,0.006));
#6169=CARTESIAN_POINT('',(0.0567873411405436,0.0408733632741307,0.00699999999999998));
#6170=CARTESIAN_POINT('',(0.0561720536312842,0.039956132730336,0.006));
#6171=CARTESIAN_POINT('',(0.0561720536312842,0.039956132730336,0.00699999999999998));
#6172=CARTESIAN_POINT('',(0.0555661922004326,0.0409142010100643,0.006));
#6173=CARTESIAN_POINT('',(0.0555661922004326,0.0409142010100643,0.00699999999999998));
#6174=CARTESIAN_POINT('',(0.0546814016339829,0.0402385349517446,0.006));
#6175=CARTESIAN_POINT('',(0.0546814016339829,0.0402385349517446,0.00699999999999998));
#6176=CARTESIAN_POINT('',(0.0538955386063012,0.0411422515053552,0.006));
#6177=CARTESIAN_POINT('',(0.0538955386063012,0.0411422515053552,0.00699999999999998));
#6178=CARTESIAN_POINT('',(0.0530745539680727,0.0400292050262651,0.006));
#6179=CARTESIAN_POINT('',(0.0530745539680727,0.0400292050262651,0.00699999999999998));
#6180=CARTESIAN_POINT('',(0.0530758798004107,0.0419254191214168,0.006));
#6181=CARTESIAN_POINT('',(0.0530758798004107,0.0419254191214168,0.00699999999999998));
#6182=CARTESIAN_POINT('',(0.0515609069099213,0.0404125810059843,0.006));
#6183=CARTESIAN_POINT('',(0.0515609069099213,0.0404125810059843,0.00699999999999998));
#6184=CARTESIAN_POINT('',(0.0510811399999649,0.0427897064415422,0.006));
#6185=CARTESIAN_POINT('',(0.0510811399999649,0.0427897064415422,0.00699999999999998));
#6186=CARTESIAN_POINT('',(0.0497246783238303,0.0412153451821256,0.006));
#6187=CARTESIAN_POINT('',(0.0497246783238303,0.0412153451821256,0.00699999999999998));
#6188=CARTESIAN_POINT('',(0.0504511499517143,0.0435160891531146,0.006));
#6189=CARTESIAN_POINT('',(0.0504511499517143,0.0435160891531146,0.00699999999999998));
#6190=CARTESIAN_POINT('',(0.0482824979288452,0.0425266040860158,0.006));
#6191=CARTESIAN_POINT('',(0.0482824979288452,0.0425266040860158,0.00699999999999998));
#6192=CARTESIAN_POINT('',(0.0493601490919438,0.0443197384563755,0.006));
#6193=CARTESIAN_POINT('',(0.0493601490919438,0.0443197384563755,0.00699999999999998));
#6194=CARTESIAN_POINT('',(0.0476967781038205,0.0433714098897742,0.006));
#6195=CARTESIAN_POINT('',(0.0476967781038205,0.0433714098897742,0.00699999999999998));
#6196=CARTESIAN_POINT('',(0.0488552694628794,0.045032108238119,0.006));
#6197=CARTESIAN_POINT('',(0.0488552694628794,0.045032108238119,0.00699999999999998));
#6198=CARTESIAN_POINT('',(0.0468674099866151,0.0449442272540837,0.006));
#6199=CARTESIAN_POINT('',(0.0468674099866151,0.0449442272540837,0.00699999999999998));
#6200=CARTESIAN_POINT('',(0.0485645219315011,0.0463669788775499,0.006));
#6201=CARTESIAN_POINT('',(0.0485645219315011,0.0463669788775499,0.00699999999999998));
#6202=CARTESIAN_POINT('',(0.0465186340170448,0.0465843252970579,0.006));
#6203=CARTESIAN_POINT('',(0.0465186340170448,0.0465843252970579,0.00699999999999998));
#6204=CARTESIAN_POINT('',(0.0471119978608516,0.0469929405990867,0.006));
#6205=CARTESIAN_POINT('',(0.0471119978608516,0.0469929405990867,0.00699999999999998));
#6206=CARTESIAN_POINT('',(0.0470902509987354,0.0470060184597969,0.006));
#6207=CARTESIAN_POINT('',(0.0470902509987354,0.0470060184597969,0.00699999999999998));
#6208=CARTESIAN_POINT('',(0.0470902509987354,0.0470060184597969,0.006));
#6209=CARTESIAN_POINT('',(0.0470533466941059,0.0470282115170286,0.006));
#6210=CARTESIAN_POINT('',(0.0456805493360228,0.0463383030533543,0.006));
#6211=CARTESIAN_POINT('',(0.0477730039361575,0.0462828102848928,0.006));
#6212=CARTESIAN_POINT('',(0.0460349871704483,0.0444030408920121,0.006));
#6213=CARTESIAN_POINT('',(0.0479175639501044,0.0450457343022018,0.006));
#6214=CARTESIAN_POINT('',(0.0469935208457167,0.0430732970954028,0.006));
#6215=CARTESIAN_POINT('',(0.0486118401162225,0.0436637842534183,0.006));
#6216=CARTESIAN_POINT('',(0.0475775722337003,0.0420112052160989,0.006));
#6217=CARTESIAN_POINT('',(0.0501113060455668,0.0430557041733692,0.006));
#6218=CARTESIAN_POINT('',(0.0491253684606434,0.0411421959080884,0.006));
#6219=CARTESIAN_POINT('',(0.0510506854298116,0.0417852480493163,0.006));
#6220=CARTESIAN_POINT('',(0.0511878085785611,0.040092876075667,0.006));
#6221=CARTESIAN_POINT('',(0.0525254196499363,0.0410679453661098,0.006));
#6222=CARTESIAN_POINT('',(0.0528267769407485,0.0396332327647369,0.006));
#6223=CARTESIAN_POINT('',(0.0540148587085505,0.0409026288385224,0.006));
#6224=CARTESIAN_POINT('',(0.0542506860250625,0.0395223620852309,0.006));
#6225=CARTESIAN_POINT('',(0.0555549986472127,0.0409523891140499,0.006));
#6226=CARTESIAN_POINT('',(0.0556452187473982,0.0391702953418653,0.006));
#6227=CARTESIAN_POINT('',(0.0575634066998127,0.0412126481334938,0.006));
#6228=CARTESIAN_POINT('',(0.0585917950150144,0.0387318638474053,0.006));
#6229=CARTESIAN_POINT('',(0.058861130038099,0.0422572792662331,0.006));
#6230=CARTESIAN_POINT('',(0.0606866592106123,0.0406284054315661,0.006));
#6231=CARTESIAN_POINT('',(0.0596370623289701,0.042610748105025,0.006));
#6232=CARTESIAN_POINT('',(0.0612893019191332,0.0419709850363459,0.006));
#6233=CARTESIAN_POINT('',(0.0608893340787555,0.0432110466664491,0.006));
#6234=CARTESIAN_POINT('',(0.062371240909952,0.0431105755867372,0.006));
#6235=CARTESIAN_POINT('',(0.0618751021772997,0.0441341470129007,0.006));
#6236=CARTESIAN_POINT('',(0.0626873540957342,0.0443340402712987,0.006));
#6237=CARTESIAN_POINT('',(0.0633684755527363,0.0445289833798855,0.006));
#6238=CARTESIAN_POINT('',(0.0625777907875765,0.0454944070474517,0.006));
#6239=CARTESIAN_POINT('',(0.0644643436264107,0.0458215425370605,0.006));
#6240=CARTESIAN_POINT('',(0.0631083693423409,0.0470083661404713,0.006));
#6241=CARTESIAN_POINT('',(0.0645457417708388,0.0471409001263583,0.006));
#6242=CARTESIAN_POINT('',(0.0645659860977639,0.0476689255356646,0.006));
#6243=CARTESIAN_POINT('',(0.0636504777848902,0.0473709536406157,0.006));
#6244=CARTESIAN_POINT('',(0.0630004796878613,0.0473539405341766,0.006));
#6245=CARTESIAN_POINT('',(0.0633665978707967,0.0466098473583307,0.006));
#6246=CARTESIAN_POINT('',(0.0634656362135384,0.0461090760478043,0.006));
#6247=CARTESIAN_POINT('',(0.0620978665016687,0.046152493600356,0.006));
#6248=CARTESIAN_POINT('',(0.0631744928666529,0.0447244205595232,0.006));
#6249=CARTESIAN_POINT('',(0.0612072199399777,0.0448651291162701,0.006));
#6250=CARTESIAN_POINT('',(0.0619188320063631,0.0434996977699742,0.006));
#6251=CARTESIAN_POINT('',(0.0599984344487639,0.0428646651527652,0.006));
#6252=CARTESIAN_POINT('',(0.0598274395125017,0.041662774813652,0.006));
#6253=CARTESIAN_POINT('',(0.0588612784467519,0.0420112528769357,0.006));
#6254=CARTESIAN_POINT('',(0.0584096613987296,0.039807237314864,0.006));
#6255=CARTESIAN_POINT('',(0.0576309959898517,0.0410757867568992,0.006));
#6256=CARTESIAN_POINT('',(0.057514641654648,0.0404677991848842,0.006));
#6257=CARTESIAN_POINT('',(0.0567873411405436,0.0408733632741307,0.006));
#6258=CARTESIAN_POINT('',(0.0561720536312842,0.039956132730336,0.006));
#6259=CARTESIAN_POINT('',(0.0555661922004326,0.0409142010100643,0.006));
#6260=CARTESIAN_POINT('',(0.0546814016339829,0.0402385349517446,0.006));
#6261=CARTESIAN_POINT('',(0.0538955386063012,0.0411422515053552,0.006));
#6262=CARTESIAN_POINT('',(0.0530745539680727,0.0400292050262651,0.006));
#6263=CARTESIAN_POINT('',(0.0530758798004107,0.0419254191214168,0.006));
#6264=CARTESIAN_POINT('',(0.0515609069099213,0.0404125810059843,0.006));
#6265=CARTESIAN_POINT('',(0.0510811399999649,0.0427897064415422,0.006));
#6266=CARTESIAN_POINT('',(0.0497246783238303,0.0412153451821256,0.006));
#6267=CARTESIAN_POINT('',(0.0504511499517143,0.0435160891531146,0.006));
#6268=CARTESIAN_POINT('',(0.0482824979288452,0.0425266040860158,0.006));
#6269=CARTESIAN_POINT('',(0.0493601490919438,0.0443197384563755,0.006));
#6270=CARTESIAN_POINT('',(0.0476967781038205,0.0433714098897742,0.006));
#6271=CARTESIAN_POINT('',(0.0488552694628794,0.045032108238119,0.006));
#6272=CARTESIAN_POINT('',(0.0468674099866151,0.0449442272540837,0.006));
#6273=CARTESIAN_POINT('',(0.0485645219315011,0.0463669788775499,0.006));
#6274=CARTESIAN_POINT('',(0.0465186340170448,0.0465843252970579,0.006));
#6275=CARTESIAN_POINT('',(0.0471119978608516,0.0469929405990867,0.006));
#6276=CARTESIAN_POINT('',(0.0470902509987354,0.0470060184597969,0.006));
#6277=CARTESIAN_POINT('',(0.0470902509987354,0.0470060184597969,0.006));
#6278=CARTESIAN_POINT('',(0.0544567115264772,0.0336584082429137,0.006));
#6279=CARTESIAN_POINT('',(0.0615220597805751,0.0485412920507825,0.006));
#6280=CARTESIAN_POINT('',(0.0615220597805751,0.0485412920507825,0.007));
#6281=CARTESIAN_POINT('',(0.0616653176568037,0.0487435838440837,0.006));
#6282=CARTESIAN_POINT('',(0.0616653176568037,0.0487435838440837,0.007));
#6283=CARTESIAN_POINT('',(0.0632669495213994,0.0491436164038733,0.006));
#6284=CARTESIAN_POINT('',(0.0632669495213994,0.0491436164038733,0.007));
#6285=CARTESIAN_POINT('',(0.0632677454956338,0.0484400940263353,0.006));
#6286=CARTESIAN_POINT('',(0.0632677454956338,0.0484400940263353,0.007));
#6287=CARTESIAN_POINT('',(0.061914621209059,0.0482162855974373,0.006));
#6288=CARTESIAN_POINT('',(0.061914621209059,0.0482162855974373,0.007));
#6289=CARTESIAN_POINT('',(0.0614530384376517,0.0484438282909976,0.006));
#6290=CARTESIAN_POINT('',(0.0614530384376517,0.0484438282909976,0.007));
#6291=CARTESIAN_POINT('',(0.0615220597805751,0.0485412920507825,0.006));
#6292=CARTESIAN_POINT('',(0.0615220597805751,0.0485412920507825,0.007));
#6293=CARTESIAN_POINT('',(0.0615220597805751,0.0485412920507825,0.006));
#6294=CARTESIAN_POINT('',(0.0616653176568037,0.0487435838440837,0.006));
#6295=CARTESIAN_POINT('',(0.0632669495213994,0.0491436164038733,0.006));
#6296=CARTESIAN_POINT('',(0.0632677454956338,0.0484400940263353,0.006));
#6297=CARTESIAN_POINT('',(0.061914621209059,0.0482162855974373,0.006));
#6298=CARTESIAN_POINT('',(0.0614530384376517,0.0484438282909976,0.006));
#6299=CARTESIAN_POINT('',(0.0615220597805751,0.0485412920507825,0.006));
#6300=CARTESIAN_POINT('',(0.0615220597805751,0.0485412920507825,0.006));
#6301=CARTESIAN_POINT('',(0.0544567115264772,0.0336584082429137,0.006));
#6302=CARTESIAN_POINT('',(0.0498956060950976,0.0453406948833417,0.006));
#6303=CARTESIAN_POINT('',(0.0498956060950976,0.0453406948833417,0.007));
#6304=CARTESIAN_POINT('',(0.0497458620322189,0.0453105782495561,0.006));
#6305=CARTESIAN_POINT('',(0.0497458620322189,0.0453105782495561,0.007));
#6306=CARTESIAN_POINT('',(0.0492880391209221,0.0451259298446877,0.006));
#6307=CARTESIAN_POINT('',(0.0492880391209221,0.0451259298446877,0.007));
#6308=CARTESIAN_POINT('',(0.0497216476293844,0.0447448811748188,0.006));
#6309=CARTESIAN_POINT('',(0.0497216476293844,0.0447448811748188,0.007));
#6310=CARTESIAN_POINT('',(0.0500493513339478,0.0451607968273219,0.006));
#6311=CARTESIAN_POINT('',(0.0500493513339478,0.0451607968273219,0.007));
#6312=CARTESIAN_POINT('',(0.0501218274029485,0.0450214835155151,0.006));
#6313=CARTESIAN_POINT('',(0.0501218274029485,0.0450214835155151,0.007));
#6314=CARTESIAN_POINT('',(0.050092434373176,0.0453408995015145,0.006));
#6315=CARTESIAN_POINT('',(0.050092434373176,0.0453408995015145,0.007));
#6316=CARTESIAN_POINT('',(0.049985744837173,0.0453588236520742,0.006));
#6317=CARTESIAN_POINT('',(0.049985744837173,0.0453588236520742,0.007));
#6318=CARTESIAN_POINT('',(0.0498956060950976,0.0453406948833417,0.006));
#6319=CARTESIAN_POINT('',(0.0498956060950976,0.0453406948833417,0.007));
#6320=CARTESIAN_POINT('',(0.0498956060950976,0.0453406948833417,0.006));
#6321=CARTESIAN_POINT('',(0.0497458620322189,0.0453105782495561,0.006));
#6322=CARTESIAN_POINT('',(0.0492880391209221,0.0451259298446877,0.006));
#6323=CARTESIAN_POINT('',(0.0497216476293844,0.0447448811748188,0.006));
#6324=CARTESIAN_POINT('',(0.0500493513339478,0.0451607968273219,0.006));
#6325=CARTESIAN_POINT('',(0.0501218274029485,0.0450214835155151,0.006));
#6326=CARTESIAN_POINT('',(0.050092434373176,0.0453408995015145,0.006));
#6327=CARTESIAN_POINT('',(0.049985744837173,0.0453588236520742,0.006));
#6328=CARTESIAN_POINT('',(0.0498956060950976,0.0453406948833417,0.006));
#6329=CARTESIAN_POINT('',(0.0498956060950976,0.0453406948833417,0.006));
#6330=CARTESIAN_POINT('',(0.0544567115264772,0.0336584082429137,0.006));
#6331=CARTESIAN_POINT('',(0.0498653594500811,0.0465837692232096,0.006));
#6332=CARTESIAN_POINT('',(0.0498653594500811,0.0465837692232096,0.007));
#6333=CARTESIAN_POINT('',(0.0497612428627249,0.0467366304913092,0.006));
#6334=CARTESIAN_POINT('',(0.0497612428627249,0.0467366304913092,0.007));
#6335=CARTESIAN_POINT('',(0.0486176983562136,0.04646063089784,0.006));
#6336=CARTESIAN_POINT('',(0.0486176983562136,0.04646063089784,0.007));
#6337=CARTESIAN_POINT('',(0.0486803814532939,0.0462191176880532,0.006));
#6338=CARTESIAN_POINT('',(0.0486803814532939,0.0462191176880532,0.007));
#6339=CARTESIAN_POINT('',(0.0488967670471104,0.0460020716326301,0.006));
#6340=CARTESIAN_POINT('',(0.0488967670471104,0.0460020716326301,0.007));
#6341=CARTESIAN_POINT('',(0.0498279607482477,0.0462908669113567,0.006));
#6342=CARTESIAN_POINT('',(0.0498279607482477,0.0462908669113567,0.007));
#6343=CARTESIAN_POINT('',(0.0497620385432437,0.0463124327995192,0.006));
#6344=CARTESIAN_POINT('',(0.0497620385432437,0.0463124327995192,0.007));
#6345=CARTESIAN_POINT('',(0.049916821604962,0.0465082138246513,0.006));
#6346=CARTESIAN_POINT('',(0.049916821604962,0.0465082138246513,0.007));
#6347=CARTESIAN_POINT('',(0.0498653594500811,0.0465837692232096,0.006));
#6348=CARTESIAN_POINT('',(0.0498653594500811,0.0465837692232096,0.007));
#6349=CARTESIAN_POINT('',(0.0498653594500811,0.0465837692232096,0.006));
#6350=CARTESIAN_POINT('',(0.0497612428627249,0.0467366304913092,0.006));
#6351=CARTESIAN_POINT('',(0.0486176983562136,0.04646063089784,0.006));
#6352=CARTESIAN_POINT('',(0.0486803814532939,0.0462191176880532,0.006));
#6353=CARTESIAN_POINT('',(0.0488967670471104,0.0460020716326301,0.006));
#6354=CARTESIAN_POINT('',(0.0498279607482477,0.0462908669113567,0.006));
#6355=CARTESIAN_POINT('',(0.0497620385432437,0.0463124327995192,0.006));
#6356=CARTESIAN_POINT('',(0.049916821604962,0.0465082138246513,0.006));
#6357=CARTESIAN_POINT('',(0.0498653594500811,0.0465837692232096,0.006));
#6358=CARTESIAN_POINT('',(0.0498653594500811,0.0465837692232096,0.006));
#6359=CARTESIAN_POINT('',(0.0544567115264772,0.0336584082429137,0.006));
#6360=CARTESIAN_POINT('',(0.0544481103503481,0.049640334102492,0.006));
#6361=CARTESIAN_POINT('',(0.0544481103503481,0.049640334102492,0.007));
#6362=CARTESIAN_POINT('',(0.0546261845123573,0.0496044270595466,0.006));
#6363=CARTESIAN_POINT('',(0.0546261845123573,0.0496044270595466,0.007));
#6364=CARTESIAN_POINT('',(0.0553123272931017,0.0490603035435593,0.006));
#6365=CARTESIAN_POINT('',(0.0553123272931017,0.0490603035435593,0.007));
#6366=CARTESIAN_POINT('',(0.0564489048841253,0.050690263898088,0.006));
#6367=CARTESIAN_POINT('',(0.0564489048841253,0.050690263898088,0.007));
#6368=CARTESIAN_POINT('',(0.056042789794815,0.048992775360096,0.006));
#6369=CARTESIAN_POINT('',(0.056042789794815,0.048992775360096,0.007));
#6370=CARTESIAN_POINT('',(0.0568099712310448,0.0485197460880186,0.006));
#6371=CARTESIAN_POINT('',(0.0568099712310448,0.0485197460880186,0.007));
#6372=CARTESIAN_POINT('',(0.057227829662954,0.0479122492536368,0.006));
#6373=CARTESIAN_POINT('',(0.057227829662954,0.0479122492536368,0.007));
#6374=CARTESIAN_POINT('',(0.0554078213135459,0.0484183986491492,0.006));
#6375=CARTESIAN_POINT('',(0.0554078213135459,0.0484183986491492,0.007));
#6376=CARTESIAN_POINT('',(0.0551186397464175,0.0480254791964123,0.006));
#6377=CARTESIAN_POINT('',(0.0551186397464175,0.0480254791964123,0.007));
#6378=CARTESIAN_POINT('',(0.0542577551297588,0.0480967289522281,0.006));
#6379=CARTESIAN_POINT('',(0.0542577551297588,0.0480967289522281,0.007));
#6380=CARTESIAN_POINT('',(0.0542494164863206,0.0482021919254901,0.006));
#6381=CARTESIAN_POINT('',(0.0542494164863206,0.0482021919254901,0.007));
#6382=CARTESIAN_POINT('',(0.0537957780697282,0.0484690168704557,0.006));
#6383=CARTESIAN_POINT('',(0.0537957780697282,0.0484690168704557,0.007));
#6384=CARTESIAN_POINT('',(0.0551587042330749,0.0487625066842607,0.006));
#6385=CARTESIAN_POINT('',(0.0551587042330749,0.0487625066842607,0.007));
#6386=CARTESIAN_POINT('',(0.0542144474800765,0.0495949012284153,0.006));
#6387=CARTESIAN_POINT('',(0.0542144474800765,0.0495949012284153,0.007));
#6388=CARTESIAN_POINT('',(0.0543824202404602,0.0496535799185622,0.006));
#6389=CARTESIAN_POINT('',(0.0543824202404602,0.0496535799185622,0.007));
#6390=CARTESIAN_POINT('',(0.0544481103503481,0.049640334102492,0.006));
#6391=CARTESIAN_POINT('',(0.0544481103503481,0.049640334102492,0.007));
#6392=CARTESIAN_POINT('',(0.0544481103503481,0.049640334102492,0.006));
#6393=CARTESIAN_POINT('',(0.0546261845123573,0.0496044270595466,0.006));
#6394=CARTESIAN_POINT('',(0.0553123272931017,0.0490603035435593,0.006));
#6395=CARTESIAN_POINT('',(0.0564489048841253,0.050690263898088,0.006));
#6396=CARTESIAN_POINT('',(0.056042789794815,0.048992775360096,0.006));
#6397=CARTESIAN_POINT('',(0.0568099712310448,0.0485197460880186,0.006));
#6398=CARTESIAN_POINT('',(0.057227829662954,0.0479122492536368,0.006));
#6399=CARTESIAN_POINT('',(0.0554078213135459,0.0484183986491492,0.006));
#6400=CARTESIAN_POINT('',(0.0551186397464175,0.0480254791964123,0.006));
#6401=CARTESIAN_POINT('',(0.0542577551297588,0.0480967289522281,0.006));
#6402=CARTESIAN_POINT('',(0.0542494164863206,0.0482021919254901,0.006));
#6403=CARTESIAN_POINT('',(0.0537957780697282,0.0484690168704557,0.006));
#6404=CARTESIAN_POINT('',(0.0551587042330749,0.0487625066842607,0.006));
#6405=CARTESIAN_POINT('',(0.0542144474800765,0.0495949012284153,0.006));
#6406=CARTESIAN_POINT('',(0.0543824202404602,0.0496535799185622,0.006));
#6407=CARTESIAN_POINT('',(0.0544481103503481,0.049640334102492,0.006));
#6408=CARTESIAN_POINT('',(0.0544481103503481,0.049640334102492,0.006));
#6409=CARTESIAN_POINT('',(0.0544567115264772,0.0336584082429137,0.006));
#6410=CARTESIAN_POINT('',(0.069527879357338,0.0211091600358486,0.006));
#6411=CARTESIAN_POINT('',(0.069527879357338,0.0211091600358486,0.007));
#6412=CARTESIAN_POINT('',(0.0696957731404882,0.0213031976120631,0.006));
#6413=CARTESIAN_POINT('',(0.0696957731404882,0.0213031976120631,0.007));
#6414=CARTESIAN_POINT('',(0.0703488078144869,0.0214040153637676,0.006));
#6415=CARTESIAN_POINT('',(0.0703488078144869,0.0214040153637676,0.007));
#6416=CARTESIAN_POINT('',(0.0702863350158556,0.0211310136179704,0.006));
#6417=CARTESIAN_POINT('',(0.0702863350158556,0.0211310136179704,0.007));
#6418=CARTESIAN_POINT('',(0.0702234049708047,0.0207401047455955,0.006));
#6419=CARTESIAN_POINT('',(0.0702234049708047,0.0207401047455955,0.007));
#6420=CARTESIAN_POINT('',(0.0694788737273908,0.020480750276409,0.006));
#6421=CARTESIAN_POINT('',(0.0694788737273908,0.020480750276409,0.007));
#6422=CARTESIAN_POINT('',(0.0693981735133564,0.0209592568821117,0.006));
#6423=CARTESIAN_POINT('',(0.0693981735133564,0.0209592568821117,0.007));
#6424=CARTESIAN_POINT('',(0.069527879357338,0.0211091600358486,0.006));
#6425=CARTESIAN_POINT('',(0.069527879357338,0.0211091600358486,0.007));
#6426=CARTESIAN_POINT('',(0.069527879357338,0.0211091600358486,0.006));
#6427=CARTESIAN_POINT('',(0.0696957731404882,0.0213031976120631,0.006));
#6428=CARTESIAN_POINT('',(0.0703488078144869,0.0214040153637676,0.006));
#6429=CARTESIAN_POINT('',(0.0702863350158556,0.0211310136179704,0.006));
#6430=CARTESIAN_POINT('',(0.0702234049708047,0.0207401047455955,0.006));
#6431=CARTESIAN_POINT('',(0.0694788737273908,0.020480750276409,0.006));
#6432=CARTESIAN_POINT('',(0.0693981735133564,0.0209592568821117,0.006));
#6433=CARTESIAN_POINT('',(0.069527879357338,0.0211091600358486,0.006));
#6434=CARTESIAN_POINT('',(0.069527879357338,0.0211091600358486,0.006));
#6435=CARTESIAN_POINT('',(0.0544567115264772,0.0336584082429137,0.006));
#6436=CARTESIAN_POINT('',(0.067585788667202,0.0201593767851591,0.006));
#6437=CARTESIAN_POINT('',(0.067585788667202,0.0201593767851591,0.007));
#6438=CARTESIAN_POINT('',(0.067671134415806,0.0204734996709075,0.006));
#6439=CARTESIAN_POINT('',(0.067671134415806,0.0204734996709075,0.007));
#6440=CARTESIAN_POINT('',(0.0686651469459536,0.0213186594817452,0.006));
#6441=CARTESIAN_POINT('',(0.0686651469459536,0.0213186594817452,0.007));
#6442=CARTESIAN_POINT('',(0.0691792421262601,0.0205092220608884,0.006));
#6443=CARTESIAN_POINT('',(0.0691792421262601,0.0205092220608884,0.007));
#6444=CARTESIAN_POINT('',(0.0694582272602006,0.0199730217300421,0.006));
#6445=CARTESIAN_POINT('',(0.0694582272602006,0.0199730217300421,0.007));
#6446=CARTESIAN_POINT('',(0.068661501741857,0.0195549718437048,0.006));
#6447=CARTESIAN_POINT('',(0.068661501741857,0.0195549718437048,0.007));
#6448=CARTESIAN_POINT('',(0.0679266655526307,0.0191765920235762,0.006));
#6449=CARTESIAN_POINT('',(0.0679266655526307,0.0191765920235762,0.007));
#6450=CARTESIAN_POINT('',(0.0677896559584147,0.0197149438105486,0.006));
#6451=CARTESIAN_POINT('',(0.0677896559584147,0.0197149438105486,0.007));
#6452=CARTESIAN_POINT('',(0.0675323111223161,0.0199625477573859,0.006));
#6453=CARTESIAN_POINT('',(0.0675323111223161,0.0199625477573859,0.007));
#6454=CARTESIAN_POINT('',(0.067585788667202,0.0201593767851591,0.006));
#6455=CARTESIAN_POINT('',(0.067585788667202,0.0201593767851591,0.007));
#6456=CARTESIAN_POINT('',(0.067585788667202,0.0201593767851591,0.006));
#6457=CARTESIAN_POINT('',(0.067671134415806,0.0204734996709075,0.006));
#6458=CARTESIAN_POINT('',(0.0686651469459536,0.0213186594817452,0.006));
#6459=CARTESIAN_POINT('',(0.0691792421262601,0.0205092220608884,0.006));
#6460=CARTESIAN_POINT('',(0.0694582272602006,0.0199730217300421,0.006));
#6461=CARTESIAN_POINT('',(0.068661501741857,0.0195549718437048,0.006));
#6462=CARTESIAN_POINT('',(0.0679266655526307,0.0191765920235762,0.006));
#6463=CARTESIAN_POINT('',(0.0677896559584147,0.0197149438105486,0.006));
#6464=CARTESIAN_POINT('',(0.0675323111223161,0.0199625477573859,0.006));
#6465=CARTESIAN_POINT('',(0.067585788667202,0.0201593767851591,0.006));
#6466=CARTESIAN_POINT('',(0.067585788667202,0.0201593767851591,0.006));
#6467=CARTESIAN_POINT('',(0.0544567115264772,0.0336584082429137,0.006));
#6468=CARTESIAN_POINT('',(0.068563923239708,0.0231079570949077,0.006));
#6469=CARTESIAN_POINT('',(0.068563923239708,0.0231079570949077,0.007));
#6470=CARTESIAN_POINT('',(0.0685154835661819,0.0233781460344412,0.006));
#6471=CARTESIAN_POINT('',(0.0685154835661819,0.0233781460344412,0.007));
#6472=CARTESIAN_POINT('',(0.0690374094656163,0.0238040767162423,0.006));
#6473=CARTESIAN_POINT('',(0.0690374094656163,0.0238040767162423,0.007));
#6474=CARTESIAN_POINT('',(0.0695102037946242,0.0237698086300301,0.006));
#6475=CARTESIAN_POINT('',(0.0695102037946242,0.0237698086300301,0.007));
#6476=CARTESIAN_POINT('',(0.0696828639128987,0.0234356107806051,0.006));
#6477=CARTESIAN_POINT('',(0.0696828639128987,0.0234356107806051,0.007));
#6478=CARTESIAN_POINT('',(0.0690987922757806,0.023233990379652,0.006));
#6479=CARTESIAN_POINT('',(0.0690987922757806,0.023233990379652,0.007));
#6480=CARTESIAN_POINT('',(0.069305846790174,0.0223122763987635,0.006));
#6481=CARTESIAN_POINT('',(0.069305846790174,0.0223122763987635,0.007));
#6482=CARTESIAN_POINT('',(0.0686110154423039,0.0228452841379387,0.006));
#6483=CARTESIAN_POINT('',(0.0686110154423039,0.0228452841379387,0.007));
#6484=CARTESIAN_POINT('',(0.068563923239708,0.0231079570949077,0.006));
#6485=CARTESIAN_POINT('',(0.068563923239708,0.0231079570949077,0.007));
#6486=CARTESIAN_POINT('',(0.068563923239708,0.0231079570949077,0.006));
#6487=CARTESIAN_POINT('',(0.0685154835661819,0.0233781460344412,0.006));
#6488=CARTESIAN_POINT('',(0.0690374094656163,0.0238040767162423,0.006));
#6489=CARTESIAN_POINT('',(0.0695102037946242,0.0237698086300301,0.006));
#6490=CARTESIAN_POINT('',(0.0696828639128987,0.0234356107806051,0.006));
#6491=CARTESIAN_POINT('',(0.0690987922757806,0.023233990379652,0.006));
#6492=CARTESIAN_POINT('',(0.069305846790174,0.0223122763987635,0.006));
#6493=CARTESIAN_POINT('',(0.0686110154423039,0.0228452841379387,0.006));
#6494=CARTESIAN_POINT('',(0.068563923239708,0.0231079570949077,0.006));
#6495=CARTESIAN_POINT('',(0.068563923239708,0.0231079570949077,0.006));
#6496=CARTESIAN_POINT('',(0.0544567115264772,0.0336584082429137,0.006));
#6497=CARTESIAN_POINT('',(0.0669478699564934,0.0220731198787689,0.006));
#6498=CARTESIAN_POINT('',(0.0669478699564934,0.0220731198787689,0.007));
#6499=CARTESIAN_POINT('',(0.0669452088708919,0.0222507487735813,0.006));
#6500=CARTESIAN_POINT('',(0.0669452088708919,0.0222507487735813,0.007));
#6501=CARTESIAN_POINT('',(0.0672635437957862,0.0224499810316431,0.006));
#6502=CARTESIAN_POINT('',(0.0672635437957862,0.0224499810316431,0.007));
#6503=CARTESIAN_POINT('',(0.0677795691845124,0.0230946764568511,0.006));
#6504=CARTESIAN_POINT('',(0.0677795691845124,0.0230946764568511,0.007));
#6505=CARTESIAN_POINT('',(0.0683212514905936,0.0225097628178157,0.006));
#6506=CARTESIAN_POINT('',(0.0683212514905936,0.0225097628178157,0.007));
#6507=CARTESIAN_POINT('',(0.0688598359736269,0.0220423658048924,0.006));
#6508=CARTESIAN_POINT('',(0.0688598359736269,0.0220423658048924,0.007));
#6509=CARTESIAN_POINT('',(0.0679150507260071,0.0215173983451196,0.006));
#6510=CARTESIAN_POINT('',(0.0679150507260071,0.0215173983451196,0.007));
#6511=CARTESIAN_POINT('',(0.0674068285314999,0.0211801506234354,0.006));
#6512=CARTESIAN_POINT('',(0.0674068285314999,0.0211801506234354,0.007));
#6513=CARTESIAN_POINT('',(0.0669512881212173,0.021844955545439,0.006));
#6514=CARTESIAN_POINT('',(0.0669512881212173,0.021844955545439,0.007));
#6515=CARTESIAN_POINT('',(0.0669478699564934,0.0220731198787689,0.006));
#6516=CARTESIAN_POINT('',(0.0669478699564934,0.0220731198787689,0.007));
#6517=CARTESIAN_POINT('',(0.0669478699564934,0.0220731198787689,0.006));
#6518=CARTESIAN_POINT('',(0.0669452088708919,0.0222507487735813,0.006));
#6519=CARTESIAN_POINT('',(0.0672635437957862,0.0224499810316431,0.006));
#6520=CARTESIAN_POINT('',(0.0677795691845124,0.0230946764568511,0.006));
#6521=CARTESIAN_POINT('',(0.0683212514905936,0.0225097628178157,0.006));
#6522=CARTESIAN_POINT('',(0.0688598359736269,0.0220423658048924,0.006));
#6523=CARTESIAN_POINT('',(0.0679150507260071,0.0215173983451196,0.006));
#6524=CARTESIAN_POINT('',(0.0674068285314999,0.0211801506234354,0.006));
#6525=CARTESIAN_POINT('',(0.0669512881212173,0.021844955545439,0.006));
#6526=CARTESIAN_POINT('',(0.0669478699564934,0.0220731198787689,0.006));
#6527=CARTESIAN_POINT('',(0.0669478699564934,0.0220731198787689,0.006));
#6528=CARTESIAN_POINT('',(0.0544567115264772,0.0336584082429137,0.006));
#6529=CARTESIAN_POINT('',(0.0697121694684029,0.0185007993131876,0.006));
#6530=CARTESIAN_POINT('',(0.0697121694684029,0.0185007993131876,0.007));
#6531=CARTESIAN_POINT('',(0.0698139035960517,0.0186153070834214,0.006));
#6532=CARTESIAN_POINT('',(0.0698139035960517,0.0186153070834214,0.007));
#6533=CARTESIAN_POINT('',(0.0701954235649692,0.0183705030971485,0.006));
#6534=CARTESIAN_POINT('',(0.0701954235649692,0.0183705030971485,0.007));
#6535=CARTESIAN_POINT('',(0.0711104357008668,0.0182448145544005,0.006));
#6536=CARTESIAN_POINT('',(0.0711104357008668,0.0182448145544005,0.007));
#6537=CARTESIAN_POINT('',(0.0702099339964624,0.0180360378229592,0.006));
#6538=CARTESIAN_POINT('',(0.0702099339964624,0.0180360378229592,0.007));
#6539=CARTESIAN_POINT('',(0.0695805620536173,0.017560801331808,0.006));
#6540=CARTESIAN_POINT('',(0.0695805620536173,0.017560801331808,0.007));
#6541=CARTESIAN_POINT('',(0.0695982372956524,0.0183725619226378,0.006));
#6542=CARTESIAN_POINT('',(0.0695982372956524,0.0183725619226378,0.007));
#6543=CARTESIAN_POINT('',(0.0697121694684029,0.0185007993131876,0.006));
#6544=CARTESIAN_POINT('',(0.0697121694684029,0.0185007993131876,0.007));
#6545=CARTESIAN_POINT('',(0.0697121694684029,0.0185007993131876,0.006));
#6546=CARTESIAN_POINT('',(0.0698139035960517,0.0186153070834214,0.006));
#6547=CARTESIAN_POINT('',(0.0701954235649692,0.0183705030971485,0.006));
#6548=CARTESIAN_POINT('',(0.0711104357008668,0.0182448145544005,0.006));
#6549=CARTESIAN_POINT('',(0.0702099339964624,0.0180360378229592,0.006));
#6550=CARTESIAN_POINT('',(0.0695805620536173,0.017560801331808,0.006));
#6551=CARTESIAN_POINT('',(0.0695982372956524,0.0183725619226378,0.006));
#6552=CARTESIAN_POINT('',(0.0697121694684029,0.0185007993131876,0.006));
#6553=CARTESIAN_POINT('',(0.0697121694684029,0.0185007993131876,0.006));
#6554=CARTESIAN_POINT('',(0.0544567115264772,0.0336584082429137,0.006));
#6555=CARTESIAN_POINT('',(0.0678834766149521,0.0185858551412821,0.006));
#6556=CARTESIAN_POINT('',(0.0678834766149521,0.0185858551412821,0.007));
#6557=CARTESIAN_POINT('',(0.0680502965377482,0.0187103425309827,0.006));
#6558=CARTESIAN_POINT('',(0.0680502965377482,0.0187103425309827,0.007));
#6559=CARTESIAN_POINT('',(0.0684975820672076,0.0188952436037227,0.006));
#6560=CARTESIAN_POINT('',(0.0684975820672076,0.0188952436037227,0.007));
#6561=CARTESIAN_POINT('',(0.0687068055695659,0.01836070999505,0.006));
#6562=CARTESIAN_POINT('',(0.0687068055695659,0.01836070999505,0.007));
#6563=CARTESIAN_POINT('',(0.0690383555423631,0.0189747086834264,0.006));
#6564=CARTESIAN_POINT('',(0.0690383555423631,0.0189747086834264,0.007));
#6565=CARTESIAN_POINT('',(0.0693762645405017,0.0185244630915468,0.006));
#6566=CARTESIAN_POINT('',(0.0693762645405017,0.0185244630915468,0.007));
#6567=CARTESIAN_POINT('',(0.0691866646626925,0.0180846950971029,0.006));
#6568=CARTESIAN_POINT('',(0.0691866646626925,0.0180846950971029,0.007));
#6569=CARTESIAN_POINT('',(0.0687143238068092,0.0178867655857129,0.006));
#6570=CARTESIAN_POINT('',(0.0687143238068092,0.0178867655857129,0.007));
#6571=CARTESIAN_POINT('',(0.0682844133013104,0.0179710470196317,0.006));
#6572=CARTESIAN_POINT('',(0.0682844133013104,0.0179710470196317,0.007));
#6573=CARTESIAN_POINT('',(0.067749361420517,0.0177519831868048,0.006));
#6574=CARTESIAN_POINT('',(0.067749361420517,0.0177519831868048,0.007));
#6575=CARTESIAN_POINT('',(0.067596221910441,0.0182526906628336,0.006));
#6576=CARTESIAN_POINT('',(0.067596221910441,0.0182526906628336,0.007));
#6577=CARTESIAN_POINT('',(0.0677420074619162,0.0184802854629763,0.006));
#6578=CARTESIAN_POINT('',(0.0677420074619162,0.0184802854629763,0.007));
#6579=CARTESIAN_POINT('',(0.0678834766149521,0.0185858551412821,0.006));
#6580=CARTESIAN_POINT('',(0.0678834766149521,0.0185858551412821,0.007));
#6581=CARTESIAN_POINT('',(0.0678834766149521,0.0185858551412821,0.006));
#6582=CARTESIAN_POINT('',(0.0680502965377482,0.0187103425309827,0.006));
#6583=CARTESIAN_POINT('',(0.0684975820672076,0.0188952436037227,0.006));
#6584=CARTESIAN_POINT('',(0.0687068055695659,0.01836070999505,0.006));
#6585=CARTESIAN_POINT('',(0.0690383555423631,0.0189747086834264,0.006));
#6586=CARTESIAN_POINT('',(0.0693762645405017,0.0185244630915468,0.006));
#6587=CARTESIAN_POINT('',(0.0691866646626925,0.0180846950971029,0.006));
#6588=CARTESIAN_POINT('',(0.0687143238068092,0.0178867655857129,0.006));
#6589=CARTESIAN_POINT('',(0.0682844133013104,0.0179710470196317,0.006));
#6590=CARTESIAN_POINT('',(0.067749361420517,0.0177519831868048,0.006));
#6591=CARTESIAN_POINT('',(0.067596221910441,0.0182526906628336,0.006));
#6592=CARTESIAN_POINT('',(0.0677420074619162,0.0184802854629763,0.006));
#6593=CARTESIAN_POINT('',(0.0678834766149521,0.0185858551412821,0.006));
#6594=CARTESIAN_POINT('',(0.0678834766149521,0.0185858551412821,0.006));
#6595=CARTESIAN_POINT('',(0.0544567115264772,0.0336584082429137,0.006));
#6596=CARTESIAN_POINT('',(0.0632621422410011,0.0221865270286799,0.006));
#6597=CARTESIAN_POINT('',(0.0632621422410011,0.0221865270286799,0.007));
#6598=CARTESIAN_POINT('',(0.0634693133596443,0.022330652795171,0.006));
#6599=CARTESIAN_POINT('',(0.0634693133596443,0.022330652795171,0.007));
#6600=CARTESIAN_POINT('',(0.0636446972808892,0.0225943283609765,0.006));
#6601=CARTESIAN_POINT('',(0.0636446972808892,0.0225943283609765,0.007));
#6602=CARTESIAN_POINT('',(0.0649322199674077,0.0220038599920418,0.006));
#6603=CARTESIAN_POINT('',(0.0649322199674077,0.0220038599920418,0.007));
#6604=CARTESIAN_POINT('',(0.0660782194326235,0.0213547445519687,0.006));
#6605=CARTESIAN_POINT('',(0.0660782194326235,0.0213547445519687,0.007));
#6606=CARTESIAN_POINT('',(0.0663069213640936,0.0188890484456283,0.006));
#6607=CARTESIAN_POINT('',(0.0663069213640936,0.0188890484456283,0.007));
#6608=CARTESIAN_POINT('',(0.0658887151145937,0.0182646792674004,0.006));
#6609=CARTESIAN_POINT('',(0.0658887151145937,0.0182646792674004,0.007));
#6610=CARTESIAN_POINT('',(0.0637097648002528,0.0174313791571438,0.006));
#6611=CARTESIAN_POINT('',(0.0637097648002528,0.0174313791571438,0.007));
#6612=CARTESIAN_POINT('',(0.0614119624884948,0.0174927684025322,0.006));
#6613=CARTESIAN_POINT('',(0.0614119624884948,0.0174927684025322,0.007));
#6614=CARTESIAN_POINT('',(0.060559896606077,0.0182072314578056,0.006));
#6615=CARTESIAN_POINT('',(0.060559896606077,0.0182072314578056,0.007));
#6616=CARTESIAN_POINT('',(0.059903022847338,0.0194227682876057,0.006));
#6617=CARTESIAN_POINT('',(0.059903022847338,0.0194227682876057,0.007));
#6618=CARTESIAN_POINT('',(0.0605718119955032,0.0208593991171091,0.006));
#6619=CARTESIAN_POINT('',(0.0605718119955032,0.0208593991171091,0.007));
#6620=CARTESIAN_POINT('',(0.0627665725822262,0.0218417668256724,0.006));
#6621=CARTESIAN_POINT('',(0.0627665725822262,0.0218417668256724,0.007));
#6622=CARTESIAN_POINT('',(0.0632621422410011,0.0221865270286799,0.006));
#6623=CARTESIAN_POINT('',(0.0632621422410011,0.0221865270286799,0.007));
#6624=CARTESIAN_POINT('',(0.0632621422410011,0.0221865270286799,0.006));
#6625=CARTESIAN_POINT('',(0.0634693133596443,0.022330652795171,0.006));
#6626=CARTESIAN_POINT('',(0.0636446972808892,0.0225943283609765,0.006));
#6627=CARTESIAN_POINT('',(0.0649322199674077,0.0220038599920418,0.006));
#6628=CARTESIAN_POINT('',(0.0660782194326235,0.0213547445519687,0.006));
#6629=CARTESIAN_POINT('',(0.0663069213640936,0.0188890484456283,0.006));
#6630=CARTESIAN_POINT('',(0.0658887151145937,0.0182646792674004,0.006));
#6631=CARTESIAN_POINT('',(0.0637097648002528,0.0174313791571438,0.006));
#6632=CARTESIAN_POINT('',(0.0614119624884948,0.0174927684025322,0.006));
#6633=CARTESIAN_POINT('',(0.060559896606077,0.0182072314578056,0.006));
#6634=CARTESIAN_POINT('',(0.059903022847338,0.0194227682876057,0.006));
#6635=CARTESIAN_POINT('',(0.0605718119955032,0.0208593991171091,0.006));
#6636=CARTESIAN_POINT('',(0.0627665725822262,0.0218417668256724,0.006));
#6637=CARTESIAN_POINT('',(0.0632621422410011,0.0221865270286799,0.006));
#6638=CARTESIAN_POINT('',(0.0632621422410011,0.0221865270286799,0.006));
#6639=CARTESIAN_POINT('',(0.0544567115264772,0.0336584082429137,0.006));
#6640=CARTESIAN_POINT('',(0.0532380966764635,0.0334726013243199,0.007));
#6641=CARTESIAN_POINT('',(0.0532380966764635,0.0334726013243199,0.007));
#6642=MECHANICAL_DESIGN_GEOMETRIC_PRESENTATION_REPRESENTATION('',(#2263),
#6643);
#6643=(
GEOMETRIC_REPRESENTATION_CONTEXT(3)
GLOBAL_UNCERTAINTY_ASSIGNED_CONTEXT((#6644))
GLOBAL_UNIT_ASSIGNED_CONTEXT((#6647,#6646,#6645))
REPRESENTATION_CONTEXT('Willie','TOP_LEVEL_ASSEMBLY_PART')
);
#6644=UNCERTAINTY_MEASURE_WITH_UNIT(LENGTH_MEASURE(2.E-5),#6647,
'DISTANCE_ACCURACY_VALUE','Maximum Tolerance applied to model');
#6645=(
NAMED_UNIT(*)
SI_UNIT($,.STERADIAN.)
SOLID_ANGLE_UNIT()
);
#6646=(
NAMED_UNIT(*)
PLANE_ANGLE_UNIT()
SI_UNIT($,.RADIAN.)
);
#6647=(
LENGTH_UNIT()
NAMED_UNIT(*)
SI_UNIT($,.METRE.)
);
#6648=PRODUCT_DEFINITION_SHAPE('','',#6649);
#6649=PRODUCT_DEFINITION('','',#6651,#6650);
#6650=PRODUCT_DEFINITION_CONTEXT('',#6657,'design');
#6651=PRODUCT_DEFINITION_FORMATION_WITH_SPECIFIED_SOURCE('','',#6653,
 .NOT_KNOWN.);
#6652=PRODUCT_RELATED_PRODUCT_CATEGORY('','',(#6653));
#6653=PRODUCT('Willie','Willie','Willie',(#6655));
#6654=PRODUCT_CATEGORY('','');
#6655=PRODUCT_CONTEXT('',#6657,'mechanical');
#6656=APPLICATION_PROTOCOL_DEFINITION('international standard',
'ap242_managed_model_based_3d_engineering',2020,#6657);
#6657=APPLICATION_CONTEXT('managed model based 3d engineering');
ENDSEC;
END-ISO-10303-21;
