ISO-10303-21;
HEADER;
/* Generated by software containing ST-Developer
 * from STEP Tools, Inc. (www.steptools.com) 
 */
/* OPTION: using custom renumber hook */

FILE_DESCRIPTION(
/* description */ ('STEP AP242 Edition 2',
'CAx-IF Rec.Pracs.---Representation and Presentation of Product Manufa
cturing Information (PMI)---4.0---2014-10-13',
'CAx-IF Rec.Pracs.---3D Tessellated Geometry---0.4---2014-09-14','2;1',
'CAx-IF Rec.Pracs.---User Defined Attributes---1.5---2016-08-15'),
/* implementation_level */ '2;1');

FILE_NAME(
/* name */ 'Fin',
/* time_stamp */ '2026-08-07T02:59:43Z',
/* author */ (''),
/* organization */ (''),
/* preprocessor_version */ 'ST-DEVELOPER v20',
/* originating_system */ 'ONSHAPE BY PTC INC, 1.218',
/* authorisation */ '  ');

FILE_SCHEMA (('AP242_MANAGED_MODEL_BASED_3D_ENGINEERING_MIM_LF { 1 0 10303 442 3 1 4 }'));
ENDSEC;

DATA;
#10=SHAPE_REPRESENTATION_RELATIONSHIP('','',#1178,#11);
#11=ADVANCED_BREP_SHAPE_REPRESENTATION('',(#1176),#2331);
#12=PLANE('',#1291);
#13=PLANE('',#1364);
#14=B_SPLINE_CURVE_WITH_KNOTS('',3,(#1748,#1749,#1750,#1751),
 .UNSPECIFIED.,.F.,.F.,(4,4),(0.,0.00894739042802819),.UNSPECIFIED.);
#15=B_SPLINE_CURVE_WITH_KNOTS('',3,(#1755,#1756,#1757,#1758),
 .UNSPECIFIED.,.F.,.F.,(4,4),(0.,0.00889181653153512),.UNSPECIFIED.);
#16=B_SPLINE_CURVE_WITH_KNOTS('',3,(#1762,#1763,#1764,#1765),
 .UNSPECIFIED.,.F.,.F.,(4,4),(0.,0.00889137776154535),.UNSPECIFIED.);
#17=B_SPLINE_CURVE_WITH_KNOTS('',3,(#1771,#1772,#1773,#1774),
 .UNSPECIFIED.,.F.,.F.,(4,4),(0.,0.00889345402869224),.UNSPECIFIED.);
#18=B_SPLINE_CURVE_WITH_KNOTS('',3,(#1780,#1781,#1782,#1783),
 .UNSPECIFIED.,.F.,.F.,(4,4),(0.,0.00889181653153512),.UNSPECIFIED.);
#19=B_SPLINE_CURVE_WITH_KNOTS('',3,(#1789,#1790,#1791,#1792),
 .UNSPECIFIED.,.F.,.F.,(4,4),(0.,0.00894739042802819),.UNSPECIFIED.);
#20=B_SPLINE_CURVE_WITH_KNOTS('',3,(#1798,#1799,#1800,#1801),
 .UNSPECIFIED.,.F.,.F.,(4,4),(0.,0.00889137776154535),.UNSPECIFIED.);
#21=B_SPLINE_CURVE_WITH_KNOTS('',3,(#1807,#1808,#1809,#1810),
 .UNSPECIFIED.,.F.,.F.,(4,4),(0.,0.00889345402869224),.UNSPECIFIED.);
#22=B_SPLINE_CURVE_WITH_KNOTS('',3,(#1816,#1817,#1818,#1819),
 .UNSPECIFIED.,.F.,.F.,(4,4),(0.,0.00889181653153512),.UNSPECIFIED.);
#23=B_SPLINE_CURVE_WITH_KNOTS('',3,(#1825,#1826,#1827,#1828),
 .UNSPECIFIED.,.F.,.F.,(4,4),(0.,0.00894739042802819),.UNSPECIFIED.);
#24=B_SPLINE_CURVE_WITH_KNOTS('',3,(#1834,#1835,#1836,#1837),
 .UNSPECIFIED.,.F.,.F.,(4,4),(0.,0.00889137776154535),.UNSPECIFIED.);
#25=B_SPLINE_CURVE_WITH_KNOTS('',3,(#1843,#1844,#1845,#1846),
 .UNSPECIFIED.,.F.,.F.,(4,4),(0.,0.00889345402869224),.UNSPECIFIED.);
#26=B_SPLINE_CURVE_WITH_KNOTS('',3,(#1852,#1853,#1854,#1855),
 .UNSPECIFIED.,.F.,.F.,(4,4),(0.,0.00889181653153512),.UNSPECIFIED.);
#27=B_SPLINE_CURVE_WITH_KNOTS('',3,(#1861,#1862,#1863,#1864),
 .UNSPECIFIED.,.F.,.F.,(4,4),(0.,0.00894739042802819),.UNSPECIFIED.);
#28=B_SPLINE_CURVE_WITH_KNOTS('',3,(#1870,#1871,#1872,#1873),
 .UNSPECIFIED.,.F.,.F.,(4,4),(0.,0.00889137776154535),.UNSPECIFIED.);
#29=B_SPLINE_CURVE_WITH_KNOTS('',3,(#1879,#1880,#1881,#1882),
 .UNSPECIFIED.,.F.,.F.,(4,4),(0.,0.00889345402869224),.UNSPECIFIED.);
#30=B_SPLINE_CURVE_WITH_KNOTS('',3,(#1888,#1889,#1890,#1891),
 .UNSPECIFIED.,.F.,.F.,(4,4),(0.,0.00889181653153512),.UNSPECIFIED.);
#31=B_SPLINE_CURVE_WITH_KNOTS('',3,(#1897,#1898,#1899,#1900),
 .UNSPECIFIED.,.F.,.F.,(4,4),(0.,0.00894739042802819),.UNSPECIFIED.);
#32=B_SPLINE_CURVE_WITH_KNOTS('',3,(#1906,#1907,#1908,#1909),
 .UNSPECIFIED.,.F.,.F.,(4,4),(0.,0.00889137776154535),.UNSPECIFIED.);
#33=B_SPLINE_CURVE_WITH_KNOTS('',3,(#1915,#1916,#1917,#1918),
 .UNSPECIFIED.,.F.,.F.,(4,4),(0.,0.00889345402869224),.UNSPECIFIED.);
#34=B_SPLINE_CURVE_WITH_KNOTS('',3,(#1924,#1925,#1926,#1927),
 .UNSPECIFIED.,.F.,.F.,(4,4),(0.,0.00889181653153512),.UNSPECIFIED.);
#35=B_SPLINE_CURVE_WITH_KNOTS('',3,(#1933,#1934,#1935,#1936),
 .UNSPECIFIED.,.F.,.F.,(4,4),(0.,0.00894739042802819),.UNSPECIFIED.);
#36=B_SPLINE_CURVE_WITH_KNOTS('',3,(#1942,#1943,#1944,#1945),
 .UNSPECIFIED.,.F.,.F.,(4,4),(0.,0.00889137776154535),.UNSPECIFIED.);
#37=B_SPLINE_CURVE_WITH_KNOTS('',3,(#1951,#1952,#1953,#1954),
 .UNSPECIFIED.,.F.,.F.,(4,4),(0.,0.00889345402869224),.UNSPECIFIED.);
#38=B_SPLINE_CURVE_WITH_KNOTS('',3,(#1960,#1961,#1962,#1963),
 .UNSPECIFIED.,.F.,.F.,(4,4),(0.,0.00889181653153512),.UNSPECIFIED.);
#39=B_SPLINE_CURVE_WITH_KNOTS('',3,(#1969,#1970,#1971,#1972),
 .UNSPECIFIED.,.F.,.F.,(4,4),(0.,0.00894739042802819),.UNSPECIFIED.);
#40=B_SPLINE_CURVE_WITH_KNOTS('',3,(#1978,#1979,#1980,#1981),
 .UNSPECIFIED.,.F.,.F.,(4,4),(0.,0.00889137776154535),.UNSPECIFIED.);
#41=B_SPLINE_CURVE_WITH_KNOTS('',3,(#1987,#1988,#1989,#1990),
 .UNSPECIFIED.,.F.,.F.,(4,4),(0.,0.00889345402869224),.UNSPECIFIED.);
#42=B_SPLINE_CURVE_WITH_KNOTS('',3,(#1996,#1997,#1998,#1999),
 .UNSPECIFIED.,.F.,.F.,(4,4),(0.,0.00889181653153512),.UNSPECIFIED.);
#43=B_SPLINE_CURVE_WITH_KNOTS('',3,(#2005,#2006,#2007,#2008),
 .UNSPECIFIED.,.F.,.F.,(4,4),(0.,0.00894739042802819),.UNSPECIFIED.);
#44=B_SPLINE_CURVE_WITH_KNOTS('',3,(#2014,#2015,#2016,#2017),
 .UNSPECIFIED.,.F.,.F.,(4,4),(0.,0.00889137776154535),.UNSPECIFIED.);
#45=B_SPLINE_CURVE_WITH_KNOTS('',3,(#2023,#2024,#2025,#2026),
 .UNSPECIFIED.,.F.,.F.,(4,4),(0.,0.00889345402869224),.UNSPECIFIED.);
#46=B_SPLINE_CURVE_WITH_KNOTS('',3,(#2032,#2033,#2034,#2035),
 .UNSPECIFIED.,.F.,.F.,(4,4),(0.,0.00889181653153512),.UNSPECIFIED.);
#47=B_SPLINE_CURVE_WITH_KNOTS('',3,(#2041,#2042,#2043,#2044),
 .UNSPECIFIED.,.F.,.F.,(4,4),(0.,0.00894739042802819),.UNSPECIFIED.);
#48=B_SPLINE_CURVE_WITH_KNOTS('',3,(#2050,#2051,#2052,#2053),
 .UNSPECIFIED.,.F.,.F.,(4,4),(0.,0.00889137776154535),.UNSPECIFIED.);
#49=B_SPLINE_CURVE_WITH_KNOTS('',3,(#2059,#2060,#2061,#2062),
 .UNSPECIFIED.,.F.,.F.,(4,4),(0.,0.00889345402869224),.UNSPECIFIED.);
#50=B_SPLINE_CURVE_WITH_KNOTS('',3,(#2075,#2076,#2077,#2078),
 .UNSPECIFIED.,.F.,.F.,(4,4),(0.,0.00889345402869224),.UNSPECIFIED.);
#51=B_SPLINE_CURVE_WITH_KNOTS('',3,(#2082,#2083,#2084,#2085),
 .UNSPECIFIED.,.F.,.F.,(4,4),(0.,0.00889181653153512),.UNSPECIFIED.);
#52=B_SPLINE_CURVE_WITH_KNOTS('',3,(#2087,#2088,#2089,#2090),
 .UNSPECIFIED.,.F.,.F.,(4,4),(0.,0.00889137776154535),.UNSPECIFIED.);
#53=B_SPLINE_CURVE_WITH_KNOTS('',3,(#2094,#2095,#2096,#2097),
 .UNSPECIFIED.,.F.,.F.,(4,4),(0.,0.00894739042802819),.UNSPECIFIED.);
#54=B_SPLINE_CURVE_WITH_KNOTS('',3,(#2101,#2102,#2103,#2104),
 .UNSPECIFIED.,.F.,.F.,(4,4),(0.,0.00889181653153512),.UNSPECIFIED.);
#55=B_SPLINE_CURVE_WITH_KNOTS('',3,(#2108,#2109,#2110,#2111),
 .UNSPECIFIED.,.F.,.F.,(4,4),(0.,0.00889345402869224),.UNSPECIFIED.);
#56=B_SPLINE_CURVE_WITH_KNOTS('',3,(#2115,#2116,#2117,#2118),
 .UNSPECIFIED.,.F.,.F.,(4,4),(0.,0.00889137776154535),.UNSPECIFIED.);
#57=B_SPLINE_CURVE_WITH_KNOTS('',3,(#2122,#2123,#2124,#2125),
 .UNSPECIFIED.,.F.,.F.,(4,4),(0.,0.00894739042802819),.UNSPECIFIED.);
#58=B_SPLINE_CURVE_WITH_KNOTS('',3,(#2129,#2130,#2131,#2132),
 .UNSPECIFIED.,.F.,.F.,(4,4),(0.,0.00889181653153512),.UNSPECIFIED.);
#59=B_SPLINE_CURVE_WITH_KNOTS('',3,(#2136,#2137,#2138,#2139),
 .UNSPECIFIED.,.F.,.F.,(4,4),(0.,0.00889345402869224),.UNSPECIFIED.);
#60=B_SPLINE_CURVE_WITH_KNOTS('',3,(#2143,#2144,#2145,#2146),
 .UNSPECIFIED.,.F.,.F.,(4,4),(0.,0.00889137776154535),.UNSPECIFIED.);
#61=B_SPLINE_CURVE_WITH_KNOTS('',3,(#2150,#2151,#2152,#2153),
 .UNSPECIFIED.,.F.,.F.,(4,4),(0.,0.00894739042802819),.UNSPECIFIED.);
#62=B_SPLINE_CURVE_WITH_KNOTS('',3,(#2157,#2158,#2159,#2160),
 .UNSPECIFIED.,.F.,.F.,(4,4),(0.,0.00889181653153512),.UNSPECIFIED.);
#63=B_SPLINE_CURVE_WITH_KNOTS('',3,(#2164,#2165,#2166,#2167),
 .UNSPECIFIED.,.F.,.F.,(4,4),(0.,0.00889345402869224),.UNSPECIFIED.);
#64=B_SPLINE_CURVE_WITH_KNOTS('',3,(#2171,#2172,#2173,#2174),
 .UNSPECIFIED.,.F.,.F.,(4,4),(0.,0.00889137776154535),.UNSPECIFIED.);
#65=B_SPLINE_CURVE_WITH_KNOTS('',3,(#2178,#2179,#2180,#2181),
 .UNSPECIFIED.,.F.,.F.,(4,4),(0.,0.00894739042802819),.UNSPECIFIED.);
#66=B_SPLINE_CURVE_WITH_KNOTS('',3,(#2185,#2186,#2187,#2188),
 .UNSPECIFIED.,.F.,.F.,(4,4),(0.,0.00889181653153512),.UNSPECIFIED.);
#67=B_SPLINE_CURVE_WITH_KNOTS('',3,(#2192,#2193,#2194,#2195),
 .UNSPECIFIED.,.F.,.F.,(4,4),(0.,0.00889345402869224),.UNSPECIFIED.);
#68=B_SPLINE_CURVE_WITH_KNOTS('',3,(#2199,#2200,#2201,#2202),
 .UNSPECIFIED.,.F.,.F.,(4,4),(0.,0.00889137776154535),.UNSPECIFIED.);
#69=B_SPLINE_CURVE_WITH_KNOTS('',3,(#2206,#2207,#2208,#2209),
 .UNSPECIFIED.,.F.,.F.,(4,4),(0.,0.00894739042802819),.UNSPECIFIED.);
#70=B_SPLINE_CURVE_WITH_KNOTS('',3,(#2213,#2214,#2215,#2216),
 .UNSPECIFIED.,.F.,.F.,(4,4),(0.,0.00889181653153512),.UNSPECIFIED.);
#71=B_SPLINE_CURVE_WITH_KNOTS('',3,(#2220,#2221,#2222,#2223),
 .UNSPECIFIED.,.F.,.F.,(4,4),(0.,0.00889345402869224),.UNSPECIFIED.);
#72=B_SPLINE_CURVE_WITH_KNOTS('',3,(#2227,#2228,#2229,#2230),
 .UNSPECIFIED.,.F.,.F.,(4,4),(0.,0.00889137776154535),.UNSPECIFIED.);
#73=B_SPLINE_CURVE_WITH_KNOTS('',3,(#2234,#2235,#2236,#2237),
 .UNSPECIFIED.,.F.,.F.,(4,4),(0.,0.00894739042802819),.UNSPECIFIED.);
#74=B_SPLINE_CURVE_WITH_KNOTS('',3,(#2241,#2242,#2243,#2244),
 .UNSPECIFIED.,.F.,.F.,(4,4),(0.,0.00889181653153512),.UNSPECIFIED.);
#75=B_SPLINE_CURVE_WITH_KNOTS('',3,(#2248,#2249,#2250,#2251),
 .UNSPECIFIED.,.F.,.F.,(4,4),(0.,0.00889345402869224),.UNSPECIFIED.);
#76=B_SPLINE_CURVE_WITH_KNOTS('',3,(#2255,#2256,#2257,#2258),
 .UNSPECIFIED.,.F.,.F.,(4,4),(0.,0.00889137776154535),.UNSPECIFIED.);
#77=B_SPLINE_CURVE_WITH_KNOTS('',3,(#2262,#2263,#2264,#2265),
 .UNSPECIFIED.,.F.,.F.,(4,4),(0.,0.00894739042802819),.UNSPECIFIED.);
#78=B_SPLINE_CURVE_WITH_KNOTS('',3,(#2269,#2270,#2271,#2272),
 .UNSPECIFIED.,.F.,.F.,(4,4),(0.,0.00889181653153512),.UNSPECIFIED.);
#79=B_SPLINE_CURVE_WITH_KNOTS('',3,(#2276,#2277,#2278,#2279),
 .UNSPECIFIED.,.F.,.F.,(4,4),(0.,0.00889345402869224),.UNSPECIFIED.);
#80=B_SPLINE_CURVE_WITH_KNOTS('',3,(#2283,#2284,#2285,#2286),
 .UNSPECIFIED.,.F.,.F.,(4,4),(0.,0.00889137776154535),.UNSPECIFIED.);
#81=B_SPLINE_CURVE_WITH_KNOTS('',3,(#2290,#2291,#2292,#2293),
 .UNSPECIFIED.,.F.,.F.,(4,4),(0.,0.00894739042802819),.UNSPECIFIED.);
#82=B_SPLINE_CURVE_WITH_KNOTS('',3,(#2297,#2298,#2299,#2300),
 .UNSPECIFIED.,.F.,.F.,(4,4),(0.,0.00889181653153512),.UNSPECIFIED.);
#83=B_SPLINE_CURVE_WITH_KNOTS('',3,(#2304,#2305,#2306,#2307),
 .UNSPECIFIED.,.F.,.F.,(4,4),(0.,0.00889345402869224),.UNSPECIFIED.);
#84=B_SPLINE_CURVE_WITH_KNOTS('',3,(#2311,#2312,#2313,#2314),
 .UNSPECIFIED.,.F.,.F.,(4,4),(1.39696069675991E-20,0.00889137776154535),
 .UNSPECIFIED.);
#85=B_SPLINE_CURVE_WITH_KNOTS('',3,(#2318,#2319,#2320,#2321),
 .UNSPECIFIED.,.F.,.F.,(4,4),(0.,0.00894739042802819),.UNSPECIFIED.);
#86=ORIENTED_EDGE('',*,*,#452,.F.);
#87=ORIENTED_EDGE('',*,*,#453,.F.);
#88=ORIENTED_EDGE('',*,*,#454,.T.);
#89=ORIENTED_EDGE('',*,*,#455,.T.);
#90=ORIENTED_EDGE('',*,*,#453,.T.);
#91=ORIENTED_EDGE('',*,*,#456,.T.);
#92=ORIENTED_EDGE('',*,*,#457,.F.);
#93=ORIENTED_EDGE('',*,*,#458,.F.);
#94=ORIENTED_EDGE('',*,*,#457,.T.);
#95=ORIENTED_EDGE('',*,*,#459,.T.);
#96=ORIENTED_EDGE('',*,*,#460,.F.);
#97=ORIENTED_EDGE('',*,*,#461,.F.);
#98=ORIENTED_EDGE('',*,*,#460,.T.);
#99=ORIENTED_EDGE('',*,*,#462,.T.);
#100=ORIENTED_EDGE('',*,*,#463,.F.);
#101=ORIENTED_EDGE('',*,*,#464,.F.);
#102=ORIENTED_EDGE('',*,*,#465,.F.);
#103=ORIENTED_EDGE('',*,*,#466,.F.);
#104=ORIENTED_EDGE('',*,*,#467,.T.);
#105=ORIENTED_EDGE('',*,*,#463,.T.);
#106=ORIENTED_EDGE('',*,*,#466,.T.);
#107=ORIENTED_EDGE('',*,*,#468,.T.);
#108=ORIENTED_EDGE('',*,*,#469,.F.);
#109=ORIENTED_EDGE('',*,*,#470,.F.);
#110=ORIENTED_EDGE('',*,*,#469,.T.);
#111=ORIENTED_EDGE('',*,*,#471,.T.);
#112=ORIENTED_EDGE('',*,*,#472,.F.);
#113=ORIENTED_EDGE('',*,*,#473,.F.);
#114=ORIENTED_EDGE('',*,*,#472,.T.);
#115=ORIENTED_EDGE('',*,*,#474,.T.);
#116=ORIENTED_EDGE('',*,*,#475,.F.);
#117=ORIENTED_EDGE('',*,*,#476,.F.);
#118=ORIENTED_EDGE('',*,*,#477,.F.);
#119=ORIENTED_EDGE('',*,*,#478,.F.);
#120=ORIENTED_EDGE('',*,*,#479,.T.);
#121=ORIENTED_EDGE('',*,*,#475,.T.);
#122=ORIENTED_EDGE('',*,*,#478,.T.);
#123=ORIENTED_EDGE('',*,*,#480,.T.);
#124=ORIENTED_EDGE('',*,*,#481,.F.);
#125=ORIENTED_EDGE('',*,*,#482,.F.);
#126=ORIENTED_EDGE('',*,*,#481,.T.);
#127=ORIENTED_EDGE('',*,*,#483,.T.);
#128=ORIENTED_EDGE('',*,*,#484,.F.);
#129=ORIENTED_EDGE('',*,*,#485,.F.);
#130=ORIENTED_EDGE('',*,*,#484,.T.);
#131=ORIENTED_EDGE('',*,*,#486,.T.);
#132=ORIENTED_EDGE('',*,*,#487,.F.);
#133=ORIENTED_EDGE('',*,*,#488,.F.);
#134=ORIENTED_EDGE('',*,*,#489,.F.);
#135=ORIENTED_EDGE('',*,*,#490,.F.);
#136=ORIENTED_EDGE('',*,*,#491,.T.);
#137=ORIENTED_EDGE('',*,*,#487,.T.);
#138=ORIENTED_EDGE('',*,*,#490,.T.);
#139=ORIENTED_EDGE('',*,*,#492,.T.);
#140=ORIENTED_EDGE('',*,*,#493,.F.);
#141=ORIENTED_EDGE('',*,*,#494,.F.);
#142=ORIENTED_EDGE('',*,*,#493,.T.);
#143=ORIENTED_EDGE('',*,*,#495,.T.);
#144=ORIENTED_EDGE('',*,*,#496,.F.);
#145=ORIENTED_EDGE('',*,*,#497,.F.);
#146=ORIENTED_EDGE('',*,*,#496,.T.);
#147=ORIENTED_EDGE('',*,*,#498,.T.);
#148=ORIENTED_EDGE('',*,*,#499,.F.);
#149=ORIENTED_EDGE('',*,*,#500,.F.);
#150=ORIENTED_EDGE('',*,*,#501,.F.);
#151=ORIENTED_EDGE('',*,*,#502,.F.);
#152=ORIENTED_EDGE('',*,*,#503,.T.);
#153=ORIENTED_EDGE('',*,*,#499,.T.);
#154=ORIENTED_EDGE('',*,*,#502,.T.);
#155=ORIENTED_EDGE('',*,*,#504,.T.);
#156=ORIENTED_EDGE('',*,*,#505,.F.);
#157=ORIENTED_EDGE('',*,*,#506,.F.);
#158=ORIENTED_EDGE('',*,*,#505,.T.);
#159=ORIENTED_EDGE('',*,*,#507,.T.);
#160=ORIENTED_EDGE('',*,*,#508,.F.);
#161=ORIENTED_EDGE('',*,*,#509,.F.);
#162=ORIENTED_EDGE('',*,*,#508,.T.);
#163=ORIENTED_EDGE('',*,*,#510,.T.);
#164=ORIENTED_EDGE('',*,*,#511,.F.);
#165=ORIENTED_EDGE('',*,*,#512,.F.);
#166=ORIENTED_EDGE('',*,*,#513,.F.);
#167=ORIENTED_EDGE('',*,*,#514,.F.);
#168=ORIENTED_EDGE('',*,*,#515,.T.);
#169=ORIENTED_EDGE('',*,*,#511,.T.);
#170=ORIENTED_EDGE('',*,*,#514,.T.);
#171=ORIENTED_EDGE('',*,*,#516,.T.);
#172=ORIENTED_EDGE('',*,*,#517,.F.);
#173=ORIENTED_EDGE('',*,*,#518,.F.);
#174=ORIENTED_EDGE('',*,*,#517,.T.);
#175=ORIENTED_EDGE('',*,*,#519,.T.);
#176=ORIENTED_EDGE('',*,*,#520,.F.);
#177=ORIENTED_EDGE('',*,*,#521,.F.);
#178=ORIENTED_EDGE('',*,*,#520,.T.);
#179=ORIENTED_EDGE('',*,*,#522,.T.);
#180=ORIENTED_EDGE('',*,*,#523,.F.);
#181=ORIENTED_EDGE('',*,*,#524,.F.);
#182=ORIENTED_EDGE('',*,*,#525,.F.);
#183=ORIENTED_EDGE('',*,*,#526,.F.);
#184=ORIENTED_EDGE('',*,*,#527,.T.);
#185=ORIENTED_EDGE('',*,*,#523,.T.);
#186=ORIENTED_EDGE('',*,*,#526,.T.);
#187=ORIENTED_EDGE('',*,*,#528,.T.);
#188=ORIENTED_EDGE('',*,*,#529,.F.);
#189=ORIENTED_EDGE('',*,*,#530,.F.);
#190=ORIENTED_EDGE('',*,*,#529,.T.);
#191=ORIENTED_EDGE('',*,*,#531,.T.);
#192=ORIENTED_EDGE('',*,*,#532,.F.);
#193=ORIENTED_EDGE('',*,*,#533,.F.);
#194=ORIENTED_EDGE('',*,*,#532,.T.);
#195=ORIENTED_EDGE('',*,*,#534,.T.);
#196=ORIENTED_EDGE('',*,*,#535,.F.);
#197=ORIENTED_EDGE('',*,*,#536,.F.);
#198=ORIENTED_EDGE('',*,*,#537,.F.);
#199=ORIENTED_EDGE('',*,*,#538,.F.);
#200=ORIENTED_EDGE('',*,*,#539,.T.);
#201=ORIENTED_EDGE('',*,*,#535,.T.);
#202=ORIENTED_EDGE('',*,*,#538,.T.);
#203=ORIENTED_EDGE('',*,*,#540,.T.);
#204=ORIENTED_EDGE('',*,*,#541,.F.);
#205=ORIENTED_EDGE('',*,*,#542,.F.);
#206=ORIENTED_EDGE('',*,*,#541,.T.);
#207=ORIENTED_EDGE('',*,*,#543,.T.);
#208=ORIENTED_EDGE('',*,*,#544,.F.);
#209=ORIENTED_EDGE('',*,*,#545,.F.);
#210=ORIENTED_EDGE('',*,*,#544,.T.);
#211=ORIENTED_EDGE('',*,*,#546,.T.);
#212=ORIENTED_EDGE('',*,*,#547,.F.);
#213=ORIENTED_EDGE('',*,*,#548,.F.);
#214=ORIENTED_EDGE('',*,*,#549,.F.);
#215=ORIENTED_EDGE('',*,*,#550,.F.);
#216=ORIENTED_EDGE('',*,*,#551,.T.);
#217=ORIENTED_EDGE('',*,*,#547,.T.);
#218=ORIENTED_EDGE('',*,*,#550,.T.);
#219=ORIENTED_EDGE('',*,*,#552,.T.);
#220=ORIENTED_EDGE('',*,*,#553,.F.);
#221=ORIENTED_EDGE('',*,*,#554,.F.);
#222=ORIENTED_EDGE('',*,*,#553,.T.);
#223=ORIENTED_EDGE('',*,*,#555,.T.);
#224=ORIENTED_EDGE('',*,*,#556,.F.);
#225=ORIENTED_EDGE('',*,*,#557,.F.);
#226=ORIENTED_EDGE('',*,*,#556,.T.);
#227=ORIENTED_EDGE('',*,*,#558,.T.);
#228=ORIENTED_EDGE('',*,*,#455,.F.);
#229=ORIENTED_EDGE('',*,*,#559,.F.);
#230=ORIENTED_EDGE('',*,*,#560,.F.);
#231=ORIENTED_EDGE('',*,*,#561,.T.);
#232=ORIENTED_EDGE('',*,*,#454,.F.);
#233=ORIENTED_EDGE('',*,*,#458,.T.);
#234=ORIENTED_EDGE('',*,*,#461,.T.);
#235=ORIENTED_EDGE('',*,*,#464,.T.);
#236=ORIENTED_EDGE('',*,*,#467,.F.);
#237=ORIENTED_EDGE('',*,*,#470,.T.);
#238=ORIENTED_EDGE('',*,*,#473,.T.);
#239=ORIENTED_EDGE('',*,*,#476,.T.);
#240=ORIENTED_EDGE('',*,*,#479,.F.);
#241=ORIENTED_EDGE('',*,*,#482,.T.);
#242=ORIENTED_EDGE('',*,*,#485,.T.);
#243=ORIENTED_EDGE('',*,*,#488,.T.);
#244=ORIENTED_EDGE('',*,*,#491,.F.);
#245=ORIENTED_EDGE('',*,*,#494,.T.);
#246=ORIENTED_EDGE('',*,*,#497,.T.);
#247=ORIENTED_EDGE('',*,*,#500,.T.);
#248=ORIENTED_EDGE('',*,*,#503,.F.);
#249=ORIENTED_EDGE('',*,*,#506,.T.);
#250=ORIENTED_EDGE('',*,*,#509,.T.);
#251=ORIENTED_EDGE('',*,*,#512,.T.);
#252=ORIENTED_EDGE('',*,*,#515,.F.);
#253=ORIENTED_EDGE('',*,*,#518,.T.);
#254=ORIENTED_EDGE('',*,*,#521,.T.);
#255=ORIENTED_EDGE('',*,*,#524,.T.);
#256=ORIENTED_EDGE('',*,*,#527,.F.);
#257=ORIENTED_EDGE('',*,*,#530,.T.);
#258=ORIENTED_EDGE('',*,*,#533,.T.);
#259=ORIENTED_EDGE('',*,*,#536,.T.);
#260=ORIENTED_EDGE('',*,*,#539,.F.);
#261=ORIENTED_EDGE('',*,*,#542,.T.);
#262=ORIENTED_EDGE('',*,*,#545,.T.);
#263=ORIENTED_EDGE('',*,*,#548,.T.);
#264=ORIENTED_EDGE('',*,*,#551,.F.);
#265=ORIENTED_EDGE('',*,*,#554,.T.);
#266=ORIENTED_EDGE('',*,*,#557,.T.);
#267=ORIENTED_EDGE('',*,*,#559,.T.);
#268=ORIENTED_EDGE('',*,*,#561,.F.);
#269=ORIENTED_EDGE('',*,*,#558,.F.);
#270=ORIENTED_EDGE('',*,*,#562,.T.);
#271=ORIENTED_EDGE('',*,*,#563,.T.);
#272=ORIENTED_EDGE('',*,*,#564,.F.);
#273=ORIENTED_EDGE('',*,*,#555,.F.);
#274=ORIENTED_EDGE('',*,*,#565,.T.);
#275=ORIENTED_EDGE('',*,*,#566,.T.);
#276=ORIENTED_EDGE('',*,*,#562,.F.);
#277=ORIENTED_EDGE('',*,*,#552,.F.);
#278=ORIENTED_EDGE('',*,*,#567,.T.);
#279=ORIENTED_EDGE('',*,*,#568,.T.);
#280=ORIENTED_EDGE('',*,*,#565,.F.);
#281=ORIENTED_EDGE('',*,*,#567,.F.);
#282=ORIENTED_EDGE('',*,*,#549,.T.);
#283=ORIENTED_EDGE('',*,*,#569,.T.);
#284=ORIENTED_EDGE('',*,*,#570,.F.);
#285=ORIENTED_EDGE('',*,*,#546,.F.);
#286=ORIENTED_EDGE('',*,*,#571,.T.);
#287=ORIENTED_EDGE('',*,*,#572,.T.);
#288=ORIENTED_EDGE('',*,*,#569,.F.);
#289=ORIENTED_EDGE('',*,*,#543,.F.);
#290=ORIENTED_EDGE('',*,*,#573,.T.);
#291=ORIENTED_EDGE('',*,*,#574,.T.);
#292=ORIENTED_EDGE('',*,*,#571,.F.);
#293=ORIENTED_EDGE('',*,*,#540,.F.);
#294=ORIENTED_EDGE('',*,*,#575,.T.);
#295=ORIENTED_EDGE('',*,*,#576,.T.);
#296=ORIENTED_EDGE('',*,*,#573,.F.);
#297=ORIENTED_EDGE('',*,*,#575,.F.);
#298=ORIENTED_EDGE('',*,*,#537,.T.);
#299=ORIENTED_EDGE('',*,*,#577,.T.);
#300=ORIENTED_EDGE('',*,*,#578,.F.);
#301=ORIENTED_EDGE('',*,*,#534,.F.);
#302=ORIENTED_EDGE('',*,*,#579,.T.);
#303=ORIENTED_EDGE('',*,*,#580,.T.);
#304=ORIENTED_EDGE('',*,*,#577,.F.);
#305=ORIENTED_EDGE('',*,*,#531,.F.);
#306=ORIENTED_EDGE('',*,*,#581,.T.);
#307=ORIENTED_EDGE('',*,*,#582,.T.);
#308=ORIENTED_EDGE('',*,*,#579,.F.);
#309=ORIENTED_EDGE('',*,*,#528,.F.);
#310=ORIENTED_EDGE('',*,*,#583,.T.);
#311=ORIENTED_EDGE('',*,*,#584,.T.);
#312=ORIENTED_EDGE('',*,*,#581,.F.);
#313=ORIENTED_EDGE('',*,*,#583,.F.);
#314=ORIENTED_EDGE('',*,*,#525,.T.);
#315=ORIENTED_EDGE('',*,*,#585,.T.);
#316=ORIENTED_EDGE('',*,*,#586,.F.);
#317=ORIENTED_EDGE('',*,*,#522,.F.);
#318=ORIENTED_EDGE('',*,*,#587,.T.);
#319=ORIENTED_EDGE('',*,*,#588,.T.);
#320=ORIENTED_EDGE('',*,*,#585,.F.);
#321=ORIENTED_EDGE('',*,*,#519,.F.);
#322=ORIENTED_EDGE('',*,*,#589,.T.);
#323=ORIENTED_EDGE('',*,*,#590,.T.);
#324=ORIENTED_EDGE('',*,*,#587,.F.);
#325=ORIENTED_EDGE('',*,*,#516,.F.);
#326=ORIENTED_EDGE('',*,*,#591,.T.);
#327=ORIENTED_EDGE('',*,*,#592,.T.);
#328=ORIENTED_EDGE('',*,*,#589,.F.);
#329=ORIENTED_EDGE('',*,*,#591,.F.);
#330=ORIENTED_EDGE('',*,*,#513,.T.);
#331=ORIENTED_EDGE('',*,*,#593,.T.);
#332=ORIENTED_EDGE('',*,*,#594,.F.);
#333=ORIENTED_EDGE('',*,*,#510,.F.);
#334=ORIENTED_EDGE('',*,*,#595,.T.);
#335=ORIENTED_EDGE('',*,*,#596,.T.);
#336=ORIENTED_EDGE('',*,*,#593,.F.);
#337=ORIENTED_EDGE('',*,*,#507,.F.);
#338=ORIENTED_EDGE('',*,*,#597,.T.);
#339=ORIENTED_EDGE('',*,*,#598,.T.);
#340=ORIENTED_EDGE('',*,*,#595,.F.);
#341=ORIENTED_EDGE('',*,*,#504,.F.);
#342=ORIENTED_EDGE('',*,*,#599,.T.);
#343=ORIENTED_EDGE('',*,*,#600,.T.);
#344=ORIENTED_EDGE('',*,*,#597,.F.);
#345=ORIENTED_EDGE('',*,*,#599,.F.);
#346=ORIENTED_EDGE('',*,*,#501,.T.);
#347=ORIENTED_EDGE('',*,*,#601,.T.);
#348=ORIENTED_EDGE('',*,*,#602,.F.);
#349=ORIENTED_EDGE('',*,*,#498,.F.);
#350=ORIENTED_EDGE('',*,*,#603,.T.);
#351=ORIENTED_EDGE('',*,*,#604,.T.);
#352=ORIENTED_EDGE('',*,*,#601,.F.);
#353=ORIENTED_EDGE('',*,*,#495,.F.);
#354=ORIENTED_EDGE('',*,*,#605,.T.);
#355=ORIENTED_EDGE('',*,*,#606,.T.);
#356=ORIENTED_EDGE('',*,*,#603,.F.);
#357=ORIENTED_EDGE('',*,*,#492,.F.);
#358=ORIENTED_EDGE('',*,*,#607,.T.);
#359=ORIENTED_EDGE('',*,*,#608,.T.);
#360=ORIENTED_EDGE('',*,*,#605,.F.);
#361=ORIENTED_EDGE('',*,*,#607,.F.);
#362=ORIENTED_EDGE('',*,*,#489,.T.);
#363=ORIENTED_EDGE('',*,*,#609,.T.);
#364=ORIENTED_EDGE('',*,*,#610,.F.);
#365=ORIENTED_EDGE('',*,*,#486,.F.);
#366=ORIENTED_EDGE('',*,*,#611,.T.);
#367=ORIENTED_EDGE('',*,*,#612,.T.);
#368=ORIENTED_EDGE('',*,*,#609,.F.);
#369=ORIENTED_EDGE('',*,*,#483,.F.);
#370=ORIENTED_EDGE('',*,*,#613,.T.);
#371=ORIENTED_EDGE('',*,*,#614,.T.);
#372=ORIENTED_EDGE('',*,*,#611,.F.);
#373=ORIENTED_EDGE('',*,*,#480,.F.);
#374=ORIENTED_EDGE('',*,*,#615,.T.);
#375=ORIENTED_EDGE('',*,*,#616,.T.);
#376=ORIENTED_EDGE('',*,*,#613,.F.);
#377=ORIENTED_EDGE('',*,*,#615,.F.);
#378=ORIENTED_EDGE('',*,*,#477,.T.);
#379=ORIENTED_EDGE('',*,*,#617,.T.);
#380=ORIENTED_EDGE('',*,*,#618,.F.);
#381=ORIENTED_EDGE('',*,*,#474,.F.);
#382=ORIENTED_EDGE('',*,*,#619,.T.);
#383=ORIENTED_EDGE('',*,*,#620,.T.);
#384=ORIENTED_EDGE('',*,*,#617,.F.);
#385=ORIENTED_EDGE('',*,*,#471,.F.);
#386=ORIENTED_EDGE('',*,*,#621,.T.);
#387=ORIENTED_EDGE('',*,*,#622,.T.);
#388=ORIENTED_EDGE('',*,*,#619,.F.);
#389=ORIENTED_EDGE('',*,*,#468,.F.);
#390=ORIENTED_EDGE('',*,*,#623,.T.);
#391=ORIENTED_EDGE('',*,*,#624,.T.);
#392=ORIENTED_EDGE('',*,*,#621,.F.);
#393=ORIENTED_EDGE('',*,*,#623,.F.);
#394=ORIENTED_EDGE('',*,*,#465,.T.);
#395=ORIENTED_EDGE('',*,*,#625,.T.);
#396=ORIENTED_EDGE('',*,*,#626,.F.);
#397=ORIENTED_EDGE('',*,*,#462,.F.);
#398=ORIENTED_EDGE('',*,*,#627,.T.);
#399=ORIENTED_EDGE('',*,*,#628,.T.);
#400=ORIENTED_EDGE('',*,*,#625,.F.);
#401=ORIENTED_EDGE('',*,*,#459,.F.);
#402=ORIENTED_EDGE('',*,*,#629,.T.);
#403=ORIENTED_EDGE('',*,*,#630,.T.);
#404=ORIENTED_EDGE('',*,*,#627,.F.);
#405=ORIENTED_EDGE('',*,*,#456,.F.);
#406=ORIENTED_EDGE('',*,*,#631,.T.);
#407=ORIENTED_EDGE('',*,*,#632,.T.);
#408=ORIENTED_EDGE('',*,*,#629,.F.);
#409=ORIENTED_EDGE('',*,*,#631,.F.);
#410=ORIENTED_EDGE('',*,*,#452,.T.);
#411=ORIENTED_EDGE('',*,*,#564,.T.);
#412=ORIENTED_EDGE('',*,*,#633,.F.);
#413=ORIENTED_EDGE('',*,*,#633,.T.);
#414=ORIENTED_EDGE('',*,*,#563,.F.);
#415=ORIENTED_EDGE('',*,*,#566,.F.);
#416=ORIENTED_EDGE('',*,*,#568,.F.);
#417=ORIENTED_EDGE('',*,*,#570,.T.);
#418=ORIENTED_EDGE('',*,*,#572,.F.);
#419=ORIENTED_EDGE('',*,*,#574,.F.);
#420=ORIENTED_EDGE('',*,*,#576,.F.);
#421=ORIENTED_EDGE('',*,*,#578,.T.);
#422=ORIENTED_EDGE('',*,*,#580,.F.);
#423=ORIENTED_EDGE('',*,*,#582,.F.);
#424=ORIENTED_EDGE('',*,*,#584,.F.);
#425=ORIENTED_EDGE('',*,*,#586,.T.);
#426=ORIENTED_EDGE('',*,*,#588,.F.);
#427=ORIENTED_EDGE('',*,*,#590,.F.);
#428=ORIENTED_EDGE('',*,*,#592,.F.);
#429=ORIENTED_EDGE('',*,*,#594,.T.);
#430=ORIENTED_EDGE('',*,*,#596,.F.);
#431=ORIENTED_EDGE('',*,*,#598,.F.);
#432=ORIENTED_EDGE('',*,*,#600,.F.);
#433=ORIENTED_EDGE('',*,*,#602,.T.);
#434=ORIENTED_EDGE('',*,*,#604,.F.);
#435=ORIENTED_EDGE('',*,*,#606,.F.);
#436=ORIENTED_EDGE('',*,*,#608,.F.);
#437=ORIENTED_EDGE('',*,*,#610,.T.);
#438=ORIENTED_EDGE('',*,*,#612,.F.);
#439=ORIENTED_EDGE('',*,*,#614,.F.);
#440=ORIENTED_EDGE('',*,*,#616,.F.);
#441=ORIENTED_EDGE('',*,*,#618,.T.);
#442=ORIENTED_EDGE('',*,*,#620,.F.);
#443=ORIENTED_EDGE('',*,*,#622,.F.);
#444=ORIENTED_EDGE('',*,*,#624,.F.);
#445=ORIENTED_EDGE('',*,*,#626,.T.);
#446=ORIENTED_EDGE('',*,*,#628,.F.);
#447=ORIENTED_EDGE('',*,*,#630,.F.);
#448=ORIENTED_EDGE('',*,*,#632,.F.);
#449=ORIENTED_EDGE('',*,*,#634,.T.);
#450=ORIENTED_EDGE('',*,*,#634,.F.);
#451=ORIENTED_EDGE('',*,*,#560,.T.);
#452=EDGE_CURVE('',#635,#636,#746,.T.);
#453=EDGE_CURVE('',#637,#635,#14,.T.);
#454=EDGE_CURVE('',#637,#638,#747,.T.);
#455=EDGE_CURVE('',#638,#636,#15,.T.);
#456=EDGE_CURVE('',#635,#639,#748,.T.);
#457=EDGE_CURVE('',#640,#639,#16,.T.);
#458=EDGE_CURVE('',#637,#640,#749,.T.);
#459=EDGE_CURVE('',#639,#641,#750,.T.);
#460=EDGE_CURVE('',#642,#641,#17,.T.);
#461=EDGE_CURVE('',#640,#642,#751,.T.);
#462=EDGE_CURVE('',#641,#643,#752,.T.);
#463=EDGE_CURVE('',#644,#643,#18,.T.);
#464=EDGE_CURVE('',#642,#644,#753,.T.);
#465=EDGE_CURVE('',#645,#643,#754,.T.);
#466=EDGE_CURVE('',#646,#645,#19,.T.);
#467=EDGE_CURVE('',#646,#644,#755,.T.);
#468=EDGE_CURVE('',#645,#647,#756,.T.);
#469=EDGE_CURVE('',#648,#647,#20,.T.);
#470=EDGE_CURVE('',#646,#648,#757,.T.);
#471=EDGE_CURVE('',#647,#649,#758,.T.);
#472=EDGE_CURVE('',#650,#649,#21,.T.);
#473=EDGE_CURVE('',#648,#650,#759,.T.);
#474=EDGE_CURVE('',#649,#651,#760,.T.);
#475=EDGE_CURVE('',#652,#651,#22,.T.);
#476=EDGE_CURVE('',#650,#652,#761,.T.);
#477=EDGE_CURVE('',#653,#651,#762,.T.);
#478=EDGE_CURVE('',#654,#653,#23,.T.);
#479=EDGE_CURVE('',#654,#652,#763,.T.);
#480=EDGE_CURVE('',#653,#655,#764,.T.);
#481=EDGE_CURVE('',#656,#655,#24,.T.);
#482=EDGE_CURVE('',#654,#656,#765,.T.);
#483=EDGE_CURVE('',#655,#657,#766,.T.);
#484=EDGE_CURVE('',#658,#657,#25,.T.);
#485=EDGE_CURVE('',#656,#658,#767,.T.);
#486=EDGE_CURVE('',#657,#659,#768,.T.);
#487=EDGE_CURVE('',#660,#659,#26,.T.);
#488=EDGE_CURVE('',#658,#660,#769,.T.);
#489=EDGE_CURVE('',#661,#659,#770,.T.);
#490=EDGE_CURVE('',#662,#661,#27,.T.);
#491=EDGE_CURVE('',#662,#660,#771,.T.);
#492=EDGE_CURVE('',#661,#663,#772,.T.);
#493=EDGE_CURVE('',#664,#663,#28,.T.);
#494=EDGE_CURVE('',#662,#664,#773,.T.);
#495=EDGE_CURVE('',#663,#665,#774,.T.);
#496=EDGE_CURVE('',#666,#665,#29,.T.);
#497=EDGE_CURVE('',#664,#666,#775,.T.);
#498=EDGE_CURVE('',#665,#667,#776,.T.);
#499=EDGE_CURVE('',#668,#667,#30,.T.);
#500=EDGE_CURVE('',#666,#668,#777,.T.);
#501=EDGE_CURVE('',#669,#667,#778,.T.);
#502=EDGE_CURVE('',#670,#669,#31,.T.);
#503=EDGE_CURVE('',#670,#668,#779,.T.);
#504=EDGE_CURVE('',#669,#671,#780,.T.);
#505=EDGE_CURVE('',#672,#671,#32,.T.);
#506=EDGE_CURVE('',#670,#672,#781,.T.);
#507=EDGE_CURVE('',#671,#673,#782,.T.);
#508=EDGE_CURVE('',#674,#673,#33,.T.);
#509=EDGE_CURVE('',#672,#674,#783,.T.);
#510=EDGE_CURVE('',#673,#675,#784,.T.);
#511=EDGE_CURVE('',#676,#675,#34,.T.);
#512=EDGE_CURVE('',#674,#676,#785,.T.);
#513=EDGE_CURVE('',#677,#675,#786,.T.);
#514=EDGE_CURVE('',#678,#677,#35,.T.);
#515=EDGE_CURVE('',#678,#676,#787,.T.);
#516=EDGE_CURVE('',#677,#679,#788,.T.);
#517=EDGE_CURVE('',#680,#679,#36,.T.);
#518=EDGE_CURVE('',#678,#680,#789,.T.);
#519=EDGE_CURVE('',#679,#681,#790,.T.);
#520=EDGE_CURVE('',#682,#681,#37,.T.);
#521=EDGE_CURVE('',#680,#682,#791,.T.);
#522=EDGE_CURVE('',#681,#683,#792,.T.);
#523=EDGE_CURVE('',#684,#683,#38,.T.);
#524=EDGE_CURVE('',#682,#684,#793,.T.);
#525=EDGE_CURVE('',#685,#683,#794,.T.);
#526=EDGE_CURVE('',#686,#685,#39,.T.);
#527=EDGE_CURVE('',#686,#684,#795,.T.);
#528=EDGE_CURVE('',#685,#687,#796,.T.);
#529=EDGE_CURVE('',#688,#687,#40,.T.);
#530=EDGE_CURVE('',#686,#688,#797,.T.);
#531=EDGE_CURVE('',#687,#689,#798,.T.);
#532=EDGE_CURVE('',#690,#689,#41,.T.);
#533=EDGE_CURVE('',#688,#690,#799,.T.);
#534=EDGE_CURVE('',#689,#691,#800,.T.);
#535=EDGE_CURVE('',#692,#691,#42,.T.);
#536=EDGE_CURVE('',#690,#692,#801,.T.);
#537=EDGE_CURVE('',#693,#691,#802,.T.);
#538=EDGE_CURVE('',#694,#693,#43,.T.);
#539=EDGE_CURVE('',#694,#692,#803,.T.);
#540=EDGE_CURVE('',#693,#695,#804,.T.);
#541=EDGE_CURVE('',#696,#695,#44,.T.);
#542=EDGE_CURVE('',#694,#696,#805,.T.);
#543=EDGE_CURVE('',#695,#697,#806,.T.);
#544=EDGE_CURVE('',#698,#697,#45,.T.);
#545=EDGE_CURVE('',#696,#698,#807,.T.);
#546=EDGE_CURVE('',#697,#699,#808,.T.);
#547=EDGE_CURVE('',#700,#699,#46,.T.);
#548=EDGE_CURVE('',#698,#700,#809,.T.);
#549=EDGE_CURVE('',#701,#699,#810,.T.);
#550=EDGE_CURVE('',#702,#701,#47,.T.);
#551=EDGE_CURVE('',#702,#700,#811,.T.);
#552=EDGE_CURVE('',#701,#703,#812,.T.);
#553=EDGE_CURVE('',#704,#703,#48,.T.);
#554=EDGE_CURVE('',#702,#704,#813,.T.);
#555=EDGE_CURVE('',#703,#705,#814,.T.);
#556=EDGE_CURVE('',#706,#705,#49,.T.);
#557=EDGE_CURVE('',#704,#706,#815,.T.);
#558=EDGE_CURVE('',#705,#636,#816,.T.);
#559=EDGE_CURVE('',#706,#638,#817,.T.);
#560=EDGE_CURVE('',#707,#707,#818,.T.);
#561=EDGE_CURVE('',#708,#708,#819,.T.);
#562=EDGE_CURVE('',#705,#709,#50,.T.);
#563=EDGE_CURVE('',#709,#710,#820,.T.);
#564=EDGE_CURVE('',#636,#710,#51,.T.);
#565=EDGE_CURVE('',#703,#711,#52,.T.);
#566=EDGE_CURVE('',#711,#709,#821,.T.);
#567=EDGE_CURVE('',#701,#712,#53,.T.);
#568=EDGE_CURVE('',#712,#711,#822,.T.);
#569=EDGE_CURVE('',#699,#713,#54,.T.);
#570=EDGE_CURVE('',#712,#713,#823,.T.);
#571=EDGE_CURVE('',#697,#714,#55,.T.);
#572=EDGE_CURVE('',#714,#713,#824,.T.);
#573=EDGE_CURVE('',#695,#715,#56,.T.);
#574=EDGE_CURVE('',#715,#714,#825,.T.);
#575=EDGE_CURVE('',#693,#716,#57,.T.);
#576=EDGE_CURVE('',#716,#715,#826,.T.);
#577=EDGE_CURVE('',#691,#717,#58,.T.);
#578=EDGE_CURVE('',#716,#717,#827,.T.);
#579=EDGE_CURVE('',#689,#718,#59,.T.);
#580=EDGE_CURVE('',#718,#717,#828,.T.);
#581=EDGE_CURVE('',#687,#719,#60,.T.);
#582=EDGE_CURVE('',#719,#718,#829,.T.);
#583=EDGE_CURVE('',#685,#720,#61,.T.);
#584=EDGE_CURVE('',#720,#719,#830,.T.);
#585=EDGE_CURVE('',#683,#721,#62,.T.);
#586=EDGE_CURVE('',#720,#721,#831,.T.);
#587=EDGE_CURVE('',#681,#722,#63,.T.);
#588=EDGE_CURVE('',#722,#721,#832,.T.);
#589=EDGE_CURVE('',#679,#723,#64,.T.);
#590=EDGE_CURVE('',#723,#722,#833,.T.);
#591=EDGE_CURVE('',#677,#724,#65,.T.);
#592=EDGE_CURVE('',#724,#723,#834,.T.);
#593=EDGE_CURVE('',#675,#725,#66,.T.);
#594=EDGE_CURVE('',#724,#725,#835,.T.);
#595=EDGE_CURVE('',#673,#726,#67,.T.);
#596=EDGE_CURVE('',#726,#725,#836,.T.);
#597=EDGE_CURVE('',#671,#727,#68,.T.);
#598=EDGE_CURVE('',#727,#726,#837,.T.);
#599=EDGE_CURVE('',#669,#728,#69,.T.);
#600=EDGE_CURVE('',#728,#727,#838,.T.);
#601=EDGE_CURVE('',#667,#729,#70,.T.);
#602=EDGE_CURVE('',#728,#729,#839,.T.);
#603=EDGE_CURVE('',#665,#730,#71,.T.);
#604=EDGE_CURVE('',#730,#729,#840,.T.);
#605=EDGE_CURVE('',#663,#731,#72,.T.);
#606=EDGE_CURVE('',#731,#730,#841,.T.);
#607=EDGE_CURVE('',#661,#732,#73,.T.);
#608=EDGE_CURVE('',#732,#731,#842,.T.);
#609=EDGE_CURVE('',#659,#733,#74,.T.);
#610=EDGE_CURVE('',#732,#733,#843,.T.);
#611=EDGE_CURVE('',#657,#734,#75,.T.);
#612=EDGE_CURVE('',#734,#733,#844,.T.);
#613=EDGE_CURVE('',#655,#735,#76,.T.);
#614=EDGE_CURVE('',#735,#734,#845,.T.);
#615=EDGE_CURVE('',#653,#736,#77,.T.);
#616=EDGE_CURVE('',#736,#735,#846,.T.);
#617=EDGE_CURVE('',#651,#737,#78,.T.);
#618=EDGE_CURVE('',#736,#737,#847,.T.);
#619=EDGE_CURVE('',#649,#738,#79,.T.);
#620=EDGE_CURVE('',#738,#737,#848,.T.);
#621=EDGE_CURVE('',#647,#739,#80,.T.);
#622=EDGE_CURVE('',#739,#738,#849,.T.);
#623=EDGE_CURVE('',#645,#740,#81,.T.);
#624=EDGE_CURVE('',#740,#739,#850,.T.);
#625=EDGE_CURVE('',#643,#741,#82,.T.);
#626=EDGE_CURVE('',#740,#741,#851,.T.);
#627=EDGE_CURVE('',#641,#742,#83,.T.);
#628=EDGE_CURVE('',#742,#741,#852,.T.);
#629=EDGE_CURVE('',#639,#743,#84,.T.);
#630=EDGE_CURVE('',#743,#742,#853,.T.);
#631=EDGE_CURVE('',#635,#744,#85,.T.);
#632=EDGE_CURVE('',#744,#743,#854,.T.);
#633=EDGE_CURVE('',#744,#710,#855,.T.);
#634=EDGE_CURVE('',#745,#745,#856,.T.);
#635=VERTEX_POINT('',#1746);
#636=VERTEX_POINT('',#1747);
#637=VERTEX_POINT('',#1752);
#638=VERTEX_POINT('',#1754);
#639=VERTEX_POINT('',#1761);
#640=VERTEX_POINT('',#1766);
#641=VERTEX_POINT('',#1770);
#642=VERTEX_POINT('',#1775);
#643=VERTEX_POINT('',#1779);
#644=VERTEX_POINT('',#1784);
#645=VERTEX_POINT('',#1788);
#646=VERTEX_POINT('',#1793);
#647=VERTEX_POINT('',#1797);
#648=VERTEX_POINT('',#1802);
#649=VERTEX_POINT('',#1806);
#650=VERTEX_POINT('',#1811);
#651=VERTEX_POINT('',#1815);
#652=VERTEX_POINT('',#1820);
#653=VERTEX_POINT('',#1824);
#654=VERTEX_POINT('',#1829);
#655=VERTEX_POINT('',#1833);
#656=VERTEX_POINT('',#1838);
#657=VERTEX_POINT('',#1842);
#658=VERTEX_POINT('',#1847);
#659=VERTEX_POINT('',#1851);
#660=VERTEX_POINT('',#1856);
#661=VERTEX_POINT('',#1860);
#662=VERTEX_POINT('',#1865);
#663=VERTEX_POINT('',#1869);
#664=VERTEX_POINT('',#1874);
#665=VERTEX_POINT('',#1878);
#666=VERTEX_POINT('',#1883);
#667=VERTEX_POINT('',#1887);
#668=VERTEX_POINT('',#1892);
#669=VERTEX_POINT('',#1896);
#670=VERTEX_POINT('',#1901);
#671=VERTEX_POINT('',#1905);
#672=VERTEX_POINT('',#1910);
#673=VERTEX_POINT('',#1914);
#674=VERTEX_POINT('',#1919);
#675=VERTEX_POINT('',#1923);
#676=VERTEX_POINT('',#1928);
#677=VERTEX_POINT('',#1932);
#678=VERTEX_POINT('',#1937);
#679=VERTEX_POINT('',#1941);
#680=VERTEX_POINT('',#1946);
#681=VERTEX_POINT('',#1950);
#682=VERTEX_POINT('',#1955);
#683=VERTEX_POINT('',#1959);
#684=VERTEX_POINT('',#1964);
#685=VERTEX_POINT('',#1968);
#686=VERTEX_POINT('',#1973);
#687=VERTEX_POINT('',#1977);
#688=VERTEX_POINT('',#1982);
#689=VERTEX_POINT('',#1986);
#690=VERTEX_POINT('',#1991);
#691=VERTEX_POINT('',#1995);
#692=VERTEX_POINT('',#2000);
#693=VERTEX_POINT('',#2004);
#694=VERTEX_POINT('',#2009);
#695=VERTEX_POINT('',#2013);
#696=VERTEX_POINT('',#2018);
#697=VERTEX_POINT('',#2022);
#698=VERTEX_POINT('',#2027);
#699=VERTEX_POINT('',#2031);
#700=VERTEX_POINT('',#2036);
#701=VERTEX_POINT('',#2040);
#702=VERTEX_POINT('',#2045);
#703=VERTEX_POINT('',#2049);
#704=VERTEX_POINT('',#2054);
#705=VERTEX_POINT('',#2058);
#706=VERTEX_POINT('',#2063);
#707=VERTEX_POINT('',#2070);
#708=VERTEX_POINT('',#2072);
#709=VERTEX_POINT('',#2079);
#710=VERTEX_POINT('',#2081);
#711=VERTEX_POINT('',#2091);
#712=VERTEX_POINT('',#2098);
#713=VERTEX_POINT('',#2105);
#714=VERTEX_POINT('',#2112);
#715=VERTEX_POINT('',#2119);
#716=VERTEX_POINT('',#2126);
#717=VERTEX_POINT('',#2133);
#718=VERTEX_POINT('',#2140);
#719=VERTEX_POINT('',#2147);
#720=VERTEX_POINT('',#2154);
#721=VERTEX_POINT('',#2161);
#722=VERTEX_POINT('',#2168);
#723=VERTEX_POINT('',#2175);
#724=VERTEX_POINT('',#2182);
#725=VERTEX_POINT('',#2189);
#726=VERTEX_POINT('',#2196);
#727=VERTEX_POINT('',#2203);
#728=VERTEX_POINT('',#2210);
#729=VERTEX_POINT('',#2217);
#730=VERTEX_POINT('',#2224);
#731=VERTEX_POINT('',#2231);
#732=VERTEX_POINT('',#2238);
#733=VERTEX_POINT('',#2245);
#734=VERTEX_POINT('',#2252);
#735=VERTEX_POINT('',#2259);
#736=VERTEX_POINT('',#2266);
#737=VERTEX_POINT('',#2273);
#738=VERTEX_POINT('',#2280);
#739=VERTEX_POINT('',#2287);
#740=VERTEX_POINT('',#2294);
#741=VERTEX_POINT('',#2301);
#742=VERTEX_POINT('',#2308);
#743=VERTEX_POINT('',#2315);
#744=VERTEX_POINT('',#2322);
#745=VERTEX_POINT('',#2328);
#746=CIRCLE('',#1181,0.00576704052823637);
#747=CIRCLE('',#1182,0.00592221605544822);
#748=CIRCLE('',#1184,0.00635);
#749=CIRCLE('',#1185,0.00619482447278815);
#750=CIRCLE('',#1187,0.00707191142869963);
#751=CIRCLE('',#1188,0.00691673590148778);
#752=CIRCLE('',#1190,0.005715);
#753=CIRCLE('',#1191,0.00555982447278814);
#754=CIRCLE('',#1193,0.00576704052823637);
#755=CIRCLE('',#1194,0.00592221605544822);
#756=CIRCLE('',#1196,0.00635);
#757=CIRCLE('',#1197,0.00619482447278815);
#758=CIRCLE('',#1199,0.00707191142869961);
#759=CIRCLE('',#1200,0.00691673590148776);
#760=CIRCLE('',#1202,0.005715);
#761=CIRCLE('',#1203,0.00555982447278815);
#762=CIRCLE('',#1205,0.00576704052823637);
#763=CIRCLE('',#1206,0.00592221605544822);
#764=CIRCLE('',#1208,0.00635);
#765=CIRCLE('',#1209,0.00619482447278815);
#766=CIRCLE('',#1211,0.00707191142869963);
#767=CIRCLE('',#1212,0.00691673590148777);
#768=CIRCLE('',#1214,0.005715);
#769=CIRCLE('',#1215,0.00555982447278814);
#770=CIRCLE('',#1217,0.00576704052823637);
#771=CIRCLE('',#1218,0.00592221605544822);
#772=CIRCLE('',#1220,0.00635);
#773=CIRCLE('',#1221,0.00619482447278815);
#774=CIRCLE('',#1223,0.00707191142869962);
#775=CIRCLE('',#1224,0.00691673590148777);
#776=CIRCLE('',#1226,0.005715);
#777=CIRCLE('',#1227,0.00555982447278815);
#778=CIRCLE('',#1229,0.00576704052823637);
#779=CIRCLE('',#1230,0.00592221605544822);
#780=CIRCLE('',#1232,0.00635);
#781=CIRCLE('',#1233,0.00619482447278815);
#782=CIRCLE('',#1235,0.00707191142869962);
#783=CIRCLE('',#1236,0.00691673590148777);
#784=CIRCLE('',#1238,0.005715);
#785=CIRCLE('',#1239,0.00555982447278814);
#786=CIRCLE('',#1241,0.00576704052823637);
#787=CIRCLE('',#1242,0.00592221605544822);
#788=CIRCLE('',#1244,0.00635);
#789=CIRCLE('',#1245,0.00619482447278815);
#790=CIRCLE('',#1247,0.00707191142869964);
#791=CIRCLE('',#1248,0.00691673590148778);
#792=CIRCLE('',#1250,0.005715);
#793=CIRCLE('',#1251,0.00555982447278812);
#794=CIRCLE('',#1253,0.00576704052823636);
#795=CIRCLE('',#1254,0.00592221605544822);
#796=CIRCLE('',#1256,0.00635);
#797=CIRCLE('',#1257,0.00619482447278814);
#798=CIRCLE('',#1259,0.00707191142869963);
#799=CIRCLE('',#1260,0.00691673590148777);
#800=CIRCLE('',#1262,0.005715);
#801=CIRCLE('',#1263,0.00555982447278814);
#802=CIRCLE('',#1265,0.00576704052823637);
#803=CIRCLE('',#1266,0.00592221605544822);
#804=CIRCLE('',#1268,0.00635);
#805=CIRCLE('',#1269,0.00619482447278815);
#806=CIRCLE('',#1271,0.00707191142869961);
#807=CIRCLE('',#1272,0.00691673590148776);
#808=CIRCLE('',#1274,0.005715);
#809=CIRCLE('',#1275,0.00555982447278814);
#810=CIRCLE('',#1277,0.00576704052823637);
#811=CIRCLE('',#1278,0.00592221605544822);
#812=CIRCLE('',#1280,0.00635);
#813=CIRCLE('',#1281,0.00619482447278816);
#814=CIRCLE('',#1283,0.00707191142869963);
#815=CIRCLE('',#1284,0.00691673590148777);
#816=CIRCLE('',#1286,0.005715);
#817=CIRCLE('',#1287,0.00555982447278814);
#818=CIRCLE('',#1289,0.003175);
#819=CIRCLE('',#1290,0.00333017552721185);
#820=CIRCLE('',#1293,0.00555982447278814);
#821=CIRCLE('',#1295,0.00691673590148777);
#822=CIRCLE('',#1297,0.00619482447278816);
#823=CIRCLE('',#1299,0.00592221605544822);
#824=CIRCLE('',#1301,0.00555982447278814);
#825=CIRCLE('',#1303,0.00691673590148776);
#826=CIRCLE('',#1305,0.00619482447278815);
#827=CIRCLE('',#1307,0.00592221605544822);
#828=CIRCLE('',#1309,0.00555982447278814);
#829=CIRCLE('',#1311,0.00691673590148777);
#830=CIRCLE('',#1313,0.00619482447278814);
#831=CIRCLE('',#1315,0.00592221605544822);
#832=CIRCLE('',#1317,0.00555982447278812);
#833=CIRCLE('',#1319,0.00691673590148778);
#834=CIRCLE('',#1321,0.00619482447278815);
#835=CIRCLE('',#1323,0.00592221605544822);
#836=CIRCLE('',#1325,0.00555982447278814);
#837=CIRCLE('',#1327,0.00691673590148777);
#838=CIRCLE('',#1329,0.00619482447278815);
#839=CIRCLE('',#1331,0.00592221605544822);
#840=CIRCLE('',#1333,0.00555982447278815);
#841=CIRCLE('',#1335,0.00691673590148777);
#842=CIRCLE('',#1337,0.00619482447278815);
#843=CIRCLE('',#1339,0.00592221605544822);
#844=CIRCLE('',#1341,0.00555982447278814);
#845=CIRCLE('',#1343,0.00691673590148777);
#846=CIRCLE('',#1345,0.00619482447278815);
#847=CIRCLE('',#1347,0.00592221605544822);
#848=CIRCLE('',#1349,0.00555982447278815);
#849=CIRCLE('',#1351,0.00691673590148776);
#850=CIRCLE('',#1353,0.00619482447278815);
#851=CIRCLE('',#1355,0.00592221605544822);
#852=CIRCLE('',#1357,0.00555982447278814);
#853=CIRCLE('',#1359,0.00691673590148778);
#854=CIRCLE('',#1361,0.00619482447278815);
#855=CIRCLE('',#1363,0.00592221605544822);
#856=CIRCLE('',#1365,0.00333017552721185);
#857=EDGE_LOOP('',(#86,#87,#88,#89));
#858=EDGE_LOOP('',(#90,#91,#92,#93));
#859=EDGE_LOOP('',(#94,#95,#96,#97));
#860=EDGE_LOOP('',(#98,#99,#100,#101));
#861=EDGE_LOOP('',(#102,#103,#104,#105));
#862=EDGE_LOOP('',(#106,#107,#108,#109));
#863=EDGE_LOOP('',(#110,#111,#112,#113));
#864=EDGE_LOOP('',(#114,#115,#116,#117));
#865=EDGE_LOOP('',(#118,#119,#120,#121));
#866=EDGE_LOOP('',(#122,#123,#124,#125));
#867=EDGE_LOOP('',(#126,#127,#128,#129));
#868=EDGE_LOOP('',(#130,#131,#132,#133));
#869=EDGE_LOOP('',(#134,#135,#136,#137));
#870=EDGE_LOOP('',(#138,#139,#140,#141));
#871=EDGE_LOOP('',(#142,#143,#144,#145));
#872=EDGE_LOOP('',(#146,#147,#148,#149));
#873=EDGE_LOOP('',(#150,#151,#152,#153));
#874=EDGE_LOOP('',(#154,#155,#156,#157));
#875=EDGE_LOOP('',(#158,#159,#160,#161));
#876=EDGE_LOOP('',(#162,#163,#164,#165));
#877=EDGE_LOOP('',(#166,#167,#168,#169));
#878=EDGE_LOOP('',(#170,#171,#172,#173));
#879=EDGE_LOOP('',(#174,#175,#176,#177));
#880=EDGE_LOOP('',(#178,#179,#180,#181));
#881=EDGE_LOOP('',(#182,#183,#184,#185));
#882=EDGE_LOOP('',(#186,#187,#188,#189));
#883=EDGE_LOOP('',(#190,#191,#192,#193));
#884=EDGE_LOOP('',(#194,#195,#196,#197));
#885=EDGE_LOOP('',(#198,#199,#200,#201));
#886=EDGE_LOOP('',(#202,#203,#204,#205));
#887=EDGE_LOOP('',(#206,#207,#208,#209));
#888=EDGE_LOOP('',(#210,#211,#212,#213));
#889=EDGE_LOOP('',(#214,#215,#216,#217));
#890=EDGE_LOOP('',(#218,#219,#220,#221));
#891=EDGE_LOOP('',(#222,#223,#224,#225));
#892=EDGE_LOOP('',(#226,#227,#228,#229));
#893=EDGE_LOOP('',(#230));
#894=EDGE_LOOP('',(#231));
#895=EDGE_LOOP('',(#232,#233,#234,#235,#236,#237,#238,#239,#240,#241,#242,
#243,#244,#245,#246,#247,#248,#249,#250,#251,#252,#253,#254,#255,#256,#257,
#258,#259,#260,#261,#262,#263,#264,#265,#266,#267));
#896=EDGE_LOOP('',(#268));
#897=EDGE_LOOP('',(#269,#270,#271,#272));
#898=EDGE_LOOP('',(#273,#274,#275,#276));
#899=EDGE_LOOP('',(#277,#278,#279,#280));
#900=EDGE_LOOP('',(#281,#282,#283,#284));
#901=EDGE_LOOP('',(#285,#286,#287,#288));
#902=EDGE_LOOP('',(#289,#290,#291,#292));
#903=EDGE_LOOP('',(#293,#294,#295,#296));
#904=EDGE_LOOP('',(#297,#298,#299,#300));
#905=EDGE_LOOP('',(#301,#302,#303,#304));
#906=EDGE_LOOP('',(#305,#306,#307,#308));
#907=EDGE_LOOP('',(#309,#310,#311,#312));
#908=EDGE_LOOP('',(#313,#314,#315,#316));
#909=EDGE_LOOP('',(#317,#318,#319,#320));
#910=EDGE_LOOP('',(#321,#322,#323,#324));
#911=EDGE_LOOP('',(#325,#326,#327,#328));
#912=EDGE_LOOP('',(#329,#330,#331,#332));
#913=EDGE_LOOP('',(#333,#334,#335,#336));
#914=EDGE_LOOP('',(#337,#338,#339,#340));
#915=EDGE_LOOP('',(#341,#342,#343,#344));
#916=EDGE_LOOP('',(#345,#346,#347,#348));
#917=EDGE_LOOP('',(#349,#350,#351,#352));
#918=EDGE_LOOP('',(#353,#354,#355,#356));
#919=EDGE_LOOP('',(#357,#358,#359,#360));
#920=EDGE_LOOP('',(#361,#362,#363,#364));
#921=EDGE_LOOP('',(#365,#366,#367,#368));
#922=EDGE_LOOP('',(#369,#370,#371,#372));
#923=EDGE_LOOP('',(#373,#374,#375,#376));
#924=EDGE_LOOP('',(#377,#378,#379,#380));
#925=EDGE_LOOP('',(#381,#382,#383,#384));
#926=EDGE_LOOP('',(#385,#386,#387,#388));
#927=EDGE_LOOP('',(#389,#390,#391,#392));
#928=EDGE_LOOP('',(#393,#394,#395,#396));
#929=EDGE_LOOP('',(#397,#398,#399,#400));
#930=EDGE_LOOP('',(#401,#402,#403,#404));
#931=EDGE_LOOP('',(#405,#406,#407,#408));
#932=EDGE_LOOP('',(#409,#410,#411,#412));
#933=EDGE_LOOP('',(#413,#414,#415,#416,#417,#418,#419,#420,#421,#422,#423,
#424,#425,#426,#427,#428,#429,#430,#431,#432,#433,#434,#435,#436,#437,#438,
#439,#440,#441,#442,#443,#444,#445,#446,#447,#448));
#934=EDGE_LOOP('',(#449));
#935=EDGE_LOOP('',(#450));
#936=EDGE_LOOP('',(#451));
#937=FACE_BOUND('',#857,.T.);
#938=FACE_BOUND('',#858,.T.);
#939=FACE_BOUND('',#859,.T.);
#940=FACE_BOUND('',#860,.T.);
#941=FACE_BOUND('',#861,.T.);
#942=FACE_BOUND('',#862,.T.);
#943=FACE_BOUND('',#863,.T.);
#944=FACE_BOUND('',#864,.T.);
#945=FACE_BOUND('',#865,.T.);
#946=FACE_BOUND('',#866,.T.);
#947=FACE_BOUND('',#867,.T.);
#948=FACE_BOUND('',#868,.T.);
#949=FACE_BOUND('',#869,.T.);
#950=FACE_BOUND('',#870,.T.);
#951=FACE_BOUND('',#871,.T.);
#952=FACE_BOUND('',#872,.T.);
#953=FACE_BOUND('',#873,.T.);
#954=FACE_BOUND('',#874,.T.);
#955=FACE_BOUND('',#875,.T.);
#956=FACE_BOUND('',#876,.T.);
#957=FACE_BOUND('',#877,.T.);
#958=FACE_BOUND('',#878,.T.);
#959=FACE_BOUND('',#879,.T.);
#960=FACE_BOUND('',#880,.T.);
#961=FACE_BOUND('',#881,.T.);
#962=FACE_BOUND('',#882,.T.);
#963=FACE_BOUND('',#883,.T.);
#964=FACE_BOUND('',#884,.T.);
#965=FACE_BOUND('',#885,.T.);
#966=FACE_BOUND('',#886,.T.);
#967=FACE_BOUND('',#887,.T.);
#968=FACE_BOUND('',#888,.T.);
#969=FACE_BOUND('',#889,.T.);
#970=FACE_BOUND('',#890,.T.);
#971=FACE_BOUND('',#891,.T.);
#972=FACE_BOUND('',#892,.T.);
#973=FACE_BOUND('',#893,.T.);
#974=FACE_BOUND('',#894,.T.);
#975=FACE_BOUND('',#895,.T.);
#976=FACE_BOUND('',#896,.T.);
#977=FACE_BOUND('',#897,.T.);
#978=FACE_BOUND('',#898,.T.);
#979=FACE_BOUND('',#899,.T.);
#980=FACE_BOUND('',#900,.T.);
#981=FACE_BOUND('',#901,.T.);
#982=FACE_BOUND('',#902,.T.);
#983=FACE_BOUND('',#903,.T.);
#984=FACE_BOUND('',#904,.T.);
#985=FACE_BOUND('',#905,.T.);
#986=FACE_BOUND('',#906,.T.);
#987=FACE_BOUND('',#907,.T.);
#988=FACE_BOUND('',#908,.T.);
#989=FACE_BOUND('',#909,.T.);
#990=FACE_BOUND('',#910,.T.);
#991=FACE_BOUND('',#911,.T.);
#992=FACE_BOUND('',#912,.T.);
#993=FACE_BOUND('',#913,.T.);
#994=FACE_BOUND('',#914,.T.);
#995=FACE_BOUND('',#915,.T.);
#996=FACE_BOUND('',#916,.T.);
#997=FACE_BOUND('',#917,.T.);
#998=FACE_BOUND('',#918,.T.);
#999=FACE_BOUND('',#919,.T.);
#1000=FACE_BOUND('',#920,.T.);
#1001=FACE_BOUND('',#921,.T.);
#1002=FACE_BOUND('',#922,.T.);
#1003=FACE_BOUND('',#923,.T.);
#1004=FACE_BOUND('',#924,.T.);
#1005=FACE_BOUND('',#925,.T.);
#1006=FACE_BOUND('',#926,.T.);
#1007=FACE_BOUND('',#927,.T.);
#1008=FACE_BOUND('',#928,.T.);
#1009=FACE_BOUND('',#929,.T.);
#1010=FACE_BOUND('',#930,.T.);
#1011=FACE_BOUND('',#931,.T.);
#1012=FACE_BOUND('',#932,.T.);
#1013=FACE_BOUND('',#933,.T.);
#1014=FACE_BOUND('',#934,.T.);
#1015=FACE_BOUND('',#935,.T.);
#1016=FACE_BOUND('',#936,.T.);
#1017=CONICAL_SURFACE('',#1180,0.00576704052823637,0.0174532925199433);
#1018=CONICAL_SURFACE('',#1183,0.00635,0.0174532925199433);
#1019=CONICAL_SURFACE('',#1186,0.00707191142869963,0.0174532925199433);
#1020=CONICAL_SURFACE('',#1189,0.005715,0.0174532925199433);
#1021=CONICAL_SURFACE('',#1192,0.00576704052823637,0.0174532925199433);
#1022=CONICAL_SURFACE('',#1195,0.00635,0.0174532925199433);
#1023=CONICAL_SURFACE('',#1198,0.00707191142869961,0.0174532925199433);
#1024=CONICAL_SURFACE('',#1201,0.005715,0.0174532925199433);
#1025=CONICAL_SURFACE('',#1204,0.00576704052823637,0.0174532925199433);
#1026=CONICAL_SURFACE('',#1207,0.00635,0.0174532925199433);
#1027=CONICAL_SURFACE('',#1210,0.00707191142869963,0.0174532925199433);
#1028=CONICAL_SURFACE('',#1213,0.005715,0.0174532925199433);
#1029=CONICAL_SURFACE('',#1216,0.00576704052823637,0.0174532925199433);
#1030=CONICAL_SURFACE('',#1219,0.00635,0.0174532925199433);
#1031=CONICAL_SURFACE('',#1222,0.00707191142869962,0.0174532925199433);
#1032=CONICAL_SURFACE('',#1225,0.005715,0.0174532925199433);
#1033=CONICAL_SURFACE('',#1228,0.00576704052823637,0.0174532925199433);
#1034=CONICAL_SURFACE('',#1231,0.00635,0.0174532925199433);
#1035=CONICAL_SURFACE('',#1234,0.00707191142869962,0.0174532925199433);
#1036=CONICAL_SURFACE('',#1237,0.005715,0.0174532925199433);
#1037=CONICAL_SURFACE('',#1240,0.00576704052823637,0.0174532925199433);
#1038=CONICAL_SURFACE('',#1243,0.00635,0.0174532925199433);
#1039=CONICAL_SURFACE('',#1246,0.00707191142869964,0.0174532925199433);
#1040=CONICAL_SURFACE('',#1249,0.005715,0.0174532925199433);
#1041=CONICAL_SURFACE('',#1252,0.00576704052823636,0.0174532925199433);
#1042=CONICAL_SURFACE('',#1255,0.00635,0.0174532925199433);
#1043=CONICAL_SURFACE('',#1258,0.00707191142869963,0.0174532925199433);
#1044=CONICAL_SURFACE('',#1261,0.005715,0.0174532925199433);
#1045=CONICAL_SURFACE('',#1264,0.00576704052823637,0.0174532925199433);
#1046=CONICAL_SURFACE('',#1267,0.00635,0.0174532925199433);
#1047=CONICAL_SURFACE('',#1270,0.00707191142869961,0.0174532925199433);
#1048=CONICAL_SURFACE('',#1273,0.005715,0.0174532925199433);
#1049=CONICAL_SURFACE('',#1276,0.00576704052823637,0.0174532925199433);
#1050=CONICAL_SURFACE('',#1279,0.00635,0.0174532925199433);
#1051=CONICAL_SURFACE('',#1282,0.00707191142869963,0.0174532925199433);
#1052=CONICAL_SURFACE('',#1285,0.005715,0.0174532925199433);
#1053=CONICAL_SURFACE('',#1288,0.003175,0.0174532925199433);
#1054=CONICAL_SURFACE('',#1292,0.005715,0.0174532925199433);
#1055=CONICAL_SURFACE('',#1294,0.00707191142869963,0.0174532925199433);
#1056=CONICAL_SURFACE('',#1296,0.00635,0.0174532925199433);
#1057=CONICAL_SURFACE('',#1298,0.00576704052823637,0.0174532925199433);
#1058=CONICAL_SURFACE('',#1300,0.005715,0.0174532925199433);
#1059=CONICAL_SURFACE('',#1302,0.00707191142869961,0.0174532925199433);
#1060=CONICAL_SURFACE('',#1304,0.00635,0.0174532925199433);
#1061=CONICAL_SURFACE('',#1306,0.00576704052823637,0.0174532925199433);
#1062=CONICAL_SURFACE('',#1308,0.005715,0.0174532925199433);
#1063=CONICAL_SURFACE('',#1310,0.00707191142869963,0.0174532925199433);
#1064=CONICAL_SURFACE('',#1312,0.00635,0.0174532925199433);
#1065=CONICAL_SURFACE('',#1314,0.00576704052823636,0.0174532925199433);
#1066=CONICAL_SURFACE('',#1316,0.005715,0.0174532925199433);
#1067=CONICAL_SURFACE('',#1318,0.00707191142869964,0.0174532925199433);
#1068=CONICAL_SURFACE('',#1320,0.00635,0.0174532925199433);
#1069=CONICAL_SURFACE('',#1322,0.00576704052823637,0.0174532925199433);
#1070=CONICAL_SURFACE('',#1324,0.005715,0.0174532925199433);
#1071=CONICAL_SURFACE('',#1326,0.00707191142869962,0.0174532925199433);
#1072=CONICAL_SURFACE('',#1328,0.00635,0.0174532925199433);
#1073=CONICAL_SURFACE('',#1330,0.00576704052823637,0.0174532925199433);
#1074=CONICAL_SURFACE('',#1332,0.005715,0.0174532925199433);
#1075=CONICAL_SURFACE('',#1334,0.00707191142869962,0.0174532925199433);
#1076=CONICAL_SURFACE('',#1336,0.00635,0.0174532925199433);
#1077=CONICAL_SURFACE('',#1338,0.00576704052823637,0.0174532925199433);
#1078=CONICAL_SURFACE('',#1340,0.005715,0.0174532925199433);
#1079=CONICAL_SURFACE('',#1342,0.00707191142869963,0.0174532925199433);
#1080=CONICAL_SURFACE('',#1344,0.00635,0.0174532925199433);
#1081=CONICAL_SURFACE('',#1346,0.00576704052823637,0.0174532925199433);
#1082=CONICAL_SURFACE('',#1348,0.005715,0.0174532925199433);
#1083=CONICAL_SURFACE('',#1350,0.00707191142869961,0.0174532925199433);
#1084=CONICAL_SURFACE('',#1352,0.00635,0.0174532925199433);
#1085=CONICAL_SURFACE('',#1354,0.00576704052823637,0.0174532925199433);
#1086=CONICAL_SURFACE('',#1356,0.005715,0.0174532925199433);
#1087=CONICAL_SURFACE('',#1358,0.00707191142869963,0.0174532925199433);
#1088=CONICAL_SURFACE('',#1360,0.00635,0.0174532925199433);
#1089=CONICAL_SURFACE('',#1362,0.00576704052823637,0.0174532925199433);
#1090=CONICAL_SURFACE('',#1366,0.003175,0.0174532925199433);
#1091=ADVANCED_FACE('',(#937),#1017,.F.);
#1092=ADVANCED_FACE('',(#938),#1018,.T.);
#1093=ADVANCED_FACE('',(#939),#1019,.T.);
#1094=ADVANCED_FACE('',(#940),#1020,.T.);
#1095=ADVANCED_FACE('',(#941),#1021,.F.);
#1096=ADVANCED_FACE('',(#942),#1022,.T.);
#1097=ADVANCED_FACE('',(#943),#1023,.T.);
#1098=ADVANCED_FACE('',(#944),#1024,.T.);
#1099=ADVANCED_FACE('',(#945),#1025,.F.);
#1100=ADVANCED_FACE('',(#946),#1026,.T.);
#1101=ADVANCED_FACE('',(#947),#1027,.T.);
#1102=ADVANCED_FACE('',(#948),#1028,.T.);
#1103=ADVANCED_FACE('',(#949),#1029,.F.);
#1104=ADVANCED_FACE('',(#950),#1030,.T.);
#1105=ADVANCED_FACE('',(#951),#1031,.T.);
#1106=ADVANCED_FACE('',(#952),#1032,.T.);
#1107=ADVANCED_FACE('',(#953),#1033,.F.);
#1108=ADVANCED_FACE('',(#954),#1034,.T.);
#1109=ADVANCED_FACE('',(#955),#1035,.T.);
#1110=ADVANCED_FACE('',(#956),#1036,.T.);
#1111=ADVANCED_FACE('',(#957),#1037,.F.);
#1112=ADVANCED_FACE('',(#958),#1038,.T.);
#1113=ADVANCED_FACE('',(#959),#1039,.T.);
#1114=ADVANCED_FACE('',(#960),#1040,.T.);
#1115=ADVANCED_FACE('',(#961),#1041,.F.);
#1116=ADVANCED_FACE('',(#962),#1042,.T.);
#1117=ADVANCED_FACE('',(#963),#1043,.T.);
#1118=ADVANCED_FACE('',(#964),#1044,.T.);
#1119=ADVANCED_FACE('',(#965),#1045,.F.);
#1120=ADVANCED_FACE('',(#966),#1046,.T.);
#1121=ADVANCED_FACE('',(#967),#1047,.T.);
#1122=ADVANCED_FACE('',(#968),#1048,.T.);
#1123=ADVANCED_FACE('',(#969),#1049,.F.);
#1124=ADVANCED_FACE('',(#970),#1050,.T.);
#1125=ADVANCED_FACE('',(#971),#1051,.T.);
#1126=ADVANCED_FACE('',(#972),#1052,.T.);
#1127=ADVANCED_FACE('',(#973,#974),#1053,.F.);
#1128=ADVANCED_FACE('',(#975,#976),#12,.T.);
#1129=ADVANCED_FACE('',(#977),#1054,.T.);
#1130=ADVANCED_FACE('',(#978),#1055,.T.);
#1131=ADVANCED_FACE('',(#979),#1056,.T.);
#1132=ADVANCED_FACE('',(#980),#1057,.F.);
#1133=ADVANCED_FACE('',(#981),#1058,.T.);
#1134=ADVANCED_FACE('',(#982),#1059,.T.);
#1135=ADVANCED_FACE('',(#983),#1060,.T.);
#1136=ADVANCED_FACE('',(#984),#1061,.F.);
#1137=ADVANCED_FACE('',(#985),#1062,.T.);
#1138=ADVANCED_FACE('',(#986),#1063,.T.);
#1139=ADVANCED_FACE('',(#987),#1064,.T.);
#1140=ADVANCED_FACE('',(#988),#1065,.F.);
#1141=ADVANCED_FACE('',(#989),#1066,.T.);
#1142=ADVANCED_FACE('',(#990),#1067,.T.);
#1143=ADVANCED_FACE('',(#991),#1068,.T.);
#1144=ADVANCED_FACE('',(#992),#1069,.F.);
#1145=ADVANCED_FACE('',(#993),#1070,.T.);
#1146=ADVANCED_FACE('',(#994),#1071,.T.);
#1147=ADVANCED_FACE('',(#995),#1072,.T.);
#1148=ADVANCED_FACE('',(#996),#1073,.F.);
#1149=ADVANCED_FACE('',(#997),#1074,.T.);
#1150=ADVANCED_FACE('',(#998),#1075,.T.);
#1151=ADVANCED_FACE('',(#999),#1076,.T.);
#1152=ADVANCED_FACE('',(#1000),#1077,.F.);
#1153=ADVANCED_FACE('',(#1001),#1078,.T.);
#1154=ADVANCED_FACE('',(#1002),#1079,.T.);
#1155=ADVANCED_FACE('',(#1003),#1080,.T.);
#1156=ADVANCED_FACE('',(#1004),#1081,.F.);
#1157=ADVANCED_FACE('',(#1005),#1082,.T.);
#1158=ADVANCED_FACE('',(#1006),#1083,.T.);
#1159=ADVANCED_FACE('',(#1007),#1084,.T.);
#1160=ADVANCED_FACE('',(#1008),#1085,.F.);
#1161=ADVANCED_FACE('',(#1009),#1086,.T.);
#1162=ADVANCED_FACE('',(#1010),#1087,.T.);
#1163=ADVANCED_FACE('',(#1011),#1088,.T.);
#1164=ADVANCED_FACE('',(#1012),#1089,.F.);
#1165=ADVANCED_FACE('',(#1013,#1014),#13,.F.);
#1166=ADVANCED_FACE('',(#1015,#1016),#1090,.F.);
#1167=CLOSED_SHELL('',(#1091,#1092,#1093,#1094,#1095,#1096,#1097,#1098,
#1099,#1100,#1101,#1102,#1103,#1104,#1105,#1106,#1107,#1108,#1109,#1110,
#1111,#1112,#1113,#1114,#1115,#1116,#1117,#1118,#1119,#1120,#1121,#1122,
#1123,#1124,#1125,#1126,#1127,#1128,#1129,#1130,#1131,#1132,#1133,#1134,
#1135,#1136,#1137,#1138,#1139,#1140,#1141,#1142,#1143,#1144,#1145,#1146,
#1147,#1148,#1149,#1150,#1151,#1152,#1153,#1154,#1155,#1156,#1157,#1158,
#1159,#1160,#1161,#1162,#1163,#1164,#1165,#1166));
#1168=STYLED_ITEM('',(#1169),#1176);
#1169=PRESENTATION_STYLE_ASSIGNMENT((#1170));
#1170=SURFACE_STYLE_USAGE(.BOTH.,#1171);
#1171=SURFACE_SIDE_STYLE('',(#1172));
#1172=SURFACE_STYLE_FILL_AREA(#1173);
#1173=FILL_AREA_STYLE('',(#1174));
#1174=FILL_AREA_STYLE_COLOUR('',#1175);
#1175=COLOUR_RGB('',0.850980392156863,0.756862745098039,0.866666666666667);
#1176=MANIFOLD_SOLID_BREP('fin',#1167);
#1177=SHAPE_DEFINITION_REPRESENTATION(#2336,#1178);
#1178=SHAPE_REPRESENTATION('fin',(#1179),#2331);
#1179=AXIS2_PLACEMENT_3D('',#1743,#1367,#1368);
#1180=AXIS2_PLACEMENT_3D('',#1744,#1369,#1370);
#1181=AXIS2_PLACEMENT_3D('',#1745,#1371,#1372);
#1182=AXIS2_PLACEMENT_3D('',#1753,#1373,#1374);
#1183=AXIS2_PLACEMENT_3D('',#1759,#1375,#1376);
#1184=AXIS2_PLACEMENT_3D('',#1760,#1377,#1378);
#1185=AXIS2_PLACEMENT_3D('',#1767,#1379,#1380);
#1186=AXIS2_PLACEMENT_3D('',#1768,#1381,#1382);
#1187=AXIS2_PLACEMENT_3D('',#1769,#1383,#1384);
#1188=AXIS2_PLACEMENT_3D('',#1776,#1385,#1386);
#1189=AXIS2_PLACEMENT_3D('',#1777,#1387,#1388);
#1190=AXIS2_PLACEMENT_3D('',#1778,#1389,#1390);
#1191=AXIS2_PLACEMENT_3D('',#1785,#1391,#1392);
#1192=AXIS2_PLACEMENT_3D('',#1786,#1393,#1394);
#1193=AXIS2_PLACEMENT_3D('',#1787,#1395,#1396);
#1194=AXIS2_PLACEMENT_3D('',#1794,#1397,#1398);
#1195=AXIS2_PLACEMENT_3D('',#1795,#1399,#1400);
#1196=AXIS2_PLACEMENT_3D('',#1796,#1401,#1402);
#1197=AXIS2_PLACEMENT_3D('',#1803,#1403,#1404);
#1198=AXIS2_PLACEMENT_3D('',#1804,#1405,#1406);
#1199=AXIS2_PLACEMENT_3D('',#1805,#1407,#1408);
#1200=AXIS2_PLACEMENT_3D('',#1812,#1409,#1410);
#1201=AXIS2_PLACEMENT_3D('',#1813,#1411,#1412);
#1202=AXIS2_PLACEMENT_3D('',#1814,#1413,#1414);
#1203=AXIS2_PLACEMENT_3D('',#1821,#1415,#1416);
#1204=AXIS2_PLACEMENT_3D('',#1822,#1417,#1418);
#1205=AXIS2_PLACEMENT_3D('',#1823,#1419,#1420);
#1206=AXIS2_PLACEMENT_3D('',#1830,#1421,#1422);
#1207=AXIS2_PLACEMENT_3D('',#1831,#1423,#1424);
#1208=AXIS2_PLACEMENT_3D('',#1832,#1425,#1426);
#1209=AXIS2_PLACEMENT_3D('',#1839,#1427,#1428);
#1210=AXIS2_PLACEMENT_3D('',#1840,#1429,#1430);
#1211=AXIS2_PLACEMENT_3D('',#1841,#1431,#1432);
#1212=AXIS2_PLACEMENT_3D('',#1848,#1433,#1434);
#1213=AXIS2_PLACEMENT_3D('',#1849,#1435,#1436);
#1214=AXIS2_PLACEMENT_3D('',#1850,#1437,#1438);
#1215=AXIS2_PLACEMENT_3D('',#1857,#1439,#1440);
#1216=AXIS2_PLACEMENT_3D('',#1858,#1441,#1442);
#1217=AXIS2_PLACEMENT_3D('',#1859,#1443,#1444);
#1218=AXIS2_PLACEMENT_3D('',#1866,#1445,#1446);
#1219=AXIS2_PLACEMENT_3D('',#1867,#1447,#1448);
#1220=AXIS2_PLACEMENT_3D('',#1868,#1449,#1450);
#1221=AXIS2_PLACEMENT_3D('',#1875,#1451,#1452);
#1222=AXIS2_PLACEMENT_3D('',#1876,#1453,#1454);
#1223=AXIS2_PLACEMENT_3D('',#1877,#1455,#1456);
#1224=AXIS2_PLACEMENT_3D('',#1884,#1457,#1458);
#1225=AXIS2_PLACEMENT_3D('',#1885,#1459,#1460);
#1226=AXIS2_PLACEMENT_3D('',#1886,#1461,#1462);
#1227=AXIS2_PLACEMENT_3D('',#1893,#1463,#1464);
#1228=AXIS2_PLACEMENT_3D('',#1894,#1465,#1466);
#1229=AXIS2_PLACEMENT_3D('',#1895,#1467,#1468);
#1230=AXIS2_PLACEMENT_3D('',#1902,#1469,#1470);
#1231=AXIS2_PLACEMENT_3D('',#1903,#1471,#1472);
#1232=AXIS2_PLACEMENT_3D('',#1904,#1473,#1474);
#1233=AXIS2_PLACEMENT_3D('',#1911,#1475,#1476);
#1234=AXIS2_PLACEMENT_3D('',#1912,#1477,#1478);
#1235=AXIS2_PLACEMENT_3D('',#1913,#1479,#1480);
#1236=AXIS2_PLACEMENT_3D('',#1920,#1481,#1482);
#1237=AXIS2_PLACEMENT_3D('',#1921,#1483,#1484);
#1238=AXIS2_PLACEMENT_3D('',#1922,#1485,#1486);
#1239=AXIS2_PLACEMENT_3D('',#1929,#1487,#1488);
#1240=AXIS2_PLACEMENT_3D('',#1930,#1489,#1490);
#1241=AXIS2_PLACEMENT_3D('',#1931,#1491,#1492);
#1242=AXIS2_PLACEMENT_3D('',#1938,#1493,#1494);
#1243=AXIS2_PLACEMENT_3D('',#1939,#1495,#1496);
#1244=AXIS2_PLACEMENT_3D('',#1940,#1497,#1498);
#1245=AXIS2_PLACEMENT_3D('',#1947,#1499,#1500);
#1246=AXIS2_PLACEMENT_3D('',#1948,#1501,#1502);
#1247=AXIS2_PLACEMENT_3D('',#1949,#1503,#1504);
#1248=AXIS2_PLACEMENT_3D('',#1956,#1505,#1506);
#1249=AXIS2_PLACEMENT_3D('',#1957,#1507,#1508);
#1250=AXIS2_PLACEMENT_3D('',#1958,#1509,#1510);
#1251=AXIS2_PLACEMENT_3D('',#1965,#1511,#1512);
#1252=AXIS2_PLACEMENT_3D('',#1966,#1513,#1514);
#1253=AXIS2_PLACEMENT_3D('',#1967,#1515,#1516);
#1254=AXIS2_PLACEMENT_3D('',#1974,#1517,#1518);
#1255=AXIS2_PLACEMENT_3D('',#1975,#1519,#1520);
#1256=AXIS2_PLACEMENT_3D('',#1976,#1521,#1522);
#1257=AXIS2_PLACEMENT_3D('',#1983,#1523,#1524);
#1258=AXIS2_PLACEMENT_3D('',#1984,#1525,#1526);
#1259=AXIS2_PLACEMENT_3D('',#1985,#1527,#1528);
#1260=AXIS2_PLACEMENT_3D('',#1992,#1529,#1530);
#1261=AXIS2_PLACEMENT_3D('',#1993,#1531,#1532);
#1262=AXIS2_PLACEMENT_3D('',#1994,#1533,#1534);
#1263=AXIS2_PLACEMENT_3D('',#2001,#1535,#1536);
#1264=AXIS2_PLACEMENT_3D('',#2002,#1537,#1538);
#1265=AXIS2_PLACEMENT_3D('',#2003,#1539,#1540);
#1266=AXIS2_PLACEMENT_3D('',#2010,#1541,#1542);
#1267=AXIS2_PLACEMENT_3D('',#2011,#1543,#1544);
#1268=AXIS2_PLACEMENT_3D('',#2012,#1545,#1546);
#1269=AXIS2_PLACEMENT_3D('',#2019,#1547,#1548);
#1270=AXIS2_PLACEMENT_3D('',#2020,#1549,#1550);
#1271=AXIS2_PLACEMENT_3D('',#2021,#1551,#1552);
#1272=AXIS2_PLACEMENT_3D('',#2028,#1553,#1554);
#1273=AXIS2_PLACEMENT_3D('',#2029,#1555,#1556);
#1274=AXIS2_PLACEMENT_3D('',#2030,#1557,#1558);
#1275=AXIS2_PLACEMENT_3D('',#2037,#1559,#1560);
#1276=AXIS2_PLACEMENT_3D('',#2038,#1561,#1562);
#1277=AXIS2_PLACEMENT_3D('',#2039,#1563,#1564);
#1278=AXIS2_PLACEMENT_3D('',#2046,#1565,#1566);
#1279=AXIS2_PLACEMENT_3D('',#2047,#1567,#1568);
#1280=AXIS2_PLACEMENT_3D('',#2048,#1569,#1570);
#1281=AXIS2_PLACEMENT_3D('',#2055,#1571,#1572);
#1282=AXIS2_PLACEMENT_3D('',#2056,#1573,#1574);
#1283=AXIS2_PLACEMENT_3D('',#2057,#1575,#1576);
#1284=AXIS2_PLACEMENT_3D('',#2064,#1577,#1578);
#1285=AXIS2_PLACEMENT_3D('',#2065,#1579,#1580);
#1286=AXIS2_PLACEMENT_3D('',#2066,#1581,#1582);
#1287=AXIS2_PLACEMENT_3D('',#2067,#1583,#1584);
#1288=AXIS2_PLACEMENT_3D('',#2068,#1585,#1586);
#1289=AXIS2_PLACEMENT_3D('',#2069,#1587,#1588);
#1290=AXIS2_PLACEMENT_3D('',#2071,#1589,#1590);
#1291=AXIS2_PLACEMENT_3D('',#2073,#1591,#1592);
#1292=AXIS2_PLACEMENT_3D('',#2074,#1593,#1594);
#1293=AXIS2_PLACEMENT_3D('',#2080,#1595,#1596);
#1294=AXIS2_PLACEMENT_3D('',#2086,#1597,#1598);
#1295=AXIS2_PLACEMENT_3D('',#2092,#1599,#1600);
#1296=AXIS2_PLACEMENT_3D('',#2093,#1601,#1602);
#1297=AXIS2_PLACEMENT_3D('',#2099,#1603,#1604);
#1298=AXIS2_PLACEMENT_3D('',#2100,#1605,#1606);
#1299=AXIS2_PLACEMENT_3D('',#2106,#1607,#1608);
#1300=AXIS2_PLACEMENT_3D('',#2107,#1609,#1610);
#1301=AXIS2_PLACEMENT_3D('',#2113,#1611,#1612);
#1302=AXIS2_PLACEMENT_3D('',#2114,#1613,#1614);
#1303=AXIS2_PLACEMENT_3D('',#2120,#1615,#1616);
#1304=AXIS2_PLACEMENT_3D('',#2121,#1617,#1618);
#1305=AXIS2_PLACEMENT_3D('',#2127,#1619,#1620);
#1306=AXIS2_PLACEMENT_3D('',#2128,#1621,#1622);
#1307=AXIS2_PLACEMENT_3D('',#2134,#1623,#1624);
#1308=AXIS2_PLACEMENT_3D('',#2135,#1625,#1626);
#1309=AXIS2_PLACEMENT_3D('',#2141,#1627,#1628);
#1310=AXIS2_PLACEMENT_3D('',#2142,#1629,#1630);
#1311=AXIS2_PLACEMENT_3D('',#2148,#1631,#1632);
#1312=AXIS2_PLACEMENT_3D('',#2149,#1633,#1634);
#1313=AXIS2_PLACEMENT_3D('',#2155,#1635,#1636);
#1314=AXIS2_PLACEMENT_3D('',#2156,#1637,#1638);
#1315=AXIS2_PLACEMENT_3D('',#2162,#1639,#1640);
#1316=AXIS2_PLACEMENT_3D('',#2163,#1641,#1642);
#1317=AXIS2_PLACEMENT_3D('',#2169,#1643,#1644);
#1318=AXIS2_PLACEMENT_3D('',#2170,#1645,#1646);
#1319=AXIS2_PLACEMENT_3D('',#2176,#1647,#1648);
#1320=AXIS2_PLACEMENT_3D('',#2177,#1649,#1650);
#1321=AXIS2_PLACEMENT_3D('',#2183,#1651,#1652);
#1322=AXIS2_PLACEMENT_3D('',#2184,#1653,#1654);
#1323=AXIS2_PLACEMENT_3D('',#2190,#1655,#1656);
#1324=AXIS2_PLACEMENT_3D('',#2191,#1657,#1658);
#1325=AXIS2_PLACEMENT_3D('',#2197,#1659,#1660);
#1326=AXIS2_PLACEMENT_3D('',#2198,#1661,#1662);
#1327=AXIS2_PLACEMENT_3D('',#2204,#1663,#1664);
#1328=AXIS2_PLACEMENT_3D('',#2205,#1665,#1666);
#1329=AXIS2_PLACEMENT_3D('',#2211,#1667,#1668);
#1330=AXIS2_PLACEMENT_3D('',#2212,#1669,#1670);
#1331=AXIS2_PLACEMENT_3D('',#2218,#1671,#1672);
#1332=AXIS2_PLACEMENT_3D('',#2219,#1673,#1674);
#1333=AXIS2_PLACEMENT_3D('',#2225,#1675,#1676);
#1334=AXIS2_PLACEMENT_3D('',#2226,#1677,#1678);
#1335=AXIS2_PLACEMENT_3D('',#2232,#1679,#1680);
#1336=AXIS2_PLACEMENT_3D('',#2233,#1681,#1682);
#1337=AXIS2_PLACEMENT_3D('',#2239,#1683,#1684);
#1338=AXIS2_PLACEMENT_3D('',#2240,#1685,#1686);
#1339=AXIS2_PLACEMENT_3D('',#2246,#1687,#1688);
#1340=AXIS2_PLACEMENT_3D('',#2247,#1689,#1690);
#1341=AXIS2_PLACEMENT_3D('',#2253,#1691,#1692);
#1342=AXIS2_PLACEMENT_3D('',#2254,#1693,#1694);
#1343=AXIS2_PLACEMENT_3D('',#2260,#1695,#1696);
#1344=AXIS2_PLACEMENT_3D('',#2261,#1697,#1698);
#1345=AXIS2_PLACEMENT_3D('',#2267,#1699,#1700);
#1346=AXIS2_PLACEMENT_3D('',#2268,#1701,#1702);
#1347=AXIS2_PLACEMENT_3D('',#2274,#1703,#1704);
#1348=AXIS2_PLACEMENT_3D('',#2275,#1705,#1706);
#1349=AXIS2_PLACEMENT_3D('',#2281,#1707,#1708);
#1350=AXIS2_PLACEMENT_3D('',#2282,#1709,#1710);
#1351=AXIS2_PLACEMENT_3D('',#2288,#1711,#1712);
#1352=AXIS2_PLACEMENT_3D('',#2289,#1713,#1714);
#1353=AXIS2_PLACEMENT_3D('',#2295,#1715,#1716);
#1354=AXIS2_PLACEMENT_3D('',#2296,#1717,#1718);
#1355=AXIS2_PLACEMENT_3D('',#2302,#1719,#1720);
#1356=AXIS2_PLACEMENT_3D('',#2303,#1721,#1722);
#1357=AXIS2_PLACEMENT_3D('',#2309,#1723,#1724);
#1358=AXIS2_PLACEMENT_3D('',#2310,#1725,#1726);
#1359=AXIS2_PLACEMENT_3D('',#2316,#1727,#1728);
#1360=AXIS2_PLACEMENT_3D('',#2317,#1729,#1730);
#1361=AXIS2_PLACEMENT_3D('',#2323,#1731,#1732);
#1362=AXIS2_PLACEMENT_3D('',#2324,#1733,#1734);
#1363=AXIS2_PLACEMENT_3D('',#2325,#1735,#1736);
#1364=AXIS2_PLACEMENT_3D('',#2326,#1737,#1738);
#1365=AXIS2_PLACEMENT_3D('',#2327,#1739,#1740);
#1366=AXIS2_PLACEMENT_3D('',#2329,#1741,#1742);
#1367=DIRECTION('',(0.,0.,1.));
#1368=DIRECTION('',(1.,0.,0.));
#1369=DIRECTION('',(0.,-1.,0.));
#1370=DIRECTION('',(0.,0.,-1.));
#1371=DIRECTION('',(0.,-1.,0.));
#1372=DIRECTION('',(0.,0.,-1.));
#1373=DIRECTION('',(0.,-1.,0.));
#1374=DIRECTION('',(0.,0.,-1.));
#1375=DIRECTION('',(0.,1.,0.));
#1376=DIRECTION('',(0.,0.,-1.));
#1377=DIRECTION('',(0.,-1.,0.));
#1378=DIRECTION('',(0.,0.,-1.));
#1379=DIRECTION('',(0.,-1.,0.));
#1380=DIRECTION('',(0.,0.,-1.));
#1381=DIRECTION('',(0.,1.,0.));
#1382=DIRECTION('',(0.,0.,-1.));
#1383=DIRECTION('',(0.,-1.,0.));
#1384=DIRECTION('',(0.,0.,-1.));
#1385=DIRECTION('',(0.,-1.,0.));
#1386=DIRECTION('',(0.,0.,-1.));
#1387=DIRECTION('',(0.,1.,0.));
#1388=DIRECTION('',(0.,0.,-1.));
#1389=DIRECTION('',(0.,-1.,0.));
#1390=DIRECTION('',(0.,0.,-1.));
#1391=DIRECTION('',(0.,-1.,0.));
#1392=DIRECTION('',(0.,0.,-1.));
#1393=DIRECTION('',(0.,-1.,0.));
#1394=DIRECTION('',(0.,0.,-1.));
#1395=DIRECTION('',(0.,-1.,0.));
#1396=DIRECTION('',(0.,0.,-1.));
#1397=DIRECTION('',(0.,-1.,0.));
#1398=DIRECTION('',(0.,0.,-1.));
#1399=DIRECTION('',(0.,1.,0.));
#1400=DIRECTION('',(0.,0.,-1.));
#1401=DIRECTION('',(0.,-1.,0.));
#1402=DIRECTION('',(0.,0.,-1.));
#1403=DIRECTION('',(0.,-1.,0.));
#1404=DIRECTION('',(0.,0.,-1.));
#1405=DIRECTION('',(0.,1.,0.));
#1406=DIRECTION('',(0.,0.,-1.));
#1407=DIRECTION('',(0.,-1.,0.));
#1408=DIRECTION('',(0.,0.,-1.));
#1409=DIRECTION('',(0.,-1.,0.));
#1410=DIRECTION('',(0.,0.,-1.));
#1411=DIRECTION('',(0.,1.,0.));
#1412=DIRECTION('',(0.,0.,-1.));
#1413=DIRECTION('',(0.,-1.,0.));
#1414=DIRECTION('',(0.,0.,-1.));
#1415=DIRECTION('',(0.,-1.,0.));
#1416=DIRECTION('',(0.,0.,-1.));
#1417=DIRECTION('',(0.,-1.,0.));
#1418=DIRECTION('',(0.,0.,-1.));
#1419=DIRECTION('',(0.,-1.,0.));
#1420=DIRECTION('',(0.,0.,-1.));
#1421=DIRECTION('',(0.,-1.,0.));
#1422=DIRECTION('',(0.,0.,-1.));
#1423=DIRECTION('',(0.,1.,0.));
#1424=DIRECTION('',(0.,0.,-1.));
#1425=DIRECTION('',(0.,-1.,0.));
#1426=DIRECTION('',(0.,0.,-1.));
#1427=DIRECTION('',(0.,-1.,0.));
#1428=DIRECTION('',(0.,0.,-1.));
#1429=DIRECTION('',(0.,1.,0.));
#1430=DIRECTION('',(0.,0.,-1.));
#1431=DIRECTION('',(0.,-1.,0.));
#1432=DIRECTION('',(0.,0.,-1.));
#1433=DIRECTION('',(0.,-1.,0.));
#1434=DIRECTION('',(0.,0.,-1.));
#1435=DIRECTION('',(0.,1.,0.));
#1436=DIRECTION('',(0.,0.,-1.));
#1437=DIRECTION('',(0.,-1.,0.));
#1438=DIRECTION('',(0.,0.,-1.));
#1439=DIRECTION('',(0.,-1.,0.));
#1440=DIRECTION('',(0.,0.,-1.));
#1441=DIRECTION('',(0.,-1.,0.));
#1442=DIRECTION('',(0.,0.,-1.));
#1443=DIRECTION('',(0.,-1.,0.));
#1444=DIRECTION('',(0.,0.,-1.));
#1445=DIRECTION('',(0.,-1.,0.));
#1446=DIRECTION('',(0.,0.,-1.));
#1447=DIRECTION('',(0.,1.,0.));
#1448=DIRECTION('',(0.,0.,-1.));
#1449=DIRECTION('',(0.,-1.,0.));
#1450=DIRECTION('',(0.,0.,-1.));
#1451=DIRECTION('',(0.,-1.,0.));
#1452=DIRECTION('',(0.,0.,-1.));
#1453=DIRECTION('',(0.,1.,0.));
#1454=DIRECTION('',(0.,0.,-1.));
#1455=DIRECTION('',(0.,-1.,0.));
#1456=DIRECTION('',(0.,0.,-1.));
#1457=DIRECTION('',(0.,-1.,0.));
#1458=DIRECTION('',(0.,0.,-1.));
#1459=DIRECTION('',(0.,1.,0.));
#1460=DIRECTION('',(0.,0.,-1.));
#1461=DIRECTION('',(0.,-1.,0.));
#1462=DIRECTION('',(0.,0.,-1.));
#1463=DIRECTION('',(0.,-1.,0.));
#1464=DIRECTION('',(0.,0.,-1.));
#1465=DIRECTION('',(0.,-1.,0.));
#1466=DIRECTION('',(0.,0.,-1.));
#1467=DIRECTION('',(0.,-1.,0.));
#1468=DIRECTION('',(0.,0.,-1.));
#1469=DIRECTION('',(0.,-1.,0.));
#1470=DIRECTION('',(0.,0.,-1.));
#1471=DIRECTION('',(0.,1.,0.));
#1472=DIRECTION('',(0.,0.,-1.));
#1473=DIRECTION('',(0.,-1.,0.));
#1474=DIRECTION('',(0.,0.,-1.));
#1475=DIRECTION('',(0.,-1.,0.));
#1476=DIRECTION('',(0.,0.,-1.));
#1477=DIRECTION('',(0.,1.,0.));
#1478=DIRECTION('',(0.,0.,-1.));
#1479=DIRECTION('',(0.,-1.,0.));
#1480=DIRECTION('',(0.,0.,-1.));
#1481=DIRECTION('',(0.,-1.,0.));
#1482=DIRECTION('',(0.,0.,-1.));
#1483=DIRECTION('',(0.,1.,0.));
#1484=DIRECTION('',(0.,0.,-1.));
#1485=DIRECTION('',(0.,-1.,0.));
#1486=DIRECTION('',(0.,0.,-1.));
#1487=DIRECTION('',(0.,-1.,0.));
#1488=DIRECTION('',(0.,0.,-1.));
#1489=DIRECTION('',(0.,-1.,0.));
#1490=DIRECTION('',(0.,0.,-1.));
#1491=DIRECTION('',(0.,-1.,0.));
#1492=DIRECTION('',(0.,0.,-1.));
#1493=DIRECTION('',(0.,-1.,0.));
#1494=DIRECTION('',(0.,0.,-1.));
#1495=DIRECTION('',(0.,1.,0.));
#1496=DIRECTION('',(0.,0.,-1.));
#1497=DIRECTION('',(0.,-1.,0.));
#1498=DIRECTION('',(0.,0.,-1.));
#1499=DIRECTION('',(0.,-1.,0.));
#1500=DIRECTION('',(0.,0.,-1.));
#1501=DIRECTION('',(0.,1.,0.));
#1502=DIRECTION('',(0.,0.,-1.));
#1503=DIRECTION('',(0.,-1.,0.));
#1504=DIRECTION('',(0.,0.,-1.));
#1505=DIRECTION('',(0.,-1.,0.));
#1506=DIRECTION('',(0.,0.,-1.));
#1507=DIRECTION('',(0.,1.,0.));
#1508=DIRECTION('',(0.,0.,-1.));
#1509=DIRECTION('',(0.,-1.,0.));
#1510=DIRECTION('',(0.,0.,-1.));
#1511=DIRECTION('',(0.,-1.,0.));
#1512=DIRECTION('',(0.,0.,-1.));
#1513=DIRECTION('',(0.,-1.,0.));
#1514=DIRECTION('',(0.,0.,-1.));
#1515=DIRECTION('',(0.,-1.,0.));
#1516=DIRECTION('',(0.,0.,-1.));
#1517=DIRECTION('',(0.,-1.,0.));
#1518=DIRECTION('',(0.,0.,-1.));
#1519=DIRECTION('',(0.,1.,0.));
#1520=DIRECTION('',(0.,0.,-1.));
#1521=DIRECTION('',(0.,-1.,0.));
#1522=DIRECTION('',(0.,0.,-1.));
#1523=DIRECTION('',(0.,-1.,0.));
#1524=DIRECTION('',(0.,0.,-1.));
#1525=DIRECTION('',(0.,1.,0.));
#1526=DIRECTION('',(0.,0.,-1.));
#1527=DIRECTION('',(0.,-1.,0.));
#1528=DIRECTION('',(0.,0.,-1.));
#1529=DIRECTION('',(0.,-1.,0.));
#1530=DIRECTION('',(0.,0.,-1.));
#1531=DIRECTION('',(0.,1.,0.));
#1532=DIRECTION('',(0.,0.,-1.));
#1533=DIRECTION('',(0.,-1.,0.));
#1534=DIRECTION('',(0.,0.,-1.));
#1535=DIRECTION('',(0.,-1.,0.));
#1536=DIRECTION('',(0.,0.,-1.));
#1537=DIRECTION('',(0.,-1.,0.));
#1538=DIRECTION('',(0.,0.,-1.));
#1539=DIRECTION('',(0.,-1.,0.));
#1540=DIRECTION('',(0.,0.,-1.));
#1541=DIRECTION('',(0.,-1.,0.));
#1542=DIRECTION('',(0.,0.,-1.));
#1543=DIRECTION('',(0.,1.,0.));
#1544=DIRECTION('',(0.,0.,-1.));
#1545=DIRECTION('',(0.,-1.,0.));
#1546=DIRECTION('',(0.,0.,-1.));
#1547=DIRECTION('',(0.,-1.,0.));
#1548=DIRECTION('',(0.,0.,-1.));
#1549=DIRECTION('',(0.,1.,0.));
#1550=DIRECTION('',(0.,0.,-1.));
#1551=DIRECTION('',(0.,-1.,0.));
#1552=DIRECTION('',(0.,0.,-1.));
#1553=DIRECTION('',(0.,-1.,0.));
#1554=DIRECTION('',(0.,0.,-1.));
#1555=DIRECTION('',(0.,1.,0.));
#1556=DIRECTION('',(0.,0.,-1.));
#1557=DIRECTION('',(0.,-1.,0.));
#1558=DIRECTION('',(0.,0.,-1.));
#1559=DIRECTION('',(0.,-1.,0.));
#1560=DIRECTION('',(0.,0.,-1.));
#1561=DIRECTION('',(0.,-1.,0.));
#1562=DIRECTION('',(0.,0.,-1.));
#1563=DIRECTION('',(0.,-1.,0.));
#1564=DIRECTION('',(0.,0.,-1.));
#1565=DIRECTION('',(0.,-1.,0.));
#1566=DIRECTION('',(0.,0.,-1.));
#1567=DIRECTION('',(0.,1.,0.));
#1568=DIRECTION('',(0.,0.,-1.));
#1569=DIRECTION('',(0.,-1.,0.));
#1570=DIRECTION('',(0.,0.,-1.));
#1571=DIRECTION('',(0.,-1.,0.));
#1572=DIRECTION('',(0.,0.,-1.));
#1573=DIRECTION('',(0.,1.,0.));
#1574=DIRECTION('',(0.,0.,-1.));
#1575=DIRECTION('',(0.,-1.,0.));
#1576=DIRECTION('',(0.,0.,-1.));
#1577=DIRECTION('',(0.,-1.,0.));
#1578=DIRECTION('',(0.,0.,-1.));
#1579=DIRECTION('',(0.,1.,0.));
#1580=DIRECTION('',(0.,0.,-1.));
#1581=DIRECTION('',(0.,-1.,0.));
#1582=DIRECTION('',(0.,0.,-1.));
#1583=DIRECTION('',(0.,-1.,0.));
#1584=DIRECTION('',(0.,0.,-1.));
#1585=DIRECTION('',(0.,-1.,0.));
#1586=DIRECTION('',(0.,0.,-1.));
#1587=DIRECTION('',(0.,-1.,0.));
#1588=DIRECTION('',(0.,0.,-1.));
#1589=DIRECTION('',(0.,-1.,0.));
#1590=DIRECTION('',(0.,0.,-1.));
#1591=DIRECTION('',(0.,-1.,0.));
#1592=DIRECTION('',(1.,0.,0.));
#1593=DIRECTION('',(0.,-1.,0.));
#1594=DIRECTION('',(0.,0.,-1.));
#1595=DIRECTION('',(0.,-1.,0.));
#1596=DIRECTION('',(0.,0.,-1.));
#1597=DIRECTION('',(0.,-1.,0.));
#1598=DIRECTION('',(0.,0.,-1.));
#1599=DIRECTION('',(0.,-1.,0.));
#1600=DIRECTION('',(0.,0.,-1.));
#1601=DIRECTION('',(0.,-1.,0.));
#1602=DIRECTION('',(0.,0.,-1.));
#1603=DIRECTION('',(0.,-1.,0.));
#1604=DIRECTION('',(0.,0.,-1.));
#1605=DIRECTION('',(0.,1.,0.));
#1606=DIRECTION('',(0.,0.,-1.));
#1607=DIRECTION('',(0.,-1.,0.));
#1608=DIRECTION('',(0.,0.,-1.));
#1609=DIRECTION('',(0.,-1.,0.));
#1610=DIRECTION('',(0.,0.,-1.));
#1611=DIRECTION('',(0.,-1.,0.));
#1612=DIRECTION('',(0.,0.,-1.));
#1613=DIRECTION('',(0.,-1.,0.));
#1614=DIRECTION('',(0.,0.,-1.));
#1615=DIRECTION('',(0.,-1.,0.));
#1616=DIRECTION('',(0.,0.,-1.));
#1617=DIRECTION('',(0.,-1.,0.));
#1618=DIRECTION('',(0.,0.,-1.));
#1619=DIRECTION('',(0.,-1.,0.));
#1620=DIRECTION('',(0.,0.,-1.));
#1621=DIRECTION('',(0.,1.,0.));
#1622=DIRECTION('',(0.,0.,-1.));
#1623=DIRECTION('',(0.,-1.,0.));
#1624=DIRECTION('',(0.,0.,-1.));
#1625=DIRECTION('',(0.,-1.,0.));
#1626=DIRECTION('',(0.,0.,-1.));
#1627=DIRECTION('',(0.,-1.,0.));
#1628=DIRECTION('',(0.,0.,-1.));
#1629=DIRECTION('',(0.,-1.,0.));
#1630=DIRECTION('',(0.,0.,-1.));
#1631=DIRECTION('',(0.,-1.,0.));
#1632=DIRECTION('',(0.,0.,-1.));
#1633=DIRECTION('',(0.,-1.,0.));
#1634=DIRECTION('',(0.,0.,-1.));
#1635=DIRECTION('',(0.,-1.,0.));
#1636=DIRECTION('',(0.,0.,-1.));
#1637=DIRECTION('',(0.,1.,0.));
#1638=DIRECTION('',(0.,0.,-1.));
#1639=DIRECTION('',(0.,-1.,0.));
#1640=DIRECTION('',(0.,0.,-1.));
#1641=DIRECTION('',(0.,-1.,0.));
#1642=DIRECTION('',(0.,0.,-1.));
#1643=DIRECTION('',(0.,-1.,0.));
#1644=DIRECTION('',(0.,0.,-1.));
#1645=DIRECTION('',(0.,-1.,0.));
#1646=DIRECTION('',(0.,0.,-1.));
#1647=DIRECTION('',(0.,-1.,0.));
#1648=DIRECTION('',(0.,0.,-1.));
#1649=DIRECTION('',(0.,-1.,0.));
#1650=DIRECTION('',(0.,0.,-1.));
#1651=DIRECTION('',(0.,-1.,0.));
#1652=DIRECTION('',(0.,0.,-1.));
#1653=DIRECTION('',(0.,1.,0.));
#1654=DIRECTION('',(0.,0.,-1.));
#1655=DIRECTION('',(0.,-1.,0.));
#1656=DIRECTION('',(0.,0.,-1.));
#1657=DIRECTION('',(0.,-1.,0.));
#1658=DIRECTION('',(0.,0.,-1.));
#1659=DIRECTION('',(0.,-1.,0.));
#1660=DIRECTION('',(0.,0.,-1.));
#1661=DIRECTION('',(0.,-1.,0.));
#1662=DIRECTION('',(0.,0.,-1.));
#1663=DIRECTION('',(0.,-1.,0.));
#1664=DIRECTION('',(0.,0.,-1.));
#1665=DIRECTION('',(0.,-1.,0.));
#1666=DIRECTION('',(0.,0.,-1.));
#1667=DIRECTION('',(0.,-1.,0.));
#1668=DIRECTION('',(0.,0.,-1.));
#1669=DIRECTION('',(0.,1.,0.));
#1670=DIRECTION('',(0.,0.,-1.));
#1671=DIRECTION('',(0.,-1.,0.));
#1672=DIRECTION('',(0.,0.,-1.));
#1673=DIRECTION('',(0.,-1.,0.));
#1674=DIRECTION('',(0.,0.,-1.));
#1675=DIRECTION('',(0.,-1.,0.));
#1676=DIRECTION('',(0.,0.,-1.));
#1677=DIRECTION('',(0.,-1.,0.));
#1678=DIRECTION('',(0.,0.,-1.));
#1679=DIRECTION('',(0.,-1.,0.));
#1680=DIRECTION('',(0.,0.,-1.));
#1681=DIRECTION('',(0.,-1.,0.));
#1682=DIRECTION('',(0.,0.,-1.));
#1683=DIRECTION('',(0.,-1.,0.));
#1684=DIRECTION('',(0.,0.,-1.));
#1685=DIRECTION('',(0.,1.,0.));
#1686=DIRECTION('',(0.,0.,-1.));
#1687=DIRECTION('',(0.,-1.,0.));
#1688=DIRECTION('',(0.,0.,-1.));
#1689=DIRECTION('',(0.,-1.,0.));
#1690=DIRECTION('',(0.,0.,-1.));
#1691=DIRECTION('',(0.,-1.,0.));
#1692=DIRECTION('',(0.,0.,-1.));
#1693=DIRECTION('',(0.,-1.,0.));
#1694=DIRECTION('',(0.,0.,-1.));
#1695=DIRECTION('',(0.,-1.,0.));
#1696=DIRECTION('',(0.,0.,-1.));
#1697=DIRECTION('',(0.,-1.,0.));
#1698=DIRECTION('',(0.,0.,-1.));
#1699=DIRECTION('',(0.,-1.,0.));
#1700=DIRECTION('',(0.,0.,-1.));
#1701=DIRECTION('',(0.,1.,0.));
#1702=DIRECTION('',(0.,0.,-1.));
#1703=DIRECTION('',(0.,-1.,0.));
#1704=DIRECTION('',(0.,0.,-1.));
#1705=DIRECTION('',(0.,-1.,0.));
#1706=DIRECTION('',(0.,0.,-1.));
#1707=DIRECTION('',(0.,-1.,0.));
#1708=DIRECTION('',(0.,0.,-1.));
#1709=DIRECTION('',(0.,-1.,0.));
#1710=DIRECTION('',(0.,0.,-1.));
#1711=DIRECTION('',(0.,-1.,0.));
#1712=DIRECTION('',(0.,0.,-1.));
#1713=DIRECTION('',(0.,-1.,0.));
#1714=DIRECTION('',(0.,0.,-1.));
#1715=DIRECTION('',(0.,-1.,0.));
#1716=DIRECTION('',(0.,0.,-1.));
#1717=DIRECTION('',(0.,1.,0.));
#1718=DIRECTION('',(0.,0.,-1.));
#1719=DIRECTION('',(0.,-1.,0.));
#1720=DIRECTION('',(0.,0.,-1.));
#1721=DIRECTION('',(0.,-1.,0.));
#1722=DIRECTION('',(0.,0.,-1.));
#1723=DIRECTION('',(0.,-1.,0.));
#1724=DIRECTION('',(0.,0.,-1.));
#1725=DIRECTION('',(0.,-1.,0.));
#1726=DIRECTION('',(0.,0.,-1.));
#1727=DIRECTION('',(0.,-1.,0.));
#1728=DIRECTION('',(0.,0.,-1.));
#1729=DIRECTION('',(0.,-1.,0.));
#1730=DIRECTION('',(0.,0.,-1.));
#1731=DIRECTION('',(0.,-1.,0.));
#1732=DIRECTION('',(0.,0.,-1.));
#1733=DIRECTION('',(0.,1.,0.));
#1734=DIRECTION('',(0.,0.,-1.));
#1735=DIRECTION('',(0.,-1.,0.));
#1736=DIRECTION('',(0.,0.,-1.));
#1737=DIRECTION('',(0.,-1.,0.));
#1738=DIRECTION('',(1.,0.,0.));
#1739=DIRECTION('',(0.,-1.,0.));
#1740=DIRECTION('',(0.,0.,-1.));
#1741=DIRECTION('',(0.,1.,0.));
#1742=DIRECTION('',(0.,0.,-1.));
#1743=CARTESIAN_POINT('',(0.,0.,0.));
#1744=CARTESIAN_POINT('',(0.00928962432270883,0.,-0.00346322126038771));
#1745=CARTESIAN_POINT('',(0.00928962432270883,0.,-0.00346322126038771));
#1746=CARTESIAN_POINT('',(0.0119249069814027,0.,0.00166650015145411));
#1747=CARTESIAN_POINT('',(0.00562817630846477,0.,0.000992399335366501));
#1748=CARTESIAN_POINT('',(0.0110583120261641,-0.00889,0.00218871529402043));
#1749=CARTESIAN_POINT('',(0.0113560421771925,-0.00592596302015784,0.00204133358633659));
#1750=CARTESIAN_POINT('',(0.0116452531168676,-0.0029626022276946,0.00186830342404438));
#1751=CARTESIAN_POINT('',(0.0119249069814027,7.15266952275931E-19,0.00166650015145411));
#1752=CARTESIAN_POINT('',(0.0110583120261641,-0.00889,0.00218871529402043));
#1753=CARTESIAN_POINT('',(0.00928962432270883,-0.00889,-0.00346322126038771));
#1754=CARTESIAN_POINT('',(0.00545912020683008,-0.00889,0.00105340150730551));
#1755=CARTESIAN_POINT('',(0.00545912020683008,-0.00889,0.00105340150730551));
#1756=CARTESIAN_POINT('',(0.00551563763923383,-0.0059266667675773,0.00103351111508769));
#1757=CARTESIAN_POINT('',(0.00557198956486819,-0.00296333343417793,0.00101317676742123));
#1758=CARTESIAN_POINT('',(0.00562817630846478,-7.32472576724871E-19,0.000992399335366507));
#1759=CARTESIAN_POINT('',(0.00747896184113379,0.,-0.00286738028474176));
#1760=CARTESIAN_POINT('',(0.00747896184113379,0.,-0.00286738028474176));
#1761=CARTESIAN_POINT('',(0.00777259192510395,0.,0.00347582721413354));
#1762=CARTESIAN_POINT('',(0.00778561242341599,-0.00889,0.00331984976343335));
#1763=CARTESIAN_POINT('',(0.00778127579243724,-0.00592666685641043,0.00337185335662593));
#1764=CARTESIAN_POINT('',(0.00777693554294209,-0.00296333351860117,0.00342384557812434));
#1765=CARTESIAN_POINT('',(0.00777259192510395,-4.44772634520941E-19,0.00347582721413354));
#1766=CARTESIAN_POINT('',(0.00778561242341599,-0.00889,0.00331984976343335));
#1767=CARTESIAN_POINT('',(0.00747896184113379,-0.00889,-0.00286738028474176));
#1768=CARTESIAN_POINT('',(0.00926748506625121,0.,-0.00343627997195114));
#1769=CARTESIAN_POINT('',(0.00926748506625121,0.,-0.00343627997195114));
#1770=CARTESIAN_POINT('',(0.00520760216563894,0.,0.00235416751409764));
#1771=CARTESIAN_POINT('',(0.00514173133890762,-0.00889,0.00211524159535293));
#1772=CARTESIAN_POINT('',(0.00516426177893234,-0.00592671247625147,0.0021964299489949));
#1773=CARTESIAN_POINT('',(0.00518618349166388,-0.0029633763288718,0.00227597692897251));
#1774=CARTESIAN_POINT('',(0.00520760216563903,-4.18724279004037E-18,0.00235416751409785));
#1775=CARTESIAN_POINT('',(0.00514173133890762,-0.00889,0.00211524159535293));
#1776=CARTESIAN_POINT('',(0.00926748506625121,-0.00889,-0.00343627997195114));
#1777=CARTESIAN_POINT('',(8.45677694538693E-18,0.,5.20417042793042E-18));
#1778=CARTESIAN_POINT('',(8.45677694538693E-18,0.,5.20417042793042E-18));
#1779=CARTESIAN_POINT('',(0.00367353118935858,0.,0.00437794399242496));
#1780=CARTESIAN_POINT('',(0.0035048152618396,-0.00889,0.00431600719978434));
#1781=CARTESIAN_POINT('',(0.00356089542454127,-0.0059266667675773,0.00433709898063485));
#1782=CARTESIAN_POINT('',(0.00361713417076357,-0.00296333343417793,0.00435774428618024));
#1783=CARTESIAN_POINT('',(0.00367353118935858,1.01071171337064E-18,0.00437794399242496));
#1784=CARTESIAN_POINT('',(0.0035048152618396,-0.00889,0.00431600719978434));
#1785=CARTESIAN_POINT('',(8.45677694538693E-18,-0.00889,5.20417042793042E-18));
#1786=CARTESIAN_POINT('',(0.00934238080685421,0.,0.00331827401146845));
#1787=CARTESIAN_POINT('',(0.00934238080685421,0.,0.00331827401146845));
#1788=CARTESIAN_POINT('',(0.00806380307891878,0.,0.0089417956347885));
#1789=CARTESIAN_POINT('',(0.00706427940579102,-0.00889,0.0087847991430198));
#1790=CARTESIAN_POINT('',(0.00738708906912889,-0.00592596302015784,0.00886327545694235));
#1791=CARTESIAN_POINT('',(0.00771985914677973,-0.0029626022276946,0.00891662787123542));
#1792=CARTESIAN_POINT('',(0.00806380307891878,1.03712683692754E-18,0.0089417956347885));
#1793=CARTESIAN_POINT('',(0.00706427940579102,-0.00889,0.0087847991430198));
#1794=CARTESIAN_POINT('',(0.00934238080685421,-0.00889,0.00331827401146845));
#1795=CARTESIAN_POINT('',(0.00757233367799088,0.,0.0026108432713639));
#1796=CARTESIAN_POINT('',(0.00757233367799088,0.,0.0026108432713639));
#1797=CARTESIAN_POINT('',(0.00371993218620102,0.,0.00765876390723519));
#1798=CARTESIAN_POINT('',(0.00383016683928016,-0.00889,0.00754764766286138));
#1799=CARTESIAN_POINT('',(0.00379341752185366,-0.00592666685641043,0.00758469719378785));
#1800=CARTESIAN_POINT('',(0.0037566727420669,-0.00296333351860117,0.00762173568755368));
#1801=CARTESIAN_POINT('',(0.00371993218620102,3.03023080335369E-18,0.00765876390723519));
#1802=CARTESIAN_POINT('',(0.00383016683928016,-0.00889,0.00754764766286138));
#1803=CARTESIAN_POINT('',(0.00757233367799088,-0.00889,0.0026108432713639));
#1804=CARTESIAN_POINT('',(0.00930810362607404,0.,0.00332468139602712));
#1805=CARTESIAN_POINT('',(0.00930810362607404,0.,0.00332468139602712));
#1806=CARTESIAN_POINT('',(0.00247602499177354,0.,0.00515077909059521));
#1807=CARTESIAN_POINT('',(0.00257914363119443,-0.00889,0.00492541026696103));
#1808=CARTESIAN_POINT('',(0.00254421608180448,-0.00592671247625147,0.00500208644180312));
#1809=CARTESIAN_POINT('',(0.00250987727490854,-0.0029633763288718,0.0050771139691088));
#1810=CARTESIAN_POINT('',(0.00247602499177347,-7.67066669681482E-18,0.00515077909059543));
#1811=CARTESIAN_POINT('',(0.00257914363119443,-0.00889,0.00492541026696103));
#1812=CARTESIAN_POINT('',(0.00930810362607404,-0.00889,0.00332468139602712));
#1813=CARTESIAN_POINT('',(1.67682560798986E-18,0.,1.7347234759768E-18));
#1814=CARTESIAN_POINT('',(1.67682560798986E-18,0.,1.7347234759768E-18));
#1815=CARTESIAN_POINT('',(1.61892774000291E-18,0.,0.005715));
#1816=CARTESIAN_POINT('',(-8.94316958484608E-5,-0.00889,0.00555910515640707));
#1817=CARTESIAN_POINT('',(-6.00293342385733E-5,-0.0059266667675773,0.00561131003165693));
#1818=CARTESIAN_POINT('',(-3.02185018097697E-5,-0.00296333343417793,0.00566327482250247));
#1819=CARTESIAN_POINT('',(-6.43079958266442E-18,-7.22597674692918E-19,0.005715));
#1820=CARTESIAN_POINT('',(-8.94316958484608E-5,-0.00889,0.00555910515640707));
#1821=CARTESIAN_POINT('',(1.67682560798986E-18,-0.00889,1.7347234759768E-18));
#1822=CARTESIAN_POINT('',(0.0050237334824753,0.,0.00854711199485074));
#1823=CARTESIAN_POINT('',(0.0050237334824753,0.,0.00854711199485074));
#1824=CARTESIAN_POINT('',(0.000429556096620204,0.,0.0120331255636164));
#1825=CARTESIAN_POINT('',(-0.000235208059272017,-0.00889,0.0112703778408329));
#1826=CARTESIAN_POINT('',(-3.83651127302187E-5,-0.00592596302015784,0.0115379922369104));
#1827=CARTESIAN_POINT('',(0.000182257285236033,-0.0029626022276946,0.011792763040195));
#1828=CARTESIAN_POINT('',(0.000429556096620203,6.93741240586064E-19,0.0120331255636164));
#1829=CARTESIAN_POINT('',(-0.000235208059272017,-0.00889,0.0112703778408329));
#1830=CARTESIAN_POINT('',(0.0050237334824753,-0.00889,0.00854711199485074));
#1831=CARTESIAN_POINT('',(0.00412252642980142,0.,0.00686742424450753));
#1832=CARTESIAN_POINT('',(0.00412252642980142,0.,0.00686742424450753));
#1833=CARTESIAN_POINT('',(-0.00207332516506653,0.,0.00825807985046188));
#1834=CARTESIAN_POINT('',(-0.00191745637651771,-0.00889,0.00824381733807644));
#1835=CARTESIAN_POINT('',(-0.00196942296634493,-0.00592666685641043,0.00824857691945664));
#1836=CARTESIAN_POINT('',(-0.00202137898558834,-0.00296333351860117,0.00825333096261986));
#1837=CARTESIAN_POINT('',(-0.00207332516506653,3.01483439388133E-18,0.00825807985046188));
#1838=CARTESIAN_POINT('',(-0.00191745637651771,-0.00889,0.00824381733807644));
#1839=CARTESIAN_POINT('',(0.00412252642980142,-0.00889,0.00686742424450753));
#1840=CARTESIAN_POINT('',(0.00499335705120806,0.,0.00852998738908637));
#1841=CARTESIAN_POINT('',(0.00499335705120806,0.,0.00852998738908637));
#1842=CARTESIAN_POINT('',(-0.00141411179369527,0.,0.00553728388607013));
#1843=CARTESIAN_POINT('',(-0.00119025404554323,-0.00889,0.00543092473482039));
#1844=CARTESIAN_POINT('',(-0.00126629659581181,-0.00592671247625147,0.00546721109649322));
#1845=CARTESIAN_POINT('',(-0.00134082841295529,-0.0029633763288718,0.00550261295726257));
#1846=CARTESIAN_POINT('',(-0.00141411179369546,-5.93855445554844E-18,0.00553728388607026));
#1847=CARTESIAN_POINT('',(-0.00119025404554323,-0.00889,0.00543092473482039));
#1848=CARTESIAN_POINT('',(0.00499335705120806,-0.00889,0.00852998738908637));
#1849=CARTESIAN_POINT('',(-5.20417042793042E-18,0.,1.12757025938492E-17));
#1850=CARTESIAN_POINT('',(-5.20417042793042E-18,0.,1.12757025938492E-17));
#1851=CARTESIAN_POINT('',(-0.00367353118935857,0.,0.00437794399242496));
#1852=CARTESIAN_POINT('',(-0.00364183256912644,-0.00889,0.00420103602777505));
#1853=CARTESIAN_POINT('',(-0.00365286570037644,-0.0059266667675773,0.00425992675610228));
#1854=CARTESIAN_POINT('',(-0.00366343160154508,-0.00296333343417793,0.00431889612908703));
#1855=CARTESIAN_POINT('',(-0.00367353118935858,-7.33020104682397E-19,0.00437794399242496));
#1856=CARTESIAN_POINT('',(-0.00364183256912644,-0.00889,0.00420103602777505));
#1857=CARTESIAN_POINT('',(-5.20417042793042E-18,-0.00889,1.12757025938492E-17));
#1858=CARTESIAN_POINT('',(-0.00164557457093231,0.,0.00977666128527351));
#1859=CARTESIAN_POINT('',(-0.00164557457093231,0.,0.00977666128527351));
#1860=CARTESIAN_POINT('',(-0.00740568495727121,0.,0.00949402230793406));
#1861=CARTESIAN_POINT('',(-0.00742463905935527,-0.00889,0.00848242149062286));
#1862=CARTESIAN_POINT('',(-0.00744586783196212,-0.00592596302015784,0.00881395421872793));
#1863=CARTESIAN_POINT('',(-0.0074406247856337,-0.0029626022276946,0.00915093332068507));
#1864=CARTESIAN_POINT('',(-0.00740568495727121,1.34024901901369E-18,0.00949402230793406));
#1865=CARTESIAN_POINT('',(-0.00742463905935527,-0.00889,0.00848242149062286));
#1866=CARTESIAN_POINT('',(-0.00164557457093231,-0.00889,0.00977666128527351));
#1867=CARTESIAN_POINT('',(-0.00125625675166988,0.,0.00791066109072717));
#1868=CARTESIAN_POINT('',(-0.00125625675166988,0.,0.00791066109072717));
#1869=CARTESIAN_POINT('',(-0.00689645062915692,0.,0.00499334845332306));
#1870=CARTESIAN_POINT('',(-0.00676788044358904,-0.00889,0.0050826132609813));
#1871=CARTESIAN_POINT('',(-0.00681074856089251,-0.00592666685641043,0.00505285583179058));
#1872=CARTESIAN_POINT('',(-0.00685360502076175,-0.00296333351860117,0.00502310095471982));
#1873=CARTESIAN_POINT('',(-0.00689645062915692,-4.75560679313587E-19,0.00499334845332306));
#1874=CARTESIAN_POINT('',(-0.00676788044358904,-0.00889,0.0050826132609813));
#1875=CARTESIAN_POINT('',(-0.00125625675166988,-0.00889,0.00791066109072717));
#1876=CARTESIAN_POINT('',(-0.00165783678290025,0.,0.00974401748254202));
#1877=CARTESIAN_POINT('',(-0.00165783678290025,0.,0.00974401748254202));
#1878=CARTESIAN_POINT('',(-0.00464256995479208,0.,0.00333283201119736));
#1879=CARTESIAN_POINT('',(-0.00440271862617098,-0.00889,0.00339524916125211));
#1880=CARTESIAN_POINT('',(-0.00448429502292872,-0.00592671247625147,0.00337416691785097));
#1881=CARTESIAN_POINT('',(-0.00456414558474943,-0.0029633763288718,0.00335337818798214));
#1882=CARTESIAN_POINT('',(-0.00464256995479231,-4.22594198909661E-18,0.00333283201119733));
#1883=CARTESIAN_POINT('',(-0.00440271862617098,-0.00889,0.00339524916125211));
#1884=CARTESIAN_POINT('',(-0.00165783678290025,-0.00889,0.00974401748254202));
#1885=CARTESIAN_POINT('',(8.67361737988404E-19,0.,-3.25260651745652E-19));
#1886=CARTESIAN_POINT('',(8.67361737988404E-19,0.,-3.25260651745652E-19));
#1887=CARTESIAN_POINT('',(-0.00562817630846477,0.,0.00099239933536651));
#1888=CARTESIAN_POINT('',(-0.00549017950884958,-0.00889,0.000877255452432333));
#1889=CARTESIAN_POINT('',(-0.00553648560822801,-0.0059266667675773,0.000915276407555086));
#1890=CARTESIAN_POINT('',(-0.00558248434041037,-0.00296333343417793,0.00095365793768789));
#1891=CARTESIAN_POINT('',(-0.00562817630846478,-7.33017985738897E-19,0.000992399335366504));
#1892=CARTESIAN_POINT('',(-0.00549017950884958,-0.00889,0.000877255452432333));
#1893=CARTESIAN_POINT('',(8.67361737988404E-19,-0.00889,-3.25260651745652E-19));
#1894=CARTESIAN_POINT('',(-0.00754489999407648,0.,0.00643160210482969));
#1895=CARTESIAN_POINT('',(-0.00754489999407648,0.,0.00643160210482969));
#1896=CARTESIAN_POINT('',(-0.011775723714635,0.,0.00251256050006458));
#1897=CARTESIAN_POINT('',(-0.0111399989278944,-0.00889,0.00172544585333635));
#1898=CARTESIAN_POINT('',(-0.0113693662410157,-0.00592596302015784,0.00196576906541277));
#1899=CARTESIAN_POINT('',(-0.0115819558259721,-0.0029626022276946,0.00222728019913119));
#1900=CARTESIAN_POINT('',(-0.011775723714635,1.02782286035397E-18,0.00251256050006458));
#1901=CARTESIAN_POINT('',(-0.0111399989278944,-0.00889,0.00172544585333635));
#1902=CARTESIAN_POINT('',(-0.00754489999407648,-0.00889,0.00643160210482969));
#1903=CARTESIAN_POINT('',(-0.00604722343729624,0.,0.00525241169539061));
#1904=CARTESIAN_POINT('',(-0.00604722343729624,0.,0.00525241169539061));
#1905=CARTESIAN_POINT('',(-0.00849265019835355,0.,-0.000607826180012134));
#1906=CARTESIAN_POINT('',(-0.00845153803449228,-0.00889,-0.00045680204788132));
#1907=CARTESIAN_POINT('',(-0.00846524921075965,-0.00592666685641043,-0.000507152655807639));
#1908=CARTESIAN_POINT('',(-0.00847895309738539,-0.00296333351860117,-0.000557493815442363));
#1909=CARTESIAN_POINT('',(-0.00849265019835355,3.00713284971914E-18,-0.000607826180012134));
#1910=CARTESIAN_POINT('',(-0.00845153803449228,-0.00889,-0.00045680204788132));
#1911=CARTESIAN_POINT('',(-0.00604722343729624,-0.00889,0.00525241169539061));
#1912=CARTESIAN_POINT('',(-0.00753331036148602,0.,0.00639871350322462));
#1913=CARTESIAN_POINT('',(-0.00753331036148602,0.,0.00639871350322462));
#1914=CARTESIAN_POINT('',(-0.00569871803762393,0.,-0.000431089002016562));
#1915=CARTESIAN_POINT('',(-0.00555510223084616,-0.00889,-0.000229101228857297));
#1916=CARTESIAN_POINT('',(-0.00560404197142945,-0.00592671247625147,-0.000297687461341972));
#1917=CARTESIAN_POINT('',(-0.00565184831261134,-0.0029633763288718,-0.000364939504102346));
#1918=CARTESIAN_POINT('',(-0.00569871803762409,-5.95780877744092E-18,-0.000431089002016732));
#1919=CARTESIAN_POINT('',(-0.00555510223084616,-0.00889,-0.000229101228857297));
#1920=CARTESIAN_POINT('',(-0.00753331036148602,-0.00889,0.00639871350322462));
#1921=CARTESIAN_POINT('',(-9.97465998686664E-18,0.,-3.3881317890172E-18));
#1922=CARTESIAN_POINT('',(-9.97465998686664E-18,0.,-3.3881317890172E-18));
#1923=CARTESIAN_POINT('',(-0.00494933518262807,0.,-0.0028575));
#1924=CARTESIAN_POINT('',(-0.00476961043983336,-0.00889,-0.00285700269871182));
#1925=CARTESIAN_POINT('',(-0.00482952236880608,-0.0059266667675773,-0.00285764194425133));
#1926=CARTESIAN_POINT('',(-0.00488943061399507,-0.00296333343417793,-0.00285780740148279));
#1927=CARTESIAN_POINT('',(-0.00494933518262807,-7.22600900010682E-19,-0.0028575));
#1928=CARTESIAN_POINT('',(-0.00476961043983336,-0.00889,-0.00285700269871182));
#1929=CARTESIAN_POINT('',(-9.97465998686664E-18,-0.00889,-3.3881317890172E-18));
#1930=CARTESIAN_POINT('',(-0.00991388285776908,0.,7.71248202407013E-5));
#1931=CARTESIAN_POINT('',(-0.00991388285776908,0.,7.71248202407013E-5));
#1932=CARTESIAN_POINT('',(-0.0106357704733299,0.,-0.00564455628978463));
#1933=CARTESIAN_POINT('',(-0.00964282949077452,-0.00889,-0.00583888507492087));
#1934=CARTESIAN_POINT('',(-0.00997301182946697,-0.00592596302015784,-0.00580222128069864));
#1935=CARTESIAN_POINT('',(-0.0103039610162371,-0.0029626022276946,-0.00573854208105831));
#1936=CARTESIAN_POINT('',(-0.0106357704733299,4.0554606468647E-19,-0.00564455628978463));
#1937=CARTESIAN_POINT('',(-0.00964282949077452,-0.00889,-0.00583888507492087));
#1938=CARTESIAN_POINT('',(-0.00991388285776908,-0.00889,7.71248202407013E-5));
#1939=CARTESIAN_POINT('',(-0.00800862706920939,0.,0.000136500493727038));
#1940=CARTESIAN_POINT('',(-0.00800862706920939,0.,0.000136500493727038));
#1941=CARTESIAN_POINT('',(-0.00611504435444712,0.,-0.00592459218848412));
#1942=CARTESIAN_POINT('',(-0.00618062705067393,-0.00889,-0.00578247460175101));
#1943=CARTESIAN_POINT('',(-0.00615876567414695,-0.00592666685641043,-0.00582985877937952));
#1944=CARTESIAN_POINT('',(-0.00613690478667529,-0.00296333351860117,-0.00587723103350544));
#1945=CARTESIAN_POINT('',(-0.00611504435444711,4.75617279273282E-18,-0.00592459218848411));
#1946=CARTESIAN_POINT('',(-0.00618062705067393,-0.00889,-0.00578247460175101));
#1947=CARTESIAN_POINT('',(-0.00800862706920939,-0.00889,0.000136500493727038));
#1948=CARTESIAN_POINT('',(-0.00988386429851373,0.,5.93803619691603E-5));
#1949=CARTESIAN_POINT('',(-0.00988386429851373,0.,5.93803619691603E-5));
#1950=CARTESIAN_POINT('',(-0.00408837261645532,0.,-0.00399329868016635));
#1951=CARTESIAN_POINT('',(-0.00410819176362411,-0.00889,-0.00374625260780783));
#1952=CARTESIAN_POINT('',(-0.00410159539950939,-0.00592671247625147,-0.00383025056894539));
#1953=CARTESIAN_POINT('',(-0.00409498840170516,-0.0029633763288718,-0.00391249794636654));
#1954=CARTESIAN_POINT('',(-0.00408837261645534,-7.68962733081576E-18,-0.00399329868016658));
#1955=CARTESIAN_POINT('',(-0.00410819176362411,-0.00889,-0.00374625260780783));
#1956=CARTESIAN_POINT('',(-0.00988386429851373,-0.00889,5.93803619691603E-5));
#1957=CARTESIAN_POINT('',(-9.75781955236954E-18,0.,-2.12503625807159E-17));
#1958=CARTESIAN_POINT('',(-9.75781955236954E-18,0.,-2.12503625807159E-17));
#1959=CARTESIAN_POINT('',(-0.0019546451191062,0.,-0.00537034332779147));
#1960=CARTESIAN_POINT('',(-0.00181728763770364,-0.00889,-0.00525443753508057));
#1961=CARTESIAN_POINT('',(-0.00186277193885739,-0.0059266667675773,-0.00529343787118998));
#1962=CARTESIAN_POINT('',(-0.0019085579633231,-0.00296333343417793,-0.00533207289650826));
#1963=CARTESIAN_POINT('',(-0.0019546451191062,-7.22599923438747E-19,-0.00537034332779147));
#1964=CARTESIAN_POINT('',(-0.00181728763770364,-0.00889,-0.00525443753508057));
#1965=CARTESIAN_POINT('',(-9.75781955236954E-18,-0.00889,-2.12503625807159E-17));
#1966=CARTESIAN_POINT('',(-0.00764404975177652,0.,-0.00631344002488581));
#1967=CARTESIAN_POINT('',(-0.00764404975177652,0.,-0.00631344002488581));
#1968=CARTESIAN_POINT('',(-0.00451922202413147,0.,-0.0111605224593882));
#1969=CARTESIAN_POINT('',(-0.00363367296680884,-0.00889,-0.0106711367846433));
#1970=CARTESIAN_POINT('',(-0.00391017434523036,-0.00592596302015784,-0.0108552878050645));
#1971=CARTESIAN_POINT('',(-0.00420462833123392,-0.0029626022276946,-0.0110192367447295));
#1972=CARTESIAN_POINT('',(-0.00451922202413147,2.36799367828608E-18,-0.0111605224593882));
#1973=CARTESIAN_POINT('',(-0.00363367296680884,-0.00889,-0.0106711367846433));
#1974=CARTESIAN_POINT('',(-0.00764404975177652,-0.00889,-0.00631344002488581));
#1975=CARTESIAN_POINT('',(-0.00622270508946391,0.,-0.00504328080598543));
#1976=CARTESIAN_POINT('',(-0.00622270508946391,0.,-0.00504328080598543));
#1977=CARTESIAN_POINT('',(-0.000876141295947043,0.,-0.00846917566745659));
#1978=CARTESIAN_POINT('',(-0.00101773197982695,-0.00889,-0.00840246302441466));
#1979=CARTESIAN_POINT('',(-0.000970527231544734,-0.00592666685641043,-0.00842470918841651));
#1980=CARTESIAN_POINT('',(-0.000923330522180349,-0.00296333351860117,-0.00844694653284415));
#1981=CARTESIAN_POINT('',(-0.000876141295947042,-4.60169300298452E-19,-0.00846917566745659));
#1982=CARTESIAN_POINT('',(-0.00101773197982695,-0.00889,-0.00840246302441466));
#1983=CARTESIAN_POINT('',(-0.00622270508946391,-0.00889,-0.00504328080598543));
#1984=CARTESIAN_POINT('',(-0.00760964828335096,0.,-0.0063077375105909));
#1985=CARTESIAN_POINT('',(-0.00760964828335096,0.,-0.0063077375105909));
#1986=CARTESIAN_POINT('',(-0.000565032210846856,0.,-0.005686999525295));
#1987=CARTESIAN_POINT('',(-0.000739012712736646,-0.00889,-0.00551049075660504));
#1988=CARTESIAN_POINT('',(-0.000679966756003621,-0.00592671247625147,-0.00557059686684588));
#1989=CARTESIAN_POINT('',(-0.000622037906914454,-0.0029633763288718,-0.00562935511695466));
#1990=CARTESIAN_POINT('',(-0.000565032210846716,-7.70904111762072E-18,-0.00568699952529518));
#1991=CARTESIAN_POINT('',(-0.000739012712736646,-0.00889,-0.00551049075660504));
#1992=CARTESIAN_POINT('',(-0.00760964828335096,-0.00889,-0.0063077375105909));
#1993=CARTESIAN_POINT('',(3.25260651745651E-18,0.,-4.77048955893622E-18));
#1994=CARTESIAN_POINT('',(3.25260651745651E-18,0.,-4.77048955893622E-18));
#1995=CARTESIAN_POINT('',(0.0019546451191062,0.,-0.00537034332779147));
#1996=CARTESIAN_POINT('',(0.00198536424700998,-0.00889,-0.00519326265221667));
#1997=CARTESIAN_POINT('',(0.00197559018368674,-0.0059266667675773,-0.00525237538818994));
#1998=CARTESIAN_POINT('',(0.00196535016964679,-0.00296333343417793,-0.00531140222386813));
#1999=CARTESIAN_POINT('',(0.00195464511910621,9.8986951166361E-19,-0.00537034332779147));
#2000=CARTESIAN_POINT('',(0.00198536424700998,-0.00889,-0.00519326265221667));
#2001=CARTESIAN_POINT('',(3.25260651745651E-18,-0.00889,-4.77048955893622E-18));
#2002=CARTESIAN_POINT('',(-0.00179748081277774,0.,-0.00974987611629813));
#2003=CARTESIAN_POINT('',(-0.00179748081277774,0.,-0.00974987611629813));
#2004=CARTESIAN_POINT('',(0.00371192063571625,0.,-0.0114543561348531));
#2005=CARTESIAN_POINT('',(0.00407571952210341,-0.00889,-0.0105102449963562));
#2006=CARTESIAN_POINT('',(0.00398227717188677,-0.00592596302015784,-0.0108290445223551));
#2007=CARTESIAN_POINT('',(0.00386209667919237,-0.0029626022276946,-0.0111439080703666));
#2008=CARTESIAN_POINT('',(0.00371192063571626,2.69592131905803E-18,-0.0114543561348531));
#2009=CARTESIAN_POINT('',(0.00407571952210341,-0.00889,-0.0105102449963562));
#2010=CARTESIAN_POINT('',(-0.00179748081277774,-0.00889,-0.00974987611629813));
#2011=CARTESIAN_POINT('',(-0.00152511024069465,0.,-0.00786325496675451));
#2012=CARTESIAN_POINT('',(-0.00152511024069465,0.,-0.00786325496675451));
#2013=CARTESIAN_POINT('',(0.00477271801215253,0.,-0.00705093772722305));
#2014=CARTESIAN_POINT('',(0.00462137119521211,-0.00889,-0.00709084561498004));
#2015=CARTESIAN_POINT('',(0.00467183168890598,-0.00592666685641043,-0.00707754453798019));
#2016=CARTESIAN_POINT('',(0.00472228035531849,-0.00296333351860117,-0.0070642418721113));
#2017=CARTESIAN_POINT('',(0.00477271801215253,-4.37065803597812E-19,-0.00705093772722304));
#2018=CARTESIAN_POINT('',(0.00462137119521211,-0.00889,-0.00709084561498004));
#2019=CARTESIAN_POINT('',(-0.00152511024069465,-0.00889,-0.00786325496675451));
#2020=CARTESIAN_POINT('',(-0.00177479326458802,0.,-0.00972339489925172));
#2021=CARTESIAN_POINT('',(-0.00177479326458802,0.,-0.00972339489925172));
#2022=CARTESIAN_POINT('',(0.00322269304585039,0.,-0.00471969008857865));
#2023=CARTESIAN_POINT('',(0.00297595859965174,-0.00889,-0.00469630903810374));
#2024=CARTESIAN_POINT('',(0.00305982588962498,-0.00592671247625147,-0.00470439898046115));
#2025=CARTESIAN_POINT('',(0.0031419710377028,-0.0029633763288718,-0.00471217446500646));
#2026=CARTESIAN_POINT('',(0.00322269304585061,-7.68978609133224E-18,-0.0047196900885787));
#2027=CARTESIAN_POINT('',(0.00297595859965174,-0.00889,-0.00469630903810374));
#2028=CARTESIAN_POINT('',(-0.00177479326458802,-0.00889,-0.00972339489925172));
#2029=CARTESIAN_POINT('',(7.15573433840433E-18,0.,-4.98732999343332E-18));
#2030=CARTESIAN_POINT('',(7.15573433840433E-18,0.,-4.98732999343332E-18));
#2031=CARTESIAN_POINT('',(0.00494933518262806,0.,-0.0028575));
#2032=CARTESIAN_POINT('',(0.00485904213568182,-0.00889,-0.00270210245769526));
#2033=CARTESIAN_POINT('',(0.00488955170304465,-0.0059266667675773,-0.0027536680874056));
#2034=CARTESIAN_POINT('',(0.00491964911580483,-0.00296333343417793,-0.00280546742101967));
#2035=CARTESIAN_POINT('',(0.00494933518262807,-7.32472809116982E-19,-0.0028575));
#2036=CARTESIAN_POINT('',(0.00485904213568182,-0.00889,-0.00270210245769526));
#2037=CARTESIAN_POINT('',(7.15573433840433E-18,-0.00889,-4.98732999343332E-18));
#2038=CARTESIAN_POINT('',(0.00489014937529378,0.,-0.00862423681509145));
#2039=CARTESIAN_POINT('',(0.00489014937529378,0.,-0.00862423681509145));
#2040=CARTESIAN_POINT('',(0.0102062143767097,0.,-0.00638856927383181));
#2041=CARTESIAN_POINT('',(0.00987803755004653,-0.00889,-0.00543149276591207));
#2042=CARTESIAN_POINT('',(0.0100113769421972,-0.00592596302015784,-0.0057357709562118));
#2043=CARTESIAN_POINT('',(0.0101217037310011,-0.0029626022276946,-0.00605422095913671));
#2044=CARTESIAN_POINT('',(0.0102062143767097,2.70859779580731E-18,-0.00638856927383181));
#2045=CARTESIAN_POINT('',(0.00987803755004653,-0.00889,-0.00543149276591207));
#2046=CARTESIAN_POINT('',(0.00489014937529378,-0.00889,-0.00862423681509145));
#2047=CARTESIAN_POINT('',(0.00388610063940794,0.,-0.00700392473823457));
#2048=CARTESIAN_POINT('',(0.00388610063940794,0.,-0.00700392473823457));
#2049=CARTESIAN_POINT('',(0.00818836951951364,0.,-0.00233348766197776));
#2050=CARTESIAN_POINT('',(0.00809808342719164,-0.00889,-0.00246134273632542));
#2051=CARTESIAN_POINT('',(0.00812818864049188,-0.00592666685641043,-0.0024187181400771));
#2052=CARTESIAN_POINT('',(0.00815828377226363,-0.00296333351860117,-0.0023760999291144));
#2053=CARTESIAN_POINT('',(0.00818836951951364,3.00710818403021E-18,-0.00233348766197776));
#2054=CARTESIAN_POINT('',(0.00809808342719164,-0.00889,-0.00246134273632542));
#2055=CARTESIAN_POINT('',(0.00388610063940794,-0.00889,-0.00700392473823457));
#2056=CARTESIAN_POINT('',(0.00489050724730565,0.,-0.00858936775105552));
#2057=CARTESIAN_POINT('',(0.00489050724730565,0.,-0.00858936775105552));
#2058=CARTESIAN_POINT('',(0.00550248441015059,0.,-0.00154398520590379));
#2059=CARTESIAN_POINT('',(0.00529844580916734,-0.00889,-0.00168467212701257));
#2060=CARTESIAN_POINT('',(0.00536789199532121,-0.00592671247625147,-0.00163696052754783));
#2061=CARTESIAN_POINT('',(0.00543581681466045,-0.0029633763288718,-0.00159011501089603));
#2062=CARTESIAN_POINT('',(0.00550248441015079,-7.67047085534245E-18,-0.00154398520590368));
#2063=CARTESIAN_POINT('',(0.00529844580916734,-0.00889,-0.00168467212701257));
#2064=CARTESIAN_POINT('',(0.00489050724730565,-0.00889,-0.00858936775105552));
#2065=CARTESIAN_POINT('',(2.60208521396521E-18,0.,3.03576608295941E-18));
#2066=CARTESIAN_POINT('',(2.60208521396521E-18,0.,3.03576608295941E-18));
#2067=CARTESIAN_POINT('',(2.60208521396521E-18,-0.00889,3.03576608295941E-18));
#2068=CARTESIAN_POINT('',(0.,0.,1.94412679364643E-19));
#2069=CARTESIAN_POINT('',(0.,0.,1.94412679364643E-19));
#2070=CARTESIAN_POINT('',(0.,0.,-0.003175));
#2071=CARTESIAN_POINT('',(0.,-0.00889,1.94412679364643E-19));
#2072=CARTESIAN_POINT('',(0.,-0.00889,-0.00333017552721185));
#2073=CARTESIAN_POINT('',(7.45916333838165E-5,-0.00889,0.00063741397851904));
#2074=CARTESIAN_POINT('',(2.60208521396521E-18,0.,3.03576608295941E-18));
#2075=CARTESIAN_POINT('',(0.00550248441015059,0.,-0.00154398520590379));
#2076=CARTESIAN_POINT('',(0.00543581681466024,0.0029633763288718,-0.00159011501089614));
#2077=CARTESIAN_POINT('',(0.0053678919953212,0.00592671247625147,-0.00163696052754783));
#2078=CARTESIAN_POINT('',(0.00529844580916733,0.00889,-0.00168467212701257));
#2079=CARTESIAN_POINT('',(0.00529844580916734,0.00889,-0.00168467212701257));
#2080=CARTESIAN_POINT('',(2.60208521396521E-18,0.00889,3.03576608295941E-18));
#2081=CARTESIAN_POINT('',(0.00545912020683008,0.00889,0.00105340150730551));
#2082=CARTESIAN_POINT('',(0.00562817630846477,0.,0.000992399335366501));
#2083=CARTESIAN_POINT('',(0.00557198956486818,0.00296333343417793,0.00101317676742122));
#2084=CARTESIAN_POINT('',(0.00551563763923383,0.0059266667675773,0.00103351111508769));
#2085=CARTESIAN_POINT('',(0.00545912020683008,0.00889,0.00105340150730551));
#2086=CARTESIAN_POINT('',(0.00489050724730565,0.,-0.00858936775105552));
#2087=CARTESIAN_POINT('',(0.00818836951951364,0.,-0.00233348766197776));
#2088=CARTESIAN_POINT('',(0.00815828377226363,0.00296333351860117,-0.0023760999291144));
#2089=CARTESIAN_POINT('',(0.00812818864049188,0.00592666685641043,-0.0024187181400771));
#2090=CARTESIAN_POINT('',(0.00809808342719164,0.00889,-0.00246134273632542));
#2091=CARTESIAN_POINT('',(0.00809808342719164,0.00889,-0.00246134273632542));
#2092=CARTESIAN_POINT('',(0.00489050724730565,0.00889,-0.00858936775105552));
#2093=CARTESIAN_POINT('',(0.00388610063940794,0.,-0.00700392473823457));
#2094=CARTESIAN_POINT('',(0.0102062143767097,0.,-0.00638856927383181));
#2095=CARTESIAN_POINT('',(0.0101217037310011,0.00296260222769461,-0.00605422095913671));
#2096=CARTESIAN_POINT('',(0.0100113769421972,0.00592596302015784,-0.0057357709562118));
#2097=CARTESIAN_POINT('',(0.00987803755004653,0.00889,-0.00543149276591207));
#2098=CARTESIAN_POINT('',(0.00987803755004653,0.00889,-0.00543149276591207));
#2099=CARTESIAN_POINT('',(0.00388610063940794,0.00889,-0.00700392473823457));
#2100=CARTESIAN_POINT('',(0.00489014937529378,0.,-0.00862423681509145));
#2101=CARTESIAN_POINT('',(0.00494933518262806,0.,-0.0028575));
#2102=CARTESIAN_POINT('',(0.00491964911580482,0.00296333343417793,-0.00280546742101967));
#2103=CARTESIAN_POINT('',(0.00488955170304465,0.0059266667675773,-0.0027536680874056));
#2104=CARTESIAN_POINT('',(0.00485904213568182,0.00889,-0.00270210245769526));
#2105=CARTESIAN_POINT('',(0.00485904213568182,0.00889,-0.00270210245769526));
#2106=CARTESIAN_POINT('',(0.00489014937529378,0.00889,-0.00862423681509145));
#2107=CARTESIAN_POINT('',(7.15573433840433E-18,0.,-4.98732999343332E-18));
#2108=CARTESIAN_POINT('',(0.00322269304585039,0.,-0.00471969008857865));
#2109=CARTESIAN_POINT('',(0.00314197103770257,0.0029633763288718,-0.00471217446500641));
#2110=CARTESIAN_POINT('',(0.00305982588962497,0.00592671247625147,-0.00470439898046115));
#2111=CARTESIAN_POINT('',(0.00297595859965173,0.00889,-0.00469630903810374));
#2112=CARTESIAN_POINT('',(0.00297595859965174,0.00889,-0.00469630903810374));
#2113=CARTESIAN_POINT('',(7.15573433840433E-18,0.00889,-4.98732999343332E-18));
#2114=CARTESIAN_POINT('',(-0.00177479326458802,0.,-0.00972339489925172));
#2115=CARTESIAN_POINT('',(0.00477271801215253,0.,-0.00705093772722305));
#2116=CARTESIAN_POINT('',(0.00472228035531849,0.00296333351860117,-0.00706424187211131));
#2117=CARTESIAN_POINT('',(0.00467183168890598,0.00592666685641043,-0.00707754453798019));
#2118=CARTESIAN_POINT('',(0.00462137119521211,0.00889,-0.00709084561498004));
#2119=CARTESIAN_POINT('',(0.00462137119521211,0.00889,-0.00709084561498004));
#2120=CARTESIAN_POINT('',(-0.00177479326458802,0.00889,-0.00972339489925172));
#2121=CARTESIAN_POINT('',(-0.00152511024069465,0.,-0.00786325496675451));
#2122=CARTESIAN_POINT('',(0.00371192063571625,0.,-0.0114543561348531));
#2123=CARTESIAN_POINT('',(0.00386209667919237,0.0029626022276946,-0.0111439080703666));
#2124=CARTESIAN_POINT('',(0.00398227717188677,0.00592596302015784,-0.0108290445223551));
#2125=CARTESIAN_POINT('',(0.00407571952210341,0.00889,-0.0105102449963562));
#2126=CARTESIAN_POINT('',(0.00407571952210341,0.00889,-0.0105102449963562));
#2127=CARTESIAN_POINT('',(-0.00152511024069465,0.00889,-0.00786325496675451));
#2128=CARTESIAN_POINT('',(-0.00179748081277774,0.,-0.00974987611629813));
#2129=CARTESIAN_POINT('',(0.0019546451191062,0.,-0.00537034332779147));
#2130=CARTESIAN_POINT('',(0.00196535016964678,0.00296333343417793,-0.00531140222386813));
#2131=CARTESIAN_POINT('',(0.00197559018368674,0.0059266667675773,-0.00525237538818994));
#2132=CARTESIAN_POINT('',(0.00198536424700998,0.00889,-0.00519326265221667));
#2133=CARTESIAN_POINT('',(0.00198536424700998,0.00889,-0.00519326265221667));
#2134=CARTESIAN_POINT('',(-0.00179748081277774,0.00889,-0.00974987611629813));
#2135=CARTESIAN_POINT('',(3.25260651745651E-18,0.,-4.77048955893622E-18));
#2136=CARTESIAN_POINT('',(-0.000565032210846856,0.,-0.005686999525295));
#2137=CARTESIAN_POINT('',(-0.000622037906914595,0.0029633763288718,-0.00562935511695448));
#2138=CARTESIAN_POINT('',(-0.000679966756003622,0.00592671247625147,-0.00557059686684588));
#2139=CARTESIAN_POINT('',(-0.000739012712736647,0.00889,-0.00551049075660504));
#2140=CARTESIAN_POINT('',(-0.000739012712736646,0.00889,-0.00551049075660504));
#2141=CARTESIAN_POINT('',(3.25260651745651E-18,0.00889,-4.77048955893622E-18));
#2142=CARTESIAN_POINT('',(-0.00760964828335096,0.,-0.0063077375105909));
#2143=CARTESIAN_POINT('',(-0.000876141295947043,0.,-0.00846917566745659));
#2144=CARTESIAN_POINT('',(-0.00092333052218035,0.00296333351860117,-0.00844694653284415));
#2145=CARTESIAN_POINT('',(-0.000970527231544734,0.00592666685641043,-0.00842470918841651));
#2146=CARTESIAN_POINT('',(-0.00101773197982695,0.00889,-0.00840246302441466));
#2147=CARTESIAN_POINT('',(-0.00101773197982695,0.00889,-0.00840246302441466));
#2148=CARTESIAN_POINT('',(-0.00760964828335096,0.00889,-0.0063077375105909));
#2149=CARTESIAN_POINT('',(-0.00622270508946391,0.,-0.00504328080598543));
#2150=CARTESIAN_POINT('',(-0.00451922202413147,0.,-0.0111605224593882));
#2151=CARTESIAN_POINT('',(-0.00420462833123392,0.0029626022276946,-0.0110192367447295));
#2152=CARTESIAN_POINT('',(-0.00391017434523036,0.00592596302015784,-0.0108552878050645));
#2153=CARTESIAN_POINT('',(-0.00363367296680884,0.00889,-0.0106711367846433));
#2154=CARTESIAN_POINT('',(-0.00363367296680884,0.00889,-0.0106711367846433));
#2155=CARTESIAN_POINT('',(-0.00622270508946391,0.00889,-0.00504328080598543));
#2156=CARTESIAN_POINT('',(-0.00764404975177652,0.,-0.00631344002488581));
#2157=CARTESIAN_POINT('',(-0.0019546451191062,0.,-0.00537034332779147));
#2158=CARTESIAN_POINT('',(-0.00190855796332311,0.00296333343417793,-0.00533207289650826));
#2159=CARTESIAN_POINT('',(-0.00186277193885739,0.0059266667675773,-0.00529343787118998));
#2160=CARTESIAN_POINT('',(-0.00181728763770364,0.00889,-0.00525443753508057));
#2161=CARTESIAN_POINT('',(-0.00181728763770364,0.00889,-0.00525443753508057));
#2162=CARTESIAN_POINT('',(-0.00764404975177652,0.00889,-0.00631344002488581));
#2163=CARTESIAN_POINT('',(-9.75781955236954E-18,0.,-2.12503625807159E-17));
#2164=CARTESIAN_POINT('',(-0.00408837261645532,0.,-0.00399329868016635));
#2165=CARTESIAN_POINT('',(-0.00409498840170514,0.0029633763288718,-0.00391249794636631));
#2166=CARTESIAN_POINT('',(-0.00410159539950939,0.00592671247625147,-0.00383025056894539));
#2167=CARTESIAN_POINT('',(-0.00410819176362411,0.00889,-0.00374625260780783));
#2168=CARTESIAN_POINT('',(-0.00410819176362411,0.00889,-0.00374625260780783));
#2169=CARTESIAN_POINT('',(-9.75781955236954E-18,0.00889,-2.12503625807159E-17));
#2170=CARTESIAN_POINT('',(-0.00988386429851373,0.,5.93803619691603E-5));
#2171=CARTESIAN_POINT('',(-0.00611504435444712,0.,-0.00592459218848412));
#2172=CARTESIAN_POINT('',(-0.0061369047866753,0.00296333351860117,-0.00587723103350545));
#2173=CARTESIAN_POINT('',(-0.00615876567414696,0.00592666685641043,-0.00582985877937952));
#2174=CARTESIAN_POINT('',(-0.00618062705067394,0.00889,-0.00578247460175101));
#2175=CARTESIAN_POINT('',(-0.00618062705067393,0.00889,-0.00578247460175101));
#2176=CARTESIAN_POINT('',(-0.00988386429851373,0.00889,5.93803619691603E-5));
#2177=CARTESIAN_POINT('',(-0.00800862706920939,0.,0.000136500493727038));
#2178=CARTESIAN_POINT('',(-0.0106357704733299,0.,-0.00564455628978463));
#2179=CARTESIAN_POINT('',(-0.0103039610162371,0.0029626022276946,-0.00573854208105831));
#2180=CARTESIAN_POINT('',(-0.00997301182946697,0.00592596302015784,-0.00580222128069864));
#2181=CARTESIAN_POINT('',(-0.00964282949077452,0.00889,-0.00583888507492087));
#2182=CARTESIAN_POINT('',(-0.00964282949077452,0.00889,-0.00583888507492087));
#2183=CARTESIAN_POINT('',(-0.00800862706920939,0.00889,0.000136500493727038));
#2184=CARTESIAN_POINT('',(-0.00991388285776908,0.,7.71248202407013E-5));
#2185=CARTESIAN_POINT('',(-0.00494933518262807,0.,-0.0028575));
#2186=CARTESIAN_POINT('',(-0.00488943061399507,0.00296333343417793,-0.00285780740148279));
#2187=CARTESIAN_POINT('',(-0.00482952236880608,0.0059266667675773,-0.00285764194425133));
#2188=CARTESIAN_POINT('',(-0.00476961043983336,0.00889,-0.00285700269871182));
#2189=CARTESIAN_POINT('',(-0.00476961043983336,0.00889,-0.00285700269871182));
#2190=CARTESIAN_POINT('',(-0.00991388285776908,0.00889,7.71248202407013E-5));
#2191=CARTESIAN_POINT('',(-9.97465998686664E-18,0.,-3.3881317890172E-18));
#2192=CARTESIAN_POINT('',(-0.00569871803762393,0.,-0.000431089002016562));
#2193=CARTESIAN_POINT('',(-0.00565184831261118,0.0029633763288718,-0.000364939504102174));
#2194=CARTESIAN_POINT('',(-0.00560404197142945,0.00592671247625147,-0.000297687461341971));
#2195=CARTESIAN_POINT('',(-0.00555510223084616,0.00889,-0.000229101228857296));
#2196=CARTESIAN_POINT('',(-0.00555510223084616,0.00889,-0.000229101228857297));
#2197=CARTESIAN_POINT('',(-9.97465998686664E-18,0.00889,-3.3881317890172E-18));
#2198=CARTESIAN_POINT('',(-0.00753331036148602,0.,0.00639871350322462));
#2199=CARTESIAN_POINT('',(-0.00849265019835355,0.,-0.000607826180012134));
#2200=CARTESIAN_POINT('',(-0.00847895309738539,0.00296333351860117,-0.000557493815442363));
#2201=CARTESIAN_POINT('',(-0.00846524921075965,0.00592666685641043,-0.000507152655807639));
#2202=CARTESIAN_POINT('',(-0.00845153803449228,0.00889,-0.00045680204788132));
#2203=CARTESIAN_POINT('',(-0.00845153803449228,0.00889,-0.00045680204788132));
#2204=CARTESIAN_POINT('',(-0.00753331036148602,0.00889,0.00639871350322462));
#2205=CARTESIAN_POINT('',(-0.00604722343729624,0.,0.00525241169539061));
#2206=CARTESIAN_POINT('',(-0.011775723714635,0.,0.00251256050006458));
#2207=CARTESIAN_POINT('',(-0.0115819558259721,0.0029626022276946,0.00222728019913119));
#2208=CARTESIAN_POINT('',(-0.0113693662410157,0.00592596302015784,0.00196576906541277));
#2209=CARTESIAN_POINT('',(-0.0111399989278944,0.00889,0.00172544585333635));
#2210=CARTESIAN_POINT('',(-0.0111399989278944,0.00889,0.00172544585333635));
#2211=CARTESIAN_POINT('',(-0.00604722343729624,0.00889,0.00525241169539061));
#2212=CARTESIAN_POINT('',(-0.00754489999407648,0.,0.00643160210482969));
#2213=CARTESIAN_POINT('',(-0.00562817630846477,0.,0.00099239933536651));
#2214=CARTESIAN_POINT('',(-0.00558248434041036,0.00296333343417793,0.000953657937687897));
#2215=CARTESIAN_POINT('',(-0.00553648560822801,0.0059266667675773,0.000915276407555086));
#2216=CARTESIAN_POINT('',(-0.00549017950884958,0.00889,0.000877255452432333));
#2217=CARTESIAN_POINT('',(-0.00549017950884958,0.00889,0.000877255452432333));
#2218=CARTESIAN_POINT('',(-0.00754489999407648,0.00889,0.00643160210482969));
#2219=CARTESIAN_POINT('',(8.67361737988404E-19,0.,-3.25260651745652E-19));
#2220=CARTESIAN_POINT('',(-0.00464256995479208,0.,0.00333283201119736));
#2221=CARTESIAN_POINT('',(-0.00456414558474919,0.0029633763288718,0.00335337818798218));
#2222=CARTESIAN_POINT('',(-0.00448429502292872,0.00592671247625147,0.00337416691785097));
#2223=CARTESIAN_POINT('',(-0.00440271862617098,0.00889,0.00339524916125211));
#2224=CARTESIAN_POINT('',(-0.00440271862617098,0.00889,0.00339524916125211));
#2225=CARTESIAN_POINT('',(8.67361737988404E-19,0.00889,-3.25260651745652E-19));
#2226=CARTESIAN_POINT('',(-0.00165783678290025,0.,0.00974401748254202));
#2227=CARTESIAN_POINT('',(-0.00689645062915692,0.,0.00499334845332306));
#2228=CARTESIAN_POINT('',(-0.00685360502076175,0.00296333351860117,0.00502310095471982));
#2229=CARTESIAN_POINT('',(-0.00681074856089251,0.00592666685641043,0.00505285583179058));
#2230=CARTESIAN_POINT('',(-0.00676788044358904,0.00889,0.0050826132609813));
#2231=CARTESIAN_POINT('',(-0.00676788044358904,0.00889,0.0050826132609813));
#2232=CARTESIAN_POINT('',(-0.00165783678290025,0.00889,0.00974401748254202));
#2233=CARTESIAN_POINT('',(-0.00125625675166988,0.,0.00791066109072717));
#2234=CARTESIAN_POINT('',(-0.00740568495727121,0.,0.00949402230793406));
#2235=CARTESIAN_POINT('',(-0.0074406247856337,0.0029626022276946,0.00915093332068507));
#2236=CARTESIAN_POINT('',(-0.00744586783196212,0.00592596302015784,0.00881395421872793));
#2237=CARTESIAN_POINT('',(-0.00742463905935527,0.00889,0.00848242149062286));
#2238=CARTESIAN_POINT('',(-0.00742463905935527,0.00889,0.00848242149062286));
#2239=CARTESIAN_POINT('',(-0.00125625675166988,0.00889,0.00791066109072717));
#2240=CARTESIAN_POINT('',(-0.00164557457093231,0.,0.00977666128527351));
#2241=CARTESIAN_POINT('',(-0.00367353118935857,0.,0.00437794399242496));
#2242=CARTESIAN_POINT('',(-0.00366343160154507,0.00296333343417793,0.00431889612908703));
#2243=CARTESIAN_POINT('',(-0.00365286570037644,0.0059266667675773,0.00425992675610229));
#2244=CARTESIAN_POINT('',(-0.00364183256912644,0.00889,0.00420103602777505));
#2245=CARTESIAN_POINT('',(-0.00364183256912644,0.00889,0.00420103602777505));
#2246=CARTESIAN_POINT('',(-0.00164557457093231,0.00889,0.00977666128527351));
#2247=CARTESIAN_POINT('',(-5.20417042793042E-18,0.,1.12757025938492E-17));
#2248=CARTESIAN_POINT('',(-0.00141411179369527,0.,0.00553728388607013));
#2249=CARTESIAN_POINT('',(-0.0013408284129551,0.0029633763288718,0.00550261295726244));
#2250=CARTESIAN_POINT('',(-0.00126629659581181,0.00592671247625147,0.00546721109649322));
#2251=CARTESIAN_POINT('',(-0.00119025404554323,0.00889,0.00543092473482039));
#2252=CARTESIAN_POINT('',(-0.00119025404554323,0.00889,0.00543092473482039));
#2253=CARTESIAN_POINT('',(-5.20417042793042E-18,0.00889,1.12757025938492E-17));
#2254=CARTESIAN_POINT('',(0.00499335705120806,0.,0.00852998738908637));
#2255=CARTESIAN_POINT('',(-0.00207332516506653,0.,0.00825807985046188));
#2256=CARTESIAN_POINT('',(-0.00202137898558834,0.00296333351860117,0.00825333096261986));
#2257=CARTESIAN_POINT('',(-0.00196942296634493,0.00592666685641043,0.00824857691945663));
#2258=CARTESIAN_POINT('',(-0.00191745637651771,0.00889,0.00824381733807643));
#2259=CARTESIAN_POINT('',(-0.00191745637651771,0.00889,0.00824381733807644));
#2260=CARTESIAN_POINT('',(0.00499335705120806,0.00889,0.00852998738908637));
#2261=CARTESIAN_POINT('',(0.00412252642980142,0.,0.00686742424450753));
#2262=CARTESIAN_POINT('',(0.000429556096620204,0.,0.0120331255636164));
#2263=CARTESIAN_POINT('',(0.000182257285236033,0.0029626022276946,0.011792763040195));
#2264=CARTESIAN_POINT('',(-3.83651127302182E-5,0.00592596302015784,0.0115379922369104));
#2265=CARTESIAN_POINT('',(-0.000235208059272017,0.00889,0.0112703778408329));
#2266=CARTESIAN_POINT('',(-0.000235208059272017,0.00889,0.0112703778408329));
#2267=CARTESIAN_POINT('',(0.00412252642980142,0.00889,0.00686742424450753));
#2268=CARTESIAN_POINT('',(0.0050237334824753,0.,0.00854711199485074));
#2269=CARTESIAN_POINT('',(1.61892774000291E-18,0.,0.005715));
#2270=CARTESIAN_POINT('',(-3.02185018097616E-5,0.00296333343417793,0.00566327482250247));
#2271=CARTESIAN_POINT('',(-6.00293342385723E-5,0.0059266667675773,0.00561131003165693));
#2272=CARTESIAN_POINT('',(-8.94316958484598E-5,0.00889,0.00555910515640707));
#2273=CARTESIAN_POINT('',(-8.94316958484608E-5,0.00889,0.00555910515640707));
#2274=CARTESIAN_POINT('',(0.0050237334824753,0.00889,0.00854711199485074));
#2275=CARTESIAN_POINT('',(1.67682560798986E-18,0.,1.7347234759768E-18));
#2276=CARTESIAN_POINT('',(0.00247602499177354,0.,0.00515077909059521));
#2277=CARTESIAN_POINT('',(0.00250987727490861,0.0029633763288718,0.00507711396910858));
#2278=CARTESIAN_POINT('',(0.00254421608180448,0.00592671247625147,0.00500208644180312));
#2279=CARTESIAN_POINT('',(0.00257914363119443,0.00889,0.00492541026696103));
#2280=CARTESIAN_POINT('',(0.00257914363119443,0.00889,0.00492541026696103));
#2281=CARTESIAN_POINT('',(1.67682560798986E-18,0.00889,1.7347234759768E-18));
#2282=CARTESIAN_POINT('',(0.00930810362607404,0.,0.00332468139602712));
#2283=CARTESIAN_POINT('',(0.00371993218620102,0.,0.00765876390723519));
#2284=CARTESIAN_POINT('',(0.0037566727420669,0.00296333351860117,0.00762173568755368));
#2285=CARTESIAN_POINT('',(0.00379341752185366,0.00592666685641043,0.00758469719378784));
#2286=CARTESIAN_POINT('',(0.00383016683928016,0.00889,0.00754764766286137));
#2287=CARTESIAN_POINT('',(0.00383016683928016,0.00889,0.00754764766286138));
#2288=CARTESIAN_POINT('',(0.00930810362607404,0.00889,0.00332468139602712));
#2289=CARTESIAN_POINT('',(0.00757233367799088,0.,0.0026108432713639));
#2290=CARTESIAN_POINT('',(0.00806380307891878,0.,0.0089417956347885));
#2291=CARTESIAN_POINT('',(0.00771985914677973,0.0029626022276946,0.00891662787123542));
#2292=CARTESIAN_POINT('',(0.00738708906912889,0.00592596302015784,0.00886327545694235));
#2293=CARTESIAN_POINT('',(0.00706427940579102,0.00889,0.0087847991430198));
#2294=CARTESIAN_POINT('',(0.00706427940579102,0.00889,0.0087847991430198));
#2295=CARTESIAN_POINT('',(0.00757233367799088,0.00889,0.0026108432713639));
#2296=CARTESIAN_POINT('',(0.00934238080685421,0.,0.00331827401146845));
#2297=CARTESIAN_POINT('',(0.00367353118935858,0.,0.00437794399242496));
#2298=CARTESIAN_POINT('',(0.00361713417076358,0.00296333343417793,0.00435774428618023));
#2299=CARTESIAN_POINT('',(0.00356089542454127,0.0059266667675773,0.00433709898063485));
#2300=CARTESIAN_POINT('',(0.0035048152618396,0.00889,0.00431600719978434));
#2301=CARTESIAN_POINT('',(0.0035048152618396,0.00889,0.00431600719978434));
#2302=CARTESIAN_POINT('',(0.00934238080685421,0.00889,0.00331827401146845));
#2303=CARTESIAN_POINT('',(8.45677694538693E-18,0.,5.20417042793042E-18));
#2304=CARTESIAN_POINT('',(0.00520760216563894,0.,0.00235416751409764));
#2305=CARTESIAN_POINT('',(0.00518618349166379,0.0029633763288718,0.0022759769289723));
#2306=CARTESIAN_POINT('',(0.00516426177893234,0.00592671247625147,0.0021964299489949));
#2307=CARTESIAN_POINT('',(0.00514173133890762,0.00889,0.00211524159535293));
#2308=CARTESIAN_POINT('',(0.00514173133890762,0.00889,0.00211524159535293));
#2309=CARTESIAN_POINT('',(8.45677694538693E-18,0.00889,5.20417042793042E-18));
#2310=CARTESIAN_POINT('',(0.00926748506625121,0.,-0.00343627997195114));
#2311=CARTESIAN_POINT('',(0.00777259192510396,0.,0.00347582721413354));
#2312=CARTESIAN_POINT('',(0.0077769355429421,0.00296333351860117,0.00342384557812434));
#2313=CARTESIAN_POINT('',(0.00778127579243724,0.00592666685641043,0.00337185335662593));
#2314=CARTESIAN_POINT('',(0.00778561242341599,0.00889,0.00331984976343335));
#2315=CARTESIAN_POINT('',(0.00778561242341599,0.00889,0.00331984976343335));
#2316=CARTESIAN_POINT('',(0.00926748506625121,0.00889,-0.00343627997195114));
#2317=CARTESIAN_POINT('',(0.00747896184113379,0.,-0.00286738028474176));
#2318=CARTESIAN_POINT('',(0.0119249069814027,0.,0.00166650015145411));
#2319=CARTESIAN_POINT('',(0.0116452531168676,0.0029626022276946,0.00186830342404438));
#2320=CARTESIAN_POINT('',(0.0113560421771925,0.00592596302015784,0.00204133358633659));
#2321=CARTESIAN_POINT('',(0.0110583120261641,0.00889,0.00218871529402043));
#2322=CARTESIAN_POINT('',(0.0110583120261641,0.00889,0.00218871529402043));
#2323=CARTESIAN_POINT('',(0.00747896184113379,0.00889,-0.00286738028474176));
#2324=CARTESIAN_POINT('',(0.00928962432270883,0.,-0.00346322126038771));
#2325=CARTESIAN_POINT('',(0.00928962432270883,0.00889,-0.00346322126038771));
#2326=CARTESIAN_POINT('',(7.45916333838165E-5,0.00889,0.00063741397851904));
#2327=CARTESIAN_POINT('',(0.,0.00889,1.94412679364643E-19));
#2328=CARTESIAN_POINT('',(0.,0.00889,-0.00333017552721185));
#2329=CARTESIAN_POINT('',(0.,0.,1.94412679364643E-19));
#2330=MECHANICAL_DESIGN_GEOMETRIC_PRESENTATION_REPRESENTATION('',(#1168),
#2331);
#2331=(
GEOMETRIC_REPRESENTATION_CONTEXT(3)
GLOBAL_UNCERTAINTY_ASSIGNED_CONTEXT((#2332))
GLOBAL_UNIT_ASSIGNED_CONTEXT((#2335,#2334,#2333))
REPRESENTATION_CONTEXT('fin','TOP_LEVEL_ASSEMBLY_PART')
);
#2332=UNCERTAINTY_MEASURE_WITH_UNIT(LENGTH_MEASURE(2.E-5),#2335,
'DISTANCE_ACCURACY_VALUE','Maximum Tolerance applied to model');
#2333=(
NAMED_UNIT(*)
SI_UNIT($,.STERADIAN.)
SOLID_ANGLE_UNIT()
);
#2334=(
NAMED_UNIT(*)
PLANE_ANGLE_UNIT()
SI_UNIT($,.RADIAN.)
);
#2335=(
LENGTH_UNIT()
NAMED_UNIT(*)
SI_UNIT($,.METRE.)
);
#2336=PRODUCT_DEFINITION_SHAPE('','',#2337);
#2337=PRODUCT_DEFINITION('','',#2339,#2338);
#2338=PRODUCT_DEFINITION_CONTEXT('',#2345,'design');
#2339=PRODUCT_DEFINITION_FORMATION_WITH_SPECIFIED_SOURCE('','',#2341,
 .NOT_KNOWN.);
#2340=PRODUCT_RELATED_PRODUCT_CATEGORY('','',(#2341));
#2341=PRODUCT('fin','fin','fin',(#2343));
#2342=PRODUCT_CATEGORY('','');
#2343=PRODUCT_CONTEXT('',#2345,'mechanical');
#2344=APPLICATION_PROTOCOL_DEFINITION('international standard',
'ap242_managed_model_based_3d_engineering',2020,#2345);
#2345=APPLICATION_CONTEXT('managed model based 3d engineering');
ENDSEC;
END-ISO-10303-21;
